project_code,period,h,p50_mo,p80_mo
020100044,2024-07,0.017271304026796774,39.78530056794423,92.37860715224784
020100044,2024-09,0.11894463002681732,5.473591363749387,12.709285567422533
060100093,2024-07,0.0021735892550919234,240.0,240.0
060100093,2024-09,0.006121977232396603,112.87583524038524,240.0
060100093,2024-10,0.0021922877058386803,240.0,240.0
060100093,2024-11,0.0021738281939178705,240.0,240.0
060100093,2024-12,0.002388580469414592,240.0,240.0
060100093,2025-01,0.0012437995144070069,240.0,240.0
060100093,2025-03,0.004119187127798796,167.92599498650583,240.0
060100093,2025-04,0.0046010431833565235,150.30316546064162,240.0
060100093,2025-05,0.004395500756800175,157.3478736320202,240.0
180100210,2024-07,0.007416490676753429,93.11326095387602,216.20229661538315
180100210,2024-09,0.014633947983384132,47.01827423200178,109.17305191240345
180100210,2024-10,0.006443393416702747,107.22791858197392,240.0
180100210,2024-11,0.008880184963345528,77.70840027382594,180.43331780454926
180100210,2024-12,0.01181398332118988,58.32449880279362,135.42529239043083
180100210,2025-01,0.00789313850537987,87.4693905069006,203.09763526064643
180100210,2025-03,0.012243195436894894,56.26760629374651,130.649335885511
180100210,2025-04,0.06874554604291916,9.73210679173025,22.597252182162578
180100221,2024-07,0.005458022364259296,126.64914186305094,240.0
180100221,2024-09,0.0101212402805686,68.1372499402342,158.20979494459203
180100221,2024-10,0.00802827998995781,85.99115297613412,199.66527400704283
180100221,2024-11,0.008478710427880287,81.40442101115863,189.01521219384836
180100221,2024-12,0.008652223274111748,79.76495562614592,185.208491455792
180100221,2025-01,0.004327048100014497,159.84256244185755,240.0
180100221,2025-03,0.02446892485022545,27.979647161635967,64.966728829638
180100221,2025-04,0.03144736588001251,21.69308287848999,50.36977860028592
180100221,2025-05,0.040349096059799194,16.829801131369006,39.077588078292806
180100242,2024-07,0.005681364393183008,121.65674512511835,240.0
180100242,2024-09,0.024776075035333633,27.628449722089446,64.15127362790243
180100242,2024-10,0.008247111923992634,83.70021054103003,194.345870403205
180100242,2024-11,0.008813420310616493,78.29970100966884,181.80627559563044
180100242,2024-12,0.009470858611166477,72.84024116677536,169.12980240350672
180100242,2025-01,0.00529636585123805,130.52534413702406,240.0
180100242,2025-03,0.01162675116211176,59.26933430908713,137.61913249754085
180100242,2025-04,0.013032745569944382,52.83771526982067,122.68537555465561
180100242,2025-05,0.013212037272751331,52.11596615428481,121.00952600583278
220100133,2024-07,0.04234585694258364,16.01964023224828,37.19645272524519
220100133,2024-09,0.12106109410524368,5.371573025226126,12.472406321011643
220100133,2024-10,0.04046586528420448,16.780222699541117,38.96247052453118
220100133,2024-11,0.0427698940038681,15.857328981004285,36.819577670865435
220100133,2024-12,0.04679296165704727,14.463723323065077,33.5837255405024
220100133,2025-01,0.1918167013440233,3.2547256679788834,7.557238969631207
220100133,2025-03,0.3897107243537903,1.4036371064813757,3.2591444325655106
220100133,2025-04,0.5492060780525208,1.0,2.0200163834066376
220100181,2024-07,0.0010410538940217595,240.0,240.0
220100181,2024-09,0.0019019960891455412,240.0,240.0
220100181,2024-10,0.001190578332170844,240.0,240.0
220100181,2024-11,0.0012191173154860735,240.0,240.0
220100181,2024-12,0.0021440600976347923,240.0,240.0
220100181,2025-01,0.000616534622530418,240.0,240.0
220100181,2025-03,0.00280638481490314,240.0,240.0
220100181,2025-04,0.01533049251884222,44.86616168930935,104.17600133616642
220100181,2025-05,0.049222182482481,13.732519255868427,31.885922273782594
220100184,2024-07,0.014565846527429205,47.23973278082197,109.68726273876203
220100184,2024-09,0.04509325325489044,15.022177837764962,34.880416767900755
220100188,2024-07,0.004851298227575018,142.53184478276754,240.0
220100188,2024-09,0.02919154055416584,23.396511341912337,54.32501700713708
220100188,2024-10,0.009165477007627487,75.27876541182381,174.79188035814872
220100188,2024-11,0.007352571468800306,93.92575675318476,218.08885343877608
220100188,2024-12,0.006803841330111027,101.52889114327013,235.7427847883196
220100188,2025-01,0.0035472002325295238,195.06005897314938,240.0
220100188,2025-03,0.007014744449406862,98.4659110638291,228.63076528778515
220100188,2025-04,0.010994069278240204,62.70016030508788,145.5852637663249
220100188,2025-05,0.008371925912797451,82.44717330079271,191.43640803115784
220100232,2024-07,0.00943965840838068,73.08214375338724,169.69148281558677
220100232,2024-09,0.016590556129813194,41.432083073449796,96.20231771795022
220100232,2024-10,0.013590195216238499,50.65611092598262,117.6198471367697
220100232,2024-11,0.015406293794512749,44.64369941462714,103.65945993052927
220100232,2024-12,0.01658816821873188,41.43809750192815,96.21628278840879
220100232,2025-01,0.007882902623177035,87.5834199818411,203.36240350215607
220100232,2025-03,0.02103658951818943,32.60179693586499,75.69902824919764
220100232,2025-04,0.016268284991383553,42.25974711834468,98.12409411691976
220100232,2025-05,0.02371039055287838,28.885940113762228,67.07107589737836
220100240,2024-07,0.009729364408209262,70.89566350839286,164.61463290581813
220100240,2024-09,0.0335734486579895,20.297148852179102,47.128520165985435
220100257,2024-07,0.005824603967994668,118.65640395071684,240.0
220100257,2024-09,0.011866074055433273,58.06693331693479,134.8272438525419
220100257,2024-10,0.0023122290149331093,240.0,240.0
220100257,2024-11,0.002265540650114417,240.0,240.0
220100257,2024-12,0.003817499615252018,181.22419445720325,240.0
220100257,2025-01,0.0019354981609134292,240.0,240.0
220100257,2025-03,0.020156819373369217,34.03997616614255,79.0383770094626
220100257,2025-04,0.0115831159055233,59.493921067362784,138.14060680132079
220100257,2025-05,0.010484816506505013,65.7624323931017,152.6956393616736
220100265,2024-07,0.005390709109269087,128.234932740979,240.0
220100265,2024-09,0.06212437152862549,10.807133463618769,25.093386814373787
220100265,2024-10,0.015843575820326805,43.40191936190668,100.77613593844688
220100265,2024-11,0.016706129536032677,41.14304384722019,95.5311894180432
220100265,2024-12,0.03944314271211624,17.224427369073197,39.99388182659787
220100265,2025-01,0.01770681120591633,38.798188279640215,90.08660339722618
220100265,2025-03,0.12284768372774124,5.288187484823967,12.278791092044505
220100265,2025-04,0.012567452155053616,54.806849012789485,127.25756251504559
220100265,2025-05,0.013069475069642067,52.68824574352165,122.3383180622124
220100272,2024-07,0.0026240018786729546,240.0,240.0
220100272,2024-09,0.009872222319245338,69.86472236996126,162.22086171231862
220100272,2024-10,0.003302574623376131,209.53408878696308,240.0
220100272,2024-11,0.0033976084087044,203.6635503711009,240.0
220100272,2024-12,0.003092270577326417,223.80801121739123,240.0
220100272,2025-01,0.0015083687388800504,240.0,240.0
220100272,2025-03,0.0024478607811033726,240.0,240.0
220100272,2025-04,0.0023849699646234512,240.0,240.0
220100272,2025-05,0.00262521137483418,240.0,240.0
220100284,2024-07,0.003544254024493876,195.22249366240663,240.0
220100284,2024-09,0.009230447933077812,74.74644912386634,173.55588021377412
220100284,2024-10,0.0065085445530712605,106.15108038383092,240.0
220100284,2024-11,0.008836493827402592,78.09434016713524,181.32944248576194
220100284,2024-12,0.0065288180485367775,105.820378098785,240.0
220100284,2025-01,0.0048294296956589156,143.1788266672247,240.0
220100284,2025-03,0.011582378298044205,59.497732011101746,138.1494555386563
220100284,2025-04,0.016395041719079018,41.93032557688469,97.3592009847427
220100284,2025-05,0.018333889544010162,37.45923859715717,86.9776585118283
220100288,2024-07,0.00409555317293453,168.89703781557836,240.0
220100288,2024-09,0.008543725125491619,80.78231760165257,187.57073280939096
220100288,2024-10,0.006694702431559563,103.18970604186234,239.59907756176835
220100288,2024-11,0.006457359530031681,106.99525258283929,240.0
220100288,2024-12,0.008378151804208755,82.38564768613202,191.29354997792194
220100288,2025-01,0.003599106000475305,192.24192780191527,240.0
220100288,2025-03,0.004819618538022041,143.47099829944779,240.0
220100288,2025-04,0.003134336555376649,220.79962432505278,240.0
220100288,2025-05,0.0034482679329812527,200.66637146492133,240.0
220100303,2024-07,0.004529195990321644,152.69294919413915,240.0
220100303,2024-09,0.006759789772331715,102.1927886551174,237.2843070732036
220100303,2024-10,0.001304635894484818,240.0,240.0
220100303,2024-11,0.001277819275856018,240.0,240.0
220100303,2024-12,0.001370049430988729,240.0,240.0
220100303,2025-01,0.0006781114471220429,240.0,240.0
220100303,2025-03,0.0027185098733752966,240.0,240.0
220100303,2025-04,0.0033775190822780132,204.87699543436528,240.0
220100303,2025-05,0.00323287770152092,214.05886944698383,240.0
220100305,2024-07,0.003227903135663457,214.38929319662128,240.0
220100305,2024-09,0.0049001434817910194,141.1076088788168,240.0
220100305,2024-10,0.001493115909397602,240.0,240.0
220100305,2024-11,0.0015305978013202548,240.0,240.0
220100305,2024-12,0.0016311443177983165,240.0,240.0
220100305,2025-01,0.0007672536714935507,240.0,240.0
220100305,2025-03,0.003047406207770109,227.10805374287156,240.0
220100305,2025-04,0.0028340977150946856,240.0,240.0
220100305,2025-05,0.0027259960770606995,240.0,240.0
220100314,2024-07,0.00518121176928954,133.43402769930452,240.0
220100314,2024-09,0.014946685172617435,46.02719898256085,106.87184644657906
220100314,2024-10,0.0033839375246316195,204.48773938252032,240.0
220100314,2024-11,0.0037395250983536243,185.01021719605268,240.0
220100314,2024-12,0.002815295709297061,240.0,240.0
220100314,2025-01,0.0013799673118901623,240.0,240.0
220100314,2025-03,0.00608811667189002,113.50555349690194,240.0
220100314,2025-04,0.006180902011692524,111.79643817055411,240.0
220100314,2025-05,0.005425276234745979,127.41567219920185,240.0
220100328,2024-07,0.0025630134394050152,240.0,240.0
220100328,2024-09,0.004496586509048939,153.80280363614386,240.0
220100328,2024-10,0.0024021603167057037,240.0,240.0
220100328,2024-11,0.002434101887047291,240.0,240.0
220100328,2024-12,0.0030870800837874413,224.18489641296827,240.0
220100328,2025-01,0.001964029093622477,240.0,240.0
220100328,2025-03,0.004711815156042576,146.76146698068203,240.0
220100328,2025-04,0.008705057203769684,79.27872559700948,184.07950029056218
220100328,2025-05,0.010852061212062836,63.52519485506642,147.50093466717283
N02000010,2024-07,0.03793218844163926,17.924517072522747,41.61943977797874
N02000010,2024-09,0.167419895529747,3.7830208878528175,8.78390248305119
N02000027,2024-07,0.004195675636901708,164.8583234459763,240.0
N02000027,2024-09,0.010215208865702152,67.50726387549864,156.74701260149502
N02000028,2024-07,0.0026524251603771143,240.0,240.0
N02000028,2024-09,0.003898759838193655,177.43978145740465,240.0
N02000029,2024-07,0.002960505387354706,233.78462458524223,240.0
N02000029,2024-09,0.008130144327878952,84.90939714813446,197.15351475820228
N04000073,2024-07,0.15926284403747526,3.9956325948263833,9.277571578775072
N04000073,2024-09,0.45238468050956726,1.1510588800947354,2.67267595256155
N04000073,2024-10,0.16217423975467682,3.917300273833028,9.095689561922866
N04000073,2024-11,0.18185698986053467,3.4533362046589913,8.018398354689406
N04000073,2024-12,0.14634771645069122,4.3805937772649095,10.171423763720146
N04000073,2025-01,0.07365148355221174,9.060185195014808,21.037098549187423
N04000073,2025-03,0.16880740225315094,3.748894704576178,8.704663939329885
N04000073,2025-04,0.22054582834243774,2.781920572593229,6.459419535249356
N04000073,2025-05,0.23123016953468323,2.6359047816177172,6.120381367886115
N04000074,2024-07,0.0007748932058260216,240.0,240.0
N04000074,2024-09,0.000782025686930865,240.0,240.0
N04000074,2024-10,0.0006335621001198888,240.0,240.0
N04000074,2024-11,0.002967444248497486,233.23714799645774,240.0
N04000074,2024-12,0.0031928108073771,216.74946892673935,240.0
N04000074,2025-01,0.0013906296605906698,240.0,240.0
N04000074,2025-03,0.0033439681865274906,206.93606036705296,240.0
N04000074,2025-04,0.002787837525829673,240.0,240.0
N04000074,2025-05,0.003185135079547763,217.27264076345105,240.0
N04000075,2024-07,0.020993270307317236,32.66979035685868,75.85690408367039
N04000075,2024-09,0.10388284921646118,6.319484928181961,14.673389599962938
N04000075,2024-10,0.03133513778448105,21.77203212462354,50.55309307295359
N04000075,2024-11,0.03400690481066704,20.0339703966155,46.51743871604325
N04000075,2024-12,0.034080587327480316,19.989898762403616,46.41510755037907
N04000075,2025-01,0.015403776201412644,44.651052918879294,103.67653423864819
N04000075,2025-03,0.11517393589019775,5.664624387134087,13.152850511470742
N04000076,2024-07,0.1030214711704941,6.37532927365334,14.80305615465353
N04000076,2024-09,0.16165746748447418,3.930998865183577,9.127496706040086
N04000076,2024-10,0.057218704372644424,11.764019630312584,27.31520768842923
N04000076,2024-11,0.06220284476876259,10.793052776169356,25.06069247058967
N04000076,2024-12,0.07102733850479126,9.408049799746474,21.84481514813076
N04000076,2025-01,0.03854763441673914,17.632730850437984,40.94193315121909
N04000076,2025-03,0.22147531807422638,2.768661832304668,6.428633693670532
N04000076,2025-04,0.2550184428691864,2.354473609531281,5.466918422641539
N04000076,2025-05,0.2134253829717636,2.8872989290180384,6.704100501625176
N04000077,2024-07,0.003148265169510611,219.82122353645872,240.0
N04000077,2024-09,0.008647925220429897,79.80477187888017,185.30094193164877
N04000077,2024-10,0.007014917209744453,98.4634775327638,228.62511480363486
N04000077,2024-11,0.00812408234924078,84.97301363767542,197.30122767256555
N04000077,2024-12,0.009549625217914581,72.23657724426204,167.72813818195314
N04000077,2025-01,0.003933192131288399,175.88338469272048,240.0
N04000077,2025-03,0.007576710544526577,91.1369069956592,211.6133448343577
N04000077,2025-04,0.0075542982667684555,91.40832504204667,212.2435580217242
N04000077,2025-05,0.010276335291564465,67.10364377552777,155.8098357517114
N04000078,2024-07,0.001791834100179135,240.0,240.0
N04000078,2024-09,0.0031914045102894306,216.84513277981483,240.0
N04000078,2024-10,0.0023516258224844933,240.0,240.0
N04000078,2024-11,0.0028993284795433283,238.724886987458,240.0
N04000078,2024-12,0.003945983946323395,175.31209324812667,240.0
N04000078,2025-01,0.0018922439199279273,240.0,240.0
N04000078,2025-03,0.0038403142243623734,180.14551287606798,240.0
N04000078,2025-04,0.0046102371998131275,150.00272948983175,240.0
N04000078,2025-05,0.011257095262408257,61.2270209423999,142.16474009241523
N04000079,2024-07,0.00522432019728436,132.33013337205034,240.0
N04000079,2024-09,0.04225320741534233,16.05553785296673,37.27980441933097
N04000079,2024-10,0.01170261763036251,58.88284372514623,136.72172915227907
N04000079,2024-11,0.012514472007751465,55.04034779233433,127.79972989139269
N04000079,2024-12,0.011299462988972664,60.99614369695993,141.62865972975797
N04000079,2025-01,0.006822804169295593,101.24574318692632,235.08533559347498
N04000079,2025-03,0.14494359493255615,4.426570891081683,10.278179316013146
N04000079,2025-04,0.1930238902568817,3.2320397921797266,7.504563997256019
N04000079,2025-05,0.18750928342342377,3.3380425789489703,7.75069484599188
N04000080,2024-07,0.01583494048514955,43.42577792278255,100.83153380124817
N04000080,2024-09,0.09683459997177124,6.805597175743441,15.80210728484478
N04000080,2024-10,0.026934191584587097,25.386691897706026,58.946073153532986
N04000080,2024-11,0.028467852622270584,24.000176393489294,55.726683850295245
N04000080,2024-12,0.03575178608298302,19.039087235935202,44.207391554129316
N04000080,2025-01,0.018403242418150056,37.31675876113586,86.64683057761546
N04000080,2025-03,0.07780802249908447,8.55717625431609,19.869147957799534
N04000080,2025-04,0.09987818449735641,6.587275197642668,15.295179350161211
N04000080,2025-05,0.10142320394515991,6.481457411421461,15.049478059395408
N04000081,2024-07,0.02545319301257265,26.884166144027535,62.423100677437176
N04000081,2024-09,0.11059914529323578,5.913859767295167,13.731557142906688
N04000081,2024-10,0.020351029932498932,33.711801497895394,78.27637902722918
N04000081,2024-11,0.027727680280804634,24.650185525565693,57.23595831599678
N04000081,2024-12,0.03144591301679611,21.694101326009637,50.37214336219496
N04000081,2025-01,0.0176558383107005,38.91120627007427,90.34902304444273
N04000081,2025-03,0.14953109622001648,4.279546697447327,9.936799710185376
N04000081,2025-04,0.17699337005615234,3.5584144054424294,8.262382381248687
N04000081,2025-05,0.20640036463737488,2.9983503192751466,6.9619538446394555
N04000082,2024-07,0.000587522989467959,240.0,240.0
N04000082,2024-09,0.005027335602790117,137.52878858056897,240.0
N04000082,2024-10,0.0027951605152338743,240.0,240.0
N04000082,2024-11,0.0015578616876155138,240.0,240.0
N04000082,2024-12,0.00101161515340209,240.0,240.0
N04000082,2025-01,0.0004475352155765,240.0,240.0
N04000082,2025-03,0.0016700909473001957,240.0,240.0
N04000082,2025-04,0.006047611124813557,114.26811430348461,240.0
N04000082,2025-05,0.009086161851882935,75.93892531588581,176.32472418650843
N04000083,2024-07,0.0008052223459693586,240.0,240.0
N04000083,2024-09,0.0015862785512581468,240.0,240.0
N04000083,2024-10,0.001034836401231587,240.0,240.0
N04000083,2024-11,0.001186892157420516,240.0,240.0
N04000083,2024-12,0.0011948120081797242,240.0,240.0
N04000083,2025-01,0.0005989155154544346,240.0,240.0
N04000083,2025-03,0.005095815751701593,135.67594185528966,240.0
N04000083,2025-04,0.005798951722681522,119.18282855593831,240.0
N04000083,2025-05,0.0038799848407506943,178.30008039130448,240.0
N04000085,2024-07,0.015290583921313883,44.98417211153628,104.45001305102464
N04000085,2024-09,0.026287637650966644,26.019688003205076,60.41584459484552
N04000085,2024-10,0.010589811019599438,65.10697105272043,151.17370526032977
N04000085,2024-11,0.013838572427630424,49.74067674872441,115.4942748015738
N04000085,2024-12,0.014670257456600666,46.901040105567745,108.9008427005567
N04000085,2025-01,0.007440660159780399,92.80967273800077,215.49738660766567
N04000085,2025-03,0.1100761815905571,5.943668705681237,13.800771354424068
N04000085,2025-04,0.13447757065296173,4.799457350767098,11.143994862959795
N04000085,2025-05,0.12165583670139313,5.343543052976502,12.407322740946327
N04000086,2024-07,0.06459084650464231,10.380922932962038,24.103756608905076
N04000086,2024-09,0.20199331641197205,3.0719393014685004,7.13282216986837
N04000086,2024-10,0.07439874857664108,8.965612223024467,20.817506908506047
N04000086,2024-11,0.0725017786026001,9.20949560368586,21.383786581939848
N04000086,2024-12,0.07619013637304306,8.746446607916559,20.30862010935373
N04000086,2025-01,0.02563424565638095,26.691816338916112,61.97647826090286
N04000086,2025-03,0.09039262682199478,7.316137439533462,16.987545066910037
N04000087,2024-07,0.012969500338314344,53.0970736497052,123.28758706355396
N04000087,2024-09,0.06376990675926208,10.519123305655686,24.42464793698636
N04000087,2024-10,0.017972445115447044,38.219595275062794,88.74315204439257
N04000087,2024-11,0.020593339577317238,33.31102848263622,77.34581290342618
N04000087,2024-12,0.022048935294151306,31.088902812211746,72.18619687889718
N04000087,2025-01,0.011274900139573552,61.12978428004175,141.93896355423277
N04000087,2025-03,0.09124962985515594,7.244064578193889,16.82019706528676
N04000087,2025-04,0.10399625450372696,6.31220154642254,14.656478111229951
N04000087,2025-05,0.10620538890361786,6.173420703813107,14.334238973742966
N04000088,2024-07,0.01636270130141737,42.01388846218509,97.55322799581155
N04000088,2024-09,0.045154161751270294,15.001439633666486,34.832264149166996
N04000088,2024-10,0.04766947031021118,14.191299225646464,32.95117637498179
N04000088,2024-11,0.05930241197347641,11.3382426100594,26.326584062945933
N04000088,2024-12,0.05749652162194252,11.70546903090306,27.17925740668776
N04000088,2025-01,0.03036447205135795,22.47921761929512,52.19512694132835
N04000088,2025-03,0.12366669625043869,5.250765880860374,12.191900818445692
N04000088,2025-04,0.15222540497779846,4.197318272296922,9.745871219630306
N04000088,2025-05,0.132572740316391,4.87364317391053,11.316249009958874
N04000089,2024-07,0.008575533860634033,80.48138717427207,186.87199399544974
N04000089,2024-09,0.050108324736356735,13.48343168164356,31.307558837102537
N04000089,2024-10,0.009517624974250793,72.4806206917559,168.29478951906233
N04000089,2024-11,0.012073039077222347,57.065541584951646,132.50208425606232
N04000089,2024-12,0.014531085267663002,47.35357280002454,109.95159107767098
N04000089,2025-01,0.006677742375332585,103.45266831141309,240.0
N04000089,2025-03,0.03431933373212814,19.848397535067743,46.08655187516686
N04000090,2024-07,0.0014062998895831846,240.0,240.0
N04000090,2024-09,0.0029838315676897764,231.95429520707472,240.0
N04000090,2024-10,0.005483706947416067,126.0543164383053,240.0
N04000090,2024-11,0.004935160279273987,140.10393480393583,240.0
N04000090,2024-12,0.016400640830397606,41.91589176261727,97.3256867058788
N04000090,2025-01,0.016782889088624797,40.95327468231741,95.0905590625121
N04000090,2025-03,0.0725707933306694,9.200399363547218,21.362665766404092
N04000090,2025-04,0.15154993534088135,4.217659183381208,9.793101352552517
N04000090,2025-05,0.12855206429958344,5.0374377034121105,11.696568129797452
N04000091,2024-07,0.0014134572993456107,240.0,240.0
N04000091,2024-09,0.0029159607365727425,237.361252858262,240.0
N04000091,2024-10,0.0006018904387019575,240.0,240.0
N04000091,2024-11,0.0008124869782477617,240.0,240.0
N04000091,2024-12,0.0009088698425330222,240.0,240.0
N04000091,2025-01,0.0004904655718945827,240.0,240.0
N04000091,2025-03,0.0024183369241654873,240.0,240.0
N04000091,2025-04,0.00206599198281765,240.0,240.0
N04000091,2025-05,0.002412972738966346,240.0,240.0
N04000092,2024-07,0.004400394095882332,157.17251322583564,240.0
N04000092,2024-09,0.015226454474031925,45.175099685999314,104.89333315025907
N04000092,2024-10,0.019573919475078583,35.06405692689595,81.41621889928953
N04000092,2024-11,0.010485202074050903,65.76000135193033,152.68999465887796
N04000092,2024-12,0.010066438466310501,68.51008311066803,159.07548675772827
N04000092,2025-01,0.007321297686925243,94.32845571126475,219.02389146332388
N04000092,2025-03,0.01062026061117649,64.91930416025095,150.73795623022468
N04000092,2025-04,0.017097605392336845,40.19303024239402,93.3253261384721
N04000092,2025-05,0.052275970578193665,12.90970943415386,29.97541703199428
N04000093,2024-07,0.009948558324113121,69.32597718626326,160.969934134305
N04000093,2024-09,0.027157939970493317,25.174654819990145,58.45373830562667
N04000093,2024-10,0.008123029954731464,84.98406750049948,197.32689394721376
N04000093,2024-11,0.006812985520809889,101.39215580111915,235.4252951558152
N04000093,2024-12,0.006555399391800165,105.38988100684394,240.0
N04000093,2025-01,0.004489734387739919,154.03806338872823,240.0
N04000093,2025-03,0.19309215247631073,3.2307654244649995,7.501605007055976
N04000093,2025-04,0.1424700915813446,4.5097637571963824,10.47134716913907
N04000093,2025-05,0.1332481950521469,4.847094545529404,11.254605003840014
N04000094,2024-07,0.0970567490137757,6.789199212807083,15.76403239400393
N04000094,2024-09,0.10300792753696442,6.376214776505475,14.805112228604008
N04000094,2024-10,0.03049483895301819,22.381620884777433,51.96851434148247
N04000094,2024-11,0.03884947672486305,17.493004266560288,40.61749807051083
N04000094,2024-12,0.047490194439888,14.246201335159991,33.078655125529835
N04000094,2025-01,0.03266594907816589,20.87076544468518,48.46041664781885
N04000094,2025-03,0.0611298531293869,10.988714017473317,25.51500380385387
N04000094,2025-04,0.06206909194588661,10.817073810824342,25.116467585823344
N04000094,2025-05,0.053685542196035385,12.56148408577473,29.166862812240836
N04000095,2024-07,0.001077630987428413,240.0,240.0
N04000095,2024-09,0.002272049430757761,240.0,240.0
N04000095,2024-10,0.0019311861833557487,240.0,240.0
N04000095,2024-11,0.0021753511391580105,240.0,240.0
N04000095,2024-12,0.0022949848789721727,240.0,240.0
N04000095,2025-01,0.0010782267447375649,240.0,240.0
N04000095,2025-03,0.004953781142830849,139.57599052180416,240.0
N04000095,2025-04,0.008466732688248158,81.52007411643471,189.2837503882498
N04000095,2025-05,0.004289499018341303,161.24481796762382,240.0
N04000096,2024-07,0.008959478548929645,77.01758540372472,178.82929534929528
N04000096,2024-09,0.03257780149579048,20.92818484096238,48.59374035722635
N04000096,2024-10,0.012339516542851925,55.82567014123478,129.6231919168476
N04000096,2024-11,0.014401477761566639,47.78287013304879,110.94838861628023
N04000096,2024-12,0.01901261880993843,36.1095352020234,83.84374427890234
N04000096,2025-01,0.012709171532045427,54.19181934163388,125.82950784240006
N04000096,2025-03,0.049340810626745224,13.69865523820241,31.80729245975811
N04000096,2025-04,0.06812767684459686,9.823588808434886,22.80966684692603
N04000096,2025-05,0.11320622265338898,5.769360089238751,13.396039280725317
N04000098,2024-07,0.30946227922928027,1.8719304877340137,4.34648799114581
N04000098,2024-09,0.4173184633255005,1.283333796657708,2.9798087975779977
N04000098,2024-10,0.19062963128089905,3.277312457470336,7.609683870724717
N04000098,2024-11,0.19783391058444977,3.1443859687935705,7.301038122111408
N04000098,2024-12,0.18800868093967438,3.3281880528805448,7.7278133450518025
N04000098,2025-01,0.08849051391998985,7.481086443518096,17.370544793485646
N04000098,2025-03,0.16361139714717865,3.8796577967645542,9.008286436856423
N04000098,2025-04,0.2165607213973999,2.84004873639285,6.594388951879911
N04000098,2025-05,0.2510617673397064,2.397613770172731,5.567086773652876
N04000099,2024-07,0.0004925496738077406,240.0,240.0
N04000099,2024-09,0.0004507661215029657,240.0,240.0
N04000099,2024-10,0.0002434634807286784,240.0,240.0
N04000099,2024-11,0.0002901896077673882,240.0,240.0
N04000099,2024-12,0.0003046928613912314,240.0,240.0
N04000099,2025-01,0.00015620644834757336,240.0,240.0
N04000099,2025-03,0.0007961424998939037,240.0,240.0
N04000099,2025-04,0.0008723662467673421,240.0,240.0
N04000099,2025-05,0.0008936848607845604,240.0,240.0
N04000100,2024-07,0.0001813855554809729,240.0,240.0
N04000100,2024-09,0.0007076375768519938,240.0,240.0
N04000100,2024-10,0.0001844613580033183,240.0,240.0
N04000100,2024-11,0.0001296514819841832,240.0,240.0
N04000100,2024-12,0.0001981163804885,240.0,240.0
N04000100,2025-01,0.00011763335287851007,240.0,240.0
N04000100,2025-03,0.00048723528743721545,240.0,240.0
N04000100,2025-04,0.0006101668113842607,240.0,240.0
N04000100,2025-05,0.0005919649847783148,240.0,240.0
N04000101,2024-07,0.0003494516697529759,240.0,240.0
N04000101,2024-09,0.0009495576377958059,240.0,240.0
N04000101,2024-10,0.0004323877801652998,240.0,240.0
N04000101,2024-11,0.0005086675519123673,240.0,240.0
N04000101,2024-12,0.0004082481609657407,240.0,240.0
N04000101,2025-01,0.00019319680690310648,240.0,240.0
N04000101,2025-03,0.00014827342238277197,240.0,240.0
N04000101,2025-04,0.00021221530914772302,240.0,240.0
N04000101,2025-05,0.0003300869429949671,240.0,240.0
N04000102,2024-07,0.0006116793338346582,240.0,240.0
N04000102,2024-09,0.0028499853797256947,240.0,240.0
N04000102,2024-10,0.0012457934208214283,240.0,240.0
N04000102,2024-11,0.0010541315423324704,240.0,240.0
N04000102,2024-12,0.0014774027513340116,240.0,240.0
N04000102,2025-01,0.001337497292870804,240.0,240.0
N04000102,2025-03,0.0046479483135044575,148.7828665488868,240.0
N04000102,2025-04,0.014890708029270172,46.201533801176424,107.27663935983965
N04000102,2025-05,0.02726125903427601,25.07791823944448,58.229122921454355
N04000103,2024-07,0.00037541235317350985,240.0,240.0
N04000103,2024-09,0.0012635050807148218,240.0,240.0
N04000103,2024-10,0.0008630969095975161,240.0,240.0
N04000103,2024-11,0.0009668390266597271,240.0,240.0
N04000103,2024-12,0.0011429970618337393,240.0,240.0
N04000103,2025-01,0.0007728913503383117,240.0,240.0
N04000103,2025-03,0.0017250009113922715,240.0,240.0
N04000103,2025-04,0.001804623520001769,240.0,240.0
N04000103,2025-05,0.0018365976866334677,240.0,240.0
N04000104,2024-07,0.0003172897426761967,240.0,240.0
N04000104,2024-09,0.00046382314758375287,240.0,240.0
N04000104,2024-10,0.00029178455588407815,240.0,240.0
N04000104,2024-11,0.00044121633982285857,240.0,240.0
N04000104,2024-12,0.00039263180224224925,240.0,240.0
N04000104,2025-01,0.0001999786923508884,240.0,240.0
N04000104,2025-03,0.0006567247910425067,240.0,240.0
N04000104,2025-04,0.0007223199354484677,240.0,240.0
N04000104,2025-05,0.000825223745778203,240.0,240.0
N04000105,2024-07,0.0006921827201141761,240.0,240.0
N04000105,2024-09,0.0019961027428507805,240.0,240.0
N04000105,2024-10,0.0012989845126867294,240.0,240.0
N04000105,2024-11,0.0006660012295469642,240.0,240.0
N04000105,2024-12,0.0006499227019958198,240.0,240.0
N04000105,2025-01,0.0003102632993586818,240.0,240.0
N04000105,2025-03,0.0009288834990002215,240.0,240.0
N04000105,2025-04,0.0009290401358157396,240.0,240.0
N04000105,2025-05,0.0010063315276056528,240.0,240.0
N04000106,2024-07,0.0010745019854384585,240.0,240.0
N04000106,2024-09,0.002705962862819433,240.0,240.0
N04000106,2024-10,0.001468792324885726,240.0,240.0
N04000106,2024-11,0.0012330672470852733,240.0,240.0
N04000106,2024-12,0.00164510786999017,240.0,240.0
N04000106,2025-01,0.0008344386044497609,240.0,240.0
N04000106,2025-03,0.0017324258806183934,240.0,240.0
N04000106,2025-04,0.001793552073650062,240.0,240.0
N04000106,2025-05,0.0014233968686312437,240.0,240.0
N04000107,2024-07,0.0003700595605580226,240.0,240.0
N04000107,2024-09,0.0006605853559449315,240.0,240.0
N04000107,2024-10,0.0004900257335975766,240.0,240.0
N04000107,2024-11,0.00026322476333007216,240.0,240.0
N04000107,2024-12,0.0003566180821508169,240.0,240.0
N04000107,2025-01,0.00013488684136075957,240.0,240.0
N04000107,2025-03,0.0004072084557265043,240.0,240.0
N04000107,2025-04,0.00046026401105336845,240.0,240.0
N04000107,2025-05,0.0004876914026681334,240.0,240.0
N04000108,2024-07,0.0007046183915531135,240.0,240.0
N04000108,2024-09,0.001626789104193449,240.0,240.0
N04000108,2024-10,0.000872179283760488,240.0,240.0
N04000108,2024-11,0.0009770119795575738,240.0,240.0
N04000108,2024-12,0.0006792341591790318,240.0,240.0
N04000108,2025-01,0.0003396747690639357,240.0,240.0
N04000108,2025-03,0.0007252461509779096,240.0,240.0
N04000108,2025-04,0.0007168073207139969,240.0,240.0
N04000108,2025-05,0.0007812741678208113,240.0,240.0
N04000109,2024-07,0.0010605448376684867,240.0,240.0
N04000109,2024-09,0.0009305545245297253,240.0,240.0
N04000109,2024-10,0.0006688983412459493,240.0,240.0
N04000109,2024-11,0.00043889760854654014,240.0,240.0
N04000109,2024-12,0.00048516091192141175,240.0,240.0
N04000109,2025-01,0.0002582040432121957,240.0,240.0
N04000109,2025-03,0.0010406511137261987,240.0,240.0
N04000109,2025-04,0.000988935586065054,240.0,240.0
N04000109,2025-05,0.0009724373812787235,240.0,240.0
N04000110,2024-07,0.0006207931102305553,240.0,240.0
N04000110,2024-09,0.003136119106784463,220.67392593791928,240.0
N04000110,2024-10,0.0008995450334623456,240.0,240.0
N04000110,2024-11,0.0008741794154047966,240.0,240.0
N04000110,2024-12,0.0007519503124058247,240.0,240.0
N04000110,2025-01,0.0004775679330396576,240.0,240.0
N04000110,2025-03,0.0013141637900844216,240.0,240.0
N04000110,2025-04,0.0011204894399270415,240.0,240.0
N04000110,2025-05,0.0013989938888698816,240.0,240.0
N04000111,2024-07,0.0007177618903113636,240.0,240.0
N04000111,2024-09,0.0029791854321956635,232.3165764212815,240.0
N04000111,2024-10,0.0020060883834958076,240.0,240.0
N04000111,2024-11,0.0020954918581992388,240.0,240.0
N04000111,2024-12,0.002072388306260109,240.0,240.0
N04000111,2025-01,0.000835455351685721,240.0,240.0
N04000111,2025-03,0.0012115269200876355,240.0,240.0
N04000111,2025-04,0.001380822155624628,240.0,240.0
N04000111,2025-05,0.0012733017792925239,240.0,240.0
N04000112,2024-09,0.0009562092018313706,240.0,240.0
N04000112,2024-10,0.0022449807729572058,240.0,240.0
N04000112,2024-11,0.0006940858438611031,240.0,240.0
N04000112,2024-12,0.0007769694784656167,240.0,240.0
N04000112,2025-01,0.0002971147358815651,240.0,240.0
N04000112,2025-03,0.00048586944467388093,240.0,240.0
N04000112,2025-04,0.0005379327922128141,240.0,240.0
N04000112,2025-05,0.0005294280126690865,240.0,240.0
N04000113,2024-09,0.001236851909197867,240.0,240.0
N04000113,2024-10,0.002846147632226348,240.0,240.0
N04000113,2024-11,0.0008086937014013529,240.0,240.0
N04000113,2024-12,0.0017221284797415137,240.0,240.0
N04000113,2025-01,0.000334546720750839,240.0,240.0
N04000113,2025-03,0.0006345317233353853,240.0,240.0
N04000113,2025-04,0.0009453880484215915,240.0,240.0
N04000113,2025-05,0.000957890588324517,240.0,240.0
N04000114,2024-09,0.0009512651013210416,240.0,240.0
N04000114,2024-10,0.0035444987006485462,195.20899353394222,240.0
N04000114,2024-11,0.0006088149966672063,240.0,240.0
N04000114,2024-12,0.0005862410762347281,240.0,240.0
N04000114,2025-01,0.00028990575485110526,240.0,240.0
N04000114,2025-03,0.0005520838312804699,240.0,240.0
N04000114,2025-04,0.0008102409774437547,240.0,240.0
N04000114,2025-05,0.000733240507543087,240.0,240.0
N04000115,2024-10,0.0006844403105787933,240.0,240.0
N04000115,2024-11,0.000936390832066536,240.0,240.0
N04000115,2024-12,0.0005737371975556016,240.0,240.0
N04000115,2025-01,0.0003193303961287475,240.0,240.0
N04000115,2025-03,0.0006048684590496123,240.0,240.0
N04000115,2025-04,0.000267944298684597,240.0,240.0
N04000115,2025-05,0.0005313392030075192,240.0,240.0
N06000008,2024-07,0.002686270126922574,240.0,240.0
N06000008,2024-09,0.005410491488873959,127.7647978990473,240.0
N06000008,2024-10,0.0024834764190018177,240.0,240.0
N06000008,2024-11,0.00274587981402874,240.0,240.0
N06000008,2024-12,0.003773385426029563,183.34692132244768,240.0
N06000008,2025-01,0.0021169065740871407,240.0,240.0
N06000045,2024-07,0.0031803062643858127,217.60306326184065,240.0
N06000045,2024-09,0.020976625382900238,32.695990752338965,75.91773951803322
N06000045,2024-10,0.008026662282645702,86.00855381797419,199.70567751058599
N06000045,2024-11,0.009253300726413727,74.56098990781668,173.1252572495726
N06000045,2024-12,0.0065624588169157505,105.27613645170871,240.0
N06000045,2025-01,0.003611888155536591,191.56037252658115,240.0
N06000045,2025-03,0.021891480311751366,31.315021770777385,72.71122884157741
N06000045,2025-04,0.01741761714220047,39.44816394778049,91.59580016207428
N06000045,2025-05,0.029409198090434074,23.22076310467618,53.91694223747152
N06000076,2024-07,0.004758311976116869,145.32396526716786,240.0
N06000083,2024-07,0.005585863606632935,123.74263123643686,240.0
N06000083,2024-09,0.030341312289237976,22.496643464188576,52.235588500163615
N06000087,2024-07,0.005958864228903904,115.9751106725701,240.0
N06000087,2024-09,0.05885343998670578,11.427436415503944,26.53368566569754
N06000087,2024-10,0.013185307383537292,52.22232385982893,121.25648095044345
N06000087,2024-11,0.015335877425968647,44.850285451948686,104.13913785459759
N06000087,2024-12,0.014060248620808125,48.95096724255885,113.66062611240835
N06000087,2025-01,0.006715946825546548,102.86218974172577,238.8386082629477
N06000087,2025-03,0.011574901640415192,59.53638853592912,138.2392132097037
N06000087,2025-04,0.01741744764149189,39.448551236545896,91.5966994187395
N06000087,2025-05,0.01580841839313507,43.49921875446802,101.00205813165054
N06000088,2024-07,0.0020131049384277677,240.0,240.0
N06000096,2024-07,0.007776938722761861,88.78151370876775,206.14429098701532
N06000096,2024-09,0.07583814114332199,8.788694203725736,20.406715989004503
N06000096,2024-10,0.015959257259964943,43.084792841517874,100.03979096112226
N06000096,2024-11,0.0031684902496635914,218.41584798211687,240.0
N06000096,2024-12,0.003233684692531824,214.00536281791062,240.0
N06000096,2025-01,0.0016300565435460879,240.0,240.0
N06000096,2025-03,0.00645985035225749,106.95386288194325,240.0
N06000096,2025-04,0.008640195243060589,79.8764804269791,185.46744402412327
N06000096,2025-05,0.00993966031819582,69.38834924406461,161.11475756764992
N06000098,2024-07,0.0031790676249970895,217.68798170110878,240.0
N06000098,2024-09,0.011157499626278877,61.77665944243533,143.44096116767926
N06000098,2024-10,0.004274572245776653,161.80909556530656,240.0
N06000098,2024-11,0.0048220520839095116,143.39841757764094,240.0
N06000098,2024-12,0.006100640632212162,113.27182584988878,240.0
N06000098,2025-01,0.004895052175576509,141.25473487945794,240.0
N06000098,2025-03,0.014757704921066761,46.62106199593894,108.2507536618561
N06000098,2025-04,0.01313603576272726,52.419508953390434,121.71433055907688
N06000098,2025-05,0.013277423568069935,51.85760035376746,120.40961919485348
N06000104,2024-07,0.004017859989697392,172.1697032315945,240.0
N06000104,2024-09,0.01137618999928236,60.58240722968366,140.66799340250975
N06000104,2024-10,0.007110352162271738,97.13724071580019,225.54568827785306
N06000104,2024-11,0.00840065535157919,82.16402326150362,190.77895399986403
N06000104,2024-12,0.013934113085269928,49.39723732848669,114.696833162832
N06000104,2025-01,0.01088378108250232,63.33904223432299,147.06870166713176
N06000104,2025-03,0.008850461803376675,77.97054152377908,181.04199093764433
N06000104,2025-04,0.01487297285348177,46.2570418499449,107.40552505776755
N06000104,2025-05,0.016060223802924156,42.811739116312346,99.40577984515389
N06000112,2024-07,0.0020904990153526315,240.0,240.0
N06000112,2024-09,0.00996557716280222,69.20699103951921,160.69365685727757
N06000112,2024-10,0.004254534374922514,162.57281351280153,240.0
N06000112,2024-11,0.005014536436647177,137.88070488267547,240.0
N06000112,2024-12,0.006398599129170179,107.98101406815263,240.0
N06000112,2025-01,0.0024578156049372968,240.0,240.0
N06000112,2025-03,0.02855018712580204,23.92995427295092,55.56363313573462
N06000112,2025-04,0.036574508994817734,18.602921145278966,43.19464525419742
N06000112,2025-05,0.02657260186970234,25.736903167019225,59.75923853889747
N06000113,2024-07,0.0008864338550353956,240.0,240.0
N06000113,2024-09,0.004680503159761429,147.74560550373423,240.0
N06000113,2024-10,0.0010100756771862507,240.0,240.0
N06000113,2024-11,0.0019943471997976303,240.0,240.0
N06000113,2024-12,0.0015200915513560176,240.0,240.0
N06000113,2025-01,0.0007021718324817794,240.0,240.0
N06000113,2025-03,0.001351870596408844,240.0,240.0
N06000113,2025-04,0.0012506161583587527,240.0,240.0
N06000113,2025-05,0.0018281900556758046,240.0,240.0
N06000117,2024-07,0.0008033897171703108,240.0,240.0
N06000117,2024-09,0.005465966183692217,126.4645750304826,240.0
N06000117,2024-10,0.0011480696266517043,240.0,240.0
N06000117,2024-11,0.0013922976795583963,240.0,240.0
N06000117,2024-12,0.0013607239816337824,240.0,240.0
N06000117,2025-01,0.0016614251703167549,240.0,240.0
N06000122,2024-07,0.0038896400770646045,177.85662547708154,240.0
N06000123,2024-07,0.0066870418409646915,103.30831678485653,239.87448317828205
N06000123,2024-09,0.04503799229860306,15.041041682837633,34.924217259752595
N06000123,2024-10,0.00965755246579647,71.42541723769509,165.84468297325634
N06000123,2024-11,0.010638067498803139,64.81005460034964,150.48428660773578
N06000123,2024-12,0.006667926907539368,103.60546628514103,240.0
N06000123,2025-01,0.007773830949584948,88.81714513537719,206.2270245975207
N06000123,2025-03,0.023878568783402443,28.680034006547714,66.5929767221281
N06000123,2025-04,0.027813049033284187,24.573450973483094,57.057786203667604
N06000123,2025-05,0.03067081794142723,22.251193288586613,51.66567084153838
N06000124,2024-07,0.002280565448303018,240.0,240.0
N06000125,2024-07,0.0012513486872930413,240.0,240.0
N06000125,2024-09,0.002745306584984064,240.0,240.0
N06000125,2024-10,0.001168533693999052,240.0,240.0
N06000125,2024-11,0.001386930700391531,240.0,240.0
N06000125,2024-12,0.0014950792538002133,240.0,240.0
N06000125,2025-01,0.0007239012285774615,240.0,240.0
N06000125,2025-03,0.001975472318008542,240.0,240.0
N06000125,2025-04,0.0022998005151748657,240.0,240.0
N06000125,2025-05,0.0026704559568315744,240.0,240.0
N06000126,2024-07,0.03263268393642649,20.892397941131748,48.51064574908069
N06000126,2024-09,0.18116328120231628,3.467980005739264,8.052400207833633
N06000126,2024-10,0.03553701937198639,19.15626935851465,44.47948001676507
N06000126,2024-11,0.039685044437646866,17.11729393638498,39.74512569933737
N06000126,2024-12,0.03978235274553299,17.074565446970865,39.64591321931464
N06000126,2025-01,0.016822265798264735,40.85659748290065,94.86608155705132
N06000132,2024-07,0.0018213457307049152,240.0,240.0
N06000132,2024-09,0.021325701847672462,32.15508249204665,74.66178943170387
N06000132,2024-10,0.0035733331460505724,193.63098555661972,240.0
N06000132,2024-11,0.003905500518158078,177.13293116679242,240.0
N06000132,2024-12,0.004141762852668762,167.00878022736572,240.0
N06000132,2025-01,0.004311998578691689,160.40164828307385,240.0
N06000132,2025-03,0.022817984223365784,30.029324258117494,69.72593166540561
N06000132,2025-04,0.02460567094385624,27.82220805106318,64.60116653556496
N06000132,2025-05,0.02833208441734314,24.1168628206051,55.99762134370746
N06000134,2024-07,0.004022574204624818,171.96752398961885,240.0
N06000135,2024-07,0.003193427574492924,216.70753970650867,240.0
N06000135,2024-09,0.014207283966243267,48.44075546547265,112.47595105284948
N06000135,2024-10,0.003910603001713753,176.90135855138814,240.0
N06000135,2024-11,0.0033892598003149033,204.16608013099238,240.0
N06000135,2024-12,0.004654160235077143,148.58382231986286,240.0
N06000135,2025-01,0.002276869687805161,240.0,240.0
N06000135,2025-03,0.004639632534235716,149.0501575410713,240.0
N06000135,2025-04,0.004509197548031807,153.37168693142817,240.0
N06000135,2025-05,0.007445972412824631,92.74321074763857,215.34306664500156
N06000136,2024-07,0.0021080962772180856,240.0,240.0
N06000140,2024-07,0.00242162692334269,240.0,240.0
N06000143,2024-07,0.0019363166317104552,240.0,240.0
N06000148,2024-07,0.001316478321442771,240.0,240.0
N06000148,2024-09,0.007724467199295759,89.3869578981546,207.550088860239
N06000148,2024-10,0.003612127620726824,191.54765007090444,240.0
N06000148,2024-11,0.003737908788025379,185.09036757221708,240.0
N06000148,2024-12,0.0038160306867212057,181.2940877974296,240.0
N06000148,2025-01,0.001928021145742198,240.0,240.0
N06000148,2025-03,0.008898736909031868,77.54567034592759,180.0554706130831
N06000148,2025-04,0.007342523895204067,94.05476099840442,218.38839202011138
N06000148,2025-05,0.010561461560428143,65.28266714306518,151.58165894866315
N06000152,2024-07,0.0025739972645251186,240.0,240.0
N06000152,2024-09,0.0030397740192711353,227.67914201109642,240.0
N06000152,2024-10,0.0037948000244796276,182.31031022456813,240.0
N06000152,2024-11,0.007435259874910116,92.87733344420575,215.65448990232295
N06000152,2024-12,0.007074317894876003,97.63379565804678,226.69865314891058
N06000152,2025-01,0.0031206330631203816,221.77073502985894,240.0
N06000152,2025-03,0.006595039740204811,104.75433363722864,240.0
N06000152,2025-04,0.008208140730857849,84.0992583688083,195.2724307657271
N06000152,2025-05,0.01035379245877266,66.59903681076862,154.6381746633613
N06000154,2024-07,0.03169419489514358,21.521412676633595,49.97117273554057
N06000154,2024-09,0.06522532552480698,10.276494566603139,23.861281451153157
N06000154,2024-10,0.020414507016539574,33.60589259051231,78.03046615967757
N06000154,2024-11,0.02769511006772518,24.679586248519577,57.3042246806334
N06000154,2024-12,0.02194041945040226,31.24439334959206,72.54723472612966
N06000154,2025-01,0.012608030160733752,54.62933710661099,126.84539263291275
N06000154,2025-03,0.05360047519207001,12.581980157402919,29.214453216789156
N06000154,2025-04,0.05635250732302666,11.95027747785197,27.747685017524176
N06000154,2025-05,0.06292961537837982,10.664314242830349,24.761770853135232
N06000157,2024-07,0.0069850243021369884,98.88634564349023,229.6069841503625
N06000157,2024-09,0.02393733523786068,28.608766420695858,66.42749851228388
N06000157,2024-10,0.006009378004819155,114.99732519018409,240.0
N06000157,2024-11,0.007077761925756931,97.58611812221963,226.58794933897852
N06000158,2024-07,0.001975890734656427,240.0,240.0
N06000161,2024-07,0.0014137149414060746,240.0,240.0
N06000161,2024-09,0.00356192491017282,194.2522638036503,240.0
N06000161,2024-10,0.0025305587332695723,240.0,240.0
N06000161,2024-11,0.005348225589841604,129.25632222611432,240.0
N06000161,2024-12,0.0055262683890759945,125.08081480797408,240.0
N06000161,2025-01,0.0022691680721548257,240.0,240.0
N06000161,2025-03,0.0038354317657649517,180.3752777015512,240.0
N06000161,2025-04,0.0035191301722079515,196.61870761148037,240.0
N06000161,2025-05,0.0054434193298220634,126.98983434455138,240.0
N06000162,2024-07,0.003412649728633088,202.7643700510417,240.0
N06000162,2024-09,0.006314367521554232,109.42607867307636,240.0
N06000162,2024-10,0.005206759087741375,132.77762110252635,240.0
N06000162,2024-11,0.00564914895221591,122.3524980463752,240.0
N06000162,2024-12,0.021144457161426544,32.43369944822231,75.30871796996013
N06000162,2025-01,0.009063057645499306,76.13340055447892,176.77628170675771
N06000163,2024-07,0.0037504544735542655,184.47005901827353,240.0
N06000163,2024-09,0.006583185400813818,104.94359017751033,240.0
N06000163,2024-10,0.004596195183694363,150.4620691710515,240.0
N06000163,2024-11,0.004965895786881447,139.23463840749716,240.0
N06000163,2024-12,0.00556701747700572,124.16271496010968,240.0
N06000163,2025-01,0.002661154355440676,240.0,240.0
N06000163,2025-03,0.009266498498618603,74.45430158571756,172.8775346370943
N06000163,2025-04,0.011316901072859764,60.90161937278923,141.40918104581576
N06000163,2025-05,0.009025245904922485,76.45382182041499,177.520276846334
N06000164,2024-07,0.001894424432809072,240.0,240.0
N06000164,2024-09,0.010478134267032146,65.804592987108,152.79353322939397
N06000164,2024-10,0.005422238260507584,127.4872552436945,240.0
N06000164,2024-11,0.005638279486447573,122.58903837380355,240.0
N06000164,2024-12,0.0076030557975173,90.8199056823685,210.87729057891184
N06000164,2025-01,0.003730465935100624,185.46034363517938,240.0
N06000164,2025-03,0.009816414676606655,70.26388957953623,163.14769927078854
N06000164,2025-04,0.010255936533212662,67.23780266594254,156.1213430485444
N06000164,2025-05,0.012468433007597923,55.244866319001794,128.27460720438683
N06000165,2024-07,0.002283450050574065,240.0,240.0
N06000165,2024-09,0.0174212995916605,39.43975185327987,91.57626788351645
N06000165,2024-10,0.0033044570591300726,209.4145267602693,240.0
N06000165,2024-11,0.0077770184725522995,88.78059973146658,206.14216879744166
N06000165,2024-12,0.006401934195309877,107.92458078777496,240.0
N06000165,2025-01,0.002682507728528849,240.0,240.0
N06000165,2025-03,0.010333169251680374,66.7326509991799,154.948417201309
N06000165,2025-04,0.012685089372098446,54.29536121885543,126.06992463611817
N06000165,2025-05,0.01508813165128231,45.59244303156648,105.86237438954576
N06000166,2024-07,0.0008843262104201166,240.0,240.0
N06000166,2024-09,0.004944413900375366,139.84107633076957,240.0
N06000166,2024-10,0.0021913335658609867,240.0,240.0
N06000166,2024-11,0.0024404271971434355,240.0,240.0
N06000166,2024-12,0.0027961404994130135,240.0,240.0
N06000166,2025-01,0.0013599354095014116,240.0,240.0
N06000166,2025-03,0.0016945338575169444,240.0,240.0
N06000166,2025-04,0.0010878500761464238,240.0,240.0
N06000166,2025-05,0.0012300225207582116,240.0,240.0
N06000167,2024-07,0.002520830456617995,240.0,240.0
N06000167,2024-09,0.008442684076726437,81.7532704350837,189.82521547214523
N06000167,2024-10,0.002129579894244671,240.0,240.0
N06000167,2024-11,0.0026025166735053062,240.0,240.0
N06000167,2024-12,0.003930475562810898,176.00518725309564,240.0
N06000167,2025-01,0.0011834369740436612,240.0,240.0
N06000167,2025-03,0.004644236993044615,148.9020398688867,240.0
N06000167,2025-04,0.004244240466505289,162.9679566091918,240.0
N06000167,2025-05,0.004106154665350914,168.46007427011554,240.0
N06000169,2024-07,0.0006408785763131197,240.0,240.0
N06000169,2024-09,0.00217870413325727,240.0,240.0
N06000169,2024-10,0.0011353834997862577,240.0,240.0
N06000169,2024-11,0.0011754597071558237,240.0,240.0
N06000169,2024-12,0.0008853702456690371,240.0,240.0
N06000169,2025-01,0.00044373724852375673,240.0,240.0
N06000169,2025-03,0.002953127957880497,234.36952607021286,240.0
N06000169,2025-04,0.0035118369851261377,197.02775496199408,240.0
N06000169,2025-05,0.005720724351704121,120.81732841787847,240.0
N06000170,2024-07,0.0006605069808560682,240.0,240.0
N06000170,2024-09,0.004184997174888849,165.279862417025,240.0
N06000170,2024-10,0.001601300435140729,240.0,240.0
N06000170,2024-11,0.001940770074725151,240.0,240.0
N06000170,2024-12,0.003536995267495513,195.62384882552476,240.0
N06000170,2025-01,0.0015817075203535813,240.0,240.0
N06000170,2025-03,0.00621138047426939,111.24616299099262,240.0
N06000170,2025-04,0.005539129488170147,124.78958812165847,240.0
N06000170,2025-05,0.005659404210746288,122.1301570752109,240.0
N06000171,2024-07,0.0014999615005637512,240.0,240.0
N06000171,2024-09,0.0035102269612252712,197.1182841627164,240.0
N06000171,2024-10,0.001980801345780492,240.0,240.0
N06000171,2024-11,0.0037431668024510145,184.82988428583303,240.0
N06000171,2024-12,0.00345905520953238,200.039498977368,240.0
N06000171,2025-01,0.0021250806672256095,240.0,240.0
N06000171,2025-03,0.006499898619949818,106.2927407659514,240.0
N06000171,2025-04,0.0074384030885994434,92.83793985758778,215.5630208267963
N06000171,2025-05,0.008690470829606056,79.41237303480531,184.38982003119003
N06000172,2024-07,0.0015779977896464015,240.0,240.0
N06000179,2024-07,0.00976101182285416,70.66467633717524,164.07829730340936
N06000179,2024-09,0.0375514030456543,18.10983833187817,42.04974241665601
N06000179,2024-10,0.01580657809972763,43.504323750826366,101.01391156611929
N06000179,2024-11,0.01874743029475212,36.625250045898404,85.04119706384616
N06000179,2024-12,0.01418386958539486,48.52129511708912,112.66295833269021
N06000179,2025-01,0.009522018451566638,72.44701757553764,168.21676549943936
N06000179,2025-03,0.04323921352624893,15.681395682143641,36.411073201414695
N06000179,2025-04,0.043729767203330994,15.501538172835781,35.99345699747631
N06000179,2025-05,0.048512596637010574,13.938537583712428,32.364282017265296
N06000180,2024-07,0.0012336628994029653,240.0,240.0
N06000180,2024-09,0.005857572425156832,117.98660994269501,240.0
N06000180,2024-10,0.002843365306034684,240.0,240.0
N06000180,2024-11,0.004012973979115486,172.37975159768334,240.0
N06000183,2024-07,0.0005533030349219592,240.0,240.0
N06000183,2024-09,0.007142491172999144,96.69858984743861,224.5271725027576
N06000183,2024-10,0.0014909477904438972,240.0,240.0
N06000183,2024-11,0.0015449608908966184,240.0,240.0
N06000183,2024-12,0.001785155851393938,240.0,240.0
N06000183,2025-01,0.0010455435948096836,240.0,240.0
N06000183,2025-03,0.004895714111626148,141.23558927897056,240.0
N06000183,2025-04,0.007133772596716881,96.81719509832132,224.80256536698332
N06000183,2025-05,0.008196515031158924,84.2190352451828,195.5505440600989
N06000184,2024-07,0.0008396067064908586,240.0,240.0
N06000184,2024-09,0.0015701551456004381,240.0,240.0
N06000184,2024-10,0.0008821095107123256,240.0,240.0
N06000184,2024-11,0.0010138042271137238,240.0,240.0
N06000184,2024-12,0.0008849212317727506,240.0,240.0
N06000184,2025-01,0.00029261485905640594,240.0,240.0
N06000184,2025-03,0.0007693541701883078,240.0,240.0
N06000184,2025-04,0.000881082087289542,240.0,240.0
N06000184,2025-05,0.0011783998925238848,240.0,240.0
N06000185,2024-07,0.0009720816158055312,240.0,240.0
N06000186,2024-07,0.001270732183778378,240.0,240.0
N06000186,2024-09,0.008206060156226158,84.12066911126516,195.32214497017011
N06000186,2024-10,0.002863601315766573,240.0,240.0
N06000186,2024-11,0.0023348459508270025,240.0,240.0
N06000186,2024-12,0.0026380158960819244,240.0,240.0
N06000186,2025-01,0.001342405886520126,240.0,240.0
N06000186,2025-03,0.005586755461990833,123.72282184958937,240.0
N06000186,2025-04,0.007006591651588678,98.58088919974269,228.89773625186066
N06000186,2025-05,0.007989260368049145,86.41283178137026,200.64438187193917
N06000189,2024-07,0.0022605587522849246,240.0,240.0
N06000189,2024-09,0.004859255161136389,142.29788329607055,240.0
N06000189,2024-10,0.0027441291604191065,240.0,240.0
N06000189,2024-11,0.0035958418156951666,192.41675357222175,240.0
N06000189,2024-12,0.002309100702404976,240.0,240.0
N06000189,2025-01,0.001182342423023286,240.0,240.0
N06000189,2025-03,0.0035940755624324083,192.51148435490725,240.0
N06000189,2025-04,0.0035782465711236,193.3646270989432,240.0
N06000191,2024-07,0.0007031786593729716,240.0,240.0
N06000191,2024-09,0.0019264338770881295,240.0,240.0
N06000191,2024-10,0.0005863721016794443,240.0,240.0
N06000191,2024-11,0.0006352708442136645,240.0,240.0
N06000191,2024-12,0.0004946315311826766,240.0,240.0
N06000191,2025-01,0.00023979527389583755,240.0,240.0
N06000191,2025-03,0.0008331477292813361,240.0,240.0
N06000191,2025-04,0.0011872363975271583,240.0,240.0
N06000191,2025-05,0.001529894070699811,240.0,240.0
N06000192,2024-07,0.0010091484187958466,240.0,240.0
N06000192,2024-09,0.0021926516201347113,240.0,240.0
N06000192,2024-10,0.0015972545370459557,240.0,240.0
N06000192,2024-11,0.0016456632874906063,240.0,240.0
N06000192,2024-12,0.0048281061463057995,143.2181720515069,240.0
N06000192,2025-01,0.0006269285328809326,240.0,240.0
N06000192,2025-03,0.0006706811836920679,240.0,240.0
N06000192,2025-04,0.000554641883354634,240.0,240.0
N06000192,2025-05,0.0024680134374648333,240.0,240.0
N06000193,2024-07,0.0016092396657849672,240.0,240.0
N06000193,2024-09,0.009308227337896824,74.11896396763656,172.09890480039942
N06000193,2024-10,0.0023736311122775078,240.0,240.0
N06000193,2024-11,0.0026277070865035057,240.0,240.0
N06000193,2024-12,0.006149718537926674,112.36508711882678,240.0
N06000193,2025-01,0.0028165667530727356,240.0,240.0
N06000193,2025-03,0.010974069125950336,62.81506479991343,145.8520637410892
N06000193,2025-04,0.0044464184902608395,155.5420449766188,240.0
N06000193,2025-05,0.009533249773085117,72.36125661286269,168.0176347107598
N06000194,2024-07,0.006799876231036062,101.58829655433054,235.8807198812491
N06000194,2024-09,0.02869519405066967,23.807259347895233,55.278744342147725
N06000194,2024-10,0.006863114889711142,100.64903286295474,233.699817127736
N06000194,2024-11,0.010865208692848682,63.44790508545393,147.32147337966222
N06000194,2024-12,0.011761481873691082,58.586403586006476,136.03341646475815
N06000194,2025-01,0.0046952254095121715,147.2812490867854,240.0
N06000194,2025-03,0.014516166411340237,47.402597929513504,110.06542390318693
N06000194,2025-04,0.0173027366399765,39.71239225857889,92.20931930038171
N06000194,2025-05,0.022586453706026077,30.34073060827018,70.44899481875146
N06000195,2024-07,0.01730215562513593,39.71373752623342,92.21244291514391
N06000195,2024-09,0.030267376452684402,22.552452636962,52.36517338637864
N06000195,2024-10,0.009663574397563934,71.38069126120199,165.74083247186573
N06000195,2024-11,0.008229915052652359,83.87583303445697,194.75365320478716
N06000195,2024-12,0.005227958783507347,132.23779181705902,240.0
N06000195,2025-01,0.0030468510785511826,227.14949551413656,240.0
N06000195,2025-03,0.009601382538676262,71.84530368826381,166.81962911949438
N06000195,2025-04,0.03361682966351509,20.270503919360245,47.066652547886946
N06000195,2025-05,0.032458242028951645,21.006564291614886,48.77573180575825
N06000196,2024-07,0.0005492544975008729,240.0,240.0
N06000196,2024-09,0.0007980862865224481,240.0,240.0
N06000196,2024-10,0.0006300383829511702,240.0,240.0
N06000196,2024-11,0.0006853123777545989,240.0,240.0
N06000196,2024-12,0.0006847153417766094,240.0,240.0
N06000196,2025-01,0.00031845266484331614,240.0,240.0
N06000196,2025-03,0.0004860352782998234,240.0,240.0
N06000196,2025-04,0.000626634806394577,240.0,240.0
N06000196,2025-05,0.0005723479553125799,240.0,240.0
N06000197,2024-07,0.0017715083255517294,240.0,240.0
N06000197,2024-09,0.004590264987200499,150.65690063386864,240.0
N06000197,2024-10,0.0027016836684197187,240.0,240.0
N06000197,2024-11,0.0028607789427042007,240.0,240.0
N06000197,2024-12,0.0024827702436596155,240.0,240.0
N06000197,2025-01,0.0013152196125267857,240.0,240.0
N06000197,2025-03,0.0058218552730977535,118.71258960270822,240.0
N06000197,2025-04,0.004219935741275549,163.90856967691533,240.0
N06000197,2025-05,0.00477979751303792,144.66916313126006,240.0
N06000198,2024-07,0.0015028030410257909,240.0,240.0
N06000198,2024-09,0.004716801922768354,146.60593867583674,240.0
N06000198,2024-10,0.00329070002771914,210.29145120666735,240.0
N06000198,2024-11,0.0030273571610450745,228.61440243572704,240.0
N06000198,2024-12,0.005021116696298122,137.69955489810314,240.0
N06000198,2025-01,0.007272872245027373,94.9588423072661,220.4876038112198
N06000198,2025-03,0.020945971831679344,32.74435075986755,76.03002797818282
N06000198,2025-04,0.004641024395823479,149.00535270868755,240.0
N06000198,2025-05,0.006978600285947323,98.9776933439316,229.81908694242065
N06000199,2024-07,0.0010672738173750362,240.0,240.0
N06000199,2024-09,0.0036141120363026857,191.44228567902047,240.0
N06000199,2024-10,0.0014184524770826101,240.0,240.0
N06000199,2024-11,0.0014737254241481423,240.0,240.0
N06000199,2024-12,0.0017384852981194854,240.0,240.0
N06000199,2025-01,0.000720491580710414,240.0,240.0
N06000199,2025-03,0.0019192410400137305,240.0,240.0
N06000199,2025-04,0.0023982510901987553,240.0,240.0
N06000199,2025-05,0.003792604897171259,182.41603072258724,240.0
N06000200,2024-07,0.0008636299672328818,240.0,240.0
N06000200,2024-09,0.0016491682035848498,240.0,240.0
N06000200,2024-10,0.0008119769627228379,240.0,240.0
N06000200,2024-11,0.0007630069158039987,240.0,240.0
N06000200,2024-12,0.0006277597858570516,240.0,240.0
N06000200,2025-01,0.0002972843160931049,240.0,240.0
N06000200,2025-03,0.0008044177666306496,240.0,240.0
N06000200,2025-04,0.0008040625834837556,240.0,240.0
N06000200,2025-05,0.0008043254492804408,240.0,240.0
N06000202,2024-07,0.000774665845171163,240.0,240.0
N06000202,2024-09,0.005741485860198736,120.3791911051247,240.0
N06000202,2024-10,0.0018521141028031707,240.0,240.0
N06000202,2024-11,0.0013622656697407365,240.0,240.0
N06000202,2024-12,0.0017997202230617404,240.0,240.0
N06000202,2025-01,0.000942838551441838,240.0,240.0
N06000202,2025-03,0.007925735786557198,87.10821373874356,202.259008775442
N06000202,2025-04,0.007072241511195898,97.66256256951344,226.76544784884817
N06000202,2025-05,0.008053328841924667,85.72260758530493,199.041730919324
N06000203,2024-07,0.000533815693392059,240.0,240.0
N06000203,2024-09,0.0037835375405848026,182.85402761452244,240.0
N06000203,2024-10,0.0010165093699470162,240.0,240.0
N06000203,2024-11,0.0011491188779473305,240.0,240.0
N06000203,2024-12,0.0011147471377626061,240.0,240.0
N06000203,2025-01,0.0006231327089053496,240.0,240.0
N06000203,2025-03,0.0047441390343010426,145.7591523187488,240.0
N06000203,2025-04,0.002922824351117015,236.8030471576048,240.0
N06000203,2025-05,0.0029324633069336414,236.02353937037145,240.0
N06000204,2024-07,0.0007234452490275656,240.0,240.0
N06000204,2024-09,0.007721612695604563,89.42013066511325,207.6271136398254
N06000204,2024-10,0.0005115984240546823,240.0,240.0
N06000204,2024-11,0.0004646165471058339,240.0,240.0
N06000204,2024-12,0.00045767767005600035,240.0,240.0
N06000204,2025-01,0.00022056993677632697,240.0,240.0
N06000204,2025-03,0.00108391756657511,240.0,240.0
N06000204,2025-04,0.000710981956217438,240.0,240.0
N06000204,2025-05,0.0009289555600844324,240.0,240.0
N06000205,2024-07,0.002275669041148398,240.0,240.0
N06000205,2024-09,0.008874927647411823,77.75463897030315,180.54068073297066
N06000205,2024-10,0.003420409746468067,202.3035633838115,240.0
N06000205,2024-11,0.0034745088778436184,199.148234567394,240.0
N06000205,2024-12,0.004262442234903574,162.27055777929706,240.0
N06000205,2025-01,0.0015820988291862514,240.0,240.0
N06000205,2025-03,0.004402973689138889,157.0802263945043,240.0
N06000205,2025-04,0.004785739816725254,144.4891009308163,240.0
N06000205,2025-05,0.007624918594956398,90.55850307382318,210.2703325180536
N06000206,2024-07,0.001157155959376932,240.0,240.0
N06000206,2024-09,0.006713328883051872,102.90243753132374,238.93206073637234
N06000206,2024-10,0.0022204110864549875,240.0,240.0
N06000206,2024-11,0.0023382161743938923,240.0,240.0
N06000206,2024-12,0.002745839301496744,240.0,240.0
N06000206,2025-01,0.0013417282548271459,240.0,240.0
N06000206,2025-03,0.003687316784635186,187.63466974730127,240.0
N06000206,2025-04,0.00391941936686635,176.50265498199582,240.0
N06000206,2025-05,0.004046161193400621,170.96302082778578,240.0
N06000207,2024-07,0.0010988357145106376,240.0,240.0
N06000208,2024-07,0.0006459379818340993,240.0,240.0
N06000208,2024-09,0.0012920259032398462,240.0,240.0
N06000208,2024-10,0.0007384035852737725,240.0,240.0
N06000208,2024-11,0.0010555413318797946,240.0,240.0
N06000208,2024-12,0.0003656342742033303,240.0,240.0
N06000208,2025-01,0.00019135413647908273,240.0,240.0
N06000208,2025-03,0.00034882931504398584,240.0,240.0
N06000208,2025-04,0.00034427191712893546,240.0,240.0
N06000208,2025-05,0.0004348476359155029,240.0,240.0
N06000209,2024-07,0.0009762203705628858,240.0,240.0
N06000209,2024-09,0.006653543561697006,103.83018702980245,240.0
N06000209,2024-10,0.0023453671019524336,240.0,240.0
N06000209,2024-11,0.0025552110746502876,240.0,240.0
N06000209,2024-12,0.0028330106288194656,240.0,240.0
N06000209,2025-01,0.0012591948008557896,240.0,240.0
N06000209,2025-03,0.0038780441973358393,178.3894786310294,240.0
N06000209,2025-04,0.004292333032935858,161.13812685864153,240.0
N06000209,2025-05,0.004700169898569584,147.1259468610337,240.0
N06000210,2024-07,0.0023602160660312066,240.0,240.0
N06000210,2024-09,0.03138236328959465,21.738741529677956,50.47579470525392
N06000210,2024-10,0.006578879896551371,105.01249712605171,240.0
N06000210,2024-11,0.006879896391183138,100.40268157905976,233.12780716044867
N06000210,2024-12,0.006465297192335129,106.86346450013804,240.0
N06000210,2025-01,0.0031230555451681186,221.59844348378812,240.0
N06000210,2025-03,0.009136366657912731,75.51972674088513,175.35137523787762
N06000210,2025-04,0.008049855008721352,85.75975027046881,199.1279735635256
N06000210,2025-05,0.009347558952867985,73.80563162608597,171.37136963351625
N06000211,2024-07,0.0012411731811924342,240.0,240.0
N06000211,2024-09,0.01044562365859747,66.01048344878652,153.27159607683464
N06000211,2024-10,0.0012284659314900637,240.0,240.0
N06000211,2024-11,0.0013967547565698624,240.0,240.0
N06000211,2024-12,0.0014972655335441232,240.0,240.0
N06000211,2025-01,0.0007327236699780082,240.0,240.0
N06000211,2025-03,0.0024128258228302,240.0,240.0
N06000211,2025-04,0.003652984742075205,189.4013879514944,240.0
N06000211,2025-05,0.008108101785182953,85.14117509402405,197.69168648253859
N06000213,2024-07,0.003035990724220672,227.9632963351234,240.0
N06000213,2024-09,0.006783821154385805,101.82954477977988,236.44088091376165
N06000213,2024-10,0.003125099465250969,221.45328374659266,240.0
N06000213,2024-11,0.0053478931076824665,129.26437976503846,240.0
N06000213,2024-12,0.00796847976744175,86.6390897219826,201.1697365409383
N06000213,2025-01,0.004287090832221452,161.33558892591253,240.0
N06000213,2025-03,0.015257145278155804,45.08352610531438,104.68070588051728
N06000213,2025-04,0.009472841396927834,72.82492200821441,169.09423241885403
N06000213,2025-05,0.020658839493989944,33.20430764463701,77.0980147913659
N06000214,2024-07,0.002784616728821132,240.0,240.0
N06000214,2024-09,0.07387419790029526,9.031798694125015,20.971187135255864
N06000214,2024-10,0.002750560874119401,240.0,240.0
N06000214,2024-11,0.003167341463267803,218.49519266855245,240.0
N06000214,2024-12,0.004007842857390642,172.60088855728648,240.0
N06000214,2025-01,0.002019507885746563,240.0,240.0
N06000214,2025-03,0.007769522722810507,88.86658722142691,206.34182556618939
N06000214,2025-04,0.007608688436448574,90.75241535965601,210.72058290247267
N06000214,2025-05,0.010160182602703571,67.8747580941539,157.60030775249933
N06000216,2024-07,0.0014321319743151317,240.0,240.0
N06000216,2024-09,0.0028221134562045336,240.0,240.0
N06000216,2024-10,0.0012886101612821221,240.0,240.0
N06000216,2024-11,0.00117880676407367,240.0,240.0
N06000216,2024-12,0.0012933933176100254,240.0,240.0
N06000216,2025-01,0.0006220565941790213,240.0,240.0
N06000216,2025-03,0.0022900018375366926,240.0,240.0
N06000216,2025-04,0.0014351964928209782,240.0,240.0
N06000216,2025-05,0.003658497706055641,189.1154574696218,240.0
N06000217,2024-07,0.0012017394994066066,240.0,240.0
N06000217,2024-09,0.00432555889710784,159.89771251133695,240.0
N06000217,2024-10,0.000842033070512116,240.0,240.0
N06000217,2024-11,0.0008854124462231994,240.0,240.0
N06000217,2024-12,0.0009285609121434391,240.0,240.0
N06000217,2025-01,0.0004771732422039765,240.0,240.0
N06000217,2025-03,0.0029196287505328655,237.06261322306878,240.0
N06000217,2025-04,0.001603378332220018,240.0,240.0
N06000217,2025-05,0.002680261619389057,240.0,240.0
N06000218,2024-07,0.0009777653142986065,240.0,240.0
N06000218,2024-09,0.003332640277221799,207.64063183664956,240.0
N06000218,2024-10,0.001115727238357067,240.0,240.0
N06000218,2024-11,0.0009701446979306638,240.0,240.0
N06000218,2024-12,0.001202191924676299,240.0,240.0
N06000218,2025-01,0.0005976955678874685,240.0,240.0
N06000218,2025-03,0.003393325721845031,203.9210302692607,240.0
N06000218,2025-04,0.0022041385527700186,240.0,240.0
N06000218,2025-05,0.003502351464703679,197.56231070160732,240.0
N06000219,2024-07,0.0007131704446234899,240.0,240.0
N06000219,2024-09,0.006611576769500971,104.49145089072653,240.0
N06000219,2024-10,0.002376438584178686,240.0,240.0
N06000219,2024-11,0.003698397660627961,187.07145243593027,240.0
N06000219,2024-12,0.006173305679112673,111.9344324809226,240.0
N06000219,2025-01,0.003621572147456509,191.04721710758398,240.0
N06000219,2025-03,0.02039525844156742,33.6379384051412,78.10487423698794
N06000219,2025-04,0.02053062990307808,33.41384113723482,77.58453649464862
N06000219,2025-05,0.025796351954340935,26.52188594049122,61.5819120946247
N06000220,2024-07,0.0010868496490228363,240.0,240.0
N06000220,2024-09,0.0017701302422210574,240.0,240.0
N06000220,2024-10,0.001002214034087956,240.0,240.0
N06000220,2024-11,0.001107742078602314,240.0,240.0
N06000220,2024-12,0.0013306336477398872,240.0,240.0
N06000220,2025-01,0.0007539274272986285,240.0,240.0
N06000220,2025-03,0.0026585094165056944,240.0,240.0
N06000220,2025-04,0.003144148038700223,220.10952456739557,240.0
N06000220,2025-05,0.005948358681052923,116.18055058358972,240.0
N06000222,2024-07,0.001181871548499025,240.0,240.0
N06000222,2024-09,0.007612444460391998,90.70746615749206,210.61621408712543
N06000222,2024-10,0.0025126226246356964,240.0,240.0
N06000222,2024-11,0.002743275836110115,240.0,240.0
N06000222,2024-12,0.004307479131966829,160.5703073200789,240.0
N06000222,2025-01,0.0014463282998335991,240.0,240.0
N06000222,2025-03,0.0038429233245551586,180.02296994218864,240.0
N06000222,2025-04,0.004233589395880699,163.37883250313783,240.0
N06000222,2025-05,0.0047179413959383965,146.57044669869424,240.0
N06000223,2024-07,0.0018192292893279838,240.0,240.0
N06000223,2024-09,0.0065463935025036335,105.53534394816846,240.0
N06000223,2024-10,0.0018842904828488827,240.0,240.0
N06000223,2024-11,0.0017898379592224956,240.0,240.0
N06000223,2024-12,0.003495679469779134,197.94004835947896,240.0
N06000223,2025-01,0.0018645046427777645,240.0,240.0
N06000223,2025-03,0.00430665910243988,160.6009475448887,240.0
N06000223,2025-04,0.004909075330942869,140.85023810855145,240.0
N06000223,2025-05,0.0064323581755161285,107.41247278144007,240.0
N06000226,2024-07,0.0025985884085805155,240.0,240.0
N06000226,2024-09,0.01380907278507948,49.847679123845424,115.74272662258694
N06000226,2024-10,0.004317665472626686,160.1906671490985,240.0
N06000226,2024-11,0.004804307594895363,143.9293351487271,240.0
N06000226,2024-12,0.004630661103874445,149.33959940697486,240.0
N06000226,2025-01,0.003265889158775903,211.89166529638354,240.0
N06000226,2025-03,0.013847379945218563,49.70881811748706,115.42030135063914
N06000226,2025-04,0.01419735699892044,48.47486932795248,112.55516098856654
N06000226,2025-05,0.021911123767495155,31.28663465169215,72.6453159922405
N06000227,2024-07,0.0016891303512571731,240.0,240.0
N06000227,2024-09,0.008046170696616173,85.799178469245,199.21952300599483
N06000227,2024-10,0.002016280312091112,240.0,240.0
N06000227,2024-11,0.0035638294648379087,194.1482675509532,240.0
N06000227,2024-12,0.004790474660694599,144.3459466513099,240.0
N06000229,2024-07,0.000523971762489861,240.0,240.0
N06000229,2024-09,0.001047408557496965,240.0,240.0
N06000229,2024-10,0.0004529697762336582,240.0,240.0
N06000229,2024-11,0.000759761082008481,240.0,240.0
N06000229,2024-12,0.0008177820709533989,240.0,240.0
N06000229,2025-01,0.00043695368009422086,240.0,240.0
N06000229,2025-03,0.0008213071268983185,240.0,240.0
N06000229,2025-04,0.0006425767787732184,240.0,240.0
N06000229,2025-05,0.0006338227540254593,240.0,240.0
N06000230,2024-07,0.001217540922207716,240.0,240.0
N06000230,2024-09,0.003358580870553851,206.03420287946005,240.0
N06000230,2024-10,0.0021284392569214106,240.0,240.0
N06000230,2024-11,0.0017003290122374892,240.0,240.0
N06000230,2024-12,0.001557628158479929,240.0,240.0
N06000230,2025-01,0.0008048239430528126,240.0,240.0
N06000230,2025-03,0.004512797109782696,153.24907555765267,240.0
N06000230,2025-04,0.00513441814109683,134.65327154244684,240.0
N06000230,2025-05,0.005061650183051825,136.59408248997374,240.0
N06000231,2024-07,0.0009920566815074805,240.0,240.0
N06000231,2024-09,0.005160778760910034,133.96370597608362,240.0
N06000231,2024-10,0.001319478265941143,240.0,240.0
N06000231,2024-11,0.001354898326098919,240.0,240.0
N06000231,2024-12,0.0014526842860504985,240.0,240.0
N06000231,2025-01,0.0005923131625571454,240.0,240.0
N06000232,2024-07,0.004132394656324423,167.38817823640198,240.0
N06000232,2024-09,0.017539935186505318,39.17063357541545,90.95139459329535
N06000232,2024-10,0.007665599230676889,90.07607341180531,209.1501655320073
N06000232,2024-11,0.009412940591573715,73.29056792237947,170.17542874922339
N06000232,2024-12,0.010829639621078968,63.65743701902337,147.8079914629932
N06000232,2025-01,0.005671763838629662,121.86326039499734,240.0
N06000232,2025-03,0.008440389297902584,81.77559206374443,189.87704468885622
N06000232,2025-04,0.010126568377017975,68.10121653951485,158.12612797910745
N06000232,2025-05,0.011139890179038048,61.874863163336336,143.66898314626178
N06000233,2024-07,0.0009254663702985555,240.0,240.0
N06000233,2024-09,0.004245228134095669,162.92996078204376,240.0
N06000233,2024-10,0.0008419135701842606,240.0,240.0
N06000233,2024-11,0.0009635326568968594,240.0,240.0
N06000233,2024-12,0.0009567983215674758,240.0,240.0
N06000233,2025-01,0.0005160030646245151,240.0,240.0
N06000233,2025-03,0.0015031418297439814,240.0,240.0
N06000233,2025-04,0.0018373907078057528,240.0,240.0
N06000233,2025-05,0.00267487158998847,240.0,240.0
N06000236,2024-07,0.0003251805796975482,240.0,240.0
N06000236,2024-09,0.0009530584793537855,240.0,240.0
N06000236,2024-10,0.00041590153705328703,240.0,240.0
N06000236,2024-11,0.00048387330025434494,240.0,240.0
N06000236,2024-12,0.0006982992636039853,240.0,240.0
N06000236,2025-01,0.0003493813885487862,240.0,240.0
N06000236,2025-03,0.001170818810351193,240.0,240.0
N06000236,2025-04,0.0013591633178293705,240.0,240.0
N06000236,2025-05,0.005694108083844185,121.38369429083835,240.0
N06000237,2024-07,0.0009908313595603513,240.0,240.0
N06000237,2024-09,0.002567717805504799,240.0,240.0
N06000237,2024-10,0.0008994755917228758,240.0,240.0
N06000237,2024-11,0.0008507347083650529,240.0,240.0
N06000237,2024-12,0.0012370303738862276,240.0,240.0
N06000237,2025-01,0.0006682556686938845,240.0,240.0
N06000237,2025-03,0.0013238908722996712,240.0,240.0
N06000237,2025-04,0.001851678709499538,240.0,240.0
N06000237,2025-05,0.0020736479200422764,240.0,240.0
N06000238,2024-07,0.0010332364135409167,240.0,240.0
N06000238,2024-09,0.005298692267388105,130.46788392664354,240.0
N06000238,2024-10,0.002148465719074011,240.0,240.0
N06000238,2024-11,0.0022579943761229515,240.0,240.0
N06000238,2024-12,0.0023172209039330482,240.0,240.0
N06000238,2025-01,0.0011370668715929844,240.0,240.0
N06000238,2025-03,0.0022049567196518183,240.0,240.0
N06000238,2025-04,0.0027595977298915386,240.0,240.0
N06000238,2025-05,0.002734167268499732,240.0,240.0
N06000239,2024-07,0.0011119187273727071,240.0,240.0
N06000239,2024-09,0.00537500437349081,128.61062515873638,240.0
N06000239,2024-10,0.0015947159845381975,240.0,240.0
N06000239,2024-11,0.0018683269154280424,240.0,240.0
N06000239,2024-12,0.0019811030942946672,240.0,240.0
N06000239,2025-01,0.0010848588808112236,240.0,240.0
N06000239,2025-03,0.007154217921197414,96.53951810202449,224.15781934797772
N06000239,2025-04,0.006785996723920107,101.79678718007969,236.3648201226967
N06000239,2025-05,0.007741968147456646,89.18411056280374,207.07909193331474
N06000240,2024-07,0.0024005638712168986,240.0,240.0
N06000240,2024-09,0.012601645663380623,54.657190845038684,126.91006701071565
N06000240,2024-10,0.002544160932302475,240.0,240.0
N06000240,2024-11,0.0027610640972852707,240.0,240.0
N06000240,2024-12,0.0028953528963029385,239.05315433846854,240.0
N06000240,2025-01,0.0014248443258129129,240.0,240.0
N06000240,2025-03,0.019192535430192947,35.76776364557029,83.05017529994048
N06000240,2025-04,0.0035680197179317474,193.91985391956416,240.0
N06000240,2025-05,0.005436311941593885,127.1563137116954,240.0
N06000241,2024-07,0.0005895075252355664,240.0,240.0
N06000241,2024-09,0.0023547972086817026,240.0,240.0
N06000241,2024-10,0.0008188358624465764,240.0,240.0
N06000241,2024-11,0.0009638374904170632,240.0,240.0
N06000241,2024-12,0.0010346436174586415,240.0,240.0
N06000241,2025-01,0.0005369550581235671,240.0,240.0
N06000241,2025-03,0.002939041703939438,235.49447621442056,240.0
N06000241,2025-04,0.002328149974346161,240.0,240.0
N06000241,2025-05,0.004014390055090189,172.31882222746063,240.0
N06000242,2024-07,0.0008841517824472733,240.0,240.0
N06000242,2024-09,0.005880126263946295,117.53272803878636,240.0
N06000242,2024-10,0.0019436493748798966,240.0,240.0
N06000242,2024-11,0.0020319432951509953,240.0,240.0
N06000242,2024-12,0.0020879365038126707,240.0,240.0
N06000242,2025-01,0.0009783330450151562,240.0,240.0
N06000242,2025-03,0.0029514830093830824,234.50034046301323,240.0
N06000242,2025-04,0.003293187590315938,210.13234207427175,240.0
N06000242,2025-05,0.0033790988381952047,204.7810515803533,240.0
N06000243,2024-07,0.0015822929678624975,240.0,240.0
N06000243,2024-09,0.007511384319514036,91.93254298510487,213.4607543915551
N06000243,2024-10,0.0030326638370752335,228.21375678214392,240.0
N06000243,2024-11,0.0030509112402796745,226.84674260073933,240.0
N06000243,2024-12,0.0030266419053077698,228.668510555397,240.0
N06000243,2025-01,0.0015145549696927718,240.0,240.0
N06000243,2025-03,0.004234666936099529,163.33717131907636,240.0
N06000243,2025-04,0.005297156982123852,130.50579831223976,240.0
N06000243,2025-05,0.005559369921684265,124.3339927525958,240.0
N06000244,2024-07,0.0004461785745796254,240.0,240.0
N06000244,2024-09,0.0012714577605947852,240.0,240.0
N06000244,2024-10,0.0005024250713177025,240.0,240.0
N06000244,2024-11,0.0006236498011276126,240.0,240.0
N06000244,2024-12,0.0004985827254131436,240.0,240.0
N06000244,2025-01,0.0002968973239030337,240.0,240.0
N06000244,2025-03,0.0006777756498195231,240.0,240.0
N06000244,2025-04,0.0007752155652269721,240.0,240.0
N06000244,2025-05,0.0008450025925412774,240.0,240.0
N06000245,2024-07,0.001914088220392518,240.0,240.0
N06000245,2024-09,0.0075789946131408215,91.10933651060562,211.54932815052211
N06000245,2024-10,0.0018094925908371806,240.0,240.0
N06000245,2024-11,0.0018658371409401298,240.0,240.0
N06000245,2024-12,0.0018939034780487418,240.0,240.0
N06000245,2025-01,0.0009681226228266393,240.0,240.0
N06000245,2025-03,0.0025143881794065237,240.0,240.0
N06000245,2025-04,0.0028236571233719587,240.0,240.0
N06000245,2025-05,0.003186117624863982,217.20553052854493,240.0
N06000246,2024-07,0.0003700595605580226,240.0,240.0
N06000246,2024-09,0.0014260277384892106,240.0,240.0
N06000246,2024-10,0.0003508979280013591,240.0,240.0
N06000246,2024-11,0.00043218876817263663,240.0,240.0
N06000246,2024-12,0.0004639567050617188,240.0,240.0
N06000246,2025-01,0.0001958693640300435,240.0,240.0
N06000246,2025-03,0.003650110214948654,189.5508182005748,240.0
N06000246,2025-04,0.0020194309763610363,240.0,240.0
N06000246,2025-05,0.0032224291935563087,214.75406575700217,240.0
N06000247,2024-07,0.0007028072662402796,240.0,240.0
N06000247,2024-09,0.003995852079242468,173.11987178513013,240.0
N06000247,2024-10,0.0021869796328246593,240.0,240.0
N06000247,2024-11,0.0022863016929477453,240.0,240.0
N06000247,2024-12,0.002472727792337537,240.0,240.0
N06000247,2025-01,0.0011587654022275906,240.0,240.0
N06000247,2025-03,0.0020032788161188364,240.0,240.0
N06000247,2025-04,0.001346433418802917,240.0,240.0
N06000247,2025-05,0.0012813762295991182,240.0,240.0
N06000248,2024-07,0.005997525916393798,115.22526490464243,240.0
N06000248,2024-09,0.013485227711498737,51.05312241825908,118.54167927467958
N06000248,2024-10,0.0054948534816503525,125.79790578960919,240.0
N06000248,2024-11,0.007401767186820507,93.29917163860158,216.6339678573872
N06000248,2024-12,0.007669553626328707,90.02945134452428,209.04191244414574
N06000248,2025-01,0.0036112420453378036,191.59470788927712,240.0
N06000249,2024-07,0.001677055104506664,240.0,240.0
N06000249,2024-09,0.005656737368553877,122.18789846256017,240.0
N06000249,2024-10,0.0013763123424723744,240.0,240.0
N06000249,2024-11,0.00135037861764431,240.0,240.0
N06000249,2024-12,0.0015001404099166393,240.0,240.0
N06000249,2025-01,0.0012534176503899985,240.0,240.0
N06000249,2025-03,0.005083486903458834,136.0058351468978,240.0
N06000249,2025-04,0.005312149412930012,130.13649312079733,240.0
N06000249,2025-05,0.004967422690242529,139.19173328055234,240.0
N06000250,2024-07,0.000937140777394152,240.0,240.0
N06000250,2024-09,0.004467105492949486,154.82012807466302,240.0
N06000250,2024-10,0.001338355359621346,240.0,240.0
N06000250,2024-11,0.0014307431410998106,240.0,240.0
N06000250,2024-12,0.0012656883336603642,240.0,240.0
N06000250,2025-01,0.0007885231143143212,240.0,240.0
N06000250,2025-03,0.0027729321736842394,240.0,240.0
N06000250,2025-04,0.0030220267362892628,229.01825760580016,240.0
N06000250,2025-05,0.003404157003387809,203.2710942678031,240.0
N06000251,2024-07,0.002020763983420104,240.0,240.0
N06000251,2024-09,0.009307357482612133,74.12592353520566,172.11506441586639
N06000251,2024-10,0.0029445830732584,235.05064963101856,240.0
N06000251,2024-11,0.0031629977747797966,218.7957246703274,240.0
N06000251,2024-12,0.0023351081181317568,240.0,240.0
N06000251,2025-01,0.001112765426504847,240.0,240.0
N06000251,2025-03,0.0030655614100396633,225.7609950350701,240.0
N06000251,2025-04,0.0034423903562128544,201.00958395368727,240.0
N06000251,2025-05,0.0038733684923499823,178.6052389315987,240.0
N06000252,2024-07,0.0018481403808704444,240.0,240.0
N06000252,2024-09,0.00611933832988143,112.92466156079304,240.0
N06000252,2024-10,0.0020072688348591328,240.0,240.0
N06000252,2024-11,0.0020390625577419996,240.0,240.0
N06000252,2024-12,0.0016311195213347673,240.0,240.0
N06000252,2025-01,0.0009602519939839738,240.0,240.0
N06000252,2025-03,0.002765270182862878,240.0,240.0
N06000252,2025-04,0.003079438116401434,224.7420970561886,240.0
N06000252,2025-05,0.004716251511126757,146.62308887961467,240.0
N06000253,2024-07,0.00037437199597800674,240.0,240.0
N06000253,2024-09,0.0022962146904319525,240.0,240.0
N06000253,2024-10,0.000855861057061702,240.0,240.0
N06000253,2024-11,0.0008904740097932518,240.0,240.0
N06000253,2024-12,0.0011828594142571092,240.0,240.0
N06000253,2025-01,0.0005494774971429583,240.0,240.0
N06000253,2025-03,0.0012034899555146694,240.0,240.0
N06000253,2025-04,0.0013231326593086123,240.0,240.0
N06000253,2025-05,0.0014326688833534718,240.0,240.0
N06000254,2024-07,0.0016384722235991411,240.0,240.0
N06000254,2024-09,0.007989252917468548,86.41291269192185,200.64456974042207
N06000254,2024-10,0.0020484691485762596,240.0,240.0
N06000254,2024-11,0.002020303625613451,240.0,240.0
N06000254,2024-12,0.0015623478684574366,240.0,240.0
N06000254,2025-01,0.0004915192986830741,240.0,240.0
N06000254,2025-03,0.0015812930651009083,240.0,240.0
N06000254,2025-04,0.0019376525888219476,240.0,240.0
N06000254,2025-05,0.002075169002637267,240.0,240.0
N06000255,2024-07,0.0015860179891618031,240.0,240.0
N06000255,2024-09,0.010021557100117207,68.81846166563044,159.79151958835627
N06000255,2024-10,0.0030603411141783,226.146687417754,240.0
N06000255,2024-11,0.0033339427318423986,207.55937837151075,240.0
N06000255,2024-12,0.0028238652739673853,240.0,240.0
N06000255,2025-01,0.0004949901873058105,240.0,240.0
N06000255,2025-03,0.001588693237863481,240.0,240.0
N06000255,2025-04,0.001758843893185258,240.0,240.0
N06000255,2025-05,0.0019264265429228544,240.0,240.0
N06000256,2024-07,0.0011377794453685253,240.0,240.0
N06000256,2024-09,0.006373703479766846,108.40414390263662,240.0
N06000256,2024-10,0.0013650410110130906,240.0,240.0
N06000256,2024-11,0.001414499361999333,240.0,240.0
N06000256,2024-12,0.0011950834887102246,240.0,240.0
N06000256,2025-01,0.0005835670341258758,240.0,240.0
N06000256,2025-03,0.0013983931858092546,240.0,240.0
N06000256,2025-04,0.0015706111444160342,240.0,240.0
N06000256,2025-05,0.0017564435256645083,240.0,240.0
N06000257,2024-07,0.00024356721247065227,240.0,240.0
N06000257,2024-09,0.0012357038212940097,240.0,240.0
N06000257,2024-10,0.000374971074052155,240.0,240.0
N06000257,2024-11,0.0003950523096136749,240.0,240.0
N06000257,2024-12,0.0005122100119479001,240.0,240.0
N06000257,2025-01,0.0003053398896376569,240.0,240.0
N06000257,2025-03,0.0010322079760953784,240.0,240.0
N06000257,2025-04,0.0011497063096612692,240.0,240.0
N06000257,2025-05,0.0017769995611160994,240.0,240.0
N06000258,2024-07,0.00087707238612178,240.0,240.0
N06000258,2024-09,0.004386062268167734,157.6872217670753,240.0
N06000258,2024-10,0.0011387792183086276,240.0,240.0
N06000258,2024-11,0.0012680587824434042,240.0,240.0
N06000258,2024-12,0.0018886809702962637,240.0,240.0
N06000258,2025-01,0.0009397970156598268,240.0,240.0
N06000258,2025-03,0.00648382306098938,106.55713704643384,240.0
N06000258,2025-04,0.005426503252238035,127.38678300935184,240.0
N06000258,2025-05,0.00546940928325057,126.3847445458728,240.0
N06000259,2024-07,0.0010412913957279502,240.0,240.0
N06000259,2024-09,0.00462052458897233,149.66798237075292,240.0
N06000259,2024-10,0.001183602144010365,240.0,240.0
N06000259,2024-11,0.0013171228347346187,240.0,240.0
N06000259,2024-12,0.0013517038896679878,240.0,240.0
N06000259,2025-01,0.0008097538043875252,240.0,240.0
N06000259,2025-03,0.002210448030382395,240.0,240.0
N06000259,2025-04,0.00222225533798337,240.0,240.0
N06000259,2025-05,0.002457236871123314,240.0,240.0
N06000260,2024-07,0.0011173229294820786,240.0,240.0
N06000260,2024-09,0.004833624232560396,143.05427727975572,240.0
N06000260,2024-10,0.0015408458421006799,240.0,240.0
N06000260,2024-11,0.001698945532552898,240.0,240.0
N06000260,2024-12,0.0016915140440687537,240.0,240.0
N06000260,2025-01,0.0009729499290244137,240.0,240.0
N06000260,2025-03,0.0031308955512940884,221.0426749812036,240.0
N06000260,2025-04,0.0034656443167477846,199.65851124799883,240.0
N06000260,2025-05,0.003561950521543622,194.2508645833301,240.0
N06000261,2024-07,0.0007114176111584491,240.0,240.0
N06000261,2024-09,0.0019110261928290129,240.0,240.0
N06000261,2024-10,0.0007264947635121644,240.0,240.0
N06000261,2024-11,0.0010536058107391,240.0,240.0
N06000261,2024-12,0.0011331393616274,240.0,240.0
N06000264,2024-07,0.0011753710551347663,240.0,240.0
N06000264,2024-09,0.009994336403906345,69.00684356982457,160.228928824273
N06000264,2024-10,0.001987070543691516,240.0,240.0
N06000264,2024-11,0.0020590198691934347,240.0,240.0
N06000264,2024-12,0.001588334678672254,240.0,240.0
N06000264,2025-01,0.0007234741991793969,240.0,240.0
N06000264,2025-03,0.0018525250488892198,240.0,240.0
N06000264,2025-04,0.0020805546082556248,240.0,240.0
N06000264,2025-05,0.0022419963497668505,240.0,240.0
N06000265,2024-07,0.0029774732392937597,232.45036932298106,240.0
N06000265,2024-09,0.009686615318059921,71.21007561331366,165.34467520560642
N06000265,2024-10,0.0031989417038857937,216.33339518695158,240.0
N06000265,2024-11,0.0032495493069291115,212.95887407415142,240.0
N06000265,2024-12,0.0035478246863931417,195.02566531109827,240.0
N06000265,2025-01,0.0019035484641862777,240.0,240.0
N06000265,2025-03,0.005474573466926813,126.26519786587374,240.0
N06000265,2025-04,0.006094669923186302,113.38313403176977,240.0
N06000265,2025-05,0.009652468375861645,71.46322113967214,165.93246091535323
N06000266,2024-07,0.0011397027211225152,240.0,240.0
N06000266,2024-09,0.004828935489058495,143.1935155105549,240.0
N06000266,2024-10,0.0017430592561140656,240.0,240.0
N06000266,2024-11,0.001825827406719327,240.0,240.0
N06000266,2024-12,0.0010422196937724948,240.0,240.0
N06000266,2025-01,0.00031495877851250853,240.0,240.0
N06000266,2025-03,0.0007841337937861681,240.0,240.0
N06000266,2025-04,0.0008336448227055371,240.0,240.0
N06000266,2025-05,0.0009026951738633215,240.0,240.0
N06000267,2024-07,0.0010422987392152416,240.0,240.0
N06000267,2024-09,0.004037316422909498,171.33831917678782,240.0
N06000267,2024-10,0.0011911200126633048,240.0,240.0
N06000267,2024-11,0.0013389290543273091,240.0,240.0
N06000267,2024-12,0.0013312497176229954,240.0,240.0
N06000267,2025-01,0.0007112478732944627,240.0,240.0
N06000267,2025-03,0.0023759189061820507,240.0,240.0
N06000267,2025-04,0.002910832641646266,237.78002995011238,240.0
N06000267,2025-05,0.0032183898147195578,215.0240375524672,240.0
N06000269,2024-07,0.0005450272979750093,240.0,240.0
N06000269,2024-09,0.0021528906654566526,240.0,240.0
N06000269,2024-10,0.0006806876044720411,240.0,240.0
N06000269,2024-11,0.0006970655522309244,240.0,240.0
N06000269,2024-12,0.0004777727881446481,240.0,240.0
N06000269,2025-01,0.0005268943331526721,240.0,240.0
N06000269,2025-03,0.0024791015312075615,240.0,240.0
N06000269,2025-04,0.00286900345236063,240.0,240.0
N06000269,2025-05,0.003002358367666602,230.52082270840893,240.0
N06000270,2024-07,0.001050040657650686,240.0,240.0
N06000270,2024-09,0.004095414653420448,168.90276217087248,240.0
N06000270,2024-10,0.0010498830815777183,240.0,240.0
N06000270,2024-11,0.0013379475567489862,240.0,240.0
N06000270,2024-12,0.0013664516154676676,240.0,240.0
N06000270,2025-01,0.0006505899852299324,240.0,240.0
N06000270,2025-03,0.0014105774462223053,240.0,240.0
N06000270,2025-04,0.001123771071434021,240.0,240.0
N06000270,2025-05,0.0014485918218269944,240.0,240.0
N06000271,2024-07,0.0005781026428471892,240.0,240.0
N06000271,2024-09,0.00198710267432034,240.0,240.0
N06000271,2024-10,0.0007843972416594625,240.0,240.0
N06000271,2024-11,0.000814983039163053,240.0,240.0
N06000271,2024-12,0.0005860586534254253,240.0,240.0
N06000271,2025-01,0.0003758833136502382,240.0,240.0
N06000271,2025-03,0.0010511255823075771,240.0,240.0
N06000271,2025-04,0.0011247252114117146,240.0,240.0
N06000271,2025-05,0.001823192578740418,240.0,240.0
N06000272,2024-09,0.0012301455717533827,240.0,240.0
N06000272,2024-10,0.0010254038497805595,240.0,240.0
N06000272,2024-11,0.0005572545924223959,240.0,240.0
N06000272,2024-12,0.0007478162879124284,240.0,240.0
N06000272,2025-01,0.00042103438971907714,240.0,240.0
N06000272,2025-03,0.0009636891772970557,240.0,240.0
N06000272,2025-04,0.0010027306852862239,240.0,240.0
N06000272,2025-05,0.001330226892605424,240.0,240.0
N06000273,2024-09,0.0007423798087984324,240.0,240.0
N06000273,2024-10,0.002128396648913622,240.0,240.0
N06000273,2024-11,0.0012075590202584863,240.0,240.0
N06000273,2024-12,0.0012021672446280718,240.0,240.0
N06000273,2025-01,0.000979508010903296,240.0,240.0
N06000273,2025-03,0.0013070630375295877,240.0,240.0
N06000273,2025-04,0.0012511058012023568,240.0,240.0
N06000273,2025-05,0.0012685346882790327,240.0,240.0
N06000274,2024-09,0.002686572028324008,240.0,240.0
N06000274,2024-10,0.005107551347464323,135.36340222710288,240.0
N06000274,2024-11,0.001335245673544705,240.0,240.0
N06000274,2024-12,0.0006418979610316455,240.0,240.0
N06000274,2025-01,0.00032045634695587744,240.0,240.0
N06000274,2025-03,0.0006359944818541408,240.0,240.0
N06000274,2025-04,0.001098688691854477,240.0,240.0
N06000274,2025-05,0.0013316243421286345,240.0,240.0
N06000275,2024-09,0.0021426447201520205,240.0,240.0
N06000275,2024-10,0.00850056204944849,81.19426862886559,188.52725347319458
N06000275,2024-11,0.0029835677705705166,231.97483450627456,240.0
N06000275,2024-12,0.0011840177467092872,240.0,240.0
N06000275,2025-01,0.000512727140469349,240.0,240.0
N06000275,2025-03,0.0009925932390615344,240.0,240.0
N06000275,2025-04,0.0014588109916076064,240.0,240.0
N06000275,2025-05,0.001704584457911551,240.0,240.0
N06000276,2024-09,0.003124062903225422,221.52687691406453,240.0
N06000276,2024-10,0.0012904234463348985,240.0,240.0
N06000276,2024-11,0.0005580712459050119,240.0,240.0
N06000276,2024-12,0.0007971483864821494,240.0,240.0
N06000276,2025-01,0.0006368069104151219,240.0,240.0
N06000276,2025-03,0.0011812892043963075,240.0,240.0
N06000276,2025-04,0.0013592150062322617,240.0,240.0
N06000276,2025-05,0.0014960092958062887,240.0,240.0
N06000277,2024-09,0.0009174318984150887,240.0,240.0
N06000277,2024-10,0.0019454335561022162,240.0,240.0
N06000277,2024-11,0.001278761075809598,240.0,240.0
N06000277,2024-12,0.0005861103418283165,240.0,240.0
N06000277,2025-01,0.0002948727571826515,240.0,240.0
N06000277,2025-03,0.0006419120472855866,240.0,240.0
N06000277,2025-04,0.0007906925166025758,240.0,240.0
N06000277,2025-05,0.0010780816664919257,240.0,240.0
N06000278,2024-10,0.00321057322435081,215.54838838854866,240.0
N06000278,2024-11,0.010196948423981667,67.62877696836627,157.02915726572104
N06000278,2024-12,0.0021842082496732473,240.0,240.0
N06000278,2025-01,0.0009783512235902458,240.0,240.0
N06000278,2025-03,0.001985161332413554,240.0,240.0
N06000278,2025-04,0.0019797233399003744,240.0,240.0
N06000278,2025-05,0.002479863353073597,240.0,240.0
N06000279,2024-11,0.0013081551296636462,240.0,240.0
N06000279,2024-12,0.0013624770799651742,240.0,240.0
N06000279,2025-01,0.0003716665133356445,240.0,240.0
N06000279,2025-03,0.0007724439492449164,240.0,240.0
N06000279,2025-04,0.0008883942500688136,240.0,240.0
N06000279,2025-05,0.0011938516981899738,240.0,240.0
N06000280,2024-12,0.0013816850259900093,240.0,240.0
N06000280,2025-01,0.0017789292390552047,240.0,240.0
N06000280,2025-03,0.001627249293960631,240.0,240.0
N06000280,2025-04,0.00165968865621835,240.0,240.0
N06000280,2025-05,0.001843373291194439,240.0,240.0
N06000281,2024-12,0.002836245112121105,240.0,240.0
N06000281,2025-01,0.0031955680723270152,216.5621493906995,240.0
N06000281,2025-03,0.0025587768759578466,240.0,240.0
N06000281,2025-04,0.002574180020019412,240.0,240.0
N06000281,2025-05,0.0018027236219495535,240.0,240.0
N06000282,2024-12,0.0025951392017304897,240.0,240.0
N06000282,2025-01,0.0030823517616449525,224.52932783815717,240.0
N06000282,2025-03,0.001655103755183518,240.0,240.0
N06000282,2025-04,0.0017693164991214871,240.0,240.0
N06000282,2025-05,0.0019314297242090106,240.0,240.0
N06000283,2024-12,0.002359716920182109,240.0,240.0
N06000283,2025-01,0.00395484883926156,174.91834891144757,240.0
N06000283,2025-03,0.0016290427884086967,240.0,240.0
N06000283,2025-04,0.0016490865964442492,240.0,240.0
N06000283,2025-05,0.001673898077569902,240.0,240.0
N06000284,2024-12,0.0008863908005878329,240.0,240.0
N06000284,2025-01,0.0012489229355112652,240.0,240.0
N06000284,2025-03,0.0008212109096348286,240.0,240.0
N06000284,2025-04,0.0008510160259902477,240.0,240.0
N06000284,2025-05,0.0009135415311902761,240.0,240.0
N06000285,2025-01,0.0005512424516672665,240.0,240.0
N06000285,2025-03,0.0006615007296204567,240.0,240.0
N06000285,2025-04,0.00038388933171518147,240.0,240.0
N06000285,2025-05,0.00043063220800831914,240.0,240.0
N06000286,2025-01,0.0015650511520142185,240.0,240.0
N06000286,2025-03,0.005324451718479395,129.83500665245762,240.0
N06000286,2025-04,0.0018700662767514586,240.0,240.0
N06000286,2025-05,0.0023968094028532505,240.0,240.0
N06000287,2025-03,0.0011635381961241364,240.0,240.0
N06000287,2025-04,0.0017568249022588134,240.0,240.0
N06000287,2025-05,0.0012214279267936945,240.0,240.0
N06000288,2025-03,0.001260443706996739,240.0,240.0
N06000288,2025-04,0.0024285423569381237,240.0,240.0
N06000288,2025-05,0.0008469198364764452,240.0,240.0
N06000289,2025-03,0.002133147558197379,240.0,240.0
N06000289,2025-04,0.003144283778965473,220.1000073543303,240.0
N06000289,2025-05,0.0009611748391762376,240.0,240.0
N06000290,2025-03,0.004552067257463932,151.92401946415166,240.0
N06000290,2025-04,0.009555548429489136,72.19158433295677,167.62366787712267
N06000290,2025-05,0.003412976861000061,202.7449019164,240.0
N06000291,2025-03,0.0034238037187606096,202.10267853418688,240.0
N06000291,2025-04,0.007002843543887138,98.63383823850296,229.02068011255545
N06000291,2025-05,0.0020077358931303024,240.0,240.0
N06000292,2025-05,0.0023487000726163387,240.0,240.0
N07000001,2024-07,0.003684280387937222,187.78959468865523,240.0
N07000001,2024-09,0.034790217876434326,19.575003972315145,45.45175168085025
N07000001,2024-10,0.011298376135528088,61.00204471969044,141.6423614802245
N07000001,2024-11,0.01269600447267294,54.248382787840754,125.96084409729146
N07000001,2024-12,0.014215735718607903,48.4117487044108,112.4085994393983
N07000001,2025-01,0.007066126954968999,97.74737386681836,226.9623735828243
N07000001,2025-03,0.02735910564661026,24.986979025048072,58.01796860462035
N07000001,2025-04,0.03852077201008797,17.64527189041054,40.97105254427047
N07000001,2025-05,0.04404010623693466,15.389823755133552,35.734064152409516
N10000010,2024-07,0.001380545296823188,240.0,240.0
N10000010,2024-09,0.002086925320327282,240.0,240.0
N10000010,2024-10,0.002273167483508587,240.0,240.0
N10000010,2024-11,0.0026197433471679688,240.0,240.0
N10000010,2024-12,0.003101237118244171,223.15991679725954,240.0
N10000010,2025-01,0.0012770762858627105,240.0,240.0
N10000010,2025-03,0.005493641830980778,125.82572773720777,240.0
N10000010,2025-04,0.005933985114097595,116.46280952066381,240.0
N10000010,2025-05,0.006523021496832371,105.91472189584495,240.0
N10000011,2024-07,0.0062536270054843746,110.49229062445235,240.0
N10000011,2024-09,0.022922614589333534,29.890661080181832,69.40396573683043
N10000011,2024-10,0.009227348491549492,74.77167302874719,173.6144483071797
N10000011,2024-11,0.01031129714101553,66.87494061502763,155.2788034579566
N10000011,2024-12,0.008243431337177753,83.73773678472148,194.43300364272775
N10000011,2025-01,0.003919339265993083,176.50626931927548,240.0
N10000011,2025-03,0.011428365483880043,60.3042337300658,140.02209453849392
N10000011,2025-04,0.012915091589093208,53.322227619991594,123.81037839283736
N10000011,2025-05,0.012469948269426823,55.23811105519085,128.25892196755584
N10000012,2024-07,0.0032601184808108696,212.26734511180294,240.0
N10000012,2024-09,0.00786653347313404,87.76639183887437,203.78725099757528
N10000012,2024-10,0.0026728548109531403,240.0,240.0
N10000012,2024-11,0.0031871383544057608,217.1358560395449,240.0
N10000012,2024-12,0.0030599019955843687,226.1791909286659,240.0
N10000012,2025-01,0.0014525385124862789,240.0,240.0
N10000012,2025-03,0.0012909281067550182,240.0,240.0
N10000012,2025-04,0.001691075973212719,240.0,240.0
N10000012,2025-05,0.001923011732287705,240.0,240.0
N10000013,2024-07,0.0018944773856818253,240.0,240.0
N10000013,2024-09,0.004728382918983698,146.24601375894176,240.0
N10000013,2024-10,0.004183359909802675,165.3446847561913,240.0
N10000013,2024-11,0.004636299796402454,149.15754963213203,240.0
N10000013,2024-12,0.0046452488750219345,148.8695286878889,240.0
N10000013,2025-01,0.002874072838517705,240.0,240.0
N10000013,2025-03,0.015572817996144295,44.16258733939539,102.54235228625907
N10000013,2025-04,0.026337049901485443,25.970215129099934,60.300972138525964
N10000013,2025-05,0.021639518439769745,31.68370645018141,73.56728815684016
N10000014,2024-07,0.0036473173675398707,189.6962279814124,240.0
N10000014,2024-09,0.013632255606353283,50.498744479104765,117.25445356257143
N10000014,2024-10,0.0036157984286546707,191.35283601028777,240.0
N10000014,2024-11,0.0037805766332894564,182.9975087145231,240.0
N10000014,2024-12,0.003814620664343238,181.3612289480479,240.0
N10000014,2025-01,0.0019318301555976136,240.0,240.0
N10000014,2025-03,0.007802539970725775,88.48906875542431,205.4652548336392
N10000014,2025-04,0.01262478344142437,54.556381279770704,126.67599444888654
N10000014,2025-05,0.015645243227481842,43.956536312991645,102.06391661907185
N10000015,2024-07,0.0012617672130699198,240.0,240.0
N10000015,2024-09,0.0029353201389312744,235.7934892768725,240.0
N10000015,2024-10,0.001864598598331213,240.0,240.0
N10000015,2024-11,0.0018848527688533068,240.0,240.0
N10000015,2024-12,0.002611420350149274,240.0,240.0
N10000015,2025-01,0.0012738943218590926,240.0,240.0
N10000015,2025-03,0.006328492891043425,109.18106146844768,240.0
N10000015,2025-04,0.007561992388218641,91.31496603638502,212.02678512356763
N10000015,2025-05,0.007204625755548477,95.86163971369817,222.5838344732059
N10000016,2024-07,0.0014571099242710606,240.0,240.0
N10000016,2024-09,0.003601986914873123,192.08789276481104,240.0
N10000016,2024-10,0.002056752797216177,240.0,240.0
N10000016,2024-11,0.0026035653427243233,240.0,240.0
N10000016,2024-12,0.0028747604228556156,240.0,240.0
N10000016,2025-01,0.0011519798623638167,240.0,240.0
N10000016,2025-03,0.0030268519185483456,228.65262068867818,240.0
N10000016,2025-04,0.004163865000009537,166.12044131027173,240.0
N10000016,2025-05,0.006304543931037188,109.59712495208574,240.0
N10000017,2024-07,0.015785887030106083,43.561802952321216,101.14737413894187
N10000017,2024-09,0.056443795561790466,11.930378407254494,27.70148080644175
N10000017,2024-10,0.018798181787133217,36.525427260521695,84.80941573397007
N10000017,2024-11,0.02344202809035778,29.22062333487424,67.84818627136575
N10000017,2024-12,0.02721109427511692,25.124795246206673,58.33796796045972
N10000017,2025-01,0.01555758472471136,44.20617044420392,102.64354912177643
N10000017,2025-03,0.09442880004644394,6.988119302880465,16.22591053978284
N10000017,2025-04,0.12616755068302155,5.139501109211028,11.933552019181848
N10000017,2025-05,0.14756330847740173,4.341495010211708,10.08063923802386
N12000095,2024-07,0.0024743405334410884,240.0,240.0
N12000095,2024-09,0.009267019107937813,74.45009930734905,172.8677772488879
N12000095,2024-10,0.003542983205989003,195.2926416977835,240.0
N12000095,2024-11,0.003197232959792018,216.4491988379118,240.0
N12000095,2024-12,0.0031272617634385824,221.29992331546708,240.0
N12000095,2025-01,0.0017300916101127273,240.0,240.0
N12000095,2025-03,0.0025896450970321894,240.0,240.0
N12000095,2025-04,0.003130926750600338,221.04046886051538,240.0
N12000095,2025-05,0.004579599481076002,151.0085763982092,240.0
N12000103,2024-07,0.03565480298068313,19.09182887049646,44.329853837187386
N12000103,2024-09,0.15740980207920074,4.046994310643814,9.396829789733186
N12000103,2024-10,0.030526023358106613,22.358398805940382,51.91459434420903
N12000103,2024-11,0.031461335718631744,21.68329491398673,50.34705165051405
N12000103,2024-12,0.02834204211831093,24.10826665484557,55.977661664922095
N12000122,2024-07,0.002998727364121434,230.80036849370813,240.0
N12000122,2024-09,0.006617285311222076,104.40100947972726,240.0
N12000122,2024-10,0.0012966562062501907,240.0,240.0
N12000122,2024-11,0.0017583239823579788,240.0,240.0
N12000122,2024-12,0.0017870356095954776,240.0,240.0
N12000122,2025-01,0.0008448257517738034,240.0,240.0
N12000122,2025-03,0.01088094711303711,63.35562963989564,147.1072164301522
N12000122,2025-04,0.0013040053891018033,240.0,240.0
N12000122,2025-05,0.0014537229435518384,240.0,240.0
N12000124,2024-07,0.0017871033635592504,240.0,240.0
N12000124,2024-09,0.0032245833426713943,214.61036977932048,240.0
N12000124,2024-10,0.002303855726495385,240.0,240.0
N12000124,2024-11,0.002416608389467001,240.0,240.0
N12000124,2024-12,0.002587843919172883,240.0,240.0
N12000124,2025-01,0.0016928774611708608,240.0,240.0
N12000124,2025-03,0.0060747661627829075,113.75576778355729,240.0
N12000124,2025-04,0.006918152794241905,99.84554806704288,231.83418320629343
N12000124,2025-05,0.006989466492086649,98.82327715584171,229.46054365698933
N12000125,2024-07,0.000388232770793806,240.0,240.0
N12000125,2024-09,0.0014641094021499157,240.0,240.0
N12000125,2024-10,0.00045342944213189185,240.0,240.0
N12000125,2024-11,0.0009465714101679623,240.0,240.0
N12000125,2024-12,0.0010282858274877071,240.0,240.0
N12000125,2025-01,0.00035277139961620296,240.0,240.0
N12000125,2025-03,0.0030927087645977736,223.77625205406054,240.0
N12000125,2025-04,0.005510170012712479,125.44726223251642,240.0
N12000125,2025-05,0.010131167247891426,68.07014529538282,158.05398278441416
N12000127,2024-07,0.0005033861769584425,240.0,240.0
N12000127,2024-09,0.0011556354584172368,240.0,240.0
N12000127,2024-10,0.0005801132647320628,240.0,240.0
N12000127,2024-11,0.0008565100724808872,240.0,240.0
N12000127,2024-12,0.0010787977371364832,240.0,240.0
N12000127,2025-01,0.0005653020957825383,240.0,240.0
N12000127,2025-03,0.0023397861514240503,240.0,240.0
N12000127,2025-04,0.002480880357325077,240.0,240.0
N12000127,2025-05,0.003662483301013708,188.90928025494776,240.0
N12000129,2024-07,0.000461238839987943,240.0,240.0
N12000129,2024-09,0.0014358751941472292,240.0,240.0
N12000129,2024-10,0.0008285831427201629,240.0,240.0
N12000129,2024-11,0.001139661530032754,240.0,240.0
N12000129,2024-12,0.0009265167755074799,240.0,240.0
N12000129,2025-01,0.00047316053662394,240.0,240.0
N12000129,2025-03,0.0012462087906897068,240.0,240.0
N12000129,2025-04,0.0008854744955897331,240.0,240.0
N12000129,2025-05,0.0013532063458114862,240.0,240.0
N12000130,2024-07,0.0009786390510728715,240.0,240.0
N12000130,2024-09,0.00287035433575511,240.0,240.0
N12000130,2024-10,0.0017384015955030918,240.0,240.0
N12000130,2024-11,0.0014895946951583028,240.0,240.0
N12000130,2024-12,0.0013273925287649035,240.0,240.0
N12000130,2025-01,0.0004049576335387606,240.0,240.0
N12000130,2025-03,0.0017378968186676502,240.0,240.0
N12000130,2025-04,0.0021283782552927732,240.0,240.0
N12000130,2025-05,0.0018576779402792454,240.0,240.0
N12000131,2024-07,0.00043758714002295473,240.0,240.0
N12000131,2024-09,0.0013546544359996915,240.0,240.0
N12000131,2024-10,0.0008525565499439836,240.0,240.0
N12000131,2024-11,0.0009010294452309608,240.0,240.0
N12000131,2024-12,0.0007153667393140495,240.0,240.0
N12000131,2025-01,0.0003770283110314798,240.0,240.0
N12000131,2025-03,0.00099803670309484,240.0,240.0
N12000131,2025-04,0.0007769945659674704,240.0,240.0
N12000131,2025-05,0.0010386453941464424,240.0,240.0
N12000132,2024-07,0.0005557892404743914,240.0,240.0
N12000132,2024-09,0.0022479798644781113,240.0,240.0
N12000132,2024-10,0.0007069353014230728,240.0,240.0
N12000132,2024-11,0.0010743358870968223,240.0,240.0
N12000132,2024-12,0.0011027308646589518,240.0,240.0
N12000132,2025-01,0.0005624629295645223,240.0,240.0
N12000132,2025-03,0.0015162143390625715,240.0,240.0
N12000132,2025-04,0.0011609906796365976,240.0,240.0
N12000132,2025-05,0.0010878951288759708,240.0,240.0
N12000133,2024-07,0.0005879825180017395,240.0,240.0
N12000133,2024-09,0.0009056924609467387,240.0,240.0
N12000133,2024-10,0.00047859345795586705,240.0,240.0
N12000133,2024-11,0.0004872116551268846,240.0,240.0
N12000133,2024-12,0.0005356661858968437,240.0,240.0
N12000133,2025-01,0.00029313556266918894,240.0,240.0
N12000133,2025-03,0.0008210403611883521,240.0,240.0
N12000133,2025-04,0.0010168802691623569,240.0,240.0
N12000133,2025-05,0.0010107639245688915,240.0,240.0
N12000134,2024-07,0.0003385984645414286,240.0,240.0
N12000134,2024-09,0.0010394040727987885,240.0,240.0
N12000134,2024-10,0.000828916730824858,240.0,240.0
N12000134,2024-11,0.0009169465047307312,240.0,240.0
N12000134,2024-12,0.0009591138805262744,240.0,240.0
N12000134,2025-01,0.0005057918911200998,240.0,240.0
N12000134,2025-03,0.002009065356105566,240.0,240.0
N12000134,2025-04,0.0021545025520026684,240.0,240.0
N12000134,2025-05,0.0028080306947231293,240.0,240.0
N12000135,2024-07,0.000740581439050203,240.0,240.0
N12000135,2024-09,0.0030826956499367952,224.50424190002207,240.0
N12000135,2024-10,0.0023450995795428753,240.0,240.0
N12000135,2024-11,0.0024433645885437727,240.0,240.0
N12000135,2024-12,0.0020772626157850027,240.0,240.0
N12000135,2025-01,0.0010271036229975161,240.0,240.0
N12000135,2025-03,0.002007918432354927,240.0,240.0
N12000135,2025-04,0.0016112461453303695,240.0,240.0
N12000135,2025-05,0.001733918208628893,240.0,240.0
N12000136,2025-01,0.0005773050281459025,240.0,240.0
N12000136,2025-03,0.0011797368060797453,240.0,240.0
N12000136,2025-04,0.0007587705040350556,240.0,240.0
N12000136,2025-05,0.0008274737629108131,240.0,240.0
N12000137,2025-04,0.002102963626384735,240.0,240.0
N12000137,2025-05,0.0022406624630093575,240.0,240.0
N12000138,2025-04,0.000823917449451983,240.0,240.0
N12000138,2025-05,0.0008606972405686975,240.0,240.0
N12000139,2025-04,0.001435161684639752,240.0,240.0
N12000139,2025-05,0.17301790416240692,3.6486762669039203,8.471963933272953
N12000140,2025-04,0.0009809616021811962,240.0,240.0
N12000140,2025-05,0.0035938587971031666,192.5231167069361,240.0
N12000141,2025-04,0.0014071085024625063,240.0,240.0
N12000141,2025-05,0.003454726655036211,200.29057058306097,240.0
N12000142,2025-04,0.0018854369409382343,240.0,240.0
N12000142,2025-05,0.003382158000022173,204.59551329433762,240.0
N12000143,2025-04,0.0018688543932512403,240.0,240.0
N12000143,2025-05,0.0032338767778128386,213.9926307545997,240.0
N16000213,2024-07,0.005432629885335882,127.24273136486286,240.0
N16000213,2024-09,0.02899504452943802,23.55743873742064,54.69867884800485
N16000213,2024-10,0.009294549003243446,74.2285528614869,172.35336233191816
N16000213,2024-11,0.01007374469190836,68.46014231431612,158.95952781959772
N16000213,2024-12,0.007797738537192345,88.5437695872327,205.5922662318288
N16000213,2025-01,0.007109785747140274,97.14500702229687,225.5637210831012
N16000213,2025-03,0.007074341643601656,97.63346673296253,226.69788940851635
N16000213,2025-04,0.007652411237359047,90.23190730045782,209.5120006162051
N16000213,2025-05,0.008211475796997547,84.06496056114605,195.19279372252308
N16000234,2024-07,0.0016889785220602915,240.0,240.0
N16000234,2024-09,0.009550797753036022,72.2276661984249,167.70744737426907
N16000234,2024-10,0.007365971803665161,93.75425294015265,217.69063391691654
N16000234,2024-11,0.006818253081291914,101.31355515768554,235.24279011355048
N16000234,2024-12,0.008103467524051666,85.19006489532423,197.80520508573096
N16000234,2025-01,0.004745508781015206,145.71698010904063,240.0
N16000234,2025-03,0.005551727954298258,124.50561675050571,240.0
N16000234,2025-04,0.005651150364428759,122.30904269364373,240.0
N16000234,2025-05,0.0068466560915112495,100.89181990888133,234.2635511907477
N16000235,2024-07,0.005510874679187205,125.43117710003827,240.0
N16000235,2024-09,0.02246020920574665,30.513232898543396,70.84953273296927
N16000235,2024-10,0.008652979508042336,79.7579541282882,185.19223448120985
N16000235,2024-11,0.013096380047500134,52.57928878729939,122.08532784442652
N16000235,2024-12,0.01349647343158722,51.01029313378085,118.44223275576566
N16000235,2025-01,0.00793116914983183,87.04830092802626,202.11989553699385
N16000239,2024-07,0.005104141964927811,135.45405198636152,240.0
N16000239,2024-09,0.030446557328104973,22.41766857622248,52.05221448900455
N16000239,2024-10,0.007545687258243561,91.51303515534543,212.48668737561144
N16000239,2024-11,0.007632701192051172,90.46581184090833,210.05511014019885
N16000239,2024-12,0.0062252674251794815,110.99722703825199,240.0
N16000239,2025-01,0.005451354042589895,126.80448904725093,240.0
N16000247,2024-07,0.005480271808453785,126.1335473271836,240.0
N16000247,2024-09,0.02105027064681053,32.58038131151143,75.64930270934155
N16000247,2024-10,0.015459987334907055,44.48743900885389,103.29663450424583
N16000247,2024-11,0.0254127848893404,26.92746970680379,62.523648436456085
N16000247,2024-12,0.043831903487443924,15.464597010976831,35.90768227589823
N16000247,2025-01,0.02266750936796047,30.23098783691762,70.19417999473714
N16000247,2025-03,0.07222495973110199,9.246155343366386,21.468907861455317
N16000247,2025-04,0.043515704572200775,15.579523901215463,36.174534251201344
N16000247,2025-05,0.04688220098614693,14.435521543736378,33.51824303675328
N16000253,2024-07,0.04123452892252788,16.460866846821787,38.22094919783545
N16000253,2024-09,0.01724838651716709,39.83862549244572,92.5024237926056
N16000253,2024-10,0.15123343467712402,4.227252561559725,9.815376486870095
N16000275,2024-07,0.0021746227088506043,240.0,240.0
N16000275,2024-09,0.006994274444878101,98.75510598690826,229.30225510458146
N16000275,2024-10,0.005750775337219238,120.18417646024737,240.0
N16000275,2024-11,0.006939840968698263,99.5324282599865,231.1071415292235
N16000275,2024-12,0.00683384807780385,101.08156262634061,234.70412013721668
N16000275,2025-01,0.003364349959110724,205.680306514235,240.0
N16000275,2025-03,0.012878603301942348,53.4742889483287,124.1634538632492
N16000275,2025-04,0.02395550161600113,28.586806336497684,66.37650877581804
N16000275,2025-05,0.02591024711728096,26.40376531913227,61.307644505305795
N16000279,2024-07,0.006993882558222642,98.7606589746439,229.3151487428154
N16000279,2024-09,0.059102341532707214,11.37782172955563,26.418483932475137
N16000279,2024-10,0.03667760267853737,18.549645531536036,43.070943109875344
N16000279,2024-11,0.007538631558418274,91.59901097244371,212.6863170408128
N16000279,2024-12,0.009999606758356094,68.97028981003166,160.14405362243605
N16000279,2025-01,0.00454577097543607,152.13492800391387,240.0
N16000279,2025-03,0.016870131716132164,40.73968541701753,94.59462014664598
N16000279,2025-04,0.01665528304874897,41.26971239589361,95.82530467994663
N16000279,2025-05,0.01910846121609211,35.92667090679849,83.41914653426784
N16000285,2024-07,0.0036457956252692325,189.7755513546689,240.0
N16000285,2024-09,0.00727044465020299,94.99066498056926,220.5614937704169
N16000285,2024-10,0.009822280146181583,70.22172317618733,163.04979191419235
N16000285,2024-11,0.008073042146861553,85.51243569991348,198.5537269138782
N16000285,2024-12,0.010711085051298141,64.36587287016863,149.4529285691928
N16000285,2025-01,0.004362823837815832,158.52898601553443,240.0
N16000285,2025-03,0.021139154210686684,32.441923302991924,75.32781316939796
N16000285,2025-04,0.018969733268022537,36.191957838662795,84.03512371457003
N16000285,2025-05,0.019732346758246422,34.77973316426423,80.75603956679085
N16000331,2024-07,0.021218572006102887,32.31919178316947,75.04283940539398
N16000331,2024-09,0.0988524779677391,6.659350542557382,15.462533118467384
N16000331,2024-10,0.037437863647937775,18.165825393476116,42.17974034793047
N16000331,2024-11,0.016660718247294426,41.25613534802678,95.79377975105899
N16000331,2024-12,0.016464345157146454,41.75236115625142,96.94598039658395
N16000331,2025-01,0.007782093649175148,88.7224738909286,206.00720477525758
N16000331,2025-03,0.01030502188950777,66.91587594190307,155.37385234350208
N16000331,2025-04,0.010694731958210468,64.46482523742567,149.68268885078254
N16000331,2025-05,0.012560524977743626,54.837267143282,127.32819122683011
N16000343,2024-07,0.0011660797809786017,240.0,240.0
N16000343,2024-09,0.0034667097497731447,199.59704303584678,240.0
N16000343,2024-10,0.0017112168716266751,240.0,240.0
N16000343,2024-11,0.0026015257462859154,240.0,240.0
N16000343,2024-12,0.004653309937566519,148.61103641162484,240.0
N16000343,2025-01,0.002297384750246434,240.0,240.0
N16000343,2025-03,0.11266520619392395,5.798797221836396,13.464390185936711
N16000358,2024-07,0.03957691625751558,17.16501990055551,39.855941956400514
N16000358,2024-09,0.11782009899616241,5.529285200286258,12.838602651189557
N16000358,2024-10,0.05196217820048332,12.989800133388707,30.161381876686846
N16000358,2024-11,0.06682346016168594,10.022243706167934,23.270929235159368
N16000358,2024-12,0.07221938669681549,9.246896277217266,21.470628256580127
N16000358,2025-01,0.08721541211347617,7.5956868997252895,17.636638812440037
N16000358,2025-03,0.14798064529895782,4.328219414563,10.049814259510761
N16000361,2024-07,0.0014247642343722111,240.0,240.0
N16000361,2024-09,0.006792376283556223,101.70085099169877,236.14206319157864
N16000361,2024-10,0.011997302994132042,57.427979291818346,133.34363855028266
N16000361,2024-11,0.034553561359643936,19.71147454959927,45.768626548371756
N16000361,2024-12,0.0553024522960186,12.183891714646753,28.290120477303653
N16000361,2025-01,0.01041346642526464,66.21540065217852,153.74739908851626
N16000361,2025-03,0.03519289940595627,19.347011301221166,44.92236909240872
N16000361,2025-04,0.08323047310113907,7.976453211583277,18.52075080952974
N16000362,2024-07,0.03275147786158439,20.815347349033377,48.33173981455978
N16000362,2024-09,0.09319547563791275,7.08533908463977,16.45164788242859
N16000362,2024-10,0.06100773066282272,11.011419278707697,25.567723787815737
N16000362,2024-11,0.07747150212526321,8.595893713405792,19.959047113822564
N16000362,2024-12,0.08901063352823257,7.435282522415236,17.26419138222091
N16000368,2024-07,0.0015610573354436497,240.0,240.0
N16000368,2024-09,0.005820909049361944,118.73194349474858,240.0
N16000368,2024-10,0.003682247130200267,187.89347967350062,240.0
N16000368,2024-11,0.003897420596331358,177.5008730250718,240.0
N16000368,2024-12,0.007965600118041039,86.67053630175764,201.2427532380061
N16000369,2024-07,0.0006696722266334998,240.0,240.0
N16000369,2024-09,0.0016880729235708714,240.0,240.0
N16000369,2024-10,0.0009614849695935845,240.0,240.0
N16000369,2024-11,0.0014161322033032775,240.0,240.0
N16000369,2024-12,0.0015655012102797627,240.0,240.0
N16000369,2025-01,0.0019494402499947716,240.0,240.0
N16000369,2025-03,0.00351318228058517,196.9521746720854,240.0
N16000369,2025-04,0.011187526397407055,61.609920244052454,143.05380473843505
N16000369,2025-05,0.049301475286483765,13.709865990588431,31.833323020688038
N16000375,2024-07,0.0003611668644000199,240.0,240.0
N16000375,2024-09,0.0011032966431230307,240.0,240.0
N16000375,2024-10,0.0008172608795575798,240.0,240.0
N16000375,2024-11,0.0007959824870340526,240.0,240.0
N16000375,2024-12,0.0008395682671107352,240.0,240.0
N16000375,2025-01,0.0005840927233863313,240.0,240.0
N16000375,2025-03,0.001742090447805822,240.0,240.0
N16000375,2025-04,0.0022261750418692827,240.0,240.0
N16000375,2025-05,0.004957284312695265,139.47711087479794,240.0
N16000378,2024-07,0.0034493080274552446,200.60575847612543,240.0
N16000378,2024-09,0.00826463382691145,83.52202038296004,193.93212566894982
N16000378,2024-10,0.0012162072816863656,240.0,240.0
N16000378,2024-11,0.0015641787322238088,240.0,240.0
N16000378,2024-12,0.0016927521210163832,240.0,240.0
N16000378,2025-01,0.0008606898081146008,240.0,240.0
N16000379,2024-07,0.001021334923323125,240.0,240.0
N16000379,2024-09,0.0023573292419314384,240.0,240.0
N16000379,2024-10,0.0016523131635040045,240.0,240.0
N16000379,2024-11,0.001748965005390346,240.0,240.0
N16000379,2024-12,0.0017930655740201473,240.0,240.0
N16000379,2025-01,0.0010648868540588108,240.0,240.0
N16000379,2025-03,0.0025584870018064976,240.0,240.0
N16000379,2025-04,0.0032726326026022434,211.4543356695503,240.0
N16000379,2025-05,0.0031673803459852934,218.49250616554224,240.0
N16000382,2024-07,0.02119092906090836,32.36180656291803,75.1417878597496
N16000382,2024-09,0.02978496253490448,22.923395557798845,53.226476175869294
N16000382,2024-10,0.021496789529919624,31.89638976441223,74.06112351946645
N16000382,2024-11,0.027343908324837685,25.001060815207282,58.05066550881733
N16000382,2024-12,0.031215326860547066,21.85694214052903,50.75024802442188
N16000382,2025-01,0.013319602459729962,51.69228163221301,120.02576101066533
N16000382,2025-03,0.03387447074055672,20.113664963432818,46.702483769746244
N16000382,2025-04,0.03936227038502693,17.26053776377869,40.07772756658203
N16000382,2025-05,0.05191870778799057,13.000971619730503,30.18732126468551
N16000386,2024-07,0.0005378168782198545,240.0,240.0
N16000386,2024-09,0.0011458188528195024,240.0,240.0
N16000386,2024-10,0.000856465136166662,240.0,240.0
N16000386,2024-11,0.0012866331962868571,240.0,240.0
N16000386,2024-12,0.0015458815032616258,240.0,240.0
N16000386,2025-01,0.00043840985820564615,240.0,240.0
N16000386,2025-03,0.0016883861972019076,240.0,240.0
N16000386,2025-04,0.004011243581771851,172.45426364678823,240.0
N16000386,2025-05,0.004780639428645372,144.64362439726827,240.0
N16000388,2024-07,0.0015112289579104488,240.0,240.0
N16000388,2024-09,0.006024195346981287,114.7136191909341,240.0
N16000388,2024-10,0.004691801033914089,147.38899768337595,240.0
N16000388,2024-11,0.007608738727867603,90.75181321755993,210.71918477182265
N16000388,2024-12,0.007202705834060907,95.88728477358296,222.64338045824746
N16000388,2025-01,0.006799097003630239,101.5999791438879,235.90784601416334
N16000388,2025-03,0.012569605372846127,54.797400785614,127.23562441091997
N16000388,2025-04,0.02120509184896946,32.33995911685112,75.0910596609253
N16000388,2025-05,0.012529537081718445,54.973750753515965,127.64509635592403
N16000391,2024-07,0.0012858163065604389,240.0,240.0
N16000391,2024-09,0.0036702172365039587,188.5104766541681,240.0
N16000391,2024-10,0.0019424241036176682,240.0,240.0
N16000391,2024-11,0.0034074296709150076,203.07552919827592,240.0
N16000391,2024-12,0.0071343230083584785,96.80969886841517,224.78515966015848
N16000391,2025-01,0.0031520730028128385,219.5552513783693,240.0
N16000391,2025-03,0.008309568278491497,83.06849109761869,192.87906327946158
N16000391,2025-04,0.008899856358766556,77.53587270347977,180.0327211918198
N16000391,2025-05,0.012559146620333195,54.843323691318744,127.34225409587468
N16000392,2024-07,0.00040504873632118965,240.0,240.0
N16000392,2024-09,0.0009621258941479027,240.0,240.0
N16000392,2024-10,0.000585435307584703,240.0,240.0
N16000392,2024-11,0.0006879825959913433,240.0,240.0
N16000392,2024-12,0.0005354242166504264,240.0,240.0
N16000392,2025-01,0.0003887053968743004,240.0,240.0
N16000392,2025-03,0.001190620823763311,240.0,240.0
N16000392,2025-04,0.0014879027148708701,240.0,240.0
N16000392,2025-05,0.0013896430609747767,240.0,240.0
N16000394,2024-07,0.0008997926862169825,240.0,240.0
N16000394,2024-09,0.0008906801813282073,240.0,240.0
N16000394,2024-10,0.0007404657662846148,240.0,240.0
N16000394,2024-11,0.00111652840860188,240.0,240.0
N16000394,2024-12,0.0015106077771633863,240.0,240.0
N16000394,2025-01,0.0008566741640942954,240.0,240.0
N16000394,2025-03,0.003427267773076892,201.8980558940964,240.0
N16000394,2025-04,0.004724170081317425,146.37674001802012,240.0
N16000394,2025-05,0.006078931037336588,113.6775920529189,240.0
N16000396,2024-07,0.000670698882914933,240.0,240.0
N16000396,2024-09,0.0017499610548838973,240.0,240.0
N16000396,2024-10,0.0010094725294038653,240.0,240.0
N16000396,2024-11,0.0015981749165803194,240.0,240.0
N16000396,2024-12,0.0017276272410526872,240.0,240.0
N16000396,2025-01,0.0008363964831640258,240.0,240.0
N16000396,2025-03,0.0025931443087756634,240.0,240.0
N16000396,2025-04,0.002874581376090646,240.0,240.0
N16000396,2025-05,0.0023160658311098814,240.0,240.0
N16000398,2024-07,0.001274426668929518,240.0,240.0
N16000398,2024-09,0.004202495329082012,164.59023275820326,240.0
N16000398,2024-10,0.0036109350621700287,191.6110257875535,240.0
N16000398,2024-11,0.004302604123950005,160.75263260361984,240.0
N16000398,2024-12,0.004875436425209045,141.8244535236125,240.0
N16000398,2025-01,0.0017221398729445614,240.0,240.0
N16000398,2025-03,0.004855237435549498,142.4159225381438,240.0
N16000398,2025-04,0.011747019365429878,58.65896143717891,136.20189057790006
N16000398,2025-05,0.008275804109871387,83.40881728479667,193.669276214896
N16000401,2024-07,0.006675384824379904,103.48932744577363,240.0
N16000402,2024-07,0.003210797646233998,215.53329817025448,240.0
N16000402,2024-09,0.006224052514880896,111.01896104635799,240.0
N16000402,2024-10,0.006192716769874096,111.58248505455131,240.0
N16000402,2024-11,0.008616337552666664,80.09861201238918,185.9832175930488
N16000402,2024-12,0.007565832696855068,91.26843950173263,211.91875385560053
N16000402,2025-01,0.005473477853534248,126.29054157820475,240.0
N16000402,2025-03,0.009361473843455315,73.69541020331846,171.1154434153339
N16000402,2025-04,0.010662369430065155,64.66154520465663,150.13945846952143
N16000402,2025-05,0.013195561245083809,52.18147300343574,121.16162819928388
N16000403,2024-07,0.00233226949266907,240.0,240.0
N16000403,2024-09,0.007484185975044966,92.26789848004056,214.23942573702112
N16000403,2024-10,0.010657085105776787,64.69378014860348,150.21430569150874
N16000403,2024-11,0.019539499655365944,35.126438587818,81.56106463039018
N16000405,2024-07,0.004123768059943189,167.7390670615835,240.0
N16000405,2024-09,0.003599720075726509,192.20907411165047,240.0
N16000405,2024-10,0.0077681224793195724,88.88266850904041,206.37916515970116
N16000405,2024-11,0.014937351457774639,46.05617706914078,106.93913147994508
N16000405,2024-12,0.010122458450496197,68.1290082299719,158.19065828598409
N16000409,2024-07,0.0008608307920073832,240.0,240.0
N16000409,2024-09,0.0008730003028176725,240.0,240.0
N16000409,2024-10,0.0006919907755218446,240.0,240.0
N16000409,2024-11,0.0006723249680362642,240.0,240.0
N16000409,2024-12,0.0007712259539403021,240.0,240.0
N16000409,2025-01,0.0003949058070675804,240.0,240.0
N16000409,2025-03,0.0010505098616704345,240.0,240.0
N16000409,2025-04,0.0013374105328693986,240.0,240.0
N16000409,2025-05,0.001510675298050046,240.0,240.0
N16000411,2024-07,0.0015071714647260093,240.0,240.0
N16000411,2024-09,0.003126696916297078,221.33996448289713,240.0
N16000411,2024-10,0.002159366151317954,240.0,240.0
N16000411,2024-11,0.002423142082989216,240.0,240.0
N16000411,2024-12,0.001829319866374135,240.0,240.0
N16000411,2025-01,0.0008256609374488466,240.0,240.0
N16000411,2025-03,0.006451020482927561,107.10073196298731,240.0
N16000411,2025-04,0.0058107213117182255,118.9407209426449,240.0
N16000411,2025-05,0.01975267194211483,34.743586373587824,80.6721093179793
N16000412,2024-07,0.00033542082696791375,240.0,240.0
N16000412,2024-09,0.0012786855222657323,240.0,240.0
N16000412,2024-10,0.0009019558201543987,240.0,240.0
N16000412,2024-11,0.0008686088840477169,240.0,240.0
N16000412,2024-12,0.0010561991948634386,240.0,240.0
N16000412,2025-01,0.00048604641317695485,240.0,240.0
N16000412,2025-03,0.0032964397687464952,209.92468888520054,240.0
N16000412,2025-04,0.002473269123584032,240.0,240.0
N16000412,2025-05,0.002978955628350377,232.3345246462519,240.0
N16000413,2024-07,0.001553526691641438,240.0,240.0
N16000413,2024-09,0.001572616514749825,240.0,240.0
N16000413,2024-10,0.0009304672130383551,240.0,240.0
N16000413,2024-11,0.0018462629523128271,240.0,240.0
N16000413,2024-12,0.003350606421008706,206.5253904379047,240.0
N16000413,2025-01,0.014486924394577327,47.498983577983346,110.28922444831298
N16000413,2025-03,0.2860269248485565,2.05736583819744,4.777055541172123
N16000414,2024-07,0.00028066626165790254,240.0,240.0
N16000414,2024-09,0.001010632491670549,240.0,240.0
N16000414,2024-10,0.0011930889450013638,240.0,240.0
N16000414,2024-11,0.0008550952770747244,240.0,240.0
N16000414,2024-12,0.0008321873028762639,240.0,240.0
N16000414,2025-01,0.0006936362412431896,240.0,240.0
N16000414,2025-03,0.0030017076060175896,230.57087417691852,240.0
N16000414,2025-04,0.0019820895977318287,240.0,240.0
N16000414,2025-05,0.0029083178378641605,237.9859367882682,240.0
N16000423,2024-07,0.003725853827674208,185.69034821786812,240.0
N16000423,2024-09,0.01025545783340931,67.24095739581476,156.12866810446644
N16000423,2024-10,0.006428078282624483,107.48422056530723,240.0
N16000423,2024-11,0.006359953433275223,108.63926159638525,240.0
N16000423,2024-12,0.007749352138489485,89.0988001519373,206.8810072935376
N16000423,2025-01,0.0037888787736483076,182.59576665929603,240.0
N16000423,2025-03,0.009786888025701046,70.47692197273453,163.64234516967676
N16000423,2025-04,0.01350863091647625,50.96407161115283,118.3349097037872
N16000423,2025-05,0.0220648106187582,31.066283559563043,72.1336766006868
N16000426,2024-07,0.001257039803145954,240.0,240.0
N16000426,2024-09,0.0075246412307024,91.76996411992927,213.08325795686898
N16000426,2024-10,0.002002493478357792,240.0,240.0
N16000426,2024-11,0.002084075240418315,240.0,240.0
N16000426,2024-12,0.002348674461245537,240.0,240.0
N16000426,2025-01,0.0020130972395179247,240.0,240.0
N16000426,2025-03,0.0038448057603091,179.93465991115767,240.0
N16000426,2025-04,0.004166519269347191,166.0143936609012,240.0
N16000426,2025-05,0.004886850249022245,141.49239474711013,240.0
N16000428,2024-07,0.0005141367224185123,240.0,240.0
N16000428,2024-09,0.0007573608309030533,240.0,240.0
N16000428,2024-10,0.0006833695224486291,240.0,240.0
N16000428,2024-11,0.00038275960832834244,240.0,240.0
N16000428,2024-12,0.0005803045933134854,240.0,240.0
N16000428,2025-01,0.000387769403545124,240.0,240.0
N16000428,2025-03,0.0015846557216718793,240.0,240.0
N16000428,2025-04,0.0013645588187500834,240.0,240.0
N16000428,2025-05,0.001860915799625218,240.0,240.0
N16000429,2024-07,0.001460324766316301,240.0,240.0
N16000429,2024-09,0.00475189508870244,145.52067730891466,240.0
N16000429,2024-10,0.002584579400718212,240.0,240.0
N16000429,2024-11,0.0034406043123453856,201.11410967348505,240.0
N16000429,2024-12,0.00397533318027854,174.01523068482607,240.0
N16000429,2025-01,0.004214576681751625,164.11742949263396,240.0
N16000429,2025-03,0.015605027787387371,44.07071377816613,102.32902848326351
N16000429,2025-04,0.045522574335336685,14.877184818120735,34.54375340202627
N16000429,2025-05,0.04372682794928551,15.502603811087534,35.99593133287204
N16000430,2024-07,0.0006849334941619878,240.0,240.0
N16000430,2024-09,0.0013176077045500278,240.0,240.0
N16000430,2024-10,0.0008893869235180318,240.0,240.0
N16000430,2024-11,0.0012607714161276817,240.0,240.0
N16000430,2024-12,0.0013823161134496331,240.0,240.0
N16000430,2025-01,0.0006814772648718881,240.0,240.0
N16000430,2025-03,0.003395881038159132,203.767323664297,240.0
N16000430,2025-04,0.005170389078557491,133.71405934647245,240.0
N16000430,2025-05,0.0062847984954714775,109.9425458345214,240.0
N16000431,2024-07,0.00037518752901821717,240.0,240.0
N16000431,2024-09,0.0009046747582033277,240.0,240.0
N16000431,2024-10,0.0005152629455551505,240.0,240.0
N16000431,2024-11,0.00040416602860204875,240.0,240.0
N16000431,2024-12,0.0004052848962601274,240.0,240.0
N16000431,2025-01,0.00024450267779674295,240.0,240.0
N16000431,2025-03,0.0008524821605533361,240.0,240.0
N16000431,2025-04,0.001000119373202324,240.0,240.0
N16000431,2025-05,0.0012527824146673083,240.0,240.0
N16000432,2024-07,0.0009478909797686619,240.0,240.0
N16000432,2024-09,0.0033128210343420506,208.88493586764605,240.0
N16000432,2024-10,0.0007085250108502805,240.0,240.0
N16000432,2024-11,0.00039568624924868345,240.0,240.0
N16000432,2024-12,0.0007906450773589313,240.0,240.0
N16000432,2025-01,0.00035960202777785,240.0,240.0
N16000432,2025-03,0.0016121945809572935,240.0,240.0
N16000432,2025-04,0.001233246410265565,240.0,240.0
N16000432,2025-05,0.001672692014835775,240.0,240.0
N16000433,2024-07,0.001951727149583582,240.0,240.0
N16000433,2024-09,0.00429824274033308,160.9160988512957,240.0
N16000433,2024-10,0.026051010936498642,26.25920621602307,60.971988662424835
N16000433,2024-11,0.07015374302864075,9.529627349025857,22.127109475510114
N16000434,2024-07,0.0006234720382426451,240.0,240.0
N16000434,2024-09,0.000896535231731832,240.0,240.0
N16000434,2024-10,0.0006273877224884927,240.0,240.0
N16000434,2024-11,0.0008256980217993259,240.0,240.0
N16000434,2024-12,0.0007514069438911974,240.0,240.0
N16000434,2025-01,0.00037386222629698374,240.0,240.0
N16000434,2025-03,0.000988932210020721,240.0,240.0
N16000434,2025-04,0.0009755507344380021,240.0,240.0
N16000434,2025-05,0.0010496519971638918,240.0,240.0
N16000435,2024-07,0.0007510161341556243,240.0,240.0
N16000435,2024-09,0.002121862256899476,240.0,240.0
N16000435,2024-10,0.001143016153946519,240.0,240.0
N16000435,2024-11,0.0008165116305463016,240.0,240.0
N16000435,2024-12,0.0009473459795117378,240.0,240.0
N16000435,2025-01,0.0004276341554755314,240.0,240.0
N16000435,2025-03,0.001223810133524239,240.0,240.0
N16000435,2025-04,0.001537773641757667,240.0,240.0
N16000435,2025-05,0.0019866167567670345,240.0,240.0
N16000436,2024-07,0.01864468811634301,36.82899659001064,85.51428188885656
N16000436,2024-09,0.039746563881635666,17.090256168197165,39.68234594575903
N16000436,2024-10,0.025700725615024567,26.621868428565108,61.814064242680196
N16000436,2024-11,0.03702336177229881,18.373133912391967,42.66109582231067
N16000436,2024-12,0.03742310404777527,18.17312840285574,42.19669741058624
N16000436,2025-01,0.05552965033949098,12.132596323561547,28.171016267604678
N16000437,2024-07,0.00034299350570343723,240.0,240.0
N16000437,2024-09,0.0011794824386015534,240.0,240.0
N16000437,2024-10,0.0005892211338505149,240.0,240.0
N16000437,2024-11,0.0006917461869306862,240.0,240.0
N16000437,2024-12,0.0006750932079739869,240.0,240.0
N16000437,2025-01,0.00024018330652764153,240.0,240.0
N16000437,2025-03,0.0008093686774373055,240.0,240.0
N16000437,2025-04,0.0009522203472442925,240.0,240.0
N16000437,2025-05,0.0009536739089526236,240.0,240.0
N16000438,2024-07,0.0006253493597888626,240.0,240.0
N16000438,2024-09,0.0014041715767234564,240.0,240.0
N16000438,2024-10,0.0007909238338470459,240.0,240.0
N16000438,2024-11,0.001155736274085939,240.0,240.0
N16000438,2024-12,0.0018963305046781898,240.0,240.0
N16000438,2025-01,0.0007800684562873084,240.0,240.0
N16000438,2025-03,0.008390464819967747,82.26423663584515,191.01164224923107
N16000438,2025-04,0.007569256238639355,91.22700203078657,211.8225390276298
N16000438,2025-05,0.008327284827828407,82.89102097718927,192.46699042083347
N16000439,2024-07,0.0008847477739429843,240.0,240.0
N16000439,2024-09,0.005203986074775457,132.8485584161051,240.0
N16000439,2024-10,0.001427696319296956,240.0,240.0
N16000439,2024-11,0.0009622139623388648,240.0,240.0
N16000439,2024-12,0.0021299293730407953,240.0,240.0
N16000439,2025-01,0.00059400806904919,240.0,240.0
N16000439,2025-03,0.002544234972447157,240.0,240.0
N16000439,2025-04,0.003312575165182352,208.90046567970336,240.0
N16000439,2025-05,0.004416761454194784,156.58878695371308,240.0
N16000440,2024-07,0.0037930522519644683,182.3944755426946,240.0
N16000440,2024-09,0.01067881565541029,64.56142561811254,149.90698798867618
N16000440,2024-10,0.002247835276648402,240.0,240.0
N16000440,2024-11,0.0032663284800946712,211.86311919340005,240.0
N16000440,2024-12,0.00540414173156023,127.91532690831575,240.0
N16000440,2025-01,0.0024644627483829673,240.0,240.0
N16000440,2025-03,0.00405730027705431,170.49269893824967,240.0
N16000440,2025-04,0.00636690016835928,108.52034959270888,240.0
N16000440,2025-05,0.008134987205266953,84.85864245358576,197.0356660069822
N16000441,2024-07,0.000704394891300808,240.0,240.0
N16000441,2024-09,0.002891210839152336,239.39612785287468,240.0
N16000441,2024-10,0.0019268400501459837,240.0,240.0
N16000441,2024-11,0.002111077541485429,240.0,240.0
N16000441,2024-12,0.002380489371716976,240.0,240.0
N16000441,2025-01,0.0012366876130558424,240.0,240.0
N16000441,2025-03,0.003130694618448615,221.05688411046702,240.0
N16000441,2025-04,0.0023998490069061518,240.0,240.0
N16000441,2025-05,0.00247096992097795,240.0,240.0
N16000442,2024-07,0.0007382690014525739,240.0,240.0
N16000442,2024-09,0.0041870069690048695,165.20036027767358,240.0
N16000442,2024-10,0.0010127100395038724,240.0,240.0
N16000442,2024-11,0.0011658425210043788,240.0,240.0
N16000442,2024-12,0.0013485843082889915,240.0,240.0
N16000442,2025-01,0.0006982727396361854,240.0,240.0
N16000442,2025-03,0.0023544097784906626,240.0,240.0
N16000442,2025-04,0.0032850790303200483,210.6518680852018,240.0
N16000442,2025-05,0.004823221825063229,143.36355600751696,240.0
N16000444,2024-07,0.000650004792311254,240.0,240.0
N16000444,2024-09,0.0027296217158436775,240.0,240.0
N16000444,2024-10,0.0016303182346746325,240.0,240.0
N16000444,2024-11,0.0011603748425841331,240.0,240.0
N16000444,2024-12,0.001047072815708816,240.0,240.0
N16000444,2025-01,0.00044271251412686397,240.0,240.0
N16000444,2025-03,0.0013597322395071387,240.0,240.0
N16000444,2025-04,0.001786326407454908,240.0,240.0
N16000444,2025-05,0.004022479988634586,171.97156000404155,240.0
N16000445,2024-07,0.0010740999206395596,240.0,240.0
N16000445,2024-09,0.005225695203989744,132.29522276440034,240.0
N16000445,2024-10,0.00270053930580616,240.0,240.0
N16000445,2024-11,0.0029488448053598404,234.71044815451083,240.0
N16000445,2024-12,0.001363009912893176,240.0,240.0
N16000445,2025-01,0.0010309304071617342,240.0,240.0
N16000445,2025-03,0.002443919191136956,240.0,240.0
N16000445,2025-04,0.0013230174081400037,240.0,240.0
N16000445,2025-05,0.0010263152653351426,240.0,240.0
N16000446,2024-07,0.002927081245070018,236.45815675533026,240.0
N16000446,2024-09,0.021777911111712456,31.480146574987664,73.09463676363603
N16000446,2024-10,0.004498418420553207,153.74002846804052,240.0
N16000446,2024-11,0.004397980868816376,157.2589461971344,240.0
N16000446,2024-12,0.0044483607634902,155.47397961322991,240.0
N16000446,2025-01,0.0023316113755640355,240.0,240.0
N16000446,2025-03,0.007841953076422215,88.04258248424924,204.4285458166163
N16000446,2025-04,0.0115323131904006,59.75753930060418,138.75270938340856
N16000446,2025-05,0.006730546243488789,102.6383150050334,238.3187872220862
N16000449,2024-07,0.000644242288326824,240.0,240.0
N16000449,2024-09,0.004664908163249493,148.2406860891567,240.0
N16000449,2024-10,0.0038073633331805468,181.70758856407664,240.0
N16000449,2024-11,0.0014596079709008336,240.0,240.0
N16000449,2024-12,0.001376127591356635,240.0,240.0
N16000449,2025-01,0.0006581707894427469,240.0,240.0
N16000449,2025-03,0.0037426280323415995,184.85654142975093,240.0
N16000449,2025-04,0.0075655425898730755,91.27195258881734,211.9269109912023
N16000449,2025-05,0.00852606724947691,80.95034130856264,187.9608717750726
N16000450,2024-07,0.0006841987597528965,240.0,240.0
N16000450,2024-09,0.0013428758829832077,240.0,240.0
N16000450,2024-10,0.0006066357018426061,240.0,240.0
N16000450,2024-11,0.0007525950786657631,240.0,240.0
N16000450,2024-12,0.0007822251063771546,240.0,240.0
N16000450,2025-01,0.00039440269432167163,240.0,240.0
N16000450,2025-03,0.0010743067832663655,240.0,240.0
N16000450,2025-04,0.0012552913976833224,240.0,240.0
N16000450,2025-05,0.0019031071569770575,240.0,240.0
N16000451,2024-07,0.0003838983228612314,240.0,240.0
N16000451,2024-09,0.0016579822404310107,240.0,240.0
N16000451,2024-10,0.0004509270656853914,240.0,240.0
N16000451,2024-11,0.00025111137074418366,240.0,240.0
N16000452,2024-07,0.002386480696124127,240.0,240.0
N16000452,2024-09,0.011064331978559494,62.29978149770615,144.65561296486777
N16000452,2024-10,0.007657431066036224,90.17252799729043,209.3741261439259
N16000452,2024-11,0.005718527361750603,120.86387839771344,240.0
N16000452,2024-12,0.00507209962233901,136.31195884925077,240.0
N16000452,2025-01,0.001717975985335518,240.0,240.0
N16000452,2025-03,0.006060224492102861,114.02956109167162,240.0
N16000452,2025-04,0.005671343766152859,121.872312440893,240.0
N16000452,2025-05,0.008154003880918026,84.65992560434428,196.5742597718009
N16000453,2024-07,0.0006572593565015161,240.0,240.0
N16000453,2024-09,0.0012636918108910322,240.0,240.0
N16000453,2024-10,0.0005982840666547418,240.0,240.0
N16000453,2024-11,0.0006816146778874099,240.0,240.0
N16000453,2024-12,0.000706125923898071,240.0,240.0
N16000453,2025-01,0.000532558960202989,240.0,240.0
N16000453,2025-03,0.0024212005082517862,240.0,240.0
N16000453,2025-04,0.0025446657091379166,240.0,240.0
N16000453,2025-05,0.0018257447518408298,240.0,240.0
N16000454,2024-07,0.0009987345086045485,240.0,240.0
N16000454,2024-09,0.0017487943405285478,240.0,240.0
N16000454,2024-10,0.000965452753007412,240.0,240.0
N16000454,2024-11,0.0013599083758890629,240.0,240.0
N16000454,2024-12,0.0009432762744836509,240.0,240.0
N16000454,2025-01,0.0006377450008242525,240.0,240.0
N16000454,2025-03,0.0022143269889056683,240.0,240.0
N16000454,2025-04,0.0025887535884976387,240.0,240.0
N16000454,2025-05,0.001187012530863285,240.0,240.0
N16000455,2024-07,0.0002619964438178579,240.0,240.0
N16000455,2024-09,0.0007621882250532508,240.0,240.0
N16000455,2024-10,0.0004164033744018525,240.0,240.0
N16000455,2024-11,0.0004224343574605882,240.0,240.0
N16000455,2024-12,0.0005524136358872056,240.0,240.0
N16000455,2025-01,0.00021028145171064772,240.0,240.0
N16000455,2025-03,0.0007404960924759507,240.0,240.0
N16000455,2025-04,0.0008772796718403697,240.0,240.0
N16000455,2025-05,0.0008954692748375237,240.0,240.0
N16000456,2024-07,0.0006791220358413064,240.0,240.0
N16000456,2024-09,0.0019370478112250566,240.0,240.0
N16000456,2024-10,0.0013618648517876863,240.0,240.0
N16000456,2024-11,0.001586270285770297,240.0,240.0
N16000456,2024-12,0.0016476637683808804,240.0,240.0
N16000456,2025-01,0.0004421554822966467,240.0,240.0
N16000456,2025-03,0.0014362991787493229,240.0,240.0
N16000456,2025-04,0.001543985097669065,240.0,240.0
N16000456,2025-05,0.001757201156578958,240.0,240.0
N16000457,2024-07,0.0002995149463057567,240.0,240.0
N16000457,2024-09,0.0013731445651501417,240.0,240.0
N16000457,2024-10,0.0010062226792797446,240.0,240.0
N16000457,2024-11,0.0007865408551879227,240.0,240.0
N16000457,2024-12,0.0009519020095467567,240.0,240.0
N16000457,2025-01,0.000244806829029387,240.0,240.0
N16000457,2025-03,0.0008134758681990206,240.0,240.0
N16000457,2025-04,0.0008730514673516154,240.0,240.0
N16000457,2025-05,0.0012381006963551044,240.0,240.0
N16000458,2024-07,0.0005363945667933301,240.0,240.0
N16000458,2024-09,0.0012768065789714456,240.0,240.0
N16000458,2024-10,0.000756511464715004,240.0,240.0
N16000458,2024-11,0.0008886224823072553,240.0,240.0
N16000458,2024-12,0.0010060884524136782,240.0,240.0
N16000458,2025-01,0.0007413957273204597,240.0,240.0
N16000458,2025-03,0.0008753130096010864,240.0,240.0
N16000458,2025-04,0.0008456401410512626,240.0,240.0
N16000458,2025-05,0.0009084143675863743,240.0,240.0
N16000470,2024-07,0.0005213525039530209,240.0,240.0
N16000470,2024-09,0.0006963451160117984,240.0,240.0
N16000470,2024-10,0.0003147741954308003,240.0,240.0
N16000470,2024-11,0.00043057597940787673,240.0,240.0
N16000470,2024-12,0.00025859277229756117,240.0,240.0
N16000470,2025-01,0.0001907910589460382,240.0,240.0
N16000470,2025-03,0.0013190165627747774,240.0,240.0
N16000470,2025-04,0.0016493691364303231,240.0,240.0
N16000470,2025-05,0.0015939396107569337,240.0,240.0
N16000477,2024-07,0.0007823593204152601,240.0,240.0
N16000477,2024-09,0.0025735152885317802,240.0,240.0
N16000477,2024-10,0.001022365759126842,240.0,240.0
N16000477,2024-11,0.001846933620981872,240.0,240.0
N16000477,2024-12,0.0035795082803815603,193.29634740262975,240.0
N16000477,2025-01,0.0025514214263433477,240.0,240.0
N16000477,2025-03,0.009587643668055534,71.94875457096236,167.05983463047303
N16000477,2025-04,0.006237158551812172,110.784948991738,240.0
N16000477,2025-05,0.006443698890507221,107.22281880645019,240.0
N16000478,2024-07,0.0004617804794139202,240.0,240.0
N16000478,2024-09,0.0010168891167268157,240.0,240.0
N16000478,2024-10,0.0006782286218367517,240.0,240.0
N16000478,2024-11,0.000554368132725358,240.0,240.0
N16000478,2024-12,0.000588875322137028,240.0,240.0
N16000478,2025-01,0.00035317527050793274,240.0,240.0
N16000478,2025-03,0.0010920973727479577,240.0,240.0
N16000478,2025-04,0.0010398998856544495,240.0,240.0
N16000478,2025-05,0.0011007824214175344,240.0,240.0
N16000479,2024-07,0.0005471404587066298,240.0,240.0
N16000479,2024-09,0.003412761026993394,202.75774610087328,240.0
N16000479,2024-10,0.0009932058164849877,240.0,240.0
N16000479,2024-11,0.001424795831553638,240.0,240.0
N16000480,2024-07,0.0007246654083636894,240.0,240.0
N16000480,2024-09,0.0025411376263946295,240.0,240.0
N16000480,2024-10,0.0016343536553904414,240.0,240.0
N16000480,2024-11,0.0013724628370255232,240.0,240.0
N16000480,2024-12,0.001094070146791637,240.0,240.0
N16000480,2025-01,0.0005670348711528383,240.0,240.0
N16000480,2025-03,0.0029184140730649233,237.16142579496426,240.0
N16000480,2025-04,0.00287454342469573,240.0,240.0
N16000480,2025-05,0.0037145463284105062,186.25666696682353,240.0
N16000481,2024-07,0.00044803879181909423,240.0,240.0
N16000481,2024-09,0.0008623082539997995,240.0,240.0
N16000481,2024-10,0.0005364174721762538,240.0,240.0
N16000481,2024-11,0.00042327219853177667,240.0,240.0
N16000481,2024-12,0.0004965655389241874,240.0,240.0
N16000481,2025-01,0.00027579411811906596,240.0,240.0
N16000481,2025-03,0.0005851301830261946,240.0,240.0
N16000481,2025-04,0.000664170307572931,240.0,240.0
N16000481,2025-05,0.00047774953418411314,240.0,240.0
N16000482,2024-07,0.002057225333739532,240.0,240.0
N16000482,2024-09,0.1136646568775177,5.744635372314491,13.33863026586074
N16000483,2024-07,0.0016938432482919152,240.0,240.0
N16000483,2024-09,0.00304626626893878,227.193169337285,240.0
N16000483,2024-10,0.0024021603167057037,240.0,240.0
N16000483,2024-11,0.0028033254202455282,240.0,240.0
N16000483,2024-12,0.003038437571376562,227.7794386111261,240.0
N16000483,2025-01,0.0015887379269433621,240.0,240.0
N16000483,2025-03,0.008608471602201462,80.17211933766805,186.15389631679383
N16000483,2025-04,0.010909353382885456,63.189755645351255,146.72206894200838
N16000483,2025-05,0.011989160440862179,57.467218382906545,133.4347488982982
N16000484,2024-07,0.0008729080005154266,240.0,240.0
N16000484,2024-09,0.003764202818274498,183.79503461541032,240.0
N16000484,2024-10,0.0006099853781051934,240.0,240.0
N16000484,2024-11,0.00062033865833655,240.0,240.0
N16000484,2024-12,0.000856879458297044,240.0,240.0
N16000484,2025-01,0.00033756917973493117,240.0,240.0
N16000484,2025-03,0.0012315723579376936,240.0,240.0
N16000484,2025-04,0.0012443691957741976,240.0,240.0
N16000484,2025-05,0.0012613149592652917,240.0,240.0
N16000485,2024-07,0.0020016219636432853,240.0,240.0
N16000485,2024-09,0.0053201476112008095,129.94032668961205,240.0
N16000485,2024-10,0.0025833516847342253,240.0,240.0
N16000485,2024-11,0.004006057512015104,172.67796477992192,240.0
N16000485,2024-12,0.00412796763703227,167.56806508786403,240.0
N16000485,2025-01,0.0012428112001167113,240.0,240.0
N16000485,2025-03,0.0054648155346512794,126.49127599689432,240.0
N16000485,2025-04,0.003578768577426672,193.33637193744593,240.0
N16000485,2025-05,0.0031681256368756294,218.44102492247396,240.0
N16000486,2024-07,0.001437980225087232,240.0,240.0
N16000486,2024-09,0.0033192129340022802,208.48201225426857,240.0
N16000486,2024-10,0.0019939467310905457,240.0,240.0
N16000486,2024-11,0.002149578183889389,240.0,240.0
N16000486,2024-12,0.003174221608787775,218.02085095284875,240.0
N16000486,2025-01,0.0014908740351620153,240.0,240.0
N16000486,2025-03,0.004102961625903845,168.59144469310127,240.0
N16000486,2025-04,0.004572930745780468,151.2292993928738,240.0
N16000486,2025-05,0.006404646672308445,107.87872579419083,240.0
N16000487,2024-07,0.0006641887256982892,240.0,240.0
N16000487,2024-09,0.0024750789161771536,240.0,240.0
N16000487,2024-10,0.0012601393973454833,240.0,240.0
N16000487,2024-11,0.0012107457732781768,240.0,240.0
N16000487,2024-12,0.0016886844532564282,240.0,240.0
N16000487,2025-01,0.0010834236701517952,240.0,240.0
N16000487,2025-03,0.0023622550070285797,240.0,240.0
N16000487,2025-04,0.0018803360871970654,240.0,240.0
N16000487,2025-05,0.001783111016266048,240.0,240.0
N16000488,2024-07,0.00149721370644873,240.0,240.0
N16000488,2024-09,0.004098097328096628,168.79196876012222,240.0
N16000488,2024-10,0.0019724033772945404,240.0,240.0
N16000488,2024-11,0.0037655264604836702,183.73030576939854,240.0
N16000488,2024-12,0.0038827257230877876,178.17397035264122,240.0
N16000488,2025-01,0.001993387524914403,240.0,240.0
N16000488,2025-03,0.011123213917016983,61.96814938584698,143.88558704717514
N16000488,2025-04,0.009845616295933723,70.05445898468456,162.66141648867347
N16000488,2025-05,0.009329894557595253,73.94602689497229,171.69735735273267
N16000489,2024-07,0.001228727682045072,240.0,240.0
N16000489,2024-09,0.003078314010053873,224.8242927007413,240.0
N16000489,2024-10,0.0015670222928747535,240.0,240.0
N16000489,2024-11,0.0020508470479398966,240.0,240.0
N16000489,2024-12,0.0023403139784932137,240.0,240.0
N16000490,2024-07,0.0008711095617687237,240.0,240.0
N16000490,2024-09,0.0034374191891402006,201.30078413201917,240.0
N16000490,2024-10,0.002801490481942892,240.0,240.0
N16000490,2024-11,0.001923504052683711,240.0,240.0
N16000490,2024-12,0.002290748292580247,240.0,240.0
N16000491,2024-07,0.0017384915737301831,240.0,240.0
N16000491,2024-09,0.009756524115800858,70.69733989440692,164.15413973462458
N16000491,2024-10,0.006345932371914387,108.88006268481476,240.0
N16000491,2024-11,0.006481722928583622,106.59177498606759,240.0
N16000491,2024-12,0.007088064216077328,97.44377467469651,226.25743808905148
N16000491,2025-01,0.0033410880900887063,207.11474320172024,240.0
N16000491,2025-03,0.012314570136368275,55.9394647331031,129.88741477675288
N16000491,2025-04,0.014147265814244747,48.64773713432042,112.95654760487382
N16000491,2025-05,0.013350228779017925,51.572897441935254,119.74855950517404
N16000492,2024-07,0.001435465300515415,240.0,240.0
N16000492,2024-09,0.0047309077344834805,146.16777917016677,240.0
N16000492,2024-10,0.002504273084923625,240.0,240.0
N16000492,2024-11,0.004173263441771269,165.7455464331946,240.0
N16000492,2024-12,0.003939383197575808,175.60642403099058,240.0
N16000494,2024-07,0.0009248769963287051,240.0,240.0
N16000494,2024-09,0.0019618389196693897,240.0,240.0
N16000494,2024-10,0.0014213460963219404,240.0,240.0
N16000494,2024-11,0.0010792695684358478,240.0,240.0
N16000494,2024-12,0.0012767761945724487,240.0,240.0
N16000494,2025-01,0.0005024928221366576,240.0,240.0
N16000494,2025-03,0.0012133156415075064,240.0,240.0
N16000494,2025-04,0.0011615531984716654,240.0,240.0
N16000494,2025-05,0.0008977442630566657,240.0,240.0
N16000495,2024-07,0.000346241506554823,240.0,240.0
N16000495,2024-09,0.0007532167946919799,240.0,240.0
N16000495,2024-10,0.0005980408750474453,240.0,240.0
N16000495,2024-11,0.0007520602666772902,240.0,240.0
N16000495,2024-12,0.0005236865836195648,240.0,240.0
N16000495,2025-01,0.0003114356168177901,240.0,240.0
N16000495,2025-03,0.0008652539108879864,240.0,240.0
N16000495,2025-04,0.0009213260491378605,240.0,240.0
N16000495,2025-05,0.001295646419748664,240.0,240.0
N16000496,2024-07,0.0003787813733616696,240.0,240.0
N16000496,2024-09,0.0009376142988912761,240.0,240.0
N16000496,2024-10,0.000676807772833854,240.0,240.0
N16000496,2024-11,0.0006941599422134459,240.0,240.0
N16000496,2024-12,0.000635705713648349,240.0,240.0
N16000496,2025-01,0.00039238416078213323,240.0,240.0
N16000496,2025-03,0.0006976383738219738,240.0,240.0
N16000496,2025-04,0.0007184065761975944,240.0,240.0
N16000496,2025-05,0.0007264806190505624,240.0,240.0
N16000497,2024-07,0.0013974780256610364,240.0,240.0
N16000497,2024-09,0.0023516975343227386,240.0,240.0
N16000497,2024-10,0.0022003245539963245,240.0,240.0
N16000497,2024-11,0.0026298549491912127,240.0,240.0
N16000497,2024-12,0.0023181536234915257,240.0,240.0
N16000497,2025-01,0.0009330959281224072,240.0,240.0
N16000497,2025-03,0.004007820039987564,172.60187318796156,240.0
N16000497,2025-04,0.004440282471477985,155.7574679047673,240.0
N16000497,2025-05,0.004450398962944746,155.4026164791918,240.0
N16000498,2024-07,0.0010025601353078617,240.0,240.0
N16000498,2024-09,0.0033290251158177853,207.86649637236266,240.0
N16000498,2024-10,0.0021238401532173157,240.0,240.0
N16000498,2024-11,0.0029847752302885056,231.8808511616474,240.0
N16000498,2024-12,0.002148678293451667,240.0,240.0
N16000498,2025-01,0.0016943484152672772,240.0,240.0
N16000498,2025-03,0.004810353275388479,143.74800763141883,240.0
N16000498,2025-04,0.005362128373235464,128.9202896849195,240.0
N16000498,2025-05,0.0054717520251870155,126.33048399843288,240.0
N16000499,2024-07,0.0008157841298760404,240.0,240.0
N16000499,2024-09,0.0018429646734148264,240.0,240.0
N16000499,2024-10,0.0009066223283298314,240.0,240.0
N16000499,2024-11,0.0011486115399748087,240.0,240.0
N16000499,2024-12,0.0015090327942743897,240.0,240.0
N16000499,2025-01,0.0011115852924400427,240.0,240.0
N16000499,2025-03,0.0034057863522320986,203.17368215205408,240.0
N16000499,2025-04,0.0032504841219633818,212.8975289071772,240.0
N16000499,2025-05,0.005408141296356916,127.82047097502009,240.0
N16000500,2024-07,0.0005356263959983565,240.0,240.0
N16000500,2024-09,0.0019047589739784598,240.0,240.0
N16000500,2024-10,0.0011266178917139769,240.0,240.0
N16000500,2024-11,0.001185487024486065,240.0,240.0
N16000500,2024-12,0.001332983374595642,240.0,240.0
N16000500,2025-01,0.001036847512757677,240.0,240.0
N16000500,2025-03,0.0037891350220888853,182.58339475868627,240.0
N16000500,2025-04,0.003310113912448287,209.05605270933327,240.0
N16000500,2025-05,0.0035162619315087795,196.77937397125433,240.0
N16000502,2024-07,0.03705562254110217,18.35683263026385,42.62324541735471
N16000502,2024-09,0.15569494664669037,4.095612132372806,9.509716875917958
N16000502,2024-10,0.0817146897315979,8.131031389623704,18.87967022397831
N16000502,2024-11,0.09930576384067535,6.627315184525446,15.388149320623256
N16000502,2024-12,0.09711957722902298,6.784575135095869,15.75329561805332
N16000502,2025-01,0.059086703127476436,11.380926702039787,26.425693455319955
N16000503,2024-07,0.002508725184537708,240.0,240.0
N16000503,2024-09,0.0090281767770648,76.42888929835992,177.46238532289794
N16000503,2024-10,0.0040666195563972,170.10119359386084,240.0
N16000503,2024-11,0.003801426850259304,181.99189340104996,240.0
N16000503,2024-12,0.006244063843041658,110.66204817758143,240.0
N16000503,2025-01,0.002025375676530383,240.0,240.0
N16000503,2025-03,0.004820078145712614,143.45728484565612,240.0
N16000503,2025-04,0.0050450838170945644,137.04375167553223,240.0
N16000503,2025-05,0.004917885642498732,140.59728531304674,240.0
N16000504,2024-07,0.0006225632579232032,240.0,240.0
N16000504,2024-09,0.001381678506731987,240.0,240.0
N16000504,2024-10,0.0007139324443414807,240.0,240.0
N16000504,2024-11,0.0009504352346993983,240.0,240.0
N16000504,2024-12,0.0008839150541462004,240.0,240.0
N16000504,2025-01,0.0004177183346893987,240.0,240.0
N16000504,2025-03,0.0012313242768868804,240.0,240.0
N16000504,2025-04,0.0013134473701938987,240.0,240.0
N16000504,2025-05,0.0015922937309369445,240.0,240.0
N16000505,2024-07,0.0005835030847974876,240.0,240.0
N16000505,2024-09,0.0031987729016691446,216.34482960967796,240.0
N16000505,2024-10,0.0010490912245586514,240.0,240.0
N16000505,2024-11,0.0011875203344970942,240.0,240.0
N16000505,2024-12,0.001338611589744687,240.0,240.0
N16000505,2025-01,0.000825898854002749,240.0,240.0
N16000505,2025-03,0.0018455523531883955,240.0,240.0
N16000505,2025-04,0.0013119770446792245,240.0,240.0
N16000505,2025-05,0.0013229941250756383,240.0,240.0
N16000506,2024-07,0.0003690249153900371,240.0,240.0
N16000506,2024-09,0.0007943976088427007,240.0,240.0
N16000506,2024-10,0.0006093148258514702,240.0,240.0
N16000506,2024-11,0.0007442072965204716,240.0,240.0
N16000506,2024-12,0.0006529014208354056,240.0,240.0
N16000506,2025-01,0.00037603366235561264,240.0,240.0
N16000506,2025-03,0.0013708939077332616,240.0,240.0
N16000506,2025-04,0.0009495987906120718,240.0,240.0
N16000506,2025-05,0.0012425759341567755,240.0,240.0
N16000507,2024-07,0.0005188839719013627,240.0,240.0
N16000507,2024-09,0.0015144028002396226,240.0,240.0
N16000507,2024-10,0.0007636000518687069,240.0,240.0
N16000507,2024-11,0.0008137270924635231,240.0,240.0
N16000507,2024-12,0.0005574484821408987,240.0,240.0
N16000507,2025-01,0.0002861046020604663,240.0,240.0
N16000507,2025-03,0.001152620417997241,240.0,240.0
N16000507,2025-04,0.0017093403730541468,240.0,240.0
N16000507,2025-05,0.003492486895993352,198.12130772629612,240.0
N16000508,2024-07,0.0002249793927060484,240.0,240.0
N16000508,2024-09,0.0009241407969966531,240.0,240.0
N16000508,2024-10,0.000502289563883096,240.0,240.0
N16000508,2024-11,0.0005151699297130108,240.0,240.0
N16000508,2024-12,0.000565379683393985,240.0,240.0
N16000508,2025-01,0.0002827298097696218,240.0,240.0
N16000508,2025-03,0.0007628716412000358,240.0,240.0
N16000508,2025-04,0.0006728775333613157,240.0,240.0
N16000508,2025-05,0.0009479282889515162,240.0,240.0
N16000509,2024-07,0.0004816948565400381,240.0,240.0
N16000509,2024-09,0.0015230457065626979,240.0,240.0
N16000509,2024-10,0.0009055936243385077,240.0,240.0
N16000509,2024-11,0.000825523748062551,240.0,240.0
N16000509,2024-12,0.0008788186823949218,240.0,240.0
N16000509,2025-01,0.00048827836731324403,240.0,240.0
N16000509,2025-03,0.0010106917470693588,240.0,240.0
N16000509,2025-04,0.002065303036943078,240.0,240.0
N16000509,2025-05,0.0022005559876561165,240.0,240.0
N16000510,2024-07,0.001204827639266326,240.0,240.0
N16000510,2024-09,0.0016204763669520617,240.0,240.0
N16000510,2024-10,0.0011518180835992098,240.0,240.0
N16000510,2024-11,0.001500095590017736,240.0,240.0
N16000510,2024-12,0.0025714063085615635,240.0,240.0
N16000510,2025-01,0.0014090080296332852,240.0,240.0
N16000510,2025-03,0.005031895823776722,137.4038367131509,240.0
N16000510,2025-04,0.004491903819143772,153.96350079288342,240.0
N16000510,2025-05,0.00574807683005929,120.24076145410456,240.0
N16000511,2024-07,0.000962151797277877,240.0,240.0
N16000511,2024-09,0.00195856811478734,240.0,240.0
N16000511,2024-10,0.0009758054511621594,240.0,240.0
N16000511,2024-11,0.0011187806958332658,240.0,240.0
N16000511,2024-12,0.0008801809744909406,240.0,240.0
N16000511,2025-01,0.000864439287338814,240.0,240.0
N16000511,2025-03,0.003158490639179945,219.108439133158,240.0
N16000511,2025-04,0.0019611313473433256,240.0,240.0
N16000511,2025-05,0.0023329996038228273,240.0,240.0
N16000512,2024-07,0.0004187066484355739,240.0,240.0
N16000512,2024-09,0.0010436559095978737,240.0,240.0
N16000512,2024-10,0.000679278455208987,240.0,240.0
N16000512,2024-11,0.0009004617459140718,240.0,240.0
N16000512,2024-12,0.0007740521687082946,240.0,240.0
N16000512,2025-01,0.00041994073176987445,240.0,240.0
N16000512,2025-03,0.001361370668746531,240.0,240.0
N16000512,2025-04,0.0014887062134221196,240.0,240.0
N16000512,2025-05,0.0020443343091756105,240.0,240.0
N16000513,2024-07,0.0008860966502411971,240.0,240.0
N16000513,2024-09,0.002724872436374426,240.0,240.0
N16000513,2024-10,0.0021937985438853502,240.0,240.0
N16000513,2024-11,0.0023780683986842632,240.0,240.0
N16000513,2024-12,0.0030090687796473503,230.0059731682747,240.0
N16000513,2025-01,0.002449274911045629,240.0,240.0
N16000513,2025-03,0.0059358193539083,116.42671379887355,240.0
N16000513,2025-04,0.003278201213106513,211.09455333657286,240.0
N16000513,2025-05,0.0037226034328341484,185.85278691540432,240.0
N16000514,2024-07,0.00027476268547488303,240.0,240.0
N16000514,2024-09,0.0005519160185940564,240.0,240.0
N16000514,2024-10,0.00038266985211521387,240.0,240.0
N16000514,2024-11,0.0004172775661572814,240.0,240.0
N16000514,2024-12,0.0002988902560900897,240.0,240.0
N16000514,2025-01,0.00021746352846530037,240.0,240.0
N16000514,2025-03,0.0008900956599973142,240.0,240.0
N16000514,2025-04,0.0009444224997423589,240.0,240.0
N16000514,2025-05,0.0009572702692821622,240.0,240.0
N16000515,2024-07,0.0003650756185096249,240.0,240.0
N16000515,2024-09,0.0018354887142777443,240.0,240.0
N16000515,2024-10,0.0012379144318401814,240.0,240.0
N16000515,2024-11,0.001358540146611631,240.0,240.0
N16000515,2024-12,0.0013037787284702063,240.0,240.0
N16000515,2025-01,0.0008169096789309993,240.0,240.0
N16000515,2025-03,0.00216835830360651,240.0,240.0
N16000515,2025-04,0.0036708605475723743,188.47737975420765,240.0
N16000515,2025-05,0.0036660104524344206,188.72719251689426,240.0
N16000518,2024-07,0.0008563233953349236,240.0,240.0
N16000518,2024-09,0.0022522727958858013,240.0,240.0
N16000518,2024-10,0.0015106645878404379,240.0,240.0
N16000518,2024-11,0.0015735691413283348,240.0,240.0
N16000518,2024-12,0.0015507908537983894,240.0,240.0
N16000518,2025-01,0.0007866393113278303,240.0,240.0
N16000518,2025-03,0.0020632401574403048,240.0,240.0
N16000518,2025-04,0.0024236792232841253,240.0,240.0
N16000518,2025-05,0.001623998861759901,240.0,240.0
N16000519,2024-07,0.0004560445089207832,240.0,240.0
N16000519,2024-09,0.0012872600927948952,240.0,240.0
N16000519,2024-10,0.0008679859456606209,240.0,240.0
N16000519,2024-11,0.0010541108204051852,240.0,240.0
N16000519,2024-12,0.0009452276863157749,240.0,240.0
N16000519,2025-01,0.000419429337467192,240.0,240.0
N16000519,2025-03,0.001168649410828948,240.0,240.0
N16000519,2025-04,0.0010798131115734577,240.0,240.0
N16000519,2025-05,0.0012697145575657487,240.0,240.0
N16000520,2024-07,0.00037125882095523366,240.0,240.0
N16000520,2024-09,0.0007810337119735777,240.0,240.0
N16000520,2024-10,0.0005523354629985988,240.0,240.0
N16000520,2024-11,0.0005450770840980113,240.0,240.0
N16000520,2024-12,0.0007838487508706748,240.0,240.0
N16000520,2025-01,0.0003497178882445606,240.0,240.0
N16000520,2025-03,0.00047064918908290565,240.0,240.0
N16000520,2025-04,0.000566813861951232,240.0,240.0
N16000520,2025-05,0.0006252462626434863,240.0,240.0
N16000521,2024-07,0.0011935177159618782,240.0,240.0
N16000521,2024-09,0.0024810584727674723,240.0,240.0
N16000521,2024-10,0.001672405400313437,240.0,240.0
N16000521,2024-11,0.0018487585475668311,240.0,240.0
N16000521,2024-12,0.0014878552174195647,240.0,240.0
N16000521,2025-01,0.0008920505337964846,240.0,240.0
N16000521,2025-03,0.0025954735465347767,240.0,240.0
N16000521,2025-04,0.0032564932480454445,212.50403416769458,240.0
N16000521,2025-05,0.0035190412309020758,196.62368578150648,240.0
N16000522,2024-07,0.0012469326601711739,240.0,240.0
N16000522,2024-09,0.0041654095984995365,166.05871258006334,240.0
N16000522,2024-10,0.0015306203858926892,240.0,240.0
N16000522,2024-11,0.0018556567374616861,240.0,240.0
N16000522,2024-12,0.0019307514885440469,240.0,240.0
N16000522,2025-01,0.0009813682889885378,240.0,240.0
N16000522,2025-03,0.0028003291226923466,240.0,240.0
N16000522,2025-04,0.003006128827109933,230.23125512293902,240.0
N16000522,2025-05,0.003098849905654788,223.33209627701305,240.0
N16000523,2024-07,0.0015323255998782592,240.0,240.0
N16000523,2024-09,0.004383774474263191,157.76969633747035,240.0
N16000523,2024-10,0.00219164090231061,240.0,240.0
N16000523,2024-11,0.002689223038032651,240.0,240.0
N16000523,2024-12,0.002108365995809436,240.0,240.0
N16000523,2025-01,0.0016361567734334281,240.0,240.0
N16000523,2025-03,0.0043580783531069756,158.70198518534414,240.0
N16000523,2025-04,0.004468464758247137,154.77292765387776,240.0
N16000523,2025-05,0.00611756881698966,112.95742558411331,240.0
N16000524,2024-07,0.0014758423102869678,240.0,240.0
N16000524,2024-09,0.003928157966583967,176.10923429859707,240.0
N16000524,2024-10,0.002176502486690879,240.0,240.0
N16000524,2024-11,0.0023738297168165445,240.0,240.0
N16000524,2024-12,0.0029332274571061134,235.9619612879676,240.0
N16000524,2025-01,0.0014871128765393538,240.0,240.0
N16000524,2025-03,0.003034303430467844,228.09025345033433,240.0
N16000524,2025-04,0.0028104311786592007,240.0,240.0
N16000524,2025-05,0.0043201507069170475,160.09831530152516,240.0
N16000525,2024-07,0.0006685008868448916,240.0,240.0
N16000525,2024-09,0.001333593507297337,240.0,240.0
N16000525,2024-10,0.0007966099656186998,240.0,240.0
N16000525,2024-11,0.0007791578536853194,240.0,240.0
N16000525,2024-12,0.0011673966655507684,240.0,240.0
N16000525,2025-01,0.00046669668154275534,240.0,240.0
N16000525,2025-03,0.0008219475857913494,240.0,240.0
N16000525,2025-04,0.0006891355733387172,240.0,240.0
N16000525,2025-05,0.0006968808593228459,240.0,240.0
N16000526,2024-07,0.0004818562568309481,240.0,240.0
N16000526,2024-09,0.0006143624777905643,240.0,240.0
N16000526,2024-10,0.0007233849028125405,240.0,240.0
N16000526,2024-11,0.0005022957921028137,240.0,240.0
N16000526,2024-12,0.0005092135397717357,240.0,240.0
N16000526,2025-01,0.00024394122965265552,240.0,240.0
N16000526,2025-03,0.0009687666315585375,240.0,240.0
N16000526,2025-04,0.0015178321627900004,240.0,240.0
N16000526,2025-05,0.0018531882669776678,240.0,240.0
N16000527,2024-07,0.002258976818548697,240.0,240.0
N16000527,2024-09,0.005680601112544537,121.67313833285114,240.0
N16000527,2024-10,0.005974847357720137,115.6639402912367,240.0
N16000527,2024-11,0.005558990407735109,124.34250477643434,240.0
N16000527,2024-12,0.00732902716845274,94.22860678856249,218.79204944445726
N16000527,2025-01,0.0032065130860604585,215.8217585220495,240.0
N16000527,2025-03,0.012230383232235909,56.32691520708361,130.78704691766563
N16000527,2025-04,0.010975746437907219,62.805412252255636,145.82965121949533
N16000527,2025-05,0.010362199507653713,66.54472158962906,154.51205862541735
N16000528,2024-07,0.0007516395409254972,240.0,240.0
N16000528,2024-09,0.0014570666244253516,240.0,240.0
N16000528,2024-10,0.0009408331825397909,240.0,240.0
N16000528,2024-11,0.0010185494320467114,240.0,240.0
N16000528,2024-12,0.0007985169067978859,240.0,240.0
N16000528,2025-01,0.0003519645026304197,240.0,240.0
N16000528,2025-03,0.0011023784754797816,240.0,240.0
N16000528,2025-04,0.0009278838988393545,240.0,240.0
N16000528,2025-05,0.0010215932270511985,240.0,240.0
N16000529,2024-07,0.0008159524291184717,240.0,240.0
N16000529,2024-09,0.0014980435371398926,240.0,240.0
N16000529,2024-10,0.0008008528384380043,240.0,240.0
N16000529,2024-11,0.00046463534818030894,240.0,240.0
N16000529,2024-12,0.0006712576723657548,240.0,240.0
N16000529,2025-01,0.0003676052315183531,240.0,240.0
N16000529,2025-03,0.0013928647385910153,240.0,240.0
N16000529,2025-04,0.0011706833029165864,240.0,240.0
N16000529,2025-05,0.0016752165975049138,240.0,240.0
N16000530,2024-07,0.00039588408257618113,240.0,240.0
N16000530,2024-09,0.0007911869324743748,240.0,240.0
N16000530,2024-10,0.0005162670859135687,240.0,240.0
N16000530,2024-11,0.0005096964305266738,240.0,240.0
N16000530,2024-12,0.0005784315289929509,240.0,240.0
N16000530,2025-01,0.0003044912833304325,240.0,240.0
N16000530,2025-03,0.0006173324072733521,240.0,240.0
N16000530,2025-04,0.0006579877808690071,240.0,240.0
N16000530,2025-05,0.0007067500264383852,240.0,240.0
N16000531,2024-07,0.0003722504078399469,240.0,240.0
N16000531,2024-09,0.0007680872222408652,240.0,240.0
N16000531,2024-10,0.00048327771946787834,240.0,240.0
N16000531,2024-11,0.0007455663289874792,240.0,240.0
N16000531,2024-12,0.0003192209405824542,240.0,240.0
N16000531,2025-01,0.00024359345596625115,240.0,240.0
N16000531,2025-03,0.0006347198504954576,240.0,240.0
N16000531,2025-04,0.0007063595112413168,240.0,240.0
N16000531,2025-05,0.0007151700556278229,240.0,240.0
N16000532,2024-09,0.0020355703309178352,240.0,240.0
N16000532,2024-10,0.0031228128354996443,221.61569340945465,240.0
N16000532,2024-11,0.0010927749099209905,240.0,240.0
N16000532,2024-12,0.0014771072892472148,240.0,240.0
N16000532,2025-01,0.00040735321147800096,240.0,240.0
N16000532,2025-03,0.0005947579047642648,240.0,240.0
N16000532,2025-04,0.0011627764906734228,240.0,240.0
N16000532,2025-05,0.0014143041335046291,240.0,240.0
N16000533,2024-09,0.0011271674884483218,240.0,240.0
N16000533,2024-10,0.004383272957056761,157.78778745010945,240.0
N16000533,2024-11,0.002028593560680747,240.0,240.0
N16000533,2024-12,0.0006993612041696906,240.0,240.0
N16000533,2025-01,0.00037080984420001517,240.0,240.0
N16000533,2025-03,0.0008309546974487603,240.0,240.0
N16000533,2025-04,0.0011645406484603882,240.0,240.0
N16000533,2025-05,0.0014556186506524682,240.0,240.0
N16000534,2024-09,0.002014023019000888,240.0,240.0
N16000534,2024-10,0.0022910775151103735,240.0,240.0
N16000534,2024-11,0.0011939267860725522,240.0,240.0
N16000534,2024-12,0.001211253460496664,240.0,240.0
N16000534,2025-01,0.0006474817742724293,240.0,240.0
N16000534,2025-03,0.001311065861955285,240.0,240.0
N16000534,2025-04,0.002489011036232114,240.0,240.0
N16000534,2025-05,0.002463642042130232,240.0,240.0
N16000535,2024-09,0.0023018596693873405,240.0,240.0
N16000535,2024-10,0.0037709467578679323,183.46571603688938,240.0
N16000535,2024-11,0.0013643327401950955,240.0,240.0
N16000535,2024-12,0.0008488216553814709,240.0,240.0
N16000535,2025-01,0.0005365405134872825,240.0,240.0
N16000535,2025-03,0.0009344197460450232,240.0,240.0
N16000535,2025-04,0.0019504432566463947,240.0,240.0
N16000535,2025-05,0.0020761359483003616,240.0,240.0
N16000536,2024-09,0.00138424604665488,240.0,240.0
N16000536,2024-10,0.0026615289971232414,240.0,240.0
N16000536,2024-11,0.0012265840778127313,240.0,240.0
N16000536,2024-12,0.0018013358348980546,240.0,240.0
N16000536,2025-01,0.0011034118009597416,240.0,240.0
N16000536,2025-03,0.002267687814310193,240.0,240.0
N16000536,2025-04,0.0016109308926388621,240.0,240.0
N16000536,2025-05,0.0015751790488138795,240.0,240.0
N16000537,2024-09,0.0008805495453998446,240.0,240.0
N16000537,2024-10,0.002222375711426139,240.0,240.0
N16000537,2024-11,0.0010567416902631521,240.0,240.0
N16000537,2024-12,0.0014605867909267545,240.0,240.0
N16000537,2025-01,0.0007944217160159583,240.0,240.0
N16000537,2025-03,0.0007526202243752778,240.0,240.0
N16000537,2025-04,0.0012744901468977332,240.0,240.0
N16000537,2025-05,0.0017159634735435247,240.0,240.0
N16000538,2024-12,0.0016058580949902534,240.0,240.0
N16000538,2025-01,0.001176955351996134,240.0,240.0
N16000538,2025-03,0.0011038790689781308,240.0,240.0
N16000538,2025-04,0.001008577411994338,240.0,240.0
N16000538,2025-05,0.0010968931019306183,240.0,240.0
N16000539,2024-12,0.0012875121319666505,240.0,240.0
N16000539,2025-01,0.0015947734238682676,240.0,240.0
N16000539,2025-03,0.0011257827281951904,240.0,240.0
N16000539,2025-04,0.0010547552956268191,240.0,240.0
N16000539,2025-05,0.0010869271354749799,240.0,240.0
N16000540,2025-03,0.0009032117668539286,240.0,240.0
N16000540,2025-04,0.0012115902500227094,240.0,240.0
N16000540,2025-05,0.0006043512839823961,240.0,240.0
N18000010,2024-07,0.008503765142265696,81.16355446308573,188.4559373887593
N18000010,2024-09,0.019713575020432472,34.81318347627655,80.83370878603502
N18000010,2024-10,0.012813389301300049,53.74821892919977,124.79949958186569
N18000010,2024-11,0.013905392959713936,49.499981290581644,114.93539725500032
N18000010,2024-12,0.014003574848175049,49.15048561548454,114.12389342795073
N18000010,2025-01,0.0070264730861023805,98.30097123096914,228.24778685590158
N18000010,2025-03,0.015674076974391937,43.87503375028092,101.8746735289085
N18000010,2025-04,0.017224177718162537,39.895109131939094,92.63357474204675
N18000010,2025-05,0.018376672640442848,37.37121712941438,86.7732789929231
N18000014,2024-07,0.0023078650738765916,240.0,240.0
N18000014,2024-09,0.03235534951090813,21.07448112735499,48.93342981477904
N18000014,2024-10,0.008853031322360039,77.94781033128353,180.98921074315865
N18000014,2024-11,0.011727179400622845,58.75878892672391,136.4336828305167
N18000014,2024-12,0.011661849915981293,59.08990379638922,137.20250774902755
N18000014,2025-01,0.001836418114015248,240.0,240.0
N18000014,2025-03,0.00572989322245121,120.6234430863062,240.0
N18000014,2025-04,0.007335444912314415,94.14586269371216,218.59992360593827
N18000014,2025-05,0.0084046246483922,82.12505508144554,190.68847268778052
N18000042,2024-07,0.004127938031995293,167.5692693533376,240.0
N18000042,2024-09,0.008724039420485497,79.10547054296316,183.67721451299082
N18000042,2024-10,0.003720370354130864,185.96454965665635,240.0
N18000042,2024-11,0.0040003578178584576,172.92449012567315,240.0
N18000042,2024-12,0.005446332506835461,126.92172331092398,240.0
N18000042,2025-01,0.0028937525597628744,239.1855501327452,240.0
N18000042,2025-03,0.007692771032452583,89.75668648675811,208.4085720576005
N18000042,2025-04,0.007261444348841906,95.10883313460026,220.83587172718242
N18000042,2025-05,0.008532955311238766,80.88471515895158,187.80849257453139
N18000142,2024-07,0.008428797868249793,81.88852924502142,190.13927670302064
N18000142,2024-09,0.05720406398177147,11.767120895020193,27.32240860208351
N18000142,2024-10,0.026085887104272842,26.22363085807128,60.8893852393109
N18000142,2024-11,0.028820600360631943,23.70214464304831,55.03467555577786
N18000142,2024-12,0.024849098175764084,27.546231955542204,63.960369885857496
N18000142,2025-01,0.024655353803344493,27.765439461674823,64.46935395295701
N18000142,2025-03,0.06821485608816147,9.810580631819402,22.77946279617928
N18000142,2025-04,0.08410000056028366,7.890293018442825,18.320693036416003
N18000142,2025-05,0.08686476945877075,7.627790474376941,17.711181004370022
N18000172,2024-07,0.0013629912812050948,240.0,240.0
N18000172,2024-09,0.0018154666759073734,240.0,240.0
N18000172,2024-10,0.0020931640174239874,240.0,240.0
N18000172,2024-11,0.0013117552734911442,240.0,240.0
N18000172,2024-12,0.0014154621167108417,240.0,240.0
N18000172,2025-01,0.0006856823250304123,240.0,240.0
N18000172,2025-03,0.0020557274110615253,240.0,240.0
N18000172,2025-04,0.0025227400474250317,240.0,240.0
N18000172,2025-05,0.0028957107570022345,239.02356855411236,240.0
N18000177,2024-07,0.0015818926807713574,240.0,240.0
N18000177,2024-09,0.011319798417389393,60.88594233233574,141.37278008514213
N18000177,2024-10,0.005022465251386166,137.66248871945388,240.0
N18000177,2024-11,0.005687058437615633,121.53459127697076,240.0
N18000177,2024-12,0.002229793928563595,240.0,240.0
N18000177,2025-01,0.009979470524851597,69.1101573468203,160.4688159856683
N18000177,2025-03,0.026754476130008698,25.559568925601134,59.34748118156327
N18000177,2025-04,0.03271348774433136,20.839927153765316,48.38881235373371
N18000177,2025-05,0.037376780062913895,18.19608683690957,42.25000524363044
N18000178,2024-07,0.0012319830508288332,240.0,240.0
N18000178,2024-09,0.022252604365348816,30.80116281645408,71.51808529872469
N18000178,2024-10,0.005210257600992918,132.68823226453554,240.0
N18000178,2024-11,0.006361737847328186,108.60869177755822,240.0
N18000178,2024-12,0.006045601796358824,114.306208106459,240.0
N18000178,2025-01,0.0010297976831153965,240.0,240.0
N18000178,2025-03,0.0064801848493516445,106.61715710310179,240.0
N18000178,2025-04,0.008972394280135632,76.90621845752062,178.57070930806216
N18000178,2025-05,0.010073511861264706,68.46173268172662,158.96322053836934
N18000184,2024-07,0.014832337057590683,46.384725404384106,107.70199709007503
N18000184,2024-09,0.04593595117330551,14.74013724048427,34.2255387811759
N18000184,2024-10,0.011210190132260323,61.48465964616774,142.76295863702416
N18000184,2024-11,0.014131784439086914,48.701412228775055,113.08117731468374
N18000194,2024-07,0.0015903530793395237,240.0,240.0
N18000194,2024-09,0.002206088975071907,240.0,240.0
N18000194,2024-10,0.001960646826773882,240.0,240.0
N18000194,2024-11,0.002591245574876666,240.0,240.0
N18000194,2024-12,0.0026585194282233715,240.0,240.0
N18000194,2025-01,0.0017909352771560139,240.0,240.0
N18000194,2025-03,0.002726313890889287,240.0,240.0
N18000194,2025-04,0.003805967280641198,181.7743673281397,240.0
N18000194,2025-05,0.0031717540696263313,218.19073520820703,240.0
N18000212,2024-07,0.025814754523812322,26.502730048871474,61.53743349169019
N18000212,2024-09,0.1158398687839508,5.629983514826982,13.07241689682947
N18000212,2024-10,0.004767684265971184,145.0376057658298,240.0
N18000212,2024-11,0.09090492874383926,7.272890261828098,16.887128229971367
N18000212,2024-12,0.0404580719769001,16.783522707510112,38.97013290574774
N18000249,2024-07,0.0033209264829278107,208.37425959560372,240.0
N18000249,2024-09,0.008146079257130623,84.74262207850441,196.76627503850148
N18000249,2024-10,0.0065684267319738865,105.18016949700889,240.0
N18000249,2024-11,0.0068153575994074345,101.3567454597073,235.34307488924148
N18000249,2024-12,0.0058648851700127125,117.83906308925708,240.0
N18000249,2025-01,0.006773667426236196,101.98270797132525,236.79651483131346
N18000249,2025-03,0.007007948588579893,98.56173388827406,228.85325899599536
N18000249,2025-04,0.008177248761057854,84.41828101146923,196.01317840262675
N18000249,2025-05,0.0070284646935760975,98.27301792657838,228.18288129309173
N18000250,2024-07,0.009109276314977044,75.74535090353055,175.87525832000944
N18000250,2024-09,0.04389480873942375,15.441930655904388,35.855052629246835
N18000250,2024-10,0.026907289400696754,25.412423454107056,59.005819977265716
N18000250,2024-11,0.026391400024294853,25.916012260731076,60.17511697563683
N18000250,2024-12,0.026610437780618668,25.699812055877633,59.67311564586721
N18000250,2025-01,0.01291349786222673,53.32885137230769,123.82575826943369
N18000250,2025-03,0.041268423199653625,16.447058644255215,38.188887544356234
N18000250,2025-04,0.03905069828033447,17.40105609278934,40.40400102255848
N18000250,2025-05,0.044872552156448364,15.097793939029232,35.05599191785211
N18000264,2024-07,0.03370562039074154,20.21618183489077,46.940520573784426
N18000264,2024-09,0.11623302102088928,5.609718397563568,13.025362751709363
N18000264,2024-10,0.03146948665380478,21.677587977003007,50.333800553195786
N18000264,2024-11,0.03548651188611984,19.184033497838445,44.54394635189136
N18000264,2024-12,0.035664115101099014,19.086752278425113,44.318066355430645
N18000264,2025-01,0.01607952696436732,42.75992613990281,99.28547383954886
N18000272,2024-07,0.0018663063876541708,240.0,240.0
N18000272,2024-09,0.0023225557524710894,240.0,240.0
N18000272,2024-10,0.00152811489533633,240.0,240.0
N18000272,2024-11,0.001502121682278812,240.0,240.0
N18000272,2024-12,0.0018246510298922658,240.0,240.0
N18000272,2025-01,0.0008707636233877825,240.0,240.0
N18000272,2025-03,0.0014403103850781918,240.0,240.0
N18000272,2025-04,0.004223824944347143,163.757326782371,240.0
N18000272,2025-05,0.010903180576860905,63.2257272845166,146.80559250160556
N18000275,2024-07,0.0016477994947504682,240.0,240.0
N18000275,2024-09,0.021922826766967773,31.26974661298418,72.6061031806969
N18000275,2024-10,0.004929122980684042,140.27596238619307,240.0
N18000275,2024-11,0.005747864488512278,120.24521629867108,240.0
N18000275,2024-12,0.005303071811795235,130.35985023621154,240.0
N18000275,2025-01,0.001059561249696861,240.0,240.0
N18000275,2025-03,0.0017780071357265115,240.0,240.0
N18000275,2025-04,0.0024366979487240314,240.0,240.0
N18000275,2025-05,0.003730054246261716,185.48085132940398,240.0
N18000277,2024-07,0.010213661729756796,67.51754235872113,156.77087850046215
N18000277,2024-09,0.037094563245773315,18.337193757923774,42.57764536791638
N18000277,2024-10,0.007350866217166185,93.94762621685523,218.13963276089268
N18000277,2024-11,0.007422822993248701,93.03353081473323,216.01716896529823
N18000277,2024-12,0.01501635555177927,45.81203357440026,106.37224784032307
N18000278,2024-07,0.0007541669578176036,240.0,240.0
N18000278,2024-09,0.0012774828355759382,240.0,240.0
N18000278,2024-10,0.0006704821134917438,240.0,240.0
N18000278,2024-11,0.0007897117175161839,240.0,240.0
N18000278,2024-12,0.0008848069119267166,240.0,240.0
N18000278,2025-01,0.0005856165598493446,240.0,240.0
N18000278,2025-03,0.002514418214559555,240.0,240.0
N18000278,2025-04,0.003110452787950635,222.49770925147766,240.0
N18000278,2025-05,0.0046256170608103275,149.50282653949344,240.0
N18000279,2024-07,0.0007532146029882725,240.0,240.0
N18000279,2024-09,0.001435288810171187,240.0,240.0
N18000279,2024-10,0.0005973800434730947,240.0,240.0
N18000279,2024-11,0.0007102129748091102,240.0,240.0
N18000279,2024-12,0.0008763244259171188,240.0,240.0
N18000279,2025-01,0.0003343701178489811,240.0,240.0
N18000279,2025-03,0.0007946875994093716,240.0,240.0
N18000279,2025-04,0.0009080664603970945,240.0,240.0
N18000279,2025-05,0.0008956988458521664,240.0,240.0
N18000286,2024-07,0.002101453140826437,240.0,240.0
N18000286,2024-09,0.014516903087496758,47.40017475943547,110.05979747650404
N18000286,2024-10,0.01348194107413292,51.06565305702084,118.5707745168674
N18000286,2024-11,0.009926080703735352,69.48375337126514,161.336279090965
N18000286,2024-12,0.005148000083863735,134.2971005559849,240.0
N18000286,2025-01,0.002262417918505677,240.0,240.0
N18000286,2025-03,0.006071551702916622,113.81617732637744,240.0
N18000286,2025-04,0.007450527045875788,92.68630286086085,215.21093062387172
N18000286,2025-05,0.3939637839794159,1.3840369075472292,3.2136341799949344
N18000291,2024-07,0.0012753125547643185,240.0,240.0
N18000291,2024-09,0.00263170781545341,240.0,240.0
N18000291,2024-10,0.0008997374097816646,240.0,240.0
N18000291,2024-11,0.001218831050209701,240.0,240.0
N18000291,2024-12,0.0013256743550300598,240.0,240.0
N18000291,2025-01,0.00048534545621437,240.0,240.0
N18000291,2025-03,0.001062501221895218,240.0,240.0
N18000291,2025-04,0.001178173697553575,240.0,240.0
N18000291,2025-05,0.0013377118157222867,240.0,240.0
N18000292,2024-07,0.005771118139550224,119.75931133682845,240.0
N18000292,2024-09,0.026340549811720848,25.966717963571124,60.292851971632146
N18000292,2024-10,0.2511526644229889,2.396607577863187,5.564750467460486
N18000292,2024-11,0.16915296018123627,3.740482402027982,8.685131177700537
N18000292,2024-12,0.13863500952720642,4.644608333189603,10.784446578580903
N18000293,2024-07,0.0039941602118329644,173.19334981134543,240.0
N18000293,2024-09,0.030277162790298462,22.545049941227866,52.347984859175654
N18000293,2024-10,0.001911000581458211,240.0,240.0
N18000293,2024-11,0.0023954245261847973,240.0,240.0
N18000293,2024-12,0.002471323823556304,240.0,240.0
N18000293,2025-01,0.0012733038097630933,240.0,240.0
N18000293,2025-03,0.0026819792110472918,240.0,240.0
N18000293,2025-04,0.0032963850535452366,209.92817908890748,240.0
N18000293,2025-05,0.5793138146400452,1.0,1.8587563899650072
N18000294,2024-07,0.0011769862384087837,240.0,240.0
N18000294,2024-09,0.008096134290099144,85.2675422521613,197.98510193728856
N18000294,2024-10,0.1715656816959381,3.682688160954757,8.550937105629922
N18000294,2024-11,0.17633776366710663,3.573020479206362,8.296296634277157
N18000294,2024-12,0.16964183747768402,3.7286394725719707,8.657632747070856
N18000295,2024-07,0.003035110280061426,228.0295260211595,240.0
N18000295,2024-09,0.014632539823651314,47.02283254376469,109.183635984551
N18000295,2024-10,0.002235312946140766,240.0,240.0
N18000295,2024-11,0.0025299920234829187,240.0,240.0
N18000295,2024-12,0.0031288734171539545,221.1857550713797,240.0
N18000295,2025-01,0.0018052716416888659,240.0,240.0
N18000295,2025-03,0.0038752492982894182,178.51838658992523,240.0
N18000295,2025-04,0.003859500866383314,179.24823477491424,240.0
N18000295,2025-05,0.008729896508157253,79.05216366450448,183.55343977424684
N18000296,2024-07,0.0018944044880053745,240.0,240.0
N18000296,2024-09,0.013355097733438015,51.553968256260575,119.70460729714267
N18000296,2024-10,0.005052854306995869,136.832466208001,240.0
N18000296,2024-11,0.0037281515542417765,185.57569006525503,240.0
N18000296,2024-12,0.004624039400368929,149.55395333494909,240.0
N18000296,2025-01,0.0016206011734285486,240.0,240.0
N18000296,2025-03,0.006443582940846682,107.22475448748038,240.0
N18000296,2025-04,0.006566749885678291,105.20711637482015,240.0
N18000296,2025-05,0.31258803606033325,1.8492726855227866,4.29387820362316
N18000297,2024-07,0.004148283144933318,166.74572948738515,240.0
N18000297,2024-09,0.008914660662412643,77.40653399238737,179.73240600477786
N18000297,2024-10,0.004011011216789484,172.46427433220558,240.0
N18000297,2024-11,0.004146200604736805,166.82965630900736,240.0
N18000297,2024-12,0.007930014282464981,87.06102859148506,202.14944825636107
N18000297,2025-01,0.0040185056623660564,172.14198413528626,240.0
N18000297,2025-03,0.011523846536874771,59.801699214729325,138.85524552868353
N18000297,2025-04,0.011574771255254745,59.53706310869857,138.24077951916914
N18000297,2025-05,0.011350867338478565,60.7183367051338,140.98361187048073
N18000300,2024-07,0.038058255201823155,17.86397969791447,41.47887634708507
N18000305,2024-07,0.03644466323926998,18.67045022563406,43.35144292309582
N18000306,2024-07,0.003508024252162678,197.2422737636325,240.0
N18000306,2024-09,0.029496069997549057,23.151342271246456,53.75575205396054
N18000306,2024-10,0.05779506638646126,11.64317733407394,27.03462056574202
N18000306,2024-11,0.10149983316659927,6.476292874064543,15.037486375009285
N18000307,2024-07,0.00693406952752984,99.61556132206826,231.30017052168517
N18000307,2024-09,0.0912030041217804,7.247950929272917,16.82922089304375
N18000307,2024-10,0.16025204956531525,3.9686992563706927,9.215034303525695
N18000307,2024-11,0.16509319841861725,3.841530231917314,8.919756972847976
N18000316,2024-07,0.0570057337498856,11.809289970818996,27.420322163916186
N18000316,2024-09,0.1851634830236435,3.385040290698553,7.859820153298654
N18000316,2024-10,0.1424601674079895,4.5101033491393006,10.472135677212128
N18000316,2024-11,0.16403095424175262,3.8687926567409074,8.983058362980632
N18000319,2024-07,0.001092965441514715,240.0,240.0
N18000319,2024-09,0.010528841987252235,65.48599794413686,152.05377844822743
N18000319,2024-10,0.05940568819642067,11.317916189125578,26.27938757511119
N18000319,2024-11,0.06893421709537506,9.70449876158908,22.533148321333304
N18000319,2024-12,0.0661475732922554,10.12827349247196,23.51712277487359
N18000319,2025-01,0.029046733703049,23.514895027791024,54.599895413355114
N18000319,2025-03,0.15726368129253387,4.0510957622034995,9.406353065339438
N18000319,2025-04,0.19015124440193176,3.2864942803692214,7.631003403275919
N18000319,2025-05,0.6689369678497314,1.0,1.4559166125881977
N18000320,2024-07,0.0007658476353842314,240.0,240.0
N18000320,2024-09,0.006539407651871443,105.6484551971332,240.0
N18000320,2024-10,0.0004670503840316087,240.0,240.0
N18000320,2024-11,0.00038542854599654675,240.0,240.0
N18000320,2024-12,0.00036834776983596385,240.0,240.0
N18000320,2025-01,0.00021990152196449397,240.0,240.0
N18000320,2025-03,0.0004982081009075046,240.0,240.0
N18000320,2025-04,0.0014573531225323677,240.0,240.0
N18000321,2024-07,0.0007484036783950154,240.0,240.0
N18000321,2024-09,0.0072607118636369705,95.11846308442742,220.85823177823846
N18000321,2024-10,0.009499109350144863,72.6225773098982,168.6244025789821
N18000321,2024-11,0.010591110214591026,65.09894181707763,151.15506195251032
N18000321,2024-12,0.011898063123226166,57.909879356231514,134.46257584877162
N18000321,2025-01,0.005769852620090332,119.7856546755472,240.0
N18000321,2025-03,0.0112044932320714,61.51609826597034,142.8359568516083
N18000321,2025-04,0.024507630616426468,27.93490600950192,64.86284309150032
N18000322,2024-07,0.0014577721284224632,240.0,240.0
N18000322,2024-09,0.006613578647375107,104.45971701869473,240.0
N18000322,2024-10,0.0022750229109078646,240.0,240.0
N18000322,2024-11,0.002271917648613453,240.0,240.0
N18000322,2024-12,0.003191649913787842,216.8284330487334,240.0
N18000322,2025-01,0.0016628150346590376,240.0,240.0
N18000322,2025-03,0.002872681012377143,240.0,240.0
N18000322,2025-04,0.005337121430784464,129.5259690889894,240.0
N18000323,2024-07,0.014333574906143731,48.01088307572408,111.47781827387593
N18000323,2024-09,0.01636401191353798,42.01049561184579,97.54535004128698
N18000323,2024-10,0.007308600936084986,94.49292987766742,219.40578865117743
N18000323,2024-11,0.009612194262444973,71.76410155060458,166.63108359469848
N18000324,2024-07,0.0013826405241536,240.0,240.0
N18000324,2024-09,0.0020094956271350384,240.0,240.0
N18000324,2024-10,0.0016055256128311157,240.0,240.0
N18000324,2024-11,0.0018601666670292616,240.0,240.0
N18000324,2024-12,0.0011664913035929203,240.0,240.0
N18000324,2025-01,0.000618566335051085,240.0,240.0
N18000324,2025-03,0.001670901314355433,240.0,240.0
N18000324,2025-04,0.0014186457265168428,240.0,240.0
N18000324,2025-05,0.001059568370692432,240.0,240.0
N18000325,2024-07,0.0010795796698839233,240.0,240.0
N18000325,2024-09,0.0014129914343357086,240.0,240.0
N18000325,2024-10,0.00069809629349038,240.0,240.0
N18000325,2024-11,0.0010660889092832804,240.0,240.0
N18000325,2024-12,0.0014430521987378597,240.0,240.0
N18000325,2025-01,0.0008082927159895892,240.0,240.0
N18000325,2025-03,0.0025408065412193537,240.0,240.0
N18000325,2025-04,0.003187062917277217,217.1410038129863,240.0
N18000325,2025-05,0.0053913164883852005,128.22044683542308,240.0
N18000326,2024-07,0.0015766044288009207,240.0,240.0
N18000326,2024-09,0.0034257567021995783,201.9872643802694,240.0
N18000326,2024-10,0.0014486139407381415,240.0,240.0
N18000326,2024-11,0.0010331622324883938,240.0,240.0
N18000326,2024-12,0.001143794972449541,240.0,240.0
N18000326,2025-01,0.0007473695443758199,240.0,240.0
N18000326,2025-03,0.0017715843860059977,240.0,240.0
N18000326,2025-04,0.002640320220962167,240.0,240.0
N18000326,2025-05,0.0034627998247742653,199.82280431390316,240.0
N18000328,2024-07,0.001334300098711494,240.0,240.0
N18000328,2024-09,0.005070802755653858,136.34690965866093,240.0
N18000328,2024-10,0.0017207387136295438,240.0,240.0
N18000328,2024-11,0.0019197955261915922,240.0,240.0
N18000328,2024-12,0.002284869784489274,240.0,240.0
N18000328,2025-01,0.0012021187707210723,240.0,240.0
N18000328,2025-03,0.01566573604941368,43.89857968435941,101.92934549476571
N18000328,2025-04,0.006907196715474129,100.00447239147978,232.2031940601645
N18000328,2025-05,0.03609536960721016,18.85451898658747,43.77883735054464
N18000330,2024-07,0.0006676508363432365,240.0,240.0
N18000330,2024-09,0.0023492230102419853,240.0,240.0
N18000330,2024-10,0.001109635690227151,240.0,240.0
N18000330,2024-11,0.0007325644255615771,240.0,240.0
N18000330,2024-12,0.0013910036068409681,240.0,240.0
N18000330,2025-01,0.0003925537862711215,240.0,240.0
N18000330,2025-03,0.0010826631914824247,240.0,240.0
N18000330,2025-04,0.0012544606579467654,240.0,240.0
N18000330,2025-05,0.0014295411529019475,240.0,240.0
N18000331,2024-07,0.0015691199572505088,240.0,240.0
N18000331,2024-09,0.002457055728882551,240.0,240.0
N18000331,2024-10,0.0013085638638585806,240.0,240.0
N18000331,2024-11,0.0010621737455949187,240.0,240.0
N18000331,2024-12,0.001565410289913416,240.0,240.0
N18000331,2025-01,0.0008920845574218461,240.0,240.0
N18000331,2025-03,0.0020784856751561165,240.0,240.0
N18000331,2025-04,0.0015466228360310197,240.0,240.0
N18000331,2025-05,0.0037243349943310022,185.76621672480587,240.0
N18000332,2024-07,0.005386366233417927,128.33860490306466,240.0
N18000332,2024-09,0.00851205550134182,81.08416630231399,188.271603787862
N18000332,2024-10,0.004843069706112146,142.7746004786465,240.0
N18000332,2024-11,0.005112865474075079,135.22234959296117,240.0
N18000332,2024-12,0.006192711181938648,111.5825860533469,240.0
N18000332,2025-01,0.0030056303290524333,230.26949760808466,240.0
N18000332,2025-03,0.008874944411218166,77.7544914436433,180.5403381866744
N18000332,2025-04,0.009189455769956112,75.08142754171182,174.33367601335047
N18000332,2025-05,0.01636490225791931,42.00819104062867,97.53999899263128
N18000335,2024-07,0.0019774845841564748,240.0,240.0
N18000335,2024-09,0.006252572871744633,110.51097729215255,240.0
N18000335,2024-10,0.003176130587235093,217.88960338682284,240.0
N18000335,2024-11,0.003737000050023198,185.13546095906582,240.0
N18000335,2024-12,0.0015071070520207286,240.0,240.0
N18000335,2025-01,0.0008083096098666642,240.0,240.0
N18000335,2025-03,0.0014282756019383669,240.0,240.0
N18000335,2025-04,0.0012045233743265271,240.0,240.0
N18000335,2025-05,0.0009005157626233995,240.0,240.0
N18000337,2024-07,0.0018991854204956082,240.0,240.0
N18000337,2024-09,0.0055382391437888145,124.80970549970176,240.0
N18000337,2024-10,0.003844320075586438,179.95743638541302,240.0
N18000337,2024-11,0.0028749178163707256,240.0,240.0
N18000337,2024-12,0.0030599150341004133,226.17822568472877,240.0
N18000337,2025-01,0.0018430835123296463,240.0,240.0
N18000337,2025-03,0.007174799218773842,96.26159274828557,223.51249666084982
N18000337,2025-04,0.008645772002637386,79.82473371317974,185.34729187553444
N18000337,2025-05,0.008875830098986626,77.74669791093244,180.52224216411463
N18000338,2024-07,0.00045925432595350646,240.0,240.0
N18000338,2024-09,0.002007407136261463,240.0,240.0
N18000338,2024-10,0.0006044172332622111,240.0,240.0
N18000338,2024-11,0.0005106315948069096,240.0,240.0
N18000338,2024-12,0.0018263751408085227,240.0,240.0
N18000338,2025-01,0.0011902375299793766,240.0,240.0
N18000338,2025-03,0.1606600433588028,3.9576870509109296,9.189464754281998
N18000342,2024-07,0.006727353033201711,102.68719825806355,238.43229062066635
N18000342,2024-09,0.3997418284416199,1.358059142577817,3.1533156776700753
N18000343,2024-07,0.0007194048179679502,240.0,240.0
N18000343,2024-09,0.002257513115182519,240.0,240.0
N18000343,2024-10,0.0009785578586161137,240.0,240.0
N18000343,2024-11,0.0010065074311569333,240.0,240.0
N18000343,2024-12,0.0012333120685070753,240.0,240.0
N18000343,2025-01,0.0006096352877632549,240.0,240.0
N18000343,2025-03,0.007259134203195572,95.13921111554437,220.9064072146025
N18000343,2025-04,0.0046892231330275536,147.47021562740926,240.0
N18000343,2025-05,0.38365328311920166,1.4322831935311167,3.325658586894893
N18000344,2024-07,0.0010715855625603732,240.0,240.0
N18000344,2024-09,0.0021171546541154385,240.0,240.0
N18000344,2024-10,0.0017847168492153287,240.0,240.0
N18000344,2024-11,0.0021157809533178806,240.0,240.0
N18000344,2024-12,0.0021950285881757736,240.0,240.0
N18000344,2025-01,0.001261109801370397,240.0,240.0
N18000344,2025-03,0.0035372155252844095,195.61164597787138,240.0
N18000344,2025-04,0.003745121881365776,184.73321575332457,240.0
N18000344,2025-05,0.004407890606671572,156.90461924525235,240.0
N18000345,2024-07,0.0004125713683238441,240.0,240.0
N18000345,2024-09,0.0015279825311154127,240.0,240.0
N18000345,2024-10,0.0008134844829328358,240.0,240.0
N18000345,2024-11,0.0006437717820517719,240.0,240.0
N18000345,2024-12,0.0007116724154911935,240.0,240.0
N18000345,2025-01,0.0004321621260273689,240.0,240.0
N18000345,2025-03,0.0008715620497241616,240.0,240.0
N18000345,2025-04,0.0008449929300695658,240.0,240.0
N18000345,2025-05,0.0017576026730239391,240.0,240.0
N18000346,2024-07,0.0004678330768354,240.0,240.0
N18000346,2024-09,0.005906077567487955,117.0147634084597,240.0
N18000346,2024-10,0.0007201891276054084,240.0,240.0
N18000346,2024-11,0.0004737928684335202,240.0,240.0
N18000346,2024-12,0.0006208674167282879,240.0,240.0
N18000346,2025-01,0.0004233712788965782,240.0,240.0
N18000346,2025-03,0.0016676584491506219,240.0,240.0
N18000346,2025-04,0.0014367924304679036,240.0,240.0
N18000346,2025-05,0.001858491450548172,240.0,240.0
N18000347,2024-07,0.001553184597693602,240.0,240.0
N18000347,2024-09,0.014451519586145878,47.61620464991464,110.56140334854307
N18000347,2024-10,0.002100755460560322,240.0,240.0
N18000347,2024-11,0.0016706843161955476,240.0,240.0
N18000347,2024-12,0.0013354357797652483,240.0,240.0
N18000347,2025-01,0.0005951088483180378,240.0,240.0
N18000347,2025-03,0.0012710116570815444,240.0,240.0
N18000347,2025-04,0.001520010526292026,240.0,240.0
N18000347,2025-05,0.0013732864754274487,240.0,240.0
N18000348,2024-07,0.0005138886302604728,240.0,240.0
N18000348,2024-09,0.0076379552483558655,90.40334249775965,209.91006081727278
N18000348,2024-10,0.0029693040996789932,233.09084044923662,240.0
N18000348,2024-11,0.0029581207782030106,233.9733634018006,240.0
N18000348,2024-12,0.002551587065681815,240.0,240.0
N18000348,2025-01,0.0014089101027880968,240.0,240.0
N18000348,2025-03,0.001940557616762817,240.0,240.0
N18000348,2025-04,0.0016910898266360164,240.0,240.0
N18000348,2025-05,0.00737327616661787,93.66103076470228,217.47417872867177
N18000349,2024-07,0.001682549591292326,240.0,240.0
N18000349,2024-09,0.011590193025767803,59.457380870715156,138.05576309213194
N18000349,2024-10,0.0007290457142516971,240.0,240.0
N18000349,2024-11,0.0008399523794651031,240.0,240.0
N18000349,2024-12,0.0009349416359327734,240.0,240.0
N18000349,2025-01,0.00026240222850704154,240.0,240.0
N18000349,2025-03,0.0006810558843426406,240.0,240.0
N18000349,2025-04,0.0008038756204769015,240.0,240.0
N18000349,2025-05,0.0006186011014506221,240.0,240.0
N18000350,2024-07,0.0017708211894442716,240.0,240.0
N18000350,2024-09,0.004138094373047352,167.15714355831793,240.0
N18000350,2024-10,0.003890498075634241,177.81732498813543,240.0
N18000350,2024-11,0.0020875500049442053,240.0,240.0
N18000350,2024-12,0.003074472304433584,225.10565531044975,240.0
N18000350,2025-01,0.002158679546190312,240.0,240.0
N18000350,2025-03,0.012876427732408047,53.4833826425902,124.18456876744128
N18000350,2025-04,0.01477691438049078,46.56000350934127,108.10898024639368
N18000350,2025-05,0.018380548804998398,37.363262594972674,86.75480913592115
N18000351,2024-07,0.0003134334040491016,240.0,240.0
N18000351,2024-09,0.0006408340996131301,240.0,240.0
N18000351,2024-10,0.000588855124078691,240.0,240.0
N18000351,2024-11,0.00032266005291603506,240.0,240.0
N18000351,2024-12,0.0005156012484803796,240.0,240.0
N18000351,2025-01,0.0003161562260266537,240.0,240.0
N18000351,2025-03,0.004735117312520742,146.03752560500047,240.0
N18000351,2025-04,0.07065664976835251,9.459271223635707,21.963747611319306
N18000351,2025-05,0.02853325754404068,23.944360216912024,55.59708270175128
N18000352,2024-07,0.0005526720059648715,240.0,240.0
N18000352,2024-09,0.0014890310121700168,240.0,240.0
N18000352,2024-10,0.001270424691028893,240.0,240.0
N18000352,2024-11,0.0012967970687896013,240.0,240.0
N18000352,2024-12,0.0011825129622593522,240.0,240.0
N18000352,2025-01,0.000597303304914365,240.0,240.0
N18000352,2025-03,0.0041795833967626095,165.49439753098326,240.0
N18000352,2025-04,0.007638474926352501,90.39716833390486,209.8957248527559
N18000352,2025-05,0.17805373668670654,3.5350176684059518,8.208056840194997
N18000353,2024-07,0.000550212889629309,240.0,240.0
N18000353,2024-09,0.0019902002532035112,240.0,240.0
N18000353,2024-10,0.000735167064704001,240.0,240.0
N18000353,2024-11,0.0007834227290004492,240.0,240.0
N18000353,2024-12,0.0008802966331131756,240.0,240.0
N18000353,2025-01,0.0005975847907115917,240.0,240.0
N18000353,2025-03,0.0038873227313160896,177.9628578375789,240.0
N18000353,2025-04,0.0035747289657592773,193.55524323305778,240.0
N18000353,2025-05,0.0702933743596077,9.509992165857454,22.081517992063137
N18000354,2024-07,0.0011220699571854453,240.0,240.0
N18000354,2024-09,0.002253575948998332,240.0,240.0
N18000354,2024-10,0.0021502645686268806,240.0,240.0
N18000354,2024-11,0.0007261670543812215,240.0,240.0
N18000354,2024-12,0.0007444956572726369,240.0,240.0
N18000354,2025-01,0.000880782368981925,240.0,240.0
N18000354,2025-03,0.06573223322629929,10.194511213584178,23.670922000465364
N18000355,2024-07,0.0008051797618805479,240.0,240.0
N18000355,2024-09,0.0027058327104896307,240.0,240.0
N18000355,2024-10,0.002350766910240054,240.0,240.0
N18000355,2024-11,0.0025780689902603626,240.0,240.0
N18000355,2024-12,0.003930443897843361,176.00660800539427,240.0
N18000355,2025-01,0.023687436616344204,28.914270120863172,67.1368561367944
N18000355,2025-03,0.20784884691238403,2.97484159173631,6.907368269691978
N18000356,2024-07,0.0009566821890593102,240.0,240.0
N18000356,2024-09,0.004851953126490116,142.51255949967762,240.0
N18000356,2024-10,0.0012529840460047126,240.0,240.0
N18000356,2024-11,0.0008401561062783003,240.0,240.0
N18000356,2024-12,0.0006635047611780465,240.0,240.0
N18000356,2025-01,0.000559387781932319,240.0,240.0
N18000356,2025-03,0.00252116029150784,240.0,240.0
N18000356,2025-04,0.002521927934139967,240.0,240.0
N18000356,2025-05,0.0051471213810145855,134.32008666723004,240.0
N18000357,2024-07,0.0006584182184674603,240.0,240.0
N18000357,2024-09,0.0016599242808297276,240.0,240.0
N18000357,2024-10,0.001179801532998681,240.0,240.0
N18000357,2024-11,0.0010082906810566783,240.0,240.0
N18000357,2024-12,0.0013607952278107405,240.0,240.0
N18000357,2025-01,0.0005677161126822483,240.0,240.0
N18000357,2025-03,0.004023042041808367,171.9474856307508,240.0
N18000357,2025-04,0.005573850590735674,124.01007532060629,240.0
N18000357,2025-05,0.00828426145017147,83.32331105261262,193.47073689209992
N18000358,2024-07,0.00034728133953731977,240.0,240.0
N18000358,2024-09,0.0012016199762001634,240.0,240.0
N18000358,2024-10,0.000546748167835176,240.0,240.0
N18000358,2024-11,0.0005802304949611425,240.0,240.0
N18000358,2024-12,0.0007390600512735546,240.0,240.0
N18000358,2025-01,0.000584272573708744,240.0,240.0
N18000358,2025-03,0.00394414970651269,175.39378410223358,240.0
N18000358,2025-04,0.0030483973678201437,227.03409872244583,240.0
N18000358,2025-05,0.00402518967166543,171.85555831865295,240.0
N18000359,2024-07,0.0006727935539040386,240.0,240.0
N18000359,2024-09,0.00158711860422045,240.0,240.0
N18000359,2024-10,0.00118214578833431,240.0,240.0
N18000359,2024-11,0.001462784712202847,240.0,240.0
N18000359,2024-12,0.0017471611499786377,240.0,240.0
N18000359,2025-01,0.0007923566742623622,240.0,240.0
N18000359,2025-03,0.004437475465238094,155.8562146958702,240.0
N18000359,2025-04,0.013329875655472279,51.652174632459754,119.93263544113663
N18000359,2025-05,0.02920389734208584,23.386463680206077,54.30168705913339
N18000360,2024-07,0.00032475232318252,240.0,240.0
N18000360,2024-09,0.0008197879651561379,240.0,240.0
N18000360,2024-10,0.0003437200211919844,240.0,240.0
N18000360,2024-11,0.00023663233150728047,240.0,240.0
N18000360,2024-12,0.00044258980778977275,240.0,240.0
N18000360,2025-01,0.0003512822726833287,240.0,240.0
N18000360,2025-03,0.0009794398210942745,240.0,240.0
N18000360,2025-04,0.0017388692358508706,240.0,240.0
N18000360,2025-05,0.003701589535921812,186.90984177401782,240.0
N18000361,2024-07,0.0004172999088453144,240.0,240.0
N18000361,2024-09,0.0017019332153722644,240.0,240.0
N18000361,2024-10,0.00041939655784517527,240.0,240.0
N18000361,2024-11,0.000346591928973794,240.0,240.0
N18000361,2024-12,0.0006355366786010563,240.0,240.0
N18000361,2025-01,0.0005889935397617174,240.0,240.0
N18000361,2025-03,0.0017833521123975515,240.0,240.0
N18000361,2025-04,0.0011327005922794342,240.0,240.0
N18000361,2025-05,0.001105806208215654,240.0,240.0
N18000362,2024-07,0.0015142343420008197,240.0,240.0
N18000362,2024-09,0.0027243075892329216,240.0,240.0
N18000362,2024-10,0.0015855574747547507,240.0,240.0
N18000362,2024-11,0.002680886071175337,240.0,240.0
N18000362,2024-12,0.0023708720691502094,240.0,240.0
N18000362,2025-01,0.00123174037518603,240.0,240.0
N18000362,2025-03,0.0036778587382286787,188.11808672561986,240.0
N18000362,2025-04,0.0035672432277351618,193.96214043824133,240.0
N18000362,2025-05,0.005390020087361336,128.25136976795991,240.0
N18000363,2024-07,0.0004517072628683616,240.0,240.0
N18000363,2024-09,0.0008564215386286378,240.0,240.0
N18000363,2024-10,0.0004896673490293324,240.0,240.0
N18000363,2024-11,0.00045472796773537993,240.0,240.0
N18000363,2024-12,0.00045959671842865646,240.0,240.0
N18000363,2025-01,0.0002253113529759876,240.0,240.0
N18000363,2025-03,0.0005737180472351611,240.0,240.0
N18000363,2025-04,0.0004725056642200798,240.0,240.0
N18000363,2025-05,0.0005308729596436024,240.0,240.0
N18000364,2024-07,0.00041048472539439995,240.0,240.0
N18000364,2024-09,0.001981042791157961,240.0,240.0
N18000364,2024-10,0.0016043466748669744,240.0,240.0
N18000364,2024-11,0.0023349549155682325,240.0,240.0
N18000364,2024-12,0.0016351506346836686,240.0,240.0
N18000364,2025-01,0.0003169076919613545,240.0,240.0
N18000364,2025-03,0.0008570105419494212,240.0,240.0
N18000364,2025-04,0.0008340787026099861,240.0,240.0
N18000364,2025-05,0.0007562119280919433,240.0,240.0
N18000365,2024-07,0.0004782800366487372,240.0,240.0
N18000365,2024-09,0.004256421700119972,162.50057377320306,240.0
N18000365,2024-10,0.001194814802147448,240.0,240.0
N18000365,2024-11,0.0009492753888480365,240.0,240.0
N18000365,2024-12,0.0007699761772528291,240.0,240.0
N18000365,2025-01,0.0002256328190572976,240.0,240.0
N18000365,2025-03,0.000593177042901516,240.0,240.0
N18000365,2025-04,0.0008823149837553501,240.0,240.0
N18000365,2025-05,0.0011500776745378971,240.0,240.0
N18000366,2024-07,0.0006707919029421694,240.0,240.0
N18000366,2024-09,0.004778806120157242,144.69924765754163,240.0
N18000366,2024-10,0.00043037731666117907,240.0,240.0
N18000366,2024-11,0.0006916637648828328,240.0,240.0
N18000366,2024-12,0.0007435813313350081,240.0,240.0
N18000366,2025-01,0.0004041022751894996,240.0,240.0
N18000366,2025-03,0.0006904960609972477,240.0,240.0
N18000366,2025-04,0.0008443928672932088,240.0,240.0
N18000366,2025-05,0.0005563900340348482,240.0,240.0
N18000367,2024-07,0.0007470292991973437,240.0,240.0
N18000367,2024-09,0.004803277086466551,143.96028862305494,240.0
N18000367,2024-10,0.0016808848595246673,240.0,240.0
N18000367,2024-11,0.001744559034705162,240.0,240.0
N18000367,2024-12,0.000721969990991056,240.0,240.0
N18000367,2025-01,0.00039440778950161626,240.0,240.0
N18000367,2025-03,0.0006826297612860799,240.0,240.0
N18000367,2025-04,0.0009010406211018562,240.0,240.0
N18000367,2025-05,0.0017746209632605314,240.0,240.0
N18000368,2024-07,0.002114861719651029,240.0,240.0
N18000368,2024-09,0.004369854927062988,158.273354692367,240.0
N18000368,2024-10,0.00255189067684114,240.0,240.0
N18000368,2024-11,0.0029119912069290876,237.68528872780175,240.0
N18000368,2024-12,0.00202439958229661,240.0,240.0
N18000368,2025-01,0.000813379242240786,240.0,240.0
N18000368,2025-03,0.004095552954822779,168.89704682879935,240.0
N18000368,2025-04,0.004448132589459419,155.48197270260735,240.0
N18000368,2025-05,0.007682636380195618,89.87554858251734,208.68456129716105
N18000370,2024-07,0.0013386248870687067,240.0,240.0
N18000370,2024-09,0.03281146287918091,20.776652606403374,48.241893404522735
N18000370,2024-10,0.013117307797074318,52.49484682604029,121.88925968219164
N18000370,2024-11,0.015038630925118923,45.74366037440392,106.21349018631422
N18000370,2024-12,0.005776124075055122,119.65521979389175,240.0
N18000370,2025-01,0.001702844984274976,240.0,240.0
N18000370,2025-03,0.0041061039082705975,168.4621609578678,240.0
N18000370,2025-04,0.003500536549836397,197.66492026086385,240.0
N18000370,2025-05,0.0034200651571154594,202.32398147902393,240.0
N18000372,2024-07,0.0005303264412737096,240.0,240.0
N18000372,2024-09,0.0011065560393035412,240.0,240.0
N18000372,2024-10,0.001448380178771913,240.0,240.0
N18000372,2024-11,0.0010717466939240694,240.0,240.0
N18000372,2024-12,0.002567289164289832,240.0,240.0
N18000372,2025-01,0.02380290191863277,28.772315384807083,66.80724744694346
N18000373,2024-07,0.00046652614083153576,240.0,240.0
N18000373,2024-09,0.0013013025745749474,240.0,240.0
N18000373,2024-10,0.0007227406604215503,240.0,240.0
N18000373,2024-11,0.0009750689496286213,240.0,240.0
N18000373,2024-12,0.0010702238650992513,240.0,240.0
N18000373,2025-01,0.0005431494284295901,240.0,240.0
N18000373,2025-03,0.0030901150312274694,223.96437313515605,240.0
N18000373,2025-04,0.00229683518409729,240.0,240.0
N18000373,2025-05,0.0029452787712216377,234.99504687872368,240.0
N18000374,2024-07,0.0007373647185293652,240.0,240.0
N18000374,2024-09,0.0016771625960245728,240.0,240.0
N18000374,2024-10,0.0006187682738527656,240.0,240.0
N18000374,2024-11,0.0010133808245882392,240.0,240.0
N18000374,2024-12,0.001071106642484665,240.0,240.0
N18000374,2025-01,0.00038151895992200036,240.0,240.0
N18000374,2025-03,0.0019290385534986854,240.0,240.0
N18000374,2025-04,0.0017232297686859965,240.0,240.0
N18000374,2025-05,0.0014913951745256782,240.0,240.0
N18000375,2024-07,0.0006773944248522623,240.0,240.0
N18000375,2024-09,0.0008837672648951411,240.0,240.0
N18000375,2024-10,0.0008152242517098784,240.0,240.0
N18000375,2024-11,0.001510039670392871,240.0,240.0
N18000375,2024-12,0.001582015072926879,240.0,240.0
N18000375,2025-01,0.0008467990306879614,240.0,240.0
N18000375,2025-03,0.0011227630311623216,240.0,240.0
N18000375,2025-04,0.0013905222294852138,240.0,240.0
N18000375,2025-05,0.0019043167121708393,240.0,240.0
N18000376,2024-07,0.0005205264561697343,240.0,240.0
N18000376,2024-09,0.0009408206096850336,240.0,240.0
N18000376,2024-10,0.00048166164197027683,240.0,240.0
N18000376,2024-11,0.0003236178308725357,240.0,240.0
N18000376,2024-12,0.0003808289475273341,240.0,240.0
N18000376,2025-01,0.00019043260605233758,240.0,240.0
N18000376,2025-03,0.0013067723484709859,240.0,240.0
N18000376,2025-04,0.0006403602892532945,240.0,240.0
N18000376,2025-05,0.0016943096416071057,240.0,240.0
N18000377,2024-07,0.0011704238878645912,240.0,240.0
N18000377,2024-09,0.0039785574190318584,173.87392681184093,240.0
N18000377,2024-10,0.0012265074765309691,240.0,240.0
N18000377,2024-11,0.0032172459177672863,215.10061305158968,240.0
N18000377,2024-12,0.0028589742723852396,240.0,240.0
N18000377,2025-01,0.0011044192070928105,240.0,240.0
N18000377,2025-03,0.0030926631297916174,223.77955917727976,240.0
N18000377,2025-04,0.004051814321428537,170.72400747594384,240.0
N18000377,2025-05,0.002975055016577244,232.63959462667236,240.0
N18000378,2024-07,0.000608613819604753,240.0,240.0
N18000378,2024-09,0.0024661277420818806,240.0,240.0
N18000378,2024-10,0.0008498895913362503,240.0,240.0
N18000378,2024-11,0.0005710214609280229,240.0,240.0
N18000378,2024-12,0.0006185931270010769,240.0,240.0
N18000378,2025-01,0.00033994197481856947,240.0,240.0
N18000378,2025-03,0.0005811008159071207,240.0,240.0
N18000378,2025-04,0.0005816274788230658,240.0,240.0
N18000378,2025-05,0.0006525487406179309,240.0,240.0
N18000379,2024-07,0.000809533950671959,240.0,240.0
N18000379,2024-09,0.004253076389431953,162.6286636315281,240.0
N18000379,2024-10,0.0018299095099791884,240.0,240.0
N18000379,2024-11,0.002326785819604993,240.0,240.0
N18000379,2024-12,0.0019053755095228553,240.0,240.0
N18000379,2025-01,0.000734739541607965,240.0,240.0
N18000379,2025-03,0.002739888848736882,240.0,240.0
N18000379,2025-04,0.004221791867166758,163.83635410075195,240.0
N18000379,2025-05,0.002171917585656047,240.0,240.0
N18000380,2024-07,0.0008231598460171075,240.0,240.0
N18000380,2024-09,0.001777935423888266,240.0,240.0
N18000380,2024-10,0.0007550976006314158,240.0,240.0
N18000380,2024-11,0.0010982847306877375,240.0,240.0
N18000380,2024-12,0.0010982847306877375,240.0,240.0
N18000380,2025-01,0.000684258463456322,240.0,240.0
N18000380,2025-03,0.001953704981133342,240.0,240.0
N18000380,2025-04,0.0015822455752640963,240.0,240.0
N18000380,2025-05,0.002430289750918746,240.0,240.0
N18000381,2024-07,0.0005966557073301404,240.0,240.0
N18000381,2024-09,0.0033750564325600863,205.0267395164126,240.0
N18000381,2024-10,0.0012751312460750341,240.0,240.0
N18000381,2024-11,0.0012726766290143132,240.0,240.0
N18000381,2024-12,0.001413589809089899,240.0,240.0
N18000381,2025-01,0.0003256680528702649,240.0,240.0
N18000381,2025-03,0.0005859991651959717,240.0,240.0
N18000381,2025-04,0.0004672458453569561,240.0,240.0
N18000381,2025-05,0.0005289432592689991,240.0,240.0
N18000382,2024-07,0.0005441178901113286,240.0,240.0
N18000382,2024-09,0.0024337824434041977,240.0,240.0
N18000382,2024-10,0.0012079979060217738,240.0,240.0
N18000382,2024-11,0.0012152796844020486,240.0,240.0
N18000382,2024-12,0.0012471901718527079,240.0,240.0
N18000382,2025-01,0.0005611444838290458,240.0,240.0
N18000382,2025-03,0.0014253611443564296,240.0,240.0
N18000382,2025-04,0.0015648186672478914,240.0,240.0
N18000382,2025-05,0.0022579419892281294,240.0,240.0
N18000383,2024-07,0.000778313816132914,240.0,240.0
N18000383,2024-09,0.004161783494055271,166.203699626652,240.0
N18000383,2024-10,0.0012019285932183266,240.0,240.0
N18000383,2024-11,0.001356908236630261,240.0,240.0
N18000383,2024-12,0.0024932909291237593,240.0,240.0
N18000383,2025-01,0.0012276159473042503,240.0,240.0
N18000383,2025-03,0.003348116995766759,206.67920622612908,240.0
N18000383,2025-04,0.002492351923137903,240.0,240.0
N18000383,2025-05,0.001230511232279241,240.0,240.0
N18000384,2024-07,0.0004804485548283166,240.0,240.0
N18000384,2024-09,0.0012523254845291376,240.0,240.0
N18000384,2024-10,0.0005665826611220837,240.0,240.0
N18000384,2024-11,0.0007161429384723306,240.0,240.0
N18000384,2024-12,0.0005264291539788246,240.0,240.0
N18000384,2025-01,0.00026934501783337783,240.0,240.0
N18000384,2025-03,0.0007009265245869756,240.0,240.0
N18000384,2025-04,0.0007096169865690172,240.0,240.0
N18000384,2025-05,0.0007885029772296548,240.0,240.0
N18000385,2024-07,0.0006394671847392841,240.0,240.0
N18000385,2024-09,0.0022698519751429558,240.0,240.0
N18000385,2024-10,0.0009693667525425553,240.0,240.0
N18000385,2024-11,0.0006540015456266701,240.0,240.0
N18000385,2024-12,0.0007187667652033269,240.0,240.0
N18000385,2025-01,0.0003678079851474614,240.0,240.0
N18000385,2025-03,0.0010656481608748436,240.0,240.0
N18000385,2025-04,0.0013286650646477938,240.0,240.0
N18000385,2025-05,0.0016002869233489037,240.0,240.0
N18000386,2024-07,0.0005651666281922818,240.0,240.0
N18000386,2024-09,0.0010453042341396213,240.0,240.0
N18000386,2024-10,0.0005193105898797512,240.0,240.0
N18000386,2024-11,0.0005095417727716267,240.0,240.0
N18000386,2024-12,0.0005334093002602458,240.0,240.0
N18000386,2025-01,0.00012056766678103514,240.0,240.0
N18000386,2025-03,0.0006428968627005816,240.0,240.0
N18000386,2025-04,0.0006674843025393784,240.0,240.0
N18000386,2025-05,0.00046589449630118906,240.0,240.0
N18000387,2024-07,0.0007315355967023596,240.0,240.0
N18000387,2024-09,0.0009616007446311414,240.0,240.0
N18000387,2024-10,0.0006843011360615492,240.0,240.0
N18000387,2024-11,0.000664769671857357,240.0,240.0
N18000387,2024-12,0.000670651497785002,240.0,240.0
N18000387,2025-01,0.00034083486412406216,240.0,240.0
N18000387,2025-03,0.0014264053897932172,240.0,240.0
N18000387,2025-04,0.0021279510110616684,240.0,240.0
N18000387,2025-05,0.0017350311391055584,240.0,240.0
N18000388,2024-07,0.00033767133956730255,240.0,240.0
N18000388,2024-09,0.0025750298518687487,240.0,240.0
N18000388,2024-10,0.001329083926975727,240.0,240.0
N18000388,2024-11,0.00045780028449371457,240.0,240.0
N18000388,2024-12,0.00044869183329865336,240.0,240.0
N18000388,2025-01,0.0002281505951680085,240.0,240.0
N18000388,2025-03,0.0007692566723562777,240.0,240.0
N18000388,2025-04,0.00042790951556526124,240.0,240.0
N18000388,2025-05,0.0009240354993380606,240.0,240.0
N18000389,2024-07,0.0008016285698287939,240.0,240.0
N18000389,2024-09,0.0048642633482813835,142.15101769540465,240.0
N18000389,2024-10,0.001650493941269815,240.0,240.0
N18000389,2024-11,0.0009191783028654754,240.0,240.0
N18000389,2024-12,0.0008645151392556727,240.0,240.0
N18000389,2025-01,0.00046988198672004433,240.0,240.0
N18000389,2025-03,0.0013513549929484725,240.0,240.0
N18000389,2025-04,0.00107538141310215,240.0,240.0
N18000389,2025-05,0.001017376547679305,240.0,240.0
N18000390,2024-09,0.001009973231703043,240.0,240.0
N18000390,2024-10,0.0023074171040207148,240.0,240.0
N18000390,2024-11,0.0007615365902893245,240.0,240.0
N18000390,2024-12,0.0010561725357547402,240.0,240.0
N18000390,2025-01,0.000548908903481693,240.0,240.0
N18000390,2025-03,0.0006208538543432951,240.0,240.0
N18000390,2025-04,0.0007707763579674065,240.0,240.0
N18000390,2025-05,0.00040512054692953825,240.0,240.0
N18000391,2024-09,0.0013901739148423076,240.0,240.0
N18000391,2024-10,0.002949231769889593,234.6796066103029,240.0
N18000391,2024-11,0.0013013993157073855,240.0,240.0
N18000391,2024-12,0.000770884333178401,240.0,240.0
N18000391,2025-01,0.00037932762648840157,240.0,240.0
N18000391,2025-03,0.0008950760238803923,240.0,240.0
N18000391,2025-04,0.0014053815975785255,240.0,240.0
N18000391,2025-05,0.0017135930247604847,240.0,240.0
N18000392,2024-09,0.0007601412944495678,240.0,240.0
N18000392,2024-10,0.0029088156297802925,237.9451503721638,240.0
N18000392,2024-11,0.001094019040465355,240.0,240.0
N18000392,2024-12,0.0005265328218229115,240.0,240.0
N18000392,2025-01,0.0002484969989732244,240.0,240.0
N18000392,2025-03,0.0004517468623816967,240.0,240.0
N18000392,2025-04,0.0007307300111278892,240.0,240.0
N18000392,2025-05,0.0007169883465394378,240.0,240.0
N18000393,2024-09,0.0012649634154513478,240.0,240.0
N18000393,2024-10,0.004035399295389652,171.41988303335847,240.0
N18000393,2024-11,0.0008757204632274806,240.0,240.0
N18000393,2024-12,0.0014486450236290693,240.0,240.0
N18000393,2025-01,0.000753966572360043,240.0,240.0
N18000393,2025-03,0.0007056583417579532,240.0,240.0
N18000393,2025-04,0.0009801095584407449,240.0,240.0
N18000393,2025-05,0.0009614747832529247,240.0,240.0
N18000394,2024-09,0.0011063657002523541,240.0,240.0
N18000394,2024-10,0.0019494281150400639,240.0,240.0
N18000394,2024-11,0.0006965405773371458,240.0,240.0
N18000394,2024-12,0.0006472129025496542,240.0,240.0
N18000394,2025-01,0.0002599203041551146,240.0,240.0
N18000394,2025-03,0.0006586557137779891,240.0,240.0
N18000394,2025-04,0.0009240822400897741,240.0,240.0
N18000394,2025-05,0.0009081336320377886,240.0,240.0
N18000395,2024-09,0.001736168866045773,240.0,240.0
N18000395,2024-10,0.0031568726990371943,219.220912995766,240.0
N18000395,2024-11,0.001701804343611002,240.0,240.0
N18000395,2024-12,0.0009782917331904173,240.0,240.0
N18000395,2025-01,0.0007347272507609581,240.0,240.0
N18000395,2025-03,0.0007826071814633906,240.0,240.0
N18000395,2025-04,0.0008986368775367737,240.0,240.0
N18000395,2025-05,0.0014036213979125023,240.0,240.0
N18000396,2025-01,0.0011447571941699541,240.0,240.0
N18000396,2025-03,0.004222146235406399,163.82257405022543,240.0
N18000396,2025-04,0.0021446743048727512,240.0,240.0
N18000396,2025-05,0.0018390530021861196,240.0,240.0
N18000397,2025-01,0.0005872412152954087,240.0,240.0
N18000397,2025-03,0.0023613697849214077,240.0,240.0
N18000397,2025-04,0.0013721099821850657,240.0,240.0
N18000397,2025-05,0.0012640523491427302,240.0,240.0
N18000398,2025-01,0.0009574440998377787,240.0,240.0
N18000398,2025-03,0.0036164289340376854,191.3194141524306,240.0
N18000398,2025-04,0.0017938747769221663,240.0,240.0
N18000398,2025-05,0.001875347108580172,240.0,240.0
N18000399,2025-01,0.0006225062953696403,240.0,240.0
N18000399,2025-03,0.000881626270711422,240.0,240.0
N18000399,2025-04,0.000991924898698926,240.0,240.0
N18000399,2025-05,0.001018721261061728,240.0,240.0
N18000400,2025-01,0.00038014290153753905,240.0,240.0
N18000400,2025-03,0.0008421895909123123,240.0,240.0
N18000400,2025-04,0.00047784383059479296,240.0,240.0
N18000400,2025-05,0.0005300159682519734,240.0,240.0
N18000401,2025-01,0.0006648275135952009,240.0,240.0
N18000401,2025-03,0.004255554638803005,162.53375367611028,240.0
N18000401,2025-04,0.0009015739196911454,240.0,240.0
N18000401,2025-05,0.002838428132236004,240.0,240.0
N18000402,2025-01,0.00047539945022734287,240.0,240.0
N18000402,2025-03,0.002115609822794795,240.0,240.0
N18000402,2025-04,0.0013430843828245997,240.0,240.0
N18000402,2025-05,0.0013003257336094975,240.0,240.0
N18000403,2025-01,0.0005169221726140094,240.0,240.0
N18000403,2025-03,0.0027924200985580683,240.0,240.0
N18000403,2025-04,0.0009719603694975376,240.0,240.0
N18000403,2025-05,0.0010363804176449776,240.0,240.0
N18000404,2025-01,0.0006953286984205942,240.0,240.0
N18000404,2025-03,0.003086327575147152,224.23964178138436,240.0
N18000404,2025-04,0.0013619997771456838,240.0,240.0
N18000404,2025-05,0.0006956572760827839,240.0,240.0
N18000405,2025-01,0.000435582611668317,240.0,240.0
N18000405,2025-03,0.0012242724187672138,240.0,240.0
N18000405,2025-04,0.0005608430365100503,240.0,240.0
N18000405,2025-05,0.0006182158831506968,240.0,240.0
N18000406,2025-03,0.0005997404805384576,240.0,240.0
N18000406,2025-04,0.0012432786170393229,240.0,240.0
N18000406,2025-05,0.00034718969254754484,240.0,240.0
N18000407,2025-04,0.0013730085920542479,240.0,240.0
N18000407,2025-05,0.0016068515833467245,240.0,240.0
N18000408,2025-04,0.0008897679508663714,240.0,240.0
N18000408,2025-05,0.0018793081399053335,240.0,240.0
N18000409,2025-04,0.001116787432692945,240.0,240.0
N18000409,2025-05,0.0029039462096989155,238.34472531626366,240.0
N18000410,2025-04,0.002376021584495902,240.0,240.0
N18000410,2025-05,0.004078775178641081,169.5932213923627,240.0
N18000411,2025-04,0.0009675320470705628,240.0,240.0
N18000411,2025-05,0.003244228195399046,213.30873358138348,240.0
N18000412,2025-04,0.0018567090155556798,240.0,240.0
N18000412,2025-05,0.004374143201857805,158.11784812067046,240.0
N18000413,2025-04,0.0011063657002523541,240.0,240.0
N18000413,2025-05,0.0019494281150400639,240.0,240.0
N18000414,2025-04,0.001033577136695385,240.0,240.0
N18000414,2025-05,0.0024278424680233,240.0,240.0
N18000415,2025-04,0.0021449835039675236,240.0,240.0
N18000415,2025-05,0.005017656367272139,137.7947561244264,240.0
N18000416,2025-04,0.0007601412944495678,240.0,240.0
N18000416,2025-05,0.0029088156297802925,237.9451503721638,240.0
N18000417,2025-04,0.0018567090155556798,240.0,240.0
N18000417,2025-05,0.004374143201857805,158.11784812067046,240.0
N18000418,2025-05,0.006264972500503063,110.29156667484203,240.0
N18000419,2025-05,0.0011063657002523541,240.0,240.0
N18000420,2025-05,0.0016950468998402357,240.0,240.0
N18000421,2025-05,0.0022087155375629663,240.0,240.0
N18000422,2025-05,0.0009678842616267502,240.0,240.0
N18000423,2025-05,0.0024195690639317036,240.0,240.0
N21000027,2024-07,0.005397439293386652,128.07460089181342,240.0
N21000027,2024-09,0.017767179757356644,38.665176852273575,89.77776042708253
N21000027,2024-10,0.01173100434243679,58.73951693647001,136.38893465490176
N21000027,2024-11,0.012228274717926979,56.336687629711726,130.80973778032097
N21000027,2024-12,0.01334224920719862,51.60394974571773,119.82066072173755
N21000027,2025-01,0.006720215347846503,102.79663347386371,238.6863913228028
N21000027,2025-03,0.02088124305009842,32.84693536623018,76.26822205779916
N21000027,2025-04,0.03119128756225109,21.874057358210273,50.78998832920607
N21000027,2025-05,0.02677217684686184,25.54243871062291,59.30770605413387
N21000029,2024-07,0.0209562048155576,32.728191151669364,75.99250652990507
N21000029,2024-09,0.08332974463701248,7.966525677016039,18.497699788105106
N21000029,2024-10,0.033078115433454514,20.60634051933556,47.84644098466108
N21000029,2024-11,0.12895654141902924,5.020498834041944,11.657237293111233
N21000029,2024-12,0.06335552036762238,10.590242492697907,24.589781575465242
N21000029,2025-01,0.06800461971625671,9.84200713120277,22.85243286802148
N21000029,2025-03,0.11239565908908844,5.813569126885742,13.498689487285796
N21000029,2025-04,0.12647444009780884,5.1261500159719295,11.902551740692525
N21000029,2025-05,0.16582870483398438,3.8228575482287708,8.876400343984603
N21000031,2024-07,0.0007467273251453577,240.0,240.0
N21000031,2024-09,0.004754087422043085,145.45341080387269,240.0
N21000031,2024-10,0.0013482947833836079,240.0,240.0
N21000031,2024-11,0.0020739773754030466,240.0,240.0
N21000031,2024-12,0.002018583472818136,240.0,240.0
N21000031,2025-01,0.0010913619318065892,240.0,240.0
N21000031,2025-03,0.0034604575484991074,199.95829302238442,240.0
N21000031,2025-04,0.0025034097488969564,240.0,240.0
N21000031,2025-05,0.0026528954040259123,240.0,240.0
N21000032,2024-07,0.00048705142087057673,240.0,240.0
N21000032,2024-09,0.001327839563600719,240.0,240.0
N21000032,2024-10,0.0010270976927131414,240.0,240.0
N21000032,2024-11,0.001251828740350902,240.0,240.0
N21000032,2024-12,0.0010700678685680032,240.0,240.0
N21000032,2025-01,0.0006611938777373316,240.0,240.0
N21000032,2025-03,0.0018798635574057698,240.0,240.0
N21000032,2025-04,0.0022785791661590338,240.0,240.0
N21000032,2025-05,0.0025141097139567137,240.0,240.0
N21000033,2024-07,0.0005269766821778266,240.0,240.0
N21000033,2024-09,0.0037519829347729683,184.39476930489678,240.0
N21000033,2024-10,0.0007139712106436491,240.0,240.0
N21000033,2024-11,0.00035032868618145585,240.0,240.0
N21000033,2024-12,0.0003780386468861252,240.0,240.0
N21000033,2025-01,0.00017684876536816496,240.0,240.0
N21000033,2025-03,0.0004656587552744895,240.0,240.0
N21000033,2025-04,0.0005951659404672682,240.0,240.0
N21000033,2025-05,0.0006690140580758452,240.0,240.0
N22000028,2024-07,0.02371652965493487,28.87837245901584,67.05350434721032
N22000028,2024-09,0.04967775568366051,13.603351571180841,31.586004197754935
N22000028,2024-10,0.016232116147875786,42.35468791785757,98.3445398266598
N22000028,2024-11,0.013114728033542633,52.50524142338159,121.91339518979343
N22000028,2024-12,0.012281266041100025,56.092103991369825,130.24183215890514
N22000028,2025-01,0.004420150293204639,156.4684674233551,240.0
N22000028,2025-03,0.011422624811530113,60.334715695564086,140.09287147057177
N22000028,2025-04,0.013841578736901283,49.72979774242862,115.46901453121114
N22000028,2025-05,0.020504288375377655,33.45721568882636,77.68524908459216
N22000032,2024-07,0.0021118070453159943,240.0,240.0
N22000032,2024-09,0.004305606242269278,160.6403045484053,240.0
N22000032,2024-10,0.0012136561563238502,240.0,240.0
N22000032,2024-11,0.0012667695991694927,240.0,240.0
N22000032,2024-12,0.0011318528559058905,240.0,240.0
N22000032,2025-01,0.0005264446749815299,240.0,240.0
N22000032,2025-03,0.0013657432282343507,240.0,240.0
N22000032,2025-04,0.002502785762771964,240.0,240.0
N22000032,2025-05,0.0025946416426450014,240.0,240.0
N22000079,2024-07,0.0033379649473957995,207.3088532399432,240.0
N22000079,2024-09,0.012619161047041416,54.5808436303694,126.73279426800865
N22000085,2024-07,0.002479467357178855,240.0,240.0
N22000085,2024-09,0.008518839254975319,81.01932028544587,188.12103599945436
N22000085,2024-10,0.0009324827697128057,240.0,240.0
N22000085,2024-11,0.001039744820445776,240.0,240.0
N22000085,2024-12,0.0011281262850388885,240.0,240.0
N22000085,2025-01,0.0007681893795139505,240.0,240.0
N22000085,2025-03,0.0018787840381264687,240.0,240.0
N22000085,2025-04,0.004167415667325258,165.97860983719715,240.0
N22000085,2025-05,0.0055375718511641026,124.82478725266299,240.0
N22000087,2024-07,0.003024129081510951,228.8588051552656,240.0
N22000087,2024-09,0.004871426150202751,141.94149259290128,240.0
N22000087,2024-10,0.0026580519042909145,240.0,240.0
N22000087,2024-11,0.0020516824442893267,240.0,240.0
N22000087,2024-12,0.002950238762423396,234.59938600048812,240.0
N22000087,2025-01,0.0012097161159996261,240.0,240.0
N22000087,2025-03,0.002796056680381298,240.0,240.0
N22000087,2025-04,0.007343803532421589,94.03831168135203,218.35019788870568
N22000087,2025-05,0.006685380358248949,103.33407778712844,239.93429837320963
N22000092,2024-07,0.0022289303548325146,240.0,240.0
N22000092,2024-09,0.029478173702955246,23.165610046957887,53.788880803236474
N22000092,2024-10,0.007895853370428085,87.4391960527796,203.0275259093131
N22000092,2024-11,0.009617446921765804,71.72471701437712,166.53963553352784
N22000092,2024-12,0.017424246296286583,39.43302303661216,91.56064405505035
N22000092,2025-01,0.007944510073048416,86.90154038434201,201.7791281073924
N22000092,2025-03,0.009486690163612366,72.7181039053629,168.84620846480053
N22000092,2025-04,0.031598590314388275,21.58758770806084,50.124826400191544
N22000092,2025-05,0.0346580408513546,19.65099555307495,45.62819866719134
N22000100,2024-07,0.004398516204113134,157.23976425788527,240.0
N22000100,2024-09,0.013720369897782803,50.17219790139709,116.49623588950267
N22000100,2024-10,0.004078043159097433,169.6237261203099,240.0
N22000100,2024-11,0.004305344540625811,160.6500902138212,240.0
N22000100,2024-12,0.004485611338168383,154.17996994462888,240.0
N22000100,2025-01,0.004076334570913165,169.69496905877597,240.0
N22000100,2025-03,0.00948318187147379,72.74513450636717,168.90897157669403
N22000100,2025-04,0.049062881618738174,13.778251400697197,31.992109025699975
N22000100,2025-05,0.10320881009101868,6.363104592418751,14.774671323843897
N22000102,2024-07,0.00245064708417031,240.0,240.0
N22000102,2024-09,0.025164999067783356,27.19605144370697,63.14727591714522
N22000102,2024-10,0.0077257645316421986,89.37188943767703,207.5151009785094
N22000102,2024-11,0.010174847207963467,67.7764316783852,157.3720008852564
N22000102,2024-12,0.008105962537229061,85.16373645011447,197.74407232910372
N22000102,2025-01,0.004043899959085162,171.05881256281307,240.0
N22000102,2025-03,0.009375249966979027,73.58661027441728,170.86281780369652
N22000102,2025-04,0.010694554075598717,64.4659032667072,149.68519195725844
N22000102,2025-05,0.008605082519352436,80.20383174859148,186.22753025467355
N22000108,2024-07,0.0041060961384938865,168.46248038776594,240.0
N22000108,2024-09,0.02125215157866478,32.26757413174549,74.92298693036054
N22000108,2024-10,0.014190752059221268,48.49759353822533,112.6079249708332
N22000108,2024-11,0.012572967447340488,54.78265461850683,127.20138487122193
N22000108,2024-12,0.013706948608160019,50.221665406316276,116.61109587895851
N22000108,2025-01,0.007230725541964245,95.51436672081257,221.77749155442922
N22000108,2025-03,0.025027846917510033,27.34700072613951,63.49776929692842
N22000108,2025-04,0.01942988857626915,35.326567658272396,82.02574994168194
N22000108,2025-05,0.02037733793258667,33.6678276191276,78.17427484267706
N22000109,2024-07,0.004828426005450082,143.20866156595758,240.0
N22000109,2024-09,0.08171937614679337,8.130544641765702,18.87854003045169
N22000109,2024-10,0.01980321854352951,34.654014794179595,80.46413055124789
N22000109,2024-11,0.021569356322288513,31.787904750834006,73.80922911856494
N22000109,2024-12,0.022069105878472328,31.060169242334762,72.1194795957334
N22000109,2025-01,0.019726744228272697,34.78970993214265,80.77920490442392
N22000109,2025-03,0.053848832845687866,12.5223221925336,29.07593171207528
N22000109,2025-04,0.023311972618103027,29.385591496709146,68.23123048109214
N22000109,2025-05,0.024253863841295242,28.230843515326207,65.54998870060463
N22000110,2024-07,0.002276781943705064,240.0,240.0
N22000110,2024-09,0.03163910657167435,21.559494572043217,50.05959615839873
N22000110,2024-10,0.008992964401841164,76.72951133910692,178.1604080852508
N22000110,2024-11,0.011410946026444435,60.39682266471415,140.2370793871296
N22000110,2024-12,0.011553797870874405,59.64577115514416,138.49319178635147
N22000110,2025-01,0.005529633555443225,125.00448313378101,240.0
N22000110,2025-03,0.01623375341296196,42.350381064655366,98.33453962320905
N22000110,2025-04,0.00772029859945178,89.4354102890997,207.6625918280389
N22000110,2025-05,0.008002335205674171,86.27107599898801,200.3152351382131
N22000111,2024-07,0.004502210130527207,153.6102580515291,240.0
N22000111,2024-09,0.03602747619152069,18.89071132173932,43.86287335035331
N22000111,2024-10,0.005322467535734177,129.88353776489288,240.0
N22000111,2024-11,0.006567011121660471,105.20291741420864,240.0
N22000111,2024-12,0.006778801791369915,101.90520165805437,236.61655074499865
N22000111,2025-01,0.0033756615060237527,204.98992712327905,240.0
N22000111,2025-03,0.012099912390112877,56.93802895911575,132.2060091076811
N22000111,2025-04,0.0138541916385293,49.68420657754655,115.36315512459281
N22000111,2025-05,0.01696162298321724,40.51805479868421,94.08000978725059
N22000120,2024-07,0.0012426840329640143,240.0,240.0
N22000120,2024-09,0.0033076039981096983,209.21495432403722,240.0
N22000120,2024-10,0.0022633366752415895,240.0,240.0
N22000120,2024-11,0.0022128724958747625,240.0,240.0
N22000120,2024-12,0.002497456967830658,240.0,240.0
N22000120,2025-01,0.0015070187304693228,240.0,240.0
N22000120,2025-03,0.0027615446597337723,240.0,240.0
N22000120,2025-04,0.003671476384624839,188.4457071961998,240.0
N22000120,2025-05,0.0037290106993168592,185.53285442300128,240.0
N22000123,2024-07,0.00324227827117185,213.4372273000743,240.0
N22000123,2024-09,0.011513016186654568,59.858282249644574,138.98662726714724
N22000124,2024-07,0.002763766177599214,240.0,240.0
N22000124,2024-09,0.004713823553174734,146.69878910128924,240.0
N22000124,2024-10,0.0037347583565860987,185.24679207879356,240.0
N22000124,2024-11,0.004370591137558222,158.24663564563141,240.0
N22000124,2024-12,0.002855858998373151,240.0,240.0
N22000124,2025-01,0.0017828047383636747,240.0,240.0
N22000124,2025-03,0.0035353333223611116,195.7159738788242,240.0
N22000124,2025-04,0.0049928282387554646,138.4817024670715,240.0
N22000124,2025-05,0.004573195707052946,151.22051737714202,240.0
N22000134,2024-07,0.002375573618776161,240.0,240.0
N22000134,2024-09,0.00660804845392704,104.54742874027356,240.0
N22000134,2024-10,0.0032013023737818003,216.17361310626725,240.0
N22000134,2024-11,0.004152320325374603,166.58327002695486,240.0
N22000134,2024-12,0.0032982889097183943,209.80680293784027,240.0
N22000134,2025-01,0.001634196743293126,240.0,240.0
N22000134,2025-03,0.006027954630553722,114.64186242632267,240.0
N22000134,2025-04,0.03427090495824814,19.876941124600442,46.15282803763177
N22000134,2025-05,0.03806005045771599,17.86312051016161,41.476881374902916
N22000135,2024-07,0.048869750759428565,13.834095228565252,32.121774378552864
N22000135,2024-09,0.11937824636697769,5.452395866014234,12.66007114574616
N22000138,2024-07,0.003137599903618171,220.56961467968912,240.0
N22000138,2024-09,0.010234183631837368,67.3814567442183,156.45489748883801
N22000138,2024-10,0.0037114699371159077,186.41134042984618,240.0
N22000138,2024-11,0.004047245252877474,170.9171352226308,240.0
N22000138,2024-12,0.004108184948563576,168.3766490412293,240.0
N22000138,2025-01,0.0020982141845619084,240.0,240.0
N22000138,2025-03,0.014076195657253265,48.89511579705978,113.53094307196399
N22000138,2025-04,0.012065897695720196,57.099522634359154,132.58098580937536
N22000138,2025-05,0.010855496861040592,63.504979721475415,147.45399658054598
N22000139,2024-07,0.00320698188046753,215.79015912955376,240.0
N22000139,2024-09,0.005315179005265236,130.06211888700784,240.0
N22000139,2024-10,0.0026870090514421463,240.0,240.0
N22000139,2024-11,0.0028164791874587536,240.0,240.0
N22000139,2024-12,0.002848690375685692,240.0,240.0
N22000139,2025-01,0.0011268322750596083,240.0,240.0
N22000139,2025-03,0.00856950506567955,80.5382517431713,187.00402943558055
N22000139,2025-04,0.007887800224125385,87.52882294645609,203.23563311179802
N22000139,2025-05,0.008784284815192223,78.56055639341352,182.41196303984987
N22000142,2024-07,0.0017227428952443224,240.0,240.0
N22000142,2024-09,0.00540137430652976,127.98104294798898,240.0
N22000142,2024-10,0.0014473666669800878,240.0,240.0
N22000142,2024-11,0.0013686761958524585,240.0,240.0
N22000142,2024-12,0.0013856296427547932,240.0,240.0
N22000142,2025-01,0.0004521709800441309,240.0,240.0
N22000142,2025-03,0.0010137559147551656,240.0,240.0
N22000142,2025-04,0.0022787991911172867,240.0,240.0
N22000142,2025-05,0.002315669320523739,240.0,240.0
N22000148,2024-07,0.0020052964078798308,240.0,240.0
N22000148,2024-09,0.04379037767648697,15.479595489204662,35.94250766387599
N22000148,2024-10,0.013553859665989876,50.79284453610869,117.93733274763682
N22000148,2024-11,0.013666274026036263,50.372175118478516,116.9605686081814
N22000148,2024-12,0.013452071696519852,51.17981377448737,118.83584749408546
N22000148,2025-01,0.006387796205164498,108.16421695641003,240.0
N22000148,2025-03,0.01882804185152054,36.46694714050685,84.67362910031522
N22000148,2025-04,0.02134465053677559,32.1262269603084,74.5947889618679
N22000148,2025-05,0.021692711859941483,31.605157696079917,73.3849035978735
N22000158,2024-07,0.0008156369190355228,240.0,240.0
N22000158,2024-09,0.0015328462468460202,240.0,240.0
N22000158,2024-10,0.000783851370215416,240.0,240.0
N22000158,2024-11,0.000949881155975163,240.0,240.0
N22000158,2024-12,0.001431144424714148,240.0,240.0
N22000158,2025-01,0.0007482678364743034,240.0,240.0
N22000158,2025-03,0.0019255393417552114,240.0,240.0
N22000158,2025-04,0.0025831698440015316,240.0,240.0
N22000158,2025-05,0.003439079038798809,201.2034601231495,240.0
N22000171,2024-07,0.006732645970601414,102.60619660687424,238.24421061103763
N22000171,2024-09,0.023443492129445076,29.218776700089066,67.84389851817706
N22000171,2024-10,0.003344909055158496,206.87775501726335,240.0
N22000171,2024-11,0.004072933923453093,169.83694360504802,240.0
N22000171,2024-12,0.004184202291071415,165.31132699498733,240.0
N22000171,2025-01,0.0019250422759509167,240.0,240.0
N22000171,2025-03,0.005630214232951403,122.76514395435257,240.0
N22000171,2025-04,0.0063660042360424995,108.53567130051748,240.0
N22000171,2025-05,0.0071777962148189545,96.22125490894656,223.41883509840153
N22000177,2024-07,0.0026740276763789206,240.0,240.0
N22000177,2024-09,0.004653632175177336,148.60072190536567,240.0
N22000177,2024-10,0.0015979877207428217,240.0,240.0
N22000177,2024-11,0.0018212160794064403,240.0,240.0
N22000177,2024-12,0.001960624707862735,240.0,240.0
N22000177,2025-01,0.0018257040022828797,240.0,240.0
N22000177,2025-03,0.0031827951315790415,217.4326317400251,240.0
N22000177,2025-04,0.009614663198590279,71.74558406220795,166.5880873181436
N22000177,2025-05,0.011702287942171097,58.88451243208909,136.7256037698118
N22000180,2024-07,0.05017322422415782,13.46553466654271,31.26600325492525
N22000180,2024-09,0.07995370030403137,8.31797067745081,19.313729808422302
N22000181,2024-07,0.00337867356373589,204.80687109344467,240.0
N22000181,2024-09,0.047948285937309265,14.106729287063208,32.754811058602435
N22000181,2024-10,0.009619423188269138,71.70991006736836,166.50525486726866
N22000181,2024-11,0.009303228929638863,74.15897314853136,172.19180324157247
N22000181,2024-12,0.0023697151336818933,240.0,240.0
N22000181,2025-01,0.004544098635658633,152.19104513119348,240.0
N22000181,2025-03,0.025525586679577827,26.806927941106494,62.243759124076206
N22000181,2025-04,0.02597634680569172,26.33568834404236,61.14957466422959
N22000181,2025-05,0.027520639821887016,24.8382631011689,57.67266092280817
N22000183,2024-07,0.001270899685459681,240.0,240.0
N22000183,2024-09,0.002459445735439658,240.0,240.0
N22000183,2024-10,0.01037248782813549,66.47837188525205,154.35799938273686
N22000183,2024-11,0.017809776589274406,38.57186486205853,89.56109669541236
N22000183,2024-12,0.018847361207008362,36.42920943639787,84.58600486490803
N22000183,2025-01,0.008372217832676832,82.44428644031998,191.42970494872017
N22000183,2025-03,0.022789044305682182,30.067902161575102,69.81550678328567
N22000183,2025-04,0.2113858312368393,2.9187837011342515,6.7772058785629365
N22000195,2024-07,0.0010501816682668697,240.0,240.0
N22000195,2024-09,0.022304411977529526,30.728808276985855,71.35008326074077
N22000205,2024-07,0.006854152190059581,100.78109885739418,234.0064648706042
N22000205,2024-09,0.03402681648731232,20.02204183121828,46.489741444915744
N22000206,2024-07,0.005633296048834002,122.69779268136229,240.0
N22000206,2024-09,0.03618514910340309,18.806868229904406,43.668195719859604
N22000206,2024-10,0.008651024661958218,79.77605533538525,185.23426418251987
N22000206,2024-11,0.009550807066261768,72.2275954284236,167.70728305141475
N22000206,2024-12,0.010429591871798038,66.11248568319448,153.50843793064777
N22000206,2025-01,0.00514810549515643,134.29434361429205,240.0
N22000206,2025-03,0.03314593434333801,20.563461358603746,47.74687865667269
N22000206,2025-04,0.0329730287194252,20.673130988039993,48.001523650416594
N22000206,2025-05,0.022655069828033447,30.24777895384356,70.23316776087204
N22000207,2024-07,0.009675312210524978,71.29367242311159,165.53878098691916
N22000207,2024-09,0.045900873839855194,14.75167066641464,34.25231856687393
N22000207,2024-10,0.011250977404415607,61.2605030582748,142.24248315794145
N22000207,2024-11,0.01195405051112175,57.63702586115707,133.82902965277006
N22000207,2024-12,0.009032627567648888,76.39105798298073,177.37454372885247
N22000207,2025-01,0.003007397237938303,230.13400563004956,240.0
N22000207,2025-03,0.009030595421791077,76.4083264118732,177.41463977905246
N22000207,2025-04,0.012045826762914658,57.19524250224892,132.8032404598675
N22000207,2025-05,0.014481766149401665,47.51602623963777,110.32879628322004
N22000208,2024-07,0.0014702250292218944,240.0,240.0
N22000208,2024-09,0.0017683920450508595,240.0,240.0
N22000208,2024-10,0.0012474830728024244,240.0,240.0
N22000208,2024-11,0.0014417595230042934,240.0,240.0
N22000208,2024-12,0.0009034606046043336,240.0,240.0
N22000208,2025-01,0.0005087594842851928,240.0,240.0
N22000208,2025-03,0.0011197893181815743,240.0,240.0
N22000208,2025-04,0.0026466918643563986,240.0,240.0
N22000208,2025-05,0.0033849107567220926,204.42884515385975,240.0
N22000215,2024-07,0.0033590260843665565,206.00684859781902,240.0
N22000215,2024-09,0.01789357326924801,38.389597684528916,89.13788541513053
N22000219,2024-07,0.006503853198809195,106.22789973246046,240.0
N22000219,2024-09,0.01348956674337387,51.03658877017917,118.50328933269188
N22000219,2024-10,0.007515459321439266,91.88250730282424,213.34457513512083
N22000219,2024-11,0.008097482845187187,85.25328391745911,197.95199510935726
N22000219,2024-12,0.008105725049972534,85.16624181916673,197.7498896158942
N22000219,2025-01,0.00266686927420845,240.0,240.0
N22000219,2025-03,0.004622173961251974,149.61445112423365,240.0
N22000219,2025-04,0.004194616340100765,164.90004395620716,240.0
N22000219,2025-05,0.005835660267621279,118.43093845149134,240.0
N22000231,2024-07,0.0021621728006748775,240.0,240.0
N22000231,2024-09,0.007060391362756491,97.82706230861854,227.1474044146779
N22000231,2024-10,0.002097145887091756,240.0,240.0
N22000231,2024-11,0.0030342761892825365,228.0923043181918,240.0
N22000231,2024-12,0.0019180887611582875,240.0,240.0
N22000231,2025-01,0.0008754991095990539,240.0,240.0
N22000231,2025-03,0.0018016316462308168,240.0,240.0
N22000231,2025-04,0.0019939818885177374,240.0,240.0
N22000231,2025-05,0.002079449128359556,240.0,240.0
N22000233,2024-07,0.0025295232534676693,240.0,240.0
N22000233,2024-09,0.0053972541354596615,128.07900652359808,240.0
N22000233,2024-10,0.0015455811517313123,240.0,240.0
N22000233,2024-11,0.0015642227372154593,240.0,240.0
N22000233,2024-12,0.0017313779098913074,240.0,240.0
N22000233,2025-01,0.0008965403806421302,240.0,240.0
N22000233,2025-03,0.0017368077533319592,240.0,240.0
N22000233,2025-04,0.0031599667854607105,219.0059227895229,240.0
N22000233,2025-05,0.003235157346352935,213.90778897032862,240.0
N22000250,2024-07,0.00230056484438379,240.0,240.0
N22000250,2024-09,0.003978420980274677,173.8799016675852,240.0
N22000250,2024-10,0.0015209848061203957,240.0,240.0
N22000250,2024-11,0.0016165245324373245,240.0,240.0
N22000250,2024-12,0.0016771603841334581,240.0,240.0
N22000250,2025-01,0.0007585660112511272,240.0,240.0
N22000250,2025-03,0.001502392697148025,240.0,240.0
N22000250,2025-04,0.006411061622202396,107.77043411249652,240.0
N22000250,2025-05,0.005342166405171156,129.40332094847494,240.0
N22000256,2024-07,0.0013703401465353648,240.0,240.0
N22000256,2024-09,0.0035966685973107815,192.37244214480742,240.0
N22000256,2024-10,0.001830472145229578,240.0,240.0
N22000256,2024-11,0.0016549068968743086,240.0,240.0
N22000256,2024-12,0.0027450232300907373,240.0,240.0
N22000256,2025-01,0.001154327639955155,240.0,240.0
N22000256,2025-03,0.002993627218529582,231.19416663254893,240.0
N22000256,2025-04,0.0028468880336731672,240.0,240.0
N22000256,2025-05,0.0035535134375095367,194.71289700406754,240.0
N22000258,2024-07,0.0030039031237629743,230.40209905443845,240.0
N22000258,2024-09,0.0068010129034519196,101.5712597607935,235.84116167168867
N22000258,2024-10,0.0029592670034617186,233.88260314842086,240.0
N22000258,2024-11,0.00233794585801661,240.0,240.0
N22000258,2024-12,0.002677188953384757,240.0,240.0
N22000258,2025-01,0.0013799680113473212,240.0,240.0
N22000258,2025-03,0.0031713831704109907,218.2162935996785,240.0
N22000258,2025-04,0.0046376511454582214,149.11398598841728,240.0
N22000258,2025-05,0.006031855475157499,114.5674981197395,240.0
N22000261,2024-07,0.0019495808044700524,240.0,240.0
N22000261,2024-09,0.004541271831840277,152.28599549478506,240.0
N22000261,2024-10,0.0014386216644197702,240.0,240.0
N22000261,2024-11,0.0014257514849305153,240.0,240.0
N22000261,2024-12,0.0014308098470792174,240.0,240.0
N22000261,2025-01,0.000700312656628066,240.0,240.0
N22000261,2025-03,0.0024874298833310604,240.0,240.0
N22000261,2025-04,0.005436115898191929,127.16091188875357,240.0
N22000261,2025-05,0.006381320767104626,108.27432891093488,240.0
N22000273,2024-07,0.0031067284289895136,222.76485633604563,240.0
N22000273,2024-09,0.021398410201072693,32.04463857426663,74.405346596101
N22000273,2024-10,0.004933435004204512,140.1530520513585,240.0
N22000273,2024-11,0.005108993500471115,135.32509421124962,240.0
N22000273,2024-12,0.005213912110775709,132.59498573520685,240.0
N22000273,2025-01,0.0026760463630161047,240.0,240.0
N22000273,2025-03,0.007213669363409281,95.74102468643969,222.30377505274882
N22000273,2025-04,0.007301446981728077,94.58585441047737,219.62155273461312
N22000273,2025-05,0.007530465722084045,91.69871526313113,212.91782323454078
N22000274,2024-07,0.004115410399967878,168.080419802775,240.0
N22000274,2024-09,0.02235894277691841,30.65301272105721,71.17409142996244
N22000274,2024-10,0.005385604687035084,128.35680159845344,240.0
N22000274,2024-11,0.005550567060709,124.53172955184186,240.0
N22000274,2024-12,0.02155230939388275,31.81332371181683,73.86825011821381
N22000274,2025-01,0.011150628946776986,61.814938695913504,143.52984284178152
N22000274,2025-03,0.07650543004274368,8.708933939071482,20.22151838964814
N22000274,2025-04,0.11545292288064957,5.650063310360809,13.119040738219057
N22000274,2025-05,0.11305510997772217,5.777553928709693,13.415064786797892
N22000279,2024-07,0.0014776065121768767,240.0,240.0
N22000279,2024-09,0.006354928947985172,108.72543115674958,240.0
N22000279,2024-10,0.0012328464072197676,240.0,240.0
N22000279,2024-11,0.0010933210141956806,240.0,240.0
N22000279,2024-12,0.0012343216221779585,240.0,240.0
N22000279,2025-01,0.0005347818164773699,240.0,240.0
N22000279,2025-03,0.001605777069926262,240.0,240.0
N22000279,2025-04,0.0031834018882364035,217.39112293561945,240.0
N22000279,2025-05,0.005108125973492861,135.34813580156407,240.0
N22000281,2024-07,0.004508722875585125,153.38787024384925,240.0
N22000281,2024-09,0.019458914175629616,35.27335294836896,81.90218921169586
N22000281,2024-10,0.0037533144932240248,184.32922870718596,240.0
N22000281,2024-11,0.0038558400701731443,179.41874538169617,240.0
N22000281,2024-12,0.0073021831922233105,94.57628318055386,219.59932902695112
N22000281,2025-01,0.004083535132560101,169.39513130180356,240.0
N22000281,2025-03,0.006099209655076265,113.29848280284574,240.0
N22000281,2025-04,0.017792727798223495,38.60915806793943,89.64768883789564
N22000281,2025-05,0.020691294223070145,33.15167857803952,76.97581388302548
N22000286,2024-07,0.002234321238797854,240.0,240.0
N22000286,2024-09,0.0051134866662323475,135.20588045444623,240.0
N22000286,2024-10,0.001496463897638023,240.0,240.0
N22000286,2024-11,0.0014544103760272264,240.0,240.0
N22000286,2024-12,0.0013423714553937316,240.0,240.0
N22000286,2025-01,0.0006746893158972034,240.0,240.0
N22000286,2025-03,0.002214020350947976,240.0,240.0
N22000286,2025-04,0.002361605642363429,240.0,240.0
N22000286,2025-05,0.003812255337834358,181.47397043285164,240.0
N22000297,2024-07,0.0026172306482264984,240.0,240.0
N22000297,2024-09,0.032248031347990036,21.14578094290566,49.098982859666435
N22000297,2024-10,0.0053396765142679214,129.46382360696137,240.0
N22000297,2024-11,0.005529610440135002,125.00500713871254,240.0
N22000297,2024-12,0.007407338824123144,93.22873272222505,216.47041375847908
N22000297,2025-01,0.0037105535157582192,186.45746544445038,240.0
N22000297,2025-03,0.011394948698580265,60.482101967566706,140.43509179633534
N22000297,2025-04,0.015445857308804989,44.52845526820678,103.3918713091845
N22000297,2025-05,0.02209293842315674,31.026286722590445,72.0408068212135
N22000299,2024-07,0.0005745537719226146,240.0,240.0
N22000299,2024-09,0.001325697754509747,240.0,240.0
N22000299,2024-10,0.0006871671066619456,240.0,240.0
N22000299,2024-11,0.0007347675273194909,240.0,240.0
N22000299,2024-12,0.0007816185243427753,240.0,240.0
N22000299,2025-01,0.00036361512183336053,240.0,240.0
N22000299,2025-03,0.0010900835040956736,240.0,240.0
N22000299,2025-04,0.0027710525318980217,240.0,240.0
N22000299,2025-05,0.006547044962644577,105.52480815004077,240.0
N22000308,2024-07,0.0035585797478722148,194.43519242131563,240.0
N22000308,2024-09,0.009448068216443062,73.0167832325303,169.53972038591257
N22000308,2024-10,0.00297953630797565,232.28917753204692,240.0
N22000308,2024-11,0.0033670139964669943,205.51729431885352,240.0
N22000308,2024-12,0.0028897225856781006,239.51959936123018,240.0
N22000308,2025-01,0.0014164769617346362,240.0,240.0
N22000308,2025-03,0.0033148792572319508,208.75502287880022,240.0
N22000308,2025-04,0.004347039852291346,159.1058607590843,240.0
N22000308,2025-05,0.005017058923840523,137.8112063951785,240.0
N22000316,2024-07,0.0021799624314383648,240.0,240.0
N22000316,2024-09,0.005811646580696106,118.92172917233685,240.0
N22000316,2024-10,0.0068380883894860744,101.01866635294606,234.5580795129581
N22000316,2024-11,0.00478750467300415,144.43570878888013,240.0
N22000316,2024-12,0.005200506653636694,132.9376735904586,240.0
N22000316,2025-01,0.002779753802613416,240.0,240.0
N22000316,2025-03,0.00606613839045167,113.91805473428208,240.0
N22000316,2025-04,0.005956600420176983,116.01931904487726,240.0
N22000316,2025-05,0.004651543218642473,148.66761272812556,240.0
N22000318,2024-07,0.002471982413436713,240.0,240.0
N22000318,2024-09,0.004814159590750933,143.63407880717887,240.0
N22000318,2024-10,0.0033770117443054914,204.90782680711442,240.0
N22000318,2024-11,0.003155284095555544,219.33145969890623,240.0
N22000318,2024-12,0.0029996433295309544,230.72978579493864,240.0
N22000318,2025-01,0.0015608613353395029,240.0,240.0
N22000318,2025-03,0.005250989459455013,131.65627826152613,240.0
N22000318,2025-04,0.010492189787328243,65.71597409593974,152.58776653625262
N22000318,2025-05,0.010021685622632504,68.81757464776135,159.78945999664535
N22000326,2024-07,0.05687058923816102,11.83819290815195,27.48743270613434
N22000326,2024-09,0.1404886692762375,4.57851482790045,10.63098221176043
N22000329,2024-07,0.007104498303171947,97.21756466287997,225.73219470726983
N22000329,2024-09,0.013226418755948544,52.05892037866259,120.8770698167209
N22000329,2024-10,0.0024150076787918806,240.0,240.0
N22000329,2024-11,0.002493414329364896,240.0,240.0
N22000329,2024-12,0.002625427208840847,240.0,240.0
N22000329,2025-01,0.003921441119225544,176.41147772022353,240.0
N22000329,2025-03,0.004281053319573402,161.56360783293854,240.0
N22000329,2025-04,0.011439683847129345,60.244224820921914,139.88275816640916
N22000329,2025-05,0.009675816632807255,71.28993759578702,165.53010898642472
N22000333,2024-07,0.0030014045664036315,230.59418900769077,240.0
N22000333,2024-09,0.006038961000740528,114.43228779911212,240.0
N22000333,2024-10,0.004003703128546476,172.77971238514962,240.0
N22000333,2024-11,0.004212610423564911,164.194194163497,240.0
N22000333,2024-12,0.004771579522639513,144.91892161827408,240.0
N22000333,2025-01,0.0024813540069377193,240.0,240.0
N22000333,2025-03,0.006112083327025175,113.05911461713758,240.0
N22000333,2025-04,0.012084840796887875,57.00947313364954,132.37189734374715
N22000333,2025-05,0.012970454059541225,53.093143811656034,123.27846226217925
N22000349,2024-07,0.003995966276729379,173.11491441471495,240.0
N22000349,2024-09,0.015169859863817692,45.34493526077905,105.28767914285149
N22000349,2024-10,0.0034728036262094975,199.24619275055608,240.0
N22000349,2024-11,0.004307033494114876,160.58695703402134,240.0
N22000349,2024-12,0.00407444080337882,169.774003228821,240.0
N22000349,2025-01,0.0020337193326859238,240.0,240.0
N22000349,2025-03,0.00944810826331377,73.01647226902243,169.53899835100717
N22000349,2025-04,0.05678420513868332,11.856739660349094,27.5304969311298
N22000349,2025-05,0.05335210636258125,12.642196122931535,29.354270358910817
N22000350,2024-07,0.0009093387629267591,240.0,240.0
N22000350,2024-09,0.0022595215123146772,240.0,240.0
N22000350,2024-10,0.0008564255549572408,240.0,240.0
N22000350,2024-11,0.0010959007777273655,240.0,240.0
N22000350,2024-12,0.0011161519214510918,240.0,240.0
N22000350,2025-01,0.0005675652109748963,240.0,240.0
N22000350,2025-03,0.002130319597199559,240.0,240.0
N22000350,2025-04,0.004399419296532869,157.20741555956096,240.0
N22000350,2025-05,0.006211860105395317,111.23754661928169,240.0
N22000351,2024-07,0.006992618294076269,98.7785776915374,229.35675471499474
N22000351,2024-09,0.032155897468328476,21.207372296920123,49.24199355495477
N22000351,2024-10,0.02481813356280327,27.58103636378229,64.04118321917606
N22000351,2024-11,0.004941918421536684,139.91186599469114,240.0
N22000351,2024-12,0.005105342250317335,135.42212460337066,240.0
N22000351,2025-01,0.00335700578074849,206.13103585825218,240.0
N22000351,2025-03,0.010889957658946514,63.30292024752039,146.98482901113167
N22000351,2025-04,0.014652594923973083,46.957995393821136,109.03308878450464
N22000351,2025-05,0.01295728050172329,53.147477059295014,123.40462015635867
N22000356,2024-07,0.0033477397228184325,206.70253700423083,240.0
N22000356,2024-09,0.0054655796848237514,126.47354253499805,240.0
N22000356,2024-10,0.0018618725007399917,240.0,240.0
N22000356,2024-11,0.0017813574522733688,240.0,240.0
N22000356,2024-12,0.0019098613411188126,240.0,240.0
N22000356,2025-01,0.0009247906527216632,240.0,240.0
N22000356,2025-03,0.0019434180576354265,240.0,240.0
N22000356,2025-04,0.003761137370020151,183.94511632000044,240.0
N22000356,2025-05,0.003879544325172901,178.32036546228764,240.0
N22000358,2024-07,0.0011974634409287477,240.0,240.0
N22000358,2024-09,0.0020813439041376114,240.0,240.0
N22000358,2024-10,0.0009235035395249724,240.0,240.0
N22000358,2024-11,0.0012562936171889305,240.0,240.0
N22000358,2024-12,0.0013419438619166613,240.0,240.0
N22000358,2025-01,0.0005991158698233079,240.0,240.0
N22000358,2025-03,0.0017709495732560754,240.0,240.0
N22000358,2025-04,0.004892913158982992,141.31663844333548,240.0
N22000358,2025-05,0.00397014245390892,174.24319902984425,240.0
N22000359,2024-07,0.006383516925942634,108.23695916869622,240.0
N22000359,2024-09,0.018835844472050667,36.451696475653456,84.6382181531264
N22000359,2024-10,0.004207844380289316,164.38056292486644,240.0
N22000359,2024-11,0.004900868982076645,141.0866686205887,240.0
N22000359,2024-12,0.004317646846175194,160.19135971348715,240.0
N22000359,2025-01,0.0016364681117896351,240.0,240.0
N22000359,2025-03,0.003536327974870801,195.66082783081805,240.0
N22000359,2025-04,0.0037077709566801786,186.59765600000395,240.0
N22000359,2025-05,0.004201940726488829,164.6120023776613,240.0
N22000360,2024-07,0.004254614281564928,162.5697536865173,240.0
N22000360,2024-09,0.00736165652051568,93.80941381343779,217.8187134983358
N22000360,2024-10,0.005547120235860348,124.60932582500236,240.0
N22000360,2024-11,0.005388031248003244,128.29883829265037,240.0
N22000360,2024-12,0.0073041608557105064,94.55058178248963,219.5396522287079
N22000360,2025-01,0.004184842734852645,165.28597481581627,240.0
N22000360,2025-03,0.006125445477664471,112.81172797668101,240.0
N22000360,2025-04,0.011202829889953136,61.52528353074543,142.85728437594855
N22000360,2025-05,0.015246759168803692,45.114474354068065,104.75256548878602
N22000361,2024-07,0.0018198358691083882,240.0,240.0
N22000361,2024-09,0.0036393620539456606,190.11164513912996,240.0
N22000361,2024-10,0.0014224449405446649,240.0,240.0
N22000361,2024-11,0.0013092253357172012,240.0,240.0
N22000361,2024-12,0.001048568170517683,240.0,240.0
N22000361,2025-01,0.0005176004680966795,240.0,240.0
N22000361,2025-03,0.0011168698547407985,240.0,240.0
N22000361,2025-04,0.003576618153601885,193.45282309152986,240.0
N22000361,2025-05,0.0036916162353008986,187.41573639456112,240.0
N22000362,2024-07,0.002845529059789409,240.0,240.0
N22000362,2024-09,0.003511902177706361,197.0240910307067,240.0
N22000362,2024-10,0.0013883077772334218,240.0,240.0
N22000362,2024-11,0.0015278356149792671,240.0,240.0
N22000362,2024-12,0.0016346493503078818,240.0,240.0
N22000362,2025-01,0.0008245488356013464,240.0,240.0
N22000362,2025-03,0.0019854975398629904,240.0,240.0
N22000362,2025-04,0.003461077343672514,199.9224231975726,240.0
N22000362,2025-05,0.0031502291094511747,219.68396461604897,240.0
N22000367,2024-07,0.000602365926159365,240.0,240.0
N22000367,2024-09,0.001335248234681785,240.0,240.0
N22000367,2024-10,0.0007010758272372186,240.0,240.0
N22000367,2024-11,0.0007233673240989447,240.0,240.0
N22000367,2024-12,0.0007707554032094777,240.0,240.0
N22000367,2025-01,0.00037431577543556305,240.0,240.0
N22000367,2025-03,0.0008924901485443115,240.0,240.0
N22000367,2025-04,0.003479923587292433,198.83782298035118,240.0
N22000367,2025-05,0.0106793949380517,64.55790474470308,149.89881277378822
N22000368,2024-07,0.0010791706105758303,240.0,240.0
N22000368,2024-09,0.005590494722127914,123.63983631933137,240.0
N22000368,2024-10,0.001581957214511931,240.0,240.0
N22000368,2024-11,0.0019070084672421217,240.0,240.0
N22000368,2024-12,0.0018401353154331446,240.0,240.0
N22000368,2025-01,0.0009179682496066599,240.0,240.0
N22000368,2025-03,0.002511005848646164,240.0,240.0
N22000368,2025-04,0.004195919260382652,164.8487312903487,240.0
N22000368,2025-05,0.003619811963289976,191.14028521764843,240.0
N22000369,2024-07,0.007923743521925597,87.1302027031785,202.31006556974097
N22000369,2024-09,0.04008869826793671,16.94140210375788,39.33671751149929
N22000369,2024-10,0.007732007186859846,89.29945196778803,207.34690638205157
N22000369,2024-11,0.008954794146120548,77.05805643609996,178.92326617639642
N22000369,2024-12,0.009383255615830421,73.52353069216808,170.71635154945832
N22000369,2025-01,0.0050270706421069455,137.53605557704003,240.0
N22000369,2025-03,0.019407978281378746,35.366842792222684,82.11926590672645
N22000369,2025-04,0.02066078409552574,33.20114959365125,77.09068202405696
N22000369,2025-05,0.025091061368584633,27.27722206705428,63.33574826797486
N22000376,2024-07,0.007362506721068751,93.79854085906064,217.79346728009307
N22000376,2024-09,0.015679361298680305,43.86012938055098,101.84006665409596
N22000376,2024-10,0.009426822885870934,73.18212548140643,169.92363319884993
N22000376,2024-11,0.008966862224042416,76.95387978425104,178.68137548163713
N22000376,2024-12,0.007982117123901844,86.49047412045283,200.82466180040774
N22000376,2025-01,0.003219968063706946,214.9184746926541,240.0
N22000376,2025-03,0.010582215152680874,65.15395420048509,151.2827967511108
N22000376,2025-04,0.015800489112734795,43.521223151333025,101.05315075894245
N22000376,2025-05,0.016233211383223534,42.351806786754885,98.33785004740743
N22000377,2024-07,0.006715176102552567,102.87403544269183,238.86611312882442
N22000377,2024-09,0.004583900794386864,150.8665514646267,240.0
N22000377,2024-10,0.0033163968473672867,208.65933737509462,240.0
N22000377,2024-11,0.004081714898347855,169.47082755382593,240.0
N22000377,2024-12,0.003623561467975378,190.94214246398414,240.0
N22000377,2025-01,0.00196067487246554,240.0,240.0
N22000377,2025-03,0.006302115507423878,109.63949035305576,240.0
N22000377,2025-04,0.008169104345142841,84.50279063934612,196.20940368188258
N22000377,2025-05,0.009844054467976093,70.06562878172326,162.68735195423181
N22000379,2024-07,0.0031493767105875703,219.74351738120407,240.0
N22000379,2024-09,0.009179648943245411,75.16201012373573,174.52078297451033
N22000379,2024-10,0.006069327238947153,113.85801927741963,240.0
N22000379,2024-11,0.008098739199340343,85.24000469999233,197.921161721243
N22000379,2024-12,0.008289027027785778,83.27520650203014,193.35904158461054
N22000379,2025-01,0.003524338550225936,196.3276255400725,240.0
N22000379,2025-03,0.010566120967268944,65.25372567382905,151.51445893813647
N22000379,2025-04,0.009541136212646961,72.3011574121421,167.8780886881264
N22000379,2025-05,0.010121989995241165,68.13217739909278,158.1980168688033
N22000380,2024-07,0.0028755621137573906,240.0,240.0
N22000380,2024-09,0.008425994776189327,81.91588688247003,190.20279917002233
N22000380,2024-10,0.004943088628351688,139.87866164314966,240.0
N22000380,2024-11,0.0052508278749883175,131.660340422643,240.0
N22000380,2024-12,0.007986475713551044,86.44308261568686,200.71462213403268
N22000380,2025-01,0.002833216474268152,240.0,240.0
N22000380,2025-03,0.00870275404304266,79.2997984886654,184.1284300297386
N22000380,2025-04,0.003084274008870125,224.38917564591537,240.0
N22000380,2025-05,0.0032272927928715944,214.4299039267249,240.0
N22000381,2024-07,0.0032120108647321066,215.45175737976365,240.0
N22000381,2024-09,0.007006222847849131,98.58609673012037,228.90982776294962
N22000381,2024-10,0.006087681278586388,113.51369629529887,240.0
N22000381,2024-11,0.005557578057050705,124.37419225145597,240.0
N22000381,2024-12,0.007538363803178072,91.60227681994495,212.69390010387957
N22000381,2025-01,0.0032186158539528886,215.00891232650605,240.0
N22000381,2025-03,0.006103783845901489,113.21331638370935,240.0
N22000381,2025-04,0.00684536574408412,100.91090343651818,234.30786176971725
N22000381,2025-05,0.0054184491746127605,127.57664903967864,240.0
N22000388,2024-07,0.003214271930486734,215.2999547109346,240.0
N22000388,2024-09,0.004864053335040808,142.15717027994756,240.0
N22000388,2024-10,0.002880300162360072,240.0,240.0
N22000388,2024-11,0.0032604888547211885,212.24319327696827,240.0
N22000388,2024-12,0.0031537425238639116,219.43884005667084,240.0
N22000388,2025-01,0.0017437090794295562,240.0,240.0
N22000388,2025-03,0.005247372202575207,131.74727436544126,240.0
N22000388,2025-04,0.013073079288005829,52.67362374345085,122.30436682944455
N22000388,2025-05,0.013142893090844154,52.39197735501109,121.65040416730274
N22000396,2024-07,0.0013166700771076734,240.0,240.0
N22000396,2024-09,0.0010360477026551962,240.0,240.0
N22000396,2024-10,0.0009268407593481243,240.0,240.0
N22000396,2024-11,0.0008775226306170225,240.0,240.0
N22000396,2024-12,0.001028711092658341,240.0,240.0
N22000396,2025-01,0.0006829243049638611,240.0,240.0
N22000396,2025-03,0.002151025924831629,240.0,240.0
N22000396,2025-04,0.006021329667419195,114.76837913001758,240.0
N22000396,2025-05,0.007372844032943249,93.66654074449531,217.48697250555549
N22000399,2024-07,0.0008968812010757832,240.0,240.0
N22000399,2024-09,0.0016847307560965419,240.0,240.0
N22000399,2024-10,0.001724708592519164,240.0,240.0
N22000399,2024-11,0.0013179528759792447,240.0,240.0
N22000399,2024-12,0.0012092498363927007,240.0,240.0
N22000399,2025-01,0.003315934092342099,208.68850523869588,240.0
N22000399,2025-03,0.0019961351063102484,240.0,240.0
N22000399,2025-04,0.002315997611731291,240.0,240.0
N22000399,2025-05,0.0021164787467569113,240.0,240.0
N22000400,2024-07,0.002903226891551758,238.40386476043983,240.0
N22000400,2024-09,0.031268008053302765,21.81952682446732,50.6633723508791
N22000401,2024-07,0.011367321301544386,60.62994459150619,140.7783717384823
N22000401,2024-09,0.07818398624658585,8.51431470282802,19.769626517208923
N22000401,2024-10,0.013089441694319248,52.60734414160584,122.1504703598027
N22000401,2024-11,0.014027368277311325,49.06652519740285,113.92894337434835
N22000401,2024-12,0.014354938641190529,47.93891260582216,111.3107080178084
N22000401,2025-01,0.0071703401035208,96.32167227822751,223.65199700934966
N22000401,2025-03,0.01636347360908985,42.01188908303584,97.54858558119258
N22000401,2025-04,0.01676848530769348,40.988752080957795,95.17293503114874
N22000406,2024-07,0.002444012869843526,240.0,240.0
N22000406,2024-09,0.03253282979130745,20.957599298224277,48.66203861193861
N22000406,2024-10,0.013147984631359577,52.371553823527144,121.60298219575334
N22000406,2024-11,0.015524119138717651,44.302217406061374,102.86656326094183
N22000406,2024-12,0.01712956093251705,40.11739906046243,93.14971597229558
N22000406,2025-01,0.0074308783869340145,92.9323018059507,215.78212248578848
N22000406,2025-03,0.022108474746346474,31.004238198676,71.98961173408576
N22000406,2025-04,0.006775171961635351,101.95998394146518,236.7437512679523
N22000406,2025-05,0.007216180209070444,95.70759103783053,222.2261445247286
N22000409,2024-07,0.002688816220659085,240.0,240.0
N22000409,2024-09,0.0133295813575387,51.65332272417509,119.93530122754596
N22000409,2024-10,0.004238989669829607,163.17025339220257,240.0
N22000409,2024-11,0.004720212426036596,146.49976042710426,240.0
N22000409,2024-12,0.005077152978628874,136.17594025158465,240.0
N22000409,2025-01,0.002598143010405174,240.0,240.0
N22000409,2025-03,0.008320407941937447,82.95981833641977,192.62673294208483
N22000409,2025-04,0.010593029670417309,65.08708287328926,151.1275263377524
N22000409,2025-05,0.012478983029723167,55.197866794589714,128.16547768820809
N22000415,2024-07,0.00169688953030811,240.0,240.0
N22000415,2024-09,0.004191194195300341,165.0349695858809,240.0
N22000416,2024-07,0.0018340288448895903,240.0,240.0
N22000416,2024-09,0.01103489100933075,62.46692472609788,145.0437075227407
N22000416,2024-10,0.0014545301673933864,240.0,240.0
N22000416,2024-11,0.0012711690505966544,240.0,240.0
N22000416,2024-12,0.001418464700691402,240.0,240.0
N22000416,2025-01,0.0011031035423447744,240.0,240.0
N22000416,2025-03,0.004577802028506994,151.06800549879708,240.0
N22000416,2025-04,0.02559923194348812,26.728802607771193,62.062357717682524
N22000416,2025-05,0.028242776170372963,24.1942307394222,56.17726408805184
N22000417,2024-07,0.001346438463233679,240.0,240.0
N22000417,2024-09,0.003918702248483896,176.5350182875805,240.0
N22000417,2024-10,0.0010998075595125556,240.0,240.0
N22000417,2024-11,0.001355199608951807,240.0,240.0
N22000417,2024-12,0.0014926503645256162,240.0,240.0
N22000417,2025-01,0.0007445569475823532,240.0,240.0
N22000417,2025-03,0.003184832166880369,217.2933387861297,240.0
N22000417,2025-04,0.2974907457828522,1.9630519671623106,4.558065514278073
N22000418,2024-07,0.0011836003817209395,240.0,240.0
N22000418,2024-09,0.011628630571067333,59.25969901993337,137.59676004895238
N22000418,2024-10,0.005589119158685207,123.6703513361072,240.0
N22000418,2024-11,0.007749205455183983,89.10049326424952,206.88493857858316
N22000418,2024-12,0.008581642061471939,80.42385511842323,186.7384086986177
N22000418,2025-01,0.003637224885314483,190.22355524757515,240.0
N22000418,2025-03,0.014238839969038963,48.33262969783159,112.22489079518246
N22000418,2025-04,0.01802685856819153,38.10317825777644,88.47284010123242
N22000419,2024-07,0.006500260545405312,106.28680319540923,240.0
N22000419,2024-09,0.01380047108978033,49.878965702862025,115.81537180939851
N22000419,2024-10,0.0031957789324223995,216.5478375521722,240.0
N22000419,2024-11,0.00391395902261138,176.74937707121435,240.0
N22000419,2024-12,0.003498092060908675,197.8032922324,240.0
N22000419,2025-01,0.0016495020818360073,240.0,240.0
N22000419,2025-03,0.036223068833351135,18.786813154365365,43.62162927652041
N22000419,2025-04,0.4012245535850525,1.351510186836047,3.138109473341086
N22000420,2024-07,0.0020586720939190783,240.0,240.0
N22000420,2024-09,0.004246518015861511,162.88036531149535,240.0
N22000420,2024-10,0.0017819299828261137,240.0,240.0
N22000420,2024-11,0.0017967529129236937,240.0,240.0
N22000420,2024-12,0.0019572386518120766,240.0,240.0
N22000420,2025-01,0.0008351717016480409,240.0,240.0
N22000420,2025-03,0.002370618050917983,240.0,240.0
N22000420,2025-04,0.024750016629695892,27.65790669080621,64.2196705911561
N22000420,2025-05,0.008495760150253773,81.24035698849127,188.63426733025676
N22000432,2024-07,0.0045199456847021535,153.00615366781312,240.0
N22000432,2024-09,0.02155940607190132,31.802736852472265,73.84366819206504
N22000434,2024-07,0.003975168910716698,174.02243601710205,240.0
N22000434,2024-09,0.027459481731057167,24.89436229740048,57.80291922263888
N22000434,2024-10,0.007162873167544603,96.42244494324545,223.8859838914515
N22000434,2024-11,0.007770665921270847,88.85346229991931,206.31135044219775
N22000434,2024-12,0.00806206464767456,85.62934464808386,198.8251810851787
N22000434,2025-01,0.003799431114425267,182.08767097412803,240.0
N22000434,2025-03,0.013173393905162811,52.26986641017621,121.36687133379739
N22000434,2025-04,0.01903194561600685,36.07251201763035,83.75777910689791
N22000434,2025-05,0.020416144281625748,33.60316959304986,78.0241435553672
N22000463,2024-07,0.0019144467674467869,240.0,240.0
N22000463,2024-09,0.003400554647669196,203.48679575352142,240.0
N22000463,2024-10,0.0017921696417033672,240.0,240.0
N22000463,2024-11,0.0017017031786963344,240.0,240.0
N22000463,2024-12,0.0015247660921886563,240.0,240.0
N22000463,2025-01,0.0009265546972065941,240.0,240.0
N22000463,2025-03,0.0031220675446093082,221.6686796830381,240.0
N22000463,2025-04,0.003931183367967606,175.97343523432522,240.0
N22000463,2025-05,0.00560185220092535,123.3884586776637,240.0
N22000464,2024-07,0.0065235312332943,105.90641877888416,240.0
N22000464,2024-09,0.02342081628739834,29.24740429738607,67.91036974063009
N22000464,2024-10,0.0141865573823452,48.51203625625555,112.64145992359408
N22000464,2024-11,0.014261728152632713,48.254503357349456,112.04348705026625
N22000464,2024-12,0.01921641081571579,35.72289067330493,82.94598348493643
N22000464,2025-01,0.010236286721015841,67.36754148397306,156.4225872551269
N22000464,2025-03,0.02186344563961029,31.355623535883577,72.8055032206795
N22000464,2025-04,0.023039260879158974,29.73755823627986,69.04847194216728
N22000464,2025-05,0.03158228471875191,21.598914010869834,50.15112526089495
N22000467,2024-07,0.003696994929532571,187.14256362186174,240.0
N22000467,2024-09,0.028639253228902817,23.85444544586215,55.388307068705224
N22000467,2024-10,0.0069119930267333984,99.93483709260643,232.04150590331457
N22000467,2024-11,0.0037714054342359304,183.44336082866124,240.0
N22000467,2024-12,0.002844929927960038,240.0,240.0
N22000467,2025-01,0.0013127727233033237,240.0,240.0
N22000467,2025-03,0.003560177283361554,194.34778906531076,240.0
N22000467,2025-04,0.0034687300212681293,199.48059084780024,240.0
N22000467,2025-05,0.003233232768252492,214.0353238570786,240.0
N22000468,2024-07,0.00306795604455512,225.5845108121821,240.0
N22000468,2024-09,0.0019392706453800201,240.0,240.0
N22000468,2024-10,0.0020195855759084225,240.0,240.0
N22000468,2024-11,0.0017090197652578354,240.0,240.0
N22000468,2024-12,0.0017835041508078575,240.0,240.0
N22000468,2025-01,0.001085458255227656,240.0,240.0
N22000468,2025-03,0.0027111368253827095,240.0,240.0
N22000468,2025-04,0.006937987171113491,99.55911567546359,231.1691077889997
N22000468,2025-05,0.007107144221663475,97.18124220576726,225.6478565736245
N22000470,2024-07,0.0020358862730004423,240.0,240.0
N22000470,2024-09,0.009645738638937473,71.5133229101667,166.04879362386814
N22000470,2024-10,0.005249619949609041,131.6907150476153,240.0
N22000470,2024-11,0.0025419595185667276,240.0,240.0
N22000470,2024-12,0.0025564241223037243,240.0,240.0
N22000470,2025-01,0.0012081463366899747,240.0,240.0
N22000470,2025-03,0.002072872593998909,240.0,240.0
N22000470,2025-04,0.006842643488198519,100.95118771067885,234.40139895767305
N22000470,2025-05,0.006431544665247202,107.42610305266807,240.0
N22000472,2024-07,0.0012723176809851244,240.0,240.0
N22000472,2024-09,0.005690108519047499,121.46925869330751,240.0
N22000472,2024-10,0.0013988527934998274,240.0,240.0
N22000472,2024-11,0.0016870792023837566,240.0,240.0
N22000472,2024-12,0.001924945623613894,240.0,240.0
N22000472,2025-01,0.0009433231215464355,240.0,240.0
N22000472,2025-03,0.002692342735826969,240.0,240.0
N22000472,2025-04,0.021504774689674377,31.88441635957974,74.03332213439442
N22000472,2025-05,0.015321842394769192,44.89168807533984,104.23527176905155
N22000473,2024-07,0.0010879823212215367,240.0,240.0
N22000473,2024-09,0.0029764827340841293,232.5278389227581,240.0
N22000473,2024-10,0.0007874930161051452,240.0,240.0
N22000473,2024-11,0.0008184154867194593,240.0,240.0
N22000473,2024-12,0.0008528079488314688,240.0,240.0
N22000473,2025-01,0.00041263585991779816,240.0,240.0
N22000473,2025-03,0.004183910321444273,165.32288728508016,240.0
N22000473,2025-04,0.022090697661042213,31.029469280841997,72.04819649263139
N22000473,2025-05,0.021810205653309822,31.433016712108575,72.98520461090888
N22000476,2024-07,0.019350845474540912,35.472292320059786,82.36411212800402
N22000476,2024-09,0.05378255620598793,12.53818861276304,29.11277239897131
N22000476,2024-10,0.011461074464023113,60.13113742226304,139.6201773582854
N22000476,2024-11,0.011579529382288456,59.512455859061646,138.18364325489927
N22000476,2024-12,0.01048118993639946,65.78530702594752,152.7487526143385
N22000476,2025-01,0.0049735813527123085,139.01894574128994,240.0
N22000476,2025-03,0.008214171044528484,84.03726299424171,195.12848196376788
N22000476,2025-04,0.005918798968195915,116.76251471215348,240.0
N22000476,2025-05,0.005787032190710306,119.42902427339739,240.0
N22000480,2024-07,0.001971054144875528,240.0,240.0
N22000480,2024-09,0.0022432918194681406,240.0,240.0
N22000480,2024-10,0.0012402778957039118,240.0,240.0
N22000480,2024-11,0.001309933140873909,240.0,240.0
N22000480,2024-12,0.0016444479115307331,240.0,240.0
N22000480,2025-01,0.0008390311317102439,240.0,240.0
N22000480,2025-03,0.0018455899553373456,240.0,240.0
N22000480,2025-04,0.016540195792913437,41.55929346687303,96.4976911044013
N22000480,2025-05,0.01288412045687437,53.45124148237733,124.10993930454073
N22000484,2024-07,0.002474853097924945,240.0,240.0
N22000484,2024-09,0.004382334649562836,157.82164591700646,240.0
N22000484,2024-10,0.0010396655416116118,240.0,240.0
N22000484,2024-11,0.0034793729428201914,198.86934590435527,240.0
N22000484,2024-12,0.0019724606536328793,240.0,240.0
N22000484,2025-01,0.0008637101884666487,240.0,240.0
N22000484,2025-03,0.0017119974363595247,240.0,240.0
N22000484,2025-04,0.0034163373056799173,202.54513270851834,240.0
N22000484,2025-05,0.003736392827704549,185.16560476330247,240.0
N22000485,2024-07,0.004275638220149536,161.76866784270834,240.0
N22000485,2024-09,0.013615474104881287,50.561414897976725,117.3999697688686
N22000485,2024-10,0.003459697589278221,200.0022921960136,240.0
N22000485,2024-11,0.00463332561776042,149.2535181879605,240.0
N22000485,2024-12,0.004056587349623442,170.52272327356175,240.0
N22000485,2025-01,0.002476134977104194,240.0,240.0
N22000485,2025-03,0.007862272672355175,87.8141433862235,203.8981266569396
N22000485,2025-04,0.16341254115104675,3.884826940376228,9.020288816634876
N22000485,2025-05,0.18209083378314972,3.4484249425270073,8.006994757163795
N22000486,2024-07,0.00632659034658567,109.21399905109577,240.0
N22000486,2024-09,0.013058370910584927,52.73334508998293,122.44303550182191
N22000486,2024-10,0.0034670589957386255,199.5769021493613,240.0
N22000486,2024-11,0.002831332618370652,240.0,240.0
N22000486,2024-12,0.002950064605101943,234.61325607588404,240.0
N22000486,2025-01,0.0011184047057778423,240.0,240.0
N22000486,2025-03,0.00287617021240294,240.0,240.0
N22000486,2025-04,0.004054187797009945,170.62385598275,240.0
N22000486,2025-05,0.02092423476278782,32.77872970477243,76.10985341623004
N22000489,2024-07,0.007754938132041311,89.03437071299871,206.73140676912826
N22000489,2024-09,0.04482952505350113,15.112622495129928,35.09042275886893
N22000489,2024-10,0.02356482855975628,29.066529063433805,67.490390453247
N22000489,2024-11,0.023495281115174294,29.15360180674218,67.69256710223362
N22000489,2024-12,0.004039099905639887,171.2625107335661,240.0
N22000489,2025-01,0.0022080671476455427,240.0,240.0
N22000489,2025-03,0.0048645795322954655,142.141755715321,240.0
N22000489,2025-04,0.005551790818572044,124.50420301158425,240.0
N22000489,2025-05,0.004900043364614248,141.11049906758066,240.0
N22000495,2024-07,0.0013574377012133265,240.0,240.0
N22000495,2024-09,0.019214866682887077,35.7257894455319,82.95271422561092
N22000495,2024-10,0.003777595004066825,183.14222125740298,240.0
N22000495,2024-11,0.0025129092391580343,240.0,240.0
N22000495,2024-12,0.0007448834949173033,240.0,240.0
N22000495,2025-01,0.00034578986255695554,240.0,240.0
N22000495,2025-03,0.0011583693558350205,240.0,240.0
N22000495,2025-04,0.005477609112858772,126.19503031112806,240.0
N22000495,2025-05,0.0059228260070085526,116.68288961255872,240.0
N22000496,2024-07,0.0012044709787306651,240.0,240.0
N22000496,2024-09,0.021112540736794472,32.48325806304529,75.4237895100613
N22000496,2024-10,0.0024649747647345066,240.0,240.0
N22000496,2024-11,0.003074413863942027,225.1099408622548,240.0
N22000496,2024-12,0.003279980504885316,210.97985261381956,240.0
N22000496,2025-01,0.0017747279120484682,240.0,240.0
N22000496,2025-03,0.004930928349494934,140.2244758192402,240.0
N22000496,2025-04,0.003389876801520586,204.12885612447775,240.0
N22000496,2025-05,0.0022995576728135347,240.0,240.0
N22000501,2024-07,0.004358615933722887,158.68236847787455,240.0
N22000501,2024-09,0.053609754890203476,12.579741143944343,29.209254388534855
N22000501,2024-10,0.011789142154157162,58.44812883971542,135.71235244653153
N22000501,2024-11,0.013517809100449085,50.929232162470306,118.25401500908086
N22000501,2024-12,0.013718739151954651,50.17820325556926,116.51017989007477
N22000501,2025-01,0.0068881884115797876,100.28139838272669,232.8461962994452
N22000501,2025-03,0.02222941257059574,30.833661763922088,71.59354551790491
N22000501,2025-04,0.03617806360125542,18.810620288061134,43.676907729107356
N22000501,2025-05,0.03662993386387825,18.574242025380034,43.128054399967446
N22000502,2024-07,0.00428019652075029,161.59601869942276,240.0
N22000502,2024-09,0.07113093882799149,9.393829811780279,21.81179735856309
N22000502,2024-10,0.015313126146793365,44.91743876179022,104.29506301138333
N22000502,2024-11,0.018015192821621895,38.128077779256365,88.53065499970592
N22000502,2024-12,0.04487565904855728,15.096724302295227,35.0535082982681
N22000502,2025-01,0.0240035419610215,28.528893838334884,66.24204011928873
N22000502,2025-03,0.24479803442955017,2.4687360789363577,5.732227660544394
N22000502,2025-04,0.2807330787181854,2.103488088222376,4.884148089304441
N22000503,2024-07,0.0010446714310361482,240.0,240.0
N22000503,2024-09,0.0025060223415493965,240.0,240.0
N22000503,2024-10,0.001276999944821,240.0,240.0
N22000503,2024-11,0.001258918084204197,240.0,240.0
N22000503,2024-12,0.0015102762263268232,240.0,240.0
N22000503,2025-01,0.00047402614524227893,240.0,240.0
N22000503,2025-03,0.0011415454791858792,240.0,240.0
N22000503,2025-04,0.0016370511148124933,240.0,240.0
N22000503,2025-05,0.0023761740885674953,240.0,240.0
N22000504,2024-07,0.005271322509898924,131.14710185510037,240.0
N22000504,2024-09,0.012298249639570713,56.0141615033149,130.060855306105
N22000504,2024-10,0.01838095299899578,37.36243331480835,86.75288360700907
N22000504,2024-11,0.05025895684957504,13.441963440802233,31.2112725636475
N22000504,2024-12,0.0858813002705574,7.719231108394928,17.923499581510697
N22000504,2025-01,0.03978534686771695,17.07325402935393,39.642868201905756
N22000504,2025-03,0.06246088072657585,10.747001969485774,24.953765808758835
N22000504,2025-04,0.04384389892220497,15.460269734126568,35.89763465020525
N22000504,2025-05,0.1340179294347763,4.817165926364542,11.185112902159936
N22000505,2024-07,0.014813174170894339,46.445181034033396,107.84237071505181
N22000505,2024-09,0.09197040647268295,7.184487252194977,16.681862798231624
N22000505,2024-10,0.03123459592461586,21.84324219869349,50.71843774457561
N22000505,2024-11,0.054267335683107376,12.42302868674817,28.845379331352227
N22000505,2024-12,0.05460401624441147,12.344252709384145,28.66246717630849
N22000505,2025-01,0.0801535311298951,8.29634455426272,19.26351550540838
N22000505,2025-03,0.22214312851428986,2.759203917397142,6.406673095327693
N22000505,2025-04,0.18403321504592896,3.4081110573297564,7.913388814510235
N22000506,2024-07,0.0007387325603567252,240.0,240.0
N22000506,2024-09,0.0006026487099006772,240.0,240.0
N22000506,2024-10,0.0004496226611081511,240.0,240.0
N22000506,2024-11,0.00037953758146613836,240.0,240.0
N22000506,2024-12,0.00046972723794169724,240.0,240.0
N22000506,2025-01,0.0002637558836378062,240.0,240.0
N22000506,2025-03,0.0008165657636709511,240.0,240.0
N22000506,2025-04,0.002588943112641573,240.0,240.0
N22000506,2025-05,0.0024734418839216232,240.0,240.0
N22000508,2024-07,0.0006710478973637191,240.0,240.0
N22000508,2024-09,0.0020219578873366117,240.0,240.0
N22000508,2024-10,0.0007027139654383063,240.0,240.0
N22000508,2024-11,0.0007653429638594389,240.0,240.0
N22000508,2024-12,0.0007940763607621193,240.0,240.0
N22000508,2025-01,0.0003592537625816128,240.0,240.0
N22000508,2025-03,0.0010059040505439043,240.0,240.0
N22000508,2025-04,0.003040343290194869,227.63644663174244,240.0
N22000508,2025-05,0.008443338796496391,81.74690411069956,189.8104333246965
N22000510,2024-07,0.0011353740155858327,240.0,240.0
N22000510,2024-09,0.0015523082111030817,240.0,240.0
N22000510,2024-10,0.000784528034273535,240.0,240.0
N22000510,2024-11,0.0008261915063485503,240.0,240.0
N22000510,2024-12,0.0012213675072416663,240.0,240.0
N22000510,2025-01,0.0007320347434168761,240.0,240.0
N22000510,2025-03,0.01249015238136053,55.1481947306368,128.05014272738478
N22000510,2025-04,0.3238199055194855,1.7714147038524668,4.113097568571619
N22000510,2025-05,0.3336813747882843,1.707312443690584,3.9642567297559648
N22000511,2024-07,0.0005734147509179888,240.0,240.0
N22000511,2024-09,0.0020010427106171846,240.0,240.0
N22000511,2024-10,0.000453206681413576,240.0,240.0
N22000511,2024-11,0.0004568810691125691,240.0,240.0
N22000511,2024-12,0.0004904631059616804,240.0,240.0
N22000511,2025-01,0.00020632582463364635,240.0,240.0
N22000511,2025-03,0.0003632756706792861,240.0,240.0
N22000511,2025-04,0.0004425605002325028,240.0,240.0
N22000511,2025-05,0.0006770454929210246,240.0,240.0
N22000513,2024-07,0.0012647438714236126,240.0,240.0
N22000513,2024-09,0.001886672107502818,240.0,240.0
N22000513,2024-10,0.0008550634956918657,240.0,240.0
N22000513,2024-11,0.0010386344511061907,240.0,240.0
N22000513,2024-12,0.0010871590347960591,240.0,240.0
N22000513,2025-01,0.0006246398306116729,240.0,240.0
N22000513,2025-03,0.0020294615533202887,240.0,240.0
N22000513,2025-04,0.0021788491867482662,240.0,240.0
N22000513,2025-05,0.001627825666218996,240.0,240.0
N22000514,2024-07,0.001744782554872093,240.0,240.0
N22000514,2024-09,0.0044804783537983894,154.3570012652678,240.0
N22000514,2024-10,0.0014055001083761454,240.0,240.0
N22000514,2024-11,0.0017253432888537645,240.0,240.0
N22000514,2024-12,0.0025823249015957117,240.0,240.0
N22000514,2025-01,0.0007966218532103886,240.0,240.0
N22000514,2025-03,0.0016172041650861502,240.0,240.0
N22000514,2025-04,0.003068541409447789,225.54141139936965,240.0
N22000514,2025-05,0.0035261448938399553,196.22687473943188,240.0
N22000515,2024-07,0.0004598939728661655,240.0,240.0
N22000515,2024-09,0.0011032955953851342,240.0,240.0
N22000515,2024-10,0.0004847929230891168,240.0,240.0
N22000515,2024-11,0.0005565897445194423,240.0,240.0
N22000515,2024-12,0.0006267312564887106,240.0,240.0
N22000515,2025-01,0.0002947129882623356,240.0,240.0
N22000515,2025-03,0.0007729612989351153,240.0,240.0
N22000515,2025-04,0.0008875042549334466,240.0,240.0
N22000515,2025-05,0.0010123810498043895,240.0,240.0
N22000516,2024-07,0.0054039148269168225,127.920712515595,240.0
N22000516,2024-09,0.026767343282699585,25.54711423840712,59.31856229345445
N22000516,2024-10,0.005215727258473635,132.5487199603259,240.0
N22000516,2024-11,0.006105268374085426,113.18570352565916,240.0
N22000516,2024-12,0.00619670981541276,111.51035956981558,240.0
N22000516,2025-01,0.002479940944912329,240.0,240.0
N22000516,2025-03,0.0067916070111095905,101.71240979928996,236.168901911668
N22000516,2025-04,0.019981982186436653,34.34087019857184,79.73703131694411
N22000516,2025-05,0.02132360264658928,32.15828236255804,74.66921930094425
N22000517,2024-07,0.005082527637674805,136.03157013056045,240.0
N22000517,2024-09,0.029878778383135796,22.850319523504197,53.056798878777606
N22000517,2024-10,0.00845279823988676,81.6550330079076,189.5971152300156
N22000517,2024-11,0.008757156319916248,78.80500325429635,182.97955107384072
N22000517,2024-12,0.009122115559875965,75.63825113473403,175.62658035788485
N22000517,2025-01,0.0036083454204607346,191.74879044992875,240.0
N22000517,2025-03,0.010089514777064323,68.35259439945631,158.7098092945382
N22000517,2025-04,0.005850518122315407,118.12929181926637,240.0
N22000517,2025-05,0.003800175851210952,182.0519184652791,240.0
N22000518,2024-07,0.002144812582854261,240.0,240.0
N22000518,2024-09,0.004471806809306145,154.6569971033887,240.0
N22000518,2024-10,0.0017675202107056975,240.0,240.0
N22000518,2024-11,0.0028746144380420446,240.0,240.0
N22000518,2024-12,0.0033120368607342243,208.93447460630338,240.0
N22000518,2025-01,0.0018572806675319908,240.0,240.0
N22000518,2025-03,0.005421127192676067,127.51345510005184,240.0
N22000518,2025-04,0.0060419668443500996,114.37518562973523,240.0
N22000518,2025-05,0.006098937708884478,113.30355016609309,240.0
N22000519,2024-07,0.0009529877719297586,240.0,240.0
N22000519,2024-09,0.0036879018880426884,187.60484554933902,240.0
N22000519,2024-10,0.0010742187732830644,240.0,240.0
N22000519,2024-11,0.0012075387639924884,240.0,240.0
N22000519,2024-12,0.0012392464559525251,240.0,240.0
N22000519,2025-01,0.0006358393490704106,240.0,240.0
N22000519,2025-03,0.002245300216600299,240.0,240.0
N22000519,2025-04,0.002793008228763938,240.0,240.0
N22000519,2025-05,0.003088154597207904,224.10677128859243,240.0
N22000520,2024-07,0.0011125604238549913,240.0,240.0
N22000520,2024-09,0.0022849631495773792,240.0,240.0
N22000520,2024-10,0.0008550549391657114,240.0,240.0
N22000520,2024-11,0.0008788626291789114,240.0,240.0
N22000520,2024-12,0.0009653313900344074,240.0,240.0
N22000520,2025-01,0.0004539810106420905,240.0,240.0
N22000520,2025-03,0.0008872781181707978,240.0,240.0
N22000520,2025-04,0.0010458335746079683,240.0,240.0
N22000520,2025-05,0.0011732918210327625,240.0,240.0
N22000521,2024-07,0.005848422794677455,118.17173867820833,240.0
N22000521,2024-09,0.04712112620472908,14.360541157032893,33.34414397030094
N22000521,2024-10,0.006001925561577082,115.14054573566995,240.0
N22000521,2024-11,0.006875873543322086,100.46162712773855,233.2646744859945
N22000521,2024-12,0.011340448632836342,60.774439520743414,141.11387857424697
N22000521,2025-01,0.005290521131371739,130.66992597819257,240.0
N22000521,2025-03,0.012134382501244545,56.7752967136906,131.82815653508433
N22000521,2025-04,0.014689396135509014,46.83947939074273,108.75790314726315
N22000521,2025-05,0.014683089219033718,46.8597482395049,108.80496595665504
N22000522,2024-07,0.0037343435339082243,185.26740842426747,240.0
N22000522,2024-09,0.012065709568560123,57.10041834923658,132.58306559491427
N22000522,2024-10,0.003027106635272503,228.63335145871568,240.0
N22000522,2024-11,0.0032403464429080486,213.56468105272637,240.0
N22000522,2024-12,0.0035183627624064684,196.66166890067439,240.0
N22000522,2025-01,0.0014999615005637512,240.0,240.0
N22000522,2025-03,0.004316269885748625,160.24257408976933,240.0
N22000522,2025-04,0.00557248480618,124.04055459142023,240.0
N22000522,2025-05,0.008875062689185143,77.75345057693669,180.53792136902527
N22000523,2024-07,0.001736628951792163,240.0,240.0
N22000523,2024-09,0.004891650285571814,141.353211667044,240.0
N22000523,2024-10,0.0012428310001268983,240.0,240.0
N22000523,2024-11,0.0014307458186522126,240.0,240.0
N22000523,2024-12,0.001224934821948409,240.0,240.0
N22000523,2025-01,0.0007340941267214296,240.0,240.0
N22000523,2025-03,0.43071460723876953,1.2303512707424693,2.856787182117307
N22000523,2025-04,0.6064028739929199,1.0,1.7260731349538887
N22000524,2024-07,0.0004590670150064202,240.0,240.0
N22000524,2024-09,0.000756651337724179,240.0,240.0
N22000524,2024-10,0.0002821351808961481,240.0,240.0
N22000524,2024-11,0.0003324124845676124,240.0,240.0
N22000524,2024-12,0.000485968601424247,240.0,240.0
N22000524,2025-01,0.00026836686614817307,240.0,240.0
N22000524,2025-03,0.0004897175240330398,240.0,240.0
N22000524,2025-04,0.0004641504492610693,240.0,240.0
N22000524,2025-05,0.0009606530657038093,240.0,240.0
N22000525,2024-07,0.0010421732291024943,240.0,240.0
N22000525,2024-09,0.0040321811102330685,171.55697453550718,240.0
N22000525,2024-10,0.0011747886892408133,240.0,240.0
N22000525,2024-11,0.0013205739669501781,240.0,240.0
N22000525,2024-12,0.0013552454765886068,240.0,240.0
N22000525,2025-01,0.0006953753551998121,240.0,240.0
N22000525,2025-03,0.00245523895137012,240.0,240.0
N22000525,2025-04,0.0030079572461545467,230.09109570729922,240.0
N22000525,2025-05,0.0033257422037422657,208.07202837841635,240.0
N22000526,2024-07,0.0015598977756010601,240.0,240.0
N22000526,2024-09,0.004010878037661314,172.4700124423513,240.0
N22000526,2024-10,0.0017470879247412086,240.0,240.0
N22000526,2024-11,0.0023178416304290295,240.0,240.0
N22000526,2024-12,0.003355586202815175,206.21838620248104,240.0
N22000526,2025-01,0.004023544822309932,171.92595577791406,240.0
N22000526,2025-03,0.00925525464117527,74.54517563762312,173.08853765131008
N22000526,2025-04,0.004604241345077753,150.19852195934592,240.0
N22000526,2025-05,0.005351990927010775,129.1651410294115,240.0
N22000528,2024-07,0.002015458707946838,240.0,240.0
N22000528,2024-09,0.005976156331598759,115.63853003896627,240.0
N22000528,2024-10,0.0014092964120209217,240.0,240.0
N22000528,2024-11,0.0017829531570896506,240.0,240.0
N22000528,2024-12,0.0019708748441189528,240.0,240.0
N22000528,2025-01,0.0009739427540281786,240.0,240.0
N22000528,2025-03,0.0013544950634241104,240.0,240.0
N22000528,2025-04,0.0015213151928037405,240.0,240.0
N22000528,2025-05,0.0016864424105733633,240.0,240.0
N22000529,2024-07,0.0009698440361891603,240.0,240.0
N22000529,2024-09,0.001987242605537176,240.0,240.0
N22000529,2024-10,0.0008618904976174235,240.0,240.0
N22000529,2024-11,0.0007601148099638522,240.0,240.0
N22000529,2024-12,0.0009253791067749262,240.0,240.0
N22000529,2025-01,0.0003373303313105591,240.0,240.0
N22000529,2025-03,0.0017019500955939293,240.0,240.0
N22000529,2025-04,0.0019203394185751677,240.0,240.0
N22000529,2025-05,0.002585034351795912,240.0,240.0
N22000532,2024-07,0.0004277483204220278,240.0,240.0
N22000532,2024-09,0.0008876408101059496,240.0,240.0
N22000532,2024-10,0.0004889970878139138,240.0,240.0
N22000532,2024-11,0.0003756322548724711,240.0,240.0
N22000532,2024-12,0.0004924200475215912,240.0,240.0
N22000532,2025-01,0.00025650289397904924,240.0,240.0
N22000532,2025-03,0.0004478530026972294,240.0,240.0
N22000532,2025-04,0.000491898856125772,240.0,240.0
N22000532,2025-05,0.00036001778789795935,240.0,240.0
N22000533,2024-07,0.0009849165075269672,240.0,240.0
N22000533,2024-09,0.0009523950284346938,240.0,240.0
N22000533,2024-10,0.0007037054747343063,240.0,240.0
N22000533,2024-11,0.0005470270407386124,240.0,240.0
N22000533,2024-12,0.000815023435279727,240.0,240.0
N22000533,2025-01,0.00042866798781993065,240.0,240.0
N22000533,2025-03,0.0010564990807324648,240.0,240.0
N22000533,2025-04,0.001269619562663138,240.0,240.0
N22000533,2025-05,0.0015594178112223744,240.0,240.0
N22000534,2024-07,0.0020189435288556767,240.0,240.0
N22000534,2024-09,0.04839818552136421,13.97232067305908,32.44272392155138
N22000535,2024-07,0.0006748430296351637,240.0,240.0
N22000535,2024-09,0.002124189864844084,240.0,240.0
N22000535,2024-10,0.0013198942178860307,240.0,240.0
N22000535,2024-11,0.001134039368480444,240.0,240.0
N22000535,2024-12,0.0012125757057219744,240.0,240.0
N22000535,2025-01,0.0006004116510259783,240.0,240.0
N22000535,2025-03,0.0019368983339518309,240.0,240.0
N22000535,2025-04,0.001504400628618896,240.0,240.0
N22000535,2025-05,0.004253567196428776,162.60985832647947,240.0
N22000536,2024-07,0.001002455139844205,240.0,240.0
N22000536,2024-09,0.002532333368435502,240.0,240.0
N22000536,2024-10,0.0010897275060415268,240.0,240.0
N22000536,2024-11,0.0009613526053726673,240.0,240.0
N22000536,2024-12,0.0033953823149204254,203.79730454144146,240.0
N22000536,2025-01,0.0007687398649381949,240.0,240.0
N22000536,2025-03,0.0030976510606706142,223.41866396210088,240.0
N22000536,2025-04,0.004717623349279165,146.5803513981552,240.0
N22000536,2025-05,0.0017312709242105484,240.0,240.0
N22000537,2024-07,0.0024669730316058125,240.0,240.0
N22000537,2024-09,0.007330290507525206,94.21230708035968,218.7542026940427
N22000537,2024-10,0.004240765236318111,163.10179030722074,240.0
N22000537,2024-11,0.004863822367042303,142.16393737222083,240.0
N22000537,2024-12,0.005998149048537016,115.21325837386885,240.0
N22000537,2025-01,0.001853480806157215,240.0,240.0
N22000537,2025-03,0.00853121280670166,80.9013068934451,187.8470173889948
N22000537,2025-04,0.010872914455831051,63.40269228721567,147.21649251318433
N22000537,2025-05,0.01651722751557827,41.6175689846187,96.63300266629908
N22000538,2024-07,0.0010716559528464176,240.0,240.0
N22000538,2024-09,0.0034967444371432066,197.87965812617074,240.0
N22000538,2024-10,0.001488594221882522,240.0,240.0
N22000538,2024-11,0.001226520398631692,240.0,240.0
N22000538,2024-12,0.0015386487357318401,240.0,240.0
N22000538,2025-01,0.0006462645631934993,240.0,240.0
N22000538,2025-03,0.0019130463479086757,240.0,240.0
N22000538,2025-04,0.0014054110506549478,240.0,240.0
N22000538,2025-05,0.0019457020098343492,240.0,240.0
N22000539,2024-07,0.002259125000758644,240.0,240.0
N22000539,2024-09,0.004467105492949486,154.82012807466302,240.0
N22000539,2024-10,0.0022453279234468937,240.0,240.0
N22000539,2024-11,0.001909930375404656,240.0,240.0
N22000539,2024-12,0.0025157807394862175,240.0,240.0
N22000539,2025-01,0.0014312299775985915,240.0,240.0
N22000539,2025-03,0.004911197815090418,140.78921649748804,240.0
N22000539,2025-04,0.006133067887276411,112.67108965934943,240.0
N22000539,2025-05,0.007725742645561695,89.3721436016121,207.51569112889092
N22000540,2024-07,0.0019431984848248263,240.0,240.0
N22000540,2024-09,0.005317110568284988,130.01474469841057,240.0
N22000540,2024-10,0.0021313619799911976,240.0,240.0
N22000540,2024-11,0.002732447814196348,240.0,240.0
N22000540,2024-12,0.0032067284919321537,215.8072378015966,240.0
N22000540,2025-01,0.000660092384968225,240.0,240.0
N22000540,2025-03,0.0017030483577400446,240.0,240.0
N22000540,2025-04,0.0019029186805710196,240.0,240.0
N22000540,2025-05,0.0019480175105854869,240.0,240.0
N22000541,2024-07,0.00211659345256332,240.0,240.0
N22000541,2024-09,0.0025343820452690125,240.0,240.0
N22000541,2024-10,0.0010309804929420352,240.0,240.0
N22000541,2024-11,0.0009877801639959216,240.0,240.0
N22000541,2024-12,0.0011815294856205583,240.0,240.0
N22000541,2025-01,0.0005184601167034231,240.0,240.0
N22000541,2025-03,0.0011054766364395618,240.0,240.0
N22000541,2025-04,0.001661564689129591,240.0,240.0
N22000541,2025-05,0.001805968233384192,240.0,240.0
N22000542,2024-07,0.002472173807706035,240.0,240.0
N22000542,2024-09,0.012321462854743004,55.90797709926434,129.81430275510112
N22000542,2024-10,0.004238472785800695,163.19019441683832,240.0
N22000542,2024-11,0.0043054549023509026,160.64596337356292,240.0
N22000542,2024-12,0.005039672367274761,137.19127793536836,240.0
N22000542,2025-01,0.0020313193257942563,240.0,240.0
N22000542,2025-03,0.007480410858988762,92.31463838092805,214.34795242604403
N22000542,2025-04,0.009388216771185398,73.4844938346018,170.6257107731391
N22000542,2025-05,0.014822648838162422,46.415270542840375,107.77292070521887
N22000543,2024-07,0.0016501227846372757,240.0,240.0
N22000543,2024-09,0.009713662788271904,71.0108246292286,164.88202874772531
N22000543,2024-10,0.003168783849105239,218.39557880769055,240.0
N22000543,2024-11,0.003319026669487357,208.4937317825271,240.0
N22000543,2024-12,0.00372707680799067,185.62930305212709,240.0
N22000543,2025-01,0.0018109128506318406,240.0,240.0
N22000543,2025-03,0.0067917522974312305,101.71022657937644,236.16383263201348
N22000543,2025-04,0.009127374738454819,75.59446818990429,175.52491950820777
N22000543,2025-05,0.0094096465036273,73.31634687455397,170.23528562253415
N22000544,2024-07,0.001150128007730733,240.0,240.0
N22000544,2024-09,0.005501642823219299,125.64223550794895,240.0
N22000544,2024-10,0.001237284392118454,240.0,240.0
N22000544,2024-11,0.0009703106479719281,240.0,240.0
N22000544,2024-12,0.0009637888288125396,240.0,240.0
N22000544,2025-01,0.0004913359708741405,240.0,240.0
N22000544,2025-03,0.0026875699404627085,240.0,240.0
N22000544,2025-04,0.00404428830370307,171.04235366172145,240.0
N22000544,2025-05,0.0042447480373084545,162.9484280208722,240.0
N22000545,2024-07,0.0003958965730642694,240.0,240.0
N22000545,2024-09,0.0029976561199873686,230.88297142339087,240.0
N22000545,2024-10,0.0024809606838971376,240.0,240.0
N22000545,2024-11,0.0018222740618512034,240.0,240.0
N22000545,2024-12,0.0017628722125664353,240.0,240.0
N22000545,2025-01,0.00043799788758136504,240.0,240.0
N22000545,2025-03,0.0012060231529176235,240.0,240.0
N22000545,2025-04,0.001893443870358169,240.0,240.0
N22000545,2025-05,0.0019553208258002996,240.0,240.0
N22000546,2024-07,0.0069046527211642506,100.04144666671992,232.28904566863264
N22000546,2024-09,0.08629614114761353,7.680406213673003,17.833350967674818
N22000546,2024-10,0.004087875597178936,169.21490078795705,240.0
N22000546,2024-11,0.004297971725463867,160.92626753547432,240.0
N22000546,2024-12,0.003977544605731964,173.91828918216143,240.0
N22000546,2025-01,0.0023453019343910864,240.0,240.0
N22000546,2025-03,0.004681407008320093,147.71701294750525,240.0
N22000546,2025-04,0.004739278461784124,145.90899794476408,240.0
N22000546,2025-05,0.003212559036910534,215.41493475837473,240.0
N22000547,2024-07,0.0014809510660417358,240.0,240.0
N22000547,2024-09,0.008854931220412254,77.93101140872551,180.95020485290732
N22000547,2024-10,0.004233160987496376,163.3954020470528,240.0
N22000547,2024-11,0.004936472047120333,140.06661276302955,240.0
N22000547,2024-12,0.0051604160107672215,133.97314732540426,240.0
N22000547,2025-01,0.0013531236726789242,240.0,240.0
N22000547,2025-03,0.0031466358341276646,219.93522712467015,240.0
N22000547,2025-04,0.013078704476356506,52.65081894818022,122.25141573460755
N22000547,2025-05,0.01135315839201212,60.70601361370177,140.95499853826882
N22000548,2024-07,0.0014603093770205744,240.0,240.0
N22000548,2024-09,0.006326553411781788,109.21463867667447,240.0
N22000548,2024-10,0.002207854064181447,240.0,240.0
N22000548,2024-11,0.0023238202556967735,240.0,240.0
N22000548,2024-12,0.002463266020640731,240.0,240.0
N22000548,2025-01,0.001203284325754228,240.0,240.0
N22000548,2025-03,0.0015970971435308456,240.0,240.0
N22000548,2025-04,0.0020575174130499363,240.0,240.0
N22000548,2025-05,0.0023910347372293472,240.0,240.0
N22000549,2024-07,0.0013323433421332798,240.0,240.0
N22000549,2024-09,0.002695315983146429,240.0,240.0
N22000550,2024-07,0.0007898476271867017,240.0,240.0
N22000550,2024-09,0.0009926623897626996,240.0,240.0
N22000550,2024-10,0.000732213375158608,240.0,240.0
N22000550,2024-11,0.0007474764133803546,240.0,240.0
N22000550,2024-12,0.0008283916395157576,240.0,240.0
N22000550,2025-01,0.0005485452553033454,240.0,240.0
N22000550,2025-03,0.002079637022688985,240.0,240.0
N22000550,2025-04,0.002620614366605878,240.0,240.0
N22000550,2025-05,0.0023310550022870302,240.0,240.0
N22000551,2024-07,0.0008119282849045062,240.0,240.0
N22000551,2024-09,0.005045675206929445,137.02764846150214,240.0
N22000551,2024-10,0.0013596753124147654,240.0,240.0
N22000551,2024-11,0.0014535326045006514,240.0,240.0
N22000551,2024-12,0.001479128492064774,240.0,240.0
N22000551,2025-01,0.0006957176797256492,240.0,240.0
N22000551,2025-03,0.0017428409773856401,240.0,240.0
N22000551,2025-04,0.00086640112567693,240.0,240.0
N22000551,2025-05,0.0007509967545047402,240.0,240.0
N22000552,2024-07,0.005095275727935222,135.6903582900687,240.0
N22000552,2024-09,0.04493106156587601,15.077675230062551,35.00927772226951
N22000553,2024-07,0.00045648540028475626,240.0,240.0
N22000553,2024-09,0.0018507527420297265,240.0,240.0
N22000553,2024-10,0.0006574402214027941,240.0,240.0
N22000553,2024-11,0.0006699299556203187,240.0,240.0
N22000553,2024-12,0.0010433909483253956,240.0,240.0
N22000553,2025-01,0.00040819072467546125,240.0,240.0
N22000553,2025-03,0.0010158128570765257,240.0,240.0
N22000553,2025-04,0.0011861731763929129,240.0,240.0
N22000553,2025-05,0.0021598776802420616,240.0,240.0
N22000554,2024-07,0.0031124739290371295,222.35300106294002,240.0
N22000554,2024-09,0.023194584995508194,29.536079600973718,68.5806530383304
N22000554,2024-10,0.008267843164503574,83.48946464744556,193.85653359200904
N22000554,2024-11,0.007327736355364323,94.24526677380328,218.83073273224826
N22000554,2024-12,0.011046720668673515,62.39965793044367,144.88751886005815
N22000554,2025-01,0.005677285785291697,121.74439376651691,240.0
N22000554,2025-03,0.015307324938476086,44.93459370858759,104.33489556431844
N22000554,2025-04,0.018101204186677933,37.94524799887457,88.10613739605533
N22000554,2025-05,0.023760057985782623,28.82482735991288,66.92917647725963
N22000555,2024-07,0.0014839846899656894,240.0,240.0
N22000555,2024-09,0.0031766651663929224,217.8528778579368,240.0
N22000555,2024-10,0.0016842233017086983,240.0,240.0
N22000555,2024-11,0.001661609043367207,240.0,240.0
N22000555,2024-12,0.0016267356695607305,240.0,240.0
N22000555,2025-01,0.0008319503073939138,240.0,240.0
N22000555,2025-03,0.0028833956457674503,240.0,240.0
N22000555,2025-04,0.002886927919462323,239.7518001099445,240.0
N22000555,2025-05,0.0030327935237437487,228.20398319448995,240.0
N22000556,2024-07,0.0012097488683265878,240.0,240.0
N22000556,2024-09,0.004277349449694157,161.70381056551525,240.0
N22000556,2024-10,0.001183730666525662,240.0,240.0
N22000556,2024-11,0.0012155112344771624,240.0,240.0
N22000556,2024-12,0.0012474277755245566,240.0,240.0
N22000556,2025-01,0.000640038334456805,240.0,240.0
N22000556,2025-03,0.0013737148838117719,240.0,240.0
N22000556,2025-04,0.0016648622695356607,240.0,240.0
N22000556,2025-05,0.0018410139018669724,240.0,240.0
N22000557,2024-07,0.0005236315933613289,240.0,240.0
N22000557,2024-09,0.0032495493069291115,212.95887407415142,240.0
N22000557,2024-10,0.0009814733639359474,240.0,240.0
N22000557,2024-11,0.0009590540430508554,240.0,240.0
N22000557,2024-12,0.0009223013767041266,240.0,240.0
N22000557,2025-01,0.00030317798140799823,240.0,240.0
N22000557,2025-03,0.0008988913032226264,240.0,240.0
N22000557,2025-04,0.002977630589157343,232.43806738680746,240.0
N22000557,2025-05,0.003098929300904274,223.32636557115825,240.0
N22000558,2024-07,0.0010961120993430162,240.0,240.0
N22000558,2024-09,0.006686928682029247,103.31007088834164,239.87855608044546
N22000558,2024-10,0.0013220160035416484,240.0,240.0
N22000558,2024-11,0.0009307154105044901,240.0,240.0
N22000558,2024-12,0.000935208925511688,240.0,240.0
N22000558,2025-01,0.0005169559505183718,240.0,240.0
N22000558,2025-03,0.001266554114408791,240.0,240.0
N22000558,2025-04,0.0018691043369472027,240.0,240.0
N22000558,2025-05,0.003510915907099843,197.07953561878475,240.0
N22000559,2024-07,0.0016270174617560862,240.0,240.0
N22000559,2024-09,0.00457607489079237,151.1251537650948,240.0
N22000559,2024-10,0.003459127387031913,200.03531775101848,240.0
N22000559,2024-11,0.0031057498417794704,222.83515637785402,240.0
N22000559,2024-12,0.004224580712616444,163.7279688651731,240.0
N22000559,2025-01,0.0023494343669387963,240.0,240.0
N22000559,2025-03,0.005055870860815048,136.75061883968667,240.0
N22000559,2025-04,0.005966564174741507,115.82499479847574,240.0
N22000559,2025-05,0.007426280993968248,92.99004855879713,215.91620629361114
N22000562,2024-07,0.0011680774710560726,240.0,240.0
N22000562,2024-09,0.009012222290039062,76.56480803470589,177.77797885544123
N22000562,2024-10,0.0019152526510879397,240.0,240.0
N22000562,2024-11,0.001208145753480494,240.0,240.0
N22000562,2024-12,0.0017054375493898988,240.0,240.0
N22000562,2025-01,0.00042799767231704866,240.0,240.0
N22000562,2025-03,0.0014797631883993745,240.0,240.0
N22000562,2025-04,0.0014582263538613915,240.0,240.0
N22000562,2025-05,0.0017985112499445677,240.0,240.0
N22000563,2024-07,0.00159817119078709,240.0,240.0
N22000563,2024-09,0.007651531137526035,90.24232598489722,209.53619205231672
N22000563,2024-10,0.0032724349293857813,211.46712964186824,240.0
N22000563,2024-11,0.0025731665082275867,240.0,240.0
N22000563,2024-12,0.0009955812711268663,240.0,240.0
N22000563,2025-01,0.0005180557131206909,240.0,240.0
N22000563,2025-03,0.006827526725828648,101.17547188351658,234.92217067982355
N22000563,2025-04,0.011440153233706951,60.241738741178814,139.87698566800753
N22000563,2025-05,0.012943694368004799,53.20362778646886,123.53499810733196
N22000564,2024-07,0.0008636949248762571,240.0,240.0
N22000564,2024-09,0.009803617373108864,70.35606352958585,163.3617205550255
N22000564,2024-10,0.005986915901303291,115.43008260187204,240.0
N22000564,2024-11,0.00578267453238368,119.51928424796823,240.0
N22000564,2024-12,0.006684493739157915,103.34782990309036,239.96622979762574
N22000564,2025-01,0.0012560726899886188,240.0,240.0
N22000564,2025-03,0.006140893790870905,112.52705998855505,240.0
N22000564,2025-04,0.014707834459841251,46.78032293165297,108.62054610290855
N22000564,2025-05,0.018979394808411598,36.17335661426211,83.99193300903478
N22000565,2024-07,0.002408650432360937,240.0,240.0
N22000565,2024-09,0.006387349218130112,108.17181059913082,240.0
N22000565,2024-10,0.0012207934632897377,240.0,240.0
N22000565,2024-11,0.001413765363395214,240.0,240.0
N22000565,2024-12,0.0011813894379884005,240.0,240.0
N22000565,2025-01,0.001653930734221487,240.0,240.0
N22000565,2025-03,0.0033742045052349567,205.0785927665596,240.0
N22000565,2025-04,0.0033987241331487894,203.59657832146976,240.0
N22000565,2025-05,0.004643503110855818,148.92562794271714,240.0
N22000566,2024-07,0.0005526696763709094,240.0,240.0
N22000566,2024-09,0.0006873623351566494,240.0,240.0
N22000566,2024-10,0.0006124856881797314,240.0,240.0
N22000566,2024-11,0.0005120460409671068,240.0,240.0
N22000566,2024-12,0.0006987931556068361,240.0,240.0
N22000566,2025-01,0.0003417162542841412,240.0,240.0
N22000566,2025-03,0.0008485605358146131,240.0,240.0
N22000566,2025-04,0.0013156571658328176,240.0,240.0
N22000566,2025-05,0.00190017931163311,240.0,240.0
N22000567,2024-07,0.001576015136857789,240.0,240.0
N22000567,2024-09,0.0033312817104160786,207.72545355457225,240.0
N22000568,2024-07,0.0017135693223224724,240.0,240.0
N22000568,2024-09,0.0019953257869929075,240.0,240.0
N22000568,2024-10,0.001916636829264462,240.0,240.0
N22000568,2024-11,0.0011074275244027376,240.0,240.0
N22000568,2024-12,0.0019228295423090458,240.0,240.0
N22000568,2025-01,0.001865018060425827,240.0,240.0
N22000568,2025-03,0.01517578773200512,45.32708684612814,105.24623640742433
N22000568,2025-04,0.0073020728304982185,94.57771783398427,219.6026601890576
N22000568,2025-05,0.004928098525851965,140.30519516658268,240.0
N22000569,2024-07,0.0015240042054812664,240.0,240.0
N22000569,2024-09,0.004290726967155933,161.19857252488418,240.0
N22000569,2024-10,0.001994442194700241,240.0,240.0
N22000569,2024-11,0.0020070099271833897,240.0,240.0
N22000569,2024-12,0.0020112493075430393,240.0,240.0
N22000569,2025-01,0.0020728470016251332,240.0,240.0
N22000569,2025-03,0.0053408159874379635,129.43612818159014,240.0
N22000569,2025-04,0.006951460614800453,99.36547514160914,230.71948839313404
N22000569,2025-05,0.006325873080641031,109.22642177809844,240.0
N22000570,2024-07,0.0007467326260007789,240.0,240.0
N22000570,2024-09,0.005488949362188578,125.933592200236,240.0
N22000570,2024-10,0.001406898838467896,240.0,240.0
N22000570,2024-11,0.0015329059679061174,240.0,240.0
N22000570,2024-12,0.001673392835073173,240.0,240.0
N22000570,2025-01,0.0007871370292310553,240.0,240.0
N22000570,2025-03,0.0024153636768460274,240.0,240.0
N22000570,2025-04,0.0011963642900809646,240.0,240.0
N22000570,2025-05,0.0013239224208518863,240.0,240.0
N22000571,2024-07,0.0013149998806736285,240.0,240.0
N22000571,2024-09,0.003991821315139532,173.29503097468583,240.0
N22000571,2024-10,0.00121216697152704,240.0,240.0
N22000571,2024-11,0.0012848256155848503,240.0,240.0
N22000571,2024-12,0.0013863489730283618,240.0,240.0
N22000571,2025-01,0.0015894946649267494,240.0,240.0
N22000571,2025-03,0.0041789766401052475,165.51847648997884,240.0
N22000571,2025-04,0.004138691816478968,167.13296338580494,240.0
N22000571,2025-05,0.005342260003089905,129.40104768246454,240.0
N22000572,2024-07,0.005037198517194752,137.2588252971093,240.0
N22000572,2024-09,0.010597363114356995,65.06032542186661,151.06539745954657
N22000572,2024-10,0.0046169338747859,149.7846531595172,240.0
N22000572,2024-11,0.004124068189412355,167.7268345777312,240.0
N22000572,2024-12,0.003688499564304948,187.57439025035296,240.0
N22000572,2025-01,0.0014944254633185716,240.0,240.0
N22000572,2025-03,0.005263085942715406,131.35288635787472,240.0
N22000572,2025-04,0.008392158895730972,82.24756028047895,190.97292095118598
N22000572,2025-05,0.009306798689067364,74.13039503578136,172.1254469186794
N22000573,2024-07,0.0008667551046327437,240.0,240.0
N22000573,2024-09,0.0035741718020290136,193.58546989709134,240.0
N22000573,2024-10,0.0013048831606283784,240.0,240.0
N22000573,2024-11,0.0013734865933656693,240.0,240.0
N22000573,2024-12,0.0011794178280979395,240.0,240.0
N22000573,2025-01,0.0006058315501857869,240.0,240.0
N22000573,2025-03,0.0015009071212261915,240.0,240.0
N22000573,2025-04,0.002667211927473545,240.0,240.0
N22000573,2025-05,0.0023087370209395885,240.0,240.0
N22000574,2024-07,0.0010027592887760228,240.0,240.0
N22000574,2024-09,0.003931837156414986,175.9441165524863,240.0
N22000574,2024-10,0.0010769900400191545,240.0,240.0
N22000574,2024-11,0.0012106535723432899,240.0,240.0
N22000574,2024-12,0.0012424427550286055,240.0,240.0
N22000574,2025-01,0.0006374798122565917,240.0,240.0
N22000574,2025-03,0.0022510855924338102,240.0,240.0
N22000574,2025-04,0.0038710106164216995,178.71424075843598,240.0
N22000574,2025-05,0.002911236835643649,237.7469685794894,240.0
N22000575,2024-07,0.0010948062351410215,240.0,240.0
N22000575,2024-09,0.0049551562406122684,139.53716066697623,240.0
N22000575,2024-10,0.0007702304283156991,240.0,240.0
N22000575,2024-11,0.0008566247415728867,240.0,240.0
N22000575,2024-12,0.0009351911139674485,240.0,240.0
N22000575,2025-01,0.00045817058425812185,240.0,240.0
N22000575,2025-03,0.0012918125139549375,240.0,240.0
N22000575,2025-04,0.0023919744417071342,240.0,240.0
N22000575,2025-05,0.001730371150188148,240.0,240.0
N22000576,2024-07,0.0014987275106215225,240.0,240.0
N22000576,2024-09,0.00713655911386013,96.77925653267802,224.71447474553636
N22000576,2024-10,0.0018830075860023499,240.0,240.0
N22000576,2024-11,0.0011819482315331697,240.0,240.0
N22000576,2024-12,0.0012424883898347616,240.0,240.0
N22000576,2025-01,0.0006267451219880149,240.0,240.0
N22000576,2025-03,0.003174947341904044,217.97093619167896,240.0
N22000576,2025-04,0.0022639937233179808,240.0,240.0
N22000576,2025-05,0.0037227096036076546,185.84747654257814,240.0
N22000577,2024-07,0.0008226813927689758,240.0,240.0
N22000577,2024-09,0.0027332077734172344,240.0,240.0
N22000577,2024-10,0.0012322283582761884,240.0,240.0
N22000577,2024-11,0.0010456278687343001,240.0,240.0
N22000577,2024-12,0.00095062714535743,240.0,240.0
N22000577,2025-01,0.000490100896727852,240.0,240.0
N22000577,2025-03,0.0008678449667058885,240.0,240.0
N22000577,2025-04,0.0010845166398212314,240.0,240.0
N22000577,2025-05,0.001119446475058794,240.0,240.0
N22000578,2024-07,0.004943595417819635,139.8642864856289,240.0
N22000578,2024-09,0.02721462771296501,25.121487729383396,58.33028814422344
N22000579,2024-07,0.0008821017025870681,240.0,240.0
N22000579,2024-09,0.0036373084876686335,190.21917504537868,240.0
N22000579,2024-10,0.0013279869453981519,240.0,240.0
N22000579,2024-11,0.0014411404263228178,240.0,240.0
N22000579,2024-12,0.001604512333869934,240.0,240.0
N22000579,2025-01,0.0009099148442969218,240.0,240.0
N22000579,2025-03,0.002193108666688204,240.0,240.0
N22000579,2025-04,0.002331375377252698,240.0,240.0
N22000579,2025-05,0.002617393620312214,240.0,240.0
N22000580,2024-07,0.0012968698962601,240.0,240.0
N22000580,2024-09,0.002472122199833393,240.0,240.0
N22000580,2024-10,0.0009351693443022668,240.0,240.0
N22000580,2024-11,0.001554145012050867,240.0,240.0
N22000580,2024-12,0.001099808607250452,240.0,240.0
N22000580,2025-01,0.0004041758503036119,240.0,240.0
N22000580,2025-03,0.0014529230538755655,240.0,240.0
N22000580,2025-04,0.00222607864998281,240.0,240.0
N22000580,2025-05,0.0018564765341579914,240.0,240.0
N22000582,2024-07,0.0023365423635387517,240.0,240.0
N22000582,2024-09,0.02038910612463951,33.64819379379454,78.12868651202614
N22000583,2024-07,0.005204490453509902,132.8356501214035,240.0
N22000583,2024-09,0.054799262434244156,12.299012640753668,28.55742298994075
N22000583,2024-10,0.014550291933119297,47.29060544666496,109.80538541084469
N22000583,2024-11,0.015151611529290676,45.399967444377495,105.4154599160717
N22000583,2024-12,0.016081735491752625,42.754006005340926,99.2717277127841
N22000583,2025-01,0.008732553974718504,79.0280009524201,183.49733569420945
N22000583,2025-03,0.013960127718746662,49.304536932457594,114.48158950888485
N22000583,2025-04,0.010332643054425716,66.73606711804435,154.95634918367585
N22000583,2025-05,0.010702639818191528,64.41693711554575,149.57149607517817
N22000584,2024-07,0.0026707326992427838,240.0,240.0
N22000584,2024-09,0.019142448902130127,35.86226327321331,83.2695966403212
N22000584,2024-10,0.002318436047062278,240.0,240.0
N22000584,2024-11,0.0016811585519462824,240.0,240.0
N22000584,2024-12,0.002962504979223013,233.62659361857422,240.0
N22000584,2025-01,0.0027443175899272143,240.0,240.0
N22000584,2025-03,0.006748603656888008,102.3627535804022,237.6789534083678
N22000584,2025-04,0.0025955624878406525,240.0,240.0
N22000584,2025-05,0.002487628720700741,240.0,240.0
N22000585,2024-07,0.0007930036996364187,240.0,240.0
N22000585,2024-09,0.002755574882030487,240.0,240.0
N22000585,2024-10,0.0008054221980273724,240.0,240.0
N22000585,2024-11,0.0008296437445096672,240.0,240.0
N22000585,2024-12,0.0008906004368327558,240.0,240.0
N22000585,2025-01,0.0003859775441805713,240.0,240.0
N22000585,2025-03,0.0011654022382572293,240.0,240.0
N22000585,2025-04,0.0013528765412047505,240.0,240.0
N22000585,2025-05,0.0021460738498717546,240.0,240.0
N22000586,2024-07,0.004886477461236716,141.50321563936882,240.0
N22000586,2024-09,0.0165037102997303,41.651940920915806,96.71281183086302
N22000586,2024-10,0.008214578963816166,84.03307261708856,195.11875220932782
N22000586,2024-11,0.00829230435192585,83.24215672171614,193.2823023711696
N22000586,2024-12,0.01078533474355936,63.920363083600805,148.4184868792137
N22000586,2025-01,0.004429767309835353,156.12802114606703,240.0
N22000586,2025-03,0.015803217887878418,43.51364808684791,101.03556200389389
N22000586,2025-04,0.012543951161205769,54.910181259627684,127.49749256208705
N22000586,2025-05,0.0126364566385746,54.50566213985227,126.55822825296141
N22000587,2024-07,0.004875382946222473,141.82601303037646,240.0
N22000587,2024-09,0.014918411150574684,46.115091880990285,107.07592743678345
N22000587,2024-10,0.00311681698076427,222.0426853322865,240.0
N22000587,2024-11,0.003132943995296955,220.8979216047894,240.0
N22000587,2024-12,0.003598736831918359,192.2616841154126,240.0
N22000587,2025-01,0.0019318832270954767,240.0,240.0
N22000587,2025-03,0.007215841673314571,95.7120975187718,222.23660824943525
N22000587,2025-04,0.008647724986076355,79.80662777210293,185.3052511822638
N22000587,2025-05,0.009400814771652222,73.38555160308717,170.39597402601441
N22000589,2024-07,0.001242810034514874,240.0,240.0
N22000589,2024-09,0.006194771733134985,111.54535510198765,240.0
N22000589,2024-10,0.0017342831706628203,240.0,240.0
N22000589,2024-11,0.0016859639436006546,240.0,240.0
N22000589,2024-12,0.0016474182484671474,240.0,240.0
N22000589,2025-01,0.0009618646154460064,240.0,240.0
N22000589,2025-03,0.06754015386104584,9.912129571876697,23.015252133104347
N22000589,2025-04,0.021819548681378365,31.419407743982013,72.9536055654734
N22000589,2025-05,0.02357744425535202,29.05078937094045,67.4538440190418
N22000590,2024-07,0.0022415470104796276,240.0,240.0
N22000590,2024-09,0.021832119673490524,31.401115332062787,72.91113190031489
N22000590,2024-10,0.004150477237999439,166.65739817086504,240.0
N22000590,2024-11,0.005497443955391645,125.73846441727301,240.0
N22000590,2024-12,0.009845211170613766,70.05735599771639,162.66814314462334
N22000590,2025-01,0.00740398862591507,93.27107458977807,216.56872853034045
N22000590,2025-03,0.013805014081299305,49.86243681577592,115.77699292209606
N22000590,2025-04,0.0030240186024457216,228.86717892474343,240.0
N22000590,2025-05,0.0050080930814146996,138.0585472645703,240.0
N22000591,2024-07,0.0009518916089681362,240.0,240.0
N22000591,2024-09,0.00311390426941216,222.25070610420178,240.0
N22000591,2024-10,0.0010237956885248423,240.0,240.0
N22000591,2024-11,0.0010545775294303894,240.0,240.0
N22000591,2024-12,0.001132042147219181,240.0,240.0
N22000591,2025-01,0.0004956207721903416,240.0,240.0
N22000591,2025-03,0.0012734896736219525,240.0,240.0
N22000591,2025-04,0.0016371547244489193,240.0,240.0
N22000591,2025-05,0.0021183991339057684,240.0,240.0
N22000592,2024-07,0.0006532371327144793,240.0,240.0
N22000592,2024-09,0.0011644390178844333,240.0,240.0
N22000592,2024-10,0.0004816657747142017,240.0,240.0
N22000592,2024-11,0.0005781644722446799,240.0,240.0
N22000592,2024-12,0.0004900950589217246,240.0,240.0
N22000592,2025-01,0.0003411391028937949,240.0,240.0
N22000592,2025-03,0.000996250775642693,240.0,240.0
N22000592,2025-04,0.0008317897445522249,240.0,240.0
N22000592,2025-05,0.0007779310690239072,240.0,240.0
N22000593,2024-07,0.0009416402654075506,240.0,240.0
N22000593,2024-09,0.001218801480717957,240.0,240.0
N22000593,2024-10,0.0007409626850858331,240.0,240.0
N22000593,2024-11,0.0005695183062925935,240.0,240.0
N22000593,2024-12,0.0006592940771952271,240.0,240.0
N22000593,2025-01,0.0002840286161164274,240.0,240.0
N22000593,2025-03,0.001250102766789496,240.0,240.0
N22000593,2025-04,0.0021455970127135515,240.0,240.0
N22000593,2025-05,0.01027003675699234,67.14501120869866,155.9058879570043
N22000594,2024-07,0.0017248218147913885,240.0,240.0
N22000594,2024-09,0.0041417512111365795,167.0092506270169,240.0
N22000594,2024-10,0.0017568416660651565,240.0,240.0
N22000594,2024-11,0.0020354068838059902,240.0,240.0
N22000594,2024-12,0.0023261827882379293,240.0,240.0
N22000594,2025-01,0.001388799163338894,240.0,240.0
N22000594,2025-03,0.0024052499793469906,240.0,240.0
N22000594,2025-04,0.0027151377871632576,240.0,240.0
N22000594,2025-05,0.0027320070657879114,240.0,240.0
N22000595,2024-07,0.034709423841463805,19.621385545657013,45.55944635907782
N22000595,2024-09,0.14336228370666504,4.47942583635224,10.400904698390585
N22000595,2024-10,0.007004010956734419,98.6173402697507,228.982373015401
N22000595,2024-11,0.00808730535209179,85.36100849240724,198.2021238264391
N22000595,2024-12,0.00779843982309103,88.53577591399792,205.57370549736362
N22000595,2025-01,0.00895260247929286,77.07700594744803,178.9672655791799
N22000595,2025-03,0.025401584804058075,26.939496717221424,62.55157428984229
N22000595,2025-04,0.0268560741096735,25.461552632655845,59.11989439721689
N22000595,2025-05,0.028579561039805412,23.904999526407998,55.50569000863582
N22000596,2024-07,0.002397887347811878,240.0,240.0
N22000596,2024-09,0.01051306165754795,65.58481587658025,152.28322658184644
N22000596,2024-10,0.004688417539000511,147.49561455133394,240.0
N22000596,2024-11,0.005803294014185667,119.09339065584707,240.0
N22000596,2024-12,0.005990602541714907,115.35883276371656,240.0
N22000596,2025-01,0.003992208749068915,173.27817944396654,240.0
N22000596,2025-03,0.013689232990145683,50.28710924324316,116.76305176255624
N22000596,2025-04,0.016602415591478348,41.402238295766004,96.13302029016054
N22000596,2025-05,0.021700263023376465,31.594038384518324,73.35908535596283
N22000597,2024-07,0.003645632982191116,189.78403331554054,240.0
N22000597,2024-09,0.03258185833692551,20.92553539209021,48.587588527454095
N22000598,2024-07,0.003299679036252834,209.71826695815415,240.0
N22000598,2024-09,0.0372919999063015,18.238252070516143,42.34790988416904
N22000598,2024-10,0.0057017747312784195,121.22001400563585,240.0
N22000598,2024-11,0.006443247199058533,107.2303598041876,240.0
N22000598,2024-12,0.00597379682585597,115.68434163284334,240.0
N22000598,2025-01,0.003091749645659392,223.84577928448232,240.0
N22000598,2025-03,0.00805473793298006,85.70755053026541,199.0067695202015
N22000598,2025-04,0.011659734882414341,59.10068560407056,137.2275423311965
N22000598,2025-05,0.013936490751802921,49.38875039553019,114.67712711476088
N22000599,2024-07,0.0030376757143486532,227.83665330090466,240.0
N22000599,2024-09,0.04167256876826286,16.284144025226617,37.81061151336586
N22000599,2024-10,0.00547158345580101,126.3343867042922,240.0
N22000599,2024-11,0.005632531829178333,122.7144873802109,240.0
N22000599,2024-12,0.005779758561402559,119.57975862857637,240.0
N22000599,2025-01,0.0028863032679076195,239.8037620894215,240.0
N22000599,2025-03,0.009495274163782597,72.65205034307166,168.69283684274913
N22000599,2025-04,0.011480339802801609,60.02964658118827,139.38452292302014
N22000599,2025-05,0.011801947839558125,58.38433224624542,135.56422134379542
N22000600,2024-07,0.0005272453939663135,240.0,240.0
N22000600,2024-09,0.0032809411641210318,210.91797614670497,240.0
N22000600,2024-10,0.0009346816223114729,240.0,240.0
N22000600,2024-11,0.0010563969844952226,240.0,240.0
N22000600,2024-12,0.0011532657081261277,240.0,240.0
N22000600,2025-01,0.0005423933079674592,240.0,240.0
N22000600,2025-03,0.0017538887914270163,240.0,240.0
N22000600,2025-04,0.0033499409910291433,206.56648341994833,240.0
N22000600,2025-05,0.0037571501452475786,184.1406938453654,240.0
N22000601,2024-07,0.0023920021956872484,240.0,240.0
N22000601,2024-09,0.04505949094891548,15.033697419355498,34.90716440803717
N22000601,2024-10,0.020265594124794006,33.85539503454683,78.60979289422438
N22000601,2024-11,0.020897071808576584,32.82179065464334,76.20983784552783
N22000601,2024-12,0.022259846329689026,30.791028436824146,71.49455399793769
N22000601,2025-01,0.007948925168634768,86.85307938712373,201.66660515644503
N22000601,2025-03,0.022638466209173203,30.27021957132104,70.28527326105961
N22000601,2025-04,0.019844820722937584,34.5806355737745,80.29374927780837
N22000601,2025-05,0.021118467673659325,32.47404361465109,75.40239422345591
N22000602,2024-07,0.007368172240912574,93.72615033341457,217.6253816847918
N22000602,2024-09,0.032481465488672256,20.99129456704912,48.7402766032878
N22000602,2024-10,0.009561462327837944,72.14671777852928,167.51949096387668
N22000602,2024-11,0.010640451684594154,64.79545480085669,150.45038692311337
N22000602,2024-12,0.012720719911158085,54.14230585741516,125.71454109231685
N22000602,2025-01,0.007652412961648647,90.23188689054705,209.51195322585988
N22000602,2025-03,0.022456467151641846,30.518375690603204,70.86147392633909
N22000602,2025-04,0.026770077645778656,25.5444690696305,59.3124204017563
N22000602,2025-05,0.031487125903367996,21.665247842030798,50.30514764710911
N22000604,2024-07,0.0003713451458652317,240.0,240.0
N22000604,2024-09,0.0016864655772224069,240.0,240.0
N22000604,2024-10,0.000505519681610167,240.0,240.0
N22000604,2024-11,0.0005184825859032571,240.0,240.0
N22000604,2024-12,0.0007522624218836427,240.0,240.0
N22000604,2025-01,0.0003306652488659356,240.0,240.0
N22000604,2025-03,0.0007327176863327622,240.0,240.0
N22000604,2025-04,0.0004952186136506498,240.0,240.0
N22000604,2025-05,0.0005280841141939163,240.0,240.0
N22000605,2024-07,0.0007006386732729686,240.0,240.0
N22000605,2024-09,0.0006175439921207726,240.0,240.0
N22000605,2024-10,0.00037488460657186806,240.0,240.0
N22000605,2024-11,0.0004361549508757889,240.0,240.0
N22000605,2024-12,0.0005081366398371756,240.0,240.0
N22000605,2025-01,0.0002451533950327267,240.0,240.0
N22000605,2025-03,0.0007813221891410649,240.0,240.0
N22000605,2025-04,0.0007970139267854393,240.0,240.0
N22000605,2025-05,0.0012370151234790683,240.0,240.0
N22000606,2024-07,0.0007668280798767135,240.0,240.0
N22000606,2024-09,0.001907958067022264,240.0,240.0
N22000606,2024-10,0.000507841061335057,240.0,240.0
N22000606,2024-11,0.0007792349788360298,240.0,240.0
N22000606,2024-12,0.0008005629060789943,240.0,240.0
N22000606,2025-01,0.0004211782523267926,240.0,240.0
N22000606,2025-03,0.0007978767971508205,240.0,240.0
N22000606,2025-04,0.0005921822739765048,240.0,240.0
N22000606,2025-05,0.0011315607698634267,240.0,240.0
N22000607,2024-07,0.000829181747044494,240.0,240.0
N22000607,2024-09,0.0019231225596740842,240.0,240.0
N22000607,2024-10,0.0008350015850737691,240.0,240.0
N22000607,2024-11,0.0007857584278099239,240.0,240.0
N22000607,2024-12,0.0008205155609175563,240.0,240.0
N22000607,2025-01,0.0003120491130897962,240.0,240.0
N22000607,2025-03,0.0007762423483654857,240.0,240.0
N22000607,2025-04,0.0004795060958713293,240.0,240.0
N22000607,2025-05,0.0005596018163487315,240.0,240.0
N22000608,2024-07,0.0005397336996995072,240.0,240.0
N22000608,2024-09,0.0012496873969212174,240.0,240.0
N22000608,2024-10,0.0003865366452373564,240.0,240.0
N22000608,2024-11,0.0003868674975819886,240.0,240.0
N22000608,2024-12,0.0004619135579559952,240.0,240.0
N22000608,2025-01,0.00022638079647696596,240.0,240.0
N22000608,2025-03,0.0007096947520039976,240.0,240.0
N22000608,2025-04,0.0004884732188656926,240.0,240.0
N22000608,2025-05,0.0008310885750688612,240.0,240.0
N22000609,2024-09,0.5222955942153931,1.0,2.1785574220220645
N22000609,2024-10,0.6964338421821594,1.0,1.350023239298851
N22000609,2024-11,0.28299054503440857,2.0836113587374436,4.837995752678901
N22000609,2024-12,0.251921147108078,2.3881295841533774,5.545065175677401
N22000609,2025-01,0.13342980713928132,4.8400020825686,11.238136814829375
N22000609,2025-03,0.1947152018547058,3.200727247488474,7.431858520014983
N22000609,2025-04,0.2863355576992035,2.0547289312809016,4.7709328329190095
N22000610,2024-07,0.013326036068201375,51.667157310156234,119.96742414141671
N22000610,2024-09,0.0621061772108078,10.810403203917993,25.100978916237544
N22000610,2024-10,0.015068734996020794,45.65157854913492,105.9996828091936
N22000610,2024-11,0.015328116714954376,44.8731697810794,104.19227362133883
N22000610,2024-12,0.014171200804412365,48.56498353186714,112.76439969038441
N22000610,2025-01,0.005828950163391244,118.56767216933305,240.0
N22000610,2025-03,0.013294707052409649,51.78973147824789,120.25203254601618
N22000610,2025-04,0.011115233413875103,62.01289097260272,143.98947379447313
N22000610,2025-05,0.01019969116896391,67.61049775727204,156.98671425192896
N22000611,2024-07,0.004059617311839014,170.3951918097942,240.0
N22000611,2024-09,0.007864214479923248,87.79237478844756,203.84758153817734
N22000611,2024-10,0.001625706790946424,240.0,240.0
N22000611,2024-11,0.001605704426765442,240.0,240.0
N22000611,2024-12,0.0015921193407848477,240.0,240.0
N22000611,2025-01,0.0008047952818168724,240.0,240.0
N22000611,2025-03,0.0032448037527501583,213.2708357273761,240.0
N22000611,2025-04,0.001285986858420074,240.0,240.0
N22000611,2025-05,0.0013363995822146535,240.0,240.0
N22000612,2024-07,0.0006838570216479711,240.0,240.0
N22000612,2024-09,0.003952667582780123,175.01506808639346,240.0
N22000612,2024-10,0.001128627103753388,240.0,240.0
N22000612,2024-11,0.0012406931491568685,240.0,240.0
N22000612,2024-12,0.0013231320772320032,240.0,240.0
N22000612,2025-01,0.0006495448275395388,240.0,240.0
N22000612,2025-03,0.002152363071218133,240.0,240.0
N22000612,2025-04,0.0030966969206929207,223.4876095859125,240.0
N22000612,2025-05,0.0036583044566214085,189.12546579797274,240.0
N22000613,2024-07,0.016295686123112718,42.18810155667562,97.95773827440638
N22000613,2024-09,0.02185160480439663,31.372803550526346,72.84539397934911
N22000613,2024-10,0.01164890918880701,59.15593305319646,137.35582293549282
N22000613,2024-11,0.015102771110832691,45.547911588089356,105.75897557983033
N22000613,2024-12,0.01845807582139969,37.2048658909998,86.38702337882897
N22000613,2025-01,0.009100208353322814,75.82117425066991,176.0513146799807
N22000613,2025-03,0.013517859391868114,50.92904139170542,118.25357205308218
N22000613,2025-04,0.012027619406580925,57.28235116965651,133.0055005220294
N22000613,2025-05,0.013925238512456417,49.42894016099,114.77044486030896
N22000614,2024-07,0.006968737790916002,99.1182630002801,230.1454795767849
N22000614,2024-09,0.029488127678632736,23.157672127705577,53.770449525509584
N22000614,2024-10,0.008396707475185394,82.2028176929226,190.86903188010092
N22000614,2024-11,0.008494756184518337,81.24999958123992,188.6566567372674
N22000614,2024-12,0.008916430175304413,77.3911032697381,179.6965769763341
N22000614,2025-01,0.0036650722896377497,188.7755905722504,240.0
N22000614,2025-03,0.012852471321821213,53.583721982116934,124.41754949891084
N22000614,2025-04,0.014296239241957664,48.13717644185057,111.77106238888292
N22000614,2025-05,0.021437570452690125,31.985464588070098,74.2679488550648
N22000615,2024-07,0.003231862403042851,214.12622562522114,240.0
N22000615,2024-09,0.007405473850667477,93.25229867769652,216.52513221257118
N22000615,2024-10,0.0020818947814404964,240.0,240.0
N22000615,2024-11,0.002186487428843975,240.0,240.0
N22000615,2024-12,0.0021712242159992456,240.0,240.0
N22000615,2025-01,0.001128837462191612,240.0,240.0
N22000615,2025-03,0.002041282830759883,240.0,240.0
N22000615,2025-04,0.0021825856529176235,240.0,240.0
N22000615,2025-05,0.0025433844421058893,240.0,240.0
N22000616,2024-07,0.004040656088446837,171.19641853735294,240.0
N22000616,2024-09,0.0461597666144371,14.666959395459427,34.05562508688941
N22000616,2024-10,0.012842796742916107,53.624349223160166,124.51188303130688
N22000616,2024-11,0.014415622688829899,47.735642809070804,110.83873016588939
N22000616,2024-12,0.014789012260735035,46.52163103151249,108.0198821120526
N22000616,2025-01,0.00743229755903041,92.91449035514013,215.74076557774072
N22000616,2025-03,0.025087257847189903,27.281410605097747,63.34547375213449
N22000616,2025-04,0.03466810658574104,19.645188151796997,45.61471429900579
N22000616,2025-05,0.03820253908634186,17.79518469679198,41.319139301190944
N22000618,2024-07,0.0015269687037560153,240.0,240.0
N22000618,2024-09,0.0032599184196442366,212.2803932494164,240.0
N22000618,2024-10,0.001305796904489398,240.0,240.0
N22000618,2024-11,0.0013959401985630393,240.0,240.0
N22000618,2024-12,0.0015238936757668853,240.0,240.0
N22000618,2025-01,0.0016590465815636835,240.0,240.0
N22000618,2025-03,0.004701495170593262,147.08437669648487,240.0
N22000618,2025-04,0.005416902247816324,127.61318077387905,240.0
N22000618,2025-05,0.004650366958230734,148.7053044036311,240.0
N22000619,2024-07,0.002016141113171832,240.0,240.0
N22000619,2024-09,0.01303957961499691,52.809840581319655,122.62065253228886
N22000619,2024-10,0.0016440103063359857,240.0,240.0
N22000619,2024-11,0.0026398582849651575,240.0,240.0
N22000619,2024-12,0.0038882719818502665,177.91932673908283,240.0
N22000619,2025-01,0.0020885629411846462,240.0,240.0
N22000619,2025-03,0.003959867637604475,174.69621481899551,240.0
N22000619,2025-04,0.004028907977044582,171.69663142031968,240.0
N22000619,2025-05,0.003912089392542839,176.8340133688051,240.0
N22000620,2024-07,0.005521447164925974,125.19033621158145,240.0
N22000620,2024-09,0.01349239144474268,51.025831111900935,118.47831082370043
N22000620,2024-10,0.007734988816082478,89.26489550038804,207.26666874953546
N22000620,2024-11,0.006995079107582569,98.74370596155846,229.27578506543932
N22000620,2024-12,0.00823270995169878,83.84724028679703,194.68726290068554
N22000620,2025-01,0.0028892276839163067,239.56068658942235,240.0
N22000620,2025-03,0.004914363380521536,140.69830413573237,240.0
N22000620,2025-04,0.0062903971411287785,109.8443844988156,240.0
N22000620,2025-05,0.00898855458945036,76.7673256152913,178.24821011551114
N22000621,2024-07,0.001340393276274221,240.0,240.0
N22000621,2024-09,0.0032173236832022667,215.09540550183476,240.0
N22000621,2024-10,0.001052381587214768,240.0,240.0
N22000621,2024-11,0.001118033891543746,240.0,240.0
N22000621,2024-12,0.0012531542452052236,240.0,240.0
N22000621,2025-01,0.001024372745180191,240.0,240.0
N22000621,2025-03,0.007830563932657242,88.17114119161945,204.7270498911016
N22000621,2025-04,0.005790045950561762,119.36667987833445,240.0
N22000621,2025-05,0.004327107686549425,159.84035654680613,240.0
N22000622,2024-07,0.008869299354317906,77.80420120798354,180.65576068508625
N22000622,2024-09,0.008289673365652561,83.26868651705597,193.34390264832075
N22000622,2024-10,0.004928968381136656,140.28037309997595,240.0
N22000622,2024-11,0.004707996733486652,146.88077945625952,240.0
N22000622,2024-12,0.005583506077528,123.79502581348731,240.0
N22000622,2025-01,0.0022637548308112043,240.0,240.0
N22000622,2025-03,0.004994330462068319,138.43994472912763,240.0
N22000622,2025-04,0.009667161852121353,71.35407307252356,165.67902695173828
N22000622,2025-05,0.026912521570920944,25.40741492830107,58.994190540482826
N22000623,2024-07,0.002867164012830936,240.0,240.0
N22000623,2024-09,0.0059795621782541275,115.57246670052568,240.0
N22000624,2024-07,0.0034196036883490377,202.35133152374993,240.0
N22000624,2024-09,0.006678591016680002,103.43947855532438,240.0
N22000624,2024-10,0.002947625471279025,234.80768352466177,240.0
N22000624,2024-11,0.003351871157065034,206.4473328663076,240.0
N22000624,2024-12,0.0033682913053780794,205.43922736225682,240.0
N22000624,2025-01,0.0015606340872003077,240.0,240.0
N22000624,2025-03,0.004120102617889643,167.88860458135537,240.0
N22000624,2025-04,0.003207519417628646,215.7539374547208,240.0
N22000624,2025-05,0.0036612343974411488,188.97383849299587,240.0
N22000625,2024-07,0.0037686723463055127,183.5766478854967,240.0
N22000625,2024-09,0.007189038209617138,96.07024383154418,223.06819823514175
N22000625,2024-10,0.01566227339208126,43.9083619261272,101.95205915675731
N22000625,2024-11,0.00868772342801094,79.43759628632291,184.44838660753317
N22000625,2024-12,0.010834503918886185,63.62870098203125,147.74126845136547
N22000625,2025-01,0.006632249989714456,104.16466051580595,240.0
N22000625,2025-03,0.014369647018611431,47.88948718679793,111.19594574877446
N22000625,2025-04,0.007339799776673317,94.08979775087543,218.46974484002743
N22000625,2025-05,0.03145913779735565,21.684834310865,50.35062601937488
N22000626,2024-07,0.005271055676435488,131.15375841085063,240.0
N22000626,2024-09,0.025041034445166588,27.332414721350677,63.463901642617074
N22000626,2024-10,0.017941104248166084,38.28696922637087,88.8995895147984
N22000626,2024-11,0.019461560994386673,35.26850824303316,81.89094015426522
N22000626,2024-12,0.016519784927368164,41.61107225750917,96.61791773309865
N22000626,2025-01,0.01059490803118579,65.07548198631933,151.1005899123713
N22000626,2025-03,0.028896812349557877,23.638709951889545,54.887384764185825
N22000626,2025-04,0.025640223175287247,26.685512160608653,61.96184041217559
N22000626,2025-05,0.03173283487558365,21.494780212508434,49.90933406885228
N22000627,2024-07,0.0005022228357909331,240.0,240.0
N22000627,2024-09,0.004170816857367754,165.8429756867876,240.0
N22000627,2024-10,0.0016996791819110513,240.0,240.0
N22000627,2024-11,0.0017683577025309205,240.0,240.0
N22000627,2024-12,0.002036044141277671,240.0,240.0
N22000627,2025-01,0.001422204692513418,240.0,240.0
N22000627,2025-03,0.0016410835087299347,240.0,240.0
N22000627,2025-04,0.006117644254118204,112.95602841527592,240.0
N22000627,2025-05,0.006335210520774126,109.06492151816632,240.0
N22000628,2024-07,0.004131223802717243,167.4357170310111,240.0
N22000628,2024-09,0.0484604611992836,13.95391225432522,32.399980896910776
N22000628,2024-10,0.016533348709344864,41.576649068815485,96.53798956415517
N22000628,2024-11,0.017157327383756638,40.051911201717566,92.99765787320187
N22000628,2024-12,0.01760045625269413,39.03474232553464,90.63586488234773
N22000628,2025-01,0.00824167022995026,83.75570440171948,194.47472315743357
N22000628,2025-03,0.025611890479922295,26.715419260837436,62.03128254843341
N22000628,2025-04,0.04039296880364418,16.811139821224877,39.03425785798176
N22000628,2025-05,0.04168962314724922,16.27733870244735,37.79481004320991
N22000629,2024-07,0.000516921240809709,240.0,240.0
N22000629,2024-09,0.005814270582050085,118.86790265130387,240.0
N22000629,2024-10,0.0019610910676419735,240.0,240.0
N22000629,2024-11,0.0017178587149828672,240.0,240.0
N22000629,2024-12,0.00152755924500525,240.0,240.0
N22000629,2025-01,0.0011565810174621882,240.0,240.0
N22000629,2025-03,0.0019496323075145483,240.0,240.0
N22000629,2025-04,0.0019674168433994055,240.0,240.0
N22000629,2025-05,0.0021051601506769657,240.0,240.0
N22000630,2024-11,0.0019451901316642761,240.0,240.0
N22000630,2024-12,0.0038970636669546366,177.51716199155206,240.0
N22000630,2025-01,0.00047216456934673356,240.0,240.0
N22000630,2025-03,0.0009694595355540514,240.0,240.0
N22000630,2025-04,0.0009949218947440386,240.0,240.0
N22000630,2025-05,0.001020641764625907,240.0,240.0
N22000631,2024-11,0.0010435942094773054,240.0,240.0
N22000631,2024-12,0.0027516912668943405,240.0,240.0
N22000631,2025-01,0.00042655956144910245,240.0,240.0
N22000631,2025-03,0.0005308757536113262,240.0,240.0
N22000631,2025-04,0.00041712127858772874,240.0,240.0
N22000631,2025-05,0.00039528284105472267,240.0,240.0
N24000165,2024-07,0.009787442186217299,70.47291191420027,163.63303410210392
N24000165,2024-09,0.01986912451684475,34.53790997259657,80.1945435040624
N24000165,2024-10,0.003949631005525589,175.1498909500658,240.0
N24000165,2024-11,0.007733115926384926,89.28659879334087,207.31706223519424
N24000165,2024-12,0.01057798694819212,65.18013638773165,151.34358990726417
N24000165,2025-01,0.004164360800889555,166.10062200649767,240.0
N24000165,2025-03,0.012506495229899883,55.075675100068175,127.88175735973662
N24000165,2025-04,0.015908990055322647,43.22202763949035,100.35844029413074
N24000165,2025-05,0.009847833774983883,70.03860622359375,162.6246075173152
N24000182,2024-07,0.003912934391160028,176.79575110344035,240.0
N24000182,2024-09,0.02152124047279358,31.859754673117852,73.97605947173128
N24000182,2024-10,0.012788797728717327,53.852240649207324,125.04103053602974
N24000182,2024-11,0.013407878577709198,51.34965279930385,119.2302014974151
N24000182,2024-12,0.014126583933830261,48.71946916942892,113.12310423249566
N24000182,2025-01,0.006016288823657678,114.86483061849971,240.0
N24000182,2025-03,0.016938915476202965,40.57283864100112,94.20721392987208
N24000182,2025-04,0.02192877233028412,31.261173759793238,72.5861976320195
N24000182,2025-05,0.026767225936055183,25.547227769323882,59.318825904079716
N24000187,2024-07,0.0027134043593229906,240.0,240.0
N24000187,2024-09,0.007264559157192707,95.06790457728776,220.74083856007533
N24000187,2024-10,0.007562825921922922,91.30486350119219,212.00332776327383
N24000187,2024-11,0.0031579758506268263,219.14421303457038,240.0
N24000187,2024-12,0.0027938345447182655,240.0,240.0
N24000187,2025-01,0.0017397123323427133,240.0,240.0
N24000187,2025-03,0.003282697405666113,210.80494951010456,240.0
N24000187,2025-04,0.004118866287171841,167.93910267823023,240.0
N24000187,2025-05,0.0029809644911438227,232.17772133796302,240.0
N24000245,2024-07,0.0047580887937362926,145.33079809904046,240.0
N24000245,2024-09,0.05985813960433006,11.2296929568791,26.07453957353632
N24000245,2024-10,0.018816374242305756,36.48977574194043,84.72663547135083
N24000245,2024-11,0.020789626985788345,32.99322383409397,76.60789336129011
N24000245,2024-12,0.020789626985788345,32.99322383409397,76.60789336129011
N24000245,2025-01,0.010257979722729571,67.2243409383285,156.0900858849916
N24000245,2025-03,0.03436709940433502,19.820323565353767,46.02136613615297
N24000245,2025-04,0.041415195912122726,16.387525653786156,38.050656221213465
N24000245,2025-05,0.04947613924741745,13.660222090682744,31.718053454757243
N24000247,2024-07,0.005333303777103615,129.61893412038143,240.0
N24000247,2024-09,0.03981452435255051,17.060484692969457,39.61321872100158
N24000247,2024-10,0.06269678473472595,10.705232540395775,24.856780197847357
N24000247,2024-11,0.051064129918813705,13.224451496998064,30.706225470355044
N24000247,2024-12,0.05614980682730675,11.994693541329916,27.850815923177922
N24000247,2025-01,0.02813781458480713,24.285786924592326,56.389850966659075
N24000247,2025-03,0.08304055780172348,7.995511566950984,18.56500294030037
N24000247,2025-04,0.07512316107749939,8.875726563185534,20.608798869598544
N24000247,2025-05,0.08791285008192062,7.532592714341629,17.490138650773684
N24000248,2024-07,0.004977343990325234,138.91359153695436,240.0
N24000248,2024-09,0.03983103111386299,17.053268900788314,39.59646417040931
N24000248,2024-10,0.010720092803239822,64.31149601754196,149.32666942736736
N24000248,2024-11,0.011375037021934986,60.58858314478624,140.68233343329806
N24000248,2024-12,0.014318841509521008,48.060642285479545,111.59335558098653
N24000248,2025-01,0.007438916792150363,92.83150482669353,215.5480791477715
N24000248,2025-03,0.036914169788360596,18.428519735695943,42.78969772149864
N24000248,2025-04,0.027651743963360786,24.718839781567944,57.395368561842
N24000248,2025-05,0.06495191901922226,10.321244252764203,23.965187004687923
N24000282,2024-07,0.006374141568083136,108.39666952473847,240.0
N24000282,2024-09,0.023259826004505157,29.452254699702404,68.38601764501738
N24000301,2024-07,0.007939118669979983,86.960790629248,201.9167029156686
N24000301,2024-09,0.04111877828836441,16.508194131438714,38.33083974964223
N24000301,2024-10,0.008196991868317127,84.21411582113416,195.5391215111897
N24000301,2024-11,0.009109348990023136,75.74474382819157,175.87384873472416
N24000301,2024-12,0.009263325482606888,74.47992389543899,172.9370277978924
N24000301,2025-01,0.003960724525031267,174.6583448896948,240.0
N24000301,2025-03,0.014566046185791492,47.23908048688014,109.68574815913237
N24000301,2025-04,0.017964256927371025,38.23717486518027,88.78397058858296
N24000301,2025-05,0.02570677362382412,26.615522875833825,61.79933032551584
N24000319,2024-07,0.0040561844966438,170.53969375278575,240.0
N24000319,2024-09,0.006414324510842562,107.71543593076143,240.0
N24000319,2024-10,0.0026999497786164284,240.0,240.0
N24000319,2024-11,0.0026458785869181156,240.0,240.0
N24000319,2024-12,0.0026184231974184513,240.0,240.0
N24000319,2025-01,0.0009852392959401879,240.0,240.0
N24000319,2025-03,0.0030126713681966066,229.7305144136532,240.0
N24000319,2025-04,0.005424941424280405,127.42355732538933,240.0
N24000319,2025-05,0.0057390774600207806,120.42985387439828,240.0
N24000320,2024-07,0.007474720247498845,92.38518334897871,214.5117527693138
N24000320,2024-09,0.013455419801175594,51.16699210137421,118.80607649106054
N24000320,2024-10,0.005133246537297964,134.68408382231704,240.0
N24000320,2024-11,0.00710827112197876,97.16578063223406,225.61195591164662
N24000320,2024-12,0.002778359455987811,240.0,240.0
N24000320,2025-01,0.0014593766928734375,240.0,240.0
N24000320,2025-03,0.0022798345889896154,240.0,240.0
N24000320,2025-04,0.002814378822222352,240.0,240.0
N24000320,2025-05,0.0029788196552544832,232.3451457713426,240.0
N24000331,2024-07,0.0016097893323082646,240.0,240.0
N24000331,2024-09,0.006347018294036388,108.86137478836835,240.0
N24000331,2024-10,0.001182831241749227,240.0,240.0
N24000331,2024-11,0.0011864099651575089,240.0,240.0
N24000331,2024-12,0.001614235807210207,240.0,240.0
N24000331,2025-01,0.001557672403892374,240.0,240.0
N24000331,2025-03,0.00468013621866703,147.75721655581282,240.0
N24000331,2025-04,0.005202272906899452,132.8924212928284,240.0
N24000331,2025-05,0.005732086021453142,120.5771659737688,240.0
N24000332,2024-07,0.0035950202600046888,192.460805104357,240.0
N24000332,2024-09,0.04555139318108559,14.867549807961378,34.52138160124273
N24000332,2024-10,0.03391887992620468,20.086871596799593,46.64027149900395
N24000332,2024-11,0.03499410301446915,19.458911338332737,45.18219293239703
N24000332,2024-12,0.02923956885933876,23.35750577800705,54.23444889244846
N24000332,2025-01,0.02057085211566656,33.34782464163225,77.43125093878301
N24000332,2025-03,0.09358840435743332,7.05408763031202,16.3790842526189
N24000332,2025-04,0.11874276399612427,5.483511461679003,12.732319321509342
N24000332,2025-05,0.21750187873840332,2.8261296637737816,6.562069866110918
N24000334,2024-07,0.013147372722252637,52.374007518393086,121.60867949879885
N24000334,2024-09,0.06621741503477097,10.11721682949082,23.49144999846198
N24000334,2024-10,0.010450050234794617,65.98237449738096,153.20632911284824
N24000334,2024-11,0.011148964986205101,61.824216370303965,143.55138493460396
N24000334,2024-12,0.011154428124427795,61.79376615692358,143.48068172866073
N24000334,2025-01,0.005015870193457506,137.84394907708335,240.0
N24000334,2025-03,0.021572833880782127,31.782724238270866,73.79720034089867
N24000334,2025-04,0.026561656966805458,25.747652323104894,59.78419730640911
N24000334,2025-05,0.03210010007023811,21.244844651276203,49.32900166731572
N24000382,2024-07,0.0035269540778763986,196.18177508023493,240.0
N24000382,2024-09,0.011616782285273075,59.3204945297837,137.73792285131685
N24000382,2024-10,0.017518706619739532,39.2185216559606,91.06258727292337
N24000382,2024-11,0.005732955411076546,120.55882806337186,240.0
N24000382,2024-12,0.007900232449173927,87.39053611525496,202.91454103327916
N24000382,2025-01,0.004061076098234029,170.33385918642915,240.0
N24000382,2025-03,0.030164383351802826,22.630651139056827,52.54674468537073
N24000382,2025-04,0.02143607661128044,31.98771792474216,74.2731809407909
N24000382,2025-05,0.023502152413129807,29.144976065571655,67.67253875147057
N24000422,2024-07,0.018461395066905806,37.19811398388161,86.37134593599717
N24000422,2024-09,0.09093703329563141,7.270196292250448,16.88087302632225
N24000422,2024-10,0.021448897197842598,31.968389338384945,74.22830135309363
N24000431,2024-07,0.0037468107520156613,184.649791054903,240.0
N24000431,2024-09,0.021938852965831757,31.246649201312295,72.55247265161678
N24000431,2024-10,0.0063306912779808044,109.1430268010147,240.0
N24000431,2024-11,0.0062145451083779335,111.18933623113378,240.0
N24000431,2024-12,0.0067532905377447605,102.29147128467574,237.51344104325244
N24000431,2025-01,0.003943817061702326,175.4086071198977,240.0
N24000431,2025-03,0.019196659326553345,35.760004948617485,83.03216016350605
N24000431,2025-04,0.0294220969080925,23.210429524289033,53.892948406849825
N24000431,2025-05,0.03527124226093292,19.303259532941656,44.820780632439536
N24000438,2024-07,0.026277823613089057,26.029536227048826,60.43871146247306
N24000438,2024-09,0.10325026512145996,6.360405459040267,14.768404130220546
N24000438,2024-10,0.05926218628883362,11.346178836260696,26.34501140953011
N24000438,2024-11,0.06179876625537872,10.865939667544922,25.2299305914236
N24000438,2024-12,0.04619554802775383,14.655326170763297,34.02861357563332
N24000438,2025-01,0.021476416325146297,31.926978848083152,74.13214917223883
N24000438,2025-03,0.04398003965616226,15.411323222911701,35.78398437066873
N24000438,2025-04,0.055967867374420166,12.034834318061938,27.9440199204226
N24000438,2025-05,0.0634235069155693,10.578510576754844,24.562540910230187
N24000442,2024-07,0.010104170477985286,68.25294725996768,158.47843580178437
N24000442,2024-09,0.018593650311231613,36.93104598926058,85.75123325604139
N24000442,2024-10,0.019627109169960022,34.968087476868696,81.19338473702037
N24000442,2024-11,0.026379231363534927,25.92812854782721,60.20325012305106
N24000442,2024-12,0.011796949431300163,58.40921731681413,135.62200268829216
N24000442,2025-01,0.005211702925878248,132.65133849070634,240.0
N24000442,2025-03,0.008746991865336895,78.89698264162608,183.1931205974321
N24000442,2025-04,0.009045748971402645,76.27974390099939,177.11608043454342
N24000442,2025-05,0.009763592854142189,70.64590402733582,164.03470934978728
N24000444,2024-07,0.11586975444870418,5.628438228724065,13.068828853612466
N24000444,2024-09,0.39049962162971497,1.3999700829079254,3.250629867505702
N24000462,2024-07,0.01505274130663492,45.700453919288805,106.11316790430195
N24000462,2024-09,0.05514448881149292,12.219804777672895,28.373508027317513
N24000462,2024-10,0.013313140720129013,51.71754025296882,120.08440971183636
N24000462,2024-11,0.011631414294242859,59.245433245256265,137.5636359459343
N24000462,2024-12,0.01197802647948265,57.52095946303632,133.55953182210112
N24000462,2025-01,0.004435431575445237,155.92819468929244,240.0
N24000462,2025-03,0.00619000056758523,111.63160038399353,240.0
N24000462,2025-04,0.008659543469548225,79.69723387840426,185.05124642707577
N24000462,2025-05,0.010776771232485771,63.971432310615164,148.5370659522025
N24000463,2024-07,0.19671658916723211,3.1643665776216485,7.347431659102277
N24000463,2024-09,0.3780987560749054,1.4593371918414815,3.388476025650764
N24000463,2024-10,0.09450654685497284,6.982075670867176,16.211877660816025
N24000463,2024-11,0.10368014872074127,6.3325428862203825,14.703709239594213
N24000463,2024-12,0.08983448147773743,7.363815592546045,17.09825030990229
N24000463,2025-01,0.042674678128753585,15.893494557143839,36.903551538171655
N24000463,2025-03,0.1451846808195114,4.418613581740519,10.259703015894187
N24000463,2025-04,0.21440981328487396,2.87231535663738,6.669309723952746
N24000463,2025-05,0.24692225456237793,2.4442151706656086,5.675291874718385
N24000465,2024-07,0.005418703228951105,127.57065136680512,240.0
N24000465,2024-09,0.0769876018166542,8.652160534048498,20.089694625482853
N24000465,2024-10,0.015129782259464264,45.4659731668654,105.56872045753973
N24000465,2024-11,0.01665656454861164,41.266510429384624,95.8178699439505
N24000465,2024-12,0.01665656454861164,41.266510429384624,95.8178699439505
N24000465,2025-01,0.007744111893598804,89.15932618594954,207.02154439238274
N24000465,2025-03,0.01975361630320549,34.74190870765058,80.66821389830578
N24000465,2025-04,0.027980009093880653,24.424730564040818,56.71246810670043
N24000465,2025-05,0.03134911507368088,21.762168688962724,50.53019088458063
N24000480,2024-07,0.04162296018199341,16.303971370456495,37.856649183302146
N24000480,2024-09,0.1525302678346634,4.188196573789621,9.724691291593112
N24000480,2024-10,0.08892931044101715,7.442408865144076,17.2807382376168
N24000480,2024-11,0.10584630072116852,6.195585253158048,14.385703463577501
N24000480,2024-12,0.07530221343040466,8.853776025874039,20.55783130031711
N24000480,2025-01,0.07199134464127976,9.277312761124447,21.541253145111902
N24000480,2025-03,0.14301849901676178,4.491071092050796,10.42794414476921
N24000480,2025-04,0.13957761228084564,4.610780258225148,10.705900220924978
N24000480,2025-05,0.13316522538661957,4.850341170441203,11.26214343343628
N24000488,2024-07,0.09086182030389311,7.276510585880694,16.895534362101685
N24000488,2024-09,0.20676621794700623,2.992381622106742,6.948094958994262
N24000488,2024-10,0.09908562153577805,6.642836867503539,15.424189552410025
N24000488,2024-11,0.12187764048576355,5.3331594638695075,12.383212793673033
N24000488,2024-12,0.08907394856214523,7.4297432280127635,17.251329538921958
N24000488,2025-01,0.030852259101222912,22.118275142110033,51.35704446291405
N24000488,2025-03,0.0681590735912323,9.818900209201535,22.79878025664044
N24000488,2025-04,0.07930567115545273,8.388851111272094,19.478309079089744
N24000488,2025-05,0.06754763424396515,9.910992588556404,23.01261213958954
N24000507,2024-07,0.003245794010374503,213.20566318723377,240.0
N24000507,2024-09,0.00943458266556263,73.12164850638582,169.78321001145576
N24000507,2024-10,0.006045045796781778,114.31675348367264,240.0
N24000507,2024-11,0.012073483318090439,57.06342906841527,132.4971791445656
N24000507,2024-12,0.009342345409095287,73.84701325125204,171.46745479160143
N24000507,2025-01,0.004436967621318844,155.874093324737,240.0
N24000507,2025-03,0.01692558079957962,40.60507821706428,94.28207190730039
N24000507,2025-04,0.02053111046552658,33.41305086603837,77.582701541755
N24000507,2025-05,0.05891571566462517,11.414983409119666,26.504770680308074
N24000513,2024-07,0.008315275702944436,83.01123614755612,192.74612140233992
N24000513,2024-09,0.031189773231744766,21.875136396737137,50.792493779077056
N24000513,2024-10,0.008143017068505287,84.7746203002745,196.8405726086159
N24000513,2024-11,0.006817265413701534,101.32828352605775,235.27698832586574
N24000513,2024-12,0.00599331222474575,115.30651997763418,240.0
N24000513,2025-01,0.002791707799354781,240.0,240.0
N24000513,2025-03,0.009410540573298931,73.30934825832645,170.2190353388901
N24000513,2025-04,0.02143724076449871,31.98596186853481,74.26910350454685
N24000513,2025-05,0.02579903043806553,26.519096111927,61.57543431330151
N24000515,2024-07,0.0031984613955067243,216.36593376398145,240.0
N24000515,2024-09,0.005068421829491854,136.41112264272985,240.0
N24000515,2024-10,0.003122091293334961,221.66699088298998,240.0
N24000515,2024-11,0.003699538065120578,187.01367958867448,240.0
N24000515,2024-12,0.0029112950433045626,237.74220819361932,240.0
N24000515,2025-01,0.001417778350205734,240.0,240.0
N24000515,2025-03,0.05121150612831116,13.18537918803699,30.615502378446205
N24000515,2025-04,0.0632224753499031,10.61327402411536,24.643259135331707
N24000515,2025-05,0.056423597037792206,11.93477574913925,27.711691118106792
N24000516,2024-07,0.029095158341970073,23.475175386012722,54.50766926119122
N24000516,2024-09,0.16839419305324554,3.758999101341054,8.72812562206014
N24000531,2024-07,0.050295263454983474,13.432005561643491,31.188151084263325
N24000531,2024-09,0.0956018939614296,6.897972990089301,16.016597283462534
N24000531,2024-10,0.02702844887971878,25.29694024768966,58.73767627579749
N24000531,2024-11,0.024816537275910378,27.58283295372572,64.04535477184072
N24000531,2024-12,0.021062443032860756,32.56135077020071,75.60511516081128
N24000531,2025-01,0.016085257349535476,42.74456874660364,99.24981507658327
N24000531,2025-03,0.015147351659834385,45.41283318080602,105.4453332309465
N24000531,2025-04,0.01769528165459633,38.82369482111782,90.14582775248644
N24000531,2025-05,0.015461730770766735,44.48238340563523,103.28489575709584
N24000549,2024-07,0.01970433816909012,34.829666485941864,80.87198114926521
N24000551,2024-07,0.036633007743867574,18.572654012354587,43.12436714790861
N24000551,2024-09,0.061307355761528015,10.955873594108574,25.43875070219528
N24000551,2024-10,0.04546672850847244,14.895890525165916,34.5871867087492
N24000551,2024-11,0.07173500955104828,9.311733750394522,21.621176207151905
N24000552,2024-07,0.011104839441073433,62.0712597616987,144.12500192573964
N24000552,2024-09,0.009596440941095352,71.8824787959802,166.90594704653154
N24000552,2024-10,0.006183430086821318,111.7505885743161,240.0
N24000552,2024-11,0.007541931699961424,91.55877773426688,212.59289835474175
N24000552,2024-12,0.007759166415780783,88.98566292862535,206.61831079615203
N24000552,2025-01,0.004303337689073761,160.72517086728806,240.0
N24000552,2025-03,0.006799463182687759,101.59448886021438,235.89509797025292
N24000556,2024-07,0.0032313487485287062,214.16031823554584,240.0
N24000556,2024-09,0.01526025403290987,45.07427091325767,104.65921599005722
N24000556,2024-10,0.0036837817169725895,187.81506260845794,240.0
N24000556,2024-11,0.006497995927929878,106.32396627150837,240.0
N24000556,2024-12,0.005628685001283884,122.79859179089127,240.0
N24000556,2025-01,0.0030399749189164993,227.66407269067986,240.0
N24000558,2024-07,0.05253313766693202,12.84478468782315,29.824666439435568
N24000558,2024-09,0.1618742197751999,3.925242579979267,9.114131025702015
N24000558,2024-10,0.0417402908205986,16.257153240568638,37.74794085216544
N24000558,2024-11,0.05482161417603493,12.293854118632932,28.545445272500515
N24000559,2024-07,0.00338887556639067,204.18926801404507,240.0
N24000559,2024-09,0.015919780358672142,43.19249591912782,100.28986976293064
N24000559,2024-10,0.007608299143612385,90.75707665480935,210.73140609464778
N24000559,2024-11,0.015073549002408981,45.63688765744293,105.96557161503503
N24000559,2024-12,0.014599869959056377,47.12883402631309,109.42976380497986
N24000559,2025-01,0.006318721677019523,109.3504351472728,240.0
N24000560,2024-07,0.007744568518288308,89.15404880806716,207.0092907004103
N24000560,2024-09,0.010280913673341274,67.07360575219235,155.740089621414
N24000560,2024-10,0.006142625585198402,112.49523725248176,240.0
N24000560,2024-11,0.009062065742909908,76.14177190513195,176.79571938103112
N24000560,2024-12,0.007521885447204113,91.80371305761707,213.16162056345888
N24000560,2025-01,0.003588572371722276,192.80723900391104,240.0
N24000560,2025-03,0.01342781912535429,51.272880668248966,119.05194212941439
N24000560,2025-04,0.019080666825175285,35.97951261041572,83.5418411704784
N24000560,2025-05,0.06048814207315445,11.109046761497574,25.794407782938684
N24000564,2024-07,0.001428870940018756,240.0,240.0
N24000564,2024-09,0.004416482523083687,156.59869852860322,240.0
N24000564,2024-10,0.002749434905126691,240.0,240.0
N24000564,2024-11,0.004842416848987341,142.7938962244883,240.0
N24000564,2024-12,0.004114655312150717,168.11132823160196,240.0
N24000564,2025-01,0.0031855084264812428,217.24713538309038,240.0
N24000564,2025-03,0.003935566172003746,175.77707770658944,240.0
N24000564,2025-04,0.0070255836471915245,98.31346011374332,228.27678514368873
N24000564,2025-05,0.007111375220119953,97.12321636423069,225.51312474193122
N24000567,2024-07,0.05294564626981613,12.741959120410492,29.585912865587385
N24000567,2024-09,0.3366631269454956,1.68865757190986,3.92094145886178
N24000567,2024-10,0.09728458523750305,6.772459168553528,15.725163214941944
N24000567,2024-11,0.12420589476823807,5.226398283403771,12.135321009306299
N24000567,2024-12,0.0861305296421051,7.695860951140927,17.869235756800695
N24000567,2025-01,0.03634072239716757,18.724854613845952,43.47776600057016
N24000567,2025-03,0.1297345757484436,4.988212456488466,11.582270645987672
N24000567,2025-04,0.17197290062904358,3.6730930928534713,8.52865804743319
N24000569,2024-07,0.01968040498972934,34.872446831570215,80.97131403568865
N24000569,2024-09,0.08616750687360764,7.692405116856039,17.86121155808334
N24000569,2024-10,0.023576555773615837,29.051897314101144,67.45641658339414
N24000569,2024-11,0.02482840232551098,27.569484593211737,64.01436083854261
N24000569,2024-12,0.018560925498604774,36.996774087890955,85.90384917487478
N24000569,2025-01,0.009293226855385694,74.23916282234771,172.3779978981265
N24000569,2025-03,0.031209420412778854,21.861144900904314,50.76000653181333
N24000569,2025-04,0.06738398969173431,9.935923417353937,23.070499731403356
N24000569,2025-05,0.07281260192394257,9.168664627499652,21.28897999119141
N24000570,2024-07,0.010540561944655136,65.41279792735911,151.88381327272492
N24000570,2024-09,0.02889249101281166,23.642297847177662,54.895715599056814
N24000570,2024-10,0.008174186572432518,84.45003571652425,196.08691054443887
N24000570,2024-11,0.007666748948395252,90.06251335600881,209.11868005748514
N24000570,2024-12,0.008237909525632858,83.79409853569823,194.5638715757977
N24000570,2025-01,0.0044905403409787326,154.0103546480809,240.0
N24000570,2025-03,0.028992822393774986,23.5592711070516,54.7029334785312
N24000570,2025-04,0.038062527775764465,17.861935028781968,41.474128772381555
N24000576,2024-07,0.015540998879181256,44.25372048148812,102.75395688925956
N24000576,2024-09,0.019314570352435112,35.539568781406274,82.52032323372904
N24000576,2024-10,0.009473762474954128,72.81780786827566,169.0777138974593
N24000576,2024-11,0.014871582388877869,46.261399361603736,107.41564288651199
N24000576,2024-12,0.012463550083339214,55.26664630040158,128.32517875510513
N24000576,2025-01,0.0060006019014371414,115.16602094980266,240.0
N24000576,2025-03,0.027689892798662186,24.684302238440807,57.31517487012672
N24000576,2025-04,0.03055018000304699,22.34044267008917,51.872901487900485
N24000576,2025-05,0.03461207449436188,19.67755866025465,45.68987629203939
N24000578,2024-07,0.023598670907775676,29.024344386181916,67.39244066596208
N24000578,2024-09,0.030327988788485527,22.506680377707305,52.2588934916487
N24000578,2024-10,0.006354384124279022,108.73478303327813,240.0
N24000578,2024-11,0.0034605690743774176,199.95183766189317,240.0
N24000578,2024-12,0.00509221013635397,135.77225504468421,240.0
N24000578,2025-01,0.002567481512468328,240.0,240.0
N24000578,2025-03,0.004174293950200081,165.70454313296455,240.0
N24000578,2025-04,0.004936125595122576,140.07646798779837,240.0
N24000578,2025-05,0.0059655033983290195,115.84565236678468,240.0
N24000579,2024-07,0.011516472065217997,59.84021549215527,138.9446775553493
N24000579,2024-09,0.030136607587337494,22.651831657521548,52.59592432625825
N24000579,2024-10,0.01436109934002161,47.91819812836555,111.26261049063099
N24000579,2024-11,0.007381838746368885,93.5519854474618,217.2209833429552
N24000579,2024-12,0.00865933857858181,79.69912784053871,185.0556440709664
N24000579,2025-01,0.004591348110854043,150.6212779785675,240.0
N24000579,2025-03,0.008784845471382141,78.55552040914412,182.40026984648932
N24000579,2025-04,0.007880911231040955,87.60563884926033,203.41399411465332
N24000579,2025-05,0.009537721984088421,72.32716359559595,167.9384731761287
N24000582,2024-07,0.0028493997149218186,240.0,240.0
N24000582,2024-09,0.006324317771941423,109.25336871229338,240.0
N24000582,2024-10,0.005346634890884161,129.2948810920351,240.0
N24000582,2024-11,0.004348507151007652,159.0520572160506,240.0
N24000582,2024-12,0.003714644815772772,186.25171949425325,240.0
N24000582,2025-01,0.0022068416157994264,240.0,240.0
N24000582,2025-03,0.014011792838573456,49.12145437001996,114.05648496347695
N24000582,2025-04,0.01870967261493206,36.69986669829427,85.21445156539058
N24000582,2025-05,0.02187989465892315,31.331788306440924,72.75015953178851
N24000583,2024-07,0.00967584825089407,71.28970350312949,165.52956544010638
N24000583,2024-09,0.017915431410074234,38.34233415537141,89.02814289891617
N24000583,2024-10,0.005786953028291464,119.43066274862828,240.0
N24000583,2024-11,0.005286108236759901,130.77930033940936,240.0
N24000583,2024-12,0.0020363610237836838,240.0,240.0
N24000583,2025-01,0.0006511853714693538,240.0,240.0
N24000583,2025-03,0.002870007883757353,240.0,240.0
N24000583,2025-04,0.00354365142993629,195.2557500662197,240.0
N24000583,2025-05,0.004720636177808046,146.48657859657746,240.0
N24000584,2024-07,0.023949805169398264,28.59368879355297,66.39248934621656
N24000584,2024-09,0.14687873423099518,4.3634344937381355,10.131581141211193
N24000584,2024-10,0.03683256357908249,18.470127530366597,42.88630802891073
N24000584,2024-11,0.03942597657442093,17.232079857202685,40.011650353781526
N24000584,2024-12,0.04042061045765877,16.799403218247576,39.00700630979021
N24000584,2025-01,0.019438502910294586,35.310757799728115,81.98904058695177
N24000584,2025-03,0.10293181985616684,6.381195139086992,14.816676272404756
N24000584,2025-04,0.1300279051065445,4.976140182270681,11.554239693312216
N24000584,2025-05,0.1307646930217743,4.946055373176272,11.484384929846584
N24000585,2024-07,0.002234573025666875,240.0,240.0
N24000585,2024-09,0.03049219213426113,22.383594076935967,51.97309595179198
N24000585,2024-10,0.018132809549570084,37.878501917671535,87.95115779488636
N24000585,2024-11,0.020250877365469933,33.88025208671132,78.6675091820012
N24000585,2024-12,0.020725246518850327,33.096797441971134,76.84838383130895
N24000585,2025-01,0.010720671222141154,64.3080074139858,149.31856914075843
N24000585,2025-03,0.035110365599393845,19.393314743653228,45.02988235628173
N24000585,2025-04,0.02957971766591072,23.08488329364711,53.60143908671513
N24000585,2025-05,0.03148912638425827,21.663849210604635,50.30190012550631
N24000592,2024-07,0.0013981982462710763,240.0,240.0
N24000592,2024-09,0.014386662282049656,47.83243588214973,111.06347672166184
N24000592,2024-10,0.002649531699717045,240.0,240.0
N24000592,2024-11,0.0028235027566552162,240.0,240.0
N24000592,2024-12,0.0031366944313049316,220.63338685301966,240.0
N24000592,2025-01,0.0012311735494544562,240.0,240.0
N24000592,2025-03,0.009543534368276596,72.28290178261344,167.83570042903392
N24000592,2025-04,0.012379597872495651,55.64379702980393,129.20089562971168
N24000592,2025-05,0.014853110536932945,46.31936483942303,107.55023455799419
N24000603,2024-07,0.0053836507751857665,128.40351270225725,240.0
N24000603,2024-09,0.011262886226177216,61.19536137974033,142.09122886440414
N24000603,2024-10,0.006525423377752304,105.87560890920732,240.0
N24000603,2024-11,0.010995137505233288,62.694034907289215,145.57104103308384
N24000603,2024-12,0.013722254894673824,50.16525802547724,116.48012199662934
N24000603,2025-01,0.008495209941433157,81.24564118895502,188.64653686377252
N24000603,2025-03,0.010560603812336922,65.28799774838227,151.59403623091166
N24000603,2025-04,0.015139883384108543,45.4354064777006,105.49774680320029
N24000613,2024-07,0.0011121675507872464,240.0,240.0
N24000613,2024-09,0.00276181916706264,240.0,240.0
N24000613,2024-10,0.0023817364126443863,240.0,240.0
N24000613,2024-11,0.0024686038959771395,240.0,240.0
N24000613,2024-12,0.0032600685954093933,212.27059852479638,240.0
N24000613,2025-01,0.001506847458265792,240.0,240.0
N24000613,2025-03,0.009609289467334747,71.78590024714912,166.6816986006372
N24000613,2025-04,0.015030736103653908,45.767869969652516,106.26970312568778
N24000613,2025-05,0.025668364018201828,26.655872923783026,61.89302023547914
N24000619,2024-07,0.028564451207584884,23.917829745601335,55.53548085504439
N24000619,2024-09,0.20635241270065308,2.999134189886825,6.963773935835468
N24000619,2024-10,0.06412235647439957,10.459357138664567,24.28587519472595
N24000619,2024-11,0.1264704018831253,5.126325276773143,11.902958683670793
N24000619,2024-12,0.07025349885225296,9.515591565603666,22.094519395648373
N24000619,2025-01,0.03675150605984534,18.511638467312938,42.98269343965154
N24000619,2025-03,0.0983087494969368,6.6981671512782155,15.552662492804536
N24000619,2025-04,0.10834874957799911,6.044174969742943,14.034139672661112
N24000619,2025-05,0.1477089673280716,4.336853060787582,10.069860965240936
N24000622,2024-07,0.02986969185799304,22.85737722044438,53.07318634358821
N24000622,2024-09,0.07962372899055481,8.353918350689536,19.39719772086113
N24000622,2024-10,0.06408952176570892,10.464897281701056,24.29873900849207
N24000649,2024-07,0.003134766082035667,220.76932275199596,240.0
N24000649,2024-09,0.03389156982302666,20.10334027235049,46.678510579451164
N24000649,2024-10,0.006312895566225052,109.45167414151507,240.0
N24000649,2024-11,0.006446233484894037,107.18052330550235,240.0
N24000649,2024-12,0.007032033521682024,98.22296707247325,228.06666680877194
N24000649,2025-01,0.0035949674504290874,192.46363742425245,240.0
N24000649,2025-03,0.019208235666155815,35.73824302947629,82.98163055205343
N24000649,2025-04,0.018354129046201706,37.4175469261825,86.88085344966943
N24000649,2025-05,0.018199075013399124,37.73931114306903,87.62796682478768
N24000652,2024-07,0.004409257418669266,156.85587327852,240.0
N24000652,2024-09,0.028327250853180885,24.121037661066932,56.00731502306746
N24000652,2024-10,0.010305984877049923,66.90959085055667,155.3592588133259
N24000655,2024-07,0.009628729529784663,71.64026508819467,166.34354423345746
N24000655,2024-09,0.12521551549434662,5.181334735565361,12.030686691524993
N24000655,2024-10,0.06518245488405228,10.283486592052842,23.87751643148499
N24000655,2024-11,0.07552444189786911,8.826677081509002,20.494909500054142
N24000655,2024-12,0.06261154264211655,10.720289295897075,24.891740901463677
N24000655,2025-01,0.06554217402653018,10.225101386357816,23.74195018205593
N24000656,2024-07,0.01462644369061028,47.042576278147266,109.2294795161119
N24000656,2024-09,0.13712306320667267,4.699838306167421,10.912686604517967
N24000656,2024-10,0.04405437037348747,15.384726844363662,35.72222949209578
N24000656,2024-11,0.0490759052336216,13.774501435372631,31.983401875858007
N24000656,2024-12,0.023242617025971413,29.474319962097436,68.43725159769345
N24000656,2025-01,0.010277395051942473,67.09668847844588,155.7936860520087
N24000656,2025-03,0.01709015481173992,40.21070465749267,93.36636485945034
N24000656,2025-04,0.03316063806414604,20.55418792208035,47.725346403872855
N24000656,2025-05,0.042537834495306015,15.945754994019007,37.024896514803196
N24000659,2024-07,0.0022484797401427503,240.0,240.0
N24000659,2024-09,0.019276442006230354,35.6105551959263,82.68514858395842
N24000659,2024-10,0.004250760655850172,162.71744971042548,240.0
N24000659,2024-11,0.0043184468522667885,160.1616194551625,240.0
N24000659,2024-12,0.0042208596132695675,163.87261700553665,240.0
N24000659,2025-01,0.002027293663735885,240.0,240.0
N24000659,2025-03,0.005975337233394384,115.65442935216213,240.0
N24000659,2025-04,0.050880443304777145,13.273467196311664,30.82003639968184
N24000659,2025-05,0.02830042690038681,24.14423192947854,56.06117044653273
N24000662,2024-07,0.046768788486601265,14.471381149058626,33.60150646182258
N24000665,2024-07,0.004667197367924647,148.16780554414683,240.0
N24000665,2024-09,0.019873211160302162,34.530735995079915,80.17788604411437
N24000665,2024-10,0.011618643999099731,59.31093355809245,137.71572296253254
N24000665,2024-11,0.01780921034514904,38.5731023407296,89.56397003190553
N24000665,2024-12,0.014893597923219204,46.19250145569343,107.25566690309996
N24000665,2025-01,0.010841357653820993,63.588256026713374,147.6473581733164
N24000665,2025-03,0.012243909761309624,56.26430327114698,130.6416665045391
N24000665,2025-04,0.01597011089324951,43.05527467549511,99.97125190212446
N24000665,2025-05,0.021178875118494034,32.38042393076333,75.18501604920245
N24000683,2024-07,0.005884402239745068,117.44706904760757,240.0
N24000683,2024-09,0.05446704477071762,12.376183597846548,28.73660840332406
N24000683,2024-10,0.01349156629294157,51.02897317344055,118.48560646466512
N24000683,2024-11,0.009721054695546627,70.95656347685295,164.75603825356336
N24000683,2024-12,0.008398077450692654,82.1893512796499,190.83776383678568
N24000683,2025-01,0.004515858737607625,153.1449415838823,240.0
N24000683,2025-03,0.010986522771418095,62.74346720741563,145.68581927954227
N24000683,2025-04,0.016978297382593155,40.47791966439327,93.98681889134836
N24000683,2025-05,0.02545582316815853,26.881352290123196,62.41656711100178
N24000685,2024-07,0.017008281212692156,40.40594682493006,93.81970313332992
N24000685,2024-09,0.05752608925104141,11.699270874828136,27.164865733960898
N24000685,2024-10,0.013500530272722244,50.99486018141976,118.4063985500914
N24000685,2024-11,0.01591517962515354,43.205082658558695,100.3190952668382
N24000685,2024-12,0.016195621341466904,42.45091414101483,98.56797019767355
N24000685,2025-01,0.00865758443053466,79.71534642645778,185.0933024612712
N24000686,2024-07,0.028100472787351283,24.31852447131141,56.465865196143795
N24000686,2024-09,0.15111255645751953,4.230927052155236,9.823908389818211
N24000686,2024-10,0.04034764692187309,16.83041821574277,39.07902090383717
N24000686,2024-11,0.045417945832014084,14.912268046288409,34.625214135168136
N24000686,2024-12,0.045102477073669434,15.0190337017358,34.873116310120494
N24000686,2025-01,0.018566890811399395,36.98477543253992,85.87598915991433
N24000686,2025-03,0.05252674221992493,12.84639158442849,29.828397537809085
N24000686,2025-04,0.05943489074707031,11.3121814646716,26.266071957285057
N24000686,2025-05,0.060347892343997955,11.135686851956747,25.85626415742618
N24000688,2024-07,0.0025639191440457454,240.0,240.0
N24000688,2024-09,0.00891792681068182,77.37805690683686,179.66628425977763
N24000688,2024-10,0.005327447783201933,129.7617944302509,240.0
N24000688,2024-11,0.005530922207981348,124.9752773742244,240.0
N24000688,2024-12,0.006903824862092733,100.05348460201645,232.31699688880212
N24000688,2025-01,0.0023139032875629795,240.0,240.0
N24000688,2025-03,0.006728251464664936,102.6734399309978,238.40034477451374
N24000688,2025-04,0.00560790067538619,123.25500194245407,240.0
N24000688,2025-05,0.005202438682317734,132.8881756204662,240.0
N24000691,2024-07,0.12282903101794307,5.289045551412348,12.28078346096335
N24000696,2024-07,0.0035943641129104753,192.49600194878283,240.0
N24000696,2024-09,0.0055761984549462795,123.95771455077588,240.0
N24000696,2024-10,0.008244690485298634,83.7248950888129,194.4031861482116
N24000696,2024-11,0.007566122803837061,91.2649266840504,211.91059734553193
N24000696,2024-12,0.008607296273112297,80.18311432789385,186.17942589350213
N24000696,2025-01,0.005294088817324405,130.58163355788102,240.0
N24000696,2025-03,0.02470889687538147,27.70451569376232,64.32789334459457
N24000696,2025-04,0.02593061700463295,26.38274909730475,61.258846349396094
N24000696,2025-05,0.10779067128896713,6.077333008144063,14.111130253596027
N24000697,2024-07,0.006641233075380892,104.02329515785374,240.0
N24000697,2024-09,0.044125985354185104,15.359186925693324,35.662927637393985
N24000697,2024-10,0.040011994540691376,16.974552615601134,39.41369061630803
N24000697,2024-11,0.07134299725294113,9.364851789106764,21.744512473583175
N24000697,2024-12,0.03592386469244957,18.94620775969766,43.99173208881495
N24000697,2025-01,0.01255599060679391,54.85719632714191,127.37446535874263
N24000697,2025-03,0.03060522861778736,22.299629779288672,51.77813689011724
N24000697,2025-04,0.0466955192387104,14.494640562617207,33.655513147634856
N24000697,2025-05,0.05737984925508499,11.729988955467569,27.236190908418614
N24000704,2024-07,0.21828423079167436,2.814650053363364,6.535415036180608
N24000704,2024-09,0.5227202773094177,1.0,2.175937791136267
N24000704,2024-10,0.3394817113876343,1.6713196564555293,3.880684065861588
N24000704,2024-11,0.37920069694519043,1.453908574886624,3.3758711674268986
N24000704,2024-12,0.3282451033592224,1.742181032142162,4.045219084910749
N24000704,2025-01,0.1644358889523756,3.858358614309832,8.958831266716672
N24000704,2025-03,0.3628927171230316,1.5375348409799494,3.5700453441395177
N24000704,2025-04,0.4215146601200104,1.2663875355743013,2.940460797865139
N24000704,2025-05,0.4527752995491028,1.149696532096315,2.669512678469004
N24000708,2024-07,0.006499861674967522,106.29334690430566,240.0
N24000708,2024-09,0.006816955283284187,101.3329091558379,235.28772870560886
N24000708,2024-10,0.00776361720636487,88.93444928932733,206.49939640822456
N24000708,2024-11,0.00687370216473937,100.49347233956503,233.33861677802207
N24000708,2024-12,0.010258386842906475,67.22165923317263,156.083859158448
N24000708,2025-01,0.007384346617171689,93.52009534021232,217.1469368069837
N24000708,2025-03,0.034945908933877945,19.486230905257123,45.24562700237891
N24000708,2025-04,0.035069540143013,19.416299360266795,45.08325098334699
N24000708,2025-05,0.06604214757680893,10.145007737876107,23.55597848942422
N24000709,2024-07,0.02586270682818792,26.45294284126279,61.421831175577594
N24000709,2024-09,0.07522788643836975,8.862875305163879,20.578959172543417
N24000709,2024-10,0.018906353041529655,36.314454285119204,84.31955165512105
N24000709,2024-11,0.02431388944387436,28.160285153532598,65.38615725802683
N24000709,2024-12,0.0827244371175766,8.027428796911199,18.639112453255972
N24000709,2025-01,0.027750761094321286,24.629392543589276,57.187678506969256
N24000709,2025-03,0.07673361897468567,8.681976908441454,20.158926102873536
N24000709,2025-04,0.10053485631942749,6.541902980277986,15.189828323934822
N24000711,2024-07,0.07971173595223235,8.344301626981036,19.374868379901592
N24000714,2024-07,0.0017856166452224764,240.0,240.0
N24000714,2024-09,0.003953675739467144,174.97035210937958,240.0
N24000714,2024-10,0.003567102598026395,193.9698008952151,240.0
N24000714,2024-11,0.003060544840991497,226.13161074844587,240.0
N24000714,2024-12,0.0031980720814317465,216.39231508728423,240.0
N24000714,2025-01,0.0009415617857918557,240.0,240.0
N24000714,2025-03,0.0029474208131432533,234.8240118010681,240.0
N24000714,2025-04,0.0036154102999716997,191.37341574972535,240.0
N24000714,2025-05,0.0030316519550979137,228.2900440465524,240.0
N24000715,2024-07,0.0031863780254606233,217.1877514724063,240.0
N24000715,2024-09,0.005014743190258741,137.87500586516165,240.0
N24000715,2024-10,0.00446457602083683,154.9080403763509,240.0
N24000715,2024-11,0.0030862160492688417,224.24775761461882,240.0
N24000715,2024-12,0.0031420502346009016,220.25671332487192,240.0
N24000715,2025-01,0.0022155811468467235,240.0,240.0
N24000715,2025-03,0.004921940620988607,140.4811671650613,240.0
N24000715,2025-04,0.006325450260192156,109.23374616002201,240.0
N24000715,2025-05,0.00692946370691061,99.68200389095581,231.45444538908166
N24000717,2024-07,0.008965326581735655,76.96712051194274,178.7121194992612
N24000717,2024-09,0.029440825805068016,23.195441432307373,53.85814713498885
N24000717,2024-10,0.011966424994170666,57.57706356484498,133.68980151232907
N24000717,2024-11,0.013733397237956524,50.12427486503502,116.38496204498125
N24000717,2024-12,0.01584480330348015,43.39853006063916,100.7682662246118
N24000717,2025-01,0.016215304607233638,42.39896126999181,98.44733936683515
N24000717,2025-03,0.03228602185845375,21.1204866944752,49.04025143359669
N24000717,2025-04,0.03501986339688301,19.444339497836957,45.14835816655566
N24000717,2025-05,0.03827657178044319,17.760086987678804,41.237644944334875
N24000723,2024-07,0.0016013308678746174,240.0,240.0
N24000723,2024-09,0.0026765880174934864,240.0,240.0
N24000723,2024-10,0.0050255972892045975,137.57647875839334,240.0
N24000723,2024-11,0.0062008751556277275,111.43522095355348,240.0
N24000723,2024-12,0.008298215456306934,83.182612906218,193.14404591308767
N24000723,2025-01,0.0016795608423418873,240.0,240.0
N24000723,2025-03,0.003688219003379345,187.5886853340735,240.0
N24000723,2025-04,0.0040174913592636585,172.18553274207193,240.0
N24000723,2025-05,0.0030301520600914955,228.40321706251083,240.0
N24000725,2024-07,0.00432338613333394,159.97824523686432,240.0
N24000725,2024-09,0.06724359840154648,9.957408335517439,23.120386166503547
N24000725,2024-10,0.023760594427585602,28.824168695491586,66.92764710583472
N24000725,2024-11,0.017147833481431007,40.07427894440006,93.04959416335558
N24000726,2024-07,0.0013424513495264856,240.0,240.0
N24000726,2024-09,0.011319788172841072,60.885997749713724,141.37290876030903
N24000726,2024-10,0.005155723076313734,134.0954107681931,240.0
N24000726,2024-11,0.005425849463790655,127.40217433285875,240.0
N24000726,2024-12,0.006060086656361818,114.03216257529961,240.0
N24000726,2025-01,0.0029549940501778504,234.22130156063585,240.0
N24000726,2025-03,0.014844048768281937,46.34785380925698,107.61638389744604
N24000726,2025-04,0.017433881759643555,39.41103628063957,91.50959238864216
N24000726,2025-05,0.01303400844335556,52.83256206274271,122.67341017836252
N24000733,2024-07,0.0009629758796657617,240.0,240.0
N24000733,2024-09,0.01396202389150858,49.297793628281624,114.4659320414663
N24000733,2024-10,0.0033871810883283615,204.29158972417096,240.0
N24000733,2024-11,0.005152253899723291,134.18593523915195,240.0
N24000733,2024-12,0.0046569486148655415,148.49464890501307,240.0
N24000733,2025-01,0.0010343064451940887,240.0,240.0
N24000733,2025-03,0.001902549178339541,240.0,240.0
N24000733,2025-04,0.0028080360498279333,240.0,240.0
N24000733,2025-05,0.0020539509132504463,240.0,240.0
N24000734,2024-07,0.002933214513308413,235.9630040805258,240.0
N24000734,2024-09,0.010260643437504768,67.20679887812102,156.04935448255367
N24000734,2024-10,0.0039946092292666435,173.17384285724904,240.0
N24000734,2024-11,0.0035555826034396887,194.599382199921,240.0
N24000734,2024-12,0.005240829661488533,131.91217829528537,240.0
N24000734,2025-01,0.002746511756212544,240.0,240.0
N24000734,2025-03,0.008045713417232037,85.80407462972578,199.23089153857222
N24000734,2025-04,0.02472815103828907,27.682671914777632,64.27717366047152
N24000734,2025-05,0.041276976466178894,16.44357770851702,38.18080506186922
N24000736,2024-07,0.0016239733752158036,240.0,240.0
N24000736,2024-09,0.01066792942583561,64.62766311219,150.06078668710958
N24000736,2024-10,0.0068534910678863525,100.7908542174133,234.0291161151083
N24000736,2024-11,0.007247947622090578,95.28658647694583,221.24860220673474
N24000736,2024-12,0.008391830138862133,82.25079601203339,190.98043408718976
N24000736,2025-01,0.005635336431222382,122.65324185556486,240.0
N24000736,2025-03,0.010936672799289227,63.03104099549623,146.35354493743978
N24000736,2025-04,0.02339324541389942,29.282286490749513,67.99136368541197
N24000736,2025-05,0.025383859872817993,26.958552003933832,62.59581929541597
N24000738,2024-07,0.0008238999838746652,240.0,240.0
N24000738,2024-09,0.0017747814999893308,240.0,240.0
N24000738,2024-10,0.0010664754081517458,240.0,240.0
N24000738,2024-11,0.0010502851800993085,240.0,240.0
N24000738,2024-12,0.0017012731404975057,240.0,240.0
N24000738,2025-01,0.0007335352140767082,240.0,240.0
N24000738,2025-03,0.002199644222855568,240.0,240.0
N24000738,2025-04,0.0027958545833826065,240.0,240.0
N24000738,2025-05,0.0032297493889927864,214.26654141263654,240.0
N24000739,2024-07,0.006482421209941469,106.58025558948916,240.0
N24000739,2024-09,0.03336415812373161,20.42667005281883,47.42925908063436
N24000739,2024-10,0.019235631451010704,35.68684707702812,82.86229284610053
N24000739,2024-11,0.01968514919281006,34.86395834448457,80.95160437904143
N24000739,2024-12,0.011704372242093086,58.87396439171382,136.70111197851847
N24000739,2025-01,0.008411382647339427,82.0587937057539,190.53461853795625
N24000739,2025-03,0.024713370949029922,27.699436837716092,64.31610060605095
N24000739,2025-04,0.05129581317305565,13.16312867433148,30.563838285547703
N24000739,2025-05,0.03219165652990341,21.18342556134941,49.186390956852286
N24000741,2024-07,0.021032681280769516,32.60791977405737,75.71324503921697
N24000741,2024-09,0.07780459523200989,8.557568882274541,19.870059611687097
N24000741,2024-10,0.030687551945447922,22.238868687650278,51.63705400436603
N24000741,2024-11,0.03150486573576927,21.652851276362536,50.27636371300385
N24000741,2024-12,0.025753237307071686,26.566872714681764,61.68636814951608
N24000741,2025-01,0.009407245622286453,73.33514712347399,170.27893844869237
N24000741,2025-03,0.05486020818352699,12.284956962832954,28.52478671648396
N24000741,2025-04,0.02601877972483635,26.292168384339536,61.04852444710724
N24000741,2025-05,0.07419649511575699,8.991021253747993,20.876504850806864
N24000742,2024-07,0.011116922563845,62.00341562773887,143.967472725025
N24000742,2024-09,0.02964659221470356,23.032020486080206,53.47869544865092
N24000742,2024-10,0.016866130754351616,40.7494323145755,94.61725174192381
N24000742,2024-11,0.025950757786631584,26.362001687002692,61.210672354519595
N24000742,2024-12,0.029027549549937248,23.530667211959962,54.636517290894716
N24000742,2025-01,0.012721510120681234,54.138921133154476,125.70668200596252
N24000742,2025-03,0.038428232073783875,17.688609502625738,41.071679363638275
N24000742,2025-04,0.010735091753304005,64.22115474066203,149.1169034784519
N24000742,2025-05,0.024800952523946762,27.60038544039475,64.08611038377268
N24000743,2024-07,0.01456713090366002,47.235536971334334,109.67752037083189
N24000743,2024-09,0.06953021883964539,9.618270262340618,22.33293194634832
N24000743,2024-10,0.030276741832494736,22.54536826855414,52.3487239923379
N24000743,2024-11,0.06686247140169144,10.01618922351217,23.256871161780943
N24000743,2024-12,0.0831424817442894,7.9852724910819735,18.541228542374427
N24000743,2025-01,0.003017560177527856,229.35776137633295,240.0
N24000743,2025-03,0.13707531988620758,4.701602129463779,10.916782075384198
N24000743,2025-04,0.040443602949380875,16.789652862969508,38.98436668593494
N24000743,2025-05,0.11351264268159866,5.752811845489412,13.357615448642683
N24000744,2024-07,0.007433236794042841,92.90270613919282,215.71340347565643
N24000744,2024-09,0.07475300878286362,8.921437798250068,20.714937070546885
N24000744,2024-10,0.015797996893525124,43.528143824244346,101.06922006381077
N24000745,2024-07,0.006028972526608722,114.62244834092158,240.0
N24000745,2024-09,0.07988880574703217,8.325016964388112,19.330090780026662
N24000745,2024-10,0.025239603593945503,27.11463075549443,62.958222933679465
N24000745,2024-11,0.0163899976760149,41.943336937558165,97.38941242864317
N24000745,2024-12,0.02131945826113224,32.164601614443605,74.683892149436
N24000745,2025-01,0.01028077322450538,67.07452681655246,155.74222826662896
N24000745,2025-03,0.042526453733444214,15.950116441196347,37.03502348153863
N24000745,2025-04,0.04097815603017807,16.56605041004547,38.465177868404886
N24000745,2025-05,0.07073698192834854,9.448125458479103,21.93786794606317
N24000748,2024-07,0.001855887733243633,240.0,240.0
N24000748,2024-09,0.023327451199293137,29.3658613439985,68.18541848519688
N24000748,2024-10,0.008966353721916676,76.95826372630695,178.6915546798631
N24000749,2024-07,0.003889436723452988,177.86594259890413,240.0
N24000749,2024-09,0.05617620795965195,11.98889033192481,27.83734128821969
N24000749,2024-10,0.011866229586303234,58.066167671992226,134.82546608003906
N24000749,2024-11,0.010324366390705109,66.78984576076924,155.08121932512367
N24000749,2024-12,0.010772554203867912,63.99661075560577,148.59552849101178
N24000749,2025-01,0.008080180675383963,85.43658174162326,198.3775994770157
N24000749,2025-03,0.034698303788900375,19.627786162065252,45.57430813014071
N24000749,2025-04,0.01959860883653164,35.0194454668517,81.31263429685883
N24000749,2025-05,0.01745029166340828,39.37364710289521,91.4227774063928
N24000752,2024-07,0.009252180040220659,74.57006334543942,173.14632511930608
N24000752,2024-09,0.03301059827208519,20.6492038926396,47.94596665537737
N24000752,2024-10,0.015236266888678074,45.1457818089544,104.82525914786603
N24000752,2024-11,0.025253213942050934,27.099828797411703,62.92385385134783
N24000752,2024-12,0.03610740974545479,18.8481148876036,43.76396749319156
N24000752,2025-01,0.021420671248590484,32.01097397692417,74.32717982172848
N24000752,2025-03,0.07286582887172699,9.161707442457917,21.272825907781677
N24000752,2025-04,0.14306530356407166,4.489482365327876,10.424255235556164
N24000752,2025-05,0.10304729640483856,6.373641425931788,14.799137093608966
N24000753,2024-07,0.002613747238542352,240.0,240.0
N24000753,2024-09,0.005721619352698326,120.7983753208332,240.0
N24000753,2024-10,0.005498390179127455,125.71676620101611,240.0
N24000753,2024-11,0.005101214163005352,135.53199403161915,240.0
N24000753,2024-12,0.004201170522719622,164.64224444741598,240.0
N24000753,2025-01,0.0023213581071626077,240.0,240.0
N24000753,2025-03,0.012589707970619202,54.70934738263242,127.03117074068659
N24000753,2025-04,0.0583978034555912,11.519355929915353,26.747116168677795
N24000753,2025-05,0.05537223815917969,12.168091109137356,28.25343260745515
N24000756,2024-07,0.01595282525977948,43.102304633467874,100.08045208284278
N24000756,2024-09,0.0777999609708786,8.558099838537446,19.871292453951096
N24000756,2024-10,0.021648943424224854,31.669760788175996,73.53490733242798
N24000756,2024-11,0.022214338183403015,30.85482207454946,71.64267823764716
N24000756,2024-12,0.022877905517816544,29.94975735705037,69.54118304239474
N24000756,2025-01,0.006894624431639351,100.18746305628258,232.6280852258722
N24000763,2024-07,0.0013356578004680708,240.0,240.0
N24000763,2024-09,0.0035899661015719175,192.7322508825649,240.0
N24000763,2024-10,0.0017929715104401112,240.0,240.0
N24000763,2024-11,0.0016931938007473946,240.0,240.0
N24000763,2024-12,0.002115971175953746,240.0,240.0
N24000763,2025-01,0.0011407122617258514,240.0,240.0
N24000763,2025-03,0.002565116621553898,240.0,240.0
N24000763,2025-04,0.005344573874026537,129.34487469447163,240.0
N24000763,2025-05,0.00689322454854846,100.20787977383745,232.67549137596825
N24000765,2024-07,0.001767764185879095,240.0,240.0
N24000765,2024-09,0.006664917338639498,103.65240657559333,240.0
N24000765,2024-10,0.005040607415139675,137.16576414103173,240.0
N24000765,2024-11,0.006420380901545286,107.61349957036147,240.0
N24000765,2024-12,0.007089382968842983,97.42558375758472,226.21520008753782
N24000765,2025-01,0.003385234334927656,204.40927162279945,240.0
N24000765,2025-03,0.011113074608147144,62.0250050606635,144.01760183588542
N24000765,2025-04,0.010442795231938362,66.02845655891879,153.31332834620326
N24000765,2025-05,0.012891266494989395,53.42141881286115,124.04069321032658
N24000767,2024-07,0.00847447882055441,81.445242669379,189.1099971489501
N24000767,2024-09,0.07217609137296677,9.252656277705885,21.48400256354122
N24000767,2024-10,0.01632448472082615,42.1130612748428,97.7835001357705
N24000767,2024-11,0.016122551634907722,42.64488703198338,99.01836130285994
N24000767,2024-12,0.018902458250522614,36.322008629018036,84.33709229845817
N24000767,2025-01,0.009279638399287582,74.3483825614534,172.63159827887227
N24000767,2025-03,0.04047803953289986,16.77507016276916,38.95050670464043
N24000767,2025-04,0.05214810371398926,12.942229163206656,30.050925504520094
N24000767,2025-05,0.07037956267595291,9.497911095860115,22.053466616220014
N24000768,2024-07,0.049640904866096625,13.613711692056153,31.610059653481752
N24000768,2024-09,0.14207568764686584,4.523296177114827,10.50276847513952
N24000768,2024-10,0.242819681763649,2.491956065211394,5.7861427990392995
N24000768,2024-11,0.2233813852071762,2.741815762528218,6.366299050019285
N24000768,2024-12,0.24332770705223083,2.485957596669866,5.772214786406428
N24000768,2025-01,0.1470398604559794,4.358252321431683,10.119548509740293
N24000768,2025-03,0.3231186866760254,1.776119415943522,4.124021571754197
N24000768,2025-04,0.341164231300354,1.6611041474856814,3.8569643885809244
N24000768,2025-05,0.3703608810901642,1.4983452621400237,3.479049960004291
N24000771,2024-07,0.0003828616835510612,240.0,240.0
N24000771,2024-09,0.0013276094105094671,240.0,240.0
N24000771,2024-10,0.0009191131102852523,240.0,240.0
N24000771,2024-11,0.0006508550141006708,240.0,240.0
N24000771,2024-12,0.0006389346672222018,240.0,240.0
N24000771,2025-01,0.000984451436029099,240.0,240.0
N24000771,2025-03,0.0020620222203433514,240.0,240.0
N24000771,2025-04,0.0017282917397096753,240.0,240.0
N24000771,2025-05,0.0038274149410426617,180.75381490911184,240.0
N24000772,2024-07,0.0076574827753563834,90.17191673542415,209.37270683782526
N24000772,2024-09,0.05187142267823219,13.013144703280252,30.215586289381083
N24000772,2024-10,0.010365554131567478,66.52307304257495,154.46179225579888
N24000772,2024-11,0.012756581418216228,53.989121665249236,125.35885841283417
N24000772,2024-12,0.012187018990516663,56.528577696998084,131.255292718683
N24000772,2025-01,0.005552072374528261,124.49787156293583,240.0
N24000772,2025-03,0.023824181407690048,28.74630422091311,66.74685139471732
N24000772,2025-04,0.02583298087120056,26.48378449284729,61.49344327288438
N24000772,2025-05,0.03900217264890671,17.423143076122834,40.45528540969183
N24000773,2024-07,0.014785745923134974,46.53198512675851,108.04392357670146
N24000773,2024-09,0.04769789054989815,14.182633596700347,32.931055407671934
N24000773,2024-10,0.008640628308057785,79.87245962773594,185.45810801739665
N24000773,2024-11,0.00907845888286829,76.00365358965841,176.4750185839146
N24000773,2024-12,0.009378226473927498,73.56314465613168,170.8083323253353
N24000773,2025-01,0.003454875835108062,200.28190713907426,240.0
N24000773,2025-03,0.013814359903335571,49.82846784831502,115.69811942219428
N24000773,2025-04,0.022233594208955765,30.827796972600492,71.57992789416465
N24000773,2025-05,0.02761850506067276,24.749009959224075,57.465421544969516
N24000774,2024-07,0.04246246728306169,15.974681472827534,37.09206171863488
N24000774,2024-09,0.1258445829153061,5.153621893679,11.966339465359882
N24000774,2024-10,0.02554287202656269,26.788550615244997,62.20108829484949
N24000774,2024-11,0.035075731575489044,19.412810159782754,45.0751493107144
N24000774,2024-12,0.020173784345388412,34.01105710098705,78.97122901960016
N24000774,2025-01,0.009069426964375737,76.07968910593108,176.65156758535738
N24000774,2025-03,0.03709821775555611,18.335352803665046,42.573370804501636
N24000774,2025-04,0.041613005101680756,16.30795586817376,37.86590090049588
N24000774,2025-05,0.04357318580150604,15.558507521390549,36.12573572843306
N24000775,2024-07,0.0408277676172385,16.62836574203125,38.6098695884849
N24000775,2024-09,0.12350910156965256,5.257928057431605,12.208530877446977
N24000775,2024-10,0.030233601108193398,22.578038185921248,52.42458119133024
N24000775,2024-11,0.036362603306770325,18.713375934313785,43.451113332072225
N24000775,2024-12,0.040863215923309326,16.61363598062418,38.57566814164284
N24000775,2025-01,0.020951321072668727,32.735901436745536,76.01040925744303
N24000775,2025-03,0.10294654965400696,6.38023067103771,14.814436846944508
N24000775,2025-04,0.12878844141960144,5.027525700401919,11.673553171531479
N24000775,2025-05,0.14096485078334808,4.561816299252578,10.592209428949655
N24000776,2024-07,0.015626568644123484,44.0094830776406,102.18685519944366
N24000776,2024-09,0.05727563798427582,11.751974485939282,27.287239729301888
N24000776,2024-10,0.013377302326261997,51.46781747598958,119.50457138003497
N24000776,2024-11,0.014054710976779461,48.970391428660584,113.70572767583829
N24000776,2024-12,0.01281242910772562,53.75227303219942,124.80891291752013
N24000776,2025-01,0.006654043828294154,103.82235471890174,240.0
N24000776,2025-03,0.029588162899017334,23.078194347261466,53.58590783417711
N24000776,2025-04,0.04226885363459587,16.0494645884118,37.2657027357332
N24000776,2025-05,0.051569029688835144,13.091520527983434,30.39756931871937
N24000777,2024-07,0.015405519483565278,44.64596080251318,103.66471071059529
N24000777,2024-09,0.07923121005296707,8.397069775168816,19.497392225693982
N24000777,2024-10,0.016448229551315308,41.793610632804075,97.04175871509098
N24000777,2024-11,0.018999790772795677,36.13415067793141,83.90089964398217
N24000777,2024-12,0.02092883735895157,32.771444364648644,76.09293738031582
N24000777,2025-01,0.007028468497575768,98.27296455051234,228.1827573577044
N24000777,2025-03,0.02680934965610504,25.50653762600654,59.22434631712619
N24000777,2025-04,0.03481843322515488,19.558857043690825,45.41425967363131
N24000777,2025-05,0.05068432167172432,13.326193185574203,30.942462355481258
N24000778,2024-07,0.030158104508828498,22.63543568284797,52.55785405202061
N24000778,2024-09,0.11068962514400482,5.908730962123394,13.719648426085142
N24000778,2024-10,0.0210112351924181,32.64155881948955,75.79135248389116
N24000778,2024-11,0.023548820987343788,29.086524829634303,67.53681918456674
N24000778,2024-12,0.016917727887630463,40.62408817318831,94.32621165850736
N24000778,2025-01,0.007959430227348352,86.73798984437141,201.39937551370068
N24000778,2025-03,0.029769746586680412,22.935291130606718,53.25409684057667
N24000778,2025-04,0.048662565648555756,13.89449556189629,32.26201960945476
N24000778,2025-05,0.0609375461935997,11.024509285715931,25.598117842850428
N24000779,2024-07,0.018387323861638993,37.349367105430844,86.72254480836175
N24000779,2024-09,0.06669963151216507,10.041508615738627,23.315660969937024
N24000779,2024-10,0.015008634887635708,45.83577914810886,106.42738335504629
N24000779,2024-11,0.015698328614234924,43.80671495073076,101.716042188824
N24000779,2024-12,0.017181789502501488,39.99439206573362,92.8641025753671
N24000779,2025-01,0.007874596841864534,87.67616566989174,203.5777523209205
N24000779,2025-03,0.018119871616363525,37.90579686494078,88.0145346997993
N24000779,2025-04,0.020800186321139336,32.97629745344866,76.56859152252503
N24000779,2025-05,0.02295440435409546,29.848781522692217,69.30672441569384
N24000780,2024-07,0.16763459231118838,3.7777035206085277,8.77155593865584
N24000780,2024-09,0.47235381603240967,1.0841786108510143,2.517384776410923
N24000780,2024-10,0.18866711854934692,3.315274632394558,7.6978293112242975
N24000780,2024-11,0.20437242090702057,3.031820693135616,7.039669646052464
N24000780,2024-12,0.2143373042345047,2.873414314488318,6.671861425061937
N24000780,2025-01,0.11137246881808727,5.8702927452567115,13.63039765042502
N24000780,2025-03,0.4268447756767273,1.2453266219828463,2.8915588708931446
N24000780,2025-04,0.5025379061698914,1.0,2.3050059006961776
N24000780,2025-05,0.49098899960517883,1.0264503320172285,2.3833438639172635
N24000781,2024-07,0.002981010229772152,232.1741536353152,240.0
N24000781,2024-09,0.03511141613125801,19.39272400249968,45.0285106978005
N24000781,2024-10,0.009859338402748108,69.95647409114568,162.43390261149102
N24000781,2024-11,0.01218998059630394,56.51475930044349,131.2232073954966
N24000781,2024-12,0.009787198156118393,70.47467772743278,163.6371341934588
N24000781,2025-01,0.004719581926425187,146.51937803370348,240.0
N24000781,2025-03,0.02023707889020443,33.903590967719474,78.72170038551727
N24000781,2025-04,0.02421589568257332,28.275654584700934,65.65403678154776
N24000781,2025-05,0.0735984817147255,9.066965944353619,21.05284296158159
N24000782,2024-07,0.0020452957666178273,240.0,240.0
N24000782,2024-09,0.012016014195978642,57.33801122980739,133.13473917945686
N24000782,2024-10,0.0029597540851682425,233.8440563939465,240.0
N24000782,2024-11,0.003012734465301037,229.72569579447978,240.0
N24000782,2024-12,0.0030406280420720577,227.6150962092886,240.0
N24000782,2025-01,0.0012145901636045897,240.0,240.0
N24000782,2025-03,0.004782937932759523,144.5739471726066,240.0
N24000782,2025-04,0.00635494152083993,108.72521536314332,240.0
N24000782,2025-05,0.009129959158599377,75.57297123695393,175.47500512919785
N24000784,2024-07,0.0006525330005843211,240.0,240.0
N24000784,2024-09,0.004674429073929787,147.93804138977524,240.0
N24000784,2024-10,0.003288459498435259,210.43496567496155,240.0
N24000784,2024-11,0.0026294433046132326,240.0,240.0
N24000784,2024-12,0.0033397183287888765,207.19983211787846,240.0
N24000784,2025-01,0.0012635718337219437,240.0,240.0
N24000784,2025-03,0.0033397118095308542,207.20023725795315,240.0
N24000784,2025-04,0.004656299017369747,148.51541373040814,240.0
N24000784,2025-05,0.003803666913881898,181.88450998315304,240.0
N24000788,2024-07,0.0017039208646705273,240.0,240.0
N24000788,2024-09,0.0014500279212370515,240.0,240.0
N24000788,2024-10,0.0011655583512037992,240.0,240.0
N24000788,2024-11,0.0017612441442906857,240.0,240.0
N24000788,2024-12,0.0016210643807426095,240.0,240.0
N24000788,2025-01,0.0006098758320760567,240.0,240.0
N24000788,2025-03,0.0028457525186240673,240.0,240.0
N24000788,2025-04,0.0036258259788155556,190.82267276950108,240.0
N24000788,2025-05,0.0031880387105047703,217.07443521562408,240.0
N24000795,2024-07,0.019518497063643725,35.16461126467208,81.64969884123472
N24000795,2024-09,0.044620368629693985,15.18511200202032,35.25873818150226
N24000795,2024-10,0.0129277054220438,53.26986037579272,123.68878541728017
N24000795,2024-11,0.018293319270014763,37.54308774269651,87.17235019858839
N24000795,2024-12,0.020599398761987686,33.30112759801961,77.32282376127064
N24000795,2025-01,0.010960767817777217,62.89171539808964,146.03004091848447
N24000795,2025-03,0.12710164487361908,5.099063945134187,11.83965983183426
N24000795,2025-04,0.13111913204193115,4.931703018539643,11.451059794388009
N24000795,2025-05,0.2945641577243805,1.9864397051992455,4.612370160301898
N24000796,2024-07,0.015494037438930297,44.38890662853845,103.0678494021353
N24000796,2024-09,0.043821197003126144,15.46846130769743,35.91665489502077
N24000796,2024-10,0.01995033212006092,34.39590356879932,79.86481484543162
N24000796,2024-11,0.022255979478359222,30.796438874502588,71.50711664518889
N24000796,2024-12,0.026995375752449036,25.328361056581507,58.81063313472756
N24000796,2025-01,0.014101410906641743,48.807061987003856,113.32648845653327
N24000796,2025-03,0.05680195242166519,11.85292469810928,27.521638863124245
N24000798,2024-07,0.0057768336051999825,119.64048068745197,240.0
N24000798,2024-09,0.01170126162469387,58.88970770935463,136.73766683005542
N24000798,2024-10,0.006079040467739105,113.67553946129505,240.0
N24000798,2024-11,0.009340253658592701,73.86362915393399,171.5060357228606
N24000798,2024-12,0.014153890311717987,48.624805373080555,112.90330170418571
N24000798,2025-01,0.007852094231303508,87.92842473946978,204.16347974176387
N24000798,2025-03,0.04735269397497177,14.28859162710711,33.17708233535233
N24000798,2025-04,0.06368102133274078,10.534300347466875,24.45988793676504
N24000798,2025-05,0.12383342534303665,5.243208388802487,12.174352865309595
N24000811,2024-07,0.008465259805632952,81.53431838237304,189.3168245495231
N24000811,2024-09,0.02646517939865589,25.84278899071729,60.00509780779229
N24000811,2024-10,0.017412608489394188,39.45961129837823,91.6223800870392
N24000811,2024-11,0.021025899797677994,32.61854938235772,75.73792622536722
N24000811,2024-12,0.019895702600479126,34.4913057026417,80.08633174031245
N24000811,2025-01,0.011659151864082062,59.10365834467391,137.23444482112225
N24000811,2025-03,0.042858004570007324,15.824005326216286,36.742202540588856
N24000811,2025-04,0.05380760505795479,12.532187402507663,29.09883802027602
N24000811,2025-05,0.08858436346054077,7.472781917753099,17.351262281797183
N24000813,2024-07,0.0009384732944507368,240.0,240.0
N24000813,2024-09,0.004580521024763584,150.97812552338956,240.0
N24000813,2024-10,0.014721854589879513,46.73544072520149,108.51633284678834
N24000813,2024-11,0.010643885470926762,64.77443916112769,150.40159011879456
N24000813,2024-12,0.02034681849181652,33.71885148855973,78.2927485986214
N24000813,2025-01,0.011256614371407125,61.22965146852817,142.17084798493678
N24000813,2025-03,0.024292724207043648,28.185124481615166,65.44383239175986
N24000813,2025-04,0.038872700184583664,17.48234372285092,40.59274505456528
N24000813,2025-05,0.02426614798605442,28.216375450754857,65.51639489499776
N24000820,2024-07,0.04538735029140861,14.922557668089432,34.64910589711369
N24000820,2024-09,0.16576603055000305,3.824442253809144,8.880079916393795
N24000820,2024-10,0.03525086119771004,19.314622936934615,44.84716563942434
N24000820,2024-11,0.06459551304578781,10.380147385121088,24.101955842584243
N24000820,2024-12,0.05183405056595802,13.022781493404658,30.237962223115478
N24000820,2025-01,0.02468810431680335,27.728143039105746,64.38275434155508
N24000820,2025-03,0.08805826306343079,7.519563653002916,17.459886107201317
N24000820,2025-04,0.11372287571430206,5.741509704430205,13.331372689784928
N24000820,2025-05,0.13797901570796967,4.668422809087946,10.83974207923428
N24000821,2024-07,0.024574216560439677,27.858267092563437,64.68489303709912
N24000821,2024-09,0.10075578838586807,6.5267706869429665,15.154692226900163
N24000821,2024-10,0.015949832275509834,43.11045816066971,100.09938398672516
N24000821,2024-11,0.019453786313533783,35.28274267667336,81.92399148564921
N24000821,2024-12,0.01867580972611904,36.767043097837565,85.37043033480353
N24000821,2025-01,0.008892577742392938,77.59962069601733,180.18073944668546
N24000821,2025-03,0.047529373317956924,14.234167690956793,33.050713868970554
N24000821,2025-04,0.05724072456359863,11.759358093802826,27.30438393584188
N24000821,2025-05,0.06314283609390259,10.627106860360122,24.675377986440395
N24000826,2024-07,0.02501509109585298,27.361123875739953,63.53056223477399
N24000826,2024-09,0.12129764258861542,5.360391720658804,12.446444135799286
N24000826,2024-10,0.024559849873185158,27.874767668441354,64.72320618781187
N24000826,2024-11,0.028941119089722633,23.601985005783902,54.802112080039905
N24000826,2024-12,0.023601306602358818,29.021064055715687,67.38482397449204
N24000826,2025-01,0.014240035732650314,48.32854187043329,112.21539915389928
N24000826,2025-03,0.04700698330998421,14.396266829006406,33.42709641176497
N24000826,2025-04,0.05421019718050957,12.436494958417136,28.876647045873785
N24000826,2025-05,0.059321172535419464,11.33454497098549,26.317998410895473
N24000827,2024-07,0.04385639795062979,15.455763306945682,35.88717105032639
N24000827,2024-09,0.29393622279167175,1.9915177673808684,4.624161055548993
N24000827,2024-10,0.291942834854126,2.0077811414141697,4.661923440634577
N24000834,2024-07,0.0009830612336192424,240.0,240.0
N24000834,2024-09,0.004986909683793783,138.6464670725621,240.0
N24000834,2024-10,0.0018369683530181646,240.0,240.0
N24000834,2024-11,0.0018554917769506574,240.0,240.0
N24000834,2024-12,0.0028926932718604803,239.2732655632706,240.0
N24000834,2025-01,0.0011272936833549574,240.0,240.0
N24000834,2025-03,0.004090644884854555,169.1001106199669,240.0
N24000834,2025-04,0.0062212515622377396,111.06910073423927,240.0
N24000834,2025-05,0.005193093791604042,133.127930543812,240.0
N24000835,2024-07,0.14493112024501642,4.426983350851697,10.279137017941151
N24000835,2024-09,0.3756028413772583,1.4717480535454925,3.417293154123069
N24000835,2024-10,0.22812388837337494,2.676954842407374,6.215696657330453
N24000835,2024-11,0.2898978888988495,2.0246948015202437,4.701195743222245
N24000835,2024-12,0.2836322784423828,2.07801810179727,4.825008612247588
N24000851,2024-07,0.0012059941299077392,240.0,240.0
N24000851,2024-09,0.01115983072668314,61.76368267535057,143.41083004760435
N24000851,2024-10,0.005291998852044344,130.6333411825104,240.0
N24000851,2024-11,0.0046246713027358055,149.5334712659946,240.0
N24000851,2024-12,0.004142718855291605,166.97016003089868,240.0
N24000851,2025-01,0.0021247635765879735,240.0,240.0
N24000851,2025-03,0.004648786503821611,148.7559779610137,240.0
N24000851,2025-04,0.002669921377673745,240.0,240.0
N24000851,2025-05,0.0033718820195645094,205.22008582881446,240.0
N24000852,2024-07,0.003386723439527062,204.3192425843281,240.0
N24000852,2024-09,0.023392939940094948,29.282673431465216,67.99226213393081
N24000852,2024-10,0.006486084312200546,106.519866817453,240.0
N24000852,2024-11,0.006217143032699823,111.14272901530622,240.0
N24000852,2024-12,0.009151824750006199,75.39158129102901,175.0538307176247
N24000852,2025-01,0.004238035725330769,163.20705969971578,240.0
N24000852,2025-03,0.014236432500183582,48.340861933569975,112.24400545462714
N24000852,2025-04,0.018443159759044647,37.235237685239035,86.45754450116519
N24000852,2025-05,0.018376143649220467,37.372302967625615,86.77580023117225
N24000854,2024-07,0.004420477235632547,156.4568692055567,240.0
N24000854,2024-09,0.051076989620923996,13.221033162252636,30.698288342871905
N24000855,2024-07,0.001132001598565413,240.0,240.0
N24000855,2024-09,0.0030217107851058245,229.04224011291564,240.0
N24000855,2024-10,0.0010664723813533783,240.0,240.0
N24000855,2024-11,0.0012106529902666807,240.0,240.0
N24000855,2024-12,0.0014872808242216706,240.0,240.0
N24000855,2025-01,0.00081735335101496,240.0,240.0
N24000855,2025-03,0.001207375549711287,240.0,240.0
N24000855,2025-04,0.0007323030149564147,240.0,240.0
N24000855,2025-05,0.0016183286206796765,240.0,240.0
N24000857,2024-07,0.008340098203931667,82.76313674936388,192.1700524393527
N24000857,2024-09,0.013137520290911198,52.413546259491305,121.70048561259128
N24000857,2024-10,0.004956934135407209,139.48698860941744,240.0
N24000857,2024-11,0.00755613949149847,91.38596666646853,212.1916434813133
N24000857,2024-12,0.007225077599287033,95.58930319452853,221.9514886580821
N24000857,2025-01,0.003804460518568087,181.84649676394753,240.0
N24000857,2025-03,0.0017135475063696504,240.0,240.0
N24000857,2025-04,0.0020985882729291916,240.0,240.0
N24000857,2025-05,0.0029366251546889544,235.68855012718996,240.0
N24000858,2024-07,0.05611351081228455,12.002680647788834,27.86936141006174
N24000858,2024-09,0.1438279002904892,4.463742252786634,10.364488545081093
N24000858,2024-10,0.05058441683650017,13.353209076599079,31.005191311860333
N24000858,2024-11,0.036294031888246536,18.749394628813924,43.53474615077326
N24000858,2024-12,0.05822532996535301,11.554525736334476,26.82877793029411
N24000858,2025-01,0.030401244043006925,22.451604213421838,52.13101059843565
N24000858,2025-03,0.04461698234081268,15.186291213013398,35.26147622463689
N24000858,2025-04,0.050325606018304825,13.423694470184381,31.168853327505243
N24000858,2025-05,0.05105014517903328,13.228170840830902,30.714861519295052
N24000859,2024-07,0.07211142767362155,9.261271995413747,21.50400764054472
N24000859,2024-09,0.3121989369392395,1.8520687867230923,4.300370549556298
N24000859,2024-10,0.1016215905547142,6.4681028622913255,15.018469756575593
N24000859,2024-11,0.09859248995780945,6.67785764196443,15.505505272535483
N24000859,2024-12,0.10646255314350128,6.157639142087041,14.297595322190016
N24000859,2025-01,0.19000652775039284,3.2892809415904516,7.637473830256426
N24000859,2025-03,0.2631928026676178,2.2694214438876132,5.269433409702493
N24000861,2024-07,0.0019990113667202047,240.0,240.0
N24000861,2024-09,0.0065002343617379665,106.2872327295566,240.0
N24000861,2024-10,0.004827780649065971,143.22785147028017,240.0
N24000861,2024-11,0.004241738002747297,163.06430624777425,240.0
N24000861,2024-12,0.0029611445497721434,233.73408734222053,240.0
N24000861,2025-01,0.0017789604939622006,240.0,240.0
N24000861,2025-03,0.003397679189220071,203.65930042023,240.0
N24000861,2025-04,0.003443803871050477,200.9269368312926,240.0
N24000861,2025-05,0.003515817690640688,196.80428185633158,240.0
N24000862,2024-07,0.004509115802743269,153.37447368316327,240.0
N24000862,2024-09,0.004622027277946472,149.6192102604471,240.0
N24000862,2024-10,0.0048158071003854275,143.5848221765022,240.0
N24000862,2024-11,0.006088515277951956,113.49809972080125,240.0
N24000862,2024-12,0.007304285652935505,94.54896040456167,219.5358875057445
N24000862,2025-01,0.0038745688820387425,178.54979729257698,240.0
N24000862,2025-03,0.007472145836800337,92.41713292110471,214.5859373784528
N24000862,2025-04,0.008482656441628933,81.36639112728135,188.92690953802835
N24000862,2025-05,0.023547664284706116,29.08797077117492,67.54017655685345
N24000863,2024-07,0.010506810458401739,65.62404356584582,152.37431045564963
N24000863,2024-09,0.012143194675445557,56.73384301419161,131.73190402558063
N24000863,2024-10,0.004436668939888477,155.88461030639215,240.0
N24000863,2024-11,0.0056351604871451855,122.6570822438024,240.0
N24000863,2024-12,0.005730010103434324,120.62097552134125,240.0
N24000863,2025-01,0.0030186776448068997,229.27272829268148,240.0
N24000863,2025-03,0.009208342991769314,74.92671505971985,173.97444475478355
N24000863,2025-04,0.00641403254121542,107.72035499561179,240.0
N24000863,2025-05,0.007111149840056896,97.12630558806215,225.5202976975369
N24000864,2024-07,0.006369113450841457,108.482517814099,240.0
N24000864,2024-09,0.008764348924160004,78.74004540059498,182.82872360834793
N24000864,2024-10,0.007385403383523226,93.50666397584483,217.11575014470614
N24000864,2024-11,0.011540920473635197,59.712712313355354,138.64862434230633
N24000864,2024-12,0.012610281817615032,54.61952049817342,126.82259917398505
N24000864,2025-01,0.003626403429521252,190.79223184892496,240.0
N24000864,2025-03,0.021899690851569176,31.30315037464555,72.68366431337336
N24000864,2025-04,0.009562975727021694,72.13524509732503,167.49285222306483
N24000864,2025-05,0.06694276630878448,10.003749781224116,23.22798767124758
N24000865,2024-07,0.0033714844023512436,205.24432945203012,240.0
N24000865,2024-09,0.0061635831370949745,112.11154759977536,240.0
N24000865,2024-10,0.001760881277732551,240.0,240.0
N24000865,2024-11,0.0036091015208512545,191.70854672306217,240.0
N24000865,2024-12,0.0026021653320640326,240.0,240.0
N24000865,2025-01,0.0012913552672489947,240.0,240.0
N24000865,2025-03,0.01716378703713417,40.036706329887565,92.96235325412064
N24000865,2025-04,0.008972245268523693,76.90750149406571,178.57368842666295
N24000865,2025-05,0.011963426135480404,57.591583568012446,133.72351591562148
N24000868,2024-07,0.001763092690141299,240.0,240.0
N24000868,2024-09,0.007620424497872591,90.61211428936008,210.39481390560977
N24000868,2024-10,0.0047296215780079365,146.2076219114503,240.0
N24000868,2024-11,0.0022909368854016066,240.0,240.0
N24000868,2024-12,0.001691083307377994,240.0,240.0
N24000868,2025-01,0.0009202756265702661,240.0,240.0
N24000868,2025-03,0.003050251165404916,226.89590734972356,240.0
N24000868,2025-04,0.003244253108277917,213.30709290232116,240.0
N24000868,2025-05,0.0033786382991820574,204.8090123876149,240.0
N24000874,2024-07,0.007552812142057053,91.42637931427036,212.28547874363312
N24000874,2024-09,0.01995091140270233,34.39489473922887,79.86247241570904
N24000874,2024-10,0.012009529396891594,57.369159996085905,133.20706437500002
N24000874,2024-11,0.016758669167757034,41.01296477884366,95.22915517462295
N24000874,2024-12,0.012485137209296227,55.170487085991056,128.10190397358303
N24000874,2025-01,0.007202167199075293,95.89448196466364,222.66009181842196
N24000874,2025-03,0.017102262005209923,40.181991552910375,93.29969509522927
N24000874,2025-04,0.01950393244624138,35.191131051888995,81.7112758802441
N24000874,2025-05,0.017624249681830406,38.98157321892837,90.51241003993857
N24000880,2024-07,0.012250030027888159,56.23601906316348,130.57599260738056
N24000880,2024-09,0.04547911882400513,14.891736391516629,34.57754110911901
N24000880,2024-10,0.009620621800422668,71.70093256876066,166.4844097610297
N24000880,2024-11,0.04972277581691742,13.590715590481512,31.55666435916271
N24000880,2024-12,0.044313088059425354,15.292850338844222,35.508898852670114
N24000880,2025-01,0.0404808385728711,16.77388595642,38.947757062648165
N24000880,2025-03,0.11444272845983505,5.7031244830173575,13.242244965757966
N24000880,2025-04,0.12375500053167343,5.246760694071695,12.182601062715786
N24000880,2025-05,0.11632473021745682,5.605010904225113,13.014432290670307
N24000885,2024-07,0.06964909157097476,9.601248405535333,22.29340841880498
N24000885,2024-09,0.29924726486206055,1.949231772829641,4.525976016780245
N24000885,2024-10,0.07611352950334549,8.75560796078326,20.3298921119621
N24000885,2024-11,0.05460168048739433,12.344795880451866,28.663728380470957
N24000885,2024-12,0.04702836647629738,14.389560897150723,33.411525720186866
N24000885,2025-01,0.012959397692268393,53.138737432536495,123.38432737144923
N24000887,2024-07,0.0080459721111108,85.80130468633632,199.224459929195
N24000887,2024-09,0.04176507517695427,16.24729725185545,37.7250559550694
N24000887,2024-10,0.029781615361571312,22.926011278933146,53.23254969225942
N24000887,2024-11,0.02402285672724247,28.50567522301438,66.18812816405166
N24000887,2024-12,0.016684116795659065,41.19778712090622,95.65829936322088
N24000892,2024-07,0.015281982997663368,45.00968592397778,104.50925428894026
N24000892,2024-09,0.05579104274511337,12.074097422901286,28.035186026641593
N24000892,2024-10,0.011009416542947292,62.61227058099345,145.38119014669817
N24000892,2024-11,0.00706836860626936,97.71626424633061,226.8901392809925
N24000892,2024-12,0.007132185623049736,96.83881507082593,224.85276538855243
N24000902,2024-07,0.12067525866284556,5.389904830893832,12.514971455621508
N24000902,2024-09,0.2733173370361328,2.171068907068667,5.041065891259137
N24000902,2024-10,0.050690069794654846,13.324642038766868,30.938860704130015
N24000902,2024-11,0.058758869767189026,11.44639768898788,26.577712379314733
N24000903,2024-07,0.054164282518890605,12.447336603609914,28.9018205664417
N24000903,2024-09,0.11980585008859634,5.431644305102904,12.611887513453377
N24000907,2024-07,0.008161382738510636,84.5830687935711,196.39580378358326
N24000907,2024-09,0.03800708428025246,17.88850360623477,41.535819098810414
N24000907,2024-10,0.01564435474574566,43.95905250043075,102.06975902537872
N24000907,2024-11,0.01853088289499283,37.05731932333592,86.04443085806601
N24000907,2024-12,0.01977720856666565,34.70004883655292,80.57101828755575
N24000907,2025-01,0.010000673422837725,68.96289640014432,160.12688665630162
N24000907,2025-03,0.044086702167987823,15.373186143700625,35.695432814991584
N24000907,2025-04,0.05506635829806328,12.23764391880013,28.414929230289502
N24000907,2025-05,0.040861617773771286,16.614299506355586,38.57720880068027
N24000909,2024-07,0.0030082797594227495,230.06639078484648,240.0
N24000909,2024-09,0.031172942370176315,21.8871363101474,50.820356715160564
N24000909,2024-10,0.010143670253455639,67.98581394880364,157.8581714615123
N24000909,2024-11,0.011600522324442863,59.404129228382615,137.93211660770112
N24000909,2024-12,0.013115732930600643,52.50119192257264,121.90399254009486
N24000909,2025-01,0.005209089990141358,132.71805198136207,240.0
N24000909,2025-03,0.01654292643070221,41.55237600711036,96.4816292602331
N24000909,2025-04,0.03671176731586456,18.53205630981185,43.030102201786754
N24000909,2025-05,0.024626199156045914,27.7987243538577,64.54663907925173
N24000910,2024-07,0.004628691209872748,149.40330358126678,240.0
N24000910,2024-09,0.04740361496806145,14.272864426293207,33.14056490592859
N24000910,2024-10,0.01763496920466423,38.9576661120991,90.45689945692422
N24000910,2024-11,0.01947973109781742,35.235285443659485,81.81379920300867
N24000910,2024-12,0.027193982154130936,25.14082541205621,58.37518885291146
N24000910,2025-01,0.013481678746571357,51.06665347077146,118.57309740566149
N24000910,2025-03,0.07750328630208969,8.592222498994937,19.950522817939646
N24000910,2025-04,0.11191605776548386,5.84002828249072,13.560125744051991
N24000910,2025-05,0.02945278398692608,23.18588168073661,53.835950079236554
N24000912,2024-07,0.012506371945706585,55.076221450925146,127.8830259471411
N24000912,2024-09,0.11155305802822113,5.8602057149117135,13.606976291272987
N24000912,2024-10,0.03274686262011528,20.818330391357225,48.33866622433976
N24000912,2024-11,0.021693427115678787,31.60410412896971,73.38245729080046
N24000912,2024-12,0.03337738290429115,20.418437715191686,47.4101441846113
N24000912,2025-01,0.0168031749540708,40.903412497057104,94.97478265368373
N24000912,2025-03,0.046126607805490494,14.677756070523175,34.08069419005129
N24000912,2025-04,0.05701160803437233,11.808036762416744,27.41741230411825
N24000912,2025-05,0.07029228657484055,9.51014483055505,22.081872468513588
N24000914,2024-07,0.005929064991823774,116.55974214578262,240.0
N24000914,2024-09,0.049375757575035095,13.688710178546287,31.784200746337227
N24000914,2024-10,0.007548562251031399,91.47804859435844,212.40545109671223
N24000914,2024-11,0.008273397572338581,83.43318004565594,193.72584479380419
N24000914,2024-12,0.008667828515172005,79.62072394951774,184.87359587365628
N24000914,2025-01,0.003933665708956591,175.8621681494963,240.0
N24000914,2025-03,0.008854147978127003,77.93793597349021,180.96628319437934
N24000914,2025-04,0.011753890663385391,58.624466133930966,136.12179496414703
N24000914,2025-05,0.013717145659029484,50.184072802196454,116.5238085552927
N24000917,2024-07,0.006429496592562756,107.46043354819605,240.0
N24000917,2024-09,0.02569260634481907,26.630391839638996,61.83385499031693
N24000917,2024-10,0.012070314958691597,57.07849909609451,132.53217066522475
N24000917,2024-11,0.005315479356795549,130.05475009994421,240.0
N24000917,2024-12,0.00633691530674696,109.03548693889333,240.0
N24000917,2025-01,0.0033809990196229656,204.66576599604107,240.0
N24000917,2025-03,0.007316566538065672,94.3896764596769,219.16604163905208
N24000917,2025-04,0.014411537908017635,47.74927162455915,110.8703752954718
N24000917,2025-05,0.02721354179084301,25.122504128378857,58.33264814960661
N24000925,2024-07,0.005542838308372988,124.70585666805229,240.0
N24000925,2024-09,0.026032740250229836,26.277881235086195,61.01535071386005
N24000925,2024-10,0.006572781130671501,105.11025862896348,240.0
N24000925,2024-11,0.0077791232615709305,88.75648444343962,206.08617483265556
N24000925,2024-12,0.008447084575891495,81.71050010263181,189.7259058355975
N24000925,2025-01,0.004184840396761702,165.2860673558079,240.0
N24000925,2025-03,0.0170771274715662,40.24164542934519,93.43820710689221
N24000925,2025-04,0.021745715290308,31.527271706146465,73.2040579296489
N24000925,2025-05,0.030367333441972733,22.477066499333485,52.190132195453955
N24000928,2024-07,0.024654849634695775,27.766014385431003,64.4706888845789
N24000928,2024-09,0.08348669856786728,7.950877821779947,18.461366593407693
N24000929,2024-07,0.02278175054401177,30.077640459373676,69.83811841054056
N24000929,2024-09,0.1493757665157318,4.284377468498857,9.948016413209892
N24000931,2024-07,0.030866375863492723,22.107999155944864,51.33318436193448
N24000931,2024-09,0.14983166754245758,4.270227271605872,9.915160673495883
N24000931,2024-10,0.054885782301425934,12.279068199770826,28.51111343208587
N24000931,2024-11,0.08659801632165909,7.6523874240531295,17.768293352871694
N24000931,2024-12,0.09057192504405975,7.300945950463042,16.952271521634252
N24000931,2025-01,0.05384594962198752,12.523011614860952,29.0775325011464
N24000931,2025-03,0.17276817560195923,3.6544844798987657,8.485450186206773
N24000931,2025-04,0.1994127780199051,3.1165317447651693,7.236362616778577
N24000931,2025-05,0.2408238649368286,2.515764703782616,5.8414247458388395
N24000932,2024-07,0.024882042207438726,27.509297772288242,63.8746113680984
N24000932,2024-09,0.12271090596914291,5.294485616923213,12.293414901911056
N24000937,2024-07,0.01239226602984611,55.58655865869534,129.06799224772908
N24000937,2024-09,0.06458363682031631,10.382121354394757,24.10653925729922
N24000937,2024-10,0.015607761219143867,44.062934532395886,102.31096563395255
N24000937,2024-11,0.01749463379383087,39.27296652151642,91.18900433587979
N24000937,2024-12,0.011290526948869228,61.04469526095032,141.74139297023797
N24000937,2025-01,0.005589139678053412,123.66989603128435,240.0
N24000937,2025-03,0.024204738438129425,28.288849396993147,65.6846741869158
N24000937,2025-04,0.03374005854129791,20.19518954989171,46.89177799746922
N24000937,2025-05,0.03955825790762901,17.173281774615553,39.875125433896955
N24000941,2024-07,0.011544088486277526,59.696230038591914,138.61035368546544
N24000941,2024-09,0.054918352514505386,12.271576435669619,28.493718094539005
N24000941,2024-10,0.014364528469741344,47.90667586257603,111.23585661797755
N24000941,2024-11,0.01780659891664982,38.57881041539295,89.57722377083408
N24000941,2024-12,0.017595361918210983,39.046144881053664,90.66234079636088
N24000941,2025-01,0.0066367417567795295,104.09392647244245,240.0
N24000941,2025-03,0.026910200715065002,25.409636340920123,58.99934850085335
N24000943,2024-07,0.000276910849666967,240.0,240.0
N24000943,2024-09,0.001679633860476315,240.0,240.0
N24000943,2024-10,0.0008344988455064595,240.0,240.0
N24000943,2024-11,0.0008954948862083256,240.0,240.0
N24000943,2024-12,0.0013874414144083858,240.0,240.0
N24000943,2025-01,0.0007026573343590359,240.0,240.0
N24000943,2025-03,0.0016719906125217676,240.0,240.0
N24000943,2025-04,0.0014781104400753975,240.0,240.0
N24000943,2025-05,0.00118490110617131,240.0,240.0
N24000944,2024-07,0.014720911852012852,46.73845600166,108.5233341019112
N24000946,2024-07,0.0007189728392803518,240.0,240.0
N24000946,2024-09,0.0019058571197092533,240.0,240.0
N24000946,2024-10,0.001183738000690937,240.0,240.0
N24000946,2024-11,0.001618432579562068,240.0,240.0
N24000946,2024-12,0.0016915600281208754,240.0,240.0
N24000946,2025-01,0.0009179783287844856,240.0,240.0
N24000946,2025-03,0.0020844799000769854,240.0,240.0
N24000946,2025-04,0.004094389732927084,168.9451293147864,240.0
N24000946,2025-05,0.005658676847815514,122.14590024516242,240.0
N24000948,2024-07,0.042792640073828325,15.848713217617323,36.79957248779835
N24000948,2024-09,0.15960396826267242,3.9863071129390364,9.255918480382478
N24000948,2024-10,0.0915057510137558,7.222786925289309,16.770791885214354
N24000948,2024-11,0.07650010287761688,8.709565182062596,20.222984090483905
N24000948,2024-12,0.08669447153806686,7.643475959308826,17.747601572515293
N24000948,2025-01,0.040500713067620375,16.7654822433142,38.92824424508644
N24000948,2025-03,0.10503187030553818,6.2464166354736586,14.503730278278079
N24000963,2024-07,0.03817874949560962,17.806491852627065,41.3453937039977
N24000963,2024-09,0.10204502195119858,6.439772761592786,14.952689299832665
N24000964,2024-07,0.01701024998843159,40.40122987531086,93.80875071548694
N24000964,2024-09,0.07568971067667007,8.806627025596969,20.448354711927927
N24000964,2024-10,0.023848939687013626,28.716099145736486,66.67671738205652
N24000964,2024-11,0.048228103667497635,14.022838297575154,32.560022213202224
N24000964,2024-12,0.05207766219973564,12.960212397651203,30.09268128181383
N24000964,2025-01,0.023433652885385348,29.231191658118156,67.87272515802165
N24000964,2025-03,0.06590382754802704,10.16704447443921,23.60714620716972
N24000964,2025-04,0.09704229235649109,6.790264051213405,15.766504872216082
N24000964,2025-05,0.11988817155361176,5.427666221405143,12.602650689151734
N24000969,2024-07,0.00791407245245257,87.2371012546082,202.55827631960835
N24000969,2024-09,0.0320889838039875,21.25232566691089,49.3463720476962
N24000969,2024-10,0.013602538034319878,50.60983011852699,117.51238642968443
N24000969,2024-11,0.009038502350449562,76.34117990862744,177.25873042669267
N24000969,2024-12,0.00756429648026824,91.28704557479249,211.9619558193737
N24000969,2025-01,0.005371060509511416,128.70531634831855,240.0
N24000969,2025-03,0.007780410349369049,88.74174426686923,206.0519492025532
N24000969,2025-04,0.03157386556267738,21.604766761008285,50.16471492587378
N24000969,2025-05,0.0388617068529129,17.48738853601992,40.604458747995835
N24000979,2024-07,0.001507964050961208,240.0,240.0
N24000979,2024-09,0.02444598264992237,28.006233610439253,65.02846065205763
N24000979,2024-10,0.00882487092167139,78.19765309833994,181.5693276832913
N24000979,2024-11,0.010401705279946327,66.29066324449609,153.9221534161125
N24000979,2024-12,0.010892926715314388,63.28557112671187,146.94454560010476
N24000979,2025-01,0.005712331730700404,120.99534473821562,240.0
N24000979,2025-03,0.023831883445382118,28.736901018256496,66.725017834287
N24000979,2025-04,0.03369827941060066,20.220662185427248,46.95092362557001
N24000979,2025-05,0.04483802616596222,15.109690476365568,35.08361482212523
N24000980,2024-07,0.010912184903647981,63.17326875152623,146.68378756003864
N24000980,2024-09,0.11492186039686203,5.677841597203794,13.183539922867624
N24000980,2024-10,0.04527837783098221,14.959319269410779,34.73446369203478
N24000980,2024-11,0.03375920653343201,20.18353613261768,46.86471960049921
N24000980,2024-12,0.048157695680856705,14.043855252615002,32.608822071578224
N24000980,2025-01,0.03166738395531454,21.539930208302685,50.014169112571
N24000980,2025-03,0.08793667703866959,7.5304548598310665,17.485174706322827
N24000980,2025-04,0.10409513115882874,6.305864193189576,14.641763232711105
N24000980,2025-05,0.15299393236637115,4.174392939816329,9.692640246058984
N24000981,2024-07,0.011159597040430458,61.76498331522188,143.41385003986287
N24000981,2024-09,0.0678381398320198,9.86703096953805,22.910536421294086
N24000981,2024-10,0.019387103617191315,35.40529892566222,82.20855828338047
N24000981,2024-11,0.023878663778305054,28.67991852074722,66.59270857240337
N24000981,2024-12,0.024622218683362007,27.803274842499867,64.55720498667544
N24000981,2025-01,0.013234709374674747,52.02609103905619,120.80084245075221
N24000981,2025-03,0.03961922228336334,17.14631571198482,39.81251217546615
N24000981,2025-04,0.05432850867509842,12.408642963697243,28.811976716835012
N24000981,2025-05,0.05513302609324455,12.222418837671656,28.379577686670356
N24000982,2024-07,0.01566047297163775,43.913449945307796,101.96387317144007
N24000982,2024-09,0.1397230178117752,4.6056025050918095,10.693877850456287
N24000982,2024-10,0.020975865423679352,32.69718797934385,75.92051939305183
N24000982,2024-11,0.026593083515763283,25.716811599975433,59.712587364908174
N24000982,2024-12,0.027034524828195572,25.291176209391505,58.724292593333004
N24000982,2025-01,0.012256949795566685,56.20407406144773,130.50181861040554
N24000982,2025-03,0.08874450623989105,7.458651785621978,17.318453131017463
N24000982,2025-04,0.11868373304605484,5.486418727727485,12.739069784226624
N24000982,2025-05,0.20843183994293213,2.965471425565044,6.885611417605153
N24000983,2024-07,0.012420733983394494,55.45835826423191,128.7703201500488
N24000983,2024-09,0.13650721311569214,4.7226846979635795,10.965734283496273
N24000983,2024-10,0.028029045090079308,24.38138810884823,56.61183004228736
N24000983,2024-11,0.03252913057804108,20.960022447213195,48.667664989654085
N24000983,2024-12,0.03114395961165428,21.907830566189354,50.868407289667175
N24000983,2025-01,0.014303024086226745,48.11417668868501,111.71765861583233
N24000983,2025-03,0.05613750219345093,11.997400076232996,27.857100302609176
N24000983,2025-04,0.16876982152462006,3.749811644632584,8.706793008208182
N24000983,2025-05,0.21116679906845093,2.9222008944136446,6.785140355644019
N24000984,2024-07,0.026940936651497216,25.380248394124877,58.931111801538414
N24000984,2024-09,0.14872805774211884,4.304629789697146,9.995040846786882
N24000984,2024-10,0.025705937296152115,26.616400170433614,61.80136734049459
N24000984,2024-11,0.03371500223875046,20.21045874070582,46.927231960606704
N24000984,2024-12,0.03629494458436966,18.748914320862593,43.53363091024686
N24000984,2025-01,0.019202477458102885,35.74906438546207,83.0067569625416
N24000984,2025-03,0.0881689190864563,7.509677603358732,17.436931410785032
N24000984,2025-04,0.2869107127189636,2.0498298707025353,4.7595575665235454
N24000984,2025-05,0.3169039189815521,1.8187122884937788,4.222919159170595
N24000986,2024-07,0.015008436395858138,45.83638994893615,106.42880159064755
N24000986,2024-09,0.0278631579130888,24.528629093834493,56.953713022045854
N24000986,2024-10,0.009336398914456367,73.894268968533,171.57717916920015
N24000986,2024-11,0.012968658469617367,53.10054307620762,123.29564282242308
N24000986,2024-12,0.01411754172295332,48.750896766686004,113.1960768535217
N24000986,2025-01,0.007016619892135201,98.43949967391156,228.56943993951057
N24000986,2025-03,0.015860894694924355,43.3541473555676,100.66521277477905
N24000986,2025-04,0.04221805930137634,16.069197420035582,37.31152095187214
N24000986,2025-05,0.07248122245073318,9.212208280477537,21.39008522239479
N24000987,2024-07,0.004281090692763279,161.56219438040256,240.0
N24000987,2024-09,0.023623572662472725,28.993381391885833,67.32054681960417
N24000987,2024-10,0.008869900368154049,77.79890573509549,180.64346497781176
N24000987,2024-11,0.011552120558917522,59.65448194853163,138.51341762224658
N24000987,2024-12,0.0066225347109138966,104.31797994664443,240.0
N24000987,2025-01,0.0033368756225696794,207.37664259092844,240.0
N24000987,2025-03,0.004614409990608692,149.86676878837136,240.0
N24000987,2025-04,0.040019210427999496,16.97142857374494,39.406436815752535
N24000987,2025-05,0.03522035479545593,19.331656267082344,44.88671580724385
N24000988,2024-07,0.016461951459679325,41.75848295312895,96.9601947687451
N24000988,2024-09,0.07370124757289886,9.053827545988165,21.022336545295023
N24000988,2024-10,0.017072468996047974,40.25272107008515,93.4639239482952
N24000988,2024-11,0.020977774634957314,32.69418040470263,75.91353602099491
N24000988,2024-12,0.018908483907580376,36.310322570407024,84.30995811065078
N24000988,2025-01,0.007720845900154649,89.4290459302576,207.64781424443746
N24000988,2025-03,0.018374983221292496,37.3746851486114,86.78133148413026
N24000988,2025-04,0.056650906801223755,11.885469894221568,27.597206468330988
N24000988,2025-05,0.07834291458129883,8.496319795564423,19.727843636468684
N24000989,2024-07,0.02789400720728663,24.501114799356095,56.889826808685456
N24000989,2024-09,0.10929208248853683,5.9888962275086195,13.9057864080172
N24000989,2024-10,0.026298729702830315,26.00856616134978,60.39002047777482
N24000989,2024-11,0.03476356714963913,19.590279575867115,45.48722053390393
N24000989,2024-12,0.034135378897190094,19.95724967921957,46.33929872686171
N24000989,2025-01,0.011220885900145583,61.42572076197356,142.62610678593236
N24000989,2025-03,0.024969857186079025,27.41132282482025,63.64712058497735
N24000989,2025-04,0.08209484070539474,8.091728015676704,18.788410615786905
N24000989,2025-05,0.10319391638040543,6.364074849568121,14.776924191178285
N24000990,2024-07,0.007075874650790626,97.61223891685583,226.6485999459051
N24000990,2024-09,0.020750103518366814,33.05673198640693,76.75535472439998
N24000990,2024-10,0.011006343178451061,62.6298512991456,145.42201131010393
N24000990,2024-11,0.011749206110835075,58.647979156705,136.17639051232177
N24000990,2024-12,0.009840467013418674,70.0912987713012,162.7469558242283
N24000990,2025-01,0.00493925683322971,139.98744654458693,240.0
N24000990,2025-03,0.012559968046844006,54.83971415602597,127.33387301446889
N24000990,2025-04,0.025691062211990356,26.632013442160133,61.8376202347695
N24000990,2025-05,0.040014542639255524,16.97344931469141,39.41112883092863
N24000993,2024-07,0.021431634995571658,31.994419591472685,74.28874172905508
N24000993,2024-09,0.07851400226354599,8.47702950482515,19.683052968442624
N24000993,2024-10,0.027014032006263733,25.310627402245977,58.76945686450087
N24000993,2024-11,0.028188442811369896,24.241539676811023,56.28711203891422
N24000993,2024-12,0.027886971831321716,24.507384249642513,56.90438402144499
N24000993,2025-01,0.0071414308014395855,96.71299939837601,224.56063044391382
N24000993,2025-03,0.014168169349431992,48.575449118174205,112.78870002926024
N24000993,2025-04,0.051038168370723724,13.231357780496095,30.722261364040378
N24000993,2025-05,0.06421051174402237,10.44451087060264,24.251403227808733
N24000994,2024-07,0.0036424778052007722,189.9487280865323,240.0
N24000994,2024-09,0.018567325547337532,36.983901304239645,85.87395949685539
N24000994,2024-10,0.006189439911395311,111.64174373461158,240.0
N24000994,2024-11,0.005767397582530975,119.83679225908553,240.0
N24000994,2024-12,0.005016556475311518,137.825044067687,240.0
N24000994,2025-01,0.0022051997975055526,240.0,240.0
N24000994,2025-03,0.009242787957191467,74.64619117412407,173.32308846353175
N24000994,2025-04,0.03550983965396881,19.171200329246087,44.51414865719034
N24000994,2025-05,0.045789364725351334,14.788452210823763,34.33772266821082
N24000996,2024-07,0.02492708515501396,27.458957244672966,63.757724282717035
N24000996,2024-09,0.3077254593372345,1.8847164098667315,4.376175982964809
N24000996,2024-10,0.06201202794909477,10.827353613561156,25.140336548607852
N24000996,2024-11,0.07099654525518417,9.412284421068106,21.85464763434867
N24000996,2024-12,0.06880207359790802,9.723819296264233,22.57800921360378
N24000996,2025-01,0.02847180421249096,23.996796851420036,55.718836796616785
N24000996,2025-03,0.06189853325486183,10.847855450068778,25.187940338791687
N24000996,2025-04,0.23469603061676025,2.5913770573630006,6.016991193937691
N24000996,2025-05,0.2955609858036041,1.9784222106966551,4.593754114565728
N24000997,2024-07,0.0064641383443421185,106.88268454162527,240.0
N24000997,2024-09,0.029106341302394867,23.46602150061144,54.4864145975006
N24000997,2024-10,0.008847655728459358,77.99538048529028,181.099665220225
N24000997,2024-11,0.008878997527062893,77.71883912505685,180.45755606650064
N24000997,2024-12,0.009151868522167206,75.39121904048962,175.0529895979199
N24000997,2025-01,0.0031001708920217474,223.23678638672862,240.0
N24000997,2025-03,0.00579366460442543,119.29190798721028,240.0
N24000997,2025-04,0.011913181282579899,57.835948531284004,134.2909137892478
N24000997,2025-05,0.015061936341226101,45.672341983424516,106.04789401061699
N24000998,2024-07,0.01124182719408573,61.31064879427699,142.35891795120375
N24000998,2024-09,0.03238789364695549,21.052952883793473,48.883442781219976
N24000998,2024-10,0.007997355423867702,86.32501153175971,200.44046956706842
N24000998,2024-11,0.009651625528931618,71.46949216744117,165.94702179091396
N24000998,2024-12,0.018335718661546707,37.4554669859247,86.96890110174463
N24000998,2025-01,0.008865173330464104,77.84057457643802,180.74021703120636
N24000998,2025-03,0.022904573008418083,29.91448060784761,69.45927296732455
N24000998,2025-04,0.039245299994945526,17.31302960326109,40.199609843428526
N24000998,2025-05,0.04191935807466507,16.186205655253357,37.583205660557475
N24001002,2024-07,0.008059842234320325,85.6530518256531,198.88022744682718
N24001002,2024-09,0.10753901302814484,6.092397656717078,14.146109284357316
N24001002,2024-10,0.03049544245004654,22.381171028250733,51.96746980697445
N24001002,2024-11,0.03860313445329666,17.606875261366312,40.881898332543706
N24001002,2024-12,0.040571343153715134,16.735683694646482,38.859054157748005
N24001002,2025-01,0.020784656782584565,33.001196912248794,76.62640627546054
N24001002,2025-03,0.09381411969661713,7.036253719861758,16.33767519490273
N24001002,2025-04,0.11713016033172607,5.563983879679005,12.919170489727065
N24001002,2025-05,0.15726707875728607,4.051000312749269,9.40613143857002
N24001003,2024-07,0.021437288225607087,31.985890280308876,74.26893728183379
N24001003,2024-09,0.11596059799194336,5.623745901800629,13.057933607898546
N24001003,2024-10,0.020665232092142105,33.19392824023228,77.07391456067035
N24001003,2024-11,0.026170451194047928,26.13776510418724,60.69001113297886
N24001003,2024-12,0.028885796666145325,23.64785811132177,54.90862613258801
N24001003,2025-01,0.015600760130134783,44.082864823419285,102.35724233661907
N24001003,2025-03,0.07980261743068695,8.334393046168096,19.351861367731566
N24001003,2025-04,0.11371910572052002,5.74171201203963,13.331842433507063
N24001003,2025-05,0.1438906341791153,4.461636899801497,10.359600066835247
N24001008,2024-07,0.02339430523079622,29.280944109271726,67.98824677214463
N24001008,2024-09,0.2656460702419281,2.2449080565434407,5.212515086927203
N24001008,2024-10,0.03579619526863098,19.015031885496118,44.15153676011245
N24001008,2024-11,0.040108032524585724,16.933066055116733,39.31736180595906
N24001008,2024-12,0.039573561400175095,17.166504849218757,39.85938990042118
N24001008,2025-01,0.016062754373680876,42.804939540454555,99.38999171893637
N24001008,2025-03,0.08250850439071655,8.049371012565356,18.690060700247436
N24001008,2025-04,0.11200599372386932,5.8350493600126985,13.548565044068008
N24001008,2025-05,0.1769181787967682,3.5600840941360965,8.266259278336229
N24001013,2024-07,0.01675775209469277,41.015228299419036,95.23441090664028
N24001013,2024-09,0.13858357071876526,4.646467580935741,10.788763618158015
N24001013,2024-10,0.023664608597755432,28.942499223029724,67.20240208220838
N24001013,2024-11,0.023440489545464516,29.22256419455303,67.85269280798217
N24001013,2024-12,0.021252663806080818,32.26678801200134,74.92116161684066
N24001013,2025-01,0.009938177023086525,69.39875750965022,161.13892481193216
N24001013,2025-03,0.06361111998558044,10.546265671149266,24.487670557987606
N24001013,2025-04,0.08814629167318344,7.511697127408583,17.441620600414684
N24001013,2025-05,0.111177958548069,5.881193963821149,13.655709496078295
N24001017,2024-07,0.01920895345420004,35.736894550697755,82.9784994812922
N24001017,2024-09,0.18017460405826569,3.4890445842011366,8.101310644371214
N24001017,2024-10,0.026508096605539322,25.80038276677428,59.906633605020936
N24001017,2024-11,0.03609316423535347,18.855692477545194,43.78156211216848
N24001017,2024-12,0.04068450257182121,16.68815782981064,38.74870251695184
N24001017,2025-01,0.02342457398386133,29.242656482707574,67.89934565633878
N24001017,2025-03,0.11431222409009933,5.710047629521542,13.258320014131053
N24001017,2025-04,0.17911167442798615,3.5119496263807584,8.154494505322658
N24001017,2025-05,0.2472931146621704,2.4399770144095347,5.665451180636885
N24001018,2024-07,0.023398785404846967,29.27527079077191,67.97507373452866
N24001018,2024-09,0.1456725001335144,4.402592946242354,10.222504252233048
N24001018,2024-10,0.02467196248471737,27.746513051413494,64.42540818923587
N24001018,2024-11,0.029748139902949333,22.952203780318207,53.293366797100774
N24001018,2024-12,0.02651483379304409,25.793738259670477,59.89120553729994
N24001018,2025-01,0.014484356797858866,47.507465310468156,110.30891842126277
N24001018,2025-03,0.0769333690404892,8.65851068206185,20.104439212561747
N24001018,2025-04,0.12880536913871765,5.026817263833199,11.671908232759124
N24001018,2025-05,0.16990242898464203,3.722354467775513,8.643039417857459
N24001021,2024-07,0.026326789660980343,25.980472681462448,60.324789437541256
N24001021,2024-09,0.15957732498645782,3.987034041926231,9.257606357220833
N24001021,2024-10,0.02166701853275299,31.643049928515303,73.47288663694323
N24001021,2024-11,0.02495376020669937,27.429230570552836,63.688701082909944
N24001021,2024-12,0.027546437457203865,24.814674097129323,57.61788895159827
N24001021,2025-01,0.01456259259278625,47.250366070548175,109.71195247291838
N24001021,2025-03,0.25454702973365784,2.3595436937890417,5.4786907937230795
N24001021,2025-04,0.3296712040901184,1.7329245018961184,4.023726087271285
N24001021,2025-05,0.3407774567604065,1.6634436998505697,3.862396660946419
N24001022,2024-07,0.011668880311105023,59.054093035821,137.1193577379649
N24001022,2024-09,0.1171431764960289,5.563325487877654,12.917641751306066
N24001022,2024-10,0.020008813589811325,34.29435191216504,79.62901920081015
N24001022,2024-11,0.02283357083797455,30.008587281194092,69.67778189608413
N24001022,2024-12,0.023287780582904816,29.416480995191492,68.30295367545529
N24001022,2025-01,0.009301170383701707,74.17546304302239,172.23009159087295
N24001022,2025-03,0.04837026819586754,13.98058829688882,32.461920749599614
N24001022,2025-04,0.07218343764543533,9.25167844470594,21.481732105626538
N24001022,2025-05,0.12839503586292267,5.044042519091872,11.711904036885842
N24001026,2024-07,0.012610242944790184,54.61968994332436,126.82299261344154
N24001026,2024-09,0.11754047870635986,5.54329895575683,12.87114158373156
N24001027,2024-07,0.008998385578415813,76.6830753718386,178.05258710823722
N24001027,2024-09,0.12527886033058167,5.178531570396163,12.024177943564023
N24001027,2024-10,0.021543247625231743,31.82685224210182,73.89966239276505
N24001027,2024-11,0.024740256369113922,27.668955867143566,64.24532598411916
N24001027,2024-12,0.02550823986530304,26.825395655307958,62.28663982852893
N24001027,2025-01,0.021605065073664442,31.73478884423013,73.68589780273598
N24001027,2025-03,0.07469739019870758,8.928345436255263,20.730976109300457
N24001029,2024-07,0.003205183551751478,215.91142693042724,240.0
N24001029,2024-09,0.09376629441976547,7.040025262219328,16.346432445063826
N24001030,2024-07,0.006076862296217622,113.7164094438252,240.0
N24001030,2024-09,0.11118771880865097,5.880646047719327,13.654437274287833
N24001035,2024-07,0.046033663849562645,14.708101975822045,34.15115520012953
N24001035,2024-09,0.20492339134216309,3.0226619366321503,7.018403672012834
N24001039,2024-07,0.003378430131757648,204.82165340421892,240.0
N24001039,2024-09,0.0367826409637928,18.49567211430312,42.945620716025154
N24001039,2024-10,0.008074925281107426,85.4924125043702,198.5072344935968
N24001039,2024-11,0.009205320850014687,74.95142791754509,174.03182623367294
N24001039,2024-12,0.009699216112494469,71.11711090049675,165.12881782708368
N24001039,2025-01,0.0088019902738804,78.40183035625934,182.0434125947914
N24001039,2025-03,0.05581562593579292,12.06862395270865,28.022477022424788
N24001040,2024-07,0.01415495002386824,48.62113900077577,112.89478865132492
N24001040,2024-09,0.04207398369908333,16.12542781161431,37.4420838778653
N24001041,2024-07,0.01301767403010301,52.899292478565016,122.82835340564384
N24001041,2024-09,0.12241976708173752,5.307938321777063,12.324651115263439
N24001042,2024-07,0.0043396401301135645,159.37775137775782,240.0
N24001042,2024-09,0.15695253014564514,4.059854813804334,9.426690953335983
N24001043,2024-07,0.0028507042577428088,240.0,240.0
N24001043,2024-09,0.01481578592211008,46.43693220114614,107.82321751822087
N24001046,2024-07,0.010094632400853953,68.31776574056452,158.6289396529501
N24001046,2024-09,0.07877915352582932,8.447298913669266,19.614020673560166
N24001046,2024-10,0.054615989327430725,12.341469145483298,28.656003941083195
N24001046,2024-11,0.031762368977069855,21.474467630324607,49.86216971359994
N24001046,2024-12,0.03593394532799721,18.940794312887768,43.97916245457689
N24001046,2025-01,0.016772803145447712,40.97811058588861,95.14822624477598
N24001046,2025-03,0.06525205075740814,10.272140438035718,23.851171477703712
N24001046,2025-04,0.08956322073936462,7.3872017708412985,17.152551334318087
N24001046,2025-05,0.1165495440363884,5.5935023603388325,12.98771027928951
N24001048,2024-07,0.02230593817404236,30.726681886299218,71.34514593446477
N24001048,2024-09,0.20125044882297516,3.0846595978796234,7.162357783480651
N24001050,2024-07,0.008728740441777516,79.06267965875027,183.57785715673182
N24001050,2024-09,0.13618414103984833,4.734752279125554,10.993754339233593
N24001050,2024-10,0.03409389406442642,19.98195992538848,46.3966741416729
N24001050,2024-11,0.0702773779630661,9.51223764946726,22.086731843543355
N24001050,2024-12,0.023807823657989502,28.766295121642077,66.79326882876201
N24001050,2025-01,0.037319941456765204,18.224334236668547,42.31559367473833
N24001050,2025-03,0.13315968215465546,4.850558222488756,11.262647412683547
N24001050,2025-04,0.1267848014831543,5.112713504240785,11.871353126606698
N24001050,2025-05,0.1494101583957672,4.283307013497265,9.945530893667383
N24001057,2024-07,0.009360066347439688,73.70654424085038,171.1412958498888
N24001057,2024-09,0.11740472167730331,5.550126741258038,12.886995210712678
N24001057,2024-10,0.020533710718154907,33.40877546653179,77.5727743715238
N24001057,2024-11,0.022616036236286163,30.30058711582562,70.35578451581755
N24001057,2024-12,0.023792734369635582,28.78476020043456,66.83614341398459
N24001057,2025-01,0.012218958143657921,56.379907934161714,130.91009221949298
N24001057,2025-03,0.04829351231455803,14.003368555564329,32.51481487222708
N24001057,2025-04,0.12690198421478271,5.107657362670024,11.859613129441819
N24001057,2025-05,0.11745090782642365,5.547802078726426,12.8815975114694
N24001058,2024-07,0.008498434570935576,81.21468162265677,188.57465097697911
N24001058,2024-09,0.11285024136304855,5.78869759380526,13.440939575863306
N24001058,2024-10,0.027386730536818504,24.96142191076733,57.95862682294765
N24001058,2024-11,0.023337936028838158,29.35251146671586,68.15442103007102
N24001058,2024-12,0.024592386558651924,27.837425907528413,64.63650130403555
N24001058,2025-01,0.012320761220180665,55.91118072803153,129.82174135074126
N24001058,2025-03,0.05968194827437401,11.263889424759018,26.153941313052613
N24001058,2025-04,0.10031899064779282,6.556752573944111,15.22430801266586
N24001058,2025-05,0.16036425530910492,3.9656651282190603,9.20798927612693
N24001060,2024-07,0.024539464890136253,27.89821359386753,64.77764594076956
N24001060,2024-09,0.2121051400899887,2.9076109092277003,6.751263459136785
N24001060,2024-10,0.05002730339765549,13.505839696343958,31.35958863598604
N24001060,2024-11,0.046330735087394714,14.61153642049258,33.926936924211645
N24001060,2024-12,0.04708397388458252,14.372150479549815,33.37109998241559
N24001060,2025-01,0.018600326384599075,36.91766543537627,85.72016457205224
N24001060,2025-03,0.08784622699022293,7.538576567940852,17.504032728561413
N24001060,2025-04,0.09629157185554504,6.845999105991406,15.895917661775211
N24001060,2025-05,0.15614306926727295,4.082804622058059,9.479978757892585
N24001061,2024-07,0.015155888877812607,45.38705619413558,105.38548092139487
N24001061,2024-09,0.11569708585739136,5.637377337902952,13.08958482235819
N24001062,2024-07,0.03464516959440367,19.65842650978299,45.645452814343635
N24001062,2024-09,0.22952917218208313,2.6582470301139383,6.172258462372445
N24001065,2024-07,0.021520777102158828,31.860448172133843,73.97766972658027
N24001065,2024-09,0.09095180034637451,7.268957791849358,16.877997317445427
N24001069,2024-07,0.0034104391435737513,202.8960231525821,240.0
N24001069,2024-09,0.019649330526590347,34.92814765065672,81.10064733243385
N24001069,2024-10,0.003880133619531989,178.29323039567245,240.0
N24001069,2024-11,0.004125666804611683,167.6617092339341,240.0
N24001069,2024-12,0.003979797009378672,173.81966207885498,240.0
N24001069,2025-01,0.0017321795244975569,240.0,240.0
N24001069,2025-03,0.004971461836248636,139.07836261796191,240.0
N24001069,2025-04,0.05454051494598389,12.359036241735978,28.696793475417888
N24001069,2025-05,0.06131381541490555,10.954682054116754,25.43598403201209
N24001073,2024-07,0.01574027740237527,43.68903887761747,101.44280680856623
N24001073,2024-09,0.03196777030825615,21.334237468349702,49.53656536075981
N24001075,2024-07,0.00695875856021122,99.26090203755498,230.47667716486114
N24001075,2024-09,0.058337416499853134,11.531646040409715,26.775652921523925
N24001078,2024-07,0.006449505451306847,107.1259722238322,240.0
N24001078,2024-09,0.10063354671001434,6.535135179440753,15.174113977030249
N24001078,2024-10,0.025878405198454857,26.43668385710797,61.38407898347419
N24001078,2024-11,0.026692021638154984,25.620191974363596,59.48824354168255
N24001078,2024-12,0.02626054175198078,26.04689617999136,60.479020024936254
N24001078,2025-01,0.016062803593054675,42.80480731055511,99.38968469061787
N24001078,2025-03,0.07833316177129745,8.49742197086525,19.73040280826517
N24001078,2025-04,0.07985533773899078,8.328655412719963,19.33853899543018
N24001078,2025-05,0.09669443964958191,6.815981860170925,15.826219775373497
N24001079,2024-07,0.01170312663881623,58.88026757867556,136.71574752541227
N24001079,2024-09,0.15969982743263245,3.983693714214059,9.249850356459811
N24001079,2024-10,0.05841350927948952,11.516163602371249,26.739703813665056
N24001079,2024-11,0.05174891650676727,13.044786157654535,30.28905547125583
N24001079,2024-12,0.0610540397465229,11.002798710610637,25.547707448557283
N24001079,2025-01,0.03322749313084483,20.512126827150396,47.62768356585328
N24001079,2025-03,0.1912400722503662,3.265662512097952,7.582633535260675
N24001079,2025-04,0.20081797242164612,3.092108130056038,7.17965273960674
N24001079,2025-05,0.23027543723583221,2.6484046183962633,6.149405090083728
N24001080,2024-07,0.01474849615390883,46.65038904639401,108.3188489642479
N24001080,2024-09,0.14367066323757172,4.469027199270805,10.376759810802664
N24001080,2024-10,0.032164882868528366,21.2013500445839,49.2280103180608
N24001080,2024-11,0.028231719508767128,24.203843197470608,56.19958352445537
N24001080,2024-12,0.029741210862994194,22.95763269559534,53.30597234800751
N24001080,2025-01,0.015645603554499732,43.95551594542133,102.06154739894323
N24001080,2025-03,0.09293173253536224,7.106463904570508,16.500698195325207
N24001080,2025-04,0.12245256453752518,5.306419651693908,12.321124872530495
N24001080,2025-05,0.15075738728046417,4.241757595498336,9.84905613268945
N24001081,2024-07,0.0071637099974269924,96.41114075830815,223.85973638685576
N24001081,2024-09,0.10167455673217773,6.464546208201627,15.010211461520925
N24001081,2024-10,0.024286817759275436,28.192063960809378,65.45994536346478
N24001081,2024-11,0.017915943637490273,38.3412279566544,89.02557438503663
N24001081,2024-12,0.01751292124390602,39.23159262256545,91.0929371175105
N24001081,2025-01,0.008642158683125678,79.85825406282494,185.42512371712607
N24001081,2025-03,0.04301072657108307,15.766568817326515,36.60883909692545
N24001082,2024-07,0.025271549121963166,27.079913545319318,62.87761206799776
N24001082,2024-09,0.2568748891353607,2.334686810747054,5.420974898636559
N24001082,2024-10,0.06690066307783127,10.010268773095786,23.24312430162475
N24001082,2024-11,0.0667797178030014,10.029040860105026,23.286711737851174
N24001082,2024-12,0.06784176081418991,9.866485388324383,22.90926962094603
N24001082,2025-01,0.028321524002600462,24.12598589410386,56.018804464375954
N24001082,2025-03,0.13208964467048645,4.892797401815277,11.360723749866782
N24001082,2025-04,0.1530342549085617,4.173196451624609,9.689862086511429
N24001082,2025-05,0.2275894582271576,2.684129680767376,6.232356116094817
N24001090,2024-07,0.007890335455237651,87.50058754824136,203.1700725474129
N24001090,2024-09,0.11801560968160629,5.519526167085496,12.815942877821769
N24001090,2024-10,0.02031441405415535,33.77319458844034,78.41892936899744
N24001090,2024-11,0.01767035201191902,38.878959843925465,90.27414916160811
N24001090,2024-12,0.01601223461329937,42.94109160770674,99.70612702906621
N24001090,2025-01,0.018010682141660017,38.1377140802478,88.5530297977087
N24001090,2025-03,0.10302537679672241,6.3750739612207665,14.802463337543365
N24001090,2025-04,0.12290451675653458,5.285574641010268,12.272724256585926
N24001090,2025-05,0.16530640423297882,3.8361004140298824,8.907149326145026
N24001092,2024-07,0.005047997173357022,136.96445910548738,240.0
N24001092,2024-09,0.14833085238933563,4.317136745709065,10.024081099332475
N24001092,2024-10,0.027278495952486992,25.061850809408842,58.19181550424197
N24001092,2024-11,0.029756613075733185,22.945568470182607,53.27796008407863
N24001092,2024-12,0.030352234840393066,22.488421816100104,52.21649842448071
N24001092,2025-01,0.015229403044175638,45.1662858740947,104.87286811277468
N24001092,2025-03,0.06368676573038101,10.533318220940178,24.457607509589966
N24001092,2025-04,0.1666063815355301,3.8032930456821097,8.830972975859014
N24001092,2025-05,0.14132867753505707,4.54913345415076,10.56276077458464
N24001095,2024-07,0.006601008816293885,104.659293636192,240.0
N24001095,2024-09,0.05104754492640495,13.22886262166538,30.716467784650135
N24001095,2024-10,0.008200116455554962,84.18189429963302,195.4643054551562
N24001095,2024-11,0.008986477740108967,76.78514751686427,178.28959128947773
N24001095,2024-12,0.009069176390767097,76.08180072753218,176.65647061887873
N24001095,2025-01,0.007499767107264188,92.0754855856213,213.79265683165042
N24001095,2025-03,0.06611013412475586,10.13421011026121,23.530907174507053
N24001097,2024-07,0.004421903341985112,156.40629842202813,240.0
N24001097,2024-09,0.02999439835548401,22.76088838436516,52.84914620425289
N24001097,2024-10,0.007907216437160969,87.31304217790999,202.73460568297443
N24001097,2024-11,0.008405430242419243,82.11715073428786,190.67011936204335
N24001097,2024-12,0.006772418972104788,102.00157189523529,236.84031550621998
N24001097,2025-01,0.002484707411401388,240.0,240.0
N24001097,2025-03,0.036434367299079895,18.675825444662333,43.36392379517373
N24001099,2024-07,0.006006329461546334,115.05586893047953,240.0
N24001099,2024-09,0.12575195729732513,5.15768502974181,11.975773775137469
N24001099,2024-10,0.024357395246624947,28.109362698529022,65.26791897909338
N24001099,2024-11,0.02833177149295807,24.117133056171088,55.99824881126036
N24001099,2024-12,0.0272988211363554,25.042930713451113,58.14788440187976
N24001099,2025-01,0.01362918908357691,50.510184866622794,117.28101731976594
N24001099,2025-03,0.050425998866558075,13.396267274484865,31.10516935124656
N24001099,2025-04,0.061726342886686325,10.87910406298172,25.260497371040508
N24001099,2025-05,0.10134861618280411,6.486491854588241,15.061167674426468
N24001101,2024-07,0.013792444743285115,49.90819478554727,115.88323963767317
N24001101,2024-09,0.16013988852500916,3.9717364132262185,9.22208636335712
N24001101,2024-10,0.026528315618634224,25.78045203081029,59.86035586923437
N24001101,2024-11,0.026725346222519875,25.58780935925718,59.41305343788105
N24001101,2024-12,0.02782808616757393,24.559983460301613,57.026515606443255
N24001101,2025-01,0.04164635292795349,16.294615974422253,37.83492662641144
N24001101,2025-03,0.27860888838768005,2.1224823101544317,4.928251306849007
N24001101,2025-04,0.31805577874183655,1.8106942544636964,4.204301860690383
N24001101,2025-05,0.34911152720451355,1.614158805752005,3.7479606806854133
N24001102,2024-07,0.022454842006240816,30.520609699582565,70.8666611345525
N24001102,2024-09,0.16417942941188812,3.8649609055230596,8.974161312175292
N24001102,2024-10,0.03172028809785843,21.50342091972227,49.92939716969178
N24001102,2024-11,0.04517596960067749,14.994028061589562,34.8150550117343
N24001102,2024-12,0.1242862194776535,5.222786294899613,12.126934231720085
N24001102,2025-01,0.07069383956974984,9.45410814028906,21.951759303040483
N24001102,2025-03,0.2924712002277374,2.0034490528294064,4.651864642440074
N24001102,2025-04,0.3157010078430176,1.8271472232101005,4.242504471066963
N24001102,2025-05,0.3386176526546478,1.6766045862157652,3.8929552927513864
N24001105,2024-07,0.03227585457113724,21.127250283934117,49.055956001983624
N24001105,2024-09,0.284197598695755,2.073111548846452,4.813615949102032
N24001106,2024-07,0.009894035132962609,69.7099290030641,161.86144264481794
N24001106,2024-09,0.0767817348241806,8.676313200644742,20.145775380619117
N24001106,2024-10,0.01705622673034668,40.2913847778661,93.5536982976443
N24001106,2024-11,0.01678907871246338,40.93804795749616,95.05520370235654
N24001106,2024-12,0.01707845740020275,40.23848459980209,93.43086788797294
N24001106,2025-01,0.008334629518156556,82.81766901023549,192.29667242794824
N24001106,2025-03,0.04321848601102829,15.689085145710063,36.42892758290418
N24001106,2025-04,0.057547979056835175,11.694686295130575,27.154220669557883
N24001106,2025-05,0.06986242532730103,9.57084549634492,22.22281504978945
N24001107,2024-07,0.00693239129017631,99.63976098607384,231.35636040142654
N24001107,2024-09,0.06476771086454391,10.351607381415274,24.035688006151524
N24001107,2024-10,0.013645259663462639,50.45028690939982,117.14193857006357
N24001107,2024-11,0.015040848404169083,45.736865011384246,106.19771184200388
N24001107,2024-12,0.013886980712413788,49.56607319236811,115.08885789860284
N24001107,2025-01,0.004697139886232216,147.22107820005127,240.0
N24001107,2025-03,0.009980408474802971,69.1036297555778,160.4536593881704
N24001107,2025-04,0.011581477709114552,59.502385677588585,138.16026101761634
N24001107,2025-05,0.0123909842222929,55.59234491120715,129.08142751000037
N24001111,2024-07,0.0036081659589836113,191.758344831069,240.0
N24001111,2024-09,0.05284683033823967,12.766444684993031,29.64276658591076
N24001111,2024-10,0.012899855151772499,53.38561936028372,123.95756945560547
N24001111,2024-11,0.017515193670988083,39.22645747204636,91.08101366724874
N24001111,2024-12,0.017502905800938606,39.25424105581008,91.14552515096638
N24001111,2025-01,0.009142357972795834,75.4700081381895,175.23593221744005
N24001111,2025-03,0.1532059609889984,4.168108461791971,9.678048139972525
N24001112,2024-07,0.006105858700842792,113.174726927184,240.0
N24001112,2024-09,0.07285235077142715,9.163468176550968,21.27691420573996
N24001112,2024-10,0.020938247442245483,32.75655933528677,76.05837541244725
N24001112,2024-11,0.02425466850399971,28.22989534824498,65.54778712482008
N24001112,2024-12,0.05748329311609268,11.708244139055434,27.185701008273107
N24001112,2025-01,0.03088169792449913,22.096856430469888,51.307311754600505
N24001112,2025-03,0.08096537739038467,8.209581959132333,19.062058998189798
N24001112,2025-04,0.1024075299501419,6.4157047528262625,14.896805114089679
N24001112,2025-05,0.101580411195755,6.470870597217381,15.024896238059602
N24001113,2024-07,0.017381613801683793,39.53059684675531,91.78720342614693
N24001113,2024-09,0.09526842087507248,6.923373056483481,16.07557441123518
N24001114,2024-07,0.003079637674647251,224.727511453539,240.0
N24001114,2024-09,0.03307292237877846,20.609631125970914,47.85408153665693
N24001114,2024-10,0.00798812322318554,86.42518250070964,200.67305935416533
N24001114,2024-11,0.00953233614563942,72.36822540640708,168.033815748278
N24001114,2024-12,0.009038370102643967,76.34230200542503,177.26133585477217
N24001114,2025-01,0.00467716625508785,147.8512616355898,240.0
N24001114,2025-03,0.011176075786352158,61.673400005965064,143.2012001810767
N24001114,2025-04,0.01455042976886034,47.290154165140684,109.80433756759477
N24001114,2025-05,0.018459051847457886,37.202880236789404,86.38241283253112
N24001122,2024-07,0.0077473021699761,89.12246800966658,206.93596235734503
N24001122,2024-09,0.05882594361901283,11.432943137087875,26.546471877253996
N24001122,2024-10,0.01394510455429554,49.35802819653977,114.6057923777883
N24001122,2024-11,0.01727120205760002,39.78553751851011,92.37915733442387
N24001122,2024-12,0.01713658683001995,40.100808253037734,93.11119331041931
N24001122,2025-01,0.00678490457582126,101.8132290528474,236.40299696900863
N24001122,2025-03,0.02852732501924038,23.9494124448784,55.60881361180819
N24001122,2025-04,0.0326618030667305,20.87345921419721,48.46667138692999
N24001122,2025-05,0.05602310970425606,12.022618806782438,27.915656381589322
N24001123,2024-07,0.012165146837441743,56.6308381203025,131.4927340685486
N24001123,2024-09,0.14102008938789368,4.5598865001839135,10.587728574274635
N24001123,2024-10,0.02427874132990837,28.201558413796366,65.48199080060085
N24001123,2024-11,0.025940027087926865,26.373051578219247,61.23632940738076
N24001123,2024-12,0.02528003230690956,27.070709078707832,62.856239958374104
N24001123,2025-01,0.011818650549142218,58.30132883968545,135.37149340213247
N24001123,2025-03,0.05726702883839607,11.753794341080383,27.29146530208263
N24001123,2025-04,0.07985948771238327,8.328204086076031,19.337491047415664
N24001123,2025-05,0.08370819687843323,7.928894849748271,18.41032371303822
N24001124,2024-07,0.009681124032113075,71.25066431035891,165.43891924161065
N24001124,2024-09,0.14627788960933685,4.38285940571383,10.17668439006827
N24001124,2024-10,0.021969467401504517,31.20262047646846,72.45024111841981
N24001124,2024-11,0.025813015177845955,26.504539427485046,61.54163473872734
N24001124,2024-12,0.02889326773583889,23.641652874820277,54.89421801961978
N24001124,2025-01,0.015162763812305635,45.36631934883834,105.33733145769988
N24001124,2025-03,0.0683194175362587,9.795022592366218,22.743338147271565
N24001124,2025-04,0.07133432477712631,9.366033515367045,21.74725635698739
N24001124,2025-05,0.1042814552783966,6.293954649903016,14.614110129556765
N24001125,2024-07,0.006236587283543482,110.79512864980369,240.0
N24001125,2024-09,0.05562368407845497,12.111488531545316,28.122005492301152
N24001125,2024-10,0.009012261405587196,76.56447421484464,177.7772037497268
N24001125,2024-11,0.010156581178307533,67.89894913076827,157.6564776000587
N24001125,2024-12,0.01069211307913065,64.4807001609969,149.71954928182677
N24001125,2025-01,0.005473985408589788,126.27879956109997,240.0
N24001125,2025-03,0.024791426956653595,27.61112457389872,64.11104587957028
N24001125,2025-04,0.10207243263721466,6.437946914332495,14.948449813782023
N24001125,2025-05,0.12093688547611237,5.3774616752258915,12.486079342887058
N24001126,2024-07,0.003604582578050297,191.94932023083766,240.0
N24001126,2024-09,0.029494384303689003,23.152685447841268,53.75887081343243
N24001127,2024-07,0.007040456526402505,98.10504026101631,227.7928492321096
N24001127,2024-09,0.08928819745779037,7.411057283231276,17.207942118754307
N24001127,2024-10,0.05511494353413582,12.226544754901845,28.38915776980431
N24001127,2024-11,0.05297344550490379,12.73508721796793,29.569956802240675
N24001127,2024-12,0.019874587655067444,34.528320264844844,80.17227689221188
N24001127,2025-01,0.011278618937083373,61.10951380066485,141.8918969586707
N24001127,2025-03,0.07585255056619644,8.786957045696765,20.402682432971776
N24001130,2024-07,0.019100754855805424,35.941306555965426,83.45312945925546
N24001130,2024-09,0.05727456137537956,11.752202036344736,27.287768084981312
N24001130,2024-10,0.0116534773260355,59.13260767046717,137.30166307400967
N24001130,2024-11,0.012361939065158367,55.723780326567876,129.38661109358964
N24001130,2024-12,0.013921466656029224,49.44242668702896,114.80175960402124
N24001130,2025-01,0.007321204336890097,94.32966288925027,219.026694443804
N24001130,2025-03,0.02958649769425392,23.079512950661996,53.58896953645882
N24001130,2025-04,0.039311282336711884,17.28338085030519,40.13076757096185
N24001130,2025-05,0.044807303696870804,15.120291856033214,35.1082304634201
N24001132,2024-07,0.0007144178520740452,240.0,240.0
N24001132,2024-09,0.0050092716701328754,138.02598296994753,240.0
N24001132,2024-10,0.0017390951979905367,240.0,240.0
N24001132,2024-11,0.0018725708359852433,240.0,240.0
N24001132,2024-12,0.0019461910706013441,240.0,240.0
N24001132,2025-01,0.0008839181631994375,240.0,240.0
N24001132,2025-03,0.003251986112445593,212.7990379644772,240.0
N24001132,2025-04,0.004813403356820345,143.6566996990288,240.0
N24001132,2025-05,0.0077168685384094715,89.4753177671177,207.75525412244497
N24001134,2024-07,0.002862385911183929,240.0,240.0
N24001134,2024-09,0.03121711127460003,21.85567274519924,50.74730057974212
N24001134,2024-10,0.007936999201774597,86.98410512546288,201.97083749944804
N24001134,2024-11,0.009015796706080437,76.53431521940142,177.7071767308936
N24001134,2024-12,0.00806223601102829,85.6275172044014,198.8209378923506
N24001134,2025-01,0.004164846178711934,166.0812239283629,240.0
N24001134,2025-03,0.012056618928909302,57.14373419824212,132.68364188167413
N24001134,2025-04,0.015041442587971687,45.73504450268711,106.19348475171302
N24001134,2025-05,0.017278116196393967,39.76947714695437,92.34186630649425
N24001138,2024-07,0.014602126310971464,47.12149776084278,109.41272952407277
N24001138,2024-09,0.14883004128932953,4.301429340416986,9.987609633687015
N24001138,2024-10,0.02908523567020893,23.48330354735471,54.52654226737096
N24001138,2024-11,0.03734033927321434,18.214187128039708,42.292032818131155
N24001138,2024-12,0.039200689643621445,17.33313153002694,40.24628507194752
N24001138,2025-01,0.02283240182109747,30.010141600055768,69.68139091271746
N24001138,2025-03,0.118074931204319,5.516571479398676,12.809082305470126
N24001138,2025-04,0.08473113179206848,7.828862016597751,18.178054667334848
N24001138,2025-05,0.08738347887992859,7.580390588601266,17.60112187789303
N24001150,2024-07,0.006322143094918631,109.29106891439203,240.0
N24001150,2024-09,0.022725967690348625,30.15232588914764,70.01153260821147
N24001156,2024-07,0.01865226129878983,36.81390169517677,85.47923262845242
N24001156,2024-09,0.05171097815036774,13.05461544572028,30.311878371368422
N24001156,2024-10,0.01127445325255394,61.132221078773384,141.94462162566933
N24001156,2024-11,0.013207941316068172,52.132235957315935,121.04730331858904
N24001156,2024-12,0.013559387996792793,50.77199371543504,117.88891864131321
N24001156,2025-01,0.0065838529801756085,104.93291405050743,240.0
N24001156,2025-03,0.026927679777145386,25.392915632883305,58.96052421909625
N24001156,2025-04,0.030453160405158997,22.412731886064147,52.040751849430166
N24001156,2025-05,0.04149922356009483,16.353632431620646,37.971958596441105
N24001157,2024-07,0.0051221405332922965,134.9768632993127,240.0
N24001157,2024-09,0.01679733768105507,40.91774803696755,95.00806874655717
N24001157,2024-10,0.008918773382902145,77.3706791668405,179.6491536780033
N24001157,2024-11,0.01225028932094574,56.23482138991453,130.57321169621534
N24001157,2024-12,0.01804712414741516,38.05999967189102,88.37258252956755
N24001157,2025-01,0.00824765395115512,83.69468701157119,194.33304516497154
N24001157,2025-03,0.018230678513646126,37.673284270206395,87.47465717367037
N24001157,2025-04,0.020358284935355186,33.69966339617471,78.24819522782532
N24001157,2025-05,0.023221760988235474,29.50110529727012,68.49944521996188
N24001158,2024-07,0.020769319614587833,33.02582447660685,76.68358970905217
N24001158,2024-09,0.07944902032613754,8.373072259637127,19.441671720173456
N24001158,2024-10,0.01584186591207981,43.40664160084687,100.7871006377129
N24001158,2024-11,0.01933039166033268,35.5101952666506,82.45212004457225
N24001158,2024-12,0.01965370774269104,34.920290855083124,81.08240441805573
N24001158,2025-01,0.008811255642395821,78.31902235461736,181.85113836929742
N24001158,2025-03,0.03886786103248596,17.484564046414484,40.597900486227246
N24001158,2025-04,0.047082580626010895,14.372586200048334,33.37211169408262
N24001158,2025-05,0.06141763925552368,10.935565208466937,25.391596091012158
N24001159,2024-07,0.01606087836015313,42.80998013313433,99.40169561269443
N24001159,2024-09,0.06045453995466232,11.115418145276136,25.809201677937438
N24001159,2024-10,0.011825935915112495,58.265197959654465,135.2876000966955
N24001159,2024-11,0.013804508373141289,49.86427620914135,115.7812638612288
N24001159,2024-12,0.014258095994591713,48.26688459259883,112.07223538824117
N24001159,2025-01,0.006704153985311989,103.04373891962868,239.26015239972418
N24001159,2025-03,0.02549699880182743,26.83737650054408,62.31445848968318
N24001159,2025-04,0.04205795004963875,16.13170930566585,37.45666905538144
N24001159,2025-05,0.053757164627313614,12.544277640063237,29.12691068253017
N24001160,2024-07,0.009171877402465833,75.22599117221252,174.66934236850895
N24001160,2024-09,0.04409691318869591,15.369544877704737,35.68697805717478
N24001160,2024-10,0.008790274150669575,78.50679158638377,182.2871250238913
N24001160,2024-11,0.010237478651106358,67.35965752010199,156.40428125791559
N24001160,2024-12,0.010691296309232712,64.48565278612617,149.73104892125787
N24001160,2025-01,0.005129680988330443,134.77794161660864,240.0
N24001160,2025-03,0.019291145727038383,35.58314693163544,82.62150856506938
N24001160,2025-04,0.02699880674481392,25.325097896547426,58.80305631176631
N24001160,2025-05,0.028899142518639565,23.636775717404642,54.88289361079323
N24001161,2024-07,0.048348029041211826,13.987181180126724,32.47722895041601
N24001161,2024-09,0.14653128385543823,4.374647955439355,10.157617992976196
N24001161,2024-10,0.03347307816147804,20.35906187465271,47.2722777523063
N24001161,2024-11,0.046761248260736465,14.473771439170793,33.60705654358895
N24001161,2024-12,0.04900721460580826,13.794302389528482,32.02937826761806
N24001161,2025-01,0.021366288311113313,32.09333901210487,74.51842551095092
N24001161,2025-03,0.07032760232686996,9.50519086725234,22.07036972193998
N24001161,2025-04,0.07492490112781525,8.900154147744678,20.665517964476656
N24001161,2025-05,0.07957763224840164,8.358963931436776,19.40891319655317
N24001162,2024-07,0.026006302523613578,26.304950485396088,61.07820356666213
N24001162,2024-09,0.0655219778418541,10.22836240441603,23.749522031503233
N24001162,2024-10,0.01664886437356472,41.28575756992423,95.86256042031566
N24001162,2024-11,0.017774928361177444,38.648169598265206,89.7382708061836
N24001162,2024-12,0.018274245783686638,37.58263677769338,87.2641802140733
N24001162,2025-01,0.008817087766963772,78.26698776621136,181.73031779657163
N24001162,2025-03,0.022948233410716057,29.85690199421146,69.3255795666581
N24001162,2025-04,0.026375403627753258,25.931942120462477,60.212104964494785
N24001162,2025-05,0.029552392661571503,23.10655193220437,53.651752107359194
N24001164,2024-07,0.02962814626229593,23.04657775962133,53.51249639107101
N24001164,2024-09,0.13560639321804047,4.756475740993725,11.044194655663514
N24001164,2024-10,0.0280875563621521,24.329868559622142,56.49220535350337
N24001164,2024-11,0.03035324066877365,22.487665004133053,52.21474116151187
N24001164,2024-12,0.030626488849520683,22.283906772275536,51.74162919839733
N24001164,2025-01,0.01256318037934323,54.82560296711394,127.30110784848179
N24001164,2025-03,0.04303166642785072,15.75872542017126,36.590627292711304
N24001164,2025-04,0.051394082605838776,13.137285287842593,30.503831800392124
N24001164,2025-05,0.06406478583812714,10.46907468070437,24.30843862860142
N24001165,2024-07,0.04589827351098119,14.752526356174517,34.254305416967895
N24001165,2024-09,0.13779711723327637,4.675066323781644,10.855167842650378
N24001165,2024-10,0.030680226162075996,22.24426247575804,51.649577992511304
N24001165,2024-11,0.03056180477142334,22.331811854221545,51.85286135405565
N24001165,2024-12,0.02973702736198902,22.96091170095479,53.3135859626749
N24001165,2025-01,0.014664102835744597,46.92087096031376,108.9468885193371
N24001165,2025-03,0.05357162654399872,12.588945736521016,29.230626790640624
N24001165,2025-04,0.08275549113750458,8.024282624105123,18.631807266226172
N24001165,2025-05,0.1027277261018753,6.394587092656064,14.847771425642211
N24001166,2024-07,0.025079979264385543,27.28942951395067,63.36409308189043
N24001166,2024-09,0.15520888566970825,4.109587330066059,9.542166280073527
N24001166,2024-10,0.02827848680317402,24.163235913647846,56.10529633129023
N24001166,2024-11,0.03364823758602142,20.251255815468706,47.02195983468787
N24001166,2024-12,0.03590307757258415,18.95738033945226,44.01767401563953
N24001166,2025-01,0.02000320820701007,34.304059794961944,79.65156020661814
N24001166,2025-03,0.11034271121025085,5.928441249945693,13.765414297138054
N24001166,2025-04,0.1131756603717804,5.771015516410544,13.399883063584541
N24001166,2025-05,0.18800722062587738,3.328216792989845,7.727880077519038
N24001168,2024-07,0.042859418457795506,15.8234717067959,36.74096351466468
N24001168,2024-09,0.10407407581806183,6.307212696147972,14.644894359616245
N24001168,2024-10,0.02976074628531933,22.942333140038865,53.27044788012164
N24001168,2024-11,0.04616482928395271,14.665312329320967,34.05180071774838
N24001168,2024-12,0.04785529524087906,14.134825583554724,32.82004863878837
N24001168,2025-01,0.02072613411823676,33.095365121101985,76.84505808524199
N24001168,2025-03,0.10861766338348389,6.028319052515375,13.997323372980214
N24001168,2025-04,0.11891469359397888,5.4750603755756275,12.712696507253604
N24001168,2025-05,0.12043389678001404,5.401432044677415,12.541736817161382
N24001172,2024-07,0.022118756926759464,30.989663174615956,71.95576957623707
N24001172,2024-09,0.12008170038461685,5.418335630609241,12.580985728240831
N24001172,2024-10,0.02951648272573948,23.13508939538642,53.71801404487841
N24001172,2024-11,0.034513622522354126,19.734690272797515,45.82253178830889
N24001172,2024-12,0.036682285368442535,18.547232771819154,43.0653408553025
N24001172,2025-01,0.01915459439628886,35.83930264731545,83.21628371797276
N24001172,2025-03,0.09638810902833939,6.838783386103647,15.879163279042984
N24001172,2025-04,0.12672467529773712,5.1153114225421445,11.877385306098844
N24001172,2025-05,0.14926299452781677,4.28789097448697,9.956174521475246
N24001173,2024-07,0.008193419580217909,84.25098425493948,195.62472736345677
N24001173,2024-09,0.051729317754507065,13.049862115580401,30.300841480572366
N24001173,2024-10,0.01132429763674736,60.861613719195134,141.3162907947813
N24001173,2024-11,0.012187534943223,56.52616985804619,131.2497018897726
N24001173,2024-12,0.012325102463364601,55.891364679351916,129.7757299105824
N24001173,2025-01,0.00461006954176324,150.00819738143952,240.0
N24001173,2025-03,0.019677849486470222,34.877020919733056,80.98193473950246
N24001173,2025-04,0.025093743577599525,27.27426911114485,63.32889171668579
N24001173,2025-05,0.041736163198947906,16.258795807720062,37.751754774982075
N24001179,2024-07,0.03717609195602267,18.29620980309806,42.48248357176696
N24001179,2024-09,0.15502820909023285,4.1148044165415145,9.554279979734343
N24001179,2024-10,0.06774967908859253,9.880377648801257,22.941526450848777
N24001179,2024-11,0.09245023131370544,7.14534094765928,16.59096789391917
N24001179,2024-12,0.08527884632349014,7.776286808783538,18.055978815216484
N24001179,2025-01,0.040642234168009495,16.705879191673095,38.789850244939934
N24001179,2025-03,0.12849657237529755,5.03976992306222,11.70198337612649
N24001179,2025-04,0.17741292715072632,3.5491236580641297,8.24080993388851
N24001180,2024-07,0.03350344611839995,20.34029042154929,47.228691787963605
N24001180,2024-09,0.09153484553098679,7.220377379597374,16.765197093376337
N24001180,2024-10,0.0278780534863472,24.5153362220553,56.92284792960001
N24001180,2024-11,0.031286731362342834,21.80625947395414,50.632566516977825
N24001180,2024-12,0.032490767538547516,20.98518447136553,48.72608940045762
N24001180,2025-01,0.016685495103918258,41.19435518043637,95.65033064422397
N24001180,2025-03,0.03321756422519684,20.518362779649916,47.64216299916029
N24001180,2025-04,0.04201316088438034,16.149281731367687,37.497470964313855
N24001185,2024-07,0.018940877269432055,36.24762685009809,84.16438315623624
N24001185,2024-09,0.030757375061511993,22.187588640738166,51.51798542273365
N24001185,2024-10,0.04132295027375221,16.42489236372776,38.137419034840384
N24001185,2024-11,0.03178184852004051,21.461090901797068,49.831109911814174
N24001185,2024-12,0.23248401284217834,2.6196437598817117,6.0826244446657105
N24001201,2024-07,0.00024553966852991493,240.0,240.0
N24001201,2024-09,0.006003755144774914,115.10535200066548,240.0
N24001201,2024-10,0.002412310568615794,240.0,240.0
N24001201,2024-11,0.0024954264517873526,240.0,240.0
N24001201,2024-12,0.0005169003270566463,240.0,240.0
N24001201,2025-01,0.00032228913850773644,240.0,240.0
N24001201,2025-03,0.0005034212372265756,240.0,240.0
N24001201,2025-04,0.0005250060348771513,240.0,240.0
N24001201,2025-05,0.0006183131481520832,240.0,240.0
N24001212,2024-07,0.02475221631058211,27.655417728679975,64.21389140006808
N24001214,2024-07,0.010212556134163386,67.52488935207815,156.78793769075074
N24001216,2024-07,0.012463411046297446,55.26726671640408,128.32661931645185
N24001216,2024-09,0.021811122074723244,31.431681345476772,72.98210398560953
N24001216,2024-10,0.008053157478570938,85.72443907363422,199.04598350353123
N24001216,2024-11,0.009234430268406868,74.714064898124,173.4806863701918
N24001216,2024-12,0.01048487052321434,65.76209180168483,152.69484853289387
N24001216,2025-01,0.005734104000065687,120.53460956696227,240.0
N24001216,2025-03,0.018108312040567398,37.93021690465689,88.0712362760944
N24001216,2025-04,0.014353569597005844,47.943518237795324,111.32140196408162
N24001216,2025-05,0.018181268125772476,37.77661486704353,87.71458338952799
N24001217,2024-07,0.00270575306886478,240.0,240.0
N24001217,2024-09,0.00894405972212553,77.15095667568269,179.13897385270533
N24001217,2024-10,0.0030514970421791077,226.80312778437676,240.0
N24001217,2024-11,0.004233251325786114,163.391907755498,240.0
N24001217,2024-12,0.002334414981305599,240.0,240.0
N24001217,2025-01,0.00095403464538657,240.0,240.0
N24001217,2025-03,0.002709640422835946,240.0,240.0
N24001217,2025-04,0.0016244597500190139,240.0,240.0
N24001217,2025-05,0.0023650347720831633,240.0,240.0
N24001218,2024-07,0.04102565125775137,16.546465076484868,38.41970213216278
N24001219,2024-07,0.026132847129268777,26.175879385015822,60.77850975245117
N24001221,2024-07,0.040648524824409726,16.703239450324137,38.78372095533856
N24001221,2024-09,0.09048542380332947,7.308267473482103,16.969271571629577
N24001221,2024-10,0.012309225276112556,55.96390564433092,129.94416481519738
N24001221,2024-11,0.013026153668761253,52.86463001425598,122.74786965592665
N24001221,2024-12,0.01483151689171791,46.3873096874383,107.70799760950368
N24001221,2025-01,0.0055194159128737486,125.2365364636553,240.0
N24001221,2025-03,0.013087397441267967,52.61561578843608,122.16967652896881
N24001221,2025-04,0.10704800486564636,6.121993839430259,14.214829492500469
N24001221,2025-05,0.13149337470531464,4.916632582553661,11.416067325669955
N24001222,2024-07,0.005827886446822639,118.58937673993262,240.0
N24001222,2024-09,0.01211926806718111,56.84653749379253,131.99357250390472
N24001222,2024-10,0.0055242981761693954,125.12554807805053,240.0
N24001222,2024-11,0.00680466927587986,101.51649553509161,235.71400307743667
N24001222,2024-12,0.005373185034841299,128.65428975401585,240.0
N24001222,2025-01,0.00335634348275482,206.17177959161893,240.0
N24001222,2025-03,0.006472161505371332,106.74975775530963,240.0
N24001222,2025-04,0.007230476941913366,95.51766266430589,221.7851444982255
N24001222,2025-05,0.00850941613316536,81.10942400646223,188.33025036073613
N24001227,2024-07,0.029873407055049483,22.854491029223297,53.06648481510476
N24001227,2024-09,0.06278815120458603,10.689139381804853,24.819413040779622
N24001227,2024-10,0.013538266532123089,50.85174782652172,118.07410195252815
N24001227,2024-11,0.01170745026320219,58.85839428368165,136.66495930723815
N24001227,2024-12,0.014130488969385624,48.70590905243101,113.09161861586827
N24001227,2025-01,0.006379818792464853,108.29990126003506,240.0
N24001227,2025-03,0.017885379493236542,38.4073447318106,89.17909278281516
N24001227,2025-04,0.022946758195757866,29.858843906791133,69.33008854803465
N24001227,2025-05,0.03156937658786774,21.607888640356794,50.17196370524192
N24001228,2024-07,0.008460127627029634,81.58399049488386,189.43215962309438
N24001228,2024-09,0.026186954230070114,26.12107271210497,60.65125259883216
N24001228,2024-10,0.007156551815569401,96.50792134291231,224.0844539452878
N24001228,2024-11,0.009641417302191257,71.54553141758532,166.1235794621378
N24001228,2024-12,0.010490329004824162,65.72769253737485,152.61497591464908
N24001228,2025-01,0.004947853061342267,139.74363409468683,240.0
N24001228,2025-03,0.01925584487617016,35.649019370291484,82.77445963106358
N24001228,2025-04,0.026160378009080887,26.147964219125193,60.71369274449628
N24001228,2025-05,0.029316993430256844,23.29489547137089,54.08907226244045
N24001241,2024-07,0.0029914178725168883,231.36517396034438,240.0
N24001241,2024-09,0.013370424509048462,51.49447187612765,119.56646098056792
N24001241,2024-10,0.008549810387194157,80.72457403082142,187.43665638997902
N24001241,2024-11,0.018000159412622452,38.16021287652014,88.60527038487461
N24001241,2024-12,0.0023241243325173855,240.0,240.0
N24001241,2025-01,0.00688307704287916,100.35612524545873,233.0197067014655
N24001244,2024-07,0.002749523781445218,240.0,240.0
N24001244,2024-09,0.012616048566997051,54.59439502638379,126.76425963513941
N24001244,2024-10,0.0041732476092875,165.74617655599044,240.0
N24001244,2024-11,0.004363092593848705,158.51919963119644,240.0
N24001244,2024-12,0.005495220422744751,125.78948250106787,240.0
N24001244,2025-01,0.0030954439895912733,223.57821024282578,240.0
N24001244,2025-03,0.010908478870987892,63.19484933327086,146.7338961190955
N24001244,2025-04,0.01167080644518137,59.04428940585238,137.0965944141089
N24001244,2025-05,0.006139639765024185,112.55011465511551,240.0
N24001245,2024-07,0.006311219998249573,109.48082471071551,240.0
N24001245,2024-09,0.044484563171863556,15.232544431847826,35.36887287292752
N24001245,2024-10,0.01969471201300621,34.846860655287486,80.91190477413706
N24001245,2024-11,0.015266354195773602,45.05612084111863,104.61707282763335
N24001246,2024-07,0.01856151222590141,36.99559360016655,85.90110816726181
N24001246,2024-09,0.04230305552482605,16.036204362527343,37.234913444707516
N24001246,2024-10,0.008452437818050385,81.65852969424422,189.6052342842596
N24001246,2024-11,0.008862634189426899,77.86297545745606,180.7922302661924
N24001246,2024-12,0.015804730355739594,43.509450611235586,101.02581576734204
N24001246,2025-01,0.006532121952090741,105.76667918189248,240.0
N24001246,2025-03,0.018755260854959488,36.609812921431136,85.00535317084135
N24001246,2025-04,0.03288827836513519,20.72730706855919,48.127316613845
N24001246,2025-05,0.040887124836444855,16.60371557991114,38.55263368451468
N24001248,2024-07,0.127642594419918,5.0759162828165305,11.785912624367928
N24001248,2024-09,0.218642920255661,2.8094142403409985,6.523257854824401
N24001248,2024-10,0.07001203298568726,9.549634885414557,22.173565536360517
N24001248,2024-11,0.06444308906793594,10.405537287414829,24.160909370046525
N24001248,2024-12,0.06528422236442566,10.266903701995354,23.839012153166077
N24001251,2024-07,0.0009270965888998894,240.0,240.0
N24001251,2024-09,0.002329839626327157,240.0,240.0
N24001251,2024-10,0.0014762760838493705,240.0,240.0
N24001251,2024-11,0.0017731527332216501,240.0,240.0
N24001251,2024-12,0.0015689460560679436,240.0,240.0
N24001251,2025-01,0.0009318833213325384,240.0,240.0
N24001251,2025-03,0.0017777422908693552,240.0,240.0
N24001251,2025-04,0.0021341547835618258,240.0,240.0
N24001251,2025-05,0.0028114267624914646,240.0,240.0
N24001252,2024-07,0.004470547467288255,154.7006613667936,240.0
N24001252,2024-09,0.004492436535656452,153.94520252613313,240.0
N24001252,2024-10,0.0031063684727996588,222.79070982716112,240.0
N24001252,2024-11,0.0035674788523465395,193.94930672163335,240.0
N24001252,2024-12,0.0026968943420797586,240.0,240.0
N24001252,2025-01,0.001325472925743254,240.0,240.0
N24001252,2025-03,0.003951739985495806,175.05623106978013,240.0
N24001252,2025-04,0.008475251495838165,81.43778574893211,189.0926827158631
N24001252,2025-05,0.010286718606948853,67.03555896293342,155.65174771251344
N24001253,2024-07,0.002732734442452922,240.0,240.0
N24001253,2024-09,0.0286705382168293,23.828033858201785,55.326981261286036
N24001253,2024-10,0.0052440776489675045,131.830261746043,240.0
N24001253,2024-11,0.0061373417265713215,112.59238744674659,240.0
N24001254,2024-07,0.04010026647608411,16.936413454817483,39.32513422736905
N24001254,2024-09,0.13183720409870148,4.902862142440843,11.384093353893038
N24001254,2024-10,0.0392620787024498,17.30548074872072,40.18208194598703
N24001254,2024-11,0.044587988406419754,15.196395132684097,35.28493679958877
N24001254,2024-12,0.047047488391399384,14.383569273599695,33.39761360112974
N24001254,2025-01,0.008266560380966959,83.50247425693983,193.88674096979733
N24001254,2025-03,0.02769307792186737,24.681422933015806,57.30848932996665
N24001254,2025-04,0.07610128819942474,8.757073596507244,20.333295212726487
N24001254,2025-05,0.07475809007883072,8.920807230800403,20.713472938269785
N24001255,2024-07,0.0013619461939462507,240.0,240.0
N24001255,2024-09,0.00828099437057972,83.35632149869896,193.54738477429257
N24001255,2024-10,0.0033509726636111736,206.5027804448614,240.0
N24001255,2024-11,0.002505423966795206,240.0,240.0
N24001255,2024-12,0.0010665134759619832,240.0,240.0
N24001255,2025-01,0.0005965238465190925,240.0,240.0
N24001255,2025-03,0.002956489799544215,234.10262864569623,240.0
N24001255,2025-04,0.005613234359771013,123.1375553469991,240.0
N24001255,2025-05,0.007198451552540064,95.94415943342521,222.77543932882236
N24001256,2024-07,0.00085205050459769,240.0,240.0
N24001256,2024-09,0.005384922493249178,128.3731065813059,240.0
N24001256,2024-10,0.001186107168905437,240.0,240.0
N24001256,2024-11,0.0010822141775861382,240.0,240.0
N24001256,2024-12,0.0011349422857165337,240.0,240.0
N24001256,2025-01,0.0005579196048057788,240.0,240.0
N24001256,2025-03,0.0015610898844897747,240.0,240.0
N24001256,2025-04,0.0017804944654926658,240.0,240.0
N24001256,2025-05,0.0019823990296572447,240.0,240.0
N24001257,2024-09,0.0013543906388804317,240.0,240.0
N24001257,2024-10,0.002605777932330966,240.0,240.0
N24001257,2024-11,0.0018454899545758963,240.0,240.0
N24001257,2024-12,0.0021431075874716043,240.0,240.0
N24001257,2025-01,0.0010224973540650106,240.0,240.0
N24001257,2025-03,0.0024886380415409803,240.0,240.0
N24001257,2025-04,0.005851641297340393,118.10655120874691,240.0
N24001257,2025-05,0.008675030432641506,79.55433511739862,184.71944577917216
N24001258,2024-07,0.003265811839319066,211.89669013412723,240.0
N24001258,2024-09,0.008513906970620155,81.06645782296417,188.23048597214188
N24001258,2024-10,0.005614565685391426,123.10827464019908,240.0
N24001258,2024-11,0.007103224750608206,97.23505729665305,225.77281134508112
N24001258,2024-12,0.007557516451925039,91.36925306915023,212.15283571013327
N24001258,2025-01,0.004640792557011997,149.0128138691235,240.0
N24001258,2025-03,0.007028474472463131,98.27288071361265,228.18256269445163
N24001258,2025-04,0.010152454487979412,67.92668951779243,157.72088878405313
N24001258,2025-05,0.013124569319188595,52.46561003738493,121.82137396120847
N24001259,2024-07,0.004002627659599245,172.82622993792108,240.0
N24001259,2024-09,0.030364427715539932,22.47925095301353,52.19520433982563
N24001259,2024-10,0.01457962580025196,47.194757130464346,109.58283251261084
N24001259,2024-11,0.014588815160095692,47.164810212591355,109.51329792264625
N24001259,2024-12,0.014398290775716305,47.79352370423728,110.97312544253366
N24001259,2025-01,0.007266888301431629,95.03732256767832,220.66982933276503
N24001259,2025-03,0.009240863844752312,74.66180622728344,173.3593454941656
N24001259,2025-04,0.011423868127167225,60.32811130815662,140.07753655790083
N24001261,2024-07,0.008774612795163006,78.64753472901745,182.61392048093518
N24001261,2024-09,0.029918726533651352,22.81934179678095,52.98487082478315
N24001261,2024-10,0.013179897330701351,52.2439028469043,121.30658580679294
N24001261,2024-11,0.012476785108447075,55.20765180767625,128.18819778500256
N24001261,2024-12,0.009141561575233936,75.47661324468544,175.25126879978274
N24001261,2025-01,0.003996375365142968,173.0971580059973,240.0
N24001261,2025-03,0.005831722170114517,118.51114804928685,240.0
N24001261,2025-04,0.00862837489694357,79.98638248197186,185.72262869329683
N24001261,2025-05,0.01755935326218605,39.12693105389083,90.84992048074992
N24001262,2024-07,0.016556298578818462,41.51853360899693,96.40304964525517
N24001262,2024-09,0.004644067492336035,148.90748721370565,240.0
N24001262,2024-10,0.0033683248329907656,205.43717900883124,240.0
N24001262,2024-11,0.0033409581519663334,207.12281190028546,240.0
N24001262,2024-12,0.006048792041838169,114.24573772578852,240.0
N24001262,2025-01,0.00298071178257997,232.1974350748608,240.0
N24001262,2025-03,0.004981948062777519,138.7848935777609,240.0
N24001262,2025-04,0.004796776454895735,144.15585524388374,240.0
N24001262,2025-05,0.0040010930970311165,172.8926480909739,240.0
N24001263,2024-07,0.06920848010011804,9.664634482243784,22.44058633113902
N24001263,2024-09,0.07416386157274246,8.995133971939879,20.886054286722956
N24001263,2024-10,0.048375677317380905,13.978985658229231,32.45819953786996
N24001263,2024-11,0.05275614559650421,12.788996119672458,29.69512939567294
N24001263,2024-12,0.15185540914535522,4.208437869158138,9.771690123986186
N24001263,2025-01,0.10530228477071368,6.2294520480185005,14.464339726047774
N24001263,2025-03,0.2637670934200287,2.2636425487796763,5.256015230793967
N24001263,2025-04,0.2858465313911438,2.058909696548191,4.780640269251259
N24001263,2025-05,0.280015766620636,2.1098703109673025,4.898967151603715
N24001264,2024-07,0.0032901455729290596,210.32694795613222,240.0
N24001264,2024-09,0.006321827881038189,109.29653561464056,240.0
N24001264,2024-10,0.005247737746685743,131.7380730004025,240.0
N24001264,2024-11,0.006406798493117094,107.84237643006361,240.0
N24001264,2024-12,0.005209367722272873,132.7109577442391,240.0
N24001264,2025-01,0.0028407286463926207,240.0,240.0
N24001264,2025-03,0.004634141456335783,149.22718106270207,240.0
N24001264,2025-04,0.005617971532046795,123.0334308111303,240.0
N24001264,2025-05,0.006344354245811701,108.90723244259749,240.0
N24001266,2024-07,0.006082006531191397,113.61993299102875,240.0
N24001266,2024-09,0.0134207708761096,51.299990722122686,119.1148897251577
N24001266,2024-10,0.011348459869623184,60.73129133114468,141.01369158057415
N24001266,2024-11,0.013070705346763134,52.683253709875174,122.32672691903802
N24001266,2024-12,0.011041689664125443,62.42824803380363,144.95390302428538
N24001266,2025-01,0.0058659027253965546,117.81856136444736,240.0
N24001266,2025-03,0.009203107096254826,74.96954067038968,174.07388274337853
N24001266,2025-04,0.01223208848387003,56.319014267568754,130.7687015042301
N24001266,2025-05,0.014384160749614239,47.84081492904864,111.08293226606479
N24001269,2024-07,0.002223977497111451,240.0,240.0
N24001269,2024-09,0.011436368338763714,60.26179103705216,139.92354565716286
N24001269,2024-10,0.003191002644598484,216.87248532488536,240.0
N24001269,2024-11,0.00927040446549654,74.42278473512955,172.80435477625164
N24001269,2024-12,0.009305589832365513,74.14007021952105,172.14791199962778
N24001269,2025-01,0.0026275574583753958,240.0,240.0
N24001269,2025-03,0.0054814498871564865,126.10636395620611,240.0
N24001269,2025-04,0.00428741006180644,161.32355044871645,240.0
N24001269,2025-05,0.008763475343585014,78.74792919346186,182.84702920849978
N24001270,2024-07,0.0024392916439919254,240.0,240.0
N24001270,2024-09,0.017793778330087662,38.60685802658085,89.64234830724574
N24001270,2024-10,0.003888850100338459,177.8928255702025,240.0
N24001270,2024-11,0.004742768127471209,145.8013846366828,240.0
N24001270,2024-12,0.0046194675378501415,149.70230962157976,240.0
N24001270,2025-01,0.0033489407265264726,206.62828450601924,240.0
N24001270,2025-03,0.01056748628616333,65.24524995825736,151.49477893602628
N24001270,2025-04,0.009865806438028812,69.9103825708985,162.326881415693
N24001270,2025-05,0.00860758125782013,80.18044807193658,186.1732350388868
N24001271,2024-07,0.0023054994128135498,240.0,240.0
N24001271,2024-09,0.021617544814944267,31.716266908538806,73.6428911998826
N24001271,2024-10,0.0014054785715416074,240.0,240.0
N24001271,2024-11,0.0019096252508461475,240.0,240.0
N24001271,2024-12,0.0019454262219369411,240.0,240.0
N24001271,2025-01,0.0009332740934107076,240.0,240.0
N24001271,2025-03,0.009098474867641926,75.83568630207589,176.08501061985467
N24001271,2025-04,0.011320428922772408,60.882531837664544,141.3648611617476
N24001271,2025-05,0.012897985987365246,53.393406398915005,123.97565039937942
N24001272,2024-07,0.000996438836632696,240.0,240.0
N24001272,2024-09,0.011648996733129025,59.15548587087056,137.35478461028674
N24001272,2024-10,0.0009255250333808362,240.0,240.0
N24001272,2024-11,0.0016252718633040786,240.0,240.0
N24001272,2024-12,0.0015313558978959918,240.0,240.0
N24001272,2025-01,0.0009801392512058804,240.0,240.0
N24001272,2025-03,0.00498083746060729,138.815916543703,240.0
N24001272,2025-04,0.006506399251520634,106.18619522908872,240.0
N24001272,2025-05,0.008952251635491848,77.08004026209258,178.97431103960182
N24001273,2024-07,0.003332145495036798,207.67151540852896,240.0
N24001273,2024-09,0.021373286843299866,32.08271596972178,74.49375957038845
N24001273,2024-10,0.0018913173116743565,240.0,240.0
N24001273,2024-11,0.002638577949255705,240.0,240.0
N24001273,2024-12,0.003733052173629403,185.33161729973742,240.0
N24001273,2025-01,0.0029204349872400392,236.99707220796842,240.0
N24001273,2025-03,0.00822918675839901,83.8832869169915,194.77096058406005
N24001273,2025-04,0.009955237619578838,69.27923080941316,160.86139240856258
N24001273,2025-05,0.014026418328285217,49.069871845114704,113.9367140496942
N24001274,2024-07,0.002846781761576489,240.0,240.0
N24001274,2024-09,0.0026072741020470858,240.0,240.0
N24001274,2024-10,0.001126854564063251,240.0,240.0
N24001274,2024-11,0.0021623745560646057,240.0,240.0
N24001274,2024-12,0.002578168176114559,240.0,240.0
N24001274,2025-01,0.001194586753780702,240.0,240.0
N24001274,2025-03,0.0029610544443130493,233.74121047241175,240.0
N24001274,2025-04,0.0037679867818951607,183.61011178053556,240.0
N24001274,2025-05,0.0045359181240201,152.466147114154,240.0
N24001275,2024-07,0.002577718169506804,240.0,240.0
N24001275,2024-09,0.011273586191236973,61.13694956735639,141.95560083615658
N24001275,2024-10,0.005027865059673786,137.51426962124881,240.0
N24001275,2024-11,0.005902447737753391,117.08693756002063,240.0
N24001276,2024-07,0.006893082240022497,100.20995574935212,232.68031164184004
N24001276,2024-09,0.039261601865291595,17.30569519193482,40.1825798677106
N24001276,2024-10,0.011378834955394268,60.56824426947911,140.63510802730403
N24001276,2024-11,0.01417568325996399,48.54951681360115,112.72848708270688
N24001276,2024-12,0.009283814579248428,74.31478170850728,172.5535795144045
N24001276,2025-01,0.004103796576705121,168.5570727820871,240.0
N24001277,2024-07,0.06016495154549073,11.17062260696841,25.93738246850386
N24001277,2024-09,0.05772631987929344,11.657464285397204,27.067793839409795
N24001277,2024-10,0.021472720429301262,31.9325342227774,74.14504835281903
N24001277,2024-11,0.020052209496498108,34.219378811356954,79.45493705168303
N24001277,2024-12,0.051273055374622345,13.169127757694957,30.577767725752935
N24001277,2025-01,0.020359524040854726,33.69759115524216,78.24338363338465
N24001277,2025-03,0.02060900256037712,33.2854466373869,77.28641369822272
N24001278,2024-07,0.03415980036490751,19.942731208977154,46.30558788291106
N24001278,2024-09,0.04562254250049591,14.843814555765624,34.466270052330174
N24001278,2024-10,0.014472825452685356,47.545594765014215,110.397452273016
N24001278,2024-11,0.016486775130033493,41.69508366055346,96.81298617011808
N24001278,2024-12,0.016128497198224068,42.629038087112264,98.9815611924894
N24001278,2025-01,0.007741331790568351,89.19147028352985,207.09618067563926
N24001278,2025-03,0.04448559880256653,15.232181624104943,35.36803045943628
N24001278,2025-04,0.04860023781657219,13.91276663402427,32.30444372515244
N24001278,2025-05,0.04104112088680267,16.540095739934806,38.4049129906814
N24001280,2024-07,0.07195240690334737,9.282525578035498,21.553356931151175
N24001280,2024-09,0.27231547236442566,2.1804783733092887,5.062913995281131
N24001281,2024-07,0.004778365374625282,144.71262640462749,240.0
N24001281,2024-09,0.00587444007396698,117.64683048482539,240.0
N24001281,2024-10,0.0030800355598330498,224.69843588466958,240.0
N24001281,2024-11,0.0022167314309626818,240.0,240.0
N24001281,2024-12,0.0024778482038527727,240.0,240.0
N24001281,2025-01,0.0009027775877635813,240.0,240.0
N24001281,2025-03,0.001245897263288498,240.0,240.0
N24001281,2025-04,0.002558815758675337,240.0,240.0
N24001281,2025-05,0.0028232960030436516,240.0,240.0
N24001282,2024-07,0.0006361628984045131,240.0,240.0
N24001282,2024-09,0.007498956751078367,92.0854730406607,213.81584698410285
N24001282,2024-10,0.00276309996843338,240.0,240.0
N24001282,2024-11,0.0034449708182364702,200.85875743746365,240.0
N24001282,2024-12,0.0038354448042809963,180.3746633398091,240.0
N24001282,2025-01,0.00225361567100435,240.0,240.0
N24001282,2025-03,0.029301753267645836,23.307193458975117,54.11762730536929
N24001282,2025-04,0.013352183625102043,51.56529586730436,119.73090919547319
N24001282,2025-05,0.015815556049346924,43.479430048589485,100.95611017950971
N24001283,2024-07,0.036252838001644805,18.771098160437365,43.585140190608
N24001284,2024-07,0.01796872564602614,38.227578785750225,88.76168918215357
N24001284,2024-09,0.05063234269618988,13.340235843737986,30.975068397998644
N24001286,2024-07,0.05258643135647556,12.831409505652537,29.79361022817939
N24001286,2024-09,0.27825477719306946,2.125676627908396,4.935668282985935
N24001286,2024-10,0.09168528020381927,7.20794307744577,16.736325537870208
N24001286,2024-11,0.1013653576374054,6.4853612139961125,15.058542408270384
N24001286,2024-12,0.10620588064193726,6.173390454146023,14.334168736191103
N24001286,2025-01,0.047886368825285075,14.125424844561339,32.79822079880692
N24001286,2025-03,0.2071119099855423,2.9867611236378018,6.935044565691959
N24001286,2025-04,0.25957947969436646,2.306362340087119,5.355207514438443
N24001286,2025-05,0.30852457880973816,1.878815908501967,4.36247544307204
N24001287,2024-07,0.0014083101844909462,240.0,240.0
N24001287,2024-09,0.0058797807432711124,117.539655163013,240.0
N24001287,2024-10,0.005197037011384964,133.02665712982406,240.0
N24001287,2024-11,0.006111289840191603,113.07383924739082,240.0
N24001287,2024-12,0.00497741624712944,138.9115698984797,240.0
N24001287,2025-01,0.002138539962739161,240.0,240.0
N24001287,2025-03,0.014717062935233116,46.7507704817394,108.55192743918151
N24001287,2025-04,0.026396073400974274,25.911361967006965,60.16431932798934
N24001287,2025-05,0.02818899042904377,24.241061947487612,56.286002785776446
N24001288,2024-09,0.0026165321469306946,240.0,240.0
N24001288,2024-10,0.003270928282290697,211.5646949334261,240.0
N24001288,2024-11,0.0015464040916413069,240.0,240.0
N24001288,2024-12,0.002103477017953992,240.0,240.0
N24001288,2025-01,0.0006243170421804667,240.0,240.0
N24001288,2025-03,0.0021420472767204046,240.0,240.0
N24001288,2025-04,0.0026651895605027676,240.0,240.0
N24001288,2025-05,0.0026175305247306824,240.0,240.0
N24001291,2024-07,0.06330196588053016,10.599501716128048,24.611280826484528
N24001291,2024-09,0.168464794754982,3.7572691449370326,8.724108787682713
N24001291,2024-10,0.12615197896957397,5.140180278781901,11.935129002089651
N24001291,2024-11,0.11795171350240707,5.522712029332799,12.823340220880224
N24001291,2024-12,0.1364205926656723,4.7259145996226755,10.97323388290225
N24001291,2025-01,0.07995476709521487,8.317854940175817,19.313461074791867
N24001292,2024-07,0.033303807424520215,20.464320947973057,47.51668175189062
N24001292,2024-09,0.11682090163230896,5.579670092922963,12.955592748960607
N24001292,2024-10,0.19923672080039978,3.119615959896372,7.243523942542393
N24001292,2024-11,0.2122717946767807,2.9050330639525614,6.745277887768168
N24001292,2024-12,0.20842666923999786,2.9655543025638345,6.885803852037064
N24001292,2025-01,0.14712880455037092,4.3553965355892785,10.11291758035983
N24001293,2024-07,0.039395389996653374,17.24573156534816,40.0433486384677
N24001293,2024-09,0.2956916391849518,1.9773753228481434,4.591323316258073
N24001293,2024-10,0.25510016083717346,2.3535966162734807,5.464882107357226
N24001293,2024-11,0.23399166762828827,2.6003202951117492,6.0377567489257675
N24001293,2024-12,0.3149530291557312,1.8324241389777474,4.254757090042216
N24001293,2025-01,0.21513195487824188,2.861410678573886,6.643989845591418
N24001297,2024-07,0.0028061996938876232,240.0,240.0
N24001297,2024-09,0.00486625824123621,142.0926014436985,240.0
N24001297,2024-10,0.00652286084368825,105.91733905007905,240.0
N24001297,2024-11,0.021176651120185852,32.38386122194924,75.19299719217733
N24001297,2024-12,0.017487669363617897,39.28874574152266,91.22564255012769
N24001297,2025-01,0.014083177568743888,48.870702798426464,113.47425784455685
N24001297,2025-03,0.057560548186302185,11.692055404309233,27.148111930245225
N24001297,2025-04,0.07778636366128922,8.559658073527181,19.8749105635522
N24001297,2025-05,0.121487557888031,5.3514461649404454,12.42567319865245
N24001300,2024-07,0.02963484539931749,23.041288804031016,53.500215816493245
N24001301,2024-07,0.0009473807135278456,240.0,240.0
N24001301,2024-09,0.0018373345956206322,240.0,240.0
N24001301,2024-10,0.0010087427217513323,240.0,240.0
N24001301,2024-11,0.0008162923040799797,240.0,240.0
N24001301,2024-12,0.001120261033065617,240.0,240.0
N24001301,2025-01,0.0005856777137078772,240.0,240.0
N24001301,2025-03,0.003691768739372492,187.40798006310953,240.0
N24001301,2025-04,0.004711871035397053,146.75972238011707,240.0
N24001301,2025-05,0.004650790244340897,148.69173857620322,240.0
N24001303,2024-07,0.021131459221895632,32.45386408782381,75.35553881317412
N24001303,2024-09,0.09318128228187561,7.086472876480685,16.454280465557762
N24001303,2024-10,0.02742394432425499,24.927075040331914,57.8788758595122
N24001303,2024-11,0.025101857259869576,27.265340261111522,63.30815956893837
N24001303,2024-12,0.026378950104117393,25.928408728875105,60.203900683297825
N24001303,2025-01,0.00984275711973781,70.07490978214399,162.70890176985736
N24001303,2025-03,0.025562310591340065,26.76791373371633,62.153170939837224
N24001303,2025-04,0.03516994044184685,19.35987001389441,44.95222609862883
N24001303,2025-05,0.03446820378303528,19.76115673706474,45.883985015263306
N24001304,2024-07,0.012613611177610728,54.60501182104516,126.78891106894129
N24001304,2024-09,0.034741420298814774,19.602991486067353,45.516736675337555
N24001304,2024-10,0.00870105903595686,79.31531417240461,184.16445633172407
N24001304,2024-11,0.009619778022170067,71.70725215984496,166.4990833971165
N24001304,2024-12,0.010982383973896503,62.7672436662255,145.7410265072498
N24001304,2025-01,0.003508689922074204,197.2047870594875,240.0
N24001304,2025-03,0.01122183445841074,61.42049916824155,142.6139826207459
N24001304,2025-04,0.013899249024689198,49.5220158598942,114.98655994054589
N24001304,2025-05,0.017158396542072296,40.049393803150735,92.99181265474353
N24001305,2024-07,0.011780977323491482,58.48887758165407,135.80696809527018
N24001305,2024-09,0.044898953288793564,15.088709306706228,35.034898054829604
N24001305,2024-10,0.02094109170138836,32.752062870622076,76.04793494481463
N24001305,2024-11,0.0238115806132555,28.761701295242364,66.78260229418149
N24001305,2024-12,0.026868687942624092,25.44943520642924,59.09175860482361
N24001305,2025-01,0.01033984041201752,66.6893713862302,154.84792505206528
N24001305,2025-03,0.028653545305132866,23.84237255420838,55.360274682387804
N24001305,2025-04,0.054153770208358765,12.449821419139495,28.907590129430442
N24001305,2025-05,0.05872530862689018,11.453141355100627,26.593370687124462
N24001306,2024-07,0.009836194711476676,70.12189360595036,162.81799483035863
N24001306,2024-09,0.045742105692625046,14.804094810835831,34.37404366065593
N24001306,2024-10,0.011412440799176693,60.38886647360489,140.21860568346472
N24001306,2024-11,0.011357991956174374,60.68003120465567,140.89466925273183
N24001306,2024-12,0.019382983446121216,35.41289905567023,82.22620523877086
N24001306,2025-01,0.014754182877305344,46.63227428336275,108.2767877870334
N24001306,2025-03,0.06649583578109741,10.07337072736991,23.389642502096137
N24001306,2025-04,0.0690501406788826,9.687610583891713,22.49393518706633
N24001306,2025-05,0.023185905069112778,29.54726755744338,68.60663066878168
N24001309,2024-07,0.027677915134974196,24.69513580491626,57.3403296324939
N24001309,2024-09,0.15645404160022736,4.073959927216273,9.459442012448738
N24001309,2024-10,0.05102645978331566,13.23447479441386,30.72949884622819
N24001309,2024-11,0.08499237149953842,7.803701109780625,18.119632850903322
N24001309,2024-12,0.09471561014652252,6.965873348311171,16.17425703287081
N24001309,2025-01,0.03733835370140259,18.21517438463505,42.294325156956745
N24001309,2025-03,0.11795669049024582,5.52246375303794,12.822763741175896
N24001309,2025-04,0.18706540763378143,3.3468454942146675,7.771134582264215
N24001309,2025-05,0.20886796712875366,2.9584957905541205,6.8694144946936095
N24001313,2024-07,0.0005076865210359438,240.0,240.0
N24001313,2024-09,0.0014506246661767364,240.0,240.0
N24001313,2024-10,0.0008522015996277332,240.0,240.0
N24001313,2024-11,0.0009054055553860962,240.0,240.0
N24001313,2024-12,0.0008707033121027052,240.0,240.0
N24001313,2025-01,0.00044030901906522146,240.0,240.0
N24001313,2025-03,0.0013657535891979933,240.0,240.0
N24001313,2025-04,0.0013445171061903238,240.0,240.0
N24001313,2025-05,0.0014761982019990683,240.0,240.0
N24001314,2024-07,0.0011708607238695157,240.0,240.0
N24001314,2024-09,0.0019072999712079763,240.0,240.0
N24001314,2024-10,0.0015075447736307979,240.0,240.0
N24001314,2024-11,0.0017127376049757004,240.0,240.0
N24001314,2024-12,0.001392562291584909,240.0,240.0
N24001314,2025-01,0.0007263964213264362,240.0,240.0
N24001314,2025-03,0.0013260507257655263,240.0,240.0
N24001314,2025-04,0.0013638215605169535,240.0,240.0
N24001314,2025-05,0.0018216096796095371,240.0,240.0
N24001315,2024-07,0.00066340991408953,240.0,240.0
N24001315,2024-09,0.005767504218965769,119.83457015459668,240.0
N24001315,2024-10,0.00235829153098166,240.0,240.0
N24001315,2024-11,0.003193213138729334,216.72211569683566,240.0
N24001316,2024-07,0.0007175363483883368,240.0,240.0
N24001316,2024-09,0.0012302862014621496,240.0,240.0
N24001316,2024-10,0.0008174727554433048,240.0,240.0
N24001316,2024-11,0.001312421285547316,240.0,240.0
N24001317,2024-07,0.006328653240786686,109.17828633679085,240.0
N24001317,2024-09,0.03518478944897652,19.35155155835842,44.932911243013734
N24001317,2024-10,0.01947774738073349,35.23890952145823,81.82221405106765
N24001317,2024-11,0.01263379119336605,54.5172350362692,126.5850996862911
N24001317,2024-12,0.021248100325465202,32.27379295955398,74.93742660136633
N24001317,2025-01,0.006516146124332489,106.02684203229443,240.0
N24001317,2025-03,0.03889652341604233,17.471421084254963,40.567383473139024
N24001317,2025-04,0.050702448934316635,13.321302687871256,30.931106971466807
N24001317,2025-05,0.04751332476735115,14.239094543409632,33.062153666100166
N24001318,2024-07,0.11383114022686613,5.735705661566229,13.317896119595131
N24001318,2024-09,0.2634129226207733,2.267203499619552,5.264283502593586
N24001318,2024-10,0.09936326742172241,6.623272069181889,15.378761497516182
N24001318,2024-11,0.059348005801439285,11.329260292807513,26.30572776816159
N24001320,2024-07,0.001277972548269335,240.0,240.0
N24001320,2024-09,0.011068067513406277,62.278637566504564,144.60651827697447
N24001320,2024-10,0.007667224388569593,90.05690708528711,209.1056626999889
N24001320,2024-11,0.010351588949561119,66.61328756260266,154.67126388441804
N24001322,2024-07,0.004089734670817968,169.13782289087231,240.0
N24001322,2024-09,0.011988918296992779,57.468386094068535,133.43746023965193
N24001322,2024-10,0.0052481661550700665,131.72729086639137,240.0
N24001322,2024-11,0.004528693854808807,152.70991806978773,240.0
N24001322,2024-12,0.005712037906050682,121.00158654577444,240.0
N24001322,2025-01,0.0024727188147597445,240.0,240.0
N24001322,2025-03,0.0034286214504390955,201.81820615916007,240.0
N24001322,2025-04,0.0027791389729827642,240.0,240.0
N24001322,2025-05,0.0025790096260607243,240.0,240.0
N24001323,2024-07,0.019654950502003277,34.91806082716971,81.0772264535912
N24001323,2024-09,0.02509738877415657,27.27025697375371,63.31957582215676
N24001323,2024-10,0.03216046839952469,21.204308317729062,49.23487921558889
N24001323,2024-11,0.0376390665769577,18.066841886501077,41.949907762154645
N24001323,2024-12,0.04064240679144859,16.70580674298315,38.78968202429131
N24001323,2025-01,0.018777362026554,36.566312240208205,84.90434771696307
N24001323,2025-03,0.03004671074450016,22.720651295963897,52.755718578237534
N24001323,2025-04,0.03299349173903465,20.660091853342355,47.971247717229126
N24001323,2025-05,0.03995847329497337,16.99775928688751,39.46757483835669
N24001325,2024-07,0.0008075354628098719,240.0,240.0
N24001325,2024-09,0.002985200844705105,231.84774133348375,240.0
N24001325,2024-10,0.001482481718994677,240.0,240.0
N24001325,2024-11,0.0011793745215982199,240.0,240.0
N24001325,2024-12,0.0015289721777662635,240.0,240.0
N24001325,2025-01,0.0008779795919141575,240.0,240.0
N24001325,2025-03,0.0015225193928927183,240.0,240.0
N24001325,2025-04,0.001632551895454526,240.0,240.0
N24001325,2025-05,0.002264950191602111,240.0,240.0
N24001326,2024-07,0.0011839846579403401,240.0,240.0
N24001326,2024-09,0.002384288003668189,240.0,240.0
N24001326,2024-10,0.0013431546976789832,240.0,240.0
N24001326,2024-11,0.001621359959244728,240.0,240.0
N24001326,2024-12,0.0014405614929273725,240.0,240.0
N24001326,2025-01,0.0007114349111414509,240.0,240.0
N24001326,2025-03,0.0024554901756346226,240.0,240.0
N24001326,2025-04,0.0022967872209846973,240.0,240.0
N24001326,2025-05,0.004066125024110079,170.12192393458218,240.0
N24001327,2024-07,0.0020480296714813218,240.0,240.0
N24001327,2024-09,0.0059576393105089664,115.99902709487854,240.0
N24001327,2024-10,0.0038809869438409805,178.25395222412416,240.0
N24001327,2024-11,0.003881121752783656,178.2477486030581,240.0
N24001327,2024-12,0.0043675461784005165,158.35720376947904,240.0
N24001327,2025-01,0.0020333724080315863,240.0,240.0
N24001327,2025-03,0.0033311934676021338,207.73096536149717,240.0
N24001327,2025-04,0.0024900459684431553,240.0,240.0
N24001327,2025-05,0.0029112938791513443,237.74230339947124,240.0
N24001331,2024-07,0.0016313077202206872,240.0,240.0
N24001331,2024-09,0.00726799201220274,95.02283752626316,220.6361961081476
N24001331,2024-10,0.0033579966984689236,206.07010586761513,240.0
N24001331,2024-11,0.004759444389492273,145.28930578217347,240.0
N24001331,2024-12,0.004125355277210474,167.67439646428085,240.0
N24001331,2025-01,0.002729746048191428,240.0,240.0
N24001331,2025-03,0.006810891442000866,101.42343666581719,235.49792707438996
N24001331,2025-04,0.005347155034542084,129.2822701797636,240.0
N24001331,2025-05,0.005992286838591099,115.32631038439857,240.0
N24001332,2024-07,0.0007424618349063383,240.0,240.0
N24001332,2024-09,0.0032094167545437813,215.62618334445685,240.0
N24001332,2024-10,0.0014379250351339579,240.0,240.0
N24001332,2024-11,0.00347905233502388,198.88770443995327,240.0
N24001332,2024-12,0.002034517703577876,240.0,240.0
N24001332,2025-01,0.0011791904817686216,240.0,240.0
N24001332,2025-03,0.005330402869731188,129.6896641763853,240.0
N24001332,2025-04,0.004831537138670683,143.1162228263731,240.0
N24001332,2025-05,0.006519190967082977,105.97715908406917,240.0
N24001333,2024-07,0.03542539744349604,19.21773416012221,44.62219686646434
N24001334,2024-07,0.0007645596201998339,240.0,240.0
N24001334,2024-09,0.003644012613222003,189.8685781435537,240.0
N24001334,2024-10,0.0010430376278236508,240.0,240.0
N24001334,2024-11,0.0006476324633695185,240.0,240.0
N24001334,2024-12,0.000738792063202709,240.0,240.0
N24001334,2025-01,0.0002694084521677187,240.0,240.0
N24001334,2025-03,0.00083115667803213,240.0,240.0
N24001334,2025-04,0.0008624750189483166,240.0,240.0
N24001334,2025-05,0.0009682793752290308,240.0,240.0
N24001335,2024-07,0.0016512942266696529,240.0,240.0
N24001335,2024-09,0.007429416757076979,92.95065323990767,215.82473319587464
N24001335,2024-10,0.0036704528611153364,188.49835295419496,240.0
N24001335,2024-11,0.0032747143413871527,211.3196934043783,240.0
N24001335,2024-12,0.0017874159384518862,240.0,240.0
N24001335,2025-01,0.001048039008272994,240.0,240.0
N24001335,2025-03,0.0019800635054707527,240.0,240.0
N24001335,2025-04,0.002122154226526618,240.0,240.0
N24001335,2025-05,0.0023164129815995693,240.0,240.0
N24001336,2024-07,0.0008390003722575923,240.0,240.0
N24001336,2024-09,0.005357260350137949,129.03775216786306,240.0
N24001336,2024-10,0.002126114210113883,240.0,240.0
N24001336,2024-11,0.0026842604856938124,240.0,240.0
N24001336,2024-12,0.002652466529980302,240.0,240.0
N24001336,2025-01,0.0008499674587834072,240.0,240.0
N24001336,2025-03,0.0017754819709807634,240.0,240.0
N24001336,2025-04,0.0018911121878772974,240.0,240.0
N24001336,2025-05,0.0017365696839988232,240.0,240.0
N24001337,2024-07,0.0006491575533251748,240.0,240.0
N24001337,2024-09,0.002071393420919776,240.0,240.0
N24001337,2024-10,0.0013517303159460425,240.0,240.0
N24001337,2024-11,0.0008844743715599179,240.0,240.0
N24001337,2024-12,0.00098943873308599,240.0,240.0
N24001337,2025-01,0.00042413013359499097,240.0,240.0
N24001337,2025-03,0.0007152099278755486,240.0,240.0
N24001337,2025-04,0.000581375032197684,240.0,240.0
N24001337,2025-05,0.0006275345804169774,240.0,240.0
N24001338,2024-07,0.0006572950612656614,240.0,240.0
N24001338,2024-09,0.0032472629100084305,213.10906264598367,240.0
N24001338,2024-10,0.0016063712537288666,240.0,240.0
N24001338,2024-11,0.001174091245047748,240.0,240.0
N24001338,2024-12,0.0007340791635215282,240.0,240.0
N24001338,2025-01,0.00042832310516749406,240.0,240.0
N24001338,2025-03,0.000697942974511534,240.0,240.0
N24001338,2025-04,0.0005649972008541226,240.0,240.0
N24001338,2025-05,0.0006377496174536645,240.0,240.0
N24001339,2024-07,0.03686536201506907,18.453382761351353,42.84742787929184
N24001339,2024-09,0.06092481315135956,11.026887338569109,25.60363951058135
N24001339,2024-10,0.020431984215974808,33.576848132829696,77.96302701738355
N24001339,2024-11,0.02495565265417099,27.427124041379077,63.683809873638694
N24001339,2024-12,0.015247339382767677,45.11274433625935,104.7485485118313
N24001339,2025-01,0.014776780743151141,46.56042773576617,108.10996526964824
N24001339,2025-03,0.060722481459379196,11.06480907074279,25.691691045922212
N24001339,2025-04,0.08106481283903122,8.199074607159664,19.037661682441588
N24001339,2025-05,0.08847614377737045,7.4823595779079755,17.373500919994076
N24001341,2024-07,0.003360878188691241,205.89313165691416,240.0
N24001341,2024-09,0.025471005588769913,26.865120840026318,62.37887885100108
N24001341,2024-10,0.00383845716714859,180.23283570987124,240.0
N24001341,2024-11,0.0025461947079747915,240.0,240.0
N24001341,2024-12,0.0032629782799631357,212.08100179827815,240.0
N24001341,2025-01,0.003347091681348724,206.74262454109552,240.0
N24001341,2025-03,0.019349854439496994,35.474126959154724,82.36837202806255
N24001341,2025-04,0.01536412164568901,44.767195724035666,103.9462094809598
N24001341,2025-05,0.04435375705361366,15.278505327982431,35.47559076892866
N24001342,2024-07,0.009991002760394663,69.02998473514236,160.2826609461728
N24001342,2024-09,0.060869812965393066,11.03717072868623,25.627516803004976
N24001342,2024-10,0.016286732628941536,42.21148568375777,98.01203453605285
N24001342,2024-11,0.020750543102622032,33.05602431154839,76.75371155426389
N24001342,2024-12,0.02613755874335766,26.171097833875077,60.767407334520335
N24001342,2025-01,0.018246859339726917,37.63956738428765,87.39636898898353
N24001343,2024-07,0.0005181867482497715,240.0,240.0
N24001343,2024-09,0.0022827021311968565,240.0,240.0
N24001343,2024-10,0.002002508845180273,240.0,240.0
N24001343,2024-11,0.0025694696232676506,240.0,240.0
N24001343,2024-12,0.0032619875855743885,212.14551804051922,240.0
N24001343,2025-01,0.0009582747038535677,240.0,240.0
N24001343,2025-03,0.0050328439101576805,137.37788720158602,240.0
N24001343,2025-04,0.004695777781307697,147.2638833275927,240.0
N24001343,2025-05,0.005112159997224808,135.24105815357893,240.0
N24001344,2024-07,0.0018588568328146149,240.0,240.0
N24001344,2024-09,0.002334998222067952,240.0,240.0
N24001344,2024-10,0.0023075633216649294,240.0,240.0
N24001344,2024-11,0.002050439128652215,240.0,240.0
N24001344,2024-12,0.0016515526222065091,240.0,240.0
N24001344,2025-01,0.0008049466271333738,240.0,240.0
N24001344,2025-03,0.002982090227305889,232.08994351233582,240.0
N24001344,2025-04,0.00258463597856462,240.0,240.0
N24001344,2025-05,0.00318659795448184,217.1727379084019,240.0
N24001345,2024-07,0.0005218590001713208,240.0,240.0
N24001345,2024-09,0.0019231087062507868,240.0,240.0
N24001345,2024-10,0.0010704859159886837,240.0,240.0
N24001345,2024-11,0.0010570513550192118,240.0,240.0
N24001345,2024-12,0.0003717516956385225,240.0,240.0
N24001345,2025-01,0.00019387529029435413,240.0,240.0
N24001345,2025-03,0.0005023590056225657,240.0,240.0
N24001345,2025-04,0.00048217704170383513,240.0,240.0
N24001345,2025-05,0.0005535832606256008,240.0,240.0
N24001348,2024-07,0.000699991824200219,240.0,240.0
N24001348,2024-09,0.0027220386546105146,240.0,240.0
N24001348,2024-10,0.0014480780810117722,240.0,240.0
N24001348,2024-11,0.0011800358770415187,240.0,240.0
N24001348,2024-12,0.0005335776368156075,240.0,240.0
N24001348,2025-01,0.00024401867928980359,240.0,240.0
N24001348,2025-03,0.0012918321881443262,240.0,240.0
N24001348,2025-04,0.001231478643603623,240.0,240.0
N24001348,2025-05,0.0014726620865985751,240.0,240.0
N24001349,2024-07,0.003586603710805103,192.91325996709523,240.0
N24001349,2024-09,0.006828144658356905,101.16628428318045,234.9008377324785
N24001349,2024-10,0.00215458357706666,240.0,240.0
N24001349,2024-11,0.001663004863075912,240.0,240.0
N24001349,2024-12,0.002185179153457284,240.0,240.0
N24001349,2025-01,0.0017804840552425594,240.0,240.0
N24001349,2025-03,0.004605589900165796,150.15444094499665,240.0
N24001349,2025-04,0.005260827485471964,131.4094247975828,240.0
N24001349,2025-05,0.006775425281375647,101.95615887236646,236.73486973254708
N24001350,2024-07,0.007789941541045731,88.63274133639662,205.79885223586376
N24001350,2024-09,0.033573977649211884,20.29682352722073,47.12776478482462
N24001350,2024-10,0.02539263851940632,26.949111145870106,62.57389830183795
N24001350,2024-11,0.00978052243590355,70.52301772802015,163.74937619892953
N24001350,2024-12,0.00883521232753992,78.10571774735813,181.3558604089333
N24001350,2025-01,0.007793772585081515,88.58900293643183,205.69729481616008
N24001350,2025-03,0.0433054156601429,15.656885402175616,36.35416209374338
N24001350,2025-04,0.0428021065890789,15.845130186211495,36.791252946512294
N24001350,2025-05,0.0782843753695488,8.502939493773857,19.743214099720845
N24001351,2024-07,0.06033364096783367,11.138400795490519,25.86256573916518
N24001352,2024-07,0.046342498195107384,14.607738198303581,33.918117725400386
N24001352,2024-09,0.15784265100955963,4.034889158206818,9.36872249619683
N24001352,2024-10,0.070592500269413,9.468189917601892,21.984456177409093
N24001352,2024-11,0.09752289205789566,6.7550334224975925,15.684701885600294
N24001352,2024-12,0.0958828255534172,6.876711913296475,15.967230591929711
N24001353,2024-07,0.0008435122930696703,240.0,240.0
N24001353,2024-09,0.00367486709728837,188.27151264627773,240.0
N24001353,2024-10,0.001127975876443088,240.0,240.0
N24001353,2024-11,0.0007687375182285905,240.0,240.0
N24001353,2024-12,0.0008084421278908849,240.0,240.0
N24001353,2025-01,0.0009979235647911144,240.0,240.0
N24001353,2025-03,0.0029455057810992002,234.97690909396516,240.0
N24001353,2025-04,0.0028611188754439354,240.0,240.0
N24001354,2024-07,0.004248148092711679,162.81773254752162,240.0
N24001354,2024-09,0.009384523145854473,73.51355320503941,170.6931845417779
N24001354,2024-10,0.0038626755122095346,179.1006294875554,240.0
N24001354,2024-11,0.0052057490684092045,132.80344997332114,240.0
N24001354,2024-12,0.007121311035007238,96.98722314647279,225.19735826890505
N24001354,2025-01,0.004659489186659704,148.41349340308855,240.0
N24001354,2025-03,0.021783458068966866,31.472041542017525,73.07581745987267
N24001354,2025-04,0.010068163275718689,68.4982868547566,159.04809669971306
N24001354,2025-05,0.011355631053447723,60.69271927114009,140.9241300307718
N24001355,2024-07,0.0870877925892336,7.6073413814073305,17.663699680888918
N24001355,2024-09,0.27364182472229004,2.1680359586058313,5.034023603012934
N24001355,2024-10,0.12138737738132477,5.356161471218915,12.436621800776425
N24001355,2024-11,0.15049196779727936,4.249884603489486,9.867926460871475
N24001355,2024-12,0.15671958029270172,4.066435168608991,9.441970064031244
N24001355,2025-01,0.06984168041529337,9.573793774657531,22.22966074003505
N24001356,2024-07,0.102891063296631,6.383865208006811,14.82287598044497
N24001356,2024-09,0.26403146982192993,2.2609905910748878,5.249857575692765
N24001356,2024-10,0.07926104217767715,8.393775193591356,19.489742444168378
N24001356,2024-11,0.09197615832090378,7.184015573377875,16.680767593934434
N24001356,2024-12,0.11002781987190247,5.946439620925824,13.807205220379029
N24001356,2025-01,0.08495859250233773,7.806945778414969,18.127166738164004
N24001356,2025-03,0.28400716185569763,2.0747622391334954,4.817448733255475
N24001356,2025-04,0.2612302005290985,2.2893604965816765,5.315730456338278
N24001356,2025-05,0.23445576429367065,2.5944217011493933,6.02406063788424
N24001357,2024-07,0.1403559325694983,4.583189734086677,10.641837007775194
N24001357,2024-09,0.3102078139781952,1.8664854124681365,4.333844917907193
N24001358,2024-07,0.0005428402943071786,240.0,240.0
N24001358,2024-09,0.0017554396763443947,240.0,240.0
N24001358,2024-10,0.002029032912105322,240.0,240.0
N24001358,2024-11,0.002368255751207471,240.0,240.0
N24001358,2024-12,0.0022323383018374443,240.0,240.0
N24001358,2025-01,0.0018375635330151185,240.0,240.0
N24001358,2025-03,0.0017275704303756356,240.0,240.0
N24001358,2025-04,0.0018985222559422255,240.0,240.0
N24001358,2025-05,0.001954963430762291,240.0,240.0
N24001359,2024-07,0.0010969082053446932,240.0,240.0
N24001359,2024-09,0.003653616411611438,189.3685825716484,240.0
N24001359,2024-10,0.004320438019931316,160.08764553880593,240.0
N24001359,2024-11,0.004244571086019278,162.95523562227956,240.0
N24001359,2024-12,0.004595822189003229,150.4743087703095,240.0
N24001359,2025-01,0.0020697856898045375,240.0,240.0
N24001359,2025-03,0.0029471907764673233,234.84236756502804,240.0
N24001359,2025-04,0.002516389824450016,240.0,240.0
N24001359,2025-05,0.0033966738265007734,203.71968310820486,240.0
N24001360,2024-07,0.002869227222086046,240.0,240.0
N24001360,2024-09,0.007497452199459076,92.10402202135329,213.85891638350452
N24001360,2024-10,0.010405009612441063,66.2695007854707,153.87301570794452
N24001360,2024-11,0.0090224239975214,76.47784270062452,177.57605160295645
N24001360,2024-12,0.005947329569607973,116.20071427319634,240.0
N24001360,2025-01,0.016858773783742453,40.767366989239285,94.65889476689831
N24001360,2025-03,0.06523409485816956,10.275065456095462,23.85796315931468
N24001360,2025-04,0.07063357532024384,9.462477395563868,21.97119211199634
N24001361,2024-07,0.0008888854678120728,240.0,240.0
N24001361,2024-09,0.0025190904270857573,240.0,240.0
N24001361,2024-10,0.0014565297169610858,240.0,240.0
N24001361,2024-11,0.0014509893953800201,240.0,240.0
N24001361,2024-12,0.0012017945991829038,240.0,240.0
N24001361,2025-01,0.0006022488582501095,240.0,240.0
N24001361,2025-03,0.002917527686804533,237.2335841939381,240.0
N24001361,2025-04,0.0040904623456299305,169.10767229643855,240.0
N24001362,2024-07,0.000499925567088777,240.0,240.0
N24001362,2024-09,0.0021686647087335587,240.0,240.0
N24001362,2024-10,0.001619642716832459,240.0,240.0
N24001362,2024-11,0.0015454686945304275,240.0,240.0
N24001362,2024-12,0.0016259668627753854,240.0,240.0
N24001362,2025-01,0.0005820420941982096,240.0,240.0
N24001362,2025-03,0.00189111044164747,240.0,240.0
N24001362,2025-04,0.00207157782278955,240.0,240.0
N24001362,2025-05,0.0018428487237542868,240.0,240.0
N24001363,2024-07,0.00258922248317095,240.0,240.0
N24001363,2024-09,0.020678317174315453,33.1727025302086,77.02462998823245
N24001363,2024-10,0.00676712254062295,102.08167744969509,237.02631484367672
N24001363,2024-11,0.007384462747722864,93.51861914783476,217.14350919442873
N24001363,2024-12,0.016851374879479408,40.78541968251283,94.70081182259854
N24001363,2025-01,0.009811395841452186,70.30000961922035,163.23156740571955
N24001363,2025-03,0.007548898924142122,91.47395327174573,212.39594205208016
N24001363,2025-04,0.011623019352555275,59.28847565815196,137.66357733370853
N24001363,2025-05,0.01194634847342968,57.674409886806586,133.91583267222566
N24001366,2024-07,0.0077933760105607375,88.59352856726879,205.70780300554753
N24001366,2024-09,0.07564038038253784,8.812602503609074,20.46222934220462
N24001366,2024-10,0.07318045198917389,9.120790311783793,21.177819272507254
N24001366,2024-11,0.07685939967632294,8.667186237681765,20.124583228894384
N24001366,2024-12,0.2004198133945465,3.098993901908219,7.195641006725303
N24001366,2025-01,0.10232565576846775,6.421125735861193,14.909392246900392
N24001366,2025-03,0.32035577297210693,1.7948540747368331,4.167522102354514
N24001366,2025-04,0.35981565713882446,1.5541447674061668,3.608612398962564
N24001366,2025-05,0.3442605435848236,1.6425610182643884,3.813908575874877
N24001368,2024-07,0.0016766881301198966,240.0,240.0
N24001368,2024-09,0.003859469434246421,179.2496974274247,240.0
N24001368,2024-10,0.0018179189646616578,240.0,240.0
N24001368,2024-11,0.0018095090053975582,240.0,240.0
N24001368,2024-12,0.001077863504178822,240.0,240.0
N24001368,2025-01,0.0005181842440227236,240.0,240.0
N24001368,2025-03,0.0027687593828886747,240.0,240.0
N24001368,2025-04,0.0025408633518964052,240.0,240.0
N24001368,2025-05,0.0033216525334864855,208.32863707630392,240.0
N24001369,2024-07,0.00830570317958712,83.10730914841005,192.96919600218283
N24001369,2024-09,0.031084731221199036,21.95024079410265,50.96688078936963
N24001369,2024-10,0.005612899549305439,123.14492123629795,240.0
N24001369,2024-11,0.005801052320748568,119.13954595290988,240.0
N24001369,2024-12,0.005455563310533762,126.70638450253315,240.0
N24001369,2025-01,0.0022387948405373503,240.0,240.0
N24001369,2025-03,0.00928171444684267,74.3316752469346,172.59280509590093
N24001369,2025-04,0.012298157438635826,56.01458405805185,130.06183644782035
N24001369,2025-05,0.01900535449385643,36.12347047910993,83.87610099027961
N24001370,2024-07,0.028432166245169865,24.030739212637226,55.79764851873379
N24001370,2024-09,0.12827801704406738,5.048974976676673,11.723356848728832
N24001370,2024-10,0.027221577242016792,25.11498504444156,58.31518937736479
N24001370,2024-11,0.027990812435746193,24.415168549864767,56.69026579734134
N24001370,2024-12,0.05784149840474129,11.633547005851248,27.012259636078767
N24001370,2025-01,0.026694081965536576,25.618187540506657,59.483589390395785
N24001370,2025-03,0.07564441859722137,8.812113053795114,20.461092874930543
N24001370,2025-04,0.10749773681163788,6.094875239646318,14.15186205376813
N24001370,2025-05,0.13134153187274933,4.92273682974773,11.430240948727999
N24001371,2024-07,0.0007275696347310845,240.0,240.0
N24001371,2024-09,0.0010560554219409823,240.0,240.0
N24001371,2024-10,0.000624053820502013,240.0,240.0
N24001371,2024-11,0.0007069803541526198,240.0,240.0
N24001371,2024-12,0.0009389669285155833,240.0,240.0
N24001371,2025-01,0.0004759590338233588,240.0,240.0
N24001371,2025-03,0.001931945327669382,240.0,240.0
N24001371,2025-04,0.0018620665650814772,240.0,240.0
N24001371,2025-05,0.0019287155009806156,240.0,240.0
N24001372,2024-07,0.0017350726878803124,240.0,240.0
N24001372,2024-09,0.00547704566270113,126.2080483228557,240.0
N24001372,2024-10,0.006287979893386364,109.88674478205196,240.0
N24001372,2024-11,0.0615740641951561,10.906884736251646,25.325002096800837
N24001372,2024-12,0.2109445035457611,2.9256762177655395,6.7932098065736035
N24001372,2025-01,0.09754358309682687,6.753524442096775,15.681198141613
N24001374,2024-07,0.022100075057926216,31.016154848811684,72.01728133883273
N24001374,2024-09,0.022849492728710175,29.98743345041458,69.62866422208269
N24001374,2024-10,0.2117646336555481,2.912890475085654,6.7635222314311765
N24001374,2024-11,0.20608144998550415,3.0035704394198386,6.974074588262103
N24001374,2024-12,0.23029206693172455,2.6481860129306334,6.148897503911385
N24001374,2025-01,0.11657170024220409,5.592370551862108,12.98508230138937
N24001375,2024-07,0.0010095256359318183,240.0,240.0
N24001375,2024-09,0.0023416681215167046,240.0,240.0
N24001375,2024-10,0.0017401974182575941,240.0,240.0
N24001375,2024-11,0.0020553390495479107,240.0,240.0
N24001375,2024-12,0.0013084113597869873,240.0,240.0
N24001375,2025-01,0.000831453965314144,240.0,240.0
N24001375,2025-03,0.0023150292690843344,240.0,240.0
N24001375,2025-04,0.002212845254689455,240.0,240.0
N24001375,2025-05,0.0026542344130575657,240.0,240.0
N24001377,2024-07,0.002127116909505067,240.0,240.0
N24001377,2024-09,0.007817848585546017,88.31511239005948,205.06134066161408
N24001377,2024-10,0.004087463952600956,169.2319772092684,240.0
N24001377,2024-11,0.005567939020693302,124.14210745279182,240.0
N24001377,2024-12,0.006484882906079292,106.5396653091231,240.0
N24001377,2025-01,0.004761138021491029,145.23749999139883,240.0
N24001378,2024-07,0.0024810979564023894,240.0,240.0
N24001378,2024-09,0.005375871434807777,128.5898258631139,240.0
N24001378,2024-10,0.004153619986027479,166.53103781125944,240.0
N24001378,2024-11,0.004249440971761942,162.76809017075152,240.0
N24001378,2024-12,0.0037570518907159567,184.1455185731962,240.0
N24001378,2025-01,0.0014736700564659255,240.0,240.0
N24001379,2024-07,0.001249465176953235,240.0,240.0
N24001379,2024-09,0.009551758877933025,72.22036346205937,167.6904909455324
N24001379,2024-10,0.0036748633719980717,188.27170385303606,240.0
N24001379,2024-11,0.004379668273031712,157.9179402836368,240.0
N24001379,2024-12,0.004223596304655075,163.76621039113937,240.0
N24001379,2025-01,0.0022468208184212024,240.0,240.0
N24001381,2024-07,0.020024229782260372,34.2676808555134,79.56709092505037
N24001381,2024-09,0.044147789478302,15.351427412575894,35.64491060588398
N24001381,2024-10,0.012683769688010216,54.30104659836829,126.08312567853916
N24001381,2024-11,0.01218433864414692,56.54108957128366,131.2843443911064
N24001381,2024-12,0.010663975030183792,64.65175720001606,150.1167314265536
N24001381,2025-01,0.004639518182369073,149.0538397890782,240.0
N24001381,2025-03,0.04377042502164841,15.486812198767847,35.959264344563394
N24001381,2025-04,0.0030830311588943005,224.4797726103592,240.0
N24001381,2025-05,0.05066506192088127,13.33139304714552,30.954536060153224
N24001382,2024-07,0.004438809102093044,155.80928353109778,240.0
N24001382,2024-09,0.018926415592432022,36.275590179592804,84.22931199661663
N24001382,2024-10,0.005990730598568916,115.35635944946712,240.0
N24001382,2024-11,0.006144821178168058,112.4549177305742,240.0
N24001382,2024-12,0.0068659656681120396,100.6070987229052,233.6024490698201
N24001382,2025-01,0.0042834444454209475,161.47322524214528,240.0
N24001382,2025-03,0.015048261731863022,45.71416174708475,106.14499649478122
N24001382,2025-04,0.008729183115065098,79.05865261474436,183.56850665011515
N24001382,2025-05,0.009380662813782692,73.54394858710607,170.76376043335333
N24001383,2024-07,0.06063213061122197,11.081824666407469,25.731200035547275
N24001383,2024-09,0.18794625997543335,3.3294169427835025,7.730666739043005
N24001383,2024-10,0.05012345314025879,13.479255653891954,31.29786240094105
N24001383,2024-11,0.05759969726204872,11.683868322438261,27.129102114833874
N24001383,2024-12,0.05618869885802269,11.98614661855172,27.830970583054395
N24001383,2025-01,0.026694987160448935,25.617306999968445,59.48154483858142
N24001383,2025-03,0.10134774446487427,6.4865507366158,15.06130439426054
N24001383,2025-04,0.1443886160850525,4.444989356876181,10.320945669206113
N24001383,2025-05,0.14504724740982056,4.423146490738639,10.27022810464849
N24001386,2024-07,0.0021120158697608415,240.0,240.0
N24001386,2024-09,0.018449697643518448,37.221919327761476,86.42662023276029
N24001386,2024-10,0.0068480633199214935,100.87101597413293,234.21524595017118
N24001386,2024-11,0.003293577115982771,210.1074490519863,240.0
N24001386,2024-12,0.004695086739957333,147.28560929588642,240.0
N24001386,2025-01,0.0024453182829319298,240.0,240.0
N24001386,2025-03,0.008693983778357506,79.38014469738768,184.31498814908852
N24001386,2025-04,0.010718084871768951,64.32360932705515,149.35479566104812
N24001386,2025-05,0.011030801571905613,62.49021198450161,145.09777886228125
N24001387,2024-07,0.030448962113069022,22.41587042743547,52.048039316817196
N24001387,2024-09,0.10710844397544861,6.118336161960956,14.206336628422457
N24001387,2024-10,0.02400892600417137,28.522417831511273,66.2270032971023
N24001387,2024-11,0.02906697429716587,23.498276863218475,54.56130923014865
N24001387,2024-12,0.029713213443756104,22.97959450672539,53.356966094284985
N24001387,2025-01,0.014492525501982767,47.48049145364748,110.24628706528338
N24001387,2025-03,0.06733867526054382,9.94284836837752,23.086578969740735
N24001387,2025-04,0.07542445510625839,8.838849902943508,20.52317391613697
N24001387,2025-05,0.10412731021642685,6.3038043170857385,14.63698034851362
N24001388,2024-07,0.0009140142484530545,240.0,240.0
N24001388,2024-09,0.012938553467392921,53.2249055919727,123.58440364172888
N24001388,2024-10,0.0035430453717708588,195.28920903209158,240.0
N24001388,2024-11,0.004099962301552296,168.71503152156382,240.0
N24001388,2024-12,0.0035119070671498775,197.0238162413438,240.0
N24001388,2025-01,0.0017272329797222152,240.0,240.0
N24001388,2025-03,0.007972951047122478,86.59030711080426,201.05646682550136
N24001388,2025-04,0.012618567794561386,54.58342607079592,126.73879050898836
N24001388,2025-05,0.015381618402898312,44.71587628000544,103.82704942205203
N24001389,2024-07,0.01086867934980662,63.42753341590093,147.27417182778737
N24001389,2024-09,0.08169891685247421,8.132670027301831,18.883475022840493
N24001389,2024-10,0.023742282763123512,28.846669312153143,66.97989191981348
N24001389,2024-11,0.026852503418922424,25.464984869193266,59.12786380366143
N24001389,2024-12,0.026972951367497444,25.349708960350522,58.860201432255785
N24001389,2025-01,0.01489272182612189,46.195239321439814,107.2620240304965
N24001389,2025-03,0.07739513367414474,8.604726930105993,19.97955720784699
N24001389,2025-04,0.10413400083780289,6.303376190431307,14.635986269206525
N24001390,2024-07,0.010562871557029174,65.27390638704566,151.56131710312894
N24001390,2024-09,0.10184155404567719,6.453356612302779,14.984230024432954
N24001390,2024-10,0.040034107863903046,16.964982448975533,39.391469377547295
N24001390,2024-11,0.054434146732091904,12.383876738698392,28.75447132320588
N24001390,2024-12,0.09412960708141327,7.0114700604769595,16.280129319883045
N24001390,2025-01,0.05780836473173634,11.640417583026093,27.02821262224913
N24001390,2025-03,0.17865723371505737,3.521825228543835,8.177424943439036
N24001390,2025-04,0.24064981937408447,2.517859523656514,5.846288766957771
N24001390,2025-05,0.2839668393135071,2.075112032380419,4.818260928022909
N24001391,2024-07,0.03517438542656903,19.357379184508122,44.94644257189722
N24001391,2024-09,0.15403591096401215,4.1436749288958,9.621315233483552
N24001391,2024-10,0.06477434188127518,10.350511392128283,24.033143197834367
N24001391,2024-11,0.08728517591953278,7.589330319777435,17.621879290871718
N24001391,2024-12,0.10831830650568008,6.045974934293262,14.038319060920298
N24001391,2025-01,0.08436417472130009,7.864467923088995,18.260729021960802
N24001391,2025-03,0.26276740431785583,2.2737182220901064,5.279410219728361
N24001391,2025-04,0.3165520429611206,1.8211731423466462,4.22863308486898
N24001392,2024-07,0.022298854885057895,30.736553218724147,71.36806645855619
N24001392,2024-09,0.08199658244848251,8.101851921993486,18.81191759829385
N24001393,2024-07,0.007395600062794827,93.37726269558907,216.8152896765659
N24001393,2024-09,0.021796319633722305,31.45326451448039,73.03221855209573
N24001393,2024-10,0.009105446748435497,75.77735407186337,175.94956737568683
N24001393,2024-11,0.030826644971966743,22.13694441223974,51.40039316573926
N24001393,2024-12,0.02013753540813923,34.07290743552046,79.11484104903147
N24001393,2025-01,0.007026558905126712,98.29976638714798,228.2449892951833
N24001393,2025-03,0.04419529438018799,15.334548177736181,35.60571823628944
N24001393,2025-04,0.02787690982222557,24.516356329251714,56.92521654515916
N24001393,2025-05,0.03466380760073662,19.647668028286876,45.62047239389949
N24001394,2024-07,0.001359794238573353,240.0,240.0
N24001394,2024-09,0.0040382943116128445,171.2967448977099,240.0
N24001394,2024-10,0.003273067995905876,211.42616122809798,240.0
N24001394,2024-11,0.0037277617957443,185.5951293305377,240.0
N24001394,2024-12,0.004337869118899107,159.4429618425216,240.0
N24001394,2025-01,0.002266262742179781,240.0,240.0
N24001394,2025-03,0.006436300463974476,107.3464689968462,240.0
N24001394,2025-04,0.00603296747431159,114.54631697968769,240.0
N24001394,2025-05,0.0062578339129686356,110.41777731704782,240.0
N24001395,2024-07,0.0010521899646005473,240.0,240.0
N24001395,2024-09,0.0026725344359874725,240.0,240.0
N24001395,2024-10,0.0012798577081412077,240.0,240.0
N24001395,2024-11,0.00043611525325104594,240.0,240.0
N24001395,2024-12,0.0008275782456621528,240.0,240.0
N24001395,2025-01,0.0003764322437539436,240.0,240.0
N24001395,2025-03,0.0009218731429427862,240.0,240.0
N24001395,2025-04,0.0006664015236310661,240.0,240.0
N24001395,2025-05,0.0008258593152277172,240.0,240.0
N24001396,2024-07,0.0006323220746072833,240.0,240.0
N24001396,2024-09,0.001085825962945819,240.0,240.0
N24001396,2024-10,0.0005613880348391831,240.0,240.0
N24001396,2024-11,0.00048356596380472183,240.0,240.0
N24001396,2024-12,0.0007508901180699468,240.0,240.0
N24001396,2025-01,0.001066769783292787,240.0,240.0
N24001396,2025-03,0.007025533821433783,98.31415982592425,228.27840982505992
N24001396,2025-04,0.006521300878375769,105.94275870206756,240.0
N24001396,2025-05,0.00688367011025548,100.34744906567592,232.9995612358715
N24001397,2024-07,0.002475128052934261,240.0,240.0
N24001397,2024-09,0.009430448524653912,73.15385614939575,169.8579938426306
N24001397,2024-10,0.003698137588799,187.0846326540971,240.0
N24001397,2024-11,0.004032542929053307,171.54155049436693,240.0
N24001397,2024-12,0.004676017444580793,147.88767122026127,240.0
N24001397,2025-01,0.0014122216676002441,240.0,240.0
N24001397,2025-03,0.100904181599617,6.516643959701895,15.131178694409858
N24001397,2025-04,0.11623696982860565,5.6095155498381635,13.02489175387676
N24001397,2025-05,0.1245688796043396,5.210112800256819,12.097507288448575
N24001399,2024-07,0.06724443114191425,9.957280631906695,23.120089647901946
N24001399,2024-09,0.3861503005027771,1.4203685192753852,3.297993569999079
N24001399,2024-10,0.13300785422325134,4.8565102524988655,11.276467598385633
N24001399,2024-11,0.14105923473834991,4.558519843291307,10.584555295239623
N24001400,2024-07,0.0013688894874264168,240.0,240.0
N24001400,2024-09,0.005730988457798958,120.6003246718404,240.0
N24001400,2024-10,0.002878013998270035,240.0,240.0
N24001400,2024-11,0.0027143063489347696,240.0,240.0
N24001400,2024-12,0.0026528046000748873,240.0,240.0
N24001400,2025-01,0.001417072921200191,240.0,240.0
N24001400,2025-03,0.007317997049540281,94.37115738843842,219.12304168725225
N24001400,2025-04,0.008015522733330727,86.12856689973603,199.9843392568828
N24001400,2025-05,0.009865648113191128,69.91151007948662,162.329499409561
N24001401,2024-07,0.0021461453709595846,240.0,240.0
N24001401,2024-09,0.0039685871452093124,174.31162179533086,240.0
N24001401,2024-10,0.0020308576058596373,240.0,240.0
N24001401,2024-11,0.0022785249166190624,240.0,240.0
N24001401,2024-12,0.002610272727906704,240.0,240.0
N24001401,2025-01,0.0009938523081771677,240.0,240.0
N24001401,2025-03,0.006893218029290438,100.20797487392605,232.67571219153578
N24001401,2025-04,0.005568746943026781,124.12404635060668,240.0
N24001401,2025-05,0.005620699841529131,122.97354136247276,240.0
N24001402,2024-07,0.004335678328402981,159.52370272555498,240.0
N24001402,2024-09,0.006857302505522966,100.73463939640352,233.89858934285667
N24001402,2024-10,0.0024126009084284306,240.0,240.0
N24001402,2024-11,0.008344719186425209,82.71711327158226,192.06318923326714
N24001402,2024-12,0.03798742964863777,17.897940742274113,41.55773145011543
N24001402,2025-01,0.06082797538431928,11.045005554235175,25.645708704565614
N24001402,2025-03,0.18782150745391846,3.3318754001447695,7.736375100260212
N24001402,2025-04,0.15874186158180237,4.009952086498504,9.310820408793074
N24001402,2025-05,0.18342354893684387,3.42067301182886,7.942556769588401
N24001403,2024-07,0.0011401618043990203,240.0,240.0
N24001403,2024-09,0.01726018264889717,39.81116032979073,92.43865165980631
N24001403,2024-10,0.0018276836490258574,240.0,240.0
N24001403,2024-11,0.0023784597869962454,240.0,240.0
N24001403,2024-12,0.004849296994507313,142.59080882256075,240.0
N24001403,2025-01,0.002036588056574362,240.0,240.0
N24001403,2025-03,0.0080031119287014,86.26266943838657,200.29571570897122
N24001403,2025-04,0.008365404792129993,82.51171463164101,191.5862683605359
N24001403,2025-05,0.009021579287946224,76.48503603167987,177.59275400042972
N24001404,2024-07,0.006875937769434071,100.46068550053262,233.26248809533018
N24001404,2024-09,0.006913086865097284,99.91896971897299,232.00466300268297
N24001404,2024-10,0.0024604040663689375,240.0,240.0
N24001404,2024-11,0.0049096462316811085,140.83381947364038,240.0
N24001404,2024-12,0.005206853151321411,132.77521615758536,240.0
N24001404,2025-01,0.0022244264618580534,240.0,240.0
N24001404,2025-03,0.12838856875896454,5.044314879516348,11.712536438207367
N24001404,2025-04,0.10984272509813309,5.957067255747785,13.83188182425434
N24001404,2025-05,0.11905913800001144,5.467979146054336,12.696254401481772
N24001405,2024-07,0.0015562259032818604,240.0,240.0
N24001405,2024-09,0.003829349996522069,180.66230064227983,240.0
N24001405,2024-10,0.0025344565510749817,240.0,240.0
N24001405,2024-11,0.0011482472764328122,240.0,240.0
N24001405,2024-12,0.0012424872256815434,240.0,240.0
N24001405,2025-01,0.0005540667348286066,240.0,240.0
N24001405,2025-03,0.0020864736288785934,240.0,240.0
N24001405,2025-04,0.0008435095078311861,240.0,240.0
N24001405,2025-05,0.00155007338616997,240.0,240.0
N24001406,2024-07,0.0012543738041921326,240.0,240.0
N24001406,2024-09,0.004697440192103386,147.2116442117612,240.0
N24001406,2024-10,0.002444423735141754,240.0,240.0
N24001406,2024-11,0.002480726921930909,240.0,240.0
N24001406,2024-12,0.004515880718827248,153.1441944555984,240.0
N24001406,2025-01,0.0021156823208194897,240.0,240.0
N24001406,2025-03,0.013092491775751114,52.59500742049093,122.12182538044718
N24001406,2025-04,0.014860905706882477,46.29488568194115,107.49339571449785
N24001406,2025-05,0.015054523944854736,45.69500118448153,106.10050704615895
N24001407,2024-07,0.00258020726193664,240.0,240.0
N24001407,2024-09,0.017596276476979256,39.04409735468617,90.65758658736316
N24001407,2024-10,0.004565788898617029,151.46639653545034,240.0
N24001407,2024-11,0.005588959902524948,123.67388518907369,240.0
N24001408,2024-07,0.0005869271169779422,240.0,240.0
N24001408,2024-09,0.00532099325209856,129.91962069583232,240.0
N24001408,2024-10,0.0015001654392108321,240.0,240.0
N24001408,2024-11,0.0017461375100538135,240.0,240.0
N24001408,2024-12,0.0017928947927430272,240.0,240.0
N24001408,2025-01,0.000963982794603413,240.0,240.0
N24001408,2025-03,0.0026515787467360497,240.0,240.0
N24001408,2025-04,0.002403437392786145,240.0,240.0
N24001408,2025-05,0.003930337727069855,176.0113718713393,240.0
N24001409,2024-07,0.001442576519093075,240.0,240.0
N24001411,2024-07,0.00451487267116335,153.17846486565207,240.0
N24001411,2024-09,0.004782574716955423,144.58495329964146,240.0
N24001411,2024-10,0.0018596628215163946,240.0,240.0
N24001411,2024-11,0.001712651108391583,240.0,240.0
N24001411,2024-12,0.00497802160680294,138.8946351359677,240.0
N24001411,2025-01,0.0024231990789685964,240.0,240.0
N24001411,2025-03,0.008742954581975937,78.93357585433125,183.27808740609447
N24001411,2025-04,0.008295857347548008,83.2063564655018,193.19917675046136
N24001411,2025-05,0.011428817175328732,60.30183662701269,140.01652863756854
N24001412,2024-07,0.006758057151041719,102.21907775535485,237.34534847363423
N24001413,2024-07,0.010466813534044772,65.87614231736598,152.95966562949033
N24001414,2024-07,0.022365332752216305,30.64415511169949,71.15352469794122
N24001414,2024-09,0.06442440301179886,10.408658166161509,24.168155826089176
N24001415,2024-07,0.002399022325424549,240.0,240.0
N24001415,2024-09,0.005185901187360287,133.31305432058852,240.0
N24001415,2024-10,0.0027031307108700275,240.0,240.0
N24001415,2024-11,0.006188178900629282,111.66456456475596,240.0
N24001415,2024-12,0.005797563586384058,119.21144817056697,240.0
N24001415,2025-01,0.0038085104238669842,181.65275527844656,240.0
N24001415,2025-03,0.011505724862217903,59.89643568378333,139.07521679779046
N24001415,2025-04,0.013390259817242622,51.41767619779466,119.38814693748064
N24001415,2025-05,0.011242811568081379,61.30525022868297,142.34638287007888
N24001416,2024-07,0.0007018240886306204,240.0,240.0
N24001416,2024-09,0.004501855466514826,153.6223870799117,240.0
N24001416,2024-10,0.0022712303325533867,240.0,240.0
N24001416,2024-11,0.002562647219747305,240.0,240.0
N24001416,2024-12,0.00297507643699646,232.63791713405027,240.0
N24001416,2025-01,0.001575484377969616,240.0,240.0
N24001416,2025-03,0.004860066343098879,142.27407475944182,240.0
N24001416,2025-04,0.0049754660576581955,138.96615390878907,240.0
N24001416,2025-05,0.00566283380612731,122.05598080646074,240.0
N24001417,2024-07,0.0010205271075880429,240.0,240.0
N24001417,2024-09,0.004612579010426998,149.9263967387111,240.0
N24001417,2024-10,0.00138337560929358,240.0,240.0
N24001417,2024-11,0.0018726357957348228,240.0,240.0
N24001417,2024-12,0.0008000450907275081,240.0,240.0
N24001417,2025-01,0.0004403343796683945,240.0,240.0
N24001417,2025-03,0.0009628292755223811,240.0,240.0
N24001417,2025-04,0.0012551735853776336,240.0,240.0
N24001417,2025-05,0.0008275052532553673,240.0,240.0
N24001418,2024-07,0.0008164900664520136,240.0,240.0
N24001418,2024-09,0.0018853041110560298,240.0,240.0
N24001418,2024-10,0.000715061032678932,240.0,240.0
N24001418,2024-11,0.000601785781327635,240.0,240.0
N24001418,2024-12,0.0008224835037253797,240.0,240.0
N24001418,2025-01,0.0003444539140237124,240.0,240.0
N24001418,2025-03,0.0005640472518280149,240.0,240.0
N24001418,2025-04,0.0005525844753719866,240.0,240.0
N24001418,2025-05,0.0009764917194843292,240.0,240.0
N24001419,2024-07,0.0005679465712581377,240.0,240.0
N24001419,2024-09,0.005385300610214472,128.36406876994704,240.0
N24001419,2024-10,0.0016808687942102551,240.0,240.0
N24001419,2024-11,0.00154310988727957,240.0,240.0
N24001419,2024-12,0.0022624183911830187,240.0,240.0
N24001419,2025-01,0.0013754299436079531,240.0,240.0
N24001419,2025-03,0.0038829268887639046,178.16472158297577,240.0
N24001419,2025-04,0.00497535290196538,138.96932234604216,240.0
N24001419,2025-05,0.005634617991745472,122.66892497603065,240.0
N24001420,2024-07,0.0008453892124550277,240.0,240.0
N24001420,2024-09,0.001565022044815123,240.0,240.0
N24001420,2024-10,0.0006464136531576514,240.0,240.0
N24001420,2024-11,0.0007896913448348641,240.0,240.0
N24001420,2024-12,0.0008650099043734372,240.0,240.0
N24001420,2025-01,0.0005236193633485486,240.0,240.0
N24001420,2025-03,0.0016430096002295613,240.0,240.0
N24001420,2025-04,0.0012645417591556907,240.0,240.0
N24001420,2025-05,0.0015728890430182219,240.0,240.0
N24001421,2024-07,0.001495120920263715,240.0,240.0
N24001421,2024-09,0.0038808046374469995,178.26234226248985,240.0
N24001421,2024-10,0.0010990885784849524,240.0,240.0
N24001421,2024-11,0.0012591165723279119,240.0,240.0
N24001421,2024-12,0.0015345519641414285,240.0,240.0
N24001421,2025-01,0.0008979499214939457,240.0,240.0
N24001421,2025-03,0.002411188557744026,240.0,240.0
N24001421,2025-04,0.0024716637562960386,240.0,240.0
N24001421,2025-05,0.003919061738997698,176.51879312405617,240.0
N24001422,2024-07,0.002065904059777357,240.0,240.0
N24001422,2024-09,0.03187225013971329,21.399225525944402,49.687462957521106
N24001422,2024-10,0.004318992141634226,160.1413546153288,240.0
N24001422,2024-11,0.0039438046514987946,175.40916018056572,240.0
N24001422,2024-12,0.005663135088980198,122.04946886772812,240.0
N24001422,2025-01,0.002629236622705755,240.0,240.0
N24001422,2025-03,0.009664861485362053,71.37113905654822,165.718652939512
N24001422,2025-04,0.0073590511456131935,93.84274880042268,217.89611494115877
N24001422,2025-05,0.004875209182500839,141.83108041006554,240.0
N24001423,2024-07,0.0009504476750816782,240.0,240.0
N24001423,2024-09,0.003963956609368324,174.51565106240105,240.0
N24001423,2024-10,0.000641383696347475,240.0,240.0
N24001424,2024-07,0.021300399775901924,32.193693154562936,74.75144061376263
N24001424,2024-09,0.04818589985370636,14.035428866218236,32.5892566082652
N24001424,2024-10,0.020511336624622345,33.44559896699205,77.65827589179459
N24001424,2024-11,0.019879993051290512,34.51883710155926,80.15025766895069
N24001424,2024-12,0.012365281581878662,55.708623298958535,129.35141756534853
N24001424,2025-01,0.05877812002652971,11.442533078968166,26.56873903273418
N24001424,2025-03,0.12345704436302185,5.2602979031385315,12.214033488774438
N24001424,2025-04,0.12082838267087936,5.382615614981928,12.498046420405956
N24001424,2025-05,0.11562175303697586,5.6412856965747435,13.09865975016312
N24001425,2024-07,0.0011840641473070956,240.0,240.0
N24001425,2024-09,0.0036150342784821987,191.39335774415102,240.0
N24001425,2024-10,0.0033073981758207083,209.22799554553717,240.0
N24001425,2024-11,0.0026234914548695087,240.0,240.0
N24001425,2024-12,0.002320108702406287,240.0,240.0
N24001425,2025-01,0.0008909451161609461,240.0,240.0
N24001425,2025-03,0.0022717576939612627,240.0,240.0
N24001425,2025-04,0.0021056842524558306,240.0,240.0
N24001425,2025-05,0.0020689594093710184,240.0,240.0
N24001426,2024-07,0.0077357978882061085,89.25552311632654,207.24490674766702
N24001426,2024-09,0.01968439482152462,34.865307817289256,80.9547377578599
N24001426,2024-10,0.007760422304272652,88.97120592411831,206.58474267121923
N24001426,2024-11,0.012706618756055832,54.20277647243556,125.85494951224783
N24001426,2024-12,0.014362281188368797,47.91422636217102,111.25338833511759
N24001426,2025-01,0.01590379999807412,43.23624645430905,100.39145535973428
N24001426,2025-03,0.03935330733656883,17.26454899943972,40.08704136735859
N24001426,2025-04,0.029472505673766136,23.170132481614317,53.79938157132253
N24001426,2025-05,0.04617706313729286,14.661333713021419,34.04256265678368
N24001427,2024-07,0.0011419449935369252,240.0,240.0
N24001427,2024-09,0.015388935804367065,44.69444833990037,103.77729528590649
N24001427,2024-10,0.003946808632463217,175.2753892529582,240.0
N24001427,2024-11,0.0041864123195409775,165.22387508617277,240.0
N24001427,2024-12,0.004213158506900072,164.17278924359994,240.0
N24001427,2025-01,0.002170039493085807,240.0,240.0
N24001427,2025-03,0.011216110549867153,61.45202137511424,142.68717491849648
N24001427,2025-04,0.015232963487505913,45.15564760962161,104.8481668276138
N24001427,2025-05,0.019025327637791634,36.08518120677172,83.78719605310472
N24001428,2024-07,0.006323178754487846,109.27311148536931,240.0
N24001428,2024-09,0.022611213847994804,30.30712393096175,70.3709625305332
N24001428,2024-10,0.02113238163292408,32.45243226749439,75.3522142293244
N24001428,2024-11,0.020337829366326332,33.73390913449181,78.32771136975396
N24001428,2024-12,0.0301754679530859,22.622209417255473,52.52714361435095
N24001428,2025-01,0.013344285619561691,51.59602156867955,119.80225206473135
N24001428,2025-03,0.07617892324924469,8.747786425725037,20.311731069965262
N24001428,2025-04,0.09162610024213791,7.212829778256639,16.747672105774274
N24001429,2024-07,0.0029248128911139037,236.64181216691938,240.0
N24001429,2024-09,0.027727436274290085,24.650405530410552,57.23646915142707
N24001429,2024-10,0.021171333268284798,32.392083133210186,75.21208787892779
N24001429,2024-11,0.037192974239587784,18.28774564092825,42.4628303958252
N24001429,2024-12,0.03435460105538368,19.827661850166965,46.038405105829014
N24001429,2025-01,0.012862185648999547,53.54298931660992,124.32297117849046
N24001429,2025-03,0.05121338367462158,13.184882864219071,30.61434995022922
N24001429,2025-04,0.07657230645418167,8.701016879974281,20.20313554770146
N24001429,2025-05,0.07240192592144012,9.222687010768718,21.41441608065663
N24001430,2024-07,0.007376495364315949,93.62000426003401,217.3789181348475
N24001430,2024-09,0.07521961629390717,8.863888866205507,20.581312588401854
N24001430,2024-10,0.0689530074596405,9.701757457106062,22.52678320943754
N24001430,2024-11,0.06731408089399338,9.94661078103309,23.095315021390263
N24001430,2024-12,0.06304722279310226,10.643760434174592,24.714046387360494
N24001430,2025-01,0.03317834519825502,20.543031181943707,47.69944125550223
N24001430,2025-03,0.11360112577676773,5.748049897220209,13.34655854717002
N24001430,2025-04,0.1341358721256256,4.812610400071437,11.174535297672977
N24001431,2024-07,0.00284641564092869,240.0,240.0
N24001431,2024-09,0.00799592211842537,86.3405479745746,200.47654407013493
N24001431,2024-10,0.0038874850142747164,177.9554142962997,240.0
N24001431,2024-11,0.004226306453347206,163.6609716019579,240.0
N24001431,2024-12,0.0026047592982649803,240.0,240.0
N24001431,2025-01,0.0012031004010796265,240.0,240.0
N24001431,2025-03,0.005275162868201733,131.0513730236542,240.0
N24001431,2025-04,0.004627307876944542,149.4480714427897,240.0
N24001431,2025-05,0.0055944351479411125,123.55250635773896,240.0
N24001432,2024-07,0.26633268325039516,2.2381274643156814,5.196771039333593
N24001432,2024-09,0.5107106566429138,1.0,2.2515879613651193
N24001432,2024-10,0.1507674753665924,4.24144926659026,9.848340215135323
N24001432,2024-11,0.1717205047607422,3.6790348087286096,8.542454284455513
N24001432,2024-12,0.18187463283538818,3.452965222624516,8.01753696108086
N24001432,2025-01,0.11081277887433594,5.901763496383657,13.703470471633882
N24001434,2024-07,0.00023965973396855578,240.0,240.0
N24001434,2024-09,0.0011895706411451101,240.0,240.0
N24001434,2024-10,0.0006201855721883476,240.0,240.0
N24001434,2024-11,0.0006977258017286658,240.0,240.0
N24001434,2024-12,0.0006508047226816416,240.0,240.0
N24001434,2025-01,0.0004510097949055325,240.0,240.0
N24001434,2025-03,0.0012440959690138698,240.0,240.0
N24001434,2025-04,0.002027052454650402,240.0,240.0
N24001434,2025-05,0.0019040311453863978,240.0,240.0
N24001436,2024-07,0.0022562722053878215,240.0,240.0
N24001436,2024-09,0.003933551721274853,175.8672743942717,240.0
N24001436,2024-10,0.0010008924873545766,240.0,240.0
N24001436,2024-11,0.001049392158165574,240.0,240.0
N24001436,2024-12,0.0017661787569522858,240.0,240.0
N24001436,2025-01,0.0007639627101032609,240.0,240.0
N24001436,2025-03,0.0021214585285633802,240.0,240.0
N24001436,2025-04,0.0025727541651576757,240.0,240.0
N24001436,2025-05,0.0045454492792487144,152.14571965160408,240.0
N24001437,2024-07,0.00203873447216385,240.0,240.0
N24001437,2024-09,0.014354817569255829,47.93931987119981,111.31165365873083
N24001437,2024-10,0.0029564842116087675,234.10307176963227,240.0
N24001437,2024-11,0.004215051420032978,164.0989059724493,240.0
N24001437,2024-12,0.00691164331510663,99.93991111832811,232.0532874261919
N24001437,2025-01,0.0018872023404526983,240.0,240.0
N24001437,2025-03,0.003461468731984496,199.89977873431928,240.0
N24001437,2025-04,0.0046540917828679085,148.58601279053494,240.0
N24001437,2025-05,0.008152615278959274,84.67440457866563,196.60787890906283
N24001438,2024-07,0.00127722280705167,240.0,240.0
N24001438,2024-09,0.004550757817924023,151.96783410649275,240.0
N24001438,2024-10,0.0023265944328159094,240.0,240.0
N24001438,2024-11,0.002263526199385524,240.0,240.0
N24001438,2024-12,0.0025892534758895636,240.0,240.0
N24001438,2025-01,0.0007100830669114488,240.0,240.0
N24001438,2025-03,0.004156595095992088,166.4115937312723,240.0
N24001438,2025-04,0.005807207897305489,119.01289126535032,240.0
N24001438,2025-05,0.005042887292802334,137.103594867384,240.0
N24001439,2024-07,0.005806315869327006,119.03122863892011,240.0
N24001439,2024-09,0.00888034887611866,77.70695952226473,180.42997248302152
N24001439,2024-10,0.0011103912256658077,240.0,240.0
N24001439,2024-11,0.002110871719196439,240.0,240.0
N24001439,2024-12,0.0053694043308496475,128.7451222569161,240.0
N24001439,2025-01,0.006133456904875101,112.66392141188986,240.0
N24001439,2025-03,0.05962508171796799,11.274969617685695,26.179668724305838
N24001439,2025-04,0.06872730702161789,9.734783719337955,22.60346781558289
N24001439,2025-05,0.09181847423315048,7.19696779524927,16.71084172178884
N24001440,2024-07,0.0009250742699418169,240.0,240.0
N24001440,2024-09,0.001698281615972519,240.0,240.0
N24001440,2024-10,0.0011248324299231172,240.0,240.0
N24001440,2024-11,0.0008217772701755166,240.0,240.0
N24001440,2024-12,0.001538048149086535,240.0,240.0
N24001440,2025-01,0.0006678385067425685,240.0,240.0
N24001440,2025-03,0.08332480490207672,7.967019110587609,18.498845505377894
N24001440,2025-04,0.003970130812376738,174.24371097715988,240.0
N24001440,2025-05,0.006869228091090918,100.55915211555336,233.4911204951553
N24001441,2024-07,0.01244361606843103,55.355738064239844,128.53204342458426
N24001441,2024-09,0.04730549082159996,14.303200789201345,33.21100375926169
N24001441,2024-10,0.01362292468547821,50.533571690770465,117.33531984380461
N24001441,2024-11,0.011068401858210564,62.27674579881045,144.6021257284165
N24001441,2024-12,0.014061154797673225,48.947790136601704,113.65324910082602
N24001441,2025-01,0.008763978833911668,78.74338515805057,182.83647828501418
N24001441,2025-03,0.01697002351284027,40.49782493875604,94.03303750712772
N24001441,2025-04,0.01857020892202854,36.97810470713377,85.86050021518052
N24001441,2025-05,0.019736260175704956,34.772767662342076,80.73986617218281
N24001442,2024-07,0.00037999272690358854,240.0,240.0
N24001442,2024-09,0.0029520627576857805,234.45421939136733,240.0
N24001442,2024-10,0.0011272449046373367,240.0,240.0
N24001442,2024-11,0.000786397373303771,240.0,240.0
N24001442,2024-12,0.0012140850303694606,240.0,240.0
N24001442,2025-01,0.0002576332571920803,240.0,240.0
N24001442,2025-03,0.001489343703724444,240.0,240.0
N24001442,2025-04,0.0016583288088440895,240.0,240.0
N24001442,2025-05,0.0012485410552471876,240.0,240.0
N24001443,2024-07,0.0022310552491726643,240.0,240.0
N24001443,2024-09,0.0016521353973075747,240.0,240.0
N24001443,2024-10,0.001109010074287653,240.0,240.0
N24001443,2024-11,0.0011826943373307586,240.0,240.0
N24001443,2024-12,0.0010209501488134265,240.0,240.0
N24001443,2025-01,0.0004753136113311296,240.0,240.0
N24001443,2025-03,0.0010320908622816205,240.0,240.0
N24001443,2025-04,0.002074215328320861,240.0,240.0
N24001443,2025-05,0.0033050256315618753,209.3784409292266,240.0
N24001444,2024-07,0.0015688415206003281,240.0,240.0
N24001444,2024-09,0.007185391150414944,96.11918213962484,223.18182946759046
N24001444,2024-10,0.0019116001203656197,240.0,240.0
N24001444,2024-11,0.0012112378608435392,240.0,240.0
N24001444,2024-12,0.0025023429188877344,240.0,240.0
N24001444,2025-01,0.0008713227875734031,240.0,240.0
N24001444,2025-03,0.0014129295013844967,240.0,240.0
N24001444,2025-04,0.001590171828866005,240.0,240.0
N24001444,2025-05,0.002781615359708667,240.0,240.0
N24001445,2024-07,0.001647258902677251,240.0,240.0
N24001445,2024-09,0.0035382139030843973,195.55635233237214,240.0
N24001445,2024-10,0.0025298765394836664,240.0,240.0
N24001445,2024-11,0.0017581977881491184,240.0,240.0
N24001445,2024-12,0.001265814295038581,240.0,240.0
N24001445,2025-01,0.0004918472854948952,240.0,240.0
N24001445,2025-03,0.0008289144025184214,240.0,240.0
N24001445,2025-04,0.025743994861841202,26.576536097931164,61.70880583057452
N24001445,2025-05,0.02014268934726715,34.064099868527556,79.09439051178303
N24001446,2024-07,0.0009431564904631706,240.0,240.0
N24001446,2024-09,0.0018262341618537903,240.0,240.0
N24001446,2024-10,0.0015720416558906436,240.0,240.0
N24001446,2024-11,0.004189794883131981,165.09020405243453,240.0
N24001446,2024-12,0.0035382257774472237,195.5556948765075,240.0
N24001446,2025-01,0.0009743527024806964,240.0,240.0
N24001446,2025-03,0.0019218267407268286,240.0,240.0
N24001446,2025-04,0.011225729249417782,61.399068495262014,142.5642221390624
N24001446,2025-05,0.010427643544971943,66.12490328581505,153.53727071104362
N24001447,2024-07,0.0009866216938512196,240.0,240.0
N24001447,2024-09,0.001878027687780559,240.0,240.0
N24001447,2024-10,0.0011986363679170609,240.0,240.0
N24001447,2024-11,0.0016318697016686201,240.0,240.0
N24001447,2024-12,0.0024470004718750715,240.0,240.0
N24001447,2025-01,0.0006561396953548293,240.0,240.0
N24001447,2025-03,0.0018030377104878426,240.0,240.0
N24001447,2025-04,0.0019225076539441943,240.0,240.0
N24001447,2025-05,0.0030669881962239742,225.65580791304083,240.0
N24001448,2024-07,0.002594874662268487,240.0,240.0
N24001448,2024-09,0.01219441369175911,56.494087702408486,131.1752094312529
N24001448,2024-10,0.01579870842397213,43.526167744259595,101.06463174817644
N24001448,2024-11,0.009555400349199772,72.19270847591973,167.62627805625104
N24001448,2024-12,0.008259301073849201,83.5761721349059,194.05786214318033
N24001448,2025-01,0.0046432940600004136,148.93234851512713,240.0
N24001448,2025-03,0.013081769458949566,52.63840160941577,122.22258356686663
N24001448,2025-04,0.014085601083934307,48.8622343772574,113.45459477952505
N24001448,2025-05,0.01634352281689644,42.06359905133986,97.66865240938341
N24001450,2024-07,0.0020123394804316685,240.0,240.0
N24001450,2024-09,0.003946224227547646,175.3013975585391,240.0
N24001450,2024-10,0.002093622228130698,240.0,240.0
N24001450,2024-11,0.0028161765076220036,240.0,240.0
N24001450,2024-12,0.004219683352857828,163.91839416270565,240.0
N24001450,2025-01,0.003840886652431985,180.1186130998714,240.0
N24001450,2025-03,0.3493833839893341,1.6125900003763076,3.7443180274081707
N24001450,2025-04,0.3654240369796753,1.5240760886953781,3.538795089087842
N24001450,2025-05,0.3707658052444458,1.4962645285151153,3.474218646142639
N24001451,2024-07,0.00379347691610743,182.37401838443174,240.0
N24001451,2024-09,0.0659215897321701,10.164209482853199,23.60056356055739
N24001451,2024-10,0.08346693962812424,7.952844495400666,18.465933068141116
N24001451,2024-11,0.05951734632253647,11.296019411469558,26.228544831884175
N24001451,2024-12,0.06419984251260757,10.446305512758789,24.255570257851364
N24001451,2025-01,0.035960374234858095,18.92661601619497,43.94624146914822
N24001451,2025-03,0.1496153175830841,4.2769315875523715,9.93072761304906
N24001452,2024-07,0.006836771144860476,101.03819660495459,234.60342735379697
N24001452,2024-09,0.16483741998672485,3.848062745853199,8.93492500048595
N24001452,2024-10,0.07856167107820511,8.47166976020019,19.670608026816502
N24001452,2024-11,0.10656813532114029,6.151181843686127,14.282601939615862
N24001453,2024-07,0.000808673177819963,240.0,240.0
N24001453,2024-09,0.0023706702049821615,240.0,240.0
N24001453,2024-10,0.00039899529656395316,240.0,240.0
N24001453,2024-11,0.00023118153330869973,240.0,240.0
N24001453,2024-12,0.0001520144724054262,240.0,240.0
N24001453,2025-01,0.00010376096802899859,240.0,240.0
N24001453,2025-03,0.0003740866668522358,240.0,240.0
N24001453,2025-04,0.0003891421074513346,240.0,240.0
N24001453,2025-05,0.0007744226022623479,240.0,240.0
N24001455,2024-07,0.00503436279538183,137.33633506408808,240.0
N24001455,2024-09,0.02473427541553974,27.675730959368593,64.26105726110191
N24001455,2024-10,0.005517036188393831,125.29070589709997,240.0
N24001455,2024-11,0.009287697263062,74.28356938301637,172.48110673894038
N24001455,2024-12,0.007487392518669367,92.22823512155284,214.14733027061092
N24001455,2025-01,0.002393620982483413,240.0,240.0
N24001455,2025-03,0.04692799970507622,14.421089684618714,33.484733297606525
N24001455,2025-04,0.036744557321071625,18.515205556903222,42.9909759651882
N24001455,2025-05,0.04823283478617668,14.02142824676075,32.55674817660104
N24001456,2024-07,0.0037276687542509013,185.59977039041868,240.0
N24001456,2024-09,0.02077813632786274,33.01166265020552,76.650706966456
N24001456,2024-10,0.009948665276169777,69.32522816654685,160.96819496438184
N24001456,2024-11,0.026729712262749672,25.583572713698874,59.403216251531134
N24001456,2024-12,0.03512090817093849,19.387387985919148,45.016120850987384
N24001456,2025-01,0.021584241789415426,31.765741617122615,73.75776791572972
N24001456,2025-03,0.1118701845407486,5.84257093797851,13.566029607264712
N24001456,2025-04,0.13868169486522675,4.642922090448977,10.780531244186642
N24001456,2025-05,0.17737790942192078,3.549897421716753,8.242606557452339
N24001457,2024-07,0.0012286346683341165,240.0,240.0
N24001457,2024-09,0.002112277317792177,240.0,240.0
N24001457,2024-10,0.001293741981498897,240.0,240.0
N24001457,2024-11,0.002835390390828252,240.0,240.0
N24001457,2024-12,0.0028359622228890657,240.0,240.0
N24001457,2025-01,0.0009042361926218101,240.0,240.0
N24001457,2025-03,0.00169864553026855,240.0,240.0
N24001457,2025-04,0.002626019064337015,240.0,240.0
N24001457,2025-05,0.002437748247757554,240.0,240.0
N24001458,2024-07,0.018618499401069966,36.88129068582487,85.63570501912437
N24001458,2024-09,0.09339344501495361,7.06956081541919,16.415011875836626
N24001460,2024-07,0.02338894583289819,29.287733658452773,68.00401161713972
N24001461,2024-07,0.0008680595638658195,240.0,240.0
N24001461,2024-09,0.0024239837657660246,240.0,240.0
N24001461,2024-10,0.0020516670774668455,240.0,240.0
N24001461,2024-11,0.0015456650871783495,240.0,240.0
N24001461,2024-12,0.0009160824120044708,240.0,240.0
N24001461,2025-01,0.0006113637717547471,240.0,240.0
N24001461,2025-03,0.0018744459375739098,240.0,240.0
N24001461,2025-04,0.002907806308940053,238.02786328951555,240.0
N24001461,2025-05,0.0035296485293656588,196.03174960360764,240.0
N24001462,2024-07,0.0010552079522403446,240.0,240.0
N24001462,2024-09,0.0021523989271372557,240.0,240.0
N24001462,2024-10,0.0010357254650443792,240.0,240.0
N24001462,2024-11,0.0014841138618066907,240.0,240.0
N24001462,2024-12,0.001390611520037055,240.0,240.0
N24001462,2025-01,0.0005995935753732029,240.0,240.0
N24001462,2025-03,0.002753018168732524,240.0,240.0
N24001462,2025-04,0.0036724181845784187,188.39729087949527,240.0
N24001462,2025-05,0.00568098109215498,121.66497684590232,240.0
N24001463,2024-07,0.041240155153699276,16.458573203482818,38.21562352292705
N24001463,2024-09,0.0847029983997345,7.83158089229842,18.18436770121074
N24001463,2024-10,0.030868608504533768,22.10637481478254,51.32941275855399
N24001463,2024-11,0.036310773342847824,18.74058824882394,43.51429836966026
N24001463,2024-12,0.04042487218976021,16.79759512134958,39.00280803880449
N24001464,2024-07,0.003497767524317741,197.8216773917882,240.0
N24001464,2024-09,0.0092546995729208,74.54966747766706,173.0989673809058
N24001464,2024-10,0.003220686689019203,214.87044295424775,240.0
N24001464,2024-11,0.0020488034933805466,240.0,240.0
N24001464,2024-12,0.0016274529043585062,240.0,240.0
N24001464,2025-01,0.0006569970168059935,240.0,240.0
N24001464,2025-03,0.002514498308300972,240.0,240.0
N24001464,2025-04,0.0030382468830794096,227.79375641661127,240.0
N24001464,2025-05,0.003984756302088499,173.60290010754886,240.0
N24001465,2024-07,0.0005954797937320899,240.0,240.0
N24001465,2024-09,0.003223382169380784,214.69047228467034,240.0
N24001465,2024-10,0.0015808332245796919,240.0,240.0
N24001465,2024-11,0.001669607823714614,240.0,240.0
N24001465,2024-12,0.0018089312361553311,240.0,240.0
N24001465,2025-01,0.0009489558511361906,240.0,240.0
N24001465,2025-03,0.0013819884043186903,240.0,240.0
N24001465,2025-04,0.0012302551185712218,240.0,240.0
N24001465,2025-05,0.001406417228281498,240.0,240.0
N24001466,2024-07,0.0009252143889966202,240.0,240.0
N24001466,2024-09,0.002663941355422139,240.0,240.0
N24001466,2024-10,0.0011251367395743728,240.0,240.0
N24001466,2024-11,0.0010999401565641165,240.0,240.0
N24001466,2024-12,0.0012688960414379835,240.0,240.0
N24001466,2025-01,0.0008503731035934825,240.0,240.0
N24001466,2025-03,0.001320551265962422,240.0,240.0
N24001466,2025-04,0.0020740001928061247,240.0,240.0
N24001466,2025-05,0.001013508765026927,240.0,240.0
N24001467,2024-07,0.0007512829838942636,240.0,240.0
N24001467,2024-09,0.0032920262310653925,210.20659484792623,240.0
N24001467,2024-10,0.0019039822509512305,240.0,240.0
N24001467,2024-11,0.0022908649407327175,240.0,240.0
N24001467,2024-12,0.003705752780660987,186.69946722434997,240.0
N24001467,2025-01,0.0013740685739377367,240.0,240.0
N24001467,2025-03,0.12768228352069855,5.074225664951262,11.781987131248844
N24001467,2025-04,0.07668241858482361,8.688011498273315,20.172937986545257
N24001467,2025-05,0.06516394764184952,10.286507889219145,23.884531666258432
N24001468,2024-07,0.0020784185619088236,240.0,240.0
N24001468,2024-09,0.009864144027233124,69.92222321624676,162.35437454278872
N24001468,2024-10,0.0035407734103500843,195.41474033026898,240.0
N24001468,2024-11,0.003746582427993417,184.66106511973234,240.0
N24001468,2024-12,0.00410032644867897,168.70001723635508,240.0
N24001468,2025-01,0.00207610897374344,240.0,240.0
N24001468,2025-03,0.005894518457353115,117.24490952536867,240.0
N24001468,2025-04,0.006931620184332132,99.65088402305842,231.38218729350154
N24001468,2025-05,0.008045025169849396,85.81144484926736,199.24800465839132
N24001469,2024-07,0.0011807338746053775,240.0,240.0
N24001469,2024-09,0.00532015785574913,129.94007580668654,240.0
N24001469,2024-10,0.0010205849539488554,240.0,240.0
N24001469,2024-11,0.0011752392165362835,240.0,240.0
N24001469,2024-12,0.007702619768679142,89.64147736604228,208.14106476342315
N24001469,2025-01,0.0042746659537464815,161.80554082555818,240.0
N24001469,2025-03,0.004660550504922867,148.3796170725726,240.0
N24001469,2025-04,0.01159574929624796,59.42872429622568,137.98922458672158
N24001469,2025-05,0.014458510093390942,47.59301443541497,110.50755733796981
N24001470,2024-07,0.0015954162469011823,240.0,240.0
N24001470,2024-09,0.0029090868774801493,237.92293165677455,240.0
N24001470,2024-10,0.0009265830158255994,240.0,240.0
N24001470,2024-11,0.001005968195386231,240.0,240.0
N24001470,2024-12,0.0011120230192318559,240.0,240.0
N24001470,2025-01,0.0005262427627459321,240.0,240.0
N24001470,2025-03,0.002352932933717966,240.0,240.0
N24001470,2025-04,0.009114088490605354,75.70517433455956,175.7819712157595
N24001470,2025-05,0.0060251555405557156,114.69528261383412,240.0
N24001471,2024-07,0.0011808407536569865,240.0,240.0
N24001471,2024-09,0.0015482848975807428,240.0,240.0
N24001471,2024-10,0.001498510711826384,240.0,240.0
N24001471,2024-11,0.0010035225423052907,240.0,240.0
N24001471,2024-12,0.0009978185407817364,240.0,240.0
N24001471,2025-01,0.000520456279411996,240.0,240.0
N24001471,2025-03,0.003332288935780525,207.66256110554804,240.0
N24001471,2025-04,0.009857467375695705,69.96981839611182,162.46488712809864
N24001471,2025-05,0.015841495245695114,43.40766540146473,100.78947782913107
N24001472,2024-07,0.0014450778212709015,240.0,240.0
N24001472,2024-09,0.26481887698173523,2.2531231993215957,5.231590057747312
N24001472,2024-10,0.11442496627569199,5.704065824674402,13.244430693398344
N24001472,2024-11,0.10472514480352402,6.265765144523662,14.548656125035466
N24001472,2024-12,0.09072653949260712,7.287894031742943,16.921965904865868
N24001472,2025-01,0.03339409450505404,20.408044180070984,47.38601114340934
N24001472,2025-03,0.0484907329082489,13.944981143743105,32.37924350033162
N24001472,2025-04,0.054583415389060974,12.34904495956723,28.673594436646326
N24001472,2025-05,0.06610973924398422,10.134272761154024,23.53105264537525
N24001473,2024-07,0.00167117536779271,240.0,240.0
N24001473,2024-09,0.005913347005844116,116.87048708086711,240.0
N24001473,2024-10,0.0007269030320458114,240.0,240.0
N24001473,2024-11,0.00046321956324391067,240.0,240.0
N24001473,2024-12,0.0005815697950311005,240.0,240.0
N24001473,2025-01,0.00047097500049253505,240.0,240.0
N24001473,2025-03,0.0073794107884168625,93.58288003259185,217.29271834814855
N24001473,2025-04,0.0052579110488295555,131.4825070154055,240.0
N24001473,2025-05,0.005729434080421925,120.63313736385369,240.0
N24001474,2024-07,0.001774834271586867,240.0,240.0
N24001474,2024-09,0.006426738575100899,107.5066989537,240.0
N24001474,2024-10,0.0018783495761454105,240.0,240.0
N24001474,2024-11,0.0018658911576494575,240.0,240.0
N24001474,2024-12,0.0015759667148813605,240.0,240.0
N24001474,2025-01,0.0013851731519411992,240.0,240.0
N24001474,2025-03,0.004263622220605612,162.22555227388787,240.0
N24001474,2025-04,0.005899477284401655,117.14606700216754,240.0
N24001474,2025-05,0.004466715268790722,154.8336838967894,240.0
N24001475,2024-07,0.000331062938771276,240.0,240.0
N24001475,2024-09,0.002729719039052725,240.0,240.0
N24001475,2024-10,0.003077360335737467,224.8940732881394,240.0
N24001475,2024-11,0.004886775743216276,141.49455729137776,240.0
N24001475,2024-12,0.01781535893678665,38.55966932381843,89.5327795325404
N24001475,2025-01,0.04506899400726194,15.030453263865393,34.89963171226051
N24001475,2025-03,0.07896343618631363,8.426753407506345,19.566315485576794
N24001475,2025-04,0.09060751646757126,7.29793752460364,16.945286173109924
N24001476,2024-07,0.0009359790868503914,240.0,240.0
N24001476,2024-09,0.00307892425917089,224.77966330153998,240.0
N24001476,2024-10,0.0029020607471466064,238.49980275211573,240.0
N24001476,2024-11,0.0036444475408643484,189.8458778549201,240.0
N24001476,2024-12,0.001727239927276969,240.0,240.0
N24001476,2025-01,0.0016585267397524195,240.0,240.0
N24001476,2025-03,0.006415923126041889,107.68851061417517,240.0
N24001476,2025-04,0.005203127395361662,132.8705398952021,240.0
N24001476,2025-05,0.004341913852840662,159.2941085455922,240.0
N24001477,2024-07,0.0026608651085844315,240.0,240.0
N24001477,2024-09,0.003959681373089552,174.70444890211044,240.0
N24001477,2024-10,0.001871553249657154,240.0,240.0
N24001477,2024-11,0.002661130391061306,240.0,240.0
N24001477,2024-12,0.0027623549103736877,240.0,240.0
N24001477,2025-01,0.002283692048571151,240.0,240.0
N24001477,2025-03,0.0067247310653328896,102.72737135706635,238.52556966789965
N24001477,2025-04,0.0027452020440250635,240.0,240.0
N24001477,2025-05,0.003030706662684679,228.3613570490523,240.0
N24001479,2024-07,0.0013298171431204153,240.0,240.0
N24001479,2024-09,0.001683195703662932,240.0,240.0
N24001479,2024-10,0.0005897866794839501,240.0,240.0
N24001479,2024-11,0.0007365745259448886,240.0,240.0
N24001479,2024-12,0.0007487143739126623,240.0,240.0
N24001479,2025-01,0.0012169736383059737,240.0,240.0
N24001479,2025-03,0.0048398347571492195,142.8702631474738,240.0
N24001479,2025-04,0.003646452911198139,189.74128109856994,240.0
N24001479,2025-05,0.0038241150323301554,180.91009059837668,240.0
N24001480,2024-07,0.0012809196475056517,240.0,240.0
N24001480,2024-09,0.005754615180194378,120.1037502801616,240.0
N24001480,2024-10,0.0022872798144817352,240.0,240.0
N24001480,2024-11,0.0035192538052797318,196.611788112492,240.0
N24001480,2024-12,0.010817504487931728,63.72923846726912,147.9747092629286
N24001480,2025-01,0.00518660975794627,133.29479427954388,240.0
N24001480,2025-03,0.06227082759141922,10.780883095015094,25.032435346011766
N24001480,2025-04,0.059593405574560165,11.281150739044636,26.194020843647067
N24001480,2025-05,0.06169075518846512,10.885584160620107,25.275543691804693
N24001482,2024-07,0.0005823744205945003,240.0,240.0
N24001482,2024-09,0.0019752185326069593,240.0,240.0
N24001482,2024-10,0.001194877433590591,240.0,240.0
N24001482,2024-11,0.0014430521987378597,240.0,240.0
N24001482,2024-12,0.0012762831756845117,240.0,240.0
N24001482,2025-01,0.0005361071578634524,240.0,240.0
N24001482,2025-03,0.002482077106833458,240.0,240.0
N24001482,2025-04,0.0020102043636143208,240.0,240.0
N24001482,2025-05,0.0020788931287825108,240.0,240.0
N24001483,2024-07,0.00044971915725933176,240.0,240.0
N24001483,2024-09,0.005991233047097921,115.34665608500637,240.0
N24001483,2024-10,0.001920218812301755,240.0,240.0
N24001483,2024-11,0.0015238835476338863,240.0,240.0
N24001483,2024-12,0.001238285331055522,240.0,240.0
N24001483,2025-01,0.0006707333649779157,240.0,240.0
N24001483,2025-03,0.001792857307009399,240.0,240.0
N24001483,2025-04,0.002610034542158246,240.0,240.0
N24001483,2025-05,0.0014489105669781566,240.0,240.0
N24001484,2024-07,0.0014136173638396032,240.0,240.0
N24001484,2024-09,0.0019131072331219912,240.0,240.0
N24001484,2024-10,0.0011873398907482624,240.0,240.0
N24001484,2024-11,0.0009267109562642872,240.0,240.0
N24001484,2024-12,0.0015189123805612326,240.0,240.0
N24001484,2025-01,0.0006949935385495154,240.0,240.0
N24001484,2025-03,0.0045134034007787704,153.2284427960704,240.0
N24001484,2025-04,0.0069010304287076,100.09413990954825,232.41139558956647
N24001484,2025-05,0.004062359221279621,170.2799484934757,240.0
N24001486,2024-07,0.0006384359591996569,240.0,240.0
N24001486,2024-09,0.004866442643105984,142.08720404026047,240.0
N24001486,2024-10,0.003759237239137292,184.03826797202908,240.0
N24001486,2024-11,0.0025795872788876295,240.0,240.0
N24001486,2024-12,0.001991875469684601,240.0,240.0
N24001486,2025-01,0.0014114538722882486,240.0,240.0
N24001486,2025-03,0.003897756105288863,177.48556432916865,240.0
N24001486,2025-04,0.004247455857694149,162.84432455715918,240.0
N24001486,2025-05,0.004674309398978949,147.94183789046562,240.0
N24001488,2024-07,0.0017562263063252148,240.0,240.0
N24001488,2024-09,0.002481240313500166,240.0,240.0
N24001488,2024-10,0.00214722310192883,240.0,240.0
N24001488,2024-11,0.002915834542363882,237.37154061405386,240.0
N24001488,2024-12,0.002688446780666709,240.0,240.0
N24001488,2025-01,0.000958139649085199,240.0,240.0
N24001488,2025-03,0.003837037365883589,180.29965484156108,240.0
N24001488,2025-04,0.0052274554036557674,132.2505591384859,240.0
N24001488,2025-05,0.006296312902122736,109.74085284413623,240.0
N24001493,2024-07,0.0006199989560838892,240.0,240.0
N24001493,2024-09,0.0009194884332828224,240.0,240.0
N24001493,2024-10,0.0007992838509380817,240.0,240.0
N24001493,2024-11,0.0011018451768904924,240.0,240.0
N24001493,2024-12,0.0009550260147079825,240.0,240.0
N24001493,2025-01,0.00044908187532732846,240.0,240.0
N24001493,2025-03,0.0012425925815477967,240.0,240.0
N24001493,2025-04,0.0020260957535356283,240.0,240.0
N24001493,2025-05,0.0028633372858166695,240.0,240.0
N24001495,2024-07,0.0005509764706952414,240.0,240.0
N24001495,2024-09,0.0016281326534226537,240.0,240.0
N24001495,2024-10,0.000951397349126637,240.0,240.0
N24001495,2024-11,0.0008252972038462758,240.0,240.0
N24001495,2024-12,0.0012485611950978637,240.0,240.0
N24001495,2025-01,0.0003530304278070995,240.0,240.0
N24001495,2025-03,0.0030194821301847696,229.21155036742783,240.0
N24001495,2025-04,0.0009030061773955822,240.0,240.0
N24001495,2025-05,0.0012338232481852174,240.0,240.0
N24001501,2024-07,0.0012985447250416504,240.0,240.0
N24001501,2024-09,0.01041333470493555,66.21624262308495,153.749354084419
N24001501,2024-10,0.002849096665158868,240.0,240.0
N24001501,2024-11,0.0032954812049865723,209.9858510540361,240.0
N24001501,2024-12,0.0035443317610770464,195.21820430576588,240.0
N24001501,2025-01,0.0016341089390703445,240.0,240.0
N24001502,2024-07,0.003483442207874776,198.6366266651558,240.0
N24001502,2024-09,0.014169668778777122,48.57027203193686,112.77667920727608
N24001502,2024-10,0.0023744013160467148,240.0,240.0
N24001502,2024-11,0.0025018835440278053,240.0,240.0
N24001502,2024-12,0.0019077183678746223,240.0,240.0
N24001502,2025-01,0.00029784182033909534,240.0,240.0
N24001502,2025-03,0.0008018926018849015,240.0,240.0
N24001502,2025-04,0.0009131451952271163,240.0,240.0
N24001502,2025-05,0.0017033920157700777,240.0,240.0
N24001503,2024-07,0.0011578170322652515,240.0,240.0
N24001503,2024-09,0.0016864407807588577,240.0,240.0
N24001503,2024-10,0.0007916266331449151,240.0,240.0
N24001503,2024-11,0.0007064634701237082,240.0,240.0
N24001503,2024-12,0.0009852523216977715,240.0,240.0
N24001503,2025-01,0.00028522000037090045,240.0,240.0
N24001503,2025-03,0.0006119104218669236,240.0,240.0
N24001503,2025-04,0.0006970170070417225,240.0,240.0
N24001503,2025-05,0.0007891572313383222,240.0,240.0
N24001504,2024-07,0.0008654637551710476,240.0,240.0
N24001504,2024-09,0.004401924554258585,157.11774691087655,240.0
N24001504,2024-10,0.001964058494195342,240.0,240.0
N24001504,2024-11,0.003814392490312457,181.37209859575003,240.0
N24001504,2024-12,0.004028295632451773,171.72278392296118,240.0
N24001504,2025-01,0.0021253837583707913,240.0,240.0
N24001504,2025-03,0.0090999286621809,75.82351533939904,176.05675051967347
N24001504,2025-04,0.009681538678705692,71.24759785378933,165.43179914995
N24001504,2025-05,0.017679093405604362,38.859563831283445,90.22911301492582
N24001505,2024-07,0.0006600983843174646,240.0,240.0
N24001505,2024-09,0.004671589937061071,148.0281609981352,240.0
N24001505,2024-10,0.0023996124509721994,240.0,240.0
N24001505,2024-11,0.002619505627080798,240.0,240.0
N24001505,2024-12,0.002286451868712902,240.0,240.0
N24001505,2025-01,0.0008363749283012423,240.0,240.0
N24001505,2025-03,0.0029225631151348352,236.82424502401773,240.0
N24001505,2025-04,0.0017307533416897058,240.0,240.0
N24001505,2025-05,0.00293644517660141,235.7030170110567,240.0
N24001506,2024-07,0.000317070841543865,240.0,240.0
N24001506,2024-09,0.002136119408532977,240.0,240.0
N24001506,2024-10,0.0012859562411904335,240.0,240.0
N24001506,2024-11,0.0026896451599895954,240.0,240.0
N24001506,2024-12,0.0027296801563352346,240.0,240.0
N24001506,2025-01,0.0009638107415393948,240.0,240.0
N24001506,2025-03,0.0023381116334348917,240.0,240.0
N24001506,2025-04,0.0014758798060938716,240.0,240.0
N24001506,2025-05,0.0017303513595834374,240.0,240.0
N24001507,2024-07,0.0005710192991063012,240.0,240.0
N24001507,2024-09,0.003564247628673911,194.125449023746,240.0
N24001507,2024-10,0.006157210096716881,112.2279484846797,240.0
N24001507,2024-11,0.003704017261043191,186.7871079655422,240.0
N24001507,2024-12,0.003717326559126377,186.11710396377143,240.0
N24001507,2025-01,0.0007395321096832497,240.0,240.0
N24001507,2025-03,0.002558874199166894,240.0,240.0
N24001507,2025-04,0.0027193166315555573,240.0,240.0
N24001507,2025-05,0.0026913697365671396,240.0,240.0
N24001508,2024-07,0.0006426061241764369,240.0,240.0
N24001508,2024-09,0.010399206541478634,66.30667524043785,153.9593321193449
N24001508,2024-10,0.0026544262655079365,240.0,240.0
N24001508,2024-11,0.0024764109402894974,240.0,240.0
N24001508,2024-12,0.001811572932638228,240.0,240.0
N24001508,2025-01,0.0003677995710457127,240.0,240.0
N24001508,2025-03,0.0014152040239423513,240.0,240.0
N24001508,2025-04,0.0023865813855081797,240.0,240.0
N24001508,2025-05,0.004029200412333012,171.68414466472083,240.0
N24001511,2024-07,0.0009449469021242107,240.0,240.0
N24001511,2024-09,0.0023560277186334133,240.0,240.0
N24001511,2024-10,0.0016928238328546286,240.0,240.0
N24001511,2024-11,0.0016910777194425464,240.0,240.0
N24001511,2024-12,0.0007408338715322316,240.0,240.0
N24001511,2025-01,0.0002676804429521118,240.0,240.0
N24001511,2025-03,0.0007620487594977021,240.0,240.0
N24001511,2025-04,0.0006647921982221305,240.0,240.0
N24001511,2025-05,0.0004001044435426593,240.0,240.0
N24001514,2024-07,0.12157634845088794,5.3472734479179485,12.415984449765899
N24001514,2024-09,0.24919389188289642,2.4184515797008133,5.6154706690320415
N24001515,2024-07,0.0010970762605940765,240.0,240.0
N24001515,2024-09,0.0016408547526225448,240.0,240.0
N24001515,2024-10,0.0008618092397227883,240.0,240.0
N24001515,2024-11,0.0008434745250269771,240.0,240.0
N24001515,2024-12,0.001191410468891263,240.0,240.0
N24001515,2025-01,0.0006340918350087321,240.0,240.0
N24001515,2025-03,0.0009580384357832372,240.0,240.0
N24001515,2025-04,0.0008819951326586306,240.0,240.0
N24001515,2025-05,0.001034442102536559,240.0,240.0
N24001516,2024-07,0.0009486970471462852,240.0,240.0
N24001516,2024-09,0.0024267155677080154,240.0,240.0
N24001516,2024-10,0.0014590590726584196,240.0,240.0
N24001516,2024-11,0.002946004271507263,234.93709018736678,240.0
N24001516,2024-12,0.0023730958346277475,240.0,240.0
N24001516,2025-01,0.002101309415127539,240.0,240.0
N24001516,2025-03,0.00469085481017828,147.41879852446985,240.0
N24001516,2025-04,0.004278476815670729,161.66111063832125,240.0
N24001516,2025-05,0.0017387093976140022,240.0,240.0
N24001518,2024-07,0.001594224465219174,240.0,240.0
N24001518,2024-09,0.0015683560632169247,240.0,240.0
N24001518,2024-10,0.0009408851619809866,240.0,240.0
N24001518,2024-11,0.0008486546576023102,240.0,240.0
N24001518,2024-12,0.0008183405734598637,240.0,240.0
N24001518,2025-01,0.0008301071434880791,240.0,240.0
N24001518,2025-03,0.0048701344057917595,141.97923293607298,240.0
N24001518,2025-04,0.007643717806786299,90.33492594665117,209.75120250509872
N24001518,2025-05,0.007353974040597677,93.90777669109104,218.04710502745286
N24001519,2024-07,0.006678757778799227,103.43688709866603,240.0
N24001519,2024-09,0.020750276744365692,33.05645311095514,76.75470719565348
N24001519,2024-10,0.010518450289964676,65.5510384083108,152.2047977292974
N24001519,2024-11,0.009153208695352077,75.38012968494571,175.0272409117283
N24001519,2024-12,0.008266597054898739,83.50210226475464,193.88587723069145
N24001519,2025-01,0.0037312567845483313,185.42096129079238,240.0
N24001519,2025-03,0.02516404539346695,27.197095374426322,63.14969984921161
N24001519,2025-04,0.030431590974330902,22.42886587325982,52.07821380758235
N24001519,2025-05,0.014259174466133118,48.26320765975706,112.06369781457286
N24001520,2024-07,0.00407323320218711,169.82443942316027,240.0
N24001520,2024-09,0.03538157045841217,19.241973581109917,44.678479059059505
N24001520,2024-10,0.0060370806604623795,114.46803763348913,240.0
N24001520,2024-11,0.005476432852447033,126.22220979646909,240.0
N24001520,2024-12,0.005751917604357004,120.16024025556229,240.0
N24001520,2025-01,0.0033839241863764524,204.48854676986426,240.0
N24001520,2025-03,0.007742598187178373,89.17682509443996,207.0621755996365
N24001520,2025-04,0.009420756250619888,73.22947608018612,170.03357788446624
N24001520,2025-05,0.013089854270219803,52.605675051948644,122.14659485363477
N24001521,2024-07,0.0005660680180019639,240.0,240.0
N24001521,2024-09,0.0020283996127545834,240.0,240.0
N24001521,2024-10,0.0016003288328647614,240.0,240.0
N24001521,2024-11,0.001997521612793207,240.0,240.0
N24001521,2024-12,0.0017530942568555474,240.0,240.0
N24001521,2025-01,0.00034201702878144946,240.0,240.0
N24001521,2025-03,0.0020220724400132895,240.0,240.0
N24001521,2025-04,0.0034192658495157957,202.3713590268975,240.0
N24001521,2025-05,0.0032206315081566572,214.87413039292494,240.0
N24001522,2024-07,0.0021218558671390886,240.0,240.0
N24001522,2024-09,0.06867663562297821,9.742228181927368,22.620753322420587
N24001522,2024-10,0.046838175505399704,14.449421229020302,33.55051710652412
N24001522,2024-11,0.08402811735868454,7.897348249987653,18.337074776755877
N24001522,2024-12,0.12874752283096313,5.029238939299367,11.677531189060717
N24001522,2025-01,0.02975951921212716,22.943293555703555,53.27267789623625
N24001522,2025-03,0.25870445370674133,2.3154620122211726,5.376336298820766
N24001522,2025-04,0.2198517769575119,2.791893574001612,6.482576127409832
N24001522,2025-05,0.08670897781848907,7.642137442842748,17.74449363352724
N24001523,2024-07,0.04892583170004838,13.817833999412512,32.08401697372572
N24001523,2024-09,0.07582934945821762,8.789754427777785,20.40917775301783
N24001523,2024-10,0.06468253582715988,10.365705275769727,24.068422303131882
N24001523,2024-11,0.05687404051423073,11.837453085832836,27.485714891906365
N24001523,2024-12,0.05334398150444031,12.644175429315835,29.358866166012913
N24001523,2025-01,0.022041982212008926,31.09881986295173,72.20922355762876
N24001523,2025-03,0.03294938802719116,20.688215112675255,48.03654790319399
N24001523,2025-04,0.028139283880591393,24.28450056979036,56.3868641433044
N24001523,2025-05,0.02903510443866253,23.52445349913863,54.622089496521305
N24001524,2024-07,0.04525817363868545,14.966154556115157,34.75033473627028
N24001524,2024-09,0.1414327323436737,4.545518122680128,10.554366234870649
N24001524,2024-10,0.08300738036632538,7.998849926982404,18.57275437224817
N24001524,2024-11,0.05599456652998924,12.028927433954806,27.93030456026101
N24001524,2024-12,0.04924877732992172,13.724913210716332,31.868261583852966
N24001524,2025-01,0.018875757230457202,36.37388192036514,84.45753835101131
N24001524,2025-03,0.04133222997188568,16.421125814742908,38.12867337893169
N24001524,2025-04,0.03615141287446022,18.82474608728767,43.70970681919419
N24001524,2025-05,0.029922090470790863,22.81673701291721,52.97882270394882
N24001525,2024-07,0.033237870195298114,20.505613385146212,47.61255982186934
N24001525,2024-09,0.12087905406951904,5.380207547330201,12.492455060471022
N24001525,2024-10,0.06345176696777344,10.573641351143436,24.551234918482717
N24001525,2024-11,0.07565413415431976,8.810935698465952,20.4583591405141
N24001525,2024-12,0.06808185577392578,9.830439206034319,22.8255729775733
N24001525,2025-01,0.029700889080852555,22.989275140276003,53.37944382930246
N24001525,2025-03,0.03593776375055313,18.938744557820357,43.974403070698216
N24001525,2025-04,0.04221825301647186,16.069122074462534,37.31134600486925
N24001525,2025-05,0.04927092790603638,13.71858447965649,31.853566725400132
N24001526,2024-07,0.0005076724858642523,240.0,240.0
N24001526,2024-09,0.001975264633074403,240.0,240.0
N24001526,2024-10,0.0012233741581439972,240.0,240.0
N24001526,2024-11,0.0008177013951353729,240.0,240.0
N24001526,2024-12,0.0009305239655077457,240.0,240.0
N24001526,2025-01,0.0006184917831325576,240.0,240.0
N24001526,2025-03,0.001832739682868123,240.0,240.0
N24001526,2025-04,0.0020390800200402737,240.0,240.0
N24001526,2025-05,0.0024651307612657547,240.0,240.0
N24001527,2024-07,0.0006849579581360565,240.0,240.0
N24001527,2024-09,0.0015641690697520971,240.0,240.0
N24001527,2024-10,0.0010767458006739616,240.0,240.0
N24001527,2024-11,0.0011639499571174383,240.0,240.0
N24001527,2024-12,0.001221551327034831,240.0,240.0
N24001527,2025-01,0.0004010599620634103,240.0,240.0
N24001527,2025-03,0.0012259433278813958,240.0,240.0
N24001527,2025-04,0.00045724507072009146,240.0,240.0
N24001527,2025-05,0.0011286981170997024,240.0,240.0
N24001528,2024-07,0.0010629368017949226,240.0,240.0
N24001528,2024-09,0.0027210756670683622,240.0,240.0
N24001528,2024-10,0.0016336676198989153,240.0,240.0
N24001528,2024-11,0.0014457784127444029,240.0,240.0
N24001528,2024-12,0.0011988470796495676,240.0,240.0
N24001528,2025-01,0.0005477213399088798,240.0,240.0
N24001528,2025-03,0.0016054308507591486,240.0,240.0
N24001528,2025-04,0.0014401116641238332,240.0,240.0
N24001528,2025-05,0.0017699978780001402,240.0,240.0
N24001529,2024-07,0.017113183228056772,40.15612591757037,93.2396369498412
N24001529,2024-09,0.06258194893598557,10.725526175041201,24.903900558277954
N24001529,2024-10,0.03848159313201904,17.663594411005594,41.01359611960928
N24001529,2024-11,0.03396053612232208,20.06180287568654,46.58206373114865
N24001529,2024-12,0.028814854100346565,23.706941118782574,55.0458126275417
N24001529,2025-01,0.017695771468244748,38.82261054248574,90.14331013546794
N24001529,2025-03,0.10533216595649719,6.227582775390058,14.45999940941479
N24001529,2025-04,0.10283657163381577,6.38743840253821,14.831172681215923
N24001529,2025-05,0.11682867258787155,5.579274918911193,12.95467518332031
N24001530,2024-07,0.0010423249599929019,240.0,240.0
N24001530,2024-09,0.002216559601947665,240.0,240.0
N24001530,2024-10,0.0005524889566004276,240.0,240.0
N24001530,2024-11,0.0005596234695985913,240.0,240.0
N24001530,2024-12,0.0008083658758550882,240.0,240.0
N24001530,2025-01,0.0006615779530754207,240.0,240.0
N24001530,2025-03,0.0011210531229153275,240.0,240.0
N24001530,2025-04,0.0015232742298394442,240.0,240.0
N24001530,2025-05,0.003700360655784607,186.97202928428672,240.0
N24001531,2024-07,0.25959171938918035,2.306235486877604,5.3549129704073435
N24001532,2024-07,0.15841459731121488,4.01899515998015,9.33181777517424
N24001532,2024-09,0.33451172709465027,1.7020846326266703,3.9521181283719007
N24001532,2024-10,0.2668079435825348,2.2334543164073084,5.185920325913577
N24001532,2024-11,0.2597968876361847,2.304110870026967,5.349979762850979
N24001532,2024-12,0.27434125542640686,2.161522617098607,5.018900092375714
N24001532,2025-01,0.1321117122529497,4.891919397856425,11.358685087807302
N24001532,2025-03,0.4190734028816223,1.276206564844354,2.9632598777917956
N24001532,2025-04,0.4311886429786682,1.2285346970856508,2.852569228707108
N24001533,2024-07,0.008951865726813724,77.0833781142136,178.9820612922182
N24001533,2024-09,0.09513895958662033,6.9332818375367715,16.098581888348907
N24001533,2024-10,0.03378230705857277,20.169494794707145,46.832116623514935
N24001533,2024-11,0.04060711711645126,16.720630346538584,38.824101365854155
N24001533,2024-12,0.03284188732504845,20.757080626707587,48.19644867499452
N24001533,2025-01,0.04581510347459272,14.779946332580776,34.317972630546734
N24001533,2025-03,0.07386742532253265,9.03265938430946,20.973185595976116
N24001533,2025-04,0.07624253630638123,8.740190740217313,20.294094434384952
N24001534,2024-07,0.0023936039450654922,240.0,240.0
N24001534,2024-09,0.016731465235352516,41.080215038502665,95.38530544191367
N24001534,2024-10,0.013640305027365685,50.46873868506429,117.18478226637944
N24001534,2024-11,0.009117776528000832,75.67441183449606,175.7105429025931
N24001534,2024-12,0.008905881084501743,77.48318542726643,179.91038512493697
N24001534,2025-01,0.009590714570187786,71.92560558635397,167.0060843527427
N24001534,2025-03,0.023725289851427078,28.86758056929525,67.02844635527116
N24001534,2025-04,0.025653496384620667,26.67152410115902,61.92936114394653
N24001535,2024-07,0.004170800727050783,165.84361841658435,240.0
N24001535,2024-09,0.013407922349870205,51.34948402415912,119.22980961366483
N24001535,2024-10,0.0048201740719377995,143.45442299570823,240.0
N24001535,2024-11,0.010000900365412235,68.96132358838125,160.123234700481
N24001535,2024-12,0.007318028248846531,94.37075357009863,219.12210405010387
N24001535,2025-01,0.005214543834236696,132.57888026430422,240.0
N24001535,2025-03,0.009686989709734917,71.20730998264902,165.33825361006612
N24001535,2025-04,0.03380192443728447,20.157585707559434,46.8044645794822
N24001535,2025-05,0.0247989222407341,27.602673691814957,64.09142353903341
N24001536,2024-07,0.008376649859622942,82.40048185930073,191.3279938613668
N24001536,2024-09,0.04869536682963371,13.884898850678576,32.23973673605983
N24001536,2024-10,0.028712477535009384,23.792717900912788,55.24498014785887
N24001536,2024-11,0.02985372394323349,22.8697902467212,53.102008498042935
N24001536,2024-12,0.020389176905155182,33.64807577350904,78.12841247740947
N24001536,2025-01,0.021594917998276508,31.74986450885195,73.72090241197048
N24001536,2025-03,0.0419185534119606,16.186523112166945,37.583942772684054
N24001536,2025-04,0.07894030213356018,8.429327339923912,19.572291971571484
N24001537,2024-07,0.001680658154124215,240.0,240.0
N24001537,2024-09,0.005039792042225599,137.188011946331,240.0
N24001537,2024-10,0.0026277119759470224,240.0,240.0
N24001537,2024-11,0.0027805506251752377,240.0,240.0
N24001537,2024-12,0.004250839352607727,162.714430859885,240.0
N24001537,2025-01,0.0023283319985036854,240.0,240.0
N24001537,2025-03,0.010497340001165867,65.68356183331647,152.51250759304878
N24001537,2025-04,0.01796475425362587,38.236106675931005,88.78149032995444
N24001537,2025-05,0.04112788289785385,16.504461852915735,38.32217366728178
N24001538,2024-07,0.0008770346927060579,240.0,240.0
N24001538,2024-09,0.0030843240674585104,224.38552817826985,240.0
N24001538,2024-10,0.0007765856571495533,240.0,240.0
N24001538,2024-11,0.0014821527292951941,240.0,240.0
N24001538,2024-12,0.001563606201671064,240.0,240.0
N24001538,2025-01,0.0006689628407268167,240.0,240.0
N24001538,2025-03,0.0009769537718966603,240.0,240.0
N24001538,2025-04,0.0010123179526999593,240.0,240.0
N24001538,2025-05,0.0007782940519973636,240.0,240.0
N24001539,2024-07,0.0004557933447687512,240.0,240.0
N24001539,2024-09,0.0013706014724448323,240.0,240.0
N24001539,2024-10,0.0004328303039073944,240.0,240.0
N24001539,2024-11,0.00045598848373629153,240.0,240.0
N24001539,2024-12,0.0004792154359165579,240.0,240.0
N24001539,2025-01,0.00024315599168633906,240.0,240.0
N24001539,2025-03,0.0006763554411008954,240.0,240.0
N24001539,2025-04,0.0006244033575057983,240.0,240.0
N24001539,2025-05,0.000781286449637264,240.0,240.0
N24001540,2024-07,0.0007484898902581083,240.0,240.0
N24001540,2024-09,0.001902462332509458,240.0,240.0
N24001540,2024-10,0.0007951323059387505,240.0,240.0
N24001540,2024-11,0.0009863920276984572,240.0,240.0
N24001540,2024-12,0.0016166629502549767,240.0,240.0
N24001540,2025-01,0.00236639882720846,240.0,240.0
N24001540,2025-03,0.294268399477005,1.9888288124543014,4.617917495559111
N24001540,2025-04,0.21723565459251404,2.830054772888209,6.571183687239206
N24001540,2025-05,0.21097968518733978,2.9251257098499805,6.7919315667780085
N24001541,2024-07,0.002571335682162501,240.0,240.0
N24001541,2024-09,0.005198393017053604,132.9918664409077,240.0
N24001541,2024-10,0.004758324008435011,145.32359691038883,240.0
N24001541,2024-11,0.0030753696337342262,225.03987290557626,240.0
N24001541,2024-12,0.0023909471929073334,240.0,240.0
N24001541,2025-01,0.0026275712315733113,240.0,240.0
N24001541,2025-03,0.024391870945692062,28.069138757142717,65.17452187950141
N24001541,2025-04,0.030178023502230644,22.620264062228514,52.522626639859325
N24001541,2025-05,0.13652220368385315,4.7221261451752,10.964437364084457
N24001542,2024-07,0.0004975022213465907,240.0,240.0
N24001542,2024-09,0.002079949015751481,240.0,240.0
N24001542,2024-10,0.0017017712816596031,240.0,240.0
N24001542,2024-11,0.002159950789064169,240.0,240.0
N24001542,2024-12,0.002541016787290573,240.0,240.0
N24001542,2025-01,0.0013979341964079905,240.0,240.0
N24001542,2025-03,0.0011919434182345867,240.0,240.0
N24001542,2025-04,0.0009049247018992901,240.0,240.0
N24001542,2025-05,0.00159634614828974,240.0,240.0
N24001543,2024-07,0.0006080765853165859,240.0,240.0
N24001543,2024-09,0.001012206543236971,240.0,240.0
N24001543,2024-10,0.000562982982955873,240.0,240.0
N24001543,2024-11,0.0006322122062556446,240.0,240.0
N24001543,2024-12,0.0005759731866419315,240.0,240.0
N24001543,2025-01,0.0003211348584920559,240.0,240.0
N24001543,2025-03,0.0008911034092307091,240.0,240.0
N24001543,2025-04,0.0010960657382383943,240.0,240.0
N24001543,2025-05,0.0009872480295598507,240.0,240.0
N24001544,2024-07,0.0006501426594685,240.0,240.0
N24001544,2024-09,0.0019143834942951798,240.0,240.0
N24001544,2024-10,0.0012159483740106225,240.0,240.0
N24001544,2024-11,0.002230412559583783,240.0,240.0
N24001544,2024-12,0.0025757048279047012,240.0,240.0
N24001544,2025-01,0.001120938644884828,240.0,240.0
N24001544,2025-03,0.00341812358237803,202.4391033548524,240.0
N24001544,2025-04,0.03055182471871376,22.339221151152163,51.870065208762206
N24001544,2025-05,0.05297940596938133,12.733614744484182,29.56653782468978
N24001545,2024-07,0.012894516580068571,53.40786611882179,124.00922482927518
N24001545,2024-09,0.02913389354944229,23.44349841198716,54.43411760524025
N24001545,2024-10,0.03147822991013527,21.671469607194844,50.31959413844329
N24001545,2024-11,0.055557046085596085,12.126439415177382,28.156720369049836
N24001545,2024-12,0.02955472469329834,23.104701074978937,53.64745454996783
N24001545,2025-01,0.021946702178829103,31.235348999405915,72.52623439533245
N24001545,2025-03,0.043504659086465836,15.583568729687252,36.18392605206899
N24001545,2025-04,0.038248516619205475,17.77337150210839,41.26849063161587
N24001545,2025-05,0.043585121631622314,15.554150473189043,36.1156189758032
N24001546,2024-07,0.0006349155303870813,240.0,240.0
N24001546,2024-09,0.0008532729116268456,240.0,240.0
N24001546,2024-10,0.0007887366227805614,240.0,240.0
N24001546,2024-11,0.0010254516964778304,240.0,240.0
N24001546,2024-12,0.0008416252094320953,240.0,240.0
N24001546,2025-01,0.0008785500623539333,240.0,240.0
N24001546,2025-03,0.002743369899690151,240.0,240.0
N24001546,2025-04,0.004439211450517178,155.79513028096494,240.0
N24001546,2025-05,0.006409114692360163,107.80327759986845,240.0
N24001547,2024-07,0.0002662970013579402,240.0,240.0
N24001547,2024-09,0.0006067894864827394,240.0,240.0
N24001547,2024-10,0.0002907348971348256,240.0,240.0
N24001547,2024-11,0.0003534249553922564,240.0,240.0
N24001547,2024-12,0.00037640833761543036,240.0,240.0
N24001547,2025-01,0.00014478568161635508,240.0,240.0
N24001547,2025-03,0.0004418417811393738,240.0,240.0
N24001547,2025-04,0.00047290444490499794,240.0,240.0
N24001547,2025-05,0.00046746080624870956,240.0,240.0
N24001548,2024-07,0.001054969281842788,240.0,240.0
N24001548,2024-09,0.00113189488183707,240.0,240.0
N24001548,2024-10,0.002149002393707633,240.0,240.0
N24001548,2024-11,0.044987764209508896,15.058227708460086,34.964121975484815
N24001548,2024-12,0.05849730595946312,11.499160255660392,26.700223265230008
N24001548,2025-01,0.03961343974495213,17.14886991033915,39.818442840384996
N24001548,2025-03,0.32409268617630005,1.7695899418481043,4.108860602407207
N24001548,2025-04,0.17538362741470337,3.5944718450411117,8.346105163282571
N24001548,2025-05,0.1596626192331314,3.98470774593471,9.252204865201097
N24001549,2024-07,0.05973837622144529,11.252915537742824,26.128460736479596
N24001549,2024-09,0.18672505021095276,3.353623676643843,7.7868730344787895
N24001550,2024-07,0.00044463707299069455,240.0,240.0
N24001550,2024-09,0.0017977511743083596,240.0,240.0
N24001550,2024-10,0.0006780871190130711,240.0,240.0
N24001550,2024-11,0.0008313570288009942,240.0,240.0
N24001550,2024-12,0.0008468012092635036,240.0,240.0
N24001550,2025-01,0.00022877732927195638,240.0,240.0
N24001550,2025-03,0.002102399244904518,240.0,240.0
N24001550,2025-04,0.0026303064078092575,240.0,240.0
N24001550,2025-05,0.0031722018029540777,218.15989019674737,240.0
N24001551,2024-07,0.0007330860454232146,240.0,240.0
N24001551,2024-09,0.0016666767187416553,240.0,240.0
N24001551,2024-10,0.000954236020334065,240.0,240.0
N24001551,2024-11,0.0006202869699336588,240.0,240.0
N24001551,2024-12,0.0006300161476247013,240.0,240.0
N24001551,2025-01,0.00031003118252803663,240.0,240.0
N24001551,2025-03,0.00120955565944314,240.0,240.0
N24001551,2025-04,0.0013949117856100202,240.0,240.0
N24001551,2025-05,0.0009797100210562348,240.0,240.0
N24001552,2024-07,0.0008220845062059112,240.0,240.0
N24001552,2024-09,0.0011599758872762322,240.0,240.0
N24001552,2024-10,0.0010877407621592283,240.0,240.0
N24001552,2024-11,0.0008258171728812158,240.0,240.0
N24001552,2024-12,0.0004917748156003654,240.0,240.0
N24001552,2025-01,0.0004982627920729898,240.0,240.0
N24001552,2025-03,0.0014325209194794297,240.0,240.0
N24001552,2025-04,0.003034251742064953,228.09414487198117,240.0
N24001552,2025-05,0.003925201948732138,176.24212118438933,240.0
N24001553,2024-07,0.00032502194135186624,240.0,240.0
N24001553,2024-09,0.0012373910285532475,240.0,240.0
N24001553,2024-10,0.0012009649071842432,240.0,240.0
N24001553,2024-11,0.0014967524912208319,240.0,240.0
N24001553,2024-12,0.001468084054067731,240.0,240.0
N24001553,2025-01,0.0013515400289200175,240.0,240.0
N24001553,2025-03,0.002157424110919237,240.0,240.0
N24001553,2025-04,0.0011530047049745917,240.0,240.0
N24001553,2025-05,0.0008782800287008286,240.0,240.0
N24001555,2024-07,0.00046768355872772727,240.0,240.0
N24001555,2024-09,0.0007090139552019536,240.0,240.0
N24001555,2024-10,0.0005925571895204484,240.0,240.0
N24001555,2024-11,0.0006361669511534274,240.0,240.0
N24001555,2024-12,0.0006579523906111717,240.0,240.0
N24001555,2025-01,0.00021330369513306024,240.0,240.0
N24001555,2025-03,0.0007391917170025408,240.0,240.0
N24001555,2025-04,0.0007833178387954831,240.0,240.0
N24001555,2025-05,0.0008293817518278956,240.0,240.0
N24001556,2024-07,0.000553218121172927,240.0,240.0
N24001556,2024-09,0.0010633168276399374,240.0,240.0
N24001556,2024-10,0.00031539451447315514,240.0,240.0
N24001556,2024-11,0.00032075418857857585,240.0,240.0
N24001556,2024-12,0.00039286038372665644,240.0,240.0
N24001556,2025-01,0.000234518545759399,240.0,240.0
N24001556,2025-03,0.0011552530340850353,240.0,240.0
N24001556,2025-04,0.001220114529132843,240.0,240.0
N24001556,2025-05,0.0012524971971288323,240.0,240.0
N24001557,2024-07,0.00041427313255359977,240.0,240.0
N24001557,2024-09,0.0008877427317202091,240.0,240.0
N24001557,2024-10,0.0005454270867630839,240.0,240.0
N24001557,2024-11,0.00047108589205890894,240.0,240.0
N24001557,2024-12,0.0004885696107521653,240.0,240.0
N24001557,2025-01,0.000657730741034257,240.0,240.0
N24001557,2025-03,0.0017214769031852484,240.0,240.0
N24001557,2025-04,0.001441233092918992,240.0,240.0
N24001557,2025-05,0.008627195842564106,79.99736149627141,185.74812117505311
N24001558,2024-07,0.0005004212786401396,240.0,240.0
N24001558,2024-09,0.0009208398987539113,240.0,240.0
N24001558,2024-10,0.0007945172837935388,240.0,240.0
N24001558,2024-11,0.0006204599048942327,240.0,240.0
N24001558,2024-12,0.001332486397586763,240.0,240.0
N24001558,2025-01,0.00047950152729703266,240.0,240.0
N24001558,2025-03,0.002293685916811228,240.0,240.0
N24001558,2025-04,0.002812592778354883,240.0,240.0
N24001558,2025-05,0.026349816471338272,25.95746305700719,60.27136274406579
N24001559,2024-07,0.000636462101545332,240.0,240.0
N24001559,2024-09,0.003222716972231865,214.73485790070214,240.0
N24001559,2024-10,0.001512077171355486,240.0,240.0
N24001559,2024-11,0.014363381080329418,47.91053060902692,111.24480706206053
N24001559,2024-12,0.028991540893912315,23.560327957552268,54.70538740940079
N24001559,2025-01,0.006763970517209006,102.12940957993686,237.13714541791393
N24001559,2025-03,0.06070326268672943,11.06842426417699,25.700085265125534
N24001559,2025-04,0.03720037639141083,18.284036893930548,42.454218951974404
N24001559,2025-05,0.0488610677421093,13.836616292666617,32.127628108118834
N24001560,2024-07,0.09155452229184435,7.218748659731324,16.761415322960655
N24001561,2024-07,0.09400911582549665,7.020915843697194,16.302061749320327
N24001561,2024-09,0.16665072739124298,3.802182895445137,8.828395286834242
N24001561,2024-10,0.03287515416741371,20.73572159625742,48.14685454211273
N24001561,2024-11,0.026326442137360573,25.980820254015654,60.325596476017566
N24001561,2024-12,0.036553844809532166,18.613635903990033,43.21952415347859
N24001561,2025-01,0.015515776290564887,44.32622608027265,102.92230967611397
N24001562,2024-07,0.13343100223164162,4.8399554746749,11.23802859465155
N24001563,2024-07,0.006982401073017286,98.9236269179675,229.69354858898447
N24001563,2024-09,0.016620254144072533,41.35742712530165,96.02897197449457
N24001563,2024-10,0.009053128771483898,76.21727989698832,176.97104350871092
N24001563,2024-11,0.007944617420434952,86.90036147846988,201.7763907727267
N24001563,2024-12,0.007431281264871359,92.92724475759293,215.77038038312935
N24001563,2025-01,0.003777884592155334,183.12815616493964,240.0
N24001563,2025-03,0.015981167554855347,43.02524556770476,99.90152647308163
N24001563,2025-04,0.014092443510890007,48.838340796995226,113.39911560422688
N24001563,2025-05,0.01932486519217491,35.520450127979835,82.47593109520179
N24001564,2024-07,0.005505274055880083,125.55913392352247,240.0
N24001564,2024-09,0.006065885070711374,113.92282661241136,240.0
N24001564,2024-10,0.0021543672773987055,240.0,240.0
N24001564,2024-11,0.0022453535348176956,240.0,240.0
N24001564,2024-12,0.0023602040018886328,240.0,240.0
N24001564,2025-01,0.0011497168216432208,240.0,240.0
N24001564,2025-03,0.0028336478862911463,240.0,240.0
N24001564,2025-04,0.0035084947012364864,197.215779301101,240.0
N24001564,2025-05,0.004004473332315683,172.7464139051028,240.0
N24001566,2024-07,0.06150374497702027,10.91975970264587,25.354896842992314
N24001566,2024-09,0.09719622135162354,6.778942311014933,15.740216605566236
N24001566,2024-10,0.02062990888953209,33.25136152956744,77.20727052875947
N24001566,2024-11,0.02206426113843918,31.067065918460134,72.13549318179024
N24001566,2024-12,0.019757933914661407,34.7342404749162,80.65040881328169
N24001566,2025-01,0.010660186204631716,64.67485923935084,150.17037270073422
N24001567,2024-07,0.00039858508875678655,240.0,240.0
N24001567,2024-09,0.0031949239782989025,216.605878084212,240.0
N24001567,2024-10,0.0017516904044896364,240.0,240.0
N24001567,2024-11,0.0010749312350526452,240.0,240.0
N24001567,2024-12,0.0013346043415367603,240.0,240.0
N24001567,2025-01,0.0011564769382090834,240.0,240.0
N24001567,2025-03,0.0026187144685536623,240.0,240.0
N24001567,2025-04,0.003727939212694764,185.58628012870406,240.0
N24001567,2025-05,0.009713158011436462,71.01453301451437,164.89063935170705
N24001568,2024-07,0.06187194960046216,10.852668425855885,25.199115722491786
N24001568,2024-09,0.08636222034692764,7.67425628547471,17.81907127660966
N24001568,2024-10,0.017996154725551605,38.168782266650965,88.6251678925754
N24001568,2024-11,0.018383167684078217,37.357890118259085,86.74233463130074
N24001568,2024-12,0.01339771505445242,51.3888708072829,119.32126289196718
N24001568,2025-01,0.005839743836128175,118.34788020661296,240.0
N24001568,2025-03,0.0157287809997797,43.7212265135632,101.51754418477664
N24001568,2025-04,0.01990077830851078,34.482419680909175,80.06569903679993
N24001568,2025-05,0.024703864008188248,27.710231076731294,64.34116405288327
N24001569,2024-07,0.22753944831018647,2.684802788075513,6.233919022864455
N24001569,2024-09,0.4555220603942871,1.1401800030020968,2.6474159821993255
N24001569,2024-10,0.16392919421195984,3.8714228108496354,8.98916539169957
N24001569,2024-11,0.2063901275396347,2.998517634749371,6.9623423391397665
N24001569,2024-12,0.2087300717830658,2.9606982221548312,6.874528382504368
N24001569,2025-01,0.08715568108204363,7.601137416539029,17.649294520561515
N24001571,2024-07,0.061356407524934875,10.946831842831813,25.417756405878787
N24001571,2024-09,0.1095937043428421,5.9714219141059,13.865212308788557
N24001571,2024-10,0.03620554506778717,18.796075944096287,43.64313680823368
N24001571,2024-11,0.03955839201807976,17.17322236301483,39.87498748443207
N24001571,2024-12,0.04175576940178871,16.250996505523737,37.73364535609191
N24001571,2025-01,0.023962722874364184,28.57808630217942,66.35626148314608
N24001572,2024-07,0.13077655286753476,4.945573874772138,11.48326692517438
N24001573,2024-07,0.07466658627775402,8.93217560369961,20.73986948269761
N24001573,2024-09,0.18932612240314484,3.302439680135354,7.668027474977112
N24001573,2024-10,0.061751991510391235,10.874438382590194,25.249663996657656
N24001573,2024-11,0.0727652907371521,9.174857115559519,21.303358503194872
N24001573,2024-12,0.10572070628404617,6.203373012093463,14.403786079845855
N24001573,2025-01,0.06009647990695266,11.183753152064439,25.967870650063517
N24001573,2025-03,0.1422942876815796,4.515786529565705,10.485331613512512
N24001573,2025-04,0.24330179393291473,2.4862629620104766,5.772923822769996
N24001573,2025-05,0.21593210101127625,2.8494128062611184,6.616131648789532
N24001587,2024-07,0.001969833569873458,240.0,240.0
N24001587,2024-09,0.003933895379304886,175.8518806294003,240.0
N24001587,2024-10,0.0020782204810529947,240.0,240.0
N24001587,2024-11,0.0010236366651952267,240.0,240.0
N24001587,2024-12,0.0015399445546790957,240.0,240.0
N24001587,2025-01,0.0008949183100106506,240.0,240.0
N24001587,2025-03,0.003553204471245408,194.729858291708,240.0
N24001587,2025-04,0.004008046351373196,172.592107755054,240.0
N24001587,2025-05,0.003382398746907711,204.58092623138825,240.0
N24001588,2024-07,0.00035873450935663964,240.0,240.0
N24001588,2024-09,0.003604173194617033,191.97116238988252,240.0
N24001588,2024-10,0.0015492950333282351,240.0,240.0
N24001588,2024-11,0.0007076166803017259,240.0,240.0
N24001588,2024-12,0.0008340619970113039,240.0,240.0
N24001588,2025-01,0.0004294105413926719,240.0,240.0
N24001588,2025-03,0.001060879323631525,240.0,240.0
N24001588,2025-04,0.0011920115211978555,240.0,240.0
N24001588,2025-05,0.0013106076512485743,240.0,240.0
N24001589,2024-07,0.000767614777908987,240.0,240.0
N24001589,2024-09,0.003955777268856764,174.87721374243083,240.0
N24001589,2024-10,0.0024140498135238886,240.0,240.0
N24001589,2024-11,0.00242226617410779,240.0,240.0
N24001589,2024-12,0.003813160816207528,181.43079497335265,240.0
N24001589,2025-01,0.0016177036776090503,240.0,240.0
N24001589,2025-03,0.01040787622332573,66.251152581363,153.83041249733617
N24001589,2025-04,0.01474093645811081,46.67449170521619,108.37481360492862
N24001589,2025-05,0.01206448208540678,57.106263352846476,132.59663727301083
N24001590,2024-07,0.15261956056752957,4.1855317589558885,9.718503783162996
N24001590,2024-09,0.34401166439056396,1.6440393882671134,3.8173412447188433
N24001590,2024-10,0.15519443154335022,4.110004251111689,9.543134340762723
N24001590,2024-11,0.14059187471866608,4.574886082342936,10.622556525501244
N24001590,2024-12,0.09666241705417633,6.818358683795528,15.831738588924052
N24001590,2025-01,0.06221249935620532,10.79132287787119,25.05667577112986
N24001590,2025-03,0.09579800814390182,6.883117818210156,15.982104642521966
N24001590,2025-04,0.11376289278268814,5.739363110591245,13.326388453241934
N24001590,2025-05,0.11880376189947128,5.480510354268197,12.725350965896418
N24001593,2024-07,0.0006362138042858012,240.0,240.0
N24001593,2024-09,0.016507014632225037,41.643533377878086,96.69329012047474
N24001593,2024-10,0.0016064912779256701,240.0,240.0
N24001593,2024-11,0.0012976267607882619,240.0,240.0
N24001593,2024-12,0.004800066351890564,144.05681495947684,240.0
N24001593,2025-01,0.0029612416824508214,233.7264091729377,240.0
N24001593,2025-03,0.009601844474673271,71.84183054901392,166.81156473989262
N24001593,2025-04,0.0561300627887249,11.999037027754644,27.86090118633726
N24001593,2025-05,0.03701462969183922,18.377551095744074,42.6713522044362
N24001594,2024-07,0.0004939061739170914,240.0,240.0
N24001594,2024-09,0.0008049802854657173,240.0,240.0
N24001594,2024-10,0.0006072147516533732,240.0,240.0
N24001594,2024-11,0.0005822930834256113,240.0,240.0
N24001594,2024-12,0.0005984696908853948,240.0,240.0
N24001594,2025-01,0.00019774474739586712,240.0,240.0
N24001594,2025-03,0.001118031213991344,240.0,240.0
N24001594,2025-04,0.02312597446143627,29.624744042929986,68.78652549712616
N24001594,2025-05,0.030396834015846252,22.454912335345888,52.13869181967241
N24001595,2024-07,0.0011373186149689074,240.0,240.0
N24001595,2024-09,0.010564625263214111,65.26301331739005,151.53602417865602
N24001595,2024-10,0.0042525227181613445,162.64988279613735,240.0
N24001595,2024-11,0.0036971501540392637,187.13469188982418,240.0
N24001595,2024-12,0.0030988380312919617,223.33295338729653,240.0
N24001595,2025-01,0.0016261540018063236,240.0,240.0
N24001595,2025-03,0.010271195322275162,67.1373981909431,155.88821107719076
N24001595,2025-04,0.01359676755964756,50.63145671434872,117.56260183011968
N24001595,2025-05,0.01069599762558937,64.45715589673985,149.66488119317486
N24001596,2024-07,0.0007756885898821952,240.0,240.0
N24001596,2024-09,0.0008572163642384112,240.0,240.0
N24001596,2024-10,0.0005914526409469545,240.0,240.0
N24001596,2024-11,0.0005341238575056195,240.0,240.0
N24001596,2024-12,0.0005868489970453084,240.0,240.0
N24001596,2025-01,0.00031384689544056155,240.0,240.0
N24001596,2025-03,0.0010075945174321532,240.0,240.0
N24001596,2025-04,0.0016906720120459795,240.0,240.0
N24001596,2025-05,0.0014348883414641023,240.0,240.0
N24001597,2024-07,0.0375747915629604,18.09834731520597,42.02306110220601
N24001597,2024-09,0.1358446180820465,4.747496082220297,11.023344533674992
N24001597,2024-10,0.12693803012371063,5.106103946250643,11.856006208214598
N24001598,2024-07,0.00042066758529291093,240.0,240.0
N24001598,2024-09,0.0010006669908761978,240.0,240.0
N24001598,2024-10,0.0009632990113459527,240.0,240.0
N24001598,2024-11,0.0003472022945061326,240.0,240.0
N24001598,2024-12,0.0004869465483352542,240.0,240.0
N24001598,2025-01,0.00025014317280214193,240.0,240.0
N24001598,2025-03,0.0009171150741167367,240.0,240.0
N24001598,2025-04,0.0014918865635991096,240.0,240.0
N24001598,2025-05,0.0014696059515699744,240.0,240.0
N24001599,2024-07,0.0011816628019678532,240.0,240.0
N24001599,2024-09,0.004750564694404602,145.5615275455003,240.0
N24001599,2024-10,0.0030132215470075607,229.68850498000708,240.0
N24001599,2024-11,0.001819194876588881,240.0,240.0
N24001599,2024-12,0.0017873026663437486,240.0,240.0
N24001599,2025-01,0.0016472187897309531,240.0,240.0
N24001599,2025-03,0.0009925932390615344,240.0,240.0
N24001599,2025-04,0.0010927687399089336,240.0,240.0
N24001599,2025-05,0.0009952024556696415,240.0,240.0
N24001600,2024-07,0.014436352381508644,47.666597355724456,110.67841158794026
N24001600,2024-09,0.061809562146663666,10.86397993960314,25.22538024405724
N24001600,2024-10,0.032493144273757935,20.983623862611857,48.72246577914734
N24001600,2024-11,0.024470113217830658,27.978271386007734,64.96353437755454
N24001600,2024-12,0.012904713861644268,53.36538826860466,123.91059431544562
N24001600,2025-01,0.006293231758122575,109.79475161629858,240.0
N24001600,2025-03,0.02473953366279602,27.669774358918726,64.24722646316735
N24001600,2025-04,0.07257264107465744,9.200156065919328,21.362100846806477
N24001600,2025-05,0.07156111299991608,9.33522511281704,21.67572146154793
N24001601,2024-07,0.00038142844158284284,240.0,240.0
N24001601,2024-09,0.0012816485250368714,240.0,240.0
N24001601,2024-10,0.0008998840348795056,240.0,240.0
N24001601,2024-11,0.0013845289358869195,240.0,240.0
N24001601,2024-12,0.0020842873491346836,240.0,240.0
N24001601,2025-01,0.0011304631760038486,240.0,240.0
N24001601,2025-03,0.001960781402885914,240.0,240.0
N24001601,2025-04,0.003957829438149929,174.78635843341067,240.0
N24001601,2025-05,0.0024018713738769293,240.0,240.0
N24001602,2024-07,0.0003082714574748069,240.0,240.0
N24001602,2024-09,0.0022901324555277824,240.0,240.0
N24001602,2024-10,0.0022057457827031612,240.0,240.0
N24001602,2024-11,0.0022575960028916597,240.0,240.0
N24001602,2024-12,0.001875783782452345,240.0,240.0
N24001602,2025-01,0.0010432896520148338,240.0,240.0
N24001602,2025-03,0.002357057761400938,240.0,240.0
N24001602,2025-04,0.003253330709412694,212.7109450299033,240.0
N24001602,2025-05,0.0037414708640426397,184.91382148965465,240.0
N24001603,2024-07,0.037627810443047416,18.072351487819336,41.96270066024714
N24001603,2024-09,0.18147337436676025,3.4614203266459405,8.0371691046534
N24001603,2024-10,0.05365385115146637,12.569112142245217,29.184574610869053
N24001603,2024-11,0.07257098704576492,9.200373855956776,21.36260653961321
N24001603,2024-12,0.056357599794864655,11.949165720192441,27.745103596179813
N24001603,2025-01,0.016321748616790144,42.12017933581927,97.80002776153289
N24001603,2025-03,0.03727526217699051,18.246599213819344,42.36729135071679
N24001603,2025-04,0.04553304612636566,14.873682371798362,34.53562097350951
N24001603,2025-05,0.05291805788874626,12.748786036491866,29.601764473838166
N24001604,2024-07,0.014647207837451437,46.97539413817393,109.07348741783316
N24001604,2024-09,0.08332402259111404,7.967097261538762,18.499026966267017
N24001604,2024-10,0.023939823731780052,28.605756281758314,66.42050918611528
N24001604,2024-11,0.03133932128548622,21.769079006423166,50.54623614483662
N24001604,2024-12,0.028013868257403374,24.394786555687908,56.64294027243226
N24001604,2025-01,0.013542235745376274,50.83674119598616,118.03925763547802
N24001605,2024-07,0.0008030271414649626,240.0,240.0
N24001605,2024-09,0.019147086888551712,35.85349188662113,83.2492301113617
N24001605,2024-10,0.005861349869519472,117.91034771721982,240.0
N24001605,2024-11,0.006302668247371912,109.62984458189436,240.0
N24001605,2024-12,0.004519013687968254,153.03778108456137,240.0
N24001605,2025-01,0.0023152010625402397,240.0,240.0
N24001605,2025-03,0.003538208780810237,195.55663594214667,240.0
N24001605,2025-04,0.0008074093493632972,240.0,240.0
N24001605,2025-05,0.0012029421050101519,240.0,240.0
N24001606,2024-07,0.0008435319838686617,240.0,240.0
N24001606,2024-09,0.005448930896818638,126.86103355066162,240.0
N24001606,2024-10,0.004542759619653225,152.23600701234488,240.0
N24001606,2024-11,0.007379505317658186,93.5816768135897,217.28992456014316
N24001606,2024-12,0.01038556918501854,66.39419963113394,154.16255746109005
N24001606,2025-01,0.0018703253354777072,240.0,240.0
N24001606,2025-03,0.004804410506039858,143.9262447266665,240.0
N24001606,2025-04,0.00333979120478034,207.1953033382778,240.0
N24001606,2025-05,0.003456435864791274,200.19135518848645,240.0
N24001607,2024-07,0.0008047638243636746,240.0,240.0
N24001607,2024-09,0.0025216953363269567,240.0,240.0
N24001607,2024-10,0.0010266364552080631,240.0,240.0
N24001607,2024-11,0.0012383584398776293,240.0,240.0
N24001607,2024-12,0.0015542871551588178,240.0,240.0
N24001607,2025-01,0.0007730047683203178,240.0,240.0
N24001607,2025-03,0.0008690183167345822,240.0,240.0
N24001607,2025-04,0.001537177013233304,240.0,240.0
N24001607,2025-05,0.0015456819674000144,240.0,240.0
N24001608,2024-07,0.000320540804236491,240.0,240.0
N24001608,2024-09,0.0008032600162550807,240.0,240.0
N24001608,2024-10,0.00047774636186659336,240.0,240.0
N24001608,2024-11,0.00046768924221396446,240.0,240.0
N24001608,2024-12,0.0005043953424319625,240.0,240.0
N24001608,2025-01,0.0003004574655596226,240.0,240.0
N24001608,2025-03,0.001712973229587078,240.0,240.0
N24001608,2025-04,0.001446477952413261,240.0,240.0
N24001608,2025-05,0.0031863388139754534,217.1904284816409,240.0
N24001609,2024-07,0.0014532436167924434,240.0,240.0
N24001609,2024-09,0.00316097610630095,218.9358819515348,240.0
N24001609,2024-10,0.0029971045441925526,230.925526098952,240.0
N24001609,2024-11,0.0031372879166156054,220.5915836843121,240.0
N24001609,2024-12,0.0015871095238253474,240.0,240.0
N24001609,2025-01,0.0017616862426518276,240.0,240.0
N24001609,2025-03,0.003367097582668066,205.5121838607128,240.0
N24001609,2025-04,0.0035046739503741264,197.43115970245174,240.0
N24001609,2025-05,0.0049982015043497086,138.33245592084862,240.0
N24001610,2024-07,0.0005218321524292913,240.0,240.0
N24001610,2024-09,0.0027396155055612326,240.0,240.0
N24001610,2024-10,0.001266257488168776,240.0,240.0
N24001610,2024-11,0.0021660528145730495,240.0,240.0
N24001610,2024-12,0.002977631986141205,232.43795817355684,240.0
N24001610,2025-01,0.004705322771785148,146.96444677976376,240.0
N24001610,2025-03,0.016002537682652473,42.967323424550976,99.7670354215768
N24001610,2025-04,0.036303285509347916,18.744526013044172,43.52344157503426
N24001610,2025-05,0.018038012087345123,38.079402156751854,88.41763370427655
N24001611,2024-07,0.0006262849349450983,240.0,240.0
N24001611,2024-09,0.0020136875100433826,240.0,240.0
N24001611,2024-10,0.0006269077421166003,240.0,240.0
N24001611,2024-11,0.0011622980237007141,240.0,240.0
N24001611,2024-12,0.0004716062103398144,240.0,240.0
N24001611,2025-01,0.0002559680613627435,240.0,240.0
N24001611,2025-03,0.0016394172562286258,240.0,240.0
N24001611,2025-04,0.002173681277781725,240.0,240.0
N24001611,2025-05,0.002075738972052932,240.0,240.0
N24001612,2024-07,0.00031509418308406367,240.0,240.0
N24001612,2024-09,0.0010815797140821815,240.0,240.0
N24001612,2024-10,0.00032078142976388335,240.0,240.0
N24001612,2024-11,0.00031926020164974034,240.0,240.0
N24001612,2024-12,0.0005848639411851764,240.0,240.0
N24001612,2025-01,0.00024622261231543874,240.0,240.0
N24001612,2025-03,0.0004825573123525828,240.0,240.0
N24001612,2025-04,0.0003145857772324234,240.0,240.0
N24001612,2025-05,0.0005469011375680566,240.0,240.0
N24001614,2024-07,0.0005988430617331897,240.0,240.0
N24001614,2024-09,0.00234049535356462,240.0,240.0
N24001614,2024-10,0.0013492839643731713,240.0,240.0
N24001614,2024-11,0.0012145998189225793,240.0,240.0
N24001614,2024-12,0.001321925432421267,240.0,240.0
N24001614,2025-01,0.0006654089291765475,240.0,240.0
N24001614,2025-03,0.0012662973022088408,240.0,240.0
N24001614,2025-04,0.0017072537448257208,240.0,240.0
N24001614,2025-05,0.001117271021939814,240.0,240.0
N24001615,2024-07,0.0010332221961818489,240.0,240.0
N24001615,2024-09,0.0026557394303381443,240.0,240.0
N24001615,2024-10,0.0017978650284931064,240.0,240.0
N24001615,2024-11,0.0019683721475303173,240.0,240.0
N24001615,2024-12,0.0015255053294822574,240.0,240.0
N24001615,2025-01,0.0012701722131563953,240.0,240.0
N24001615,2025-03,0.004694561008363962,147.30214229838674,240.0
N24001615,2025-04,0.006022904999554157,114.73826984136271,240.0
N24001615,2025-05,0.002686417428776622,240.0,240.0
N24001616,2024-07,0.07902470542295059,8.419943768981314,19.5505039945695
N24001616,2024-09,0.09337985515594482,7.070641797889529,16.417521839404586
N24001616,2024-10,0.03680209815502167,18.485707947777883,42.92248463782807
N24001616,2024-11,0.039756402373313904,17.08593991548977,39.6723239173331
N24001616,2024-12,0.032710544764995575,20.84183365934614,48.39323912260488
N24001616,2025-01,0.012883817479579118,53.452506633167324,124.1128768937043
N24001616,2025-03,0.06797242164611816,9.846837313898384,22.863648204925866
N24001616,2025-04,0.08615149557590485,7.693901143818277,17.864685225117668
N24001618,2024-07,0.0019992413975956635,240.0,240.0
N24001618,2024-09,0.0072439066134393215,95.33993584337951,221.3724755995015
N24001618,2024-10,0.004257250111550093,162.46888551355283,240.0
N24001618,2024-11,0.004579029977321625,151.02740082803584,240.0
N24001618,2024-12,0.008180872537195683,84.3807333903289,195.92599552620482
N24001618,2025-01,0.0018244680934775825,240.0,240.0
N24001618,2025-03,0.00980635266751051,70.33634206378305,163.31592872950563
N24001618,2025-04,0.01150316558778286,59.90983910942104,139.1063385883464
N24001618,2025-05,0.011963448487222195,57.591475317460635,133.7232645656239
N24001619,2024-07,0.001043867908297802,240.0,240.0
N24001619,2024-09,0.002625573193654418,240.0,240.0
N24001619,2024-10,0.0019411747343838215,240.0,240.0
N24001619,2024-11,0.001464450266212225,240.0,240.0
N24001619,2024-12,0.001556108589284122,240.0,240.0
N24001619,2025-01,0.0010420213816983992,240.0,240.0
N24001619,2025-03,0.0029120936524122953,237.67691491617202,240.0
N24001619,2025-04,0.0030631343834102154,225.9401481124899,240.0
N24001619,2025-05,0.002673972165212035,240.0,240.0
N24001620,2024-07,0.00036220144320597836,240.0,240.0
N24001620,2024-09,0.0003921804891433567,240.0,240.0
N24001620,2024-10,0.00017047341680154204,240.0,240.0
N24001620,2024-11,0.00020602409495040774,240.0,240.0
N24001620,2024-12,0.00022096822794992477,240.0,240.0
N24001620,2025-01,9.797610735462481e-05,240.0,240.0
N24001620,2025-03,0.0004203823918942362,240.0,240.0
N24001620,2025-04,0.00046658379142172635,240.0,240.0
N24001620,2025-05,0.0005101300193928182,240.0,240.0
N24001621,2024-07,0.0007350937627169651,240.0,240.0
N24001621,2024-09,0.001125696930103004,240.0,240.0
N24001621,2024-10,0.0002767863043118268,240.0,240.0
N24001621,2024-11,0.0002665279316715896,240.0,240.0
N24001621,2024-12,0.00034744167351163924,240.0,240.0
N24001621,2025-01,0.00017758747873897196,240.0,240.0
N24001621,2025-03,0.0004221962299197912,240.0,240.0
N24001621,2025-04,0.0009606420644558966,240.0,240.0
N24001621,2025-05,0.0011745777446776628,240.0,240.0
N24001622,2024-07,0.0005949543314512917,240.0,240.0
N24001622,2024-09,0.0011748552788048983,240.0,240.0
N24001622,2024-10,0.0005108606419526041,240.0,240.0
N24001622,2024-11,0.000564096961170435,240.0,240.0
N24001622,2024-12,0.0006495047127828002,240.0,240.0
N24001622,2025-01,0.00031134568708224286,240.0,240.0
N24001622,2025-03,0.0011129180202260613,240.0,240.0
N24001622,2025-04,0.0017576947575435042,240.0,240.0
N24001622,2025-05,0.0024831790942698717,240.0,240.0
N24001623,2024-07,0.0007975352191502694,240.0,240.0
N24001623,2024-09,0.0028037000447511673,240.0,240.0
N24001623,2024-10,0.0018179388716816902,240.0,240.0
N24001623,2024-11,0.0014609735226258636,240.0,240.0
N24001623,2024-12,0.001395764178596437,240.0,240.0
N24001623,2025-01,0.0005392183420850349,240.0,240.0
N24001623,2025-03,0.0009261827217414975,240.0,240.0
N24001623,2025-04,0.0014234749833121896,240.0,240.0
N24001623,2025-05,0.0015929973451420665,240.0,240.0
N24001624,2024-07,0.013878595656532267,49.59622998434352,115.15887980114223
N24001624,2024-09,0.030258893966674805,22.558872931653525,52.38008084900035
N24001624,2024-10,0.010288810357451439,67.02185970032585,155.61993900978567
N24001624,2024-11,0.015700532123446465,43.8005179491654,101.70165319678534
N24001624,2024-12,0.015047702006995678,45.71587511987214,106.14897482319327
N24001624,2025-01,0.007628002293246672,90.52175340448355,210.18500242833608
N24001624,2025-03,0.030252650380134583,22.563600929601478,52.39105892026827
N24001624,2025-04,0.03902217745780945,17.414031009696313,40.43412784665361
N24001624,2025-05,0.045882344245910645,14.757770313116465,34.266481507919785
N24001625,2024-07,0.0005756093928448447,240.0,240.0
N24001625,2024-09,0.005052974447607994,136.82920459558235,240.0
N24001625,2024-10,0.0007509323768317699,240.0,240.0
N24001625,2024-11,0.0007587040308862925,240.0,240.0
N24001625,2024-12,0.0007573456387035549,240.0,240.0
N24001625,2025-01,0.000447499168902854,240.0,240.0
N24001625,2025-03,0.0008915543439798057,240.0,240.0
N24001625,2025-04,0.0010712286457419395,240.0,240.0
N24001625,2025-05,0.0008209241786971688,240.0,240.0
N24001626,2024-07,0.0006147238898202012,240.0,240.0
N24001626,2024-09,0.005017637275159359,137.79528175448107,240.0
N24001626,2024-10,0.000673080503474921,240.0,240.0
N24001626,2024-11,0.0007634767098352313,240.0,240.0
N24001626,2024-12,0.0008069786126725376,240.0,240.0
N24001626,2025-01,0.0004088012231786564,240.0,240.0
N24001626,2025-03,0.0015390311600640416,240.0,240.0
N24001626,2025-04,0.0018655059393495321,240.0,240.0
N24001626,2025-05,0.002038188511505723,240.0,240.0
N24001627,2024-07,0.0005001740634383856,240.0,240.0
N24001627,2024-09,0.0017219956498593092,240.0,240.0
N24001627,2024-10,0.00032004370586946607,240.0,240.0
N24001627,2024-11,0.00042444272548891604,240.0,240.0
N24001627,2024-12,0.0005149669013917446,240.0,240.0
N24001627,2025-01,0.00022999333341133799,240.0,240.0
N24001627,2025-03,0.00040762516437098384,240.0,240.0
N24001627,2025-04,0.0004576722567435354,240.0,240.0
N24001627,2025-05,0.00067621044581756,240.0,240.0
N24001628,2024-07,0.00039950091519802555,240.0,240.0
N24001628,2024-09,0.0024854796938598156,240.0,240.0
N24001628,2024-10,0.0003969157987739891,240.0,240.0
N24001628,2024-11,0.00028604487306438386,240.0,240.0
N24001628,2024-12,0.0005667525692842901,240.0,240.0
N24001628,2025-01,0.0003108528350105333,240.0,240.0
N24001628,2025-03,0.0006042127497494221,240.0,240.0
N24001628,2025-04,0.0007146815187297761,240.0,240.0
N24001628,2025-05,0.0012331424513831735,240.0,240.0
N24001629,2024-07,0.0005238591881018273,240.0,240.0
N24001629,2024-09,0.0007322541787289083,240.0,240.0
N24001629,2024-10,0.0006804600125178695,240.0,240.0
N24001629,2024-11,0.0005239839083515108,240.0,240.0
N24001629,2024-12,0.0005323814693838358,240.0,240.0
N24001629,2025-01,0.0002662556337995614,240.0,240.0
N24001629,2025-03,0.0009546843939460814,240.0,240.0
N24001629,2025-04,0.0008471019100397825,240.0,240.0
N24001629,2025-05,0.0012498564319685102,240.0,240.0
N24001630,2024-07,0.00030238326441933694,240.0,240.0
N24001630,2024-09,0.00150722183752805,240.0,240.0
N24001630,2024-10,0.0008426278363913298,240.0,240.0
N24001630,2024-11,0.0005922697600908577,240.0,240.0
N24001630,2024-12,0.0007031206041574478,240.0,240.0
N24001630,2025-01,0.00047868424943176,240.0,240.0
N24001630,2025-03,0.0007132503087632358,240.0,240.0
N24001630,2025-04,0.0008268010569736362,240.0,240.0
N24001630,2025-05,0.004619277082383633,149.708496245922,240.0
N24001631,2024-07,0.00035251493353272156,240.0,240.0
N24001631,2024-09,0.0020153711084276438,240.0,240.0
N24001631,2024-10,0.0014161929721012712,240.0,240.0
N24001631,2024-11,0.0009601768106222153,240.0,240.0
N24001631,2024-12,0.0010069649433717132,240.0,240.0
N24001631,2025-01,0.0005467190958240442,240.0,240.0
N24001631,2025-03,0.0033424508292227983,207.03015970384277,240.0
N24001631,2025-04,0.0044337124563753605,155.98878856419554,240.0
N24001631,2025-05,0.009582375176250935,71.98850392464797,167.15212977154928
N24001632,2024-07,0.0008326280011504705,240.0,240.0
N24001632,2024-09,0.005385369528084993,128.36242162087228,240.0
N24001632,2024-10,0.0018164502689614892,240.0,240.0
N24001632,2024-11,0.0011595510877668858,240.0,240.0
N24001632,2024-12,0.001033766777254641,240.0,240.0
N24001632,2025-01,0.0011836769572250994,240.0,240.0
N24001632,2025-03,0.0015769310994073749,240.0,240.0
N24001632,2025-04,0.009358290582895279,73.72059625531284,171.17392361705896
N24001632,2025-05,0.005968088749796152,115.79531807308214,240.0
N24001633,2024-07,0.01075529613688242,64.09985855153515,148.83526244911542
N24001633,2024-09,0.09228268265724182,7.158964115091921,16.622599909122375
N24001633,2024-10,0.07050762325525284,9.480015284601222,22.011913829277194
N24001633,2024-11,0.03829040005803108,17.753546264648232,41.22245785576932
N24001633,2024-12,0.09614811837673187,6.856748348779717,15.920876630604154
N24001633,2025-01,0.08817722158951824,7.508936854631421,17.435211445503835
N24001633,2025-03,0.16179703176021576,3.927290696989135,9.118886606128843
N24001633,2025-04,0.13729211688041687,4.693602651230733,10.898207862130448
N24001633,2025-05,0.13413068652153015,4.812810525519492,11.174999974573318
N24001634,2024-07,0.009587924582020735,71.94663637733991,167.05491633719066
N24001634,2024-09,0.058213718235492706,11.55690101899153,26.834293165828818
N24001634,2024-10,0.052816957235336304,12.773864961631904,29.6599959347104
N24001634,2024-11,0.06543811410665512,10.241925157865184,23.781013769780856
N24001634,2024-12,0.06681019067764282,10.024304719944078,23.275714760950148
N24001634,2025-01,0.015802248003743524,43.51634018008937,101.0418128508253
N24001634,2025-03,0.05606609210371971,12.013130930607561,27.89362621533806
N24001634,2025-04,0.10857272148132324,6.030963493906465,14.003463575741469
N24001634,2025-05,0.11830739676952362,5.505021346459159,12.782263727298178
N24001635,2024-07,0.0003956242280508393,240.0,240.0
N24001635,2024-09,0.0011802646331489086,240.0,240.0
N24001635,2024-10,0.0008416452328674495,240.0,240.0
N24001635,2024-11,0.00034623907413333654,240.0,240.0
N24001635,2024-12,0.0007979696383699775,240.0,240.0
N24001635,2025-01,0.0004843877959970211,240.0,240.0
N24001635,2025-03,0.0015953743131831288,240.0,240.0
N24001635,2025-04,0.0014379107160493731,240.0,240.0
N24001635,2025-05,0.006093079224228859,113.41282523480047,240.0
N24001636,2024-07,0.0005794460382765321,240.0,240.0
N24001636,2024-09,0.004457653500139713,155.14914410011545,240.0
N24001636,2024-10,0.0015393242938444018,240.0,240.0
N24001636,2024-11,0.0008618675055913627,240.0,240.0
N24001636,2024-12,0.000611756753642112,240.0,240.0
N24001636,2025-01,0.00030508588119027014,240.0,240.0
N24001636,2025-03,0.0006746825529262424,240.0,240.0
N24001636,2025-04,0.0007857685559429228,240.0,240.0
N24001636,2025-05,0.0008565921452827752,240.0,240.0
N24001637,2024-07,0.0004193018092087941,240.0,240.0
N24001637,2024-09,0.0011881861137226224,240.0,240.0
N24001637,2024-10,0.0005133210215717554,240.0,240.0
N24001637,2024-11,0.000500906549859792,240.0,240.0
N24001637,2024-12,0.0005248156958259642,240.0,240.0
N24001637,2025-01,0.00036109404942430423,240.0,240.0
N24001637,2025-03,0.0008214093395508826,240.0,240.0
N24001637,2025-04,0.0010388012742623687,240.0,240.0
N24001637,2025-05,0.001763680367730558,240.0,240.0
N24001638,2024-07,0.0035394558527983566,195.4876123615912,240.0
N24001638,2024-09,0.0036095078103244305,191.6869287774527,240.0
N24001638,2024-10,0.0035927079152315855,192.58490038499022,240.0
N24001638,2024-11,0.004557792097330093,151.7327584838956,240.0
N24001638,2024-12,0.0024648024700582027,240.0,240.0
N24001638,2025-01,0.0008496145368637187,240.0,240.0
N24001638,2025-03,0.005221775267273188,132.39479614623673,240.0
N24001638,2025-04,0.0032424989622086287,213.42267671668728,240.0
N24001638,2025-05,0.010687469504773617,64.50886735686974,149.78495148527813
N24001639,2024-07,0.0006303514907134433,240.0,240.0
N24001639,2024-09,0.001618559006601572,240.0,240.0
N24001639,2024-10,0.0011747119715437293,240.0,240.0
N24001639,2024-11,0.0008514547953382134,240.0,240.0
N24001639,2024-12,0.00078629917697981,240.0,240.0
N24001639,2025-01,0.0004955402310806711,240.0,240.0
N24001639,2025-03,0.0013011581031605601,240.0,240.0
N24001639,2025-04,0.0008983269799500704,240.0,240.0
N24001639,2025-05,0.0009898159187287092,240.0,240.0
N24001640,2024-07,0.00042798500673002504,240.0,240.0
N24001640,2024-09,0.0024843697901815176,240.0,240.0
N24001640,2024-10,0.0005145512986928225,240.0,240.0
N24001640,2024-11,0.0003799964615609497,240.0,240.0
N24001640,2024-12,0.0004951520822942257,240.0,240.0
N24001640,2025-01,0.00022581183347025746,240.0,240.0
N24001640,2025-03,0.0005535924574360251,240.0,240.0
N24001640,2025-04,0.0006068071816116571,240.0,240.0
N24001640,2025-05,0.0007128657307475805,240.0,240.0
N24001641,2024-07,0.00032823823756067405,240.0,240.0
N24001641,2024-09,0.002101043239235878,240.0,240.0
N24001641,2024-10,0.0006048540817573667,240.0,240.0
N24001641,2024-11,0.0006768841994926333,240.0,240.0
N24001641,2024-12,0.00037220807280391455,240.0,240.0
N24001641,2025-01,0.0002457210299415813,240.0,240.0
N24001641,2025-03,0.0007692724466323853,240.0,240.0
N24001641,2025-04,0.000614650605712086,240.0,240.0
N24001641,2025-05,0.0005292307469062507,240.0,240.0
N24001642,2024-07,0.00046419779861095467,240.0,240.0
N24001642,2024-09,0.0016253517242148519,240.0,240.0
N24001642,2024-10,0.0006687090499326587,240.0,240.0
N24001642,2024-11,0.0006529599195346236,240.0,240.0
N24001642,2024-12,0.0003243882383685559,240.0,240.0
N24001642,2025-01,0.0002004373586841357,240.0,240.0
N24001642,2025-03,0.0006396030657924712,240.0,240.0
N24001642,2025-04,0.0004317359998822212,240.0,240.0
N24001642,2025-05,0.0006418603588826954,240.0,240.0
N24001643,2024-07,0.0003786100906630896,240.0,240.0
N24001643,2024-09,0.0008440357632935047,240.0,240.0
N24001643,2024-10,0.0006682455423288047,240.0,240.0
N24001643,2024-11,0.000677155505400151,240.0,240.0
N24001643,2024-12,0.000726369849871844,240.0,240.0
N24001643,2025-01,0.0004962008663755846,240.0,240.0
N24001643,2025-03,0.0010444168001413345,240.0,240.0
N24001643,2025-04,0.002210306003689766,240.0,240.0
N24001643,2025-05,0.0031104099471122026,222.50077857401365,240.0
N24001644,2024-07,0.0013914643553946116,240.0,240.0
N24001644,2024-09,0.004688945133239031,147.47897947217612,240.0
N24001644,2024-10,0.0018557407893240452,240.0,240.0
N24001644,2024-11,0.0019388500368222594,240.0,240.0
N24001644,2024-12,0.002091118134558201,240.0,240.0
N24001644,2025-01,0.0009693551416745105,240.0,240.0
N24001644,2025-03,0.0034583418164402246,200.08083506654302,240.0
N24001644,2025-04,0.0024377622175961733,240.0,240.0
N24001644,2025-05,0.00224003242328763,240.0,240.0
N24001645,2024-07,0.09410783827856894,7.013174813815494,16.28408763455464
N24001645,2024-09,0.15875515341758728,4.0095855878900295,9.309969425377322
N24001647,2024-07,0.10499062468468345,6.2490118729554425,14.509756233099937
N24001647,2024-09,0.18121081590652466,3.466973009897749,8.050062035897785
N24001647,2024-10,0.04082835465669632,16.628121602488037,38.609302714020444
N24001647,2024-11,0.05069451034069061,13.323443985965952,30.936078911672407
N24001647,2024-12,0.05590108036994934,12.049634885578497,27.978385773959577
N24001647,2025-01,0.02130014094294974,32.19408860455557,74.75235882021065
N24001647,2025-03,0.039035502821207047,17.407966571087552,40.42004665626821
N24001647,2025-04,0.046509962528944016,14.553873511011519,33.79304779465462
N24001647,2025-05,0.10589272528886795,6.192711266992655,14.37903027435576
N24001648,2024-07,0.0002503944308448469,240.0,240.0
N24001648,2024-09,0.000544139591511339,240.0,240.0
N24001648,2024-10,0.0003510210372041911,240.0,240.0
N24001648,2024-11,0.000355214171577245,240.0,240.0
N24001648,2024-12,0.00037176941987127066,240.0,240.0
N24001648,2025-01,0.00019608963588391148,240.0,240.0
N24001648,2025-03,0.0007310552755370736,240.0,240.0
N24001648,2025-04,0.0008070959011092782,240.0,240.0
N24001648,2025-05,0.0007347405189648271,240.0,240.0
N24001649,2024-07,0.00042098704695892053,240.0,240.0
N24001649,2024-09,0.0006475624395534396,240.0,240.0
N24001649,2024-10,0.0005264798528514802,240.0,240.0
N24001649,2024-11,0.0004457273753359914,240.0,240.0
N24001649,2024-12,0.0006397722172550857,240.0,240.0
N24001649,2025-01,0.0003291341442074325,240.0,240.0
N24001649,2025-03,0.0010924991220235825,240.0,240.0
N24001649,2025-04,0.0008413329487666488,240.0,240.0
N24001649,2025-05,0.0016766277840361,240.0,240.0
N24001650,2024-07,0.00033649407113822694,240.0,240.0
N24001650,2024-09,0.0009528828668408096,240.0,240.0
N24001650,2024-10,0.0007212224882096052,240.0,240.0
N24001650,2024-11,0.000702743127476424,240.0,240.0
N24001650,2024-12,0.0009897112613543868,240.0,240.0
N24001650,2025-01,0.0004773558685897683,240.0,240.0
N24001650,2025-03,0.0012255656765773892,240.0,240.0
N24001650,2025-04,0.0006879347492940724,240.0,240.0
N24001650,2025-05,0.0009344647405669093,240.0,240.0
N24001651,2024-07,0.00031144868850874197,240.0,240.0
N24001651,2024-09,0.0005684691714122891,240.0,240.0
N24001651,2024-10,0.000444387347670272,240.0,240.0
N24001651,2024-11,0.0005902998382225633,240.0,240.0
N24001651,2024-12,0.0006962316110730171,240.0,240.0
N24001651,2025-01,0.0002761720483483998,240.0,240.0
N24001651,2025-03,0.0009322251426056027,240.0,240.0
N24001651,2025-04,0.001060481765307486,240.0,240.0
N24001651,2025-05,0.00110324053093791,240.0,240.0
N24001652,2024-07,0.027501343085105878,24.855936703048364,57.71369775554996
N24001652,2024-09,0.057748060673475266,11.65294242044808,27.057294394143135
N24001652,2024-10,0.05226564779877663,12.912328871258072,29.981499176599343
N24001652,2024-11,0.050867270678281784,13.276995834912467,30.82822964478575
N24001652,2024-12,0.05603746697306633,12.019447984432,27.908293960089942
N24001652,2025-01,0.052662067616800035,12.812473443662974,29.749642053839292
N24001652,2025-03,0.21538063883781433,2.8576722671909813,6.6353095231712045
N24001652,2025-04,0.23001417517662048,2.6518431578791954,6.157389131514527
N24001652,2025-05,0.2682659924030304,2.2192199396212957,5.152869126540922
N24001653,2024-07,0.00028165432346738406,240.0,240.0
N24001653,2024-09,0.0007483281660825014,240.0,240.0
N24001653,2024-10,0.0004212942731101066,240.0,240.0
N24001653,2024-11,0.0004534988256637007,240.0,240.0
N24001653,2024-12,0.0003633619053289294,240.0,240.0
N24001653,2025-01,0.00018931413720735257,240.0,240.0
N24001653,2025-03,0.0007479327614419162,240.0,240.0
N24001653,2025-04,0.0009279016521759331,240.0,240.0
N24001653,2025-05,0.001002011587843299,240.0,240.0
N24001654,2024-07,0.0003157206077829544,240.0,240.0
N24001654,2024-09,0.0005631275707855821,240.0,240.0
N24001654,2024-10,0.0003171188582200557,240.0,240.0
N24001654,2024-11,0.0004077056364621967,240.0,240.0
N24001654,2024-12,0.0006162249483168125,240.0,240.0
N24001654,2025-01,0.0003338166400148612,240.0,240.0
N24001654,2025-03,0.0008027695002965629,240.0,240.0
N24001654,2025-04,0.0008550080819986761,240.0,240.0
N24001654,2025-05,0.0006211494910530746,240.0,240.0
N24001655,2024-07,0.0004937927293691136,240.0,240.0
N24001655,2024-09,0.0014838919742032886,240.0,240.0
N24001655,2024-10,0.0006481968448497355,240.0,240.0
N24001655,2024-11,0.0007654049550183117,240.0,240.0
N24001655,2024-12,0.0007475711754523218,240.0,240.0
N24001655,2025-01,0.0006328367812995506,240.0,240.0
N24001655,2025-03,0.0018467112677171826,240.0,240.0
N24001655,2025-04,0.0014665289781987667,240.0,240.0
N24001655,2025-05,0.0015885623870417476,240.0,240.0
N24001656,2024-07,0.0010460140554616748,240.0,240.0
N24001656,2024-09,0.0027803669217973948,240.0,240.0
N24001656,2024-10,0.001351766288280487,240.0,240.0
N24001656,2024-11,0.0014568716287612915,240.0,240.0
N24001656,2024-12,0.0015091447858139873,240.0,240.0
N24001656,2025-01,0.0008312967321175702,240.0,240.0
N24001656,2025-03,0.0011278796009719372,240.0,240.0
N24001656,2025-04,0.0015113184927031398,240.0,240.0
N24001656,2025-05,0.0014453420881181955,240.0,240.0
N24001657,2024-07,0.00022248070638752893,240.0,240.0
N24001657,2024-09,0.0007980205118656158,240.0,240.0
N24001657,2024-10,0.0005601082812063396,240.0,240.0
N24001657,2024-11,0.0005539002013392746,240.0,240.0
N24001657,2024-12,0.0003673401370178908,240.0,240.0
N24001657,2025-01,0.00023851623300708003,240.0,240.0
N24001657,2025-03,0.000620570732280612,240.0,240.0
N24001657,2025-04,0.0006418826524168253,240.0,240.0
N24001657,2025-05,0.00072664296021685,240.0,240.0
N24001658,2024-07,0.0007984899463893136,240.0,240.0
N24001658,2024-09,0.0022840469609946012,240.0,240.0
N24001658,2024-10,0.0018960428424179554,240.0,240.0
N24001658,2024-11,0.0014813337475061417,240.0,240.0
N24001658,2024-12,0.0015408803010359406,240.0,240.0
N24001658,2025-01,0.001647725915441156,240.0,240.0
N24001658,2025-03,0.11425787210464478,5.712935615209811,13.265025709238277
N24001658,2025-04,0.11835367232561111,5.502727536668948,12.776937665901958
N24001658,2025-05,0.11251085996627808,5.807247159612853,13.484010333859919
N24001659,2024-07,0.0005388076985256562,240.0,240.0
N24001659,2024-09,0.001531924121081829,240.0,240.0
N24001659,2024-10,0.0013602284016087651,240.0,240.0
N24001659,2024-11,0.0014205295592546463,240.0,240.0
N24001659,2024-12,0.0017330939881503582,240.0,240.0
N24001659,2025-01,0.000898961839520096,240.0,240.0
N24001659,2025-03,0.04456100985407829,15.205808531250847,35.30679403418928
N24001659,2025-04,0.03931993618607521,17.2794996773245,40.12175576637687
N24001659,2025-05,0.05657552555203438,11.901776975871226,27.635070339358947
N24001660,2024-07,0.001165538167560265,240.0,240.0
N24001660,2024-09,0.003209309885278344,215.63337519891516,240.0
N24001660,2024-10,0.0006273405160754919,240.0,240.0
N24001660,2024-11,0.0005894424393773079,240.0,240.0
N24001660,2024-12,0.0006876394618302584,240.0,240.0
N24001660,2025-01,0.0006820738344615052,240.0,240.0
N24001660,2025-03,0.001935579814016819,240.0,240.0
N24001660,2025-04,0.0016271291533485055,240.0,240.0
N24001660,2025-05,0.0017167135374620557,240.0,240.0
N24001661,2024-07,0.0005247187838535172,240.0,240.0
N24001661,2024-09,0.0008722188067622483,240.0,240.0
N24001661,2024-10,0.0006222011870704591,240.0,240.0
N24001661,2024-11,0.0008118431433103979,240.0,240.0
N24001661,2024-12,0.0007490669377148151,240.0,240.0
N24001661,2025-01,0.00040648061460479834,240.0,240.0
N24001661,2025-03,0.00046806095633655787,240.0,240.0
N24001661,2025-04,0.0005568834603764117,240.0,240.0
N24001661,2025-05,0.0006299239466898143,240.0,240.0
N24001662,2024-07,0.0007127329932082871,240.0,240.0
N24001662,2024-09,0.001885572331957519,240.0,240.0
N24001662,2024-10,0.0009696937631815672,240.0,240.0
N24001662,2024-11,0.0005869074957445264,240.0,240.0
N24001662,2024-12,0.0006009929929859936,240.0,240.0
N24001662,2025-01,0.0004819265473501311,240.0,240.0
N24001662,2025-03,0.0016794699477031827,240.0,240.0
N24001662,2025-04,0.0030001981649547815,230.68705210354,240.0
N24001662,2025-05,0.006553275510668755,105.42414986622266,240.0
N24001663,2024-07,0.0005194752030300842,240.0,240.0
N24001663,2024-09,0.0009782605338841677,240.0,240.0
N24001663,2024-10,0.000581954896915704,240.0,240.0
N24001663,2024-11,0.0006135900039225817,240.0,240.0
N24001663,2024-12,0.0005112157668918371,240.0,240.0
N24001663,2025-01,0.0001834349117282308,240.0,240.0
N24001663,2025-03,0.0007975001935847104,240.0,240.0
N24001663,2025-04,0.0012606148375198245,240.0,240.0
N24001663,2025-05,0.0008891712641343474,240.0,240.0
N24001664,2024-07,0.00038716043187214666,240.0,240.0
N24001664,2024-09,0.0015437412075698376,240.0,240.0
N24001664,2024-10,0.0006729625165462494,240.0,240.0
N24001664,2024-11,0.0009184289956465364,240.0,240.0
N24001664,2024-12,0.0011234584962949157,240.0,240.0
N24001664,2025-01,0.000509245532823055,240.0,240.0
N24001664,2025-03,0.0008260954055003822,240.0,240.0
N24001664,2025-04,0.0011832425370812416,240.0,240.0
N24001664,2025-05,0.0014043962582945824,240.0,240.0
N24001665,2024-07,0.0008762052631431372,240.0,240.0
N24001665,2024-09,0.002672309521585703,240.0,240.0
N24001665,2024-10,0.0008842035313136876,240.0,240.0
N24001665,2024-11,0.0007825411739759147,240.0,240.0
N24001665,2024-12,0.0007276390679180622,240.0,240.0
N24001665,2025-01,0.00040961227136626643,240.0,240.0
N24001665,2025-03,0.0010306121548637748,240.0,240.0
N24001665,2025-04,0.0008823495008982718,240.0,240.0
N24001665,2025-05,0.0013593211770057678,240.0,240.0
N24001666,2024-07,0.0009196645242190993,240.0,240.0
N24001666,2024-09,0.0006689378642477095,240.0,240.0
N24001666,2024-10,0.0003575898299459368,240.0,240.0
N24001666,2024-11,0.00039173749973997474,240.0,240.0
N24001666,2024-12,0.00041804061038419604,240.0,240.0
N24001666,2025-01,0.00028893046516043075,240.0,240.0
N24001666,2025-03,0.0020339167676866055,240.0,240.0
N24001666,2025-04,0.002209661528468132,240.0,240.0
N24001666,2025-05,0.008522501215338707,80.98435844752811,188.0398571257442
N24001667,2024-07,0.0005099817692685304,240.0,240.0
N24001667,2024-09,0.001609455212019384,240.0,240.0
N24001667,2024-10,0.0010835918365046382,240.0,240.0
N24001667,2024-11,0.0013626315630972385,240.0,240.0
N24001667,2024-12,0.00199599820189178,240.0,240.0
N24001667,2025-01,0.0012286441095750167,240.0,240.0
N24001667,2025-03,0.007223121821880341,95.61527961664167,222.01180404239125
N24001667,2025-04,0.015032275579869747,45.76314714558454,106.25873706779714
N24001667,2025-05,0.011957582086324692,57.6199004621857,133.7892657077623
N24001668,2024-07,0.0006532997468537971,240.0,240.0
N24001668,2024-09,0.0030605331994593143,226.13247221833538,240.0
N24001668,2024-10,0.0016955230385065079,240.0,240.0
N24001668,2024-11,0.0011679850285872817,240.0,240.0
N24001668,2024-12,0.0017673755064606667,240.0,240.0
N24001668,2025-01,0.0005537452504682516,240.0,240.0
N24001668,2025-03,0.003305467078462243,209.35043198998403,240.0
N24001668,2025-04,0.0029511728789657354,234.52501989740387,240.0
N24001668,2025-05,0.0019211054313927889,240.0,240.0
N24001669,2024-07,0.0013168886436399907,240.0,240.0
N24001669,2024-09,0.003681386588141322,187.93748180317922,240.0
N24001669,2024-10,0.00239799777045846,240.0,240.0
N24001669,2024-11,0.0016755155520513654,240.0,240.0
N24001669,2024-12,0.0019672259222716093,240.0,240.0
N24001669,2025-01,0.000606020024377929,240.0,240.0
N24001669,2025-03,0.0034370648209005594,201.32157441791315,240.0
N24001669,2025-04,0.004159999080002308,166.27514087045157,240.0
N24001669,2025-05,0.005479820538312197,126.14396317721832,240.0
N24001670,2024-07,0.0014475635074469029,240.0,240.0
N24001670,2024-09,0.009384230710566044,73.51585489895922,170.69852890955616
N24001670,2024-10,0.005130828823894262,134.74771230817936,240.0
N24001670,2024-11,0.0036042656283825636,191.96623026419053,240.0
N24001670,2024-12,0.001652742619626224,240.0,240.0
N24001670,2025-01,0.0014323684032131467,240.0,240.0
N24001670,2025-03,0.0044501773081719875,155.410374072492,240.0
N24001670,2025-04,0.0039772461168468,173.93136764415402,240.0
N24001670,2025-05,0.0048196641728281975,143.46963656296973,240.0
N24001671,2024-07,0.00635580117754353,108.71046271023395,240.0
N24001671,2024-09,0.023762280121445656,28.82209912757366,66.92284171794182
N24001671,2024-10,0.010535720735788345,65.44301520448751,151.95397561744036
N24001671,2024-11,0.012455171905457973,55.3040564321481,128.4120423910408
N24001671,2024-12,0.008182494901120663,84.36393410467379,195.88698879286818
N24001671,2025-01,0.004648798137242283,148.7556048368376,240.0
N24001671,2025-03,0.049954235553741455,13.526110339250831,31.406655611252937
N24001671,2025-04,0.07741113752126694,8.602874389938671,19.975255742785578
N24001671,2025-05,0.10279061645269394,6.390454774027902,14.838176478922456
N24001672,2024-07,0.17008383143039307,3.7179906961130755,8.632907053834773
N24001672,2024-09,0.45588189363479614,1.1389414519938894,2.644540155816418
N24001673,2024-07,0.001180826650749811,240.0,240.0
N24001673,2024-09,0.00783469621092081,88.12445353709712,204.6186445143818
N24001673,2024-10,0.004026344511657953,171.80616700430699,240.0
N24001673,2024-11,0.004032024182379246,171.56366510257016,240.0
N24001673,2024-12,0.0024607470259070396,240.0,240.0
N24001673,2025-01,0.0006920389058640009,240.0,240.0
N24001673,2025-03,0.0013181549729779363,240.0,240.0
N24001673,2025-04,0.0038376827724277973,180.2692743875551,240.0
N24001673,2025-05,0.005922896321862936,116.68150026560022,240.0
N24001674,2024-07,0.00047424688604225107,240.0,240.0
N24001674,2024-09,0.0008882554830051959,240.0,240.0
N24001674,2024-10,0.0005196019192226231,240.0,240.0
N24001674,2024-11,0.00044409281690604985,240.0,240.0
N24001674,2024-12,0.0005841650418005884,240.0,240.0
N24001674,2025-01,0.00038564213865099894,240.0,240.0
N24001674,2025-03,0.0007442396017722785,240.0,240.0
N24001674,2025-04,0.0006256012711673975,240.0,240.0
N24001674,2025-05,0.0007070053252391517,240.0,240.0
N24001675,2024-07,0.00418534028073736,165.26628465238437,240.0
N24001675,2024-09,0.02108529768884182,32.525678718633685,75.52228722207553
N24001675,2024-10,0.01049897912889719,65.67325284722695,152.4885708686177
N24001675,2024-11,0.014929493889212608,46.08060030189989,106.99584047025643
N24001675,2024-12,0.015751926228404045,43.656472407662314,101.36718980702605
N24001675,2025-01,0.01000065648968862,68.96301375717005,160.1271591508768
N24001675,2025-03,0.07562565058469772,8.814388264297506,20.46637575011783
N24001676,2024-07,0.00039834773975533366,240.0,240.0
N24001676,2024-09,0.0005523359286598861,240.0,240.0
N24001676,2024-10,0.0004008463874924928,240.0,240.0
N24001676,2024-11,0.00042858291999436915,240.0,240.0
N24001676,2024-12,0.0006472338573075831,240.0,240.0
N24001676,2025-01,0.00038934240739307846,240.0,240.0
N24001676,2025-03,0.0006204030942171812,240.0,240.0
N24001676,2025-04,0.00044374921708367765,240.0,240.0
N24001676,2025-05,0.0009439173154532909,240.0,240.0
N24001677,2024-07,0.0009042942781845031,240.0,240.0
N24001677,2024-09,0.005793433636426926,119.29667766571691,240.0
N24001677,2024-10,0.003067408222705126,225.62486089610775,240.0
N24001677,2024-11,0.003923910204321146,176.3002540251083,240.0
N24001677,2024-12,0.002766478806734085,240.0,240.0
N24001677,2025-01,0.0007623643885222853,240.0,240.0
N24001677,2025-03,0.002628490561619401,240.0,240.0
N24001677,2025-04,0.003713480429723859,186.310228743009,240.0
N24001677,2025-05,0.0021654879674315453,240.0,240.0
N24001678,2024-07,0.0008580040104992914,240.0,240.0
N24001678,2024-09,0.0008430104935541749,240.0,240.0
N24001678,2024-10,0.0009163843933492899,240.0,240.0
N24001678,2024-11,0.0010200312826782465,240.0,240.0
N24001678,2024-12,0.0008415213669650257,240.0,240.0
N24001678,2025-01,0.00043868969784377487,240.0,240.0
N24001678,2025-03,0.003837884869426489,180.2597634168266,240.0
N24001678,2025-04,0.003394459839910269,203.85278258438493,240.0
N24001678,2025-05,0.004072229843586683,169.86636805428773,240.0
N24001679,2024-07,0.00026049606953271187,240.0,240.0
N24001679,2024-09,0.003483491949737072,198.63378531654388,240.0
N24001679,2024-10,0.00031498551834374666,240.0,240.0
N24001679,2024-11,0.0005358719499781728,240.0,240.0
N24001679,2024-12,0.0005635391571559012,240.0,240.0
N24001679,2025-01,0.00029668072712096816,240.0,240.0
N24001679,2025-03,0.0013101608492434025,240.0,240.0
N24001679,2025-04,0.0015294060576707125,240.0,240.0
N24001679,2025-05,0.0027929923962801695,240.0,240.0
N24001680,2024-07,0.0004920455801307178,240.0,240.0
N24001680,2024-09,0.0015270669246092439,240.0,240.0
N24001680,2024-10,0.0008818103233352304,240.0,240.0
N24001680,2024-11,0.0004203180724289268,240.0,240.0
N24001680,2024-12,0.0004265004536136985,240.0,240.0
N24001680,2025-01,0.00026018993395138246,240.0,240.0
N24001680,2025-03,0.0006655402248725295,240.0,240.0
N24001680,2025-04,0.0003877640119753778,240.0,240.0
N24001680,2025-05,0.00041793700074777007,240.0,240.0
N24001681,2024-07,0.0006035540206077439,240.0,240.0
N24001681,2024-09,0.0015539888991042972,240.0,240.0
N24001681,2024-10,0.0013834468554705381,240.0,240.0
N24001681,2024-11,0.001189558650366962,240.0,240.0
N24001681,2024-12,0.0010132832685485482,240.0,240.0
N24001681,2025-01,0.00045685210138646237,240.0,240.0
N24001681,2025-03,0.001736241509206593,240.0,240.0
N24001681,2025-04,0.0010172699112445116,240.0,240.0
N24001681,2025-05,0.0011656093411147594,240.0,240.0
N24001682,2024-07,0.0006594817329509395,240.0,240.0
N24001682,2024-09,0.0006831314531154931,240.0,240.0
N24001682,2024-10,0.0005277019226923585,240.0,240.0
N24001682,2024-11,0.0004242748545948416,240.0,240.0
N24001682,2024-12,0.0005356597830541432,240.0,240.0
N24001682,2025-01,0.00030198992370378264,240.0,240.0
N24001683,2024-07,0.014029954058502714,49.05741784778506,113.90779676340085
N24001683,2024-09,0.043448518961668015,15.60415888361696,36.23173490895643
N24001683,2024-10,0.039329640567302704,17.275149381621993,40.111654692564144
N24001683,2024-11,0.033923130482435226,20.084310789483762,46.634325488551724
N24001683,2024-12,0.05922462418675423,11.353599287967143,26.36224116482406
N24001683,2025-01,0.01963034594873614,34.96226418698276,81.17986347662954
N24001683,2025-03,0.2508103549480438,2.400400566807505,5.573557515053894
N24001684,2024-07,0.0017239820599841416,240.0,240.0
N24001684,2024-09,0.002182939788326621,240.0,240.0
N24001684,2024-10,0.0016765353502705693,240.0,240.0
N24001684,2024-11,0.0018549917731434107,240.0,240.0
N24001684,2024-12,0.001287883729673922,240.0,240.0
N24001684,2025-01,0.0005848493413305178,240.0,240.0
N24001684,2025-03,0.0013323784805834293,240.0,240.0
N24001684,2025-04,0.001416949089616537,240.0,240.0
N24001684,2025-05,0.0015059441793709993,240.0,240.0
N24001685,2024-07,0.1759010691299865,3.582809681081832,8.319026457138337
N24001685,2024-09,0.504884660243988,1.0,2.2895008705424464
N24001686,2024-07,0.0014015796062090136,240.0,240.0
N24001686,2024-09,0.006150234490633011,112.35563150299012,240.0
N24001686,2024-10,0.0018280457006767392,240.0,240.0
N24001686,2024-11,0.004119848366826773,167.89898702518383,240.0
N24001686,2024-12,0.0020359521731734276,240.0,240.0
N24001686,2025-01,0.0010461416637271848,240.0,240.0
N24001686,2025-03,0.0036330788861960173,190.44103066079566,240.0
N24001687,2024-07,0.0013195718285733404,240.0,240.0
N24001687,2024-09,0.0034622845705598593,199.8525934083872,240.0
N24001687,2024-10,0.0027130753733217716,240.0,240.0
N24001687,2024-11,0.0027496388647705317,240.0,240.0
N24001687,2024-12,0.002662275917828083,240.0,240.0
N24001687,2025-01,0.0013159320802791363,240.0,240.0
N24001687,2025-03,0.0040429881773889065,171.09746830803954,240.0
N24001687,2025-04,0.00296484655700624,233.4418059193922,240.0
N24001687,2025-05,0.0038493028841912746,179.7240376064138,240.0
N24001688,2024-07,0.0433825823170817,15.62841008329643,36.28804445082692
N24001688,2024-09,0.041585423052310944,16.319005482637053,37.89155731075587
N24001689,2024-07,0.06483782751800338,10.340029686958403,24.00880543211809
N24001689,2024-09,0.08556787669658661,7.748813850900312,17.992188582457768
N24001690,2024-07,0.006157567072722969,112.22142209886702,240.0
N24001691,2024-07,0.003795255973362055,182.28836640757794,240.0
N24001691,2024-09,0.024658694863319397,27.761630110901628,64.46050891437345
N24001691,2024-10,0.011794793419539928,58.41995774574321,135.64694119197375
N24001691,2024-11,0.01959066651761532,35.03378425666695,81.34592793577755
N24001691,2024-12,0.020466279238462448,33.519999167785485,77.83102780828213
N24001691,2025-01,0.010860145122628118,63.4776500129261,147.39053896244025
N24001691,2025-03,0.03864137828350067,17.589101972040066,40.840630032718536
N24001692,2024-07,0.0003165962405302647,240.0,240.0
N24001692,2024-09,0.00311587774194777,222.10972164775959,240.0
N24001692,2024-10,0.0006806324818171561,240.0,240.0
N24001692,2024-11,0.0007726781186647713,240.0,240.0
N24001692,2024-12,0.0007432859274558723,240.0,240.0
N24001692,2025-01,0.0002917353171504322,240.0,240.0
N24001692,2025-03,0.0014773639850318432,240.0,240.0
N24001692,2025-04,0.001807287335395813,240.0,240.0
N24001692,2025-05,0.001885244040749967,240.0,240.0
N24001693,2024-07,0.000511311445577145,240.0,240.0
N24001693,2024-09,0.006847946438938379,100.87274357297237,234.21925731045314
N24001693,2024-10,0.0014073463389649987,240.0,240.0
N24001693,2024-11,0.0010791760869324207,240.0,240.0
N24001693,2024-12,0.0010954223107546568,240.0,240.0
N24001693,2025-01,0.0006203709591248163,240.0,240.0
N24001693,2025-03,0.0031673533376306295,218.49437223249356,240.0
N24001693,2025-04,0.004035150166600943,171.43048786440627,240.0
N24001693,2025-05,0.0046255821362137794,149.50395795353305,240.0
N24001694,2024-07,0.00072468608706866,240.0,240.0
N24001694,2024-09,0.0030934985261410475,223.71903403050908,240.0
N24001694,2024-10,0.0018906468758359551,240.0,240.0
N24001694,2024-11,0.0020565816666930914,240.0,240.0
N24001694,2024-12,0.0021477839909493923,240.0,240.0
N24001694,2025-01,0.0012350364329760666,240.0,240.0
N24001694,2025-03,0.004430200904607773,156.11270653835584,240.0
N24001694,2025-04,0.00540597690269351,127.8717855295585,240.0
N24001694,2025-05,0.008027669042348862,85.99772379979092,199.6805309870981
N24001696,2024-07,0.0003318135716203763,240.0,240.0
N24001696,2024-09,0.002535772044211626,240.0,240.0
N24001696,2024-10,0.0019079053308814764,240.0,240.0
N24001696,2024-11,0.002388949738815427,240.0,240.0
N24001696,2024-12,0.002830402459949255,240.0,240.0
N24001696,2025-01,0.0013566756601215424,240.0,240.0
N24001696,2025-03,0.004996942356228828,138.3674009245452,240.0
N24001696,2025-04,0.006441034376621246,107.26731820137496,240.0
N24001696,2025-05,0.008485166355967522,81.34222012002922,188.87078619720793
N24001697,2024-07,0.0007995756883167893,240.0,240.0
N24001697,2024-09,0.004443896468728781,155.63051592882252,240.0
N24001697,2024-10,0.0016529731219634414,240.0,240.0
N24001697,2024-11,0.0008975048549473286,240.0,240.0
N24001697,2024-12,0.0008472552290186286,240.0,240.0
N24001697,2025-01,0.00042900987161020865,240.0,240.0
N24001697,2025-03,0.001950557460077107,240.0,240.0
N24001697,2025-04,0.0021720125805586576,240.0,240.0
N24001697,2025-05,0.0026525259017944336,240.0,240.0
N24001698,2024-07,0.0006685747435348777,240.0,240.0
N24001698,2024-09,0.005230508279055357,132.173166205639,240.0
N24001698,2024-10,0.0012732022441923618,240.0,240.0
N24001698,2024-11,0.0014427113346755505,240.0,240.0
N24001698,2024-12,0.0018957946449518204,240.0,240.0
N24001698,2025-01,0.0005417646737060355,240.0,240.0
N24001698,2025-03,0.0008789041312411427,240.0,240.0
N24001698,2025-04,0.0011416085762903094,240.0,240.0
N24001698,2025-05,0.000998352887108922,240.0,240.0
N24001699,2024-07,0.0006470596118928196,240.0,240.0
N24001699,2024-09,0.0010681546991690993,240.0,240.0
N24001699,2024-10,0.0010299627901986241,240.0,240.0
N24001699,2024-11,0.0009752532932907343,240.0,240.0
N24001699,2024-12,0.000892741431016475,240.0,240.0
N24001699,2025-01,0.00030881528482207266,240.0,240.0
N24001699,2025-03,0.0011036067735403776,240.0,240.0
N24001699,2025-04,0.001661942107602954,240.0,240.0
N24001699,2025-05,0.000892066687811166,240.0,240.0
N24001700,2024-07,0.0005818098268840499,240.0,240.0
N24001700,2024-09,0.0034876044373959303,198.39915264952256,240.0
N24001700,2024-10,0.0019923655781894922,240.0,240.0
N24001700,2024-11,0.002152872970327735,240.0,240.0
N24001700,2024-12,0.0026576800737529993,240.0,240.0
N24001700,2025-01,0.0012703040463449833,240.0,240.0
N24001700,2025-03,0.005778648890554905,119.60278814660684,240.0
N24001700,2025-04,0.0035415273159742355,195.37306738760188,240.0
N24001700,2025-05,0.021796928718686104,31.45237584054211,73.03015511511124
N24001701,2024-07,0.0011537113244933783,240.0,240.0
N24001701,2024-09,0.011808857321739197,58.34996739249037,135.48442862438486
N24001701,2024-10,0.00336843216791749,205.4306217071614,240.0
N24001701,2024-11,0.0013971047010272741,240.0,240.0
N24001701,2024-12,0.0015149011742323637,240.0,240.0
N24001701,2025-01,0.000821346408635959,240.0,240.0
N24001701,2025-03,0.0010472683934494853,240.0,240.0
N24001701,2025-04,0.001051244675181806,240.0,240.0
N24001701,2025-05,0.0009133600979112089,240.0,240.0
N24001702,2024-07,0.00619834597047586,111.48083290813673,240.0
N24001702,2024-09,0.0076613170094788074,90.1266147989267,209.26751899871903
N24001702,2024-10,0.006672716699540615,103.53084714858186,240.0
N24001702,2024-11,0.004649934358894825,148.7191712610248,240.0
N24001702,2024-12,0.006492636166512966,106.41202490758545,240.0
N24001702,2025-01,0.006510745130237416,106.1150848159033,240.0
N24001702,2025-03,0.03847988322377205,17.664394921826293,41.015454848174116
N24001702,2025-04,0.05258721858263016,12.831212137678005,29.793151953934288
N24001702,2025-05,0.1349201798439026,4.782518789089112,11.104664740712696
N24001703,2024-07,0.000505593069623278,240.0,240.0
N24001703,2024-09,0.0039041165728121996,177.19584490313977,240.0
N24001703,2024-10,0.0010902356589213014,240.0,240.0
N24001703,2024-11,0.0013645145809277892,240.0,240.0
N24001703,2024-12,0.0015724825207144022,240.0,240.0
N24001703,2025-01,0.0007530470133308986,240.0,240.0
N24001703,2025-03,0.0030245822854340076,228.82446092993666,240.0
N24001703,2025-04,0.006123715545982122,112.84369506580815,240.0
N24001703,2025-05,0.005977895576506853,115.60478443323132,240.0
N24001704,2024-07,0.000663564499787217,240.0,240.0
N24001704,2024-09,0.0075737782754004,91.17232614270874,211.69558554698895
N24001704,2024-10,0.0021238725166767836,240.0,240.0
N24001704,2024-11,0.0025899074971675873,240.0,240.0
N24001704,2024-12,0.0025423658080399036,240.0,240.0
N24001704,2025-01,0.00058568971151296,240.0,240.0
N24001704,2025-03,0.0004928741254843771,240.0,240.0
N24001704,2025-04,0.0004961199010722339,240.0,240.0
N24001704,2025-05,0.000471198174636811,240.0,240.0
N24001705,2024-07,0.0007837533795754803,240.0,240.0
N24001705,2024-09,0.004737387411296368,145.96737985122832,240.0
N24001705,2024-10,0.0024747904390096664,240.0,240.0
N24001705,2024-11,0.0013958452036604285,240.0,240.0
N24001705,2024-12,0.00142300792504102,240.0,240.0
N24001705,2025-01,0.0005759152755957508,240.0,240.0
N24001705,2025-03,0.0010944657260552049,240.0,240.0
N24001705,2025-04,0.0010103898821398616,240.0,240.0
N24001705,2025-05,0.0009218902559950948,240.0,240.0
N24001706,2024-07,0.04040973403777526,16.804019413396134,39.017724782997135
N24001706,2024-09,0.2549774944782257,2.35491327531451,5.467939294975979
N24001706,2024-10,0.21676939725875854,2.8369521937301916,6.587199002474467
N24001707,2024-07,0.004645640715984833,148.85694286909808,240.0
N24001707,2024-09,0.05220004916191101,12.92899893190707,30.020205858763724
N24001707,2024-10,0.050831787288188934,13.286510101547087,30.85032108778692
N24001708,2024-07,0.026181643305873137,26.12644227769499,60.663720344032974
N24001708,2024-09,0.03889846056699753,17.47053351409675,40.56532259905248
N24001708,2024-10,0.04254196956753731,15.94417088895372,37.021218336746855
N24001708,2024-11,0.057644907385110855,11.674427551143129,27.1071813227263
N24001708,2024-12,0.05474461615085602,12.311642101083532,28.586747688703927
N24001708,2025-01,0.02793315951687847,24.466282601103305,56.80894894895562
N24001708,2025-03,0.07758485525846481,8.582814677503421,19.928678532906808
N24001708,2025-04,0.08252155780792236,8.048041317850238,18.68697324473078
N24001709,2024-07,0.00818871699758883,84.29956713838018,195.7375333254484
N24001709,2024-09,0.022873513400554657,29.955575302284,69.55469189288722
N24001709,2024-10,0.010870052501559258,63.41947703666825,147.2554654945039
N24001709,2024-11,0.01326445396989584,51.908645594279555,120.5281425729088
N24001709,2024-12,0.017765682190656662,38.668465541839126,89.78539652778014
N24001709,2025-01,0.006711015896425976,102.93802311004458,239.0146878913771
N24001709,2025-03,0.021395418792963028,32.04916771440191,74.41586293382679
N24001709,2025-04,0.03366316109895706,20.24212264156088,47.0007532615958
N24001709,2025-05,0.03921128064393997,17.328354966045783,40.23519423384265
N24001710,2024-07,0.01884117512087502,36.44128468225341,84.61404271751269
N24001710,2024-09,0.023525215685367584,29.11606090389971,67.60539982521627
N24001710,2024-10,0.010831483639776707,63.64654036604751,147.7826902183083
N24001711,2024-07,0.014554687929624888,47.276216931728975,109.77197631377112
N24001711,2024-09,0.10845896601676941,6.037666799525753,14.01902816938751
N24001711,2024-10,0.12051672488451004,5.3974710572331155,12.532539689130965
N24001711,2024-11,0.0910000279545784,7.264915779801895,16.86861205611255
N24001711,2024-12,0.08493316918611526,7.8093895364757735,18.132840968662496
N24001711,2025-01,0.037364482821179434,18.202190981460284,42.264178628358
N24001711,2025-03,0.12280561774969101,5.2901229827672385,12.283285179096584
N24001711,2025-04,0.1690562516450882,3.7428332313012675,8.690589634236462
N24001712,2024-07,0.021688511150090406,31.611346717170882,73.39927405982445
N24001712,2024-09,0.04746460169553757,14.254072774578935,33.09693204186389
N24001712,2024-10,0.014603142626583576,47.11819406952628,109.40505859038818
N24001712,2024-11,0.01245925948023796,55.285798360698415,128.36964846198333
N24001712,2024-12,0.020491158589720726,33.47887713287227,77.73554540009819
N24001712,2025-01,0.0061502582444111775,112.35519621718137,240.0
N24001712,2025-03,0.007880049757659435,87.6152541792563,203.4363202195126
N24001712,2025-04,0.00813950877636671,84.81130965628451,196.92576265511886
N24001712,2025-05,0.008899767883121967,77.53664696987705,180.0345189827206
N24001715,2024-07,0.05038703266354094,13.406899815575354,31.12985734712461
N24001715,2024-09,0.20742735266685486,2.981648704308937,6.923173895619422
N24001715,2024-10,0.05050806328654289,13.373928353549324,31.053299983116858
N24001715,2024-11,0.06468318402767181,10.365597847587365,24.068172862617075
N24001715,2024-12,0.0683298259973526,9.793476488127373,22.739748204401767
N24001715,2025-01,0.02882137853599609,23.70149523731608,55.03316768236322
N24001715,2025-03,0.1252400428056717,5.180249005695881,12.028165704837589
N24001715,2025-04,0.151138037443161,4.2301519861667325,9.822108742324112
N24001715,2025-05,0.1464819312095642,4.376245046056579,10.16132632255041
N24001716,2024-07,0.0007306831043196738,240.0,240.0
N24001716,2024-09,0.005266821943223476,131.25946540384427,240.0
N24001716,2024-10,0.0034784534946084023,198.92200410194687,240.0
N24001716,2024-11,0.0033411597833037376,207.1102915748895,240.0
N24001716,2024-12,0.00677472585812211,101.96672069607868,236.75939352775774
N24001716,2025-01,0.0022666622537196313,240.0,240.0
N24001716,2025-03,0.09137856215238571,7.233338435555825,16.79529173334567
N24001716,2025-04,0.08818962424993515,7.507830549765202,17.432642685153453
N24001716,2025-05,0.0977630615234375,6.737557347203388,15.644123695386313
N24001717,2024-07,0.0006320898538517694,240.0,240.0
N24001717,2024-09,0.00230580847710371,240.0,240.0
N24001717,2024-10,0.000580222753342241,240.0,240.0
N24001717,2024-11,0.0005309114349074662,240.0,240.0
N24001717,2024-12,0.0007283012382686138,240.0,240.0
N24001717,2025-01,0.00038572837745787236,240.0,240.0
N24001717,2025-03,0.0011292697163298726,240.0,240.0
N24001717,2025-04,0.0014274971326813102,240.0,240.0
N24001717,2025-05,0.0018203433137387037,240.0,240.0
N24001718,2024-07,0.0008806402170945526,240.0,240.0
N24001718,2024-09,0.0025646130088716745,240.0,240.0
N24001718,2024-10,0.0013958113268017769,240.0,240.0
N24001718,2024-11,0.0018231536960229278,240.0,240.0
N24001718,2024-12,0.0011900539975613356,240.0,240.0
N24001718,2025-01,0.0006509610677289945,240.0,240.0
N24001718,2025-03,0.001563855679705739,240.0,240.0
N24001718,2025-04,0.0019712885841727257,240.0,240.0
N24001718,2025-05,0.00245412508957088,240.0,240.0
N24001719,2024-07,0.0006377218776364435,240.0,240.0
N24001719,2024-09,0.0007353997207246721,240.0,240.0
N24001719,2024-10,0.0005331775173544884,240.0,240.0
N24001719,2024-11,0.0007111777667887509,240.0,240.0
N24001719,2024-12,0.0007764631300233305,240.0,240.0
N24001719,2025-01,0.000346554219120665,240.0,240.0
N24001719,2025-03,0.001076265936717391,240.0,240.0
N24001719,2025-04,0.0015193934086710215,240.0,240.0
N24001719,2025-05,0.0013628003653138876,240.0,240.0
N24001720,2024-07,0.0008201917268618741,240.0,240.0
N24001720,2024-09,0.009124801494181156,75.615884281276,175.57464613244642
N24001720,2024-10,0.0008223972981795669,240.0,240.0
N24001720,2024-11,0.0014350988203659654,240.0,240.0
N24001720,2024-12,0.0007176483632065356,240.0,240.0
N24001720,2025-01,0.00039443597312571743,240.0,240.0
N24001720,2025-03,0.0015047695487737656,240.0,240.0
N24001720,2025-04,0.002456076443195343,240.0,240.0
N24001720,2025-05,0.0024697997141629457,240.0,240.0
N24001721,2024-07,0.0008387363536614956,240.0,240.0
N24001721,2024-09,0.0012906644260510802,240.0,240.0
N24001721,2024-10,0.0006446915213018656,240.0,240.0
N24001721,2024-11,0.0007138137007132173,240.0,240.0
N24001721,2024-12,0.0006233294843696058,240.0,240.0
N24001721,2025-01,0.0006593246433039823,240.0,240.0
N24001721,2025-03,0.0017252390971407294,240.0,240.0
N24001721,2025-04,0.0014655474806204438,240.0,240.0
N24001721,2025-05,0.0018138773739337921,240.0,240.0
N24001722,2024-07,0.04793648340438139,14.110289277063046,32.763077099400576
N24001722,2024-09,0.2193964123725891,2.7984709036024102,6.4978482137992595
N24001722,2024-10,0.04086513817310333,16.61283796247288,38.57381520087711
N24001722,2024-11,0.04987918213009834,13.546993643682798,31.45514514252761
N24001722,2024-12,0.04864704608917236,13.899040661522884,32.272573003971814
N24001722,2025-01,0.01973554756313356,34.774035837607855,80.74281078396167
N24001722,2025-03,0.16131766140460968,3.940054132788836,9.14852238629946
N24001722,2025-04,0.22134506702423096,2.770513133945031,6.432932282961402
N24001722,2025-05,0.29437416791915894,1.9879738801935294,4.615932404323599
N24001723,2024-07,0.0026237077402855302,240.0,240.0
N24001723,2024-09,0.028691500425338745,23.810369248788014,55.285965308402986
N24001723,2024-10,0.00467810221016407,147.8216113591556,240.0
N24001723,2024-11,0.003918112721294165,176.56163231909056,240.0
N24001723,2024-12,0.0030917238909751177,223.84764685503157,240.0
N24001723,2025-01,0.0015254890185684156,240.0,240.0
N24001723,2025-03,0.009592222981154919,71.91424035522674,166.9796951032835
N24001723,2025-04,0.00613733846694231,112.59244743063662,240.0
N24001723,2025-05,0.007215418387204409,95.71773276455023,222.24969288492977
N24001725,2024-07,0.0013193934778001903,240.0,240.0
N24001725,2024-09,0.006806155201047659,101.49425653703305,235.66236572304237
N24001725,2024-10,0.003751161275431514,184.43523538889272,240.0
N24001725,2024-11,0.0051885731518268585,133.2442231846707,240.0
N24001725,2024-12,0.0040328302420675755,171.52930454639952,240.0
N24001725,2025-01,0.0026756371158170866,240.0,240.0
N24001725,2025-03,0.008754677139222622,78.82741796844311,183.03159642835695
N24001725,2025-04,0.012905224226415157,53.363264054337236,123.90566204265852
N24001725,2025-05,0.0171427633613348,40.08623435356341,93.07735376377782
N24001726,2024-07,0.001215067697299843,240.0,240.0
N24001726,2024-09,0.014497126452624798,47.46531204857979,110.21104157819303
N24001726,2024-10,0.003718126332387328,186.07699531910228,240.0
N24001726,2024-11,0.0035832447465509176,193.09442377628503,240.0
N24001726,2024-12,0.003735925769433379,185.1887971939897,240.0
N24001726,2025-01,0.003424894477503493,202.03820246760822,240.0
N24001726,2025-03,0.013562551699578762,50.760069044863386,117.8612304136906
N24001726,2025-04,0.015070618130266666,45.64583067531157,105.98633665947732
N24001726,2025-05,0.016950393095612526,40.5451295374547,94.14287538386351
N24001727,2024-07,0.0003561978440445035,240.0,240.0
N24001727,2024-09,0.0010822806507349014,240.0,240.0
N24001727,2024-10,0.00032150367042049766,240.0,240.0
N24001727,2024-11,0.00037729123141616583,240.0,240.0
N24001727,2024-12,0.0005479415412992239,240.0,240.0
N24001727,2025-01,0.0004314327019033781,240.0,240.0
N24001727,2025-03,0.005227264482527971,132.2554021514914,240.0
N24001727,2025-04,0.006646324414759874,103.9433432450582,240.0
N24001727,2025-05,0.00695026945322752,99.38256428083176,230.7591681456125
N24001728,2024-07,0.0004203792196916245,240.0,240.0
N24001728,2024-09,0.0012075238628312945,240.0,240.0
N24001728,2024-10,0.0009725240524858236,240.0,240.0
N24001728,2024-11,0.0012112336698919535,240.0,240.0
N24001728,2024-12,0.007721642032265663,89.4197896130816,207.6263217415313
N24001728,2025-01,0.005230710812217376,132.1680350168274,240.0
N24001728,2025-03,0.04824969917535782,14.016404275415882,32.545082876387475
N24001729,2024-07,0.004090013812259818,169.12625563137846,240.0
N24001729,2024-09,0.030592795461416245,22.308834847648626,51.79951039695757
N24001729,2024-10,0.008143574930727482,84.76878914788502,196.82703309205718
N24001729,2024-11,0.008695204742252827,79.36894948326136,184.28899366688034
N24001729,2024-12,0.015622669830918312,44.02055308695219,102.21255896507489
N24001729,2025-01,0.005660833837190737,122.0992257819032,240.0
N24001729,2025-03,0.032138656824827194,21.218936859630094,49.26884563801613
N24001729,2025-04,0.02832730859518051,24.12098777980594,56.00719920236615
N24001729,2025-05,0.03272460028529167,20.83273137691526,48.37210427730103
N24001730,2024-07,0.0005030076366822067,240.0,240.0
N24001730,2024-09,0.0058012972585856915,119.13450107497097,240.0
N24001730,2024-10,0.02108851820230484,32.520658285155115,75.51063013653314
N24001730,2024-11,0.02416190505027771,28.33961832679432,65.80255599136851
N24001730,2024-12,0.016086338087916374,42.74167360141586,99.24309275763301
N24001730,2025-01,0.011049356917552267,62.38468709761011,144.85275766269805
N24001730,2025-03,0.02654191106557846,25.767067496649855,59.829277943330275
N24001730,2025-04,0.031680621206760406,21.530783709210496,49.99293159935898
N24001730,2025-05,0.04491584748029709,15.082901616239793,35.02141301516918
N24001731,2024-07,0.0003237410446240707,240.0,240.0
N24001731,2024-09,0.0004630412149708718,240.0,240.0
N24001731,2024-10,0.0004941437509842217,240.0,240.0
N24001731,2024-11,0.0003831211943179369,240.0,240.0
N24001731,2024-12,0.00040747152525000274,240.0,240.0
N24001731,2025-01,0.0002296400335787263,240.0,240.0
N24001731,2025-03,0.0014291389379650354,240.0,240.0
N24001731,2025-04,0.0018262916710227728,240.0,240.0
N24001731,2025-05,0.0016049982514232397,240.0,240.0
N24001732,2024-07,0.0005119427978460545,240.0,240.0
N24001732,2024-09,0.0025785742327570915,240.0,240.0
N24001732,2024-10,0.0010849785758182406,240.0,240.0
N24001732,2024-11,0.0005329445702955127,240.0,240.0
N24001732,2024-12,0.0006211879663169384,240.0,240.0
N24001732,2025-01,0.0002811091426304646,240.0,240.0
N24001732,2025-03,0.0010558073408901691,240.0,240.0
N24001732,2025-04,0.0025747090112417936,240.0,240.0
N24001732,2025-05,0.004688856191933155,147.48178353473236,240.0
N24001733,2024-07,0.0010282045298942721,240.0,240.0
N24001733,2024-09,0.002022773027420044,240.0,240.0
N24001733,2024-10,0.0008317686733789742,240.0,240.0
N24001733,2024-11,0.0006151627749204636,240.0,240.0
N24001733,2024-12,0.0010097038466483355,240.0,240.0
N24001733,2025-01,0.00043663083580625095,240.0,240.0
N24001733,2025-03,0.0024373517371714115,240.0,240.0
N24001733,2025-04,0.002490411978214979,240.0,240.0
N24001733,2025-05,0.002680524019524455,240.0,240.0
N24001734,2024-07,0.0006137716678716876,240.0,240.0
N24001734,2024-09,0.0016367774223908782,240.0,240.0
N24001734,2024-10,0.00035121236578561366,240.0,240.0
N24001734,2024-11,0.0004076214972883463,240.0,240.0
N24001734,2024-12,0.0008342201472260058,240.0,240.0
N24001734,2025-01,0.00037817479458124303,240.0,240.0
N24001734,2025-03,0.0016177271027117968,240.0,240.0
N24001734,2025-04,0.001666952040977776,240.0,240.0
N24001734,2025-05,0.0028307309839874506,240.0,240.0
N24001735,2024-07,0.0007928677933985995,240.0,240.0
N24001735,2024-09,0.0019707023166120052,240.0,240.0
N24001735,2024-10,0.0008722972706891596,240.0,240.0
N24001735,2024-11,0.00047549180453643203,240.0,240.0
N24001735,2024-12,0.0007926577236503363,240.0,240.0
N24001735,2025-01,0.0004143136327606767,240.0,240.0
N24001735,2025-03,0.0021607617381960154,240.0,240.0
N24001735,2025-04,0.0015926295891404152,240.0,240.0
N24001735,2025-05,0.004164102487266064,166.11094732942203,240.0
N24001736,2024-07,0.02017511938614258,34.008783409530125,78.96594967152721
N24001736,2024-09,0.0984634980559349,6.687076097450848,15.526909863320864
N24001736,2024-10,0.033389147371053696,20.411119893557657,47.39315272896587
N24001736,2024-11,0.03820470720529556,17.794154893265098,41.31674817144967
N24001736,2024-12,0.048882536590099335,13.830384566283648,32.11315848755057
N24001736,2025-01,0.02332701354381672,29.36641885258464,68.18671298004618
N24001736,2025-03,0.14792793989181519,4.329891864544044,10.053697568109042
N24001736,2025-04,0.18597659468650818,3.3686160094232442,7.821684153167182
N24001736,2025-05,0.1842290163040161,3.4040942133966583,7.904061991729196
N24001737,2024-07,0.015122847307233567,45.486982443405,105.61750248699026
N24001737,2024-09,0.1358584612607956,4.746975243111675,11.022135182715765
N24001737,2024-10,0.08544030785560608,7.760916644586206,18.02029039914367
N24001737,2024-11,0.12667787075042725,5.1173354468614844,11.882084945030655
N24001737,2024-12,0.15019696950912476,4.258950920978927,9.888977798167378
N24001737,2025-01,0.06126833997754044,10.96307573916873,25.455473565153913
N24001737,2025-03,0.32559332251548767,1.7596052813415746,4.085676938659184
N24001737,2025-04,0.5521634817123413,1.0,2.0034654093984456
N24001737,2025-05,0.606440544128418,1.0,1.725895974971391
N24001738,2024-07,0.0004700101037821147,240.0,240.0
N24001738,2024-09,0.0037046135403215885,186.75698763280843,240.0
N24001738,2024-10,0.0015975016867741942,240.0,240.0
N24001738,2024-11,0.0017517227679491043,240.0,240.0
N24001738,2024-12,0.003286197315901518,210.58006565890958,240.0
N24001738,2025-01,0.0019098001289092892,240.0,240.0
N24001738,2025-03,0.005909312516450882,116.95051563818421,240.0
N24001738,2025-04,0.005974731408059597,115.66619168283539,240.0
N24001738,2025-05,0.007594838738441467,90.91854208882319,211.1063172222377
N24001739,2024-07,0.004041445314000303,171.16291901627838,240.0
N24001739,2024-09,0.011842938140034676,58.18105043101829,135.09221558583985
N24001739,2024-10,0.05477963015437126,12.303547014295948,28.567951479261282
N24001739,2024-11,0.07152704894542694,9.33984013535627,21.686437212040307
N24001739,2024-12,0.0921894758939743,7.16656405609588,16.640246425658955
N24001739,2025-01,0.048811836303816136,13.850927313450676,32.16085726934386
N24001739,2025-03,0.15320183336734772,4.168230637910356,9.678331824134327
N24001739,2025-04,0.16935081779956818,3.7356811404070402,8.673982993451968
N24001739,2025-05,0.238459050655365,2.5444873075889896,5.908116566575177
N24001744,2024-07,0.0007786597225069025,240.0,240.0
N24001744,2024-09,0.004062990192323923,170.25345059740084,240.0
N24001744,2024-10,0.0036126268096268177,191.52113427495894,240.0
N24001744,2024-11,0.0035144295543432236,196.88215304978672,240.0
N24001744,2024-12,0.002792971208691597,240.0,240.0
N24001744,2025-01,0.0011410304385532921,240.0,240.0
N24001744,2025-03,0.003031934378668666,228.26874659712362,240.0
N24001744,2025-04,0.0032280273735523224,214.38102858975523,240.0
N24001744,2025-05,0.004649474751204252,148.7339066911853,240.0
N24001745,2024-07,0.0003890226646887651,240.0,240.0
N24001745,2024-09,0.0009776703082025051,240.0,240.0
N24001745,2024-10,0.0009575547883287072,240.0,240.0
N24001745,2024-11,0.0009278463548980653,240.0,240.0
N24001745,2024-12,0.0010110620642080903,240.0,240.0
N24001745,2025-01,0.0005237486520622836,240.0,240.0
N24001745,2025-03,0.002475310815498233,240.0,240.0
N24001745,2025-04,0.0011042876867577434,240.0,240.0
N24001745,2025-05,0.0012498552678152919,240.0,240.0
N24001746,2024-07,0.0005846102590839619,240.0,240.0
N24001746,2024-09,0.0029220434371382,236.86642531132588,240.0
N24001746,2024-10,0.001949914381839335,240.0,240.0
N24001746,2024-11,0.002510545076802373,240.0,240.0
N24001746,2024-12,0.0016489923000335693,240.0,240.0
N24001746,2025-01,0.0009624148580058556,240.0,240.0
N24001746,2025-03,0.0022899212781339884,240.0,240.0
N24001746,2025-04,0.00237724045291543,240.0,240.0
N24001746,2025-05,0.0021672279108315706,240.0,240.0
N24001747,2024-07,0.0009750303180433573,240.0,240.0
N24001747,2024-09,0.0037677809596061707,183.62016079248951,240.0
N24001747,2024-10,0.001787808956578374,240.0,240.0
N24001747,2024-11,0.0025167525745928288,240.0,240.0
N24001747,2024-12,0.0020893756300210953,240.0,240.0
N24001747,2025-01,0.004540994406249554,152.29532039653387,240.0
N24001747,2025-03,0.01047201082110405,65.84327520081325,152.88335054816864
N24001747,2025-04,0.0675676241517067,9.90795545055837,23.00556012354385
N24001747,2025-05,0.0443890281021595,15.266085592951194,35.446753037228575
N24001748,2024-07,0.0020685523951270435,240.0,240.0
N24001748,2024-09,0.004323013126850128,159.99207873264206,240.0
N24001748,2024-10,0.0024705093819648027,240.0,240.0
N24001748,2024-11,0.0025788256898522377,240.0,240.0
N24001748,2024-12,0.0025730100460350513,240.0,240.0
N24001748,2025-01,0.004088881817047918,169.17317382961605,240.0
N24001748,2025-03,0.00913243554532528,75.55238431001348,175.42720376514745
N24001748,2025-04,0.012666004709899426,54.37769587027402,126.26109977642975
N24001748,2025-05,0.020173896104097366,34.0108667545661,78.97078704889759
N24001749,2024-07,0.005741997548986522,120.36843276527128,240.0
N24001749,2024-09,0.01230072882026434,56.002801851065804,130.03447901039968
N24001749,2024-10,0.006286764517426491,109.90805555514099,240.0
N24001749,2024-11,0.004529921803623438,152.6684281301456,240.0
N24001749,2024-12,0.0033847109880298376,204.44093120672136,240.0
N24001749,2025-01,0.00136466447226391,240.0,240.0
N24001749,2025-03,0.004112051334232092,168.21800537693173,240.0
N24001749,2025-04,0.004818907007575035,143.49223360833224,240.0
N24001749,2025-05,0.006176831666380167,111.87033749724448,240.0
N24001750,2024-07,0.0013509047069547586,240.0,240.0
N24001750,2024-09,0.0011516150552779436,240.0,240.0
N24001750,2024-10,0.0007568543078377843,240.0,240.0
N24001750,2024-11,0.000889081449713558,240.0,240.0
N24001750,2024-12,0.0006687444401904941,240.0,240.0
N24001750,2025-01,0.00032199663809617807,240.0,240.0
N24001750,2025-03,0.0006478769355453551,240.0,240.0
N24001750,2025-04,0.0010520016076043248,240.0,240.0
N24001750,2025-05,0.0007589495508000255,240.0,240.0
N24001752,2024-07,0.05841779968127769,11.515291844154182,26.7376796537689
N24001752,2024-09,0.1306842416524887,4.949323925009249,11.491974272177169
N24001752,2024-10,0.03366513177752495,20.240917193565508,46.99795429802842
N24001753,2024-07,0.000600133426018945,240.0,240.0
N24001753,2024-09,0.0022627951111644506,240.0,240.0
N24001753,2024-10,0.0008496547816321254,240.0,240.0
N24001753,2024-11,0.0012958142906427383,240.0,240.0
N24001753,2024-12,0.0012951800599694252,240.0,240.0
N24001753,2025-01,0.0011297482765078026,240.0,240.0
N24001753,2025-03,0.0037547557149082422,184.25834276470945,240.0
N24001753,2025-04,0.01068056933581829,64.55076794022334,149.882241626959
N24001753,2025-05,0.012505194172263145,55.0814414589434,127.89514643041423
N24001754,2024-07,0.00046770758062275597,240.0,240.0
N24001754,2024-09,0.004753724206238985,145.46455092401038,240.0
N24001754,2024-10,0.0023152350913733244,240.0,240.0
N24001754,2024-11,0.0017516337102279067,240.0,240.0
N24001754,2024-12,0.0018180609913542867,240.0,240.0
N24001754,2025-01,0.0008020344862865736,240.0,240.0
N24001754,2025-03,0.004646258894354105,148.83709147434334,240.0
N24001754,2025-04,0.005116594955325127,135.123533100026,240.0
N24001754,2025-05,0.005612918175756931,123.14451142799588,240.0
N24001755,2024-07,0.012095572197360238,56.95858460825442,132.25373784692482
N24001755,2024-09,0.04143885523080826,16.377968578422035,38.02846537942055
N24001755,2024-10,0.030182411894202232,22.616924264796538,52.51487187037078
N24001755,2024-11,0.027316363528370857,25.02662366957076,58.110020618549406
N24001755,2024-12,0.04793299734592438,14.111341109824297,32.76551937944004
N24001755,2025-01,0.024544324588240296,27.892620644043806,64.76465951344055
N24001755,2025-03,0.11504141241312027,5.671565850400763,13.168968090049267
N24001755,2025-04,0.24662069976329803,2.447670635239656,5.683315214993755
N24001755,2025-05,0.4030316174030304,1.3435919783395043,3.119723962571787
N24001756,2024-07,0.0011536844014929937,240.0,240.0
N24001756,2024-09,0.0028600592631846666,240.0,240.0
N24001756,2024-10,0.0016803552862256765,240.0,240.0
N24001756,2024-11,0.00716716144233942,96.36454535284528,223.75154520581887
N24001756,2024-12,0.0729711726307869,9.147968082659904,21.240924102260905
N24001756,2025-01,0.020592135011311408,33.31299747292967,77.35038475730711
N24001758,2024-07,0.009267676387930579,74.44479451862094,172.85545991090265
N24001758,2024-09,0.03497946262359619,19.467202512441876,45.20144444250064
N24001758,2024-10,0.018731739372015,36.656221888432746,85.11311145517708
N24001758,2024-11,0.00767863541841507,89.9225593876341,208.79371700632493
N24001758,2024-12,0.046628013253211975,14.516135107898918,33.70542193621129
N24001758,2025-01,0.023824112172644907,28.74638877561645,66.74704772465856
N24001759,2024-07,0.0004634571700555812,240.0,240.0
N24001759,2024-09,0.0012107152724638581,240.0,240.0
N24001759,2024-10,0.0006391564384102821,240.0,240.0
N24001759,2024-11,0.0007490897551178932,240.0,240.0
N24001759,2024-12,0.0005923293065279722,240.0,240.0
N24001759,2025-01,0.0008313862717302944,240.0,240.0
N24001759,2025-03,0.00666328240185976,103.67792448290753,240.0
N24001759,2025-04,0.023180199787020683,29.554625921438053,68.62371626087331
N24001759,2025-05,0.01617288962006569,42.511070588915295,98.70764914414227
N24001761,2024-07,0.001564718265341103,240.0,240.0
N24001761,2024-09,0.002891685115173459,239.35680670663183,240.0
N24001761,2024-10,0.027238337323069572,25.0993162609126,58.27880758867619
N24001761,2024-11,0.0485190786421299,13.936628358000874,32.359848932446155
N24001761,2024-12,0.2187553495168686,2.807776617361589,6.519455412019677
N24001761,2025-01,0.09538459208578076,6.914504356218228,16.05498192692416
N24001762,2024-07,0.0011864883429273387,240.0,240.0
N24001762,2024-09,0.004022697918117046,171.9622246514953,240.0
N24001762,2024-10,0.0030426380690187216,227.46449998436313,240.0
N24001762,2024-11,0.004139489959925413,167.10067122445665,240.0
N24001762,2024-12,0.0029207170009613037,236.97415514338874,240.0
N24001762,2025-01,0.0011477881653488842,240.0,240.0
N24001762,2025-03,0.0028194712940603495,240.0,240.0
N24001762,2025-04,0.0040259030647575855,171.8250438869465,240.0
N24001762,2025-05,0.002008250914514065,240.0,240.0
N24001763,2024-07,0.1259397802154203,5.1494521654786345,11.956657656303408
N24001764,2024-07,0.12017596374441797,5.413801786096303,12.57045846728839
N24001765,2024-07,0.001128964381756692,240.0,240.0
N24001765,2024-09,0.0015673417365178466,240.0,240.0
N24001765,2024-10,0.0004851278499700129,240.0,240.0
N24001765,2024-11,0.0007701211143285036,240.0,240.0
N24001765,2024-12,0.0007466157549060881,240.0,240.0
N24001765,2025-01,0.00036132265527533125,240.0,240.0
N24001765,2025-03,0.0007963311509229243,240.0,240.0
N24001765,2025-04,0.0011428599245846272,240.0,240.0
N24001766,2024-07,0.00033895481614987233,240.0,240.0
N24001766,2024-09,0.0019984818063676357,240.0,240.0
N24001766,2024-10,0.0005601496086455882,240.0,240.0
N24001766,2024-11,0.0004855511651840061,240.0,240.0
N24001766,2024-12,0.0005062601412646472,240.0,240.0
N24001766,2025-01,0.00021222538706766603,240.0,240.0
N24001766,2025-03,0.0006643327069468796,240.0,240.0
N24001766,2025-04,0.0011505607981234789,240.0,240.0
N24001766,2025-05,0.0013369966764003038,240.0,240.0
N24001767,2024-07,0.000758327935973413,240.0,240.0
N24001767,2024-09,0.0028037158772349358,240.0,240.0
N24001767,2024-10,0.001487220637500286,240.0,240.0
N24001767,2024-11,0.0016761099686846137,240.0,240.0
N24001767,2024-12,0.0012811676133424044,240.0,240.0
N24001767,2025-01,0.0007669335748526906,240.0,240.0
N24001767,2025-03,0.0031420174054801464,220.2590182846971,240.0
N24001767,2025-04,0.003100654808804393,223.2018918497307,240.0
N24001767,2025-05,0.002363812178373337,240.0,240.0
N24001768,2024-07,0.07670156812814444,8.685753548650508,20.167695189879222
N24001768,2024-09,0.3377564251422882,1.681898632017207,3.9052476864333743
N24001768,2024-10,0.08081821352243423,8.225180197584587,19.098276986282837
N24001768,2024-11,0.08052988350391388,8.25590612851979,19.169620388562855
N24001768,2024-12,0.06877095252275467,9.728380267062253,22.588599459839667
N24001768,2025-01,0.03238504516075602,21.05483545579876,48.88781397804971
N24001768,2025-03,0.13949529826641083,4.613716157449492,10.712717167817742
N24001768,2025-04,0.19242900609970093,3.2431836220884183,7.530439169005657
N24001769,2024-07,0.08206439788281072,8.094862060274108,18.79568764198825
N24001769,2024-09,0.0814034566283226,8.163482548024202,18.955019480380066
N24001769,2024-10,0.02410745806992054,28.404412845345515,65.95300420438724
N24001770,2024-07,0.0008162862314380348,240.0,240.0
N24001770,2024-09,0.0028053068090230227,240.0,240.0
N24001770,2024-10,0.0023841699585318565,240.0,240.0
N24001770,2024-11,0.0036296024918556213,190.6237653849113,240.0
N24001770,2024-12,0.004251634702086449,162.68392709231313,240.0
N24001770,2025-01,0.0014912747521219627,240.0,240.0
N24001770,2025-03,0.0047664400190114975,145.0755574677522,240.0
N24001770,2025-04,0.020598508417606354,33.30258208167162,77.3262009677258
N24001770,2025-05,0.2420612871646881,2.500957250432742,5.807042903892032
N24001771,2024-07,0.014690456775924066,46.83607246775739,108.74999251706636
N24001771,2024-09,0.06733954697847366,9.942715064567366,23.08626944787878
N24001771,2024-10,0.1164931058883667,5.596387340382454,12.994408995505983
N24001771,2024-11,0.13120892643928528,4.928079248870234,11.442645661783205
N24001771,2024-12,0.16730381548404694,3.785901493822357,8.790591042982165
N24001771,2025-01,0.07822672548494103,8.509468302779723,19.75837352477772
N24001771,2025-03,0.15523794293403625,4.108749424134352,9.540220722749822
N24001771,2025-04,0.20718395709991455,2.9855920821390125,6.9323301353918305
N24001771,2025-05,0.2530578076839447,2.3756834473686914,5.516166141004226
N24001772,2024-07,0.0006706235116531456,240.0,240.0
N24001772,2024-09,0.002596639096736908,240.0,240.0
N24001772,2024-10,0.003095416584983468,223.58019271611587,240.0
N24001772,2024-11,0.0034951146226376295,197.9720936204752,240.0
N24001772,2024-12,0.0030688985716551542,225.51512223524026,240.0
N24001772,2025-01,0.001852840266186373,240.0,240.0
N24001772,2025-03,0.0056731509976089,121.83337834505056,240.0
N24001772,2025-04,0.009182394482195377,75.13943271320696,174.46835985069376
N24001772,2025-05,0.00895959883928299,77.01654670907583,178.82688357500797
N24001773,2024-07,0.0009152521188218188,240.0,240.0
N24001773,2024-09,0.0012159316102042794,240.0,240.0
N24001773,2024-10,0.0009522924665361643,240.0,240.0
N24001773,2024-11,0.0004067523987032473,240.0,240.0
N24001773,2024-12,0.000559578649699688,240.0,240.0
N24001773,2025-01,0.0005416655505706691,240.0,240.0
N24001773,2025-03,0.0013880380429327488,240.0,240.0
N24001773,2025-04,0.0018193853320553899,240.0,240.0
N24001773,2025-05,0.001923838397487998,240.0,240.0
N24001774,2024-07,0.0014170674419154983,240.0,240.0
N24001774,2024-09,0.0019271564669907093,240.0,240.0
N24001774,2024-10,0.0011637371499091387,240.0,240.0
N24001774,2024-11,0.0012007767800241709,240.0,240.0
N24001774,2024-12,0.0014359737979248166,240.0,240.0
N24001774,2025-01,0.0004946280146562732,240.0,240.0
N24001774,2025-03,0.0016650621546432376,240.0,240.0
N24001774,2025-04,0.0013179873349145055,240.0,240.0
N24001774,2025-05,0.0015958643052726984,240.0,240.0
N24001775,2024-07,0.04175457804773497,16.251470214436388,37.734745274125
N24001775,2024-09,0.22668325901031494,2.6963724246989713,6.260782887188101
N24001775,2024-10,0.14327557384967804,4.482357760332912,10.40771241505338
N24001775,2024-11,0.17887145280838013,3.5171637326367526,8.166601285128179
N24001775,2024-12,0.13296005129814148,4.8583870538025185,11.280825396061106
N24001775,2025-01,0.062393619691972546,10.758969129444935,24.981552693684023
N24001775,2025-03,0.1707531064748764,3.701970737143025,8.595709861023268
N24001775,2025-04,0.22255729138851166,2.7533666511594572,6.393119382853075
N24001775,2025-05,0.2492324560880661,2.4180182292550274,5.614464460457039
N24001777,2024-07,0.0558208923227993,12.067452013598697,28.019755864079887
N24001777,2024-09,0.2585960328578949,2.316593765436442,5.378964148407778
N24001777,2024-10,0.09304535388946533,7.097348595083235,16.479533102133114
N24001777,2024-11,0.08782892674207687,7.540131899510906,17.507644096630788
N24001777,2024-12,0.10849307477474213,6.03565538773016,14.014357815828935
N24001777,2025-01,0.03517027722257959,19.35968127054108,44.951787850134
N24001777,2025-03,0.10193729400634766,6.446958107701876,14.969373156834852
N24001777,2025-04,0.10668182373046875,6.144243051550548,14.266490563211677
N24001777,2025-05,0.11543489992618561,5.651001852792905,13.121219966260384
N24001778,2024-07,0.043817063108920085,15.469953861448067,35.920120497507504
N24001778,2024-09,0.10611563175916672,6.178946875384294,14.347070346771273
N24001778,2024-10,0.05428529903292656,12.418800980954565,28.835562902493137
N24001778,2024-11,0.04997774958610535,13.51958055784611,31.391493928355843
N24001778,2024-12,0.06448666006326675,10.3982672372687,24.144028836360988
N24001778,2025-01,0.030630696117896372,22.28079787322025,51.73441055833669
N24001779,2024-07,0.0016698007677259374,240.0,240.0
N24001779,2024-09,0.013453387655317783,51.17477350726652,118.82414435601962
N24001779,2024-10,0.00785110704600811,87.93952440739288,204.18925237255843
N24001779,2024-11,0.007532772142440081,91.6705321265556,212.85238401792398
N24001779,2024-12,0.00802360288798809,86.04148132855646,199.78213282250167
N24001779,2025-01,0.0036952931668253752,187.22890663606196,240.0
N24001779,2025-03,0.008168536238372326,84.5086918236361,196.2231058074786
N24001779,2025-04,0.0100961709395051,68.30730191732917,158.60464340779998
N24001779,2025-05,0.01252363808453083,54.99980892073406,127.70560154648899
N24001780,2024-07,0.09059455634144653,7.299032727955297,16.94782915654175
N24001780,2024-09,0.28586524724960327,2.0587494313506327,4.780268144986415
N24001780,2024-10,0.2029849737882614,3.0551033303343376,7.093730255487245
N24001780,2024-11,0.24836960434913635,2.427746118577556,5.6370519199789735
N24001780,2024-12,0.33220645785331726,1.7166617126868047,3.9859650601049488
N24001781,2024-07,0.002141314722537868,240.0,240.0
N24001781,2024-09,0.019988855347037315,34.32894212772496,79.70933519412694
N24001781,2024-10,0.012509400025010109,55.06280521711432,127.85187441692815
N24001781,2024-11,0.011557419784367085,59.62697007632564,138.44953703322855
N24001781,2024-12,0.015991443768143654,42.99737333304543,99.83680914835885
N24001781,2025-01,0.010288456492782205,67.02417683431517,155.6253192282951
N24001781,2025-03,0.02560434304177761,26.723397262194027,62.049806893924334
N24001781,2025-04,0.036537058651447296,18.622348754982525,43.23975476698461
N24001781,2025-05,0.037863414734601974,17.957712192058292,41.69651645864147
N24001783,2024-07,0.028734550402571224,23.77417234382079,55.20191869781162
N24001783,2024-09,0.1329978108406067,4.8569044562383485,11.277382911123448
N24001783,2024-10,0.05203483998775482,12.971168404266926,30.118120341382653
N24001783,2024-11,0.05555359646677971,12.127214346968817,28.15851970494799
N24001783,2024-12,0.06645983457565308,10.07901957751787,23.402758725958495
N24001783,2025-01,0.0314328420049127,21.703268252368517,50.3934283060514
N24001783,2025-03,0.12502039968967438,5.189986912673779,12.050776424634972
N24001784,2024-07,0.03059744125153574,22.30539439394896,51.79152191085316
N24001784,2024-09,0.13796404004096985,4.668969107937219,10.841010545880614
N24001785,2024-07,0.0003320222571435716,240.0,240.0
N24001785,2024-09,0.0005862971884198487,240.0,240.0
N24001785,2024-10,0.0003928113146685064,240.0,240.0
N24001785,2024-11,0.0003996024315711111,240.0,240.0
N24001785,2024-12,0.00044095079647377133,240.0,240.0
N24001785,2025-01,0.00023829531136876358,240.0,240.0
N24001785,2025-03,0.0007521799416281283,240.0,240.0
N24001785,2025-04,0.0017905562417581677,240.0,240.0
N24001785,2025-05,0.003953363746404648,174.9841878732974,240.0
N24001786,2024-07,0.002022375868876214,240.0,240.0
N24001786,2024-09,0.0131144430488348,52.50638995825008,121.91606200517253
N24001786,2024-10,0.003363816998898983,205.71294929394963,240.0
N24001786,2024-11,0.005466046277433634,126.46271686287571,240.0
N24001786,2024-12,0.0026317003648728132,240.0,240.0
N24001786,2025-01,0.0006828053054520611,240.0,240.0
N24001786,2025-03,0.0020513124763965607,240.0,240.0
N24001786,2025-04,0.0016152521129697561,240.0,240.0
N24001786,2025-05,0.0023391798604279757,240.0,240.0
N24001788,2024-07,0.0009327218277301874,240.0,240.0
N24001788,2024-09,0.012957585044205189,53.14621975160648,123.40170077831274
N24001788,2024-10,0.004892820026725531,141.31933493891484,240.0
N24001788,2024-11,0.006943887565284967,99.47422263866027,230.97199226178574
N24001788,2024-12,0.01775333657860756,38.695597918143264,89.84839595460177
N24001788,2025-01,0.010334589350702084,66.72343332767144,154.9270144308641
N24001788,2025-03,0.02166951633989811,31.639362247396793,73.46432410654917
N24001788,2025-04,0.019549299031496048,35.10865606561057,81.51977489247878
N24001789,2024-07,0.002666746477815507,240.0,240.0
N24001789,2024-09,0.02893485501408577,23.607170343307192,54.81415206091671
N24001789,2024-10,0.009393624030053616,73.44199377278443,170.52702868557085
N24001789,2024-11,0.010277858003973961,67.09365053521704,155.78663216627496
N24001789,2024-12,0.0020171641372144222,240.0,240.0
N24001789,2025-01,0.0011400690320315654,240.0,240.0
N24001789,2025-03,0.0038316771388053894,180.55236590028713,240.0
N24001789,2025-04,0.0031649903394281864,218.65776029138618,240.0
N24001789,2025-05,0.003497251309454441,197.8509282510098,240.0
N24001790,2024-07,0.009154439721828944,75.36994633234555,175.00359589922581
N24001790,2024-09,0.02775580808520317,24.62485043119764,57.177132048596974
N24001790,2024-10,0.008607040159404278,80.18551062359089,186.18498991980474
N24001790,2024-11,0.008901635184884071,77.52030913924978,179.9965837147776
N24001790,2024-12,0.008559896610677242,80.62904580393746,187.2148467161224
N24001790,2025-01,0.0036841864439067784,187.79439203273233,240.0
N24001790,2025-03,0.010332589037716389,66.73641781896482,154.957163485996
N24001790,2025-04,0.014624105766415596,47.050152552265395,109.24707107984135
N24001790,2025-05,0.015615647658705711,44.04050528055377,102.25888652395302
N24001791,2024-07,0.03719130549305372,18.288581947469755,42.464772239479856
N24001791,2024-09,0.14078141748905182,4.568235510739674,10.607114376448568
N24001791,2024-10,0.023254821076989174,29.458668624007306,68.4009103160594
N24001791,2024-11,0.02280435711145401,30.04747746869374,69.768082115055
N24001791,2024-12,0.022304531186819077,30.72864217680786,71.34969758807092
N24001791,2025-01,0.011734070161592891,58.72407886101699,136.35308855377642
N24001791,2025-03,0.049275387078523636,13.71731111923842,31.850610074070495
N24001792,2024-07,0.050046675191126266,13.500475454763118,31.34713325275172
N24001792,2024-09,0.14026357233524323,4.586447814942173,10.649402037248985
N24001792,2024-10,0.044846054166555405,15.10692265339592,35.077188136210324
N24001792,2024-11,0.056838180869817734,11.845144411366268,27.50357359674937
N24001792,2024-12,0.06828759610652924,9.799752365500773,22.754320340395132
N24001792,2025-01,0.02875394481063287,23.75790071856012,55.1641371539694
N24001792,2025-03,0.08292242884635925,8.007410037132509,18.592630332501027
N24001792,2025-04,0.11908669769763947,5.466630010596412,12.693121805958208
N24001792,2025-05,0.12747909128665924,5.0828920311761605,11.802109810467018
N24001793,2024-07,0.028737365664910697,23.77180901724777,55.19643122344433
N24001793,2024-09,0.0555734857916832,12.122747676054711,28.148148416261915
N24001793,2024-10,0.013497653417289257,51.005803299490026,118.4318076833844
N24001793,2024-11,0.015144911594688892,45.420205970767476,105.46245231909572
N24001793,2024-12,0.01840520091354847,37.31275078068163,86.63752433519504
N24001793,2025-01,0.0088924396096276,77.60083150730138,180.18355086342348
N24001793,2025-03,0.03367893770337105,20.23247617698914,46.97835486449034
N24001793,2025-04,0.04209211841225624,16.118328951266065,37.425600834581026
N24001793,2025-05,0.08143673092126846,8.16000132272084,18.946936325543557
N24001794,2024-07,0.05845316674257217,11.508110555145707,26.72100521706262
N24001794,2024-09,0.10682894289493561,6.135285762999834,14.245692383271761
N24001794,2024-10,0.08813411742448807,7.512784122590184,17.444144525065852
N24001794,2024-11,0.05143981799483299,13.125291230082114,30.475982460706366
N24001794,2024-12,0.05175996199250221,13.041927137127168,30.282417031169476
N24001794,2025-01,0.02448229603540364,27.96417501561335,64.93080361909988
N24001794,2025-03,0.06842982769012451,9.778645891889852,22.705312626333935
N24001794,2025-04,0.08312345296144485,7.9871821795376,18.545662701652027
N24001794,2025-05,0.1377824991941452,4.675600981356952,10.85640927909563
N24001795,2024-07,0.0014618206769448916,240.0,240.0
N24001795,2024-09,0.002212067134678364,240.0,240.0
N24001795,2024-10,0.0006843470619060099,240.0,240.0
N24001795,2024-11,0.0007789870724081993,240.0,240.0
N24001795,2024-12,0.00194543635006994,240.0,240.0
N24001795,2025-01,0.0007079837160947067,240.0,240.0
N24001795,2025-03,0.0015095019480213523,240.0,240.0
N24001795,2025-04,0.0032902336679399014,210.32130722613996,240.0
N24001795,2025-05,0.00490613654255867,140.93481570210346,240.0
N24001796,2024-07,0.0007805649476017029,240.0,240.0
N24001796,2024-09,0.0013433139538392425,240.0,240.0
N24001796,2024-10,0.000747975951526314,240.0,240.0
N24001796,2024-11,0.0008633799152448773,240.0,240.0
N24001796,2024-12,0.0012153948191553354,240.0,240.0
N24001796,2025-01,0.0006592932486759739,240.0,240.0
N24001796,2025-03,0.005267661530524492,131.23848925126714,240.0
N24001796,2025-04,0.006246617529541254,110.61666632595661,240.0
N24001796,2025-05,0.007165250834077597,96.39033351538629,223.81142346493834
N24001797,2024-07,0.0068965670619458574,100.15914432607367,232.5623311705886
N24001797,2024-09,0.012036347761750221,57.24055959166189,132.90846348295403
N24001797,2024-10,0.00578645383939147,119.44099581334775,240.0
N24001797,2024-11,0.007841448299586773,88.04827240998429,204.44175741503832
N24001797,2024-12,0.01615266129374504,42.564744508679354,98.83227612640516
N24001797,2025-01,0.005798372630147375,119.1947662112826,240.0
N24001797,2025-03,0.06877467781305313,9.727834087169573,22.58733126940199
N24001797,2025-04,0.20864738523960114,2.962020260929004,6.87759806147665
N24001797,2025-05,0.21788211166858673,2.820540190604348,6.549091511323192
N24001798,2024-07,0.006261154959415927,110.35902522269492,240.0
N24001798,2024-09,0.022323686629533768,30.701974998261196,71.28777831699205
N24001798,2024-10,0.006524316035211086,105.89363764657543,240.0
N24001798,2024-11,0.01679382659494877,40.92637558144945,95.02810128447958
N24001798,2024-12,0.02186613157391548,31.35172906939657,72.7964605495287
N24001798,2025-01,0.009826935741888754,70.18829029421865,162.97216316625625
N24001798,2025-03,0.0717727467417717,9.306650927975001,21.609374258974697
N24001798,2025-04,0.09131115674972534,7.238942254000617,16.80830339683128
N24001798,2025-05,0.09925346076488495,6.630996713419313,15.396697565994065
N24001799,2024-07,0.002813193086636634,240.0,240.0
N24001799,2024-09,0.008899759501218796,77.53672032222879,180.0346893016069
N24001799,2024-10,0.003003867343068123,230.40484763130456,240.0
N24001799,2024-11,0.0033393469639122486,207.22291315432508,240.0
N24001799,2024-12,0.006835757289081812,101.0532337596709,234.63834254579993
N24001799,2025-01,0.0025106111893847816,240.0,240.0
N24001799,2025-03,0.0027715612668544054,240.0,240.0
N24001799,2025-04,0.002746707759797573,240.0,240.0
N24001799,2025-05,0.003459201194345951,200.03104229032036,240.0
N24001804,2024-07,0.0021814611709815024,240.0,240.0
N24001804,2024-09,0.015197303146123886,45.26242235324241,105.09609010465131
N24001804,2024-10,0.0065576075576245785,105.35427574925555,240.0
N24001804,2024-11,0.008031454868614674,85.95702282501382,199.58602625027387
N24001804,2024-12,0.008969523943960667,76.93094044721627,178.628111990498
N24001804,2025-01,0.0187559685311548,36.608418447441814,85.00211530250793
N24001804,2025-03,0.02961091138422489,23.06019565958122,53.54411617558124
N24001804,2025-04,0.02388564869761467,28.671429434630635,66.57299752484936
N24001804,2025-05,0.03111596778035164,21.927853874204065,50.91489997109911
N24001808,2024-07,0.000596063323937579,240.0,240.0
N24001808,2024-09,0.001283632474951446,240.0,240.0
N24001808,2024-10,0.0008105321903713048,240.0,240.0
N24001808,2024-11,0.0010385538917034864,240.0,240.0
N24001808,2024-12,0.0011705089127644897,240.0,240.0
N24001808,2025-01,0.0005635570929150013,240.0,240.0
N24001808,2025-03,0.03419061377644539,19.924442342702395,46.26312245048407
N24001808,2025-04,0.044432900846004486,15.25066451834811,35.41094641085432
N24001808,2025-05,0.04127458482980728,16.444550891086973,38.183064721819854
N24001809,2024-07,0.004335356090709008,159.53558557670243,240.0
N24001809,2024-09,0.046491194516420364,14.559890914132275,33.80701977201897
N24001809,2024-10,0.02550494484603405,26.82890642789882,62.294791590042415
N24001809,2024-11,0.02982969582080841,22.888494103897408,53.14543750950313
N24001809,2024-12,0.0382695347070694,17.763417311323494,41.24537771637055
N24001809,2025-01,0.016866469620319458,40.74860661086438,94.61533451727891
N24001809,2025-03,0.08433617651462555,7.867197307616816,18.267066456577698
N24001809,2025-04,0.09029076248407364,7.324795004264634,17.00764730969265
N24001809,2025-05,0.1089995875954628,6.0059340292866565,13.945346958640746
N24001810,2024-07,0.06657865352451142,10.060399204394491,23.359523558466037
N24001810,2024-09,0.2292783260345459,2.6615697082143903,6.1799734820041525
N24001810,2024-10,0.0683322325348854,9.7931190807874,22.738918330257764
N24001810,2024-11,0.07355434447526932,9.072620061611257,21.06597141529389
N24001810,2024-12,0.07555002719163895,8.823567392428432,20.4876890256116
N24001810,2025-01,0.04696783142654459,14.408560994521523,33.455642580077715
N24001810,2025-03,0.26648592948913574,2.2366188183264373,5.193268071825928
N24001810,2025-04,0.3018568456172943,1.9289929841773066,4.4789830048019015
N24001810,2025-05,0.3116779029369354,1.8558237626847154,4.309089333737218
N24001811,2024-07,0.009841968913609445,70.08054966458404,162.7219971713468
N24001811,2024-09,0.044121403247117996,15.360818551855697,35.66671615602075
N24001811,2024-10,0.025979334488511086,26.33261947095468,61.14244896158766
N24001811,2024-11,0.023021841421723366,29.760323418558837,69.10133105848607
N24001811,2024-12,0.01699996553361416,40.42588224346662,93.86599174171329
N24001811,2025-01,0.0093259762234853,73.97724158776315,171.769835624897
N24001811,2025-03,0.048014085739851,14.086914208427622,32.70880187081606
N24001811,2025-04,0.12125104665756226,5.3625907975410145,12.451550234194908
N24001811,2025-05,0.14912602305412292,4.29216556565819,9.966099814809859
N24001812,2024-07,0.00042912866620958834,240.0,240.0
N24001812,2024-09,0.0040941061452031136,168.9568557286989,240.0
N24001812,2024-10,0.0011272147530689836,240.0,240.0
N24001812,2024-11,0.0013334238901734352,240.0,240.0
N24001812,2024-12,0.001968780532479286,240.0,240.0
N24001812,2025-01,0.0007246012170061267,240.0,240.0
N24001812,2025-03,0.002826952375471592,240.0,240.0
N24001812,2025-04,0.003228165674954653,214.37182919195726,240.0
N24001812,2025-05,0.003279556753113866,211.00715816610983,240.0
N24001813,2024-07,0.0004971501227208908,240.0,240.0
N24001813,2024-09,0.003188805654644966,217.02214289370391,240.0
N24001813,2024-10,0.0011289428221061826,240.0,240.0
N24001813,2024-11,0.0011083241552114487,240.0,240.0
N24001813,2024-12,0.0012815715745091438,240.0,240.0
N24001813,2025-01,0.0009066865090913145,240.0,240.0
N24001813,2025-03,0.003795816795900464,182.26138248217543,240.0
N24001813,2025-04,0.004590659402310848,150.64392684151872,240.0
N24001813,2025-05,0.005040511954575777,137.1683684521056,240.0
N24001815,2024-07,0.0008781363663867836,240.0,240.0
N24001815,2024-09,0.006917225196957588,99.8589839004129,231.86538024527349
N24001815,2024-10,0.0033191388938575983,208.48667060924114,240.0
N24001815,2024-11,0.0033609550446271896,205.88841550472458,240.0
N24001815,2024-12,0.0073278374038636684,94.24396237128902,218.82770400340337
N24001815,2025-01,0.03404221389731821,20.01282721154514,46.46834576061297
N24001815,2025-03,0.15420782566070557,4.138646598923593,9.60963981285072
N24001815,2025-04,0.5516626238822937,1.0,2.00625696574568
N24001817,2024-07,0.00036128530156487315,240.0,240.0
N24001817,2024-09,0.002204841235652566,240.0,240.0
N24001817,2024-10,0.0011916528455913067,240.0,240.0
N24001817,2024-11,0.0013664867728948593,240.0,240.0
N24001817,2024-12,0.001766274799592793,240.0,240.0
N24001817,2025-01,0.0013040378287954013,240.0,240.0
N24001817,2025-03,0.03930910304188728,17.284358513597667,40.13303763482799
N24001817,2025-04,0.11077407747507095,5.903951374460041,13.708550567207627
N24001817,2025-05,0.09626085311174393,6.8482982267343875,15.901256054821879
N24001818,2024-07,0.000858779827875078,240.0,240.0
N24001818,2024-09,0.001622481970116496,240.0,240.0
N24001818,2024-10,0.0011484152637422085,240.0,240.0
N24001818,2024-11,0.001322082243859768,240.0,240.0
N24001818,2024-12,0.001024952158331871,240.0,240.0
N24001818,2025-01,0.0006546258861231946,240.0,240.0
N24001818,2025-03,0.0014319432666525245,240.0,240.0
N24001818,2025-04,0.0014940212713554502,240.0,240.0
N24001818,2025-05,0.001548330532386899,240.0,240.0
N24001819,2024-07,0.0009443032741069946,240.0,240.0
N24001819,2024-09,0.0016868173843249679,240.0,240.0
N24001819,2024-10,0.0014414211036637425,240.0,240.0
N24001819,2024-11,0.0015960261225700378,240.0,240.0
N24001819,2024-12,0.0015060777077451348,240.0,240.0
N24001819,2025-01,0.0017394294166200863,240.0,240.0
N24001819,2025-03,0.003721650457009673,185.9004657348068,240.0
N24001819,2025-04,0.0029755346477031708,232.6020391629842,240.0
N24001819,2025-05,0.005883237812668085,117.47038323383504,240.0
N24001820,2024-07,0.0005242296994050211,240.0,240.0
N24001820,2024-09,0.0011422715615481138,240.0,240.0
N24001820,2024-10,0.0009548940579406917,240.0,240.0
N24001820,2024-11,0.0018326769350096583,240.0,240.0
N24001820,2024-12,0.0018158581806346774,240.0,240.0
N24001820,2025-01,0.0007098788458592686,240.0,240.0
N24001820,2025-03,0.0025405478663742542,240.0,240.0
N24001820,2025-04,0.0050021326169371605,138.22346937458866,240.0
N24001820,2025-05,0.0061961691826581955,111.52011945675922,240.0
N24001821,2024-07,0.0017631480850871517,240.0,240.0
N24001821,2024-09,0.003434594487771392,201.46662458088332,240.0
N24001821,2024-10,0.002899357583373785,238.72248717825028,240.0
N24001821,2024-11,0.003530010813847184,196.01159528372642,240.0
N24001821,2024-12,0.0034625495318323374,199.83727373373466,240.0
N24001821,2025-01,0.0014166077650140663,240.0,240.0
N24001821,2025-03,0.013197728432714939,52.17284716524917,121.14159962325654
N24001821,2025-04,0.012860049493610859,53.551941046154255,124.3437564508173
N24001821,2025-05,0.07140160351991653,9.35687352090132,21.72598750848841
N24001822,2024-07,0.0006748992962083422,240.0,240.0
N24001822,2024-09,0.0028012425173074007,240.0,240.0
N24001822,2024-10,0.0009355382062494755,240.0,240.0
N24001822,2024-11,0.0009171630954369903,240.0,240.0
N24001822,2024-12,0.0007435533334501088,240.0,240.0
N24001822,2025-01,0.00032492403335249165,240.0,240.0
N24001822,2025-03,0.001313013955950737,240.0,240.0
N24001822,2025-04,0.001950043486431241,240.0,240.0
N24001822,2025-05,0.0038108285516500473,181.54204478119183,240.0
N24001823,2024-07,0.0004292511877131977,240.0,240.0
N24001823,2024-09,0.002361503429710865,240.0,240.0
N24001823,2024-10,0.0013273628428578377,240.0,240.0
N24001823,2024-11,0.0005325984675437212,240.0,240.0
N24001823,2024-12,0.0005332598811946809,240.0,240.0
N24001823,2025-01,0.00027151605220754327,240.0,240.0
N24001823,2025-03,0.0014471834292635322,240.0,240.0
N24001823,2025-04,0.002909516915678978,237.88771442426074,240.0
N24001823,2025-05,0.0035176873207092285,196.69949712268067,240.0
N24001824,2024-07,0.0012427533862671147,240.0,240.0
N24001824,2024-09,0.0028001877944916487,240.0,240.0
N24001824,2024-10,0.00292014773003757,237.0204199201879,240.0
N24001824,2024-11,0.0027609248645603657,240.0,240.0
N24001824,2024-12,0.01483921054750681,46.36307876593474,107.65173515209958
N24001824,2025-01,0.013121824390430414,52.476658034994,121.84702661724923
N24001824,2025-03,0.08049874752759933,8.25923729812765,19.177355124864178
N24001824,2025-04,0.09037959575653076,7.317243876730983,16.990114134524188
N24001824,2025-05,0.09429347515106201,6.998662505458752,16.250391098059453
N24001825,2024-07,0.0025359190117760777,240.0,240.0
N24001825,2024-09,0.016374675557017326,41.98291026520046,97.481298849904
N24001825,2024-10,0.005976611748337746,115.62969194210888,240.0
N24001825,2024-11,0.005344827193766832,129.33872789872922,240.0
N24001825,2024-12,0.005169491283595562,133.73734200477315,240.0
N24001825,2025-01,0.002547311499490834,240.0,240.0
N24001825,2025-03,0.00779090216383338,88.62177002326993,205.7733776356771
N24001825,2025-04,0.006459932774305344,106.95249382999985,240.0
N24001825,2025-05,0.006590302102267742,104.82988915255596,240.0
N24001826,2024-07,0.0017206073046626136,240.0,240.0
N24001826,2024-09,0.008999856188893318,76.67048826536296,178.02336075207808
N24001826,2024-10,0.004782855976372957,144.57643046035918,240.0
N24001826,2024-11,0.004841371439397335,142.82480502969472,240.0
N24001826,2024-12,0.005381452850997448,128.4560978143068,240.0
N24001826,2025-01,0.005019078398669219,137.75561703951553,240.0
N24001826,2025-03,0.012961514294147491,53.13000308965997,123.36404685533384
N24001826,2025-04,0.015168072655797005,45.35031916161626,105.30018017346549
N24001826,2025-05,0.015343849547207355,44.82680183194213,104.0846105775347
N24001827,2024-07,0.027244574842211322,25.093489806791617,58.265278981159106
N24001827,2024-09,0.09062352776527405,7.296584912353029,16.94214550472374
N24001827,2024-10,0.031131524592638016,21.91672122433353,50.88905075859417
N24001827,2024-11,0.040077339857816696,16.946303081501387,39.34809722941435
N24001827,2024-12,0.023612262681126595,29.00743619741129,67.35318106742191
N24001827,2025-01,0.009886538346676965,69.7630524765314,161.98479153035964
N24001827,2025-03,0.04222406819462776,16.0668605801451,37.30609497767717
N24001827,2025-04,0.21845781803131104,2.8121140546743155,6.529526629575909
N24001827,2025-05,0.22264136373996735,2.752184360135337,6.390374188107836
N24001828,2024-07,0.0009410932969889929,240.0,240.0
N24001828,2024-09,0.0031299416441470385,221.11014752743154,240.0
N24001828,2024-10,0.0012011084472760558,240.0,240.0
N24001828,2024-11,0.0015144582139328122,240.0,240.0
N24001828,2024-12,0.0011161428410559893,240.0,240.0
N24001828,2025-01,0.00047541776524384627,240.0,240.0
N24001828,2025-03,0.0021998670417815447,240.0,240.0
N24001828,2025-04,0.0024819590616971254,240.0,240.0
N24001828,2025-05,0.07616211473941803,8.749795555597954,20.31639612506347
N24001829,2024-07,0.0007299874221442515,240.0,240.0
N24001829,2024-09,0.00354180159047246,195.35791097144792,240.0
N24001829,2024-10,0.0015097915893420577,240.0,240.0
N24001829,2024-11,0.004164058715105057,166.112697118997,240.0
N24001829,2024-12,0.0029017156921327114,238.5282050025014,240.0
N24001829,2025-01,0.0022079642421146684,240.0,240.0
N24001829,2025-03,0.027848748490214348,24.541501653511784,56.98360218001367
N24001829,2025-04,0.0683148130774498,9.795706702823344,22.74492660256197
N24001829,2025-05,0.12164565175771713,5.34402076193152,12.408431946790163
N24001830,2024-07,0.013744233207797607,50.08448232359077,116.29256662503488
N24001830,2024-09,0.0970178171992302,6.792067548087404,15.770692462276864
N24001830,2024-10,0.07940075546503067,8.378378552164564,19.453992549872602
N24001830,2024-11,0.0888291671872139,7.45120233292373,17.301156037505866
N24001830,2024-12,0.12981119751930237,4.985053752694361,11.574936362904714
N24001830,2025-01,0.05691223421531966,11.829271798225204,27.46671853035785
N24001830,2025-03,0.11197040975093842,5.837018360537444,13.553136921705262
N24001830,2025-04,0.16385994851589203,3.8732144412720997,8.993325428713145
N24001830,2025-05,0.15990591049194336,3.978085872667462,9.23682935162109
N24001831,2024-07,0.0007409081678428908,240.0,240.0
N24001831,2024-09,0.004456654656678438,155.18399454487212,240.0
N24001831,2024-10,0.0009328843443654478,240.0,240.0
N24001831,2024-11,0.0006049719522707164,240.0,240.0
N24001831,2024-12,0.0006596504827030003,240.0,240.0
N24001831,2025-01,0.00037371295516253067,240.0,240.0
N24001831,2025-03,0.0004903193912468851,240.0,240.0
N24001831,2025-04,0.0005399783840402961,240.0,240.0
N24001831,2025-05,0.0005524586304090917,240.0,240.0
N24001832,2024-07,0.00030745708530932614,240.0,240.0
N24001832,2024-09,0.0009806588059291244,240.0,240.0
N24001832,2024-10,0.0005637279828079045,240.0,240.0
N24001832,2024-11,0.0003630726132541895,240.0,240.0
N24001832,2024-12,0.0003737067454494536,240.0,240.0
N24001832,2025-01,0.00015545984785503286,240.0,240.0
N24001832,2025-03,0.0008343859226442873,240.0,240.0
N24001832,2025-04,0.0007309535867534578,240.0,240.0
N24001832,2025-05,0.0009819228434935212,240.0,240.0
N24001833,2024-07,0.0004958964639335539,240.0,240.0
N24001833,2024-09,0.0011013136245310307,240.0,240.0
N24001833,2024-10,0.000619108323007822,240.0,240.0
N24001833,2024-11,0.00090465706307441,240.0,240.0
N24001833,2024-12,0.0008400087826885283,240.0,240.0
N24001833,2025-01,0.0004604915166601664,240.0,240.0
N24001833,2025-03,0.002127013634890318,240.0,240.0
N24001833,2025-04,0.001742197317071259,240.0,240.0
N24001833,2025-05,0.001754529308527708,240.0,240.0
N24001834,2024-07,0.00045056558662437407,240.0,240.0
N24001834,2024-09,0.0006112229311838746,240.0,240.0
N24001834,2024-10,0.0006297042709775269,240.0,240.0
N24001834,2024-11,0.0005943601136095822,240.0,240.0
N24001834,2024-12,0.0006942584877833724,240.0,240.0
N24001834,2025-01,0.00027000171913571513,240.0,240.0
N24001834,2025-03,0.0011256872676312923,240.0,240.0
N24001834,2025-04,0.0014119818806648254,240.0,240.0
N24001834,2025-05,0.002152047585695982,240.0,240.0
N24001835,2024-07,0.0004938720473730562,240.0,240.0
N24001835,2024-09,0.0021065231412649155,240.0,240.0
N24001835,2024-10,0.0004617548256646842,240.0,240.0
N24001835,2024-11,0.0002770524297375232,240.0,240.0
N24001835,2024-12,0.00045613478869199753,240.0,240.0
N24001835,2025-01,0.0001610593214750322,240.0,240.0
N24001835,2025-03,0.0008026306750252843,240.0,240.0
N24001835,2025-04,0.0009682221570983529,240.0,240.0
N24001835,2025-05,0.0012489252258092165,240.0,240.0
N24001836,2024-07,0.00043947179923931046,240.0,240.0
N24001836,2024-09,0.001387782976962626,240.0,240.0
N24001836,2024-10,0.0009001962607726455,240.0,240.0
N24001836,2024-11,0.0007561161182820797,240.0,240.0
N24001836,2024-12,0.0010276390239596367,240.0,240.0
N24001836,2025-01,0.0005908748734877456,240.0,240.0
N24001836,2025-03,0.0028277228120714426,240.0,240.0
N24001836,2025-04,0.0013647322775796056,240.0,240.0
N24001836,2025-05,0.0007400545291602612,240.0,240.0
N24001837,2024-07,0.003326895845997657,207.99975651852301,240.0
N24001837,2024-09,0.016347793862223625,42.05251841644872,97.6429239719205
N24001837,2024-10,0.002901052124798298,238.58284370465873,240.0
N24001837,2024-11,0.0031886552460491657,217.03239617492574,240.0
N24001837,2024-12,0.009385046549141407,73.50943397084902,170.6836199761818
N24001837,2025-01,0.008487890926144326,81.31599811254138,188.80990058131755
N24001837,2025-03,0.025231176987290382,27.12380313015788,62.979520528107365
N24001837,2025-04,0.0298367477953434,22.88300161627391,53.1326843481793
N24001837,2025-05,0.04776892811059952,14.161018588354228,32.88086691252185
N24001838,2024-07,0.0014779743460986428,240.0,240.0
N24001838,2024-09,0.004156952258199453,166.39726595373563,240.0
N24001838,2024-10,0.0024378166999667883,240.0,240.0
N24001838,2024-11,0.001377232139930129,240.0,240.0
N24001838,2024-12,0.0012961722677573562,240.0,240.0
N24001838,2025-01,0.000531640711413317,240.0,240.0
N24001838,2025-03,0.0012211865978315473,240.0,240.0
N24001838,2025-04,0.001181033905595541,240.0,240.0
N24001838,2025-05,0.0010362007888033986,240.0,240.0
N24001840,2024-07,0.0005135503281659126,240.0,240.0
N24001840,2024-09,0.0010291144717484713,240.0,240.0
N24001840,2024-10,0.0006932935211807489,240.0,240.0
N24001840,2024-11,0.0006854498642496765,240.0,240.0
N24001840,2024-12,0.0009019511053338647,240.0,240.0
N24001840,2025-01,0.00022878724139396844,240.0,240.0
N24001840,2025-03,0.0008323315996676683,240.0,240.0
N24001840,2025-04,0.0006567176315002143,240.0,240.0
N24001840,2025-05,0.0006337272934615612,240.0,240.0
N24001841,2024-07,0.00048657802033669206,240.0,240.0
N24001841,2024-09,0.0005403418908827007,240.0,240.0
N24001841,2024-10,0.00019042330677621067,240.0,240.0
N24001841,2024-11,0.0002701982157304883,240.0,240.0
N24001841,2024-12,0.0004266806354280561,240.0,240.0
N24001841,2025-01,0.0001421207708883765,240.0,240.0
N24001841,2025-03,0.0005132380756549537,240.0,240.0
N24001841,2025-04,0.0005128644406795502,240.0,240.0
N24001841,2025-05,0.000511245452798903,240.0,240.0
N24001842,2024-07,0.0006492552892308767,240.0,240.0
N24001842,2024-09,0.00047517556231468916,240.0,240.0
N24001842,2024-10,0.00025999994250014424,240.0,240.0
N24001842,2024-11,0.0002482644049450755,240.0,240.0
N24001842,2024-12,0.00034191791201010346,240.0,240.0
N24001842,2025-01,0.00013531683578926756,240.0,240.0
N24001842,2025-03,0.001044881995767355,240.0,240.0
N24001842,2025-04,0.0012295048218220472,240.0,240.0
N24001842,2025-05,0.0011989738559350371,240.0,240.0
N24001843,2024-07,0.0005356756078321867,240.0,240.0
N24001843,2024-09,0.0015071608358994126,240.0,240.0
N24001843,2024-10,0.00040692617767490447,240.0,240.0
N24001843,2024-11,0.0005021215183660388,240.0,240.0
N24001843,2024-12,0.0006298447260633111,240.0,240.0
N24001843,2025-01,0.00019185285341027924,240.0,240.0
N24001843,2025-03,0.001057488494552672,240.0,240.0
N24001843,2025-04,0.0011378423077985644,240.0,240.0
N24001843,2025-05,0.0010333694517612457,240.0,240.0
N24001844,2024-07,0.0005181776049091313,240.0,240.0
N24001844,2024-09,0.0028867125511169434,239.76971310285165,240.0
N24001844,2024-10,0.0005557330441661179,240.0,240.0
N24001844,2024-11,0.00030760373920202255,240.0,240.0
N24001844,2024-12,0.0006726204301230609,240.0,240.0
N24001844,2025-01,0.0002731074464548122,240.0,240.0
N24001844,2025-03,0.0008514223154634237,240.0,240.0
N24001844,2025-04,0.0008061385597102344,240.0,240.0
N24001844,2025-05,0.000814990431535989,240.0,240.0
N24001845,2024-07,0.0004824775448258878,240.0,240.0
N24001845,2024-09,0.0017597139813005924,240.0,240.0
N24001845,2024-10,0.0006119110039435327,240.0,240.0
N24001845,2024-11,0.000524644332472235,240.0,240.0
N24001845,2024-12,0.0005723084323108196,240.0,240.0
N24001845,2025-01,0.00025982656546086336,240.0,240.0
N24001845,2025-03,0.0007539938669651747,240.0,240.0
N24001845,2025-04,0.0007937370683066547,240.0,240.0
N24001845,2025-05,0.0010108891874551773,240.0,240.0
N24001846,2024-07,0.00042229526276282847,240.0,240.0
N24001846,2024-09,0.0021602981723845005,240.0,240.0
N24001846,2024-10,0.000769417267292738,240.0,240.0
N24001846,2024-11,0.000653967959806323,240.0,240.0
N24001846,2024-12,0.0012691927840933204,240.0,240.0
N24001846,2025-01,0.0004585206891846161,240.0,240.0
N24001846,2025-03,0.0013960127253085375,240.0,240.0
N24001846,2025-04,0.0012824274599552155,240.0,240.0
N24001846,2025-05,0.0009248137357644737,240.0,240.0
N24001847,2024-07,0.0006718903786713248,240.0,240.0
N24001847,2024-09,0.0009248212445527315,240.0,240.0
N24001847,2024-10,0.0004712732043117285,240.0,240.0
N24001847,2024-11,0.0003683198883663863,240.0,240.0
N24001847,2024-12,0.00046810245839878917,240.0,240.0
N24001847,2025-01,0.00018148995531097611,240.0,240.0
N24001847,2025-03,0.0013684656005352736,240.0,240.0
N24001847,2025-04,0.0015631223795935512,240.0,240.0
N24001847,2025-05,0.0014185510808601975,240.0,240.0
N24001848,2024-07,0.0003901232182259573,240.0,240.0
N24001848,2024-09,0.002480342285707593,240.0,240.0
N24001848,2024-10,0.0009387271711602807,240.0,240.0
N24001848,2024-11,0.0005362651427276433,240.0,240.0
N24001848,2024-12,0.0006850201752968132,240.0,240.0
N24001848,2025-01,0.00023464399814554504,240.0,240.0
N24001848,2025-03,0.0008738075266592205,240.0,240.0
N24001848,2025-04,0.0007308184285648167,240.0,240.0
N24001848,2025-05,0.0006606775568798184,240.0,240.0
N24001849,2024-07,0.0005260442283723243,240.0,240.0
N24001849,2024-09,0.0008816783665679395,240.0,240.0
N24001849,2024-10,0.00033157531288452446,240.0,240.0
N24001849,2024-11,0.00037569511914625764,240.0,240.0
N24001849,2024-12,0.0003851539804600179,240.0,240.0
N24001849,2025-01,0.00020096203142594415,240.0,240.0
N24001849,2025-03,0.0010484348749741912,240.0,240.0
N24001849,2025-04,0.0009313240880146623,240.0,240.0
N24001849,2025-05,0.0018463527085259557,240.0,240.0
N24001850,2024-07,0.0005041189731036511,240.0,240.0
N24001850,2024-09,0.0005676366854459047,240.0,240.0
N24001850,2024-10,0.00041501023224554956,240.0,240.0
N24001850,2024-11,0.0004359859449323267,240.0,240.0
N24001850,2024-12,0.00039091307553462684,240.0,240.0
N24001850,2025-01,0.00029059746263204733,240.0,240.0
N24001850,2025-03,0.0008269223617389798,240.0,240.0
N24001850,2025-04,0.0006137602031230927,240.0,240.0
N24001850,2025-05,0.0008441419340670109,240.0,240.0
N24001851,2024-07,0.00026888400550917346,240.0,240.0
N24001851,2024-09,0.0018639384070411325,240.0,240.0
N24001851,2024-10,0.0011851906310766935,240.0,240.0
N24001851,2024-11,0.0006473199464380741,240.0,240.0
N24001851,2024-12,0.000817525724414736,240.0,240.0
N24001851,2025-01,0.0007000715080616171,240.0,240.0
N24001851,2025-03,0.003000999800860882,230.62533762814155,240.0
N24001851,2025-04,0.002999174175783992,230.76593257949227,240.0
N24001851,2025-05,0.0043632108718156815,158.51489308240824,240.0
N24001852,2024-07,0.0005925973843311505,240.0,240.0
N24001852,2024-09,0.0027757184579968452,240.0,240.0
N24001852,2024-10,0.001016507507301867,240.0,240.0
N24001852,2024-11,0.0008973269141279161,240.0,240.0
N24001852,2024-12,0.0021092118695378304,240.0,240.0
N24001852,2025-01,0.000789703216343085,240.0,240.0
N24001852,2025-03,0.003323711920529604,208.19934072697646,240.0
N24001852,2025-04,0.004415832459926605,156.62180281816964,240.0
N24001852,2025-05,0.00504147307947278,137.1421519883325,240.0
N24001853,2024-07,0.0011654083295690176,240.0,240.0
N24001853,2024-09,0.0046067265793681145,150.11730568698755,240.0
N24001853,2024-10,0.0010362087050452828,240.0,240.0
N24001853,2024-11,0.0015969474334269762,240.0,240.0
N24001853,2024-12,0.0008470546454191208,240.0,240.0
N24001853,2025-01,0.0006274989182578627,240.0,240.0
N24001853,2025-03,0.0018894387176260352,240.0,240.0
N24001853,2025-04,0.0018703315872699022,240.0,240.0
N24001853,2025-05,0.002826297888532281,240.0,240.0
N24001854,2024-07,0.000366334848787786,240.0,240.0
N24001854,2024-09,0.0008309206459671259,240.0,240.0
N24001854,2024-10,0.00038167813909240067,240.0,240.0
N24001854,2024-11,0.00047351320972666144,240.0,240.0
N24001854,2024-12,0.0005168311181478202,240.0,240.0
N24001854,2025-01,0.00020399648733482323,240.0,240.0
N24001854,2025-03,0.0006583055364899337,240.0,240.0
N24001854,2025-04,0.0014178447891026735,240.0,240.0
N24001854,2025-05,0.0013289041817188263,240.0,240.0
N24001855,2024-07,0.0005092578791345836,240.0,240.0
N24001855,2024-09,0.0010631517507135868,240.0,240.0
N24001855,2024-10,0.0008357804617844522,240.0,240.0
N24001855,2024-11,0.0008943177526816726,240.0,240.0
N24001855,2024-12,0.0009146280935965478,240.0,240.0
N24001855,2025-01,0.0005002033565439934,240.0,240.0
N24001855,2025-03,0.00276248250156641,240.0,240.0
N24001855,2025-04,0.0034232065081596375,202.13799778122728,240.0
N24001855,2025-05,0.0033342596143484116,207.53961929781744,240.0
N24001856,2024-07,0.00022583810561016548,240.0,240.0
N24001856,2024-09,0.00045904811122454703,240.0,240.0
N24001856,2024-10,0.0003448324860073626,240.0,240.0
N24001856,2024-11,0.00016033761494327337,240.0,240.0
N24001856,2024-12,0.0003372470091562718,240.0,240.0
N24001856,2025-01,8.362270847006581e-05,240.0,240.0
N24001856,2025-03,0.0004368989903014153,240.0,240.0
N24001856,2025-04,0.00035350685357116163,240.0,240.0
N24001856,2025-05,0.0005023376434110105,240.0,240.0
N24001857,2024-07,0.0011064489400738342,240.0,240.0
N24001857,2024-09,0.0041460152715444565,166.83712936238274,240.0
N24001857,2024-10,0.002157908631488681,240.0,240.0
N24001857,2024-11,0.001281612552702427,240.0,240.0
N24001857,2024-12,0.0015821567503735423,240.0,240.0
N24001857,2025-01,0.00036266054790223823,240.0,240.0
N24001857,2025-03,0.022026238963007927,31.12129730037745,72.26141455108862
N24001857,2025-04,0.01935197040438652,35.47021003787283,82.35927721849266
N24001857,2025-05,0.01978534832596779,34.6856295830715,80.53753781778994
N24001858,2024-07,0.00041385523223747,240.0,240.0
N24001858,2024-09,0.000676478841342032,240.0,240.0
N24001858,2024-10,0.0002743010991252959,240.0,240.0
N24001858,2024-11,0.0006083849002607167,240.0,240.0
N24001858,2024-12,0.0006352057680487633,240.0,240.0
N24001858,2025-01,0.0002112105981370016,240.0,240.0
N24001858,2025-03,0.0007765933405607939,240.0,240.0
N24001858,2025-04,0.0006693431059829891,240.0,240.0
N24001858,2025-05,0.0009285038686357439,240.0,240.0
N24001859,2024-07,0.0009680239817648761,240.0,240.0
N24001859,2024-09,0.008776905946433544,78.6268955902126,182.5659978846899
N24001859,2024-10,0.0037355783861130476,185.20605075871842,240.0
N24001859,2024-11,0.0030569881200790405,226.39511224812935,240.0
N24001859,2024-12,0.0050069596618413925,138.0898780005388,240.0
N24001859,2025-01,0.001049340499447604,240.0,240.0
N24001859,2025-03,0.001715726568363607,240.0,240.0
N24001859,2025-04,0.0019054091535508633,240.0,240.0
N24001859,2025-05,0.00214598816819489,240.0,240.0
N24001860,2024-07,0.0010083526157963485,240.0,240.0
N24001860,2024-09,0.002254991792142391,240.0,240.0
N24001860,2024-10,0.0015860844869166613,240.0,240.0
N24001860,2024-11,0.0014652879908680916,240.0,240.0
N24001860,2024-12,0.0017605626489967108,240.0,240.0
N24001860,2025-01,0.0008776317286145474,240.0,240.0
N24001860,2025-03,0.0018396902596578002,240.0,240.0
N24001860,2025-04,0.0017992467619478703,240.0,240.0
N24001860,2025-05,0.0040307124145329,171.6196122685189,240.0
N24001861,2024-07,0.0005239949995223814,240.0,240.0
N24001861,2024-09,0.0017811472062021494,240.0,240.0
N24001861,2024-10,0.0011186187621206045,240.0,240.0
N24001861,2024-11,0.0007003772770985961,240.0,240.0
N24001861,2024-12,0.0007381235482171178,240.0,240.0
N24001861,2025-01,0.00036146732449160446,240.0,240.0
N24001861,2025-03,0.0006779571995139122,240.0,240.0
N24001861,2025-04,0.0007298148120753467,240.0,240.0
N24001861,2025-05,0.0010883559007197618,240.0,240.0
N24001862,2024-07,0.000886475219142091,240.0,240.0
N24001862,2024-09,0.0023993533104658127,240.0,240.0
N24001862,2024-10,0.002371017588302493,240.0,240.0
N24001862,2024-11,0.0022759961429983377,240.0,240.0
N24001862,2024-12,0.0018652804428711534,240.0,240.0
N24001862,2025-01,0.0009056241297138445,240.0,240.0
N24001862,2025-03,0.0022143458481878042,240.0,240.0
N24001862,2025-04,0.002244348404929042,240.0,240.0
N24001862,2025-05,0.0017107788007706404,240.0,240.0
N24001863,2024-07,0.00040126010208219043,240.0,240.0
N24001863,2024-09,0.0059637282975018024,115.88023713234959,240.0
N24001863,2024-10,0.0025998756755143404,240.0,240.0
N24001863,2024-11,0.002964502666145563,233.46892608561996,240.0
N24001863,2024-12,0.0025959527119994164,240.0,240.0
N24001863,2025-01,0.0013960391015140905,240.0,240.0
N24001863,2025-03,0.00180678756441921,240.0,240.0
N24001863,2025-04,0.002430976601317525,240.0,240.0
N24001863,2025-05,0.0020193089731037617,240.0,240.0
N24001864,2024-07,0.0008197625591161994,240.0,240.0
N24001864,2024-09,0.0029385918751358986,235.53057794437277,240.0
N24001864,2024-10,0.001561471144668758,240.0,240.0
N24001864,2024-11,0.0009940980235114694,240.0,240.0
N24001864,2024-12,0.001253956463187933,240.0,240.0
N24001864,2025-01,0.0005383886104777247,240.0,240.0
N24001864,2025-03,0.0020700660534203053,240.0,240.0
N24001864,2025-04,0.002644800581037998,240.0,240.0
N24001864,2025-05,0.002692090580239892,240.0,240.0
N24001865,2024-07,0.0009021610196543461,240.0,240.0
N24001865,2024-09,0.0022402689792215824,240.0,240.0
N24001865,2024-10,0.0014227721840143204,240.0,240.0
N24001865,2024-11,0.0013977841008454561,240.0,240.0
N24001865,2024-12,0.0012719605583697557,240.0,240.0
N24001865,2025-01,0.0005741728168059401,240.0,240.0
N24001865,2025-03,0.0015974614070728421,240.0,240.0
N24001865,2025-04,0.0013139441143721342,240.0,240.0
N24001865,2025-05,0.0015249853022396564,240.0,240.0
N24001866,2024-07,0.0014954076142232875,240.0,240.0
N24001866,2024-09,0.007030242122709751,98.24808410735986,228.12498675773543
N24001866,2024-10,0.003305361606180668,209.35712331899086,240.0
N24001866,2024-11,0.0025817991700023413,240.0,240.0
N24001866,2024-12,0.004539255052804947,152.3538099760818,240.0
N24001866,2025-01,0.0023306676083881817,240.0,240.0
N24001866,2025-03,0.006009093020111322,115.00279547428865,240.0
N24001866,2025-04,0.0074283163994550705,92.9644734999457,215.85682284593557
N24001866,2025-05,0.01341093797236681,51.33785914648649,119.20281748359713
N24001867,2024-07,0.0014914400756047552,240.0,240.0
N24001867,2024-09,0.002213158877566457,240.0,240.0
N24001867,2024-10,0.0015728867147117853,240.0,240.0
N24001867,2024-11,0.00197270093485713,240.0,240.0
N24001867,2024-12,0.002171948552131653,240.0,240.0
N24001867,2025-01,0.0013689441610559294,240.0,240.0
N24001867,2025-03,0.006534226704388857,105.73249859417973,240.0
N24001867,2025-04,0.009882182814180851,69.79395352046765,162.05654153243657
N24001867,2025-05,0.010068956762552261,68.49286142473476,159.03549924131846
N24001868,2024-07,0.0006974696119278478,240.0,240.0
N24001868,2024-09,0.0026565808802843094,240.0,240.0
N24001868,2024-10,0.00081888388376683,240.0,240.0
N24001868,2024-11,0.0009130377438850701,240.0,240.0
N24001868,2024-12,0.0018264211248606443,240.0,240.0
N24001868,2025-01,0.0006082782228701289,240.0,240.0
N24001868,2025-03,0.001526481006294489,240.0,240.0
N24001868,2025-04,0.0019786457996815443,240.0,240.0
N24001868,2025-05,0.002237820066511631,240.0,240.0
N24001869,2024-07,0.0004980736393604968,240.0,240.0
N24001869,2024-09,0.005072723142802715,136.29516121297365,240.0
N24001869,2024-10,0.0007426125812344253,240.0,240.0
N24001869,2024-11,0.0005020195967517793,240.0,240.0
N24001869,2024-12,0.0012760437093675137,240.0,240.0
N24001869,2025-01,0.0008161249810191284,240.0,240.0
N24001869,2025-03,0.008153417147696018,84.66604287914319,196.58846364402066
N24001869,2025-04,0.05435263365507126,12.402978523138973,28.798824293160948
N24001870,2024-07,0.00034773152851130806,240.0,240.0
N24001870,2024-09,0.0011008228175342083,240.0,240.0
N24001870,2024-10,0.00032440401264466345,240.0,240.0
N24001870,2024-11,0.000834354548715055,240.0,240.0
N24001870,2024-12,0.00043056465801782906,240.0,240.0
N24001870,2025-01,0.0002098667805340293,240.0,240.0
N24001870,2025-03,0.0006135388393886387,240.0,240.0
N24001870,2025-04,0.0010346954222768545,240.0,240.0
N24001870,2025-05,0.000981347169727087,240.0,240.0
N24001875,2024-07,0.0002585456649291107,240.0,240.0
N24001875,2024-09,0.0004945876426063478,240.0,240.0
N24001875,2024-10,0.0004656902456190437,240.0,240.0
N24001875,2024-11,0.00041060635703615844,240.0,240.0
N24001875,2024-12,0.00021657005709130317,240.0,240.0
N24001875,2025-01,0.0002403362984664259,240.0,240.0
N24001875,2025-03,0.0017414329340681434,240.0,240.0
N24001875,2025-04,0.0012715638149529696,240.0,240.0
N24001875,2025-05,0.0016485763480886817,240.0,240.0
N24001876,2024-07,0.0003521950279232744,240.0,240.0
N24001876,2024-09,0.001123090973123908,240.0,240.0
N24001876,2024-10,0.0006055191624909639,240.0,240.0
N24001876,2024-11,0.0011276561999693513,240.0,240.0
N24001876,2024-12,0.0005211641546338797,240.0,240.0
N24001876,2025-01,0.0003900289723636208,240.0,240.0
N24001876,2025-03,0.0006236375775188208,240.0,240.0
N24001876,2025-04,0.0006817250978201628,240.0,240.0
N24001876,2025-05,0.0006608082330785692,240.0,240.0
N24001877,2024-07,0.001086285819056343,240.0,240.0
N24001877,2024-09,0.0015350262401625514,240.0,240.0
N24001877,2024-10,0.0009537152363918722,240.0,240.0
N24001877,2024-11,0.0009789103642106056,240.0,240.0
N24001877,2024-12,0.0010959170758724213,240.0,240.0
N24001877,2025-01,0.00048624683227505017,240.0,240.0
N24001877,2025-03,0.0016629311721771955,240.0,240.0
N24001877,2025-04,0.001861555501818657,240.0,240.0
N24001877,2025-05,0.0014996984973549843,240.0,240.0
N24001878,2024-07,0.00047375019747264435,240.0,240.0
N24001878,2024-09,0.0012902556918561459,240.0,240.0
N24001878,2024-10,0.0005604935577139258,240.0,240.0
N24001878,2024-11,0.0006470275111496449,240.0,240.0
N24001878,2024-12,0.0007931027212180197,240.0,240.0
N24001878,2025-01,0.00021655747511917234,240.0,240.0
N24001878,2025-03,0.0008065887959674001,240.0,240.0
N24001878,2025-04,0.0010218356037512422,240.0,240.0
N24001878,2025-05,0.000852377328556031,240.0,240.0
N24001879,2024-07,0.0003841280111830381,240.0,240.0
N24001879,2024-09,0.0016030013794079423,240.0,240.0
N24001879,2024-10,0.0006796242669224739,240.0,240.0
N24001879,2024-11,0.00048404786502942443,240.0,240.0
N24001879,2024-12,0.0005901642725802958,240.0,240.0
N24001879,2025-01,0.0003172959437596212,240.0,240.0
N24001879,2025-03,0.0013249347684904933,240.0,240.0
N24001879,2025-04,0.001445745350793004,240.0,240.0
N24001879,2025-05,0.0022880122996866703,240.0,240.0
N24001880,2024-07,0.0003122291473730554,240.0,240.0
N24001880,2024-09,0.0012203982332721353,240.0,240.0
N24001880,2024-10,0.0004674289666581899,240.0,240.0
N24001880,2024-11,0.000492459221277386,240.0,240.0
N24001880,2024-12,0.0005120374844409525,240.0,240.0
N24001880,2025-01,0.0002335906585392289,240.0,240.0
N24001880,2025-03,0.001213873503729701,240.0,240.0
N24001880,2025-04,0.003162116976454854,218.85676621092716,240.0
N24001880,2025-05,0.007589744403958321,90.97980100546037,211.24855602183993
N24001881,2024-07,0.0006047795666429545,240.0,240.0
N24001881,2024-09,0.003232615301385522,214.07627334762537,240.0
N24001882,2024-07,0.000275113337520283,240.0,240.0
N24001882,2024-09,0.0034311446361243725,201.6695384885187,240.0
N24001882,2024-10,0.0011678276350721717,240.0,240.0
N24001882,2024-11,0.0010264472803100944,240.0,240.0
N24001882,2024-12,0.0010608976008370519,240.0,240.0
N24001882,2025-01,0.0005397915311220469,240.0,240.0
N24001882,2025-03,0.0017984563019126654,240.0,240.0
N24001882,2025-04,0.002212603110820055,240.0,240.0
N24001882,2025-05,0.0032352895941585302,213.89903095407973,240.0
N24001883,2024-07,0.0012986274873941772,240.0,240.0
N24001883,2024-09,0.012639567255973816,54.49216255553847,126.5268831888739
N24001883,2024-10,0.0028820810839533806,240.0,240.0
N24001883,2024-11,0.004551704041659832,151.93617035907894,240.0
N24001883,2024-12,0.005272886250168085,131.10810558211654,240.0
N24001883,2025-01,0.003130225864941938,221.0900394869756,240.0
N24001883,2025-03,0.01243402250111103,55.39871673767505,128.63183681391448
N24001883,2025-04,0.015457026660442352,44.49602696490529,103.31657512067923
N24001883,2025-05,0.01936955749988556,35.437687193152136,82.28376151161001
N24001884,2024-07,0.0004011275973896389,240.0,240.0
N24001884,2024-09,0.0028519686311483383,240.0,240.0
N24001884,2024-10,0.0009386645979247987,240.0,240.0
N24001884,2024-11,0.0011481756810098886,240.0,240.0
N24001884,2024-12,0.001243768958374858,240.0,240.0
N24001884,2025-01,0.0006072262949947671,240.0,240.0
N24001884,2025-03,0.0027815941721200943,240.0,240.0
N24001884,2025-04,0.0031682176049798727,218.43467387058405,240.0
N24001884,2025-05,0.003799996804445982,182.06051266691802,240.0
N24001885,2024-07,0.0008707047824154657,240.0,240.0
N24001885,2024-09,0.00506883068010211,136.40009175387058,240.0
N24001885,2024-10,0.0014069436583667994,240.0,240.0
N24001885,2024-11,0.0013889909023419023,240.0,240.0
N24001885,2024-12,0.0016042556380853057,240.0,240.0
N24001885,2025-01,0.0006207969543226,240.0,240.0
N24001885,2025-03,0.0018965292256325483,240.0,240.0
N24001885,2025-04,0.003451897529885173,200.45501020430933,240.0
N24001885,2025-05,0.005124981049448252,134.90186007630814,240.0
N24001886,2024-07,0.0019165370503492207,240.0,240.0
N24001886,2024-09,0.007700910791754723,89.66144760542139,208.18743422329914
N24001886,2024-10,0.0018772493349388242,240.0,240.0
N24001886,2024-11,0.0023002459201961756,240.0,240.0
N24001886,2024-12,0.003267429070547223,211.7916390256099,240.0
N24001886,2025-01,0.002485655525712005,240.0,240.0
N24001886,2025-03,0.014022785238921642,49.082675315193846,113.96644278658302
N24001886,2025-04,0.017631400376558304,38.96562222675084,90.47537298306023
N24001886,2025-05,0.06228482723236084,10.778380301097965,25.026624038499868
N24001887,2024-07,0.0014409156718984129,240.0,240.0
N24001887,2024-09,0.011729390360414982,58.747647460862275,136.40781314791434
N24001887,2024-10,0.006448087282478809,107.14960950870939,240.0
N24001887,2024-11,0.008089902810752392,85.33348970157103,198.13822717285916
N24001887,2024-12,0.005315184593200684,130.06198178569227,240.0
N24001887,2025-01,0.0033030419684504375,209.50439286621727,240.0
N24001887,2025-03,0.009205424226820469,74.95058230984831,174.02986279340453
N24001887,2025-04,0.012776979245245457,53.90237498846959,125.1574388668814
N24001887,2025-05,0.017976121976971626,38.21170646556096,88.72483479597507
N24001888,2024-07,0.002993287275732781,231.22046237945762,240.0
N24001888,2024-09,0.020330296829342842,33.746537108781624,78.357032618039
N24001888,2024-10,0.008444501087069511,81.73560473193395,189.78419697968587
N24001888,2024-11,0.017712481319904327,38.785656606932925,90.0575057542912
N24001888,2024-12,0.017022546380758286,40.371793887765854,93.74040246900542
N24001888,2025-01,0.009791415924726321,70.44417014220842,163.5662977742192
N24001888,2025-03,0.05509556829929352,12.230968628148723,28.399429685384458
N24001888,2025-04,0.10706920921802521,6.120710116508559,14.211848780182525
N24001888,2025-05,0.11469002068042755,5.6900489969415,13.211884627284125
N24001889,2024-07,0.0022227379447640194,240.0,240.0
N24001889,2024-09,0.01757676899433136,39.087817164265275,90.75910084152801
N24001889,2024-10,0.006147238425910473,112.41056108526708,240.0
N24001889,2024-11,0.007260752841830254,95.11792429466685,220.85698074715614
N24001889,2024-12,0.008444744162261486,81.73324203396261,189.77871096488647
N24001889,2025-01,0.03886727633648179,17.484832356942498,40.59852348398041
N24001889,2025-03,0.1609470099210739,3.9499748564923913,9.17155759338836
N24001889,2025-04,0.18343883752822876,3.4203569789820674,7.941822964042525
N24001889,2025-05,0.22371119260787964,2.737216726347093,6.355620418700927
N24001890,2024-07,0.000714947221627682,240.0,240.0
N24001890,2024-09,0.005707330070436001,121.10168419243321,240.0
N24001890,2024-10,0.002214085776358843,240.0,240.0
N24001890,2024-11,0.0023383996449410915,240.0,240.0
N24001890,2024-12,0.002714041853323579,240.0,240.0
N24001890,2025-01,0.001141065286497711,240.0,240.0
N24001890,2025-03,0.005763800349086523,119.91180006701258,240.0
N24001890,2025-04,0.010646712966263294,64.7571443523264,150.36143281634318
N24001890,2025-05,0.01608617976307869,42.74209770693165,99.24407750014531
N24001891,2024-07,0.0037598663724256465,184.0074150362535,240.0
N24001891,2024-09,0.01937207020819187,35.4330454014211,82.2729836049791
N24001891,2024-10,0.005857308395206928,117.9919440794459,240.0
N24001891,2024-11,0.006352683529257774,108.76398399462443,240.0
N24001891,2024-12,0.006783889140933752,101.82852078676052,236.43850327560102
N24001891,2025-01,0.003719049401506358,186.03072482936403,240.0
N24001891,2025-03,0.01667603850364685,41.21791319828757,95.70503066773252
N24001891,2025-04,0.020627504214644432,33.25527852945685,77.21636552085036
N24001891,2025-05,0.0846366435289383,7.838000733761214,18.199274111467922
N24001892,2024-07,0.000397695408792198,240.0,240.0
N24001892,2024-09,0.0014391196891665459,240.0,240.0
N24001892,2024-10,0.0008000405505299568,240.0,240.0
N24001892,2024-11,0.0010629136813804507,240.0,240.0
N24001892,2024-12,0.0014965984737500548,240.0,240.0
N24001892,2025-01,0.0006050778285016101,240.0,240.0
N24001892,2025-03,0.002027401700615883,240.0,240.0
N24001892,2025-04,0.0028557642363011837,240.0,240.0
N24001892,2025-05,0.01273638941347599,54.07526669436654,125.55888097617652
N24001893,2024-07,0.0014234720467172224,240.0,240.0
N24001893,2024-09,0.01203190814703703,57.261808998575276,132.95780307786592
N24001894,2024-07,0.008331772627843126,82.84618561736461,192.3628859392122
N24001894,2024-09,0.0758449137210846,8.78787763932024,20.404819985170093
N24001894,2024-10,0.03426416963338852,19.880917269710423,46.16206036067199
N24001894,2024-11,0.043364740908145905,15.634984748053295,36.303310349640356
N24001894,2024-12,0.04735221341252327,14.288740212282706,33.17742733944603
N24001894,2025-01,0.0209696404661045,32.706997939508994,75.943297415169
N24001894,2025-03,0.13027049601078033,4.966197104260118,11.531152581129831
N24001894,2025-04,0.22158361971378326,2.7671241523505716,6.42506331138417
N24001894,2025-05,0.26050347089767456,2.2968192415111273,5.333049125742568
N24001895,2024-07,0.028406398120101373,24.052855501018346,55.84900095008054
N24001895,2024-09,0.12986332178115845,4.982907076166773,11.569951934364674
N24001895,2024-10,0.03291650861501694,20.70923009229866,48.085343174795064
N24001895,2024-11,0.04701456427574158,14.393888679738776,33.42157452016662
N24001895,2024-12,0.04707331955432892,14.3754831152268,33.37883812282401
N24001895,2025-01,0.02273536174426627,30.13972290501853,69.98226938528268
N24001895,2025-03,0.14136816561222076,4.547760835650811,10.559573653126046
N24001895,2025-04,0.19434642791748047,3.2075083811258502,7.447603824722793
N24001895,2025-05,0.2197357416152954,2.7935670263964703,6.48646176354091
N24001896,2024-07,0.0012601960697641301,240.0,240.0
N24001896,2024-09,0.009440476074814796,73.07578378858523,169.6767154346305
N24001896,2024-10,0.002685482380911708,240.0,240.0
N24001896,2024-11,0.003240284975618124,213.56873889587035,240.0
N24001896,2024-12,0.0036322297528386116,190.4856325960516,240.0
N24001896,2025-01,0.0019265549794219572,240.0,240.0
N24001896,2025-03,0.007902179844677448,87.36891415214541,202.8643363896685
N24001896,2025-04,0.017377780750393867,39.53939308141363,91.8076276505293
N24001896,2025-05,0.024539073929190636,27.898663640918976,64.77869091766232
N24001897,2024-07,0.0009527282094742295,240.0,240.0
N24001897,2024-09,0.0024944357573986053,240.0,240.0
N24001897,2024-10,0.0008970845956355333,240.0,240.0
N24001897,2024-11,0.0011144913733005524,240.0,240.0
N24001897,2024-12,0.0010778079740703106,240.0,240.0
N24001897,2025-01,0.0005693184910368077,240.0,240.0
N24001897,2025-03,0.0015482575399801135,240.0,240.0
N24001897,2025-04,0.0018085110932588577,240.0,240.0
N24001897,2025-05,0.005506951827555895,125.52077475348649,240.0
N24001898,2024-07,0.0011525739157731696,240.0,240.0
N24001898,2024-09,0.007211143150925636,95.77468645150667,222.38193525078134
N24001898,2024-10,0.00533363176509738,129.6109419433976,240.0
N24001898,2024-11,0.004779457114636898,144.67949135732243,240.0
N24001898,2024-12,0.004970320500433445,139.11037892980508,240.0
N24001898,2025-01,0.002034265733428353,240.0,240.0
N24001898,2025-03,0.010232102125883102,67.39523482974172,156.4868892127086
N24001898,2025-04,0.01402794849127531,49.064481340440565,113.92419768544569
N24001898,2025-05,0.011461971327662468,60.12640512480029,139.60918930385327
N24001899,2024-07,0.001171824257963472,240.0,240.0
N24001899,2024-09,0.0005069859325885773,240.0,240.0
N24001899,2024-10,0.00043669453589245677,240.0,240.0
N24001899,2024-11,0.0006472961395047605,240.0,240.0
N24001899,2024-12,0.0006800761912018061,240.0,240.0
N24001899,2025-01,0.00030229435444018016,240.0,240.0
N24001899,2025-03,0.0012455667601898313,240.0,240.0
N24001899,2025-04,0.005105257499963045,135.42437845549276,240.0
N24001899,2025-05,0.006058788392692804,114.05667154656594,240.0
N24001900,2024-07,0.00046424869573424843,240.0,240.0
N24001900,2024-09,0.0008646518690511584,240.0,240.0
N24001900,2024-10,0.00030918820993974805,240.0,240.0
N24001900,2024-11,0.00023610497009940445,240.0,240.0
N24001900,2024-12,0.0003687193093355745,240.0,240.0
N24001900,2025-01,0.00025074999412433296,240.0,240.0
N24001900,2025-03,0.0007735379040241241,240.0,240.0
N24001900,2025-04,0.004050648771226406,170.7732321579051,240.0
N24001900,2025-05,0.005443990230560303,126.97648075523226,240.0
N24001901,2024-07,0.001383619767277633,240.0,240.0
N24001901,2024-09,0.0014743508072569966,240.0,240.0
N24001901,2024-10,0.0010570870945230126,240.0,240.0
N24001901,2024-11,0.0006945725181140006,240.0,240.0
N24001901,2024-12,0.0007841162150725722,240.0,240.0
N24001901,2025-01,0.0003664085084656987,240.0,240.0
N24001901,2025-03,0.0014047881122678518,240.0,240.0
N24001901,2025-04,0.004458540119230747,155.1182223350645,240.0
N24001901,2025-05,0.005298679228872061,130.4682058246756,240.0
N24001902,2024-07,0.0014981193770612355,240.0,240.0
N24001902,2024-09,0.005867284722626209,117.7907282461244,240.0
N24001902,2024-10,0.0015851083444431424,240.0,240.0
N24001902,2024-11,0.001726802671328187,240.0,240.0
N24001902,2024-12,0.001965609844774008,240.0,240.0
N24001902,2025-01,0.0012604425988752554,240.0,240.0
N24001902,2025-03,0.010937616229057312,63.02557421654924,146.34085146981423
N24001902,2025-04,0.013728567399084568,50.142031547135524,116.42619178402241
N24001902,2025-05,0.02312159165740013,29.630425759353436,68.79971803411695
N24001903,2024-07,0.0006001789135017255,240.0,240.0
N24001903,2024-09,0.002274454804137349,240.0,240.0
N24001903,2024-10,0.000792508537415415,240.0,240.0
N24001903,2024-11,0.0008974077645689249,240.0,240.0
N24001903,2024-12,0.0009723572293296456,240.0,240.0
N24001903,2025-01,0.0004692257655618537,240.0,240.0
N24001903,2025-03,0.0023334957659244537,240.0,240.0
N24001903,2025-04,0.003109473967924714,222.56785770791998,240.0
N24001903,2025-05,0.003141184104606509,220.31754116316037,240.0
N24001904,2024-07,0.0014428888463450251,240.0,240.0
N24001904,2024-09,0.005534143652766943,124.90232670358954,240.0
N24001904,2024-10,0.0014643052127212286,240.0,240.0
N24001904,2024-11,0.0023383975494652987,240.0,240.0
N24001904,2024-12,0.004012411460280418,172.4039669788184,240.0
N24001904,2025-01,0.002253935836228127,240.0,240.0
N24001904,2025-03,0.006512588355690241,106.08495328889813,240.0
N24001904,2025-04,0.009152689948678017,75.38442170488676,175.03720667341324
N24001904,2025-05,0.010156058706343174,67.90246003899303,157.66462967650435
N24001905,2024-07,0.01835829958384505,37.4089673922692,86.86093238883507
N24001905,2024-09,0.08839316666126251,7.4897190925633925,17.39058918383722
N24001905,2024-10,0.05816386267542839,11.567110191675471,26.85799813070922
N24001905,2024-11,0.06139431521296501,10.939854181818808,25.401554778736084
N24001905,2024-12,0.07076772302389145,9.443866946035733,21.927979986378485
N24001905,2025-01,0.04001727667350696,16.972265661745713,39.40838047389942
N24001905,2025-03,0.24063408374786377,2.518049066614684,5.8467288720775334
N24001905,2025-04,0.2502051293849945,2.4071320118405413,5.589187446395291
N24001905,2025-05,0.28146421909332275,2.097015949244799,4.8691202479783895
N24001906,2024-07,0.0015559075941430356,240.0,240.0
N24001906,2024-09,0.014857777394354343,46.30470643024194,107.51619878589027
N24001906,2024-10,0.003018133109435439,229.3141565589713,240.0
N24001906,2024-11,0.0032588914036750793,212.3474012134846,240.0
N24001906,2024-12,0.0032461981754750013,213.17907500361036,240.0
N24001906,2025-01,0.001811979400748065,240.0,240.0
N24001906,2025-03,0.007215346675366163,95.71868753615159,222.25190979593518
N24001906,2025-04,0.009918360970914364,69.53810513197975,161.46247997117484
N24001906,2025-05,0.013330728746950626,51.64884690620706,119.9249087000584
N24001907,2024-07,0.0014132434914598813,240.0,240.0
N24001907,2024-09,0.006861398927867413,100.67429097376657,233.7584646448538
N24001907,2024-10,0.0028230571188032627,240.0,240.0
N24001907,2024-11,0.004207057412713766,164.41137669474432,240.0
N24001907,2024-12,0.004686560016125441,147.55421216981418,240.0
N24001907,2025-01,0.002618772531280178,240.0,240.0
N24001907,2025-03,0.010852000676095486,63.525551159486255,147.5017619804156
N24001907,2025-04,0.0145441684871912,47.31066256404238,109.85195659518578
N24001907,2025-05,0.022265387699007988,30.783278315913428,71.47655877445632
N24001908,2024-07,0.0011042089616752904,240.0,240.0
N24001908,2024-09,0.006069056689739227,113.86311037382592,240.0
N24001908,2024-10,0.0019493808504194021,240.0,240.0
N24001908,2024-11,0.0022544455714523792,240.0,240.0
N24001908,2024-12,0.003232155926525593,214.10674855967378,240.0
N24001908,2025-01,0.001709050378873922,240.0,240.0
N24001908,2025-03,0.006378715392202139,108.31869522693863,240.0
N24001908,2025-04,0.00874135922640562,78.94804518874501,183.31168416018411
N24001908,2025-05,0.015635808929800987,43.98326892260774,102.12598781638913
N24001909,2024-07,0.0014136328689958733,240.0,240.0
N24001909,2024-09,0.00910219457000494,75.8045532310976,176.0127218676701
N24001909,2024-10,0.003403889946639538,203.28706939579186,240.0
N24001909,2024-11,0.010072916746139526,68.4657979949469,158.97265990335003
N24001909,2024-12,0.011622214689850807,59.292604577744285,137.6731643881115
N24001909,2025-01,0.007059658871110819,97.83724863207142,227.1710563252868
N24001909,2025-03,0.029665356501936913,23.017230560758684,53.444354305525586
N24001909,2025-04,0.034876883029937744,19.525490811532173,45.33678568176159
N24001909,2025-05,0.047640394419431686,14.200175466928574,32.97178636899172
N24001910,2024-07,0.0007657094027492262,240.0,240.0
N24001910,2024-09,0.0038781235925853252,178.3858194312145,240.0
N24001910,2024-10,0.0011672877008095384,240.0,240.0
N24001910,2024-11,0.001655152766034007,240.0,240.0
N24001910,2024-12,0.0029065138660371304,238.13386167741146,240.0
N24001910,2025-01,0.0014699656237801006,240.0,240.0
N24001910,2025-03,0.006409612484276295,107.7948782633795,240.0
N24001910,2025-04,0.007476129103451967,92.36770814094723,214.4711765928215
N24001910,2025-05,0.00841405987739563,82.0325732191159,190.47373645336984
N24001911,2024-07,0.02316694383553819,29.571736722484403,68.66344631054886
N24001911,2024-09,0.16585436463356018,3.82220909031683,8.874894671340515
N24001911,2024-10,0.028700629249215126,23.802684559886945,55.268122013343124
N24001911,2024-11,0.03820239380002022,17.79525370842313,41.319299541236184
N24001911,2024-12,0.044334810227155685,15.285185092097388,35.4911007008944
N24001911,2025-01,0.02487094033828019,27.52173335968703,63.90348590785607
N24001911,2025-03,0.1659330576658249,3.8202216576346104,8.870279995558972
N24001911,2025-04,0.2290085256099701,2.665151524792003,6.188290202546444
N24001911,2025-05,0.23867493867874146,2.5418417319157482,5.901973730092327
N24001912,2024-07,0.0004969092561174504,240.0,240.0
N24001912,2024-09,0.0017768752295523882,240.0,240.0
N24001912,2024-10,0.0013329769717529416,240.0,240.0
N24001912,2024-11,0.0010789843508973718,240.0,240.0
N24001912,2024-12,0.001181023777462542,240.0,240.0
N24001912,2025-01,0.00048227706824788275,240.0,240.0
N24001912,2025-03,0.0011786832474172115,240.0,240.0
N24001912,2025-04,0.001462529762648046,240.0,240.0
N24001912,2025-05,0.002114378847181797,240.0,240.0
N24001913,2024-07,0.0038289488138477656,180.68126610923866,240.0
N24001913,2024-09,0.0402914434671402,16.85438549475266,39.134671202328235
N24001913,2024-10,0.010911422781646252,63.1777054633113,146.6940892857813
N24001913,2024-11,0.011396334506571293,60.47470496594743,140.41791649045763
N24001914,2024-07,0.0005044832457258286,240.0,240.0
N24001914,2024-09,0.0029651678632944822,233.4164725183099,240.0
N24001914,2024-10,0.001680831192061305,240.0,240.0
N24001914,2024-11,0.002099287463352084,240.0,240.0
N24001914,2024-12,0.0019280104897916317,240.0,240.0
N24001914,2025-01,0.0012247146961150701,240.0,240.0
N24001914,2025-03,0.00415528891608119,166.4640129015414,240.0
N24001914,2025-04,0.0040555838495492935,170.56500271595183,240.0
N24001914,2025-05,0.005245530512183905,131.79365234200895,240.0
N24001915,2024-07,0.0008616498389083516,240.0,240.0
N24001915,2024-09,0.0034118935000151396,202.80938863297303,240.0
N24001915,2024-10,0.002402105601504445,240.0,240.0
N24001915,2024-11,0.002407384803518653,240.0,240.0
N24001915,2024-12,0.0011384940007701516,240.0,240.0
N24001915,2025-01,0.0005592593622117947,240.0,240.0
N24001915,2025-03,0.003019987605512142,229.17312764530013,240.0
N24001915,2025-04,0.0037268269807100296,185.64176994571582,240.0
N24001915,2025-05,0.004405794199556112,156.97944425419766,240.0
N24001916,2024-07,0.0008862156157066758,240.0,240.0
N24001916,2024-09,0.006966018117964268,99.1570963799416,230.2356478920404
N24001916,2024-10,0.002428181003779173,240.0,240.0
N24001916,2024-11,0.0015957761788740754,240.0,240.0
N24001916,2024-12,0.00079290138091892,240.0,240.0
N24001916,2025-01,0.0005576974768821685,240.0,240.0
N24001916,2025-03,0.0011850794544443488,240.0,240.0
N24001916,2025-04,0.0010192003101110458,240.0,240.0
N24001916,2025-05,0.001523414975963533,240.0,240.0
N24001917,2024-07,0.0008271300905509094,240.0,240.0
N24001917,2024-09,0.002988245105370879,231.6111941134387,240.0
N24001917,2024-10,0.0011821520747616887,240.0,240.0
N24001917,2024-11,0.0009764740243554115,240.0,240.0
N24001917,2024-12,0.0007085769902914762,240.0,240.0
N24001917,2025-01,0.00043361087246218677,240.0,240.0
N24001917,2025-03,0.0016138677019625902,240.0,240.0
N24001917,2025-04,0.0021444957237690687,240.0,240.0
N24001917,2025-05,0.002690329449251294,240.0,240.0
N24001918,2024-07,0.10387149302833198,6.32021514716882,14.67508511594395
N24001919,2024-07,0.001763734222112734,240.0,240.0
N24001919,2024-09,0.007369923871010542,93.70379160665259,217.57346632895724
N24001919,2024-10,0.004009287804365158,172.5385581396338,240.0
N24001919,2024-11,0.003637723159044981,190.19745202453637,240.0
N24001919,2024-12,0.0014953961363062263,240.0,240.0
N24001919,2025-01,0.0006207845483893193,240.0,240.0
N24001919,2025-03,0.0014034663327038288,240.0,240.0
N24001919,2025-04,0.0011465635616332293,240.0,240.0
N24001919,2025-05,0.0014990023337304592,240.0,240.0
N24001920,2024-07,0.0006539392267393973,240.0,240.0
N24001920,2024-09,0.005862778052687645,117.88153995501733,240.0
N24001920,2024-10,0.0010508672567084432,240.0,240.0
N24001920,2024-11,0.0009103271295316517,240.0,240.0
N24001920,2024-12,0.001633186242543161,240.0,240.0
N24001920,2025-01,0.0008316166746096254,240.0,240.0
N24001920,2025-03,0.003160785650834441,218.94909499939467,240.0
N24001920,2025-04,0.006915385369211435,99.88564365006457,231.92728226699236
N24001920,2025-05,0.006775533780455589,101.95452064900762,236.7310658957045
N24001921,2024-07,0.0006327665384107117,240.0,240.0
N24001921,2024-09,0.0005847819847986102,240.0,240.0
N24001921,2024-10,0.00046261592069640756,240.0,240.0
N24001921,2024-11,0.0004216892411932349,240.0,240.0
N24001921,2024-12,0.00044312741374596953,240.0,240.0
N24001921,2025-01,0.0002509764496307909,240.0,240.0
N24001921,2025-03,0.0006974615971557796,240.0,240.0
N24001921,2025-04,0.0008885191637091339,240.0,240.0
N24001921,2025-05,0.0018932652892544866,240.0,240.0
N24001922,2024-07,0.007269411431987116,95.00421560223626,220.59295733956867
N24001922,2024-09,0.0015736139612272382,240.0,240.0
N24001922,2024-10,0.0010750844376161695,240.0,240.0
N24001922,2024-11,0.0011442804243415594,240.0,240.0
N24001922,2024-12,0.0012363212881609797,240.0,240.0
N24001922,2025-01,0.004701932644199269,147.07065948851945,240.0
N24001922,2025-03,0.015126089565455914,45.47715769964785,105.59469013843547
N24001922,2025-04,0.01873324252665043,36.65325260947181,85.10621700293612
N24001922,2025-05,0.02065596915781498,33.20897018384117,77.10884087213753
N24001923,2024-07,0.0011569598054288477,240.0,240.0
N24001923,2024-09,0.001358674024231732,240.0,240.0
N24001923,2024-10,0.0007726173498667777,240.0,240.0
N24001923,2024-11,0.0008784850942902267,240.0,240.0
N24001923,2024-12,0.001430876669473946,240.0,240.0
N24001923,2025-01,0.00045683055470857603,240.0,240.0
N24001923,2025-03,0.0016695703379809856,240.0,240.0
N24001923,2025-04,0.0024564701598137617,240.0,240.0
N24001923,2025-05,0.004702492617070675,147.0531049779035,240.0
N24001924,2024-07,0.0004963183877564337,240.0,240.0
N24001924,2024-09,0.0010551910381764174,240.0,240.0
N24001924,2024-10,0.0005208527436479926,240.0,240.0
N24001924,2024-11,0.0005284809158183634,240.0,240.0
N24001924,2024-12,0.000755783636122942,240.0,240.0
N24001924,2025-01,0.0003685205055147245,240.0,240.0
N24001924,2025-03,0.0011386984260752797,240.0,240.0
N24001924,2025-04,0.0011704213684424758,240.0,240.0
N24001924,2025-05,0.002587164519354701,240.0,240.0
N24001925,2024-07,0.000609026588599737,240.0,240.0
N24001925,2024-09,0.002869149437174201,240.0,240.0
N24001925,2024-10,0.0009544357308186591,240.0,240.0
N24001925,2024-11,0.0010263078147545457,240.0,240.0
N24001925,2024-12,0.0011499872198328376,240.0,240.0
N24001925,2025-01,0.0005615611353236849,240.0,240.0
N24001925,2025-03,0.0012041120789945126,240.0,240.0
N24001925,2025-04,0.0013497748877853155,240.0,240.0
N24001925,2025-05,0.0015767328441143036,240.0,240.0
N24001926,2024-07,0.0004588864010485194,240.0,240.0
N24001926,2024-09,0.0006655481411144137,240.0,240.0
N24001926,2024-10,0.0003358998510520905,240.0,240.0
N24001926,2024-11,0.0004005261289421469,240.0,240.0
N24001926,2024-12,0.0004331241943873465,240.0,240.0
N24001926,2025-01,0.0003113230081375207,240.0,240.0
N24001926,2025-03,0.0015598454046994448,240.0,240.0
N24001926,2025-04,0.0012120140017941594,240.0,240.0
N24001926,2025-05,0.0009212532313540578,240.0,240.0
N24001927,2024-07,0.0002775412678838185,240.0,240.0
N24001927,2024-09,0.0008762550423853099,240.0,240.0
N24001927,2024-10,0.0002411564637441188,240.0,240.0
N24001927,2024-11,0.0002516141685191542,240.0,240.0
N24001927,2024-12,0.0005543282604776323,240.0,240.0
N24001927,2025-01,0.0003125772506223923,240.0,240.0
N24001927,2025-03,0.0024486109614372253,240.0,240.0
N24001927,2025-04,0.006744043901562691,102.43219751940435,237.84019724135655
N24001927,2025-05,0.09635788202285767,6.841041165546078,15.884405680562425
N24001928,2024-07,0.0006855807412207149,240.0,240.0
N24001928,2024-09,0.00299775879830122,230.87505140812922,240.0
N24001928,2024-10,0.001676185755059123,240.0,240.0
N24001928,2024-11,0.0013828224036842585,240.0,240.0
N24001928,2024-12,0.0013132409658282995,240.0,240.0
N24001928,2025-01,0.0005388584829703058,240.0,240.0
N24001928,2025-03,0.0021509204525500536,240.0,240.0
N24001928,2025-04,0.0018979405285790563,240.0,240.0
N24001928,2025-05,0.0015635042218491435,240.0,240.0
N24001929,2024-07,0.0002556633536203723,240.0,240.0
N24001929,2024-09,0.0007506068213842809,240.0,240.0
N24001929,2024-10,0.00021952031238470227,240.0,240.0
N24001929,2024-11,0.00045482179848477244,240.0,240.0
N24001929,2024-12,0.0003261038800701499,240.0,240.0
N24001929,2025-01,0.00014587064091597934,240.0,240.0
N24001929,2025-03,0.0011209346121177077,240.0,240.0
N24001929,2025-04,0.002461731433868408,240.0,240.0
N24001929,2025-05,0.0026125109288841486,240.0,240.0
N24001931,2024-07,0.003523696936219345,196.36343712803858,240.0
N24001931,2024-09,0.004699063487350941,147.16066991900638,240.0
N24001931,2024-10,0.08882050961256027,7.451963475447234,17.302923355715404
N24001931,2024-11,0.0743095651268959,8.976799268837553,20.843482424478246
N24001931,2024-12,0.09941698610782623,6.619499293774068,15.370001384301062
N24001931,2025-01,0.05119843879403174,13.188834507311002,30.62352538134534
N24001931,2025-03,0.15132150053977966,4.22457919782173,9.80916912849899
N24001932,2024-07,0.0005246182646915232,240.0,240.0
N24001932,2024-09,0.007517888676375151,91.85270381622465,213.27537358225965
N24001932,2024-10,0.0012257262133061886,240.0,240.0
N24001932,2024-11,0.0012172369752079248,240.0,240.0
N24001932,2024-12,0.0010441143531352282,240.0,240.0
N24001932,2025-01,0.0006290894523853785,240.0,240.0
N24001932,2025-03,0.0015420663403347135,240.0,240.0
N24001932,2025-04,0.0030824451241642237,224.52251668235138,240.0
N24001932,2025-05,0.004150410182774067,166.6600963430271,240.0
N24001933,2024-07,0.0020244235667469246,240.0,240.0
N24001933,2024-09,0.010603669099509716,65.02142730890498,150.97507883822283
N24001933,2024-10,0.08540870994329453,7.763920004919698,18.027263985881074
N24001933,2024-11,0.06425630301237106,10.43681521230578,24.233534462600602
N24001933,2024-12,0.10577233135700226,6.200169649888589,14.396348103144257
N24001934,2024-07,0.0006001966192573649,240.0,240.0
N24001934,2024-09,0.004067703150212765,170.05578795577233,240.0
N24001934,2024-10,0.0016765049658715725,240.0,240.0
N24001934,2024-11,0.001673496444709599,240.0,240.0
N24001934,2024-12,0.0024841499980539083,240.0,240.0
N24001934,2025-01,0.0011423783206331306,240.0,240.0
N24001934,2025-03,0.0028449692763388157,240.0,240.0
N24001934,2025-04,0.004004138521850109,172.760887305252,240.0
N24001934,2025-05,0.004435188136994839,155.93677232149255,240.0
N24001935,2024-07,0.00028253836887282,240.0,240.0
N24001935,2024-09,0.0028813385870307684,240.0,240.0
N24001935,2024-10,0.0003876525443047285,240.0,240.0
N24001935,2024-11,0.0006751501350663602,240.0,240.0
N24001935,2024-12,0.001384908682666719,240.0,240.0
N24001935,2025-01,0.0016476913996338327,240.0,240.0
N24001935,2025-03,0.04328654333949089,15.663864938138934,36.37036807438589
N24001935,2025-04,0.06323402374982834,10.611271031475592,24.63860833044758
N24001935,2025-05,0.09533926099538803,6.917962436702401,16.063011341154738
N24001936,2024-07,0.0022706179399887283,240.0,240.0
N24001936,2024-09,0.021496007218956947,31.897563284597013,74.06384834895341
N24001936,2024-10,0.005517054349184036,125.29029232787386,240.0
N24001936,2024-11,0.010263786651194096,67.18611075904288,156.00131815763575
N24001936,2024-12,0.010307224467396736,66.90150219585479,155.3404775387238
N24001936,2025-01,0.005267408491482106,131.24481044563444,240.0
N24001936,2025-03,0.030024046078324318,22.73806705033524,52.79615670760601
N24001936,2025-04,0.03381183743476868,20.151573097156174,46.79050373046326
N24001936,2025-05,0.03898482397198677,17.43105286142272,40.47365136240417
N24001937,2024-07,0.0011253136733598845,240.0,240.0
N24001937,2024-09,0.00409069936722517,169.09785382178987,240.0
N24001937,2024-10,0.0015746166463941336,240.0,240.0
N24001937,2024-11,0.0019237759988754988,240.0,240.0
N24001937,2024-12,0.0028662807308137417,240.0,240.0
N24001937,2025-01,0.0013003938241392676,240.0,240.0
N24001937,2025-03,0.005185888614505529,133.31337837125278,240.0
N24001937,2025-04,0.009781219996511936,70.5179634884387,163.73764061804704
N24001937,2025-05,0.01661260984838009,41.37661812391334,96.07353209333999
N24001938,2024-07,0.00040548695566955395,240.0,240.0
N24001938,2024-09,0.002105464693158865,240.0,240.0
N24001938,2024-10,0.001045342069119215,240.0,240.0
N24001938,2024-11,0.0015567546943202615,240.0,240.0
N24001938,2024-12,0.0018472528317943215,240.0,240.0
N24001938,2025-01,0.0009711545147168543,240.0,240.0
N24001938,2025-03,0.004445840138942003,155.56232431266758,240.0
N24001938,2025-04,0.008471413515508175,81.47483866139247,189.17871691430224
N24001938,2025-05,0.011141953989863396,61.86333772053784,143.64222189682192
N24001939,2024-07,0.0010356723628915931,240.0,240.0
N24001939,2024-09,0.00042228036909364164,240.0,240.0
N24001939,2024-10,0.0002786484837997705,240.0,240.0
N24001939,2024-11,0.00026037305360659957,240.0,240.0
N24001939,2024-12,0.0004477085603866726,240.0,240.0
N24001939,2025-01,0.0001941484973005947,240.0,240.0
N24001939,2025-03,0.0007662935531698167,240.0,240.0
N24001939,2025-04,0.0012446246109902859,240.0,240.0
N24001939,2025-05,0.001321916002780199,240.0,240.0
N24001940,2024-07,0.0008285055702793587,240.0,240.0
N24001940,2024-09,0.003847604850307107,179.80350698239369,240.0
N24001940,2024-10,0.0012101883767172694,240.0,240.0
N24001940,2024-11,0.0013606033753603697,240.0,240.0
N24001940,2024-12,0.0014509983593598008,240.0,240.0
N24001940,2025-01,0.0006824804013260133,240.0,240.0
N24001940,2025-03,0.002197281224653125,240.0,240.0
N24001940,2025-04,0.0025710135232657194,240.0,240.0
N24001940,2025-05,0.002883812179788947,240.0,240.0
N24001941,2024-07,0.0005846350700525749,240.0,240.0
N24001941,2024-09,0.005387980490922928,128.3000501933312,240.0
N24001941,2024-10,0.0011372437002137303,240.0,240.0
N24001941,2024-11,0.002018657512962818,240.0,240.0
N24001941,2024-12,0.0022203645203262568,240.0,240.0
N24001941,2025-01,0.0012284844244006,240.0,240.0
N24001941,2025-03,0.005043367855250835,137.09049773220804,240.0
N24001941,2025-04,0.006354802753776312,108.72759713246428,240.0
N24001941,2025-05,0.008187507279217243,84.31207389280662,195.76657310992698
N24001942,2024-07,0.0011176463434102724,240.0,240.0
N24001942,2024-09,0.005767537280917168,119.83388122185734,240.0
N24001942,2024-10,0.0013977293856441975,240.0,240.0
N24001942,2024-11,0.0014533790526911616,240.0,240.0
N24001942,2024-12,0.0019085512030869722,240.0,240.0
N24001942,2025-01,0.0006298439493556129,240.0,240.0
N24001942,2025-03,0.0031573812011629343,219.18555118404197,240.0
N24001942,2025-04,0.004258182365447283,162.43323983348003,240.0
N24001942,2025-05,0.006394155789166689,108.0562921218609,240.0
N24001943,2024-07,0.0006844321575678602,240.0,240.0
N24001943,2024-09,0.0036864131689071655,187.6807479230804,240.0
N24001943,2024-10,0.0016127319540828466,240.0,240.0
N24001943,2024-11,0.0023735486902296543,240.0,240.0
N24001943,2024-12,0.0028462938498705626,240.0,240.0
N24001943,2025-01,0.0017423895400409117,240.0,240.0
N24001943,2025-03,0.004846918396651745,142.66095481234683,240.0
N24001943,2025-04,0.006035922095179558,114.49007586261888,240.0
N24001943,2025-05,0.007968774065375328,86.63587718598818,201.16227726335703
N24001944,2024-07,0.001167220351965259,240.0,240.0
N24001944,2024-09,0.006905963644385338,100.0223903778565,232.24479833613637
N24001944,2024-10,0.0035734297707676888,193.62574043695122,240.0
N24001944,2024-11,0.0068770525977015495,100.44434366358678,233.22454352500355
N24001944,2024-12,0.0073006111197173595,94.59672351687685,219.6467900181284
N24001944,2025-01,0.003992990455783274,173.24418888016007,240.0
N24001944,2025-03,0.013856316916644573,49.67653262202469,115.34533675166769
N24001944,2025-04,0.017213664948940277,39.91968685614611,92.69064245039141
N24001944,2025-05,0.032450273633003235,21.01180865049562,48.787908829983095
N24001945,2024-07,0.001070175427079656,240.0,240.0
N24001945,2024-09,0.008198058232665062,84.2031164456746,195.51358175228393
N24001945,2024-10,0.0035075643099844456,197.26818337602788,240.0
N24001945,2024-11,0.004022684413939714,171.96280309479894,240.0
N24001945,2024-12,0.0041341171599924564,167.31829038873397,240.0
N24001945,2025-01,0.0017383510489761278,240.0,240.0
N24001945,2025-03,0.007307100109755993,94.512409410688,219.45101872617317
N24001945,2025-04,0.008643793873488903,79.84308111833536,185.38989323103357
N24001945,2025-05,0.01068753469735384,64.5084717394707,149.78403289012445
N24001946,2024-07,0.004409096521763578,156.8616099344019,240.0
N24001946,2024-09,0.02482307329773903,27.57547825168352,64.02827768253941
N24001946,2024-10,0.007053477689623833,97.92329088196809,227.37084024266917
N24001946,2024-11,0.007740158587694168,89.20504201394004,207.12769325777492
N24001946,2024-12,0.006777594797313213,101.9234113974486,236.6588324504987
N24001946,2025-01,0.003428088916613281,201.84961135245652,240.0
N24001946,2025-03,0.0195623692125082,35.08496587590869,81.46476797543679
N24001946,2025-04,0.03352128714323044,20.329278144151992,47.203122071686124
N24001946,2025-05,0.17565108835697174,3.5884352284362047,8.332088573589573
N24001947,2024-07,0.0006442969223117156,240.0,240.0
N24001947,2024-09,0.0024421156849712133,240.0,240.0
N24001947,2024-10,0.0008212313405238092,240.0,240.0
N24001947,2024-11,0.0009150112164206803,240.0,240.0
N24001947,2024-12,0.00126306910533458,240.0,240.0
N24001947,2025-01,0.0005995436032384394,240.0,240.0
N24001947,2025-03,0.0028895961586385965,239.53009411923614,240.0
N24001947,2025-04,0.0033757169730961323,204.98655319225236,240.0
N24001947,2025-05,0.0062937927432358265,109.78493431596507,240.0
N24001948,2024-07,0.0003738230670056186,240.0,240.0
N24001948,2024-09,0.001959199318662286,240.0,240.0
N24001948,2024-10,0.0012956878636032343,240.0,240.0
N24001948,2024-11,0.0015981582691892982,240.0,240.0
N24001948,2024-12,0.001961924834176898,240.0,240.0
N24001948,2025-01,0.0007136648639768373,240.0,240.0
N24001948,2025-03,0.0029757400043308735,232.58596329203291,240.0
N24001948,2025-04,0.004533602390438318,152.5442030916928,240.0
N24001948,2025-05,0.005636908579617739,122.61893670625456,240.0
N24001949,2024-07,0.0008228271482575433,240.0,240.0
N24001949,2024-09,0.005334115121513605,129.59916565125226,240.0
N24001949,2024-10,0.0020515741780400276,240.0,240.0
N24001949,2024-11,0.013989944942295551,49.19871043226062,114.2358679848939
N24001949,2024-12,0.01470073964446783,46.80306796521051,108.67335843534498
N24001949,2025-01,0.006117149208526795,112.96519776903415,240.0
N24001949,2025-03,0.018834561109542847,36.45420401232878,84.6440404729818
N24001950,2024-07,0.0006961568711386645,240.0,240.0
N24001950,2024-09,0.0020761103369295597,240.0,240.0
N24001950,2024-10,0.0011309700785204768,240.0,240.0
N24001950,2024-11,0.0014936989173293114,240.0,240.0
N24001950,2024-12,0.0018109435914084315,240.0,240.0
N24001950,2025-01,0.0013949254318383897,240.0,240.0
N24001950,2025-03,0.03912528604269028,17.367213451857697,40.32542084377412
N24001951,2024-07,0.0019453966053649685,240.0,240.0
N24001951,2024-09,0.007505944464355707,91.9994219469938,213.6160425321219
N24001951,2024-10,0.003734412370249629,185.26398699782902,240.0
N24001951,2024-11,0.003916663117706776,176.62710831745346,240.0
N24001951,2024-12,0.0041741314344108105,165.7110081921829,240.0
N24001951,2025-01,0.01851422597299668,37.09097289725147,86.12257203683389
N24001951,2025-03,0.12987256050109863,4.982526769796325,11.569068890318464
N24001951,2025-04,0.07305485755205154,9.137081783434086,21.21564689823913
N24001951,2025-05,0.07464981079101562,8.934262800801957,20.744715804289118
N24001952,2024-07,0.0005183023503668727,240.0,240.0
N24001952,2024-09,0.0018419385887682438,240.0,240.0
N24001952,2024-10,0.0006087975925765932,240.0,240.0
N24001952,2024-11,0.0008684715139679611,240.0,240.0
N24001952,2024-12,0.0009931655367836356,240.0,240.0
N24001952,2025-01,0.0017253231490979015,240.0,240.0
N24001952,2025-03,0.013998182490468025,49.16955342399383,114.16816750823638
N24001952,2025-04,0.011049737222492695,62.38252799668342,144.84774438559668
N24001952,2025-05,0.01203958597034216,57.225070380130575,132.8724986475318
N24001953,2024-07,0.0007847256279116532,240.0,240.0
N24001953,2024-09,0.002466341247782111,240.0,240.0
N24001953,2024-10,0.0006734882481396198,240.0,240.0
N24001953,2024-11,0.0005053724744357169,240.0,240.0
N24001953,2024-12,0.0005068709142506123,240.0,240.0
N24001953,2025-01,0.0003128100376417198,240.0,240.0
N24001953,2025-03,0.0013011618284508586,240.0,240.0
N24001953,2025-04,0.0037657395005226135,183.71989192147257,240.0
N24001953,2025-05,0.006554058287292719,105.41151716724916,240.0
N24001954,2024-07,0.0005345914920775741,240.0,240.0
N24001954,2024-09,0.0017180060967803001,240.0,240.0
N24001954,2024-10,0.0004728560452349484,240.0,240.0
N24001954,2024-11,0.0014077237574383616,240.0,240.0
N24001954,2024-12,0.001743818516843021,240.0,240.0
N24001954,2025-01,0.0009330892279896252,240.0,240.0
N24001954,2025-03,0.0033390820026397705,207.23938414178824,240.0
N24001954,2025-04,0.005300705786794424,130.41819267851142,240.0
N24001954,2025-05,0.007904651574790478,87.34148583596573,202.80064981173544
N24001955,2024-07,0.0008615698508713798,240.0,240.0
N24001955,2024-09,0.0016087207477539778,240.0,240.0
N24001955,2024-10,0.0008965590386651456,240.0,240.0
N24001955,2024-11,0.0010237513342872262,240.0,240.0
N24001955,2024-12,0.0005078642861917615,240.0,240.0
N24001955,2025-01,0.0002514421405924727,240.0,240.0
N24001955,2025-03,0.0020065123680979013,240.0,240.0
N24001955,2025-04,0.004108334891498089,168.3704910898515,240.0
N24001955,2025-05,0.006179343909025192,111.8247148688443,240.0
N24001956,2024-07,0.010696056345731675,64.45680012473946,149.66405511617177
N24001956,2024-09,0.04592611640691757,14.743369134304661,34.23304300623716
N24001956,2024-10,0.01755770854651928,39.13062892096405,90.85850666219838
N24001956,2024-11,0.02490009367465973,27.489101372517435,63.827716780054985
N24001956,2024-12,0.02335381507873535,29.33231618628638,68.10752904105767
N24001956,2025-01,0.007806715550350951,88.44155273120514,205.35492604204734
N24001956,2025-03,0.011111754924058914,62.03241275538611,144.0348019703802
N24001956,2025-04,0.025085661560297012,27.28316885668185,63.349556285885505
N24001956,2025-05,0.02479858137667179,27.603057902867317,64.09231564947025
N24001957,2024-07,0.000734999571694428,240.0,240.0
N24001957,2024-09,0.003509199945256114,197.17607510735752,240.0
N24001957,2024-10,0.0015833262586966157,240.0,240.0
N24001957,2024-11,0.00040398110286332667,240.0,240.0
N24001957,2024-12,0.0004676704993471503,240.0,240.0
N24001957,2025-01,0.0003858491467380043,240.0,240.0
N24001957,2025-03,0.0012824127916246653,240.0,240.0
N24001957,2025-04,0.0031818137504160404,217.49980247603358,240.0
N24001957,2025-05,0.0036243861541152,190.89861688687148,240.0
N24001958,2024-07,0.0012954326324305931,240.0,240.0
N24001958,2024-09,0.014618320390582085,47.06891105169048,109.29062696667438
N24001958,2024-10,0.0009454060345888138,240.0,240.0
N24001958,2024-11,0.0006911942618899047,240.0,240.0
N24001958,2024-12,0.0008054133504629135,240.0,240.0
N24001958,2025-01,0.0003754042883847841,240.0,240.0
N24001958,2025-03,0.0013542346423491836,240.0,240.0
N24001958,2025-04,0.0030342559330165386,228.093829346368,240.0
N24001958,2025-05,0.0029486415442079306,234.72665155858107,240.0
N24001959,2024-07,0.0002159601790033827,240.0,240.0
N24001959,2024-09,0.0005106011522002518,240.0,240.0
N24001959,2024-10,0.00023820875503588468,240.0,240.0
N24001959,2024-11,0.00030365181737579405,240.0,240.0
N24001959,2024-12,0.0002708396641537547,240.0,240.0
N24001959,2025-01,0.0001651277691878672,240.0,240.0
N24001959,2025-03,0.000590362586081028,240.0,240.0
N24001959,2025-04,0.0011884827399626374,240.0,240.0
N24001959,2025-05,0.0017611703369766474,240.0,240.0
N24001960,2024-07,0.0013631690568934873,240.0,240.0
N24001960,2024-09,0.013784502632915974,49.93715061449951,115.95047299042811
N24001960,2024-10,0.002263871720060706,240.0,240.0
N24001960,2024-11,0.0019215880893170834,240.0,240.0
N24001960,2024-12,0.0018764472333714366,240.0,240.0
N24001960,2025-01,0.0009642711423211159,240.0,240.0
N24001960,2025-03,0.0029911049641668797,231.38941404882183,240.0
N24001960,2025-04,0.010851472616195679,63.528659398932135,147.50897908891062
N24001960,2025-05,0.0014659041771665215,240.0,240.0
N24001961,2024-07,0.002456157968916184,240.0,240.0
N24001961,2024-09,0.009683020412921906,71.23664205709562,165.406360577805
N24001961,2024-10,0.002018626779317856,240.0,240.0
N24001961,2024-11,0.0016728203045204282,240.0,240.0
N24001961,2024-12,0.0017447168938815594,240.0,240.0
N24001961,2025-01,0.0010284483214448858,240.0,240.0
N24001961,2025-03,0.004675178788602352,147.9142622867922,240.0
N24001961,2025-04,0.01744934171438217,39.37580959853568,91.42779856577546
N24001961,2025-05,0.004897823557257652,141.17461095478646,240.0
N24001962,2024-07,0.0006251965855686992,240.0,240.0
N24001962,2024-09,0.003397900378331542,203.6460204649553,240.0
N24001962,2024-10,0.0012786277802661061,240.0,240.0
N24001962,2024-11,0.00150487560313195,240.0,240.0
N24001962,2024-12,0.0017799640772864223,240.0,240.0
N24001962,2025-01,0.002829268129362905,240.0,240.0
N24001962,2025-03,0.013963377103209496,49.292982360633665,114.45476062394249
N24001962,2025-04,0.024571752175688744,27.86109614220969,64.69146188695458
N24001962,2025-05,0.03274847939610481,20.817285299180867,48.336239595453726
N24001963,2024-07,0.0009200722947330098,240.0,240.0
N24001963,2024-09,0.007674839347600937,89.96720806256462,208.89738801904562
N24001963,2024-10,0.003978131804615259,173.89256645388315,240.0
N24001963,2024-11,0.0010920241475105286,240.0,240.0
N24001963,2024-12,0.0015514215920120478,240.0,240.0
N24001963,2025-01,0.0009075988687016201,240.0,240.0
N24001963,2025-03,0.0014152848161756992,240.0,240.0
N24001963,2025-04,0.0022980070207268,240.0,240.0
N24001963,2025-05,0.002154305810108781,240.0,240.0
N24001964,2024-07,0.0006474552726277727,240.0,240.0
N24001964,2024-09,0.0029425746761262417,235.21131566146784,240.0
N24001964,2024-10,0.0009252791060134768,240.0,240.0
N24001964,2024-11,0.0007285904139280319,240.0,240.0
N24001964,2024-12,0.0007865629740990698,240.0,240.0
N24001964,2025-01,0.00037286437815586826,240.0,240.0
N24001964,2025-03,0.0015674260212108493,240.0,240.0
N24001964,2025-04,0.003261514473706484,212.17634197520007,240.0
N24001964,2025-05,0.005956831853836775,116.01479799324382,240.0
N24001965,2024-07,0.0007128888680181245,240.0,240.0
N24001965,2024-09,0.0033310572616755962,207.73947360506824,240.0
N24001965,2024-10,0.0010815277928486466,240.0,240.0
N24001965,2024-11,0.0007134879124350846,240.0,240.0
N24001965,2024-12,0.0006175737362354994,240.0,240.0
N24001965,2025-01,0.0009275138591041676,240.0,240.0
N24001965,2025-03,0.0025259663816541433,240.0,240.0
N24001965,2025-04,0.002157348906621337,240.0,240.0
N24001965,2025-05,0.002476938534528017,240.0,240.0
N24001966,2024-07,0.0011696832018520675,240.0,240.0
N24001966,2024-09,0.009881049394607544,69.8019992195307,162.07522306713406
N24001966,2024-10,0.002866459544748068,240.0,240.0
N24001966,2024-11,0.0006088968366384506,240.0,240.0
N24001966,2024-12,0.0008680135942995548,240.0,240.0
N24001966,2025-01,0.00040825766170704547,240.0,240.0
N24001966,2025-03,0.0011172950034961104,240.0,240.0
N24001966,2025-04,0.0007430369150824845,240.0,240.0
N24001966,2025-05,0.0005990620702505112,240.0,240.0
N24001967,2024-07,0.0010372296348732934,240.0,240.0
N24001967,2024-09,0.006199887953698635,111.45301997096634,240.0
N24001967,2024-10,0.0050133210606873035,137.91421536721538,240.0
N24001967,2024-11,0.0031275709625333548,221.27801078046852,240.0
N24001967,2024-12,0.0033962572924792767,203.74471086525898,240.0
N24001967,2025-01,0.001654885289269492,240.0,240.0
N24001967,2025-03,0.003931723069399595,175.9492320019465,240.0
N24001967,2025-04,0.004128177184611559,167.55954166342485,240.0
N24001967,2025-05,0.003611741354689002,191.5681726875011,240.0
N24001968,2024-07,0.00029199307769633975,240.0,240.0
N24001968,2024-09,0.0005788608686998487,240.0,240.0
N24001968,2024-10,0.00038063604733906686,240.0,240.0
N24001968,2024-11,0.000513640115968883,240.0,240.0
N24001968,2024-12,0.0004390775575302541,240.0,240.0
N24001968,2025-01,0.00020757789770808888,240.0,240.0
N24001968,2025-03,0.0008391939918510616,240.0,240.0
N24001968,2025-04,0.000883005908690393,240.0,240.0
N24001968,2025-05,0.0010261543793603778,240.0,240.0
N24001969,2024-07,0.0004535215437138085,240.0,240.0
N24001969,2024-09,0.0007781315944157541,240.0,240.0
N24001969,2024-10,0.000563094625249505,240.0,240.0
N24001969,2024-11,0.0002910335606429726,240.0,240.0
N24001969,2024-12,0.00034049604437313974,240.0,240.0
N24001969,2025-01,0.00018031789209871363,240.0,240.0
N24001969,2025-03,0.0006197870243340731,240.0,240.0
N24001969,2025-04,0.0007391779799945652,240.0,240.0
N24001969,2025-05,0.001114817801862955,240.0,240.0
N24001970,2024-07,0.00041697509101901176,240.0,240.0
N24001970,2024-09,0.0008596939733251929,240.0,240.0
N24001970,2024-10,0.0003308294981252402,240.0,240.0
N24001970,2024-11,0.0003337833913974464,240.0,240.0
N24001970,2024-12,0.0003654495521914214,240.0,240.0
N24001970,2025-01,0.00010965173895882696,240.0,240.0
N24001970,2025-03,0.0004388288070913404,240.0,240.0
N24001970,2025-04,0.0004371849645394832,240.0,240.0
N24001970,2025-05,0.0006417071563191712,240.0,240.0
N24001971,2024-07,0.00047715961510896854,240.0,240.0
N24001971,2024-09,0.0006126363296061754,240.0,240.0
N24001971,2024-10,0.0003390166093595326,240.0,240.0
N24001971,2024-11,0.0003694247570820153,240.0,240.0
N24001971,2024-12,0.0003926903591491282,240.0,240.0
N24001971,2025-01,0.00020010742979403862,240.0,240.0
N24001971,2025-03,0.0005018573720008135,240.0,240.0
N24001971,2025-04,0.0005821509985253215,240.0,240.0
N24001971,2025-05,0.0007660905248485506,240.0,240.0
N24001972,2024-07,0.0004603011190544848,240.0,240.0
N24001972,2024-09,0.0012407340109348297,240.0,240.0
N24001972,2024-10,0.0007557714125141501,240.0,240.0
N24001972,2024-11,0.0006275605992414057,240.0,240.0
N24001972,2024-12,0.0008845026604831219,240.0,240.0
N24001972,2025-01,0.0005977374442258654,240.0,240.0
N24001972,2025-03,0.004104187712073326,168.54097596084875,240.0
N24001972,2025-04,0.003781250212341547,182.96484834525936,240.0
N24001972,2025-05,0.006568859331309795,105.17321986898713,240.0
N24001973,2024-07,0.0003594212571053079,240.0,240.0
N24001973,2024-09,0.0007429077522829175,240.0,240.0
N24001973,2024-10,0.000524843402672559,240.0,240.0
N24001973,2024-11,0.00041661219438537955,240.0,240.0
N24001973,2024-12,0.000538378837518394,240.0,240.0
N24001973,2025-01,0.0005261973951047327,240.0,240.0
N24001973,2025-03,0.003822342259809375,180.99415623062143,240.0
N24001973,2025-04,0.00402945326641202,171.67334945653587,240.0
N24001973,2025-05,0.019339311867952347,35.49365537922821,82.41371561527993
N24001974,2024-07,0.0006930619154984496,240.0,240.0
N24001974,2024-09,0.0014124660519883037,240.0,240.0
N24001974,2024-10,0.0007230689516291022,240.0,240.0
N24001974,2024-11,0.0004895555321127176,240.0,240.0
N24001974,2024-12,0.0007679866394028068,240.0,240.0
N24001974,2025-01,0.0003048983662277127,240.0,240.0
N24001974,2025-03,0.0014136852696537971,240.0,240.0
N24001974,2025-04,0.001689055934548378,240.0,240.0
N24001974,2025-05,0.002169637009501457,240.0,240.0
N24001975,2024-07,0.0005534962748797723,240.0,240.0
N24001975,2024-09,0.0008741640485823154,240.0,240.0
N24001975,2024-10,0.0005522980936802924,240.0,240.0
N24001975,2024-11,0.0004694107628893107,240.0,240.0
N24001975,2024-12,0.0004481818759813905,240.0,240.0
N24001975,2025-01,0.00027187048764110155,240.0,240.0
N24001975,2025-03,0.0008797402842901647,240.0,240.0
N24001975,2025-04,0.0009138841414824128,240.0,240.0
N24001975,2025-05,0.0008546044700779021,240.0,240.0
N24001976,2024-07,0.0003128670116616661,240.0,240.0
N24001976,2024-09,0.00039672551793046296,240.0,240.0
N24001976,2024-10,0.00034919101744890213,240.0,240.0
N24001976,2024-11,0.0005064922734163702,240.0,240.0
N24001976,2024-12,0.0004396687145344913,240.0,240.0
N24001976,2025-01,0.00021024897956001265,240.0,240.0
N24001976,2025-03,0.0008528579492121935,240.0,240.0
N24001976,2025-04,0.0009048604988493025,240.0,240.0
N24001976,2025-05,0.001032128813676536,240.0,240.0
N24001977,2024-07,0.00035474868574647545,240.0,240.0
N24001977,2024-09,0.0012851102510467172,240.0,240.0
N24001977,2024-10,0.0010567940771579742,240.0,240.0
N24001977,2024-11,0.001024644123390317,240.0,240.0
N24001977,2024-12,0.0009367575403302908,240.0,240.0
N24001977,2025-01,0.00042907261728530877,240.0,240.0
N24001977,2025-03,0.0008011413738131523,240.0,240.0
N24001977,2025-04,0.0008163556340150535,240.0,240.0
N24001977,2025-05,0.0006563950446434319,240.0,240.0
N24001978,2024-07,0.0002453273330763617,240.0,240.0
N24001978,2024-09,0.0005243823979981244,240.0,240.0
N24001978,2024-10,0.00026916898787021637,240.0,240.0
N24001978,2024-11,0.0002707441453821957,240.0,240.0
N24001978,2024-12,0.00034626811975613236,240.0,240.0
N24001978,2025-01,0.00014713787638220843,240.0,240.0
N24001978,2025-03,0.0005970359779894352,240.0,240.0
N24001978,2025-04,0.0007484529633074999,240.0,240.0
N24001978,2025-05,0.0006144725484773517,240.0,240.0
N24001979,2024-07,0.0003119154557054138,240.0,240.0
N24001979,2024-09,0.0016777671407908201,240.0,240.0
N24001979,2024-10,0.0009823425207287073,240.0,240.0
N24001979,2024-11,0.0011417886707931757,240.0,240.0
N24001979,2024-12,0.0010129055008292198,240.0,240.0
N24001979,2025-01,0.00044899132175268974,240.0,240.0
N24001979,2025-03,0.0014369874261319637,240.0,240.0
N24001979,2025-04,0.001448192517273128,240.0,240.0
N24001979,2025-05,0.002114307601004839,240.0,240.0
N24001980,2024-07,0.00036599123956371216,240.0,240.0
N24001980,2024-09,0.0007437216117978096,240.0,240.0
N24001980,2024-10,0.00038022149237804115,240.0,240.0
N24001980,2024-11,0.00032083739642985165,240.0,240.0
N24001980,2024-12,0.00038055708864703774,240.0,240.0
N24001980,2025-01,0.0002442010010864637,240.0,240.0
N24001980,2025-03,0.0008738924516364932,240.0,240.0
N24001980,2025-04,0.0007969512953422964,240.0,240.0
N24001980,2025-05,0.00114743213634938,240.0,240.0
N24001981,2024-07,0.00047823557383486204,240.0,240.0
N24001981,2024-09,0.0015124335186555982,240.0,240.0
N24001981,2024-10,0.0013251523487269878,240.0,240.0
N24001981,2024-11,0.0013839093735441566,240.0,240.0
N24001981,2024-12,0.0009564110077917576,240.0,240.0
N24001981,2025-01,0.0005840576618959537,240.0,240.0
N24001981,2025-03,0.002061637584120035,240.0,240.0
N24001981,2025-04,0.0014120679115876555,240.0,240.0
N24001981,2025-05,0.001499482779763639,240.0,240.0
N24001982,2024-07,0.0003707121646330247,240.0,240.0
N24001982,2024-09,0.0015258053317666054,240.0,240.0
N24001982,2024-10,0.0006655440665781498,240.0,240.0
N24001982,2024-11,0.0017324265791103244,240.0,240.0
N24001982,2024-12,0.00289728376083076,238.89360866457116,240.0
N24001982,2025-01,0.02016643756668901,34.02357469567836,79.00029397439434
N24001982,2025-03,0.07520908117294312,8.865180337803544,20.584311292589085
N24001982,2025-04,0.061286043375730515,10.959806632339491,25.447882934161914
N24001982,2025-05,0.07374162971973419,9.048674790576527,21.01037221773866
N24001983,2024-07,0.000473058392061132,240.0,240.0
N24001983,2024-09,0.001251756097190082,240.0,240.0
N24001983,2024-10,0.0004993751063011587,240.0,240.0
N24001983,2024-11,0.00044746362254954875,240.0,240.0
N24001983,2024-12,0.00040237148641608655,240.0,240.0
N24001983,2025-01,0.00019905290396948772,240.0,240.0
N24001983,2025-03,0.0009358332608826458,240.0,240.0
N24001983,2025-04,0.0009622451616451144,240.0,240.0
N24001983,2025-05,0.000883965112734586,240.0,240.0
N24001984,2024-07,0.0003000198453897429,240.0,240.0
N24001984,2024-09,0.0006179296178743243,240.0,240.0
N24001984,2024-10,0.0007162777474150062,240.0,240.0
N24001984,2024-11,0.0003979920584242791,240.0,240.0
N24001984,2024-12,0.00040794393862597644,240.0,240.0
N24001984,2025-01,0.00020985775645276927,240.0,240.0
N24001984,2025-03,0.0007027655374258757,240.0,240.0
N24001984,2025-04,0.00086821592412889,240.0,240.0
N24001984,2025-05,0.002540118992328644,240.0,240.0
N24001985,2024-07,0.0004950201208607785,240.0,240.0
N24001985,2024-09,0.0011278382735326886,240.0,240.0
N24001985,2024-10,0.0008442786056548357,240.0,240.0
N24001985,2024-11,0.0005369328428059816,240.0,240.0
N24001985,2024-12,0.0004223015275783837,240.0,240.0
N24001985,2025-01,0.0003812267333285213,240.0,240.0
N24001985,2025-03,0.0008731812704354525,240.0,240.0
N24001985,2025-04,0.0011649421649053693,240.0,240.0
N24001985,2025-05,0.0015529528027400374,240.0,240.0
N24001986,2024-07,0.000833748617400154,240.0,240.0
N24001986,2024-09,0.0013742834562435746,240.0,240.0
N24001986,2024-10,0.0011373135494068265,240.0,240.0
N24001986,2024-11,0.0010888682445511222,240.0,240.0
N24001986,2024-12,0.0011097482638433576,240.0,240.0
N24001986,2025-01,0.0005848428764992919,240.0,240.0
N24001986,2025-03,0.003088276367634535,224.0979211016741,240.0
N24001986,2025-04,0.0027475019451230764,240.0,240.0
N24001986,2025-05,0.005296234507113695,130.52858971425394,240.0
N24001987,2024-07,0.0007293322243027145,240.0,240.0
N24001987,2024-09,0.002348716836422682,240.0,240.0
N24001987,2024-10,0.0009279338992200792,240.0,240.0
N24001987,2024-11,0.0018525153864175081,240.0,240.0
N24001987,2024-12,0.002942517399787903,235.21590082139844,240.0
N24001987,2025-01,0.001360382586908404,240.0,240.0
N24001987,2025-03,0.0023465347476303577,240.0,240.0
N24001987,2025-04,0.003090502927079797,223.93621932759703,240.0
N24001987,2025-05,0.0036223616916686296,191.00550007217723,240.0
N24001988,2024-07,0.0007522182691992452,240.0,240.0
N24001988,2024-09,0.0015975891146808863,240.0,240.0
N24001988,2024-10,0.000691366265527904,240.0,240.0
N24001988,2024-11,0.0006782240816392004,240.0,240.0
N24001988,2024-12,0.0006812596693634987,240.0,240.0
N24001988,2025-01,0.00039020427491531784,240.0,240.0
N24001988,2025-03,0.0011767738033086061,240.0,240.0
N24001988,2025-04,0.0009600372868590057,240.0,240.0
N24001988,2025-05,0.0011337035102769732,240.0,240.0
N24001989,2024-07,0.0005065535164234802,240.0,240.0
N24001989,2024-09,0.001165582682006061,240.0,240.0
N24001989,2024-10,0.0008298235479742289,240.0,240.0
N24001989,2024-11,0.000328947848174721,240.0,240.0
N24001989,2024-12,0.0005454931524582207,240.0,240.0
N24001989,2025-01,0.00043016215070357244,240.0,240.0
N24001989,2025-03,0.0018824503058567643,240.0,240.0
N24001989,2025-04,0.0020210028160363436,240.0,240.0
N24001989,2025-05,0.002865460468456149,240.0,240.0
N24001990,2024-07,0.00021048031636572428,240.0,240.0
N24001990,2024-09,0.0009321162942796946,240.0,240.0
N24001990,2024-10,0.0005489122704602778,240.0,240.0
N24001990,2024-11,0.00026547847664915025,240.0,240.0
N24001990,2024-12,0.0006017989362590015,240.0,240.0
N24001990,2025-01,0.000448764151695924,240.0,240.0
N24001990,2025-03,0.00176239141728729,240.0,240.0
N24001990,2025-04,0.0007877924363128841,240.0,240.0
N24001990,2025-05,0.0008765840902924538,240.0,240.0
N24001991,2024-07,0.0007871381943013178,240.0,240.0
N24001991,2024-09,0.0015774582279846072,240.0,240.0
N24001991,2024-10,0.0005544867599382997,240.0,240.0
N24001991,2024-11,0.00030679861083626747,240.0,240.0
N24001991,2024-12,0.00033575273118913174,240.0,240.0
N24001991,2025-01,0.00019831935624814445,240.0,240.0
N24001991,2025-03,0.00042980234138667583,240.0,240.0
N24001991,2025-04,0.001283919787965715,240.0,240.0
N24001991,2025-05,0.0008583516464568675,240.0,240.0
N24001992,2024-07,0.0021146878932177815,240.0,240.0
N24001992,2024-09,0.005284992512315512,130.80698269212422,240.0
N24001992,2024-10,0.0032797157764434814,210.9969102553637,240.0
N24001992,2024-11,0.0022938475012779236,240.0,240.0
N24001992,2024-12,0.001534826005809009,240.0,240.0
N24001992,2025-01,0.0009516119460261097,240.0,240.0
N24001992,2025-03,0.0030003837309777737,230.6727632460454,240.0
N24001992,2025-04,0.003158633364364505,219.09852287958142,240.0
N24001992,2025-05,0.003808795940130949,181.6391121494303,240.0
N24001993,2024-07,0.000351033231064779,240.0,240.0
N24001993,2024-09,0.0008138116099871695,240.0,240.0
N24001993,2024-10,0.00043801969150081277,240.0,240.0
N24001993,2024-11,0.00047007997636683285,240.0,240.0
N24001993,2024-12,0.00040102394996210933,240.0,240.0
N24001993,2025-01,0.00019783676280371587,240.0,240.0
N24001993,2025-03,0.0008266536751762033,240.0,240.0
N24001993,2025-04,0.0005577966221608222,240.0,240.0
N24001993,2025-05,0.0005046940059401095,240.0,240.0
N24001994,2024-07,0.004159560342796742,166.29271565020295,240.0
N24001994,2024-09,0.009421405382454395,73.22440663824148,170.02180700478957
N24001994,2024-10,0.005975637584924698,115.64859879658916,240.0
N24001994,2024-11,0.005944657605141401,116.25309946947702,240.0
N24001994,2024-12,0.005511599592864513,125.41463408494852,240.0
N24001994,2025-01,0.0021136176363688586,240.0,240.0
N24001994,2025-03,0.006949986331164837,99.38662698633817,230.7686014556691
N24001994,2025-04,0.0065467217937111855,105.53003436679774,240.0
N24001994,2025-05,0.006330373231321573,109.14852774607125,240.0
N24001995,2024-07,0.01869921064005753,36.720594945258235,85.26258106437396
N24001995,2024-09,0.0422787144780159,16.045639294581324,37.256820678517016
N24001995,2024-10,0.14882510900497437,4.301584024740984,9.987968799564745
N24001996,2024-07,0.00037811531296294554,240.0,240.0
N24001996,2024-09,0.0007222930435091257,240.0,240.0
N24001996,2024-10,0.0005039317766204476,240.0,240.0
N24001996,2024-11,0.0003706755524035543,240.0,240.0
N24001996,2024-12,0.00042745537939481437,240.0,240.0
N24001996,2025-01,0.00023752335233639954,240.0,240.0
N24001996,2025-03,0.0008062022970989347,240.0,240.0
N24001996,2025-04,0.0008732033311389387,240.0,240.0
N24001996,2025-05,0.000906040717381984,240.0,240.0
N24001997,2024-07,0.0007865003767748568,240.0,240.0
N24001997,2024-09,0.0016393547412008047,240.0,240.0
N24001997,2024-10,0.0005924315191805363,240.0,240.0
N24001997,2024-11,0.0005527788889594376,240.0,240.0
N24001997,2024-12,0.0008384581888094544,240.0,240.0
N24001997,2025-01,0.0004760361665853141,240.0,240.0
N24001997,2025-03,0.002082972787320614,240.0,240.0
N24001997,2025-04,0.0013421623734757304,240.0,240.0
N24001997,2025-05,0.0014957066159695387,240.0,240.0
N24001998,2024-07,0.0003467156267062954,240.0,240.0
N24001998,2024-09,0.0009741468238644302,240.0,240.0
N24001998,2024-10,0.0005119469715282321,240.0,240.0
N24001998,2024-11,0.00037131516728550196,240.0,240.0
N24001998,2024-12,0.0005334774614311755,240.0,240.0
N24001998,2025-01,0.00017022811026368156,240.0,240.0
N24001998,2025-03,0.0005228349473327398,240.0,240.0
N24001998,2025-04,0.0026688333600759506,240.0,240.0
N24001998,2025-05,0.003081686096265912,224.5779026556577,240.0
N24001999,2024-07,0.00043994747767794884,240.0,240.0
N24001999,2024-09,0.0007434037979692221,240.0,240.0
N24001999,2024-10,0.0003902382159139961,240.0,240.0
N24001999,2024-11,0.0002918679965659976,240.0,240.0
N24001999,2024-12,0.00028449896490201354,240.0,240.0
N24001999,2025-01,0.00015311866555212106,240.0,240.0
N24001999,2025-03,0.00068752869265154,240.0,240.0
N24001999,2025-04,0.006530908867716789,105.78638934034919,240.0
N24001999,2025-05,0.01164114847779274,59.19560201644656,137.44793141575826
N24002000,2024-07,0.0011741648559651097,240.0,240.0
N24002000,2024-09,0.0036193770356476307,191.16329556157842,240.0
N24002000,2024-10,0.0009154685540124774,240.0,240.0
N24002000,2024-11,0.001188710331916809,240.0,240.0
N24002000,2024-12,0.0013727294281125069,240.0,240.0
N24002000,2025-01,0.0007388297225167095,240.0,240.0
N24002000,2025-03,0.006488884333521128,106.47375250796667,240.0
N24002000,2025-04,0.013378175906836987,51.464433949742244,119.49671507538149
N24002000,2025-05,0.01920122466981411,35.751419600456586,83.01222560240687
N24002001,2024-07,0.00042276985573019843,240.0,240.0
N24002001,2024-09,0.0007991570746526122,240.0,240.0
N24002001,2024-10,0.00029084773268550634,240.0,240.0
N24002001,2024-11,0.0005420162342488766,240.0,240.0
N24002001,2024-12,0.0006252206512726843,240.0,240.0
N24002001,2025-01,0.0005319747099716832,240.0,240.0
N24002001,2025-03,0.0009686890407465398,240.0,240.0
N24002001,2025-04,0.0026415286120027304,240.0,240.0
N24002001,2025-05,0.00323412730358541,213.97602733007554,240.0
N24002002,2024-07,0.000535902564687718,240.0,240.0
N24002002,2024-09,0.0029410964343696833,235.32971096718015,240.0
N24002002,2024-10,0.0012815026566386223,240.0,240.0
N24002002,2024-11,0.0016441786428913474,240.0,240.0
N24002002,2024-12,0.0012759208912029862,240.0,240.0
N24002002,2025-01,0.0004734577692081521,240.0,240.0
N24002002,2025-03,0.0018051054794341326,240.0,240.0
N24002002,2025-04,0.005739498883485794,120.4209858003361,240.0
N24002002,2025-05,0.00675601651892066,102.25005760318538,237.4172814526873
N24002003,2024-07,0.0005133923296541942,240.0,240.0
N24002003,2024-09,0.0015971313696354628,240.0,240.0
N24002003,2024-10,0.0006570847472175956,240.0,240.0
N24002003,2024-11,0.00045200210297480226,240.0,240.0
N24002003,2024-12,0.0008632709505036473,240.0,240.0
N24002003,2025-01,0.00038256695267757657,240.0,240.0
N24002003,2025-03,0.0008673162665218115,240.0,240.0
N24002003,2025-04,0.002961487974971533,233.70694243530806,240.0
N24002003,2025-05,0.003215434029698372,215.2220171476516,240.0
N24002004,2024-07,0.00041187948879040093,240.0,240.0
N24002004,2024-09,0.0008668688824400306,240.0,240.0
N24002004,2024-10,0.0004026316455565393,240.0,240.0
N24002004,2024-11,0.0005365645047277212,240.0,240.0
N24002004,2024-12,0.0005297071766108274,240.0,240.0
N24002004,2025-01,0.00027494897208790725,240.0,240.0
N24002004,2025-03,0.0013017593882977962,240.0,240.0
N24002004,2025-04,0.006685212254524231,103.33668491963194,239.94035194741662
N24002004,2025-05,0.006197020877152681,111.50474483385338,240.0
N24002005,2024-07,0.0005148441930702408,240.0,240.0
N24002005,2024-09,0.0007956438348628581,240.0,240.0
N24002005,2024-10,0.0007417606539092958,240.0,240.0
N24002005,2024-11,0.00034805265022441745,240.0,240.0
N24002005,2024-12,0.0006628060946241021,240.0,240.0
N24002005,2025-01,0.00047833699098287497,240.0,240.0
N24002005,2025-03,0.004184208810329437,165.31106888890147,240.0
N24002005,2025-04,0.009464741684496403,72.8875414663893,169.23963029807692
N24002005,2025-05,0.012536800466477871,54.94169924098827,127.57067504850232
N24002006,2024-07,0.003054815833964608,226.5563490005651,240.0
N24002006,2024-09,0.00843801163136959,81.79873275923879,189.9307757198598
N24002006,2024-10,0.0067421309649944305,102.46135903650615,237.90790818720475
N24002006,2024-11,0.009253265336155891,74.5612764051758,173.1259224758399
N24002006,2024-12,0.008965494111180305,76.9656758068583,178.70876499793684
N24002006,2025-01,0.0039037473092945474,177.21263904984497,240.0
N24002006,2025-03,0.015607659704983234,44.063223389228696,102.31163633874804
N24002006,2025-04,0.023208921775221825,29.51761859144545,68.53778790164672
N24002006,2025-05,0.035795316100120544,19.015507530132556,44.15264117275698
N24002007,2024-07,0.00039231705012199303,240.0,240.0
N24002007,2024-09,0.0005381451337598264,240.0,240.0
N24002007,2024-10,0.0004987818538211286,240.0,240.0
N24002007,2024-11,0.0003417476254981011,240.0,240.0
N24002007,2024-12,0.0003524219791870564,240.0,240.0
N24002007,2025-01,0.00013106801285023284,240.0,240.0
N24002007,2025-03,0.0007913818117231131,240.0,240.0
N24002007,2025-04,0.0017145973397418857,240.0,240.0
N24002007,2025-05,0.002270591678097844,240.0,240.0
N24002008,2024-07,0.000654205293361243,240.0,240.0
N24002008,2024-09,0.007209999952465296,95.78992731623255,222.41732344277872
N24002008,2024-10,0.002731889020651579,240.0,240.0
N24002008,2024-11,0.0010423214407637715,240.0,240.0
N24002008,2024-12,0.0008898964151740074,240.0,240.0
N24002008,2025-01,0.0004062478348869636,240.0,240.0
N24002008,2025-03,0.0011256277794018388,240.0,240.0
N24002008,2025-04,0.005537012591958046,124.83743009823547,240.0
N24002008,2025-05,0.006177991162985563,111.84927628893884,240.0
N24002009,2024-07,0.0004561670628406844,240.0,240.0
N24002009,2024-09,0.0008746647508814931,240.0,240.0
N24002009,2024-10,0.0005351227009668946,240.0,240.0
N24002009,2024-11,0.0009184228256344795,240.0,240.0
N24002009,2024-12,0.0007520545623265207,240.0,240.0
N24002009,2025-01,0.0003959748642626826,240.0,240.0
N24002009,2025-03,0.0010390635579824448,240.0,240.0
N24002009,2025-04,0.00355067802593112,194.8686630419893,240.0
N24002009,2025-05,0.0034115819726139307,202.82793978389358,240.0
N24002010,2024-07,0.0010525697618253282,240.0,240.0
N24002010,2024-09,0.0025538017507642508,240.0,240.0
N24002010,2024-10,0.0017963382415473461,240.0,240.0
N24002010,2024-11,0.0010696672834455967,240.0,240.0
N24002010,2024-12,0.0010996782220900059,240.0,240.0
N24002010,2025-01,0.0005568656332902711,240.0,240.0
N24002010,2025-03,0.001396680367179215,240.0,240.0
N24002010,2025-04,0.004408648237586021,156.8775953717837,240.0
N24002010,2025-05,0.007393028121441603,93.40986833642299,216.89099763007
N24002011,2024-07,0.0003213907342612954,240.0,240.0
N24002011,2024-09,0.0018925718031823635,240.0,240.0
N24002011,2024-10,0.001481415587477386,240.0,240.0
N24002011,2024-11,0.001934054889716208,240.0,240.0
N24002011,2024-12,0.0024981724563986063,240.0,240.0
N24002011,2025-01,0.0011320862118751052,240.0,240.0
N24002011,2025-03,0.004113059025257826,168.17670728403402,240.0
N24002011,2025-04,0.0055265226401388645,125.07504441456608,240.0
N24002011,2025-05,0.007318807765841484,94.36066525636119,219.09867971100684
N24002012,2024-07,0.0006515350198047498,240.0,240.0
N24002012,2024-09,0.004384436644613743,157.74581636135255,240.0
N24002012,2024-10,0.001244649407453835,240.0,240.0
N24002012,2024-11,0.0013332429807633162,240.0,240.0
N24002012,2024-12,0.001368246739730239,240.0,240.0
N24002012,2025-01,0.0007581542290168164,240.0,240.0
N24002012,2025-03,0.003502549370750785,197.55112814823866,240.0
N24002012,2025-04,0.003971852827817202,174.16801634013694,240.0
N24002012,2025-05,0.0043910229578614235,157.50868497719566,240.0
N24002013,2024-07,0.001969881161072662,240.0,240.0
N24002013,2024-09,0.02547207660973072,26.863976547448004,62.376221885914724
N24002013,2024-10,0.006282389629632235,109.98483443245748,240.0
N24002013,2024-11,0.0061262729577720165,112.79644350723326,240.0
N24002013,2024-12,0.006326301489025354,109.21900159672157,240.0
N24002013,2025-01,0.002880760117407788,240.0,240.0
N24002013,2025-03,0.010301501490175724,66.93886238767061,155.42722521773135
N24002013,2025-04,0.011265440843999386,61.18140546991774,142.05882424529736
N24002013,2025-05,0.011592580005526543,59.44506660994102,138.0271702640727
N24002014,2024-07,0.0007052479437444914,240.0,240.0
N24002014,2024-09,0.003266224404796958,211.86988107610762,240.0
N24002014,2024-10,0.0011463598348200321,240.0,240.0
N24002014,2024-11,0.001312412554398179,240.0,240.0
N24002014,2024-12,0.001365944859571755,240.0,240.0
N24002014,2025-01,0.0008194791465550022,240.0,240.0
N24002014,2025-03,0.002235929947346449,240.0,240.0
N24002014,2025-04,0.002475806511938572,240.0,240.0
N24002014,2025-05,0.003131653182208538,220.9891148952696,240.0
N24002015,2024-07,0.0010407253772798386,240.0,240.0
N24002015,2024-09,0.001879328629001975,240.0,240.0
N24002015,2024-10,0.0006442514713853598,240.0,240.0
N24002015,2024-11,0.0006245027179829776,240.0,240.0
N24002015,2024-12,0.0006360684637911618,240.0,240.0
N24002015,2025-01,0.0003587223687040453,240.0,240.0
N24002015,2025-03,0.0013159416848793626,240.0,240.0
N24002015,2025-04,0.002183474600315094,240.0,240.0
N24002015,2025-05,0.00347313703969121,199.227032247383,240.0
N24002016,2024-07,0.0006345327466774631,240.0,240.0
N24002016,2024-09,0.0023375956807285547,240.0,240.0
N24002016,2024-10,0.0007171253673732281,240.0,240.0
N24002016,2024-11,0.0007355731795541942,240.0,240.0
N24002016,2024-12,0.0007684119627811015,240.0,240.0
N24002016,2025-01,0.0008484431608937193,240.0,240.0
N24002016,2025-03,0.0010855027940124273,240.0,240.0
N24002016,2025-04,0.0016811992973089218,240.0,240.0
N24002016,2025-05,0.0016780674923211336,240.0,240.0
N24002017,2024-07,0.0006375284466580977,240.0,240.0
N24002017,2024-09,0.0011993302032351494,240.0,240.0
N24002017,2024-10,0.0004202445852570236,240.0,240.0
N24002017,2024-11,0.0003336491354275495,240.0,240.0
N24002017,2024-12,0.0002590157091617584,240.0,240.0
N24002017,2025-01,0.00011985986384821512,240.0,240.0
N24002017,2025-03,0.0004727090708911419,240.0,240.0
N24002017,2025-04,0.0005737454048357904,240.0,240.0
N24002017,2025-05,0.0006074045668356121,240.0,240.0
N24002018,2024-07,0.0008824801534561555,240.0,240.0
N24002018,2024-09,0.010363827459514141,66.53421410355824,154.48766099830286
N24002018,2024-10,0.0029492133762687445,234.68107242107257,240.0
N24002018,2024-11,0.0016196403885260224,240.0,240.0
N24002018,2024-12,0.006852592341601849,100.80411862530181,234.05991511644672
N24002018,2025-01,0.07156986827557787,9.334039651122064,21.67296890473295
N24002018,2025-03,0.493347704410553,1.0194385542549855,2.3670630201360052
N24002018,2025-04,0.27346035838127136,2.169731225059695,5.03795988982048
N24002018,2025-05,0.2775020897388458,2.1324931647324554,4.9514957913475515
N24002019,2024-07,0.0010368346937810191,240.0,240.0
N24002019,2024-09,0.005506719928234816,125.52607531373796,240.0
N24002019,2024-10,0.0010359337320551276,240.0,240.0
N24002019,2024-11,0.0007932784501463175,240.0,240.0
N24002019,2024-12,0.0011120992712676525,240.0,240.0
N24002019,2025-01,0.00043713839552372846,240.0,240.0
N24002019,2025-03,0.001133131212554872,240.0,240.0
N24002019,2025-04,0.0021072998642921448,240.0,240.0
N24002019,2025-05,0.0020533986389636993,240.0,240.0
N24002020,2024-07,0.0011692545249740727,240.0,240.0
N24002020,2024-09,0.0038074757903814316,181.70221141863476,240.0
N24002020,2024-10,0.0021732954774051905,240.0,240.0
N24002020,2024-11,0.0010736279655247927,240.0,240.0
N24002020,2024-12,0.0013694069348275661,240.0,240.0
N24002020,2025-01,0.0012528975534605857,240.0,240.0
N24002020,2025-03,0.003616039175540209,191.34007311297927,240.0
N24002020,2025-04,0.002062923274934292,240.0,240.0
N24002020,2025-05,0.00290289125405252,238.43146955368454,240.0
N24002021,2024-07,0.0004314135724338142,240.0,240.0
N24002021,2024-09,0.0008117847610265017,240.0,240.0
N24002021,2024-10,0.0003502745821606368,240.0,240.0
N24002021,2024-11,0.0003581416967790574,240.0,240.0
N24002021,2024-12,0.0003793736977968365,240.0,240.0
N24002021,2025-01,0.00019575481802769357,240.0,240.0
N24002021,2025-03,0.0004269613709766418,240.0,240.0
N24002021,2025-04,0.00025875333813019097,240.0,240.0
N24002021,2025-05,0.000268708448857069,240.0,240.0
N24002022,2024-07,0.000413416485134821,240.0,240.0
N24002022,2024-09,0.0005630506202578545,240.0,240.0
N24002022,2024-10,0.0005506696179509163,240.0,240.0
N24002022,2024-11,0.0007778606959618628,240.0,240.0
N24002022,2024-12,0.00030916521791368723,240.0,240.0
N24002022,2025-01,0.0001584994488502689,240.0,240.0
N24002022,2025-03,0.0005341314827091992,240.0,240.0
N24002022,2025-04,0.000604621774982661,240.0,240.0
N24002022,2025-05,0.000602714775595814,240.0,240.0
N24002023,2024-07,0.0003170147989023375,240.0,240.0
N24002023,2024-09,0.0008291201665997505,240.0,240.0
N24002023,2024-10,0.0005104992305859923,240.0,240.0
N24002023,2024-11,0.0005643672193400562,240.0,240.0
N24002023,2024-12,0.0004801441100426018,240.0,240.0
N24002023,2025-01,0.00024010087923742596,240.0,240.0
N24002023,2025-03,0.0005106118624098599,240.0,240.0
N24002023,2025-04,0.0005265899817459285,240.0,240.0
N24002023,2025-05,0.0007448681863024831,240.0,240.0
N24002024,2024-07,0.0003240504021260193,240.0,240.0
N24002024,2024-09,0.0006931431707926095,240.0,240.0
N24002024,2024-10,0.0003460267325863242,240.0,240.0
N24002024,2024-11,0.00036462899879552424,240.0,240.0
N24002024,2024-12,0.0003597052418626845,240.0,240.0
N24002024,2025-01,0.00017998709657573997,240.0,240.0
N24002024,2025-03,0.0006804123404435813,240.0,240.0
N24002024,2025-04,0.0007258833502419293,240.0,240.0
N24002024,2025-05,0.0009094831184484065,240.0,240.0
N24002025,2024-07,0.001037676667823506,240.0,240.0
N24002025,2024-09,0.0016300706192851067,240.0,240.0
N24002025,2024-10,0.0014993036165833473,240.0,240.0
N24002025,2024-11,0.0012993903364986181,240.0,240.0
N24002025,2024-12,0.00104787468444556,240.0,240.0
N24002025,2025-01,0.00045480077237702865,240.0,240.0
N24002025,2025-03,0.0008477087249048054,240.0,240.0
N24002025,2025-04,0.0010496445465832949,240.0,240.0
N24002025,2025-05,0.0016042275819927454,240.0,240.0
N24002026,2024-07,0.0005126242930127978,240.0,240.0
N24002026,2024-09,0.0011629238724708557,240.0,240.0
N24002026,2024-10,0.0007108247955329716,240.0,240.0
N24002026,2024-11,0.0009129824466072023,240.0,240.0
N24002026,2024-12,0.0007730367942713201,240.0,240.0
N24002026,2025-01,0.00037261961101819896,240.0,240.0
N24002026,2025-03,0.0008277769084088504,240.0,240.0
N24002026,2025-04,0.0009083139593712986,240.0,240.0
N24002027,2024-07,0.0002540872705347752,240.0,240.0
N24002027,2024-09,0.00047771743265911937,240.0,240.0
N24002027,2024-10,0.0002837256179191172,240.0,240.0
N24002027,2024-11,0.00032786300289444625,240.0,240.0
N24002027,2024-12,0.00031964058871380985,240.0,240.0
N24002027,2025-01,0.0001933886527801798,240.0,240.0
N24002027,2025-03,0.000618870893958956,240.0,240.0
N24002027,2025-04,0.00033767957938835025,240.0,240.0
N24002027,2025-05,0.0007894329028204083,240.0,240.0
N24002028,2024-07,0.000538938095746011,240.0,240.0
N24002028,2024-09,0.0018010716885328293,240.0,240.0
N24002028,2024-10,0.0008051029872149229,240.0,240.0
N24002028,2024-11,0.00048294453881680965,240.0,240.0
N24002028,2024-12,0.0003397831169422716,240.0,240.0
N24002028,2025-01,0.00019753418322254745,240.0,240.0
N24002028,2025-03,0.0005146192270331085,240.0,240.0
N24002028,2025-04,0.0005608692299574614,240.0,240.0
N24002028,2025-05,0.0006960518658161163,240.0,240.0
N24002029,2024-07,0.000378971144028184,240.0,240.0
N24002029,2024-09,0.0011179811554029584,240.0,240.0
N24002029,2024-10,0.0003854452515952289,240.0,240.0
N24002029,2024-11,0.00041283509926870465,240.0,240.0
N24002029,2024-12,0.0004770273808389902,240.0,240.0
N24002029,2025-01,0.00021705425424245472,240.0,240.0
N24002029,2025-03,0.0006341048865579069,240.0,240.0
N24002029,2025-04,0.0007087711128406227,240.0,240.0
N24002029,2025-05,0.0005404219846241176,240.0,240.0
N24002030,2024-07,0.0028674418780205713,240.0,240.0
N24002030,2024-09,0.04504642263054848,15.038160918845648,34.91752833290486
N24002030,2024-10,0.10815893858671188,6.055414173198572,14.060236294928893
N24002030,2024-11,0.13200074434280396,4.896337451550442,11.368943490804162
N24002030,2024-12,0.1248738244175911,5.196504374655634,12.065909502717998
N24002030,2025-01,0.05840803134237582,11.517276839624417,26.74228867051946
N24002030,2025-03,0.261222779750824,2.289436451422469,5.315906818017057
N24002030,2025-04,0.37965068221092224,1.45170060465519,3.3707444193138567
N24002030,2025-05,0.4739021956920624,1.079217749272666,2.5058660125373082
N24002031,2024-07,0.0005898620443219871,240.0,240.0
N24002031,2024-09,0.0011316522723063827,240.0,240.0
N24002031,2024-10,0.0005750195705331862,240.0,240.0
N24002031,2024-11,0.0003672167076729238,240.0,240.0
N24002031,2024-12,0.0004240134439896792,240.0,240.0
N24002031,2025-01,0.0003267102808602873,240.0,240.0
N24002031,2025-03,0.001029499340802431,240.0,240.0
N24002031,2025-04,0.0010802976321429014,240.0,240.0
N24002031,2025-05,0.0013644119026139379,240.0,240.0
N24002032,2024-07,0.00040796071055171357,240.0,240.0
N24002032,2024-09,0.0017987285973504186,240.0,240.0
N24002032,2024-10,0.0004309829091653228,240.0,240.0
N24002032,2024-11,0.0004067168920300901,240.0,240.0
N24002032,2024-12,0.0004134128103032708,240.0,240.0
N24002032,2025-01,0.00013992131708218114,240.0,240.0
N24002032,2025-03,0.0005118625122122467,240.0,240.0
N24002032,2025-04,0.00045261604827828705,240.0,240.0
N24002032,2025-05,0.0004618967941496521,240.0,240.0
N24002033,2024-07,0.0004587890913977377,240.0,240.0
N24002033,2024-09,0.001755413948558271,240.0,240.0
N24002033,2024-10,0.0015642920043319464,240.0,240.0
N24002033,2024-11,0.001517894328571856,240.0,240.0
N24002033,2024-12,0.0010049332631751895,240.0,240.0
N24002033,2025-01,0.0003871648573677833,240.0,240.0
N24002033,2025-03,0.0014387537958100438,240.0,240.0
N24002033,2025-04,0.002657342702150345,240.0,240.0
N24002033,2025-05,0.0025725376326590776,240.0,240.0
N24002034,2024-07,0.00046444823694102855,240.0,240.0
N24002034,2024-09,0.00149678869638592,240.0,240.0
N24002034,2024-10,0.0006175357266329229,240.0,240.0
N24002034,2024-11,0.0006679332000203431,240.0,240.0
N24002034,2024-12,0.0007076989859342575,240.0,240.0
N24002034,2025-01,0.0005527262855050674,240.0,240.0
N24002034,2025-03,0.0020697233267128468,240.0,240.0
N24002034,2025-04,0.0014163844753056765,240.0,240.0
N24002034,2025-05,0.0021686172112822533,240.0,240.0
N24002035,2024-07,0.0005079625655307618,240.0,240.0
N24002035,2024-09,0.0010056711034849286,240.0,240.0
N24002035,2024-10,0.0005357284680940211,240.0,240.0
N24002035,2024-11,0.0006705555715598166,240.0,240.0
N24002035,2024-12,0.0006884410977363586,240.0,240.0
N24002035,2025-01,0.0002517436157096764,240.0,240.0
N24002035,2025-03,0.0005757640465162694,240.0,240.0
N24002035,2025-04,0.0004510211874730885,240.0,240.0
N24002035,2025-05,0.000808787764981389,240.0,240.0
N24002036,2024-07,0.0005843644208579635,240.0,240.0
N24002036,2024-09,0.0017311630072072148,240.0,240.0
N24002036,2024-10,0.0006767667946405709,240.0,240.0
N24002036,2024-11,0.0006384802400134504,240.0,240.0
N24002036,2024-12,0.0007881539640948176,240.0,240.0
N24002036,2025-01,0.00024157467380736541,240.0,240.0
N24002036,2025-03,0.0013402227777987719,240.0,240.0
N24002036,2025-04,0.0012468345230445266,240.0,240.0
N24002036,2025-05,0.0020426802802830935,240.0,240.0
N24002037,2024-07,0.0002683824699889481,240.0,240.0
N24002037,2024-09,0.0005641265888698399,240.0,240.0
N24002037,2024-10,0.0004655653319787234,240.0,240.0
N24002037,2024-11,0.00031220540404319763,240.0,240.0
N24002037,2024-12,0.0002962459111586213,240.0,240.0
N24002037,2025-01,0.00014840338151966836,240.0,240.0
N24002037,2025-03,0.0003205680404789746,240.0,240.0
N24002037,2025-04,0.0003366029995959252,240.0,240.0
N24002037,2025-05,0.000535046448931098,240.0,240.0
N24002038,2024-07,0.000515228736309048,240.0,240.0
N24002038,2024-09,0.0008821254596114159,240.0,240.0
N24002038,2024-10,0.0006561242043972015,240.0,240.0
N24002038,2024-11,0.0004966692067682743,240.0,240.0
N24002038,2024-12,0.0005063554272055626,240.0,240.0
N24002038,2025-01,0.00028030716518745447,240.0,240.0
N24002038,2025-03,0.0017566493479534984,240.0,240.0
N24002038,2025-04,0.0020556128583848476,240.0,240.0
N24002038,2025-05,0.0016859687166288495,240.0,240.0
N24002039,2024-07,0.00040416161277623264,240.0,240.0
N24002039,2024-09,0.0031820482108742,217.48375103867377,240.0
N24002039,2024-10,0.0005046788137406111,240.0,240.0
N24002039,2024-11,0.000302284985082224,240.0,240.0
N24002039,2024-12,0.0004549397563096136,240.0,240.0
N24002039,2025-01,0.0001216875068178469,240.0,240.0
N24002039,2025-03,0.0006391317583620548,240.0,240.0
N24002039,2025-04,0.0003607079852372408,240.0,240.0
N24002039,2025-05,0.0009642246877774596,240.0,240.0
N24002040,2024-07,0.00020187744396449325,240.0,240.0
N24002040,2024-09,0.0005275639123283327,240.0,240.0
N24002040,2024-10,0.0002862876863218844,240.0,240.0
N24002040,2024-11,0.00029352112323977053,240.0,240.0
N24002040,2024-12,0.00020997416868340224,240.0,240.0
N24002040,2025-01,8.94721606004012e-05,240.0,240.0
N24002040,2025-03,0.0007543988758698106,240.0,240.0
N24002040,2025-04,0.0007143724360503256,240.0,240.0
N24002040,2025-05,0.0007346880156546831,240.0,240.0
N24002041,2024-07,0.0005930619822697158,240.0,240.0
N24002041,2024-09,0.0007840922917239368,240.0,240.0
N24002041,2024-10,0.0007722004083916545,240.0,240.0
N24002041,2024-11,0.000562249100767076,240.0,240.0
N24002041,2024-12,0.0005389672005549073,240.0,240.0
N24002041,2025-01,0.00022079094182869685,240.0,240.0
N24002041,2025-03,0.001161256106570363,240.0,240.0
N24002041,2025-04,0.0010703614680096507,240.0,240.0
N24002041,2025-05,0.0015594067517668009,240.0,240.0
N24002042,2024-07,0.00031715518208619287,240.0,240.0
N24002042,2024-09,0.0007704561576247215,240.0,240.0
N24002042,2024-10,0.0003591463901102543,240.0,240.0
N24002042,2024-11,0.00022435240680351853,240.0,240.0
N24002042,2024-12,0.00037670592428185046,240.0,240.0
N24002042,2025-01,0.0002724597095351555,240.0,240.0
N24002042,2025-03,0.0008844743715599179,240.0,240.0
N24002042,2025-04,0.0005018420633859932,240.0,240.0
N24002042,2025-05,0.004108992405235767,168.34349320571778,240.0
N24002043,2024-07,0.00029772868916511097,240.0,240.0
N24002043,2024-09,0.0007050668355077505,240.0,240.0
N24002043,2024-10,0.0002370421716477722,240.0,240.0
N24002043,2024-11,0.00021455973910633475,240.0,240.0
N24002043,2024-12,0.0003542178019415587,240.0,240.0
N24002043,2025-01,0.00019683690712690716,240.0,240.0
N24002043,2025-03,0.0009386596502736211,240.0,240.0
N24002043,2025-04,0.0017585140885785222,240.0,240.0
N24002043,2025-05,0.0017968614120036364,240.0,240.0
N24002044,2024-07,0.0005463774629662632,240.0,240.0
N24002044,2024-09,0.0014019106747582555,240.0,240.0
N24002044,2024-10,0.0008246321813203394,240.0,240.0
N24002044,2024-11,0.0007802752661518753,240.0,240.0
N24002044,2024-12,0.0007945293909870088,240.0,240.0
N24002044,2025-01,0.00041131656363346814,240.0,240.0
N24002044,2025-03,0.0019365528132766485,240.0,240.0
N24002044,2025-04,0.003052405547350645,226.73551979577158,240.0
N24002044,2025-05,0.020471250638365746,33.511774159028285,77.81192992936808
N24002045,2024-07,0.00038432613887529055,240.0,240.0
N24002045,2024-09,0.001616072840988636,240.0,240.0
N24002045,2024-10,0.0007119254441931844,240.0,240.0
N24002045,2024-11,0.000418717012507841,240.0,240.0
N24002045,2024-12,0.000467454781755805,240.0,240.0
N24002045,2025-01,0.00024319840628150846,240.0,240.0
N24002045,2025-03,0.0006954140262678266,240.0,240.0
N24002045,2025-04,0.0005745794042013586,240.0,240.0
N24002045,2025-05,0.001032607746310532,240.0,240.0
N24002046,2024-07,0.0005546184418351308,240.0,240.0
N24002046,2024-09,0.001776698394678533,240.0,240.0
N24002046,2024-10,0.0006879140855744481,240.0,240.0
N24002046,2024-11,0.0005325279198586941,240.0,240.0
N24002046,2024-12,0.0010369414230808616,240.0,240.0
N24002046,2025-01,0.00030258280243011804,240.0,240.0
N24002046,2025-03,0.0011752157006412745,240.0,240.0
N24002046,2025-04,0.0015540104359388351,240.0,240.0
N24002046,2025-05,0.001983824884518981,240.0,240.0
N24002047,2024-07,0.006307915303657374,109.53836328123414,240.0
N24002047,2024-09,0.026734301820397377,25.579120666800705,59.39287891875852
N24002047,2024-10,0.056142400950193405,11.996322400558903,27.854598017184323
N24002048,2024-07,0.0003989803599864228,240.0,240.0
N24002048,2024-09,0.000871452852152288,240.0,240.0
N24002048,2024-10,0.0006257044151425362,240.0,240.0
N24002048,2024-11,0.0006066365749575198,240.0,240.0
N24002048,2024-12,0.0005655101267620921,240.0,240.0
N24002048,2025-01,0.000339123151569809,240.0,240.0
N24002048,2025-03,0.000923242187127471,240.0,240.0
N24002048,2025-04,0.0012476691044867039,240.0,240.0
N24002048,2025-05,0.0013735605170950294,240.0,240.0
N24002049,2024-07,0.00038834285512112654,240.0,240.0
N24002049,2024-09,0.0015676065813750029,240.0,240.0
N24002049,2024-10,0.0007625209982506931,240.0,240.0
N24002049,2024-11,0.0008407871937379241,240.0,240.0
N24002049,2024-12,0.0008898107334971428,240.0,240.0
N24002049,2025-01,0.00044503006220519836,240.0,240.0
N24002049,2025-03,0.0015392452478408813,240.0,240.0
N24002049,2025-04,0.0018861469579860568,240.0,240.0
N24002049,2025-05,0.002030696254223585,240.0,240.0
N24002050,2024-07,0.00037319896418663845,240.0,240.0
N24002050,2024-09,0.0012905034236609936,240.0,240.0
N24002050,2024-10,0.0003250779991503805,240.0,240.0
N24002050,2024-11,0.0003409300115890801,240.0,240.0
N24002050,2024-12,0.0005164401372894645,240.0,240.0
N24002050,2025-01,0.00022727885335271925,240.0,240.0
N24002050,2025-03,0.0006612293655052781,240.0,240.0
N24002050,2025-04,0.0005741742788814008,240.0,240.0
N24002050,2025-05,0.0009450079523958266,240.0,240.0
N24002051,2024-07,0.0004570439250750624,240.0,240.0
N24002051,2024-09,0.0016825589118525386,240.0,240.0
N24002051,2024-10,0.00024703447706997395,240.0,240.0
N24002051,2024-11,0.00027220029733143747,240.0,240.0
N24002051,2024-12,0.00041995503124780953,240.0,240.0
N24002051,2025-01,0.00015947429111939915,240.0,240.0
N24002051,2025-03,0.0005968604818917811,240.0,240.0
N24002051,2025-04,0.0006213528686203063,240.0,240.0
N24002051,2025-05,0.0006612901925109327,240.0,240.0
N24002052,2024-07,0.0005706099820212973,240.0,240.0
N24002052,2024-09,0.0013752719387412071,240.0,240.0
N24002052,2024-10,0.0008854259504005313,240.0,240.0
N24002052,2024-11,0.0009080146555788815,240.0,240.0
N24002052,2024-12,0.0010539361974224448,240.0,240.0
N24002052,2025-01,0.0005441565028010409,240.0,240.0
N24002052,2025-03,0.001701677218079567,240.0,240.0
N24002052,2025-04,0.002278704894706607,240.0,240.0
N24002052,2025-05,0.0033064945600926876,209.28526925928222,240.0
N24002053,2024-07,0.0003050050643040869,240.0,240.0
N24002053,2024-09,0.001125876558944583,240.0,240.0
N24002053,2024-10,0.0006409925990737975,240.0,240.0
N24002053,2024-11,0.00039662906783632934,240.0,240.0
N24002053,2024-12,0.00031924498034641147,240.0,240.0
N24002053,2025-01,0.00023035472609767016,240.0,240.0
N24002053,2025-03,0.0005627683713100851,240.0,240.0
N24002053,2025-04,0.0005997719126753509,240.0,240.0
N24002053,2025-05,0.0006630104617215693,240.0,240.0
N24002054,2024-07,0.0005024037196460496,240.0,240.0
N24002054,2024-09,0.000670414068736136,240.0,240.0
N24002054,2024-10,0.0005467265145853162,240.0,240.0
N24002054,2024-11,0.00039462189306505024,240.0,240.0
N24002054,2024-12,0.000499208050314337,240.0,240.0
N24002054,2025-01,0.0002754202345796042,240.0,240.0
N24002054,2025-03,0.0012355720391497016,240.0,240.0
N24002054,2025-04,0.0014444640837609768,240.0,240.0
N24002054,2025-05,0.0015448322519659996,240.0,240.0
N24002055,2024-07,0.00043096072529691387,240.0,240.0
N24002055,2024-09,0.0031971889548003674,216.4521827442693,240.0
N24002055,2024-10,0.001140470034442842,240.0,240.0
N24002055,2024-11,0.0012939557200297713,240.0,240.0
N24002055,2024-12,0.00137992762029171,240.0,240.0
N24002055,2025-01,0.0006490391402887985,240.0,240.0
N24002055,2025-03,0.0019920365884900093,240.0,240.0
N24002055,2025-04,0.0023175219539552927,240.0,240.0
N24002055,2025-05,0.0025995601899921894,240.0,240.0
N24002056,2024-07,0.0011508595883847894,240.0,240.0
N24002056,2024-09,0.003772321157157421,183.39874610769047,240.0
N24002056,2024-10,0.001953347120434046,240.0,240.0
N24002056,2024-11,0.001971971709281206,240.0,240.0
N24002056,2024-12,0.0021977957803756,240.0,240.0
N24002056,2025-01,0.0005702887253029587,240.0,240.0
N24002056,2025-03,0.000965043087489903,240.0,240.0
N24002056,2025-04,0.001582354074344039,240.0,240.0
N24002056,2025-05,0.0014492238406091928,240.0,240.0
N24002057,2024-07,0.00046647279772960015,240.0,240.0
N24002057,2024-09,0.0017001088708639145,240.0,240.0
N24002057,2024-10,0.0006082248874008656,240.0,240.0
N24002057,2024-11,0.0006607146933674812,240.0,240.0
N24002057,2024-12,0.0006869775825180113,240.0,240.0
N24002057,2025-01,0.00028486445394382276,240.0,240.0
N24002057,2025-03,0.001254682312719524,240.0,240.0
N24002057,2025-04,0.0015521005261689425,240.0,240.0
N24002057,2025-05,0.002911290852352977,237.74255093504254,240.0
N24002058,2024-07,0.0014441746470235106,240.0,240.0
N24002058,2024-09,0.006491870153695345,106.42462205297468,240.0
N24002058,2024-10,0.0024598657619208097,240.0,240.0
N24002058,2024-11,0.0024893376976251602,240.0,240.0
N24002058,2024-12,0.0015492559177801013,240.0,240.0
N24002058,2025-01,0.001173744685468714,240.0,240.0
N24002058,2025-03,0.0013172394828870893,240.0,240.0
N24002058,2025-04,0.0009567737579345703,240.0,240.0
N24002058,2025-05,0.0012006291653960943,240.0,240.0
N24002059,2024-07,0.0004623867012891747,240.0,240.0
N24002059,2024-09,0.0006565849180333316,240.0,240.0
N24002059,2024-10,0.0004328406066633761,240.0,240.0
N24002059,2024-11,0.0004373804840724915,240.0,240.0
N24002059,2024-12,0.0003438332350924611,240.0,240.0
N24002059,2025-01,0.00016470730956774648,240.0,240.0
N24002059,2025-03,0.0005094982916489244,240.0,240.0
N24002059,2025-04,0.0006868868949823081,240.0,240.0
N24002059,2025-05,0.0006174551090225577,240.0,240.0
N24002060,2024-07,0.0003378146079048294,240.0,240.0
N24002060,2024-09,0.0032590972259640694,212.3339688930001,240.0
N24002060,2024-10,0.0008959716069512069,240.0,240.0
N24002060,2024-11,0.00032265420304611325,240.0,240.0
N24002060,2024-12,0.0003445012553129345,240.0,240.0
N24002060,2025-01,0.00012321056579545075,240.0,240.0
N24002060,2025-03,0.0006230978178791702,240.0,240.0
N24002060,2025-04,0.0005266954540275037,240.0,240.0
N24002060,2025-05,0.0006352291093207896,240.0,240.0
N24002061,2024-07,0.000484907871566298,240.0,240.0
N24002061,2024-09,0.001172656542621553,240.0,240.0
N24002061,2024-10,0.00048041195259429514,240.0,240.0
N24002061,2024-11,0.0005981922731734812,240.0,240.0
N24002061,2024-12,0.0005228255176916718,240.0,240.0
N24002061,2025-01,0.00024038970227968637,240.0,240.0
N24002061,2025-03,0.0008642165339551866,240.0,240.0
N24002061,2025-04,0.0014487436274066567,240.0,240.0
N24002061,2025-05,0.0009841419523581862,240.0,240.0
N24002062,2024-07,0.0004707111373427608,240.0,240.0
N24002062,2024-09,0.0016843123594298959,240.0,240.0
N24002062,2024-10,0.0008353322045877576,240.0,240.0
N24002062,2024-11,0.0008323086076416075,240.0,240.0
N24002062,2024-12,0.000806178548373282,240.0,240.0
N24002062,2025-01,0.0002662241641804286,240.0,240.0
N24002062,2025-03,0.0006832988583482802,240.0,240.0
N24002062,2025-04,0.0008271619444712996,240.0,240.0
N24002062,2025-05,0.0010456637246534228,240.0,240.0
N24002063,2024-07,0.00265671924619737,240.0,240.0
N24002063,2024-09,0.00935282837599516,73.76385334666813,171.2743634727799
N24002063,2024-10,0.004175104666501284,165.67229945283322,240.0
N24002063,2024-11,0.004428455606102943,156.1743689028468,240.0
N24002063,2024-12,0.004372156225144863,158.18986433113793,240.0
N24002063,2025-01,0.0020441166295559476,240.0,240.0
N24002063,2025-03,0.008577683940529823,80.46112660990718,186.82495042183263
N24002063,2025-04,0.015865115448832512,43.3425207262247,100.63821657745893
N24002063,2025-05,0.013113061897456646,52.51195693087742,121.92898811531943
N24002064,2024-07,0.0007598920572167156,240.0,240.0
N24002064,2024-09,0.0009558771271258593,240.0,240.0
N24002064,2024-10,0.00047963406541384757,240.0,240.0
N24002064,2024-11,0.00047320520388893783,240.0,240.0
N24002064,2024-12,0.00057875772472471,240.0,240.0
N24002064,2025-01,0.000316387150644748,240.0,240.0
N24002064,2025-03,0.001620751922018826,240.0,240.0
N24002064,2025-04,0.0012409496121108532,240.0,240.0
N24002064,2025-05,0.0018005685415118933,240.0,240.0
N24002065,2024-07,0.00045302605924080197,240.0,240.0
N24002065,2024-09,0.004474518354982138,154.5630650565245,240.0
N24002065,2024-10,0.0015510206576436758,240.0,240.0
N24002065,2024-11,0.0019371149828657508,240.0,240.0
N24002065,2024-12,0.002837973181158304,240.0,240.0
N24002065,2025-01,0.0019065230708709135,240.0,240.0
N24002065,2025-03,0.005212440155446529,132.63252763896955,240.0
N24002065,2025-04,0.0034186190459877253,202.4097133823791,240.0
N24002065,2025-05,0.0041198283433914185,167.89980474460936,240.0
N24002066,2024-07,0.00038892311997229534,240.0,240.0
N24002066,2024-09,0.0028358353301882744,240.0,240.0
N24002066,2024-10,0.0005776511388830841,240.0,240.0
N24002066,2024-11,0.0005745961098000407,240.0,240.0
N24002066,2024-12,0.0006026068003848195,240.0,240.0
N24002066,2025-01,0.0003230974963158717,240.0,240.0
N24002066,2025-03,0.000878850114531815,240.0,240.0
N24002066,2025-04,0.0010454385774210095,240.0,240.0
N24002066,2025-05,0.00202376302331686,240.0,240.0
N24002067,2024-07,0.004401409047578353,157.13618968028132,240.0
N24002067,2024-09,0.013505205512046814,50.97708623065622,118.36512871445639
N24002067,2024-10,0.007022953126579523,98.35041456772824,228.3625907286275
N24002067,2024-11,0.009021153673529625,76.48866096574974,177.60117083668865
N24002067,2024-12,0.0113037945702672,60.97263684102026,141.57407850052917
N24002067,2025-01,0.006581932054976147,104.96363990534687,240.0
N24002067,2025-03,0.00791271310299635,87.25214768297664,202.59321304436475
N24002067,2025-04,0.011061519384384155,62.31571081012844,144.69259968291334
N24002067,2025-05,0.01675228774547577,41.028720548651215,95.2657389391957
N24002068,2024-07,0.0003884280169008658,240.0,240.0
N24002068,2024-09,0.0004588101292029023,240.0,240.0
N24002068,2024-10,0.00020899446099065244,240.0,240.0
N24002068,2024-11,0.00014695106074213982,240.0,240.0
N24002068,2024-12,0.0002375138719798997,240.0,240.0
N24002068,2025-01,0.00013140874700701133,240.0,240.0
N24002068,2025-03,0.0008431499009020627,240.0,240.0
N24002068,2025-04,0.0008544714073650539,240.0,240.0
N24002068,2025-05,0.0008864964474923909,240.0,240.0
N24002069,2024-07,0.0013437928588608816,240.0,240.0
N24002069,2024-09,0.0034691160544753075,199.45835461382512,240.0
N24002069,2024-10,0.012924632988870144,53.28260638904628,123.71838074355142
N24002069,2024-11,0.11062824726104736,5.912209222655456,13.727724696935876
N24002069,2024-12,0.09133575111627579,7.236896618073008,16.803553577299056
N24002069,2025-01,0.04440250359589126,15.261345774740644,35.43574752016084
N24002069,2025-03,0.19512371718883514,3.193245130278894,7.41448558185682
N24002069,2025-04,0.2413349598646164,2.509630480330012,5.82718152006392
N24002069,2025-05,0.2591361105442047,2.3109654628772063,5.365895634568964
N24002070,2024-07,0.0005807540829297908,240.0,240.0
N24002070,2024-09,0.002115936018526554,240.0,240.0
N24002070,2024-10,0.000531867437530309,240.0,240.0
N24002070,2024-11,0.0007663687574677169,240.0,240.0
N24002070,2024-12,0.0006762703415006399,240.0,240.0
N24002070,2025-01,0.00035464978495436394,240.0,240.0
N24002070,2025-03,0.0014377909246832132,240.0,240.0
N24002070,2025-04,0.0010906849056482315,240.0,240.0
N24002070,2025-05,0.0011298948666080832,240.0,240.0
N24002071,2024-07,0.0004120045121407401,240.0,240.0
N24002071,2024-09,0.000797041691839695,240.0,240.0
N24002071,2024-10,0.0003337032103445381,240.0,240.0
N24002071,2024-11,0.0004475854220800102,240.0,240.0
N24002071,2024-12,0.0004884988302364945,240.0,240.0
N24002071,2025-01,0.00019575735055665788,240.0,240.0
N24002071,2025-03,0.0005375507171265781,240.0,240.0
N24002071,2025-04,0.0005144834285601974,240.0,240.0
N24002071,2025-05,0.0005713439895771444,240.0,240.0
N24002072,2024-07,0.0011638987601954032,240.0,240.0
N24002072,2024-09,0.0033109618816524744,209.00242258315333,240.0
N24002072,2024-10,0.0011740257032215595,240.0,240.0
N24002072,2024-11,0.001242494210600853,240.0,240.0
N24002072,2024-12,0.0017755613662302494,240.0,240.0
N24002072,2025-01,0.0008842684173141491,240.0,240.0
N24002072,2025-03,0.0027525783516466618,240.0,240.0
N24002072,2025-04,0.0028950348496437073,239.0794546748204,240.0
N24002072,2025-05,0.00477565499022603,144.79495389574174,240.0
N24002073,2024-07,0.0010738544863809762,240.0,240.0
N24002073,2024-09,0.00848243199288845,81.36855331300632,188.93192997780952
N24002073,2024-10,0.0034204439725726843,202.3015355949036,240.0
N24002073,2024-11,0.003771219402551651,183.45242708248634,240.0
N24002073,2024-12,0.00391346076503396,176.77192479318876,240.0
N24002073,2025-01,0.0017798651373476249,240.0,240.0
N24002073,2025-03,0.002079714322462678,240.0,240.0
N24002073,2025-04,0.002186531201004982,240.0,240.0
N24002073,2025-05,0.0026126985903829336,240.0,240.0
N24002074,2024-07,0.00046442814596703297,240.0,240.0
N24002074,2024-09,0.0005101280985400081,240.0,240.0
N24002074,2024-10,0.0004576833453029394,240.0,240.0
N24002074,2024-11,0.0004512579180300236,240.0,240.0
N24002074,2024-12,0.0004902109503746033,240.0,240.0
N24002074,2025-01,0.00024782738649253844,240.0,240.0
N24002074,2025-03,0.0007349180523306131,240.0,240.0
N24002074,2025-04,0.0010877738241106272,240.0,240.0
N24002074,2025-05,0.0010417079320177436,240.0,240.0
N24002075,2024-07,0.0012275971814003084,240.0,240.0
N24002075,2024-09,0.017876770347356796,38.42600896230953,89.22242978398008
N24002075,2024-10,0.005859974771738052,117.938097967278,240.0
N24002075,2024-11,0.006074616685509682,113.75857550182499,240.0
N24002075,2024-12,0.0066671245731413364,103.61797616365595,240.0
N24002075,2025-01,0.0023722056445585338,240.0,240.0
N24002075,2025-03,0.011404384858906269,60.431770303366356,140.31822529116613
N24002075,2025-04,0.06731225550174713,9.946890136606497,23.095963664944616
N24002075,2025-05,0.08009807765483856,8.302335038164474,19.277424978281832
N24002076,2024-07,0.000342435888935233,240.0,240.0
N24002076,2024-09,0.0018519475124776363,240.0,240.0
N24002076,2024-10,0.0009942864999175072,240.0,240.0
N24002076,2024-11,0.0008852045866660774,240.0,240.0
N24002076,2024-12,0.0011234366102144122,240.0,240.0
N24002076,2025-01,0.00045696417323648486,240.0,240.0
N24002076,2025-03,0.0018044954631477594,240.0,240.0
N24002076,2025-04,0.00153396837413311,240.0,240.0
N24002076,2025-05,0.0015648893313482404,240.0,240.0
N24002077,2024-07,0.000583223524940113,240.0,240.0
N24002077,2024-09,0.0012173628201708198,240.0,240.0
N24002077,2024-10,0.0003870750078931451,240.0,240.0
N24002077,2024-11,0.0005528057808987796,240.0,240.0
N24002077,2024-12,0.0003983070491813123,240.0,240.0
N24002077,2025-01,0.00020489982208660162,240.0,240.0
N24002077,2025-03,0.0007182234548963606,240.0,240.0
N24002077,2025-04,0.0007500795181840658,240.0,240.0
N24002077,2025-05,0.0009543474297970533,240.0,240.0
N24002078,2024-07,0.000417066718984227,240.0,240.0
N24002078,2024-09,0.0007408098317682743,240.0,240.0
N24002078,2024-10,0.00041330448584631085,240.0,240.0
N24002078,2024-11,0.0003273005422670394,240.0,240.0
N24002078,2024-12,0.00039107108023017645,240.0,240.0
N24002078,2025-01,0.0002868558707329605,240.0,240.0
N24002078,2025-03,0.0007219510152935982,240.0,240.0
N24002078,2025-04,0.0006563356146216393,240.0,240.0
N24002078,2025-05,0.0004601131076924503,240.0,240.0
N24002079,2024-07,0.0006932144671016882,240.0,240.0
N24002079,2024-09,0.0008711564587429166,240.0,240.0
N24002079,2024-10,0.0005544931045733392,240.0,240.0
N24002079,2024-11,0.0005630868254229426,240.0,240.0
N24002079,2024-12,0.000658951117657125,240.0,240.0
N24002079,2025-01,0.00043042052927311225,240.0,240.0
N24002079,2025-03,0.0009687513811513782,240.0,240.0
N24002079,2025-04,0.002147814491763711,240.0,240.0
N24002079,2025-05,0.0016605121782049537,240.0,240.0
N24002080,2024-07,0.00027706199862087555,240.0,240.0
N24002080,2024-09,0.0009294641786254942,240.0,240.0
N24002080,2024-10,0.00038747076177969575,240.0,240.0
N24002080,2024-11,0.0003533644776325673,240.0,240.0
N24002080,2024-12,0.00034970653359778225,240.0,240.0
N24002080,2025-01,0.00021010508908358982,240.0,240.0
N24002080,2025-03,0.0006477658171206713,240.0,240.0
N24002080,2025-04,0.000609838287346065,240.0,240.0
N24002080,2025-05,0.0006444151513278484,240.0,240.0
N24002081,2024-07,0.00046501893724160137,240.0,240.0
N24002081,2024-09,0.0015105250058695674,240.0,240.0
N24002081,2024-10,0.0008294900180771947,240.0,240.0
N24002081,2024-11,0.0009863624582067132,240.0,240.0
N24002081,2024-12,0.00109719461761415,240.0,240.0
N24002081,2025-01,0.0005890145651114009,240.0,240.0
N24002081,2025-03,0.00040161615470424294,240.0,240.0
N24002081,2025-04,0.0008004343835636973,240.0,240.0
N24002081,2025-05,0.0007542151724919677,240.0,240.0
N24002082,2024-07,0.0005749102659036165,240.0,240.0
N24002082,2024-09,0.002722904784604907,240.0,240.0
N24002082,2024-10,0.0007459678454324603,240.0,240.0
N24002082,2024-11,0.00048411893658339977,240.0,240.0
N24002082,2024-12,0.0005380563670769334,240.0,240.0
N24002082,2025-01,0.00029717494049241733,240.0,240.0
N24002082,2025-03,0.0007045462843962014,240.0,240.0
N24002082,2025-04,0.0011133193038403988,240.0,240.0
N24002082,2025-05,0.0019093196606263518,240.0,240.0
N24002083,2024-07,0.00021600361129903156,240.0,240.0
N24002083,2024-09,0.000508858123794198,240.0,240.0
N24002083,2024-10,0.00040187238482758403,240.0,240.0
N24002083,2024-11,0.00040335406083613634,240.0,240.0
N24002083,2024-12,0.0004071159055456519,240.0,240.0
N24002083,2025-01,0.0001842376556342451,240.0,240.0
N24002083,2025-03,0.0005872806650586426,240.0,240.0
N24002083,2025-04,0.0005877678631804883,240.0,240.0
N24002083,2025-05,0.0009730917518027127,240.0,240.0
N24002084,2024-07,0.0006523773099255115,240.0,240.0
N24002084,2024-09,0.0025190317537635565,240.0,240.0
N24002084,2024-10,0.0012766435975208879,240.0,240.0
N24002084,2024-11,0.0006167552201077342,240.0,240.0
N24002084,2024-12,0.0007323096506297588,240.0,240.0
N24002084,2025-01,0.00035687885454904755,240.0,240.0
N24002084,2025-03,0.001759455306455493,240.0,240.0
N24002084,2025-04,0.0017024663975462317,240.0,240.0
N24002084,2025-05,0.001703989808447659,240.0,240.0
N24002085,2024-07,0.00038980431961199713,240.0,240.0
N24002085,2024-09,0.0015069175278767943,240.0,240.0
N24002085,2024-10,0.0005415667546913028,240.0,240.0
N24002085,2024-11,0.0006171738496050239,240.0,240.0
N24002085,2024-12,0.004426538944244385,156.24214164989172,240.0
N24002085,2025-01,0.029382442738095316,23.242226443049194,53.966778565849886
N24002085,2025-03,0.12385790795087814,5.242100352341772,12.171780084321302
N24002085,2025-04,0.29601430892944336,1.9747937742700132,4.585329146086195
N24002086,2024-07,0.00025897849267975115,240.0,240.0
N24002086,2024-09,0.000841032771859318,240.0,240.0
N24002086,2024-10,0.0006135040312074125,240.0,240.0
N24002086,2024-11,0.0003819855337496847,240.0,240.0
N24002086,2024-12,0.00037803631857968867,240.0,240.0
N24002086,2025-01,0.00015980244553803757,240.0,240.0
N24002086,2025-03,0.0008354524034075439,240.0,240.0
N24002086,2025-04,0.0008850316517055035,240.0,240.0
N24002086,2025-05,0.0013697317335754633,240.0,240.0
N24002087,2024-07,0.000382441554514501,240.0,240.0
N24002087,2024-09,0.0011320840567350388,240.0,240.0
N24002087,2024-10,0.000447221624199301,240.0,240.0
N24002087,2024-11,0.00035436320467852056,240.0,240.0
N24002087,2024-12,0.00038005440728738904,240.0,240.0
N24002087,2025-01,0.00021545756384822035,240.0,240.0
N24002087,2025-03,0.0010385637870058417,240.0,240.0
N24002087,2025-04,0.0010224096477031708,240.0,240.0
N24002087,2025-05,0.0011269195238128304,240.0,240.0
N24002088,2024-07,0.0005139772678742771,240.0,240.0
N24002088,2024-09,0.001312563312239945,240.0,240.0
N24002088,2024-10,0.000800828798674047,240.0,240.0
N24002088,2024-11,0.0007128219003789127,240.0,240.0
N24002088,2024-12,0.0007191405165940523,240.0,240.0
N24002088,2025-01,0.0005149494284988343,240.0,240.0
N24002088,2025-03,0.0009534336277283728,240.0,240.0
N24002088,2025-04,0.0012046099873259664,240.0,240.0
N24002088,2025-05,0.0020985521841794252,240.0,240.0
N24002089,2024-07,0.00030095048718192796,240.0,240.0
N24002089,2024-09,0.0006589153199456632,240.0,240.0
N24002089,2024-10,0.0007304821629077196,240.0,240.0
N24002089,2024-11,0.0003236959164496511,240.0,240.0
N24002089,2024-12,0.00046348327305167913,240.0,240.0
N24002089,2025-01,0.00024230478907105724,240.0,240.0
N24002089,2025-03,0.0010164754930883646,240.0,240.0
N24002089,2025-04,0.0017635494004935026,240.0,240.0
N24002089,2025-05,0.002295092912390828,240.0,240.0
N24002090,2024-07,0.00037241243098273813,240.0,240.0
N24002090,2024-09,0.0006937505677342415,240.0,240.0
N24002090,2024-10,0.0004333005053922534,240.0,240.0
N24002090,2024-11,0.0006590723060071468,240.0,240.0
N24002090,2024-12,0.0005832596216350794,240.0,240.0
N24002090,2025-01,0.00029708428422769995,240.0,240.0
N24002090,2025-03,0.0013050721026957035,240.0,240.0
N24002090,2025-04,0.0009735336061567068,240.0,240.0
N24002090,2025-05,0.0006747288280166686,240.0,240.0
N24002091,2024-07,0.0003299745905578355,240.0,240.0
N24002091,2024-09,0.003349390346556902,206.60050028060277,240.0
N24002091,2024-10,0.001070969388820231,240.0,240.0
N24002091,2024-11,0.0002592254604678601,240.0,240.0
N24002091,2024-12,0.00040285088471136987,240.0,240.0
N24002091,2025-01,0.00025239122276266013,240.0,240.0
N24002091,2025-03,0.0006779006216675043,240.0,240.0
N24002091,2025-04,0.000581463158596307,240.0,240.0
N24002091,2025-05,0.0016888855025172234,240.0,240.0
N24002092,2024-07,0.0006016050432366971,240.0,240.0
N24002092,2024-09,0.0012923681642860174,240.0,240.0
N24002092,2024-10,0.0006827289471402764,240.0,240.0
N24002092,2024-11,0.0004779950832016766,240.0,240.0
N24002092,2024-12,0.0005902003031224012,240.0,240.0
N24002092,2025-01,0.00024347017122050563,240.0,240.0
N24002092,2025-03,0.0007737918640486896,240.0,240.0
N24002092,2025-04,0.0007691251230426133,240.0,240.0
N24002092,2025-05,0.0006782935815863311,240.0,240.0
N24002093,2024-07,0.00047024103482806723,240.0,240.0
N24002093,2024-09,0.0007731484365649521,240.0,240.0
N24002093,2024-10,0.0006431732326745987,240.0,240.0
N24002093,2024-11,0.0005799018545076251,240.0,240.0
N24002093,2024-12,0.0006446590414270759,240.0,240.0
N24002093,2025-01,0.00033164855636869106,240.0,240.0
N24002093,2025-03,0.000993589055724442,240.0,240.0
N24002093,2025-04,0.001075501786544919,240.0,240.0
N24002093,2025-05,0.001620316761545837,240.0,240.0
N24002094,2024-07,0.000373856898304048,240.0,240.0
N24002094,2024-09,0.0016764890169724822,240.0,240.0
N24002094,2024-10,0.0008737085154280066,240.0,240.0
N24002094,2024-11,0.0010446212254464626,240.0,240.0
N24002094,2024-12,0.0010047905379906297,240.0,240.0
N24002094,2025-01,0.00048410287704536703,240.0,240.0
N24002094,2025-03,0.0009967244695872068,240.0,240.0
N24002094,2025-04,0.001132001169025898,240.0,240.0
N24002094,2025-05,0.0010778296273201704,240.0,240.0
N24002095,2024-07,0.0004807980269658785,240.0,240.0
N24002095,2024-09,0.0005668276571668684,240.0,240.0
N24002095,2024-10,0.0004384152707643807,240.0,240.0
N24002095,2024-11,0.00034082261845469475,240.0,240.0
N24002095,2024-12,0.00024989829398691654,240.0,240.0
N24002095,2025-01,0.0001674954685331187,240.0,240.0
N24002095,2025-03,0.000783919298555702,240.0,240.0
N24002095,2025-04,0.0012864726595580578,240.0,240.0
N24002095,2025-05,0.001278075622394681,240.0,240.0
N24002096,2024-07,0.000382000346428768,240.0,240.0
N24002096,2024-09,0.0010879583423957229,240.0,240.0
N24002096,2024-10,0.00045848352601751685,240.0,240.0
N24002096,2024-11,0.0005073211505077779,240.0,240.0
N24002096,2024-12,0.0004775558190885931,240.0,240.0
N24002096,2025-01,0.0002597588232484682,240.0,240.0
N24002096,2025-03,0.0007007358362898231,240.0,240.0
N24002096,2025-04,0.0007140035158954561,240.0,240.0
N24002096,2025-05,0.000561675988137722,240.0,240.0
N24002097,2024-07,0.000266949974372932,240.0,240.0
N24002097,2024-09,0.0005660380120389163,240.0,240.0
N24002097,2024-10,0.0003155090962536633,240.0,240.0
N24002097,2024-11,0.0003173553559463471,240.0,240.0
N24002097,2024-12,0.00035163600114174187,240.0,240.0
N24002097,2025-01,0.00018173963876289,240.0,240.0
N24002097,2025-03,0.0006811009952798486,240.0,240.0
N24002097,2025-04,0.0006459142314270139,240.0,240.0
N24002097,2025-05,0.0005976505926810205,240.0,240.0
N24002098,2024-07,0.00028895704463771654,240.0,240.0
N24002098,2024-09,0.0006554438732564449,240.0,240.0
N24002098,2024-10,0.00023658177815377712,240.0,240.0
N24002098,2024-11,0.0002771174185909331,240.0,240.0
N24002098,2024-12,0.00020676225540228188,240.0,240.0
N24002098,2025-01,0.00010637567622173716,240.0,240.0
N24002098,2025-03,0.0004049122508149594,240.0,240.0
N24002098,2025-04,0.000321012397762388,240.0,240.0
N24002098,2025-05,0.0013036408927291632,240.0,240.0
N24002100,2024-07,0.0001989902018396661,240.0,240.0
N24002100,2024-09,0.0006070197559893131,240.0,240.0
N24002100,2024-10,0.0004073099698871374,240.0,240.0
N24002100,2024-11,0.0005297904717735946,240.0,240.0
N24002100,2024-12,0.000344501924701035,240.0,240.0
N24002100,2025-01,0.0002257422159417377,240.0,240.0
N24002100,2025-03,0.0008788078557699919,240.0,240.0
N24002100,2025-04,0.0014349785633385181,240.0,240.0
N24002100,2025-05,0.0022625711280852556,240.0,240.0
N24002101,2024-07,0.0004622824613824683,240.0,240.0
N24002101,2024-09,0.001227254280820489,240.0,240.0
N24002101,2024-10,0.0004745169426314533,240.0,240.0
N24002101,2024-11,0.0003830565547104925,240.0,240.0
N24002101,2024-12,0.00039546412881463766,240.0,240.0
N24002101,2025-01,0.00020605465198786366,240.0,240.0
N24002101,2025-03,0.0007263266015797853,240.0,240.0
N24002101,2025-04,0.0007263954030349851,240.0,240.0
N24002101,2025-05,0.0007058033370412886,240.0,240.0
N24002102,2024-07,0.00036872745182703337,240.0,240.0
N24002102,2024-09,0.0008977229008451104,240.0,240.0
N24002102,2024-10,0.0006085301865823567,240.0,240.0
N24002102,2024-11,0.000675904331728816,240.0,240.0
N24002102,2024-12,0.0008008051663637161,240.0,240.0
N24002102,2025-01,0.0004048673168862704,240.0,240.0
N24002102,2025-03,0.0010995760094374418,240.0,240.0
N24002102,2025-04,0.0012153758434578776,240.0,240.0
N24002102,2025-05,0.0013766807969659567,240.0,240.0
N24002103,2024-07,0.0006081622608867798,240.0,240.0
N24002103,2024-09,0.0032953384798020124,209.99496082797296,240.0
N24002103,2024-10,0.0007970348815433681,240.0,240.0
N24002103,2024-11,0.0013282386353239417,240.0,240.0
N24002103,2024-12,0.004522030707448721,152.93544538696548,240.0
N24002103,2025-01,0.0019729967565248474,240.0,240.0
N24002103,2025-03,0.0026303750928491354,240.0,240.0
N24002103,2025-04,0.0046775005757808685,147.8406692725405,240.0
N24002103,2025-05,0.012028667144477367,57.27733137179985,132.99384491235537
N24002104,2024-07,0.00043034529259455834,240.0,240.0
N24002104,2024-09,0.0005838992074131966,240.0,240.0
N24002104,2024-10,0.0004919014172628522,240.0,240.0
N24002104,2024-11,0.0004994734190404415,240.0,240.0
N24002104,2024-12,0.0004203112912364304,240.0,240.0
N24002104,2025-01,0.0002162204671491974,240.0,240.0
N24002104,2025-03,0.00043796226964332163,240.0,240.0
N24002104,2025-04,0.0004360913299024105,240.0,240.0
N24002104,2025-05,0.0006785942241549492,240.0,240.0
N24002105,2024-07,0.0004960129370208399,240.0,240.0
N24002105,2024-09,0.0005412609898485243,240.0,240.0
N24002105,2024-10,0.00028933267458342016,240.0,240.0
N24002105,2024-11,0.0003181966603733599,240.0,240.0
N24002105,2024-12,0.00029912940226495266,240.0,240.0
N24002105,2025-01,0.00015370887991739135,240.0,240.0
N24002105,2025-03,0.0003811345377471298,240.0,240.0
N24002105,2025-04,0.00035655961255542934,240.0,240.0
N24002105,2025-05,0.0002813025494106114,240.0,240.0
N24002106,2024-07,0.0007911092860208857,240.0,240.0
N24002106,2024-09,0.001319936360232532,240.0,240.0
N24002106,2024-10,0.0008747039246372879,240.0,240.0
N24002106,2024-11,0.001197343459352851,240.0,240.0
N24002106,2024-12,0.0012892178492620587,240.0,240.0
N24002106,2025-01,0.0009630235394287867,240.0,240.0
N24002106,2025-03,0.0036402905825525522,190.0630648700545,240.0
N24002106,2025-04,0.004504208918660879,153.5419379231563,240.0
N24002106,2025-05,0.00614822655916214,112.3924388221881,240.0
N24002107,2024-07,0.0005051930972648222,240.0,240.0
N24002107,2024-09,0.0038382280617952347,180.24361459288556,240.0
N24002107,2024-10,0.0012757763033732772,240.0,240.0
N24002107,2024-11,0.001447445945814252,240.0,240.0
N24002107,2024-12,0.0015436001121997833,240.0,240.0
N24002107,2025-01,0.0007260560667893268,240.0,240.0
N24002107,2025-03,0.0022281480487436056,240.0,240.0
N24002107,2025-04,0.0024979941081255674,240.0,240.0
N24002107,2025-05,0.0028019340243190527,240.0,240.0
N24002108,2024-07,0.0005002555367101813,240.0,240.0
N24002108,2024-09,0.0038275003898888826,180.7497718377696,240.0
N24002108,2024-10,0.000759927264880389,240.0,240.0
N24002108,2024-11,0.0007229273323900998,240.0,240.0
N24002108,2024-12,0.0007338144350796938,240.0,240.0
N24002108,2025-01,0.0003659678606316996,240.0,240.0
N24002108,2025-03,0.0009776363149285316,240.0,240.0
N24002108,2025-04,0.001115130609832704,240.0,240.0
N24002108,2025-05,0.001220076228491962,240.0,240.0
N24002109,2024-07,0.00047656858371669664,240.0,240.0
N24002109,2024-09,0.0020558047108352184,240.0,240.0
N24002109,2024-10,0.000699873548001051,240.0,240.0
N24002109,2024-11,0.000737341761123389,240.0,240.0
N24002109,2024-12,0.0007666480960324407,240.0,240.0
N24002109,2025-01,0.00030343155268064415,240.0,240.0
N24002109,2025-03,0.0009132213308475912,240.0,240.0
N24002109,2025-04,0.0010601711692288518,240.0,240.0
N24002109,2025-05,0.0017288142116740346,240.0,240.0
N24002110,2024-07,0.0004536856182231208,240.0,240.0
N24002110,2024-09,0.002704388229176402,240.0,240.0
N24002110,2024-10,0.0009061102173291147,240.0,240.0
N24002110,2024-11,0.000993737718090415,240.0,240.0
N24002110,2024-12,0.0011037997901439667,240.0,240.0
N24002110,2025-01,0.0005223500635546108,240.0,240.0
N24002110,2025-03,0.0011907092994078994,240.0,240.0
N24002110,2025-04,0.0012658601626753807,240.0,240.0
N24002110,2025-05,0.0014637447893619537,240.0,240.0
N24002111,2024-07,0.0006791976989802828,240.0,240.0
N24002111,2024-09,0.000982392579317093,240.0,240.0
N24002111,2024-10,0.0007380437455140054,240.0,240.0
N24002111,2024-11,0.0005916663794778287,240.0,240.0
N24002111,2024-12,0.0006594288861379027,240.0,240.0
N24002111,2025-01,0.0005802013131495087,240.0,240.0
N24002111,2025-03,0.0024578061420470476,240.0,240.0
N24002111,2025-04,0.0027287134435027838,240.0,240.0
N24002111,2025-05,0.0024936432018876076,240.0,240.0
N24002112,2024-07,0.0005882388989054688,240.0,240.0
N24002112,2024-09,0.0017226211493834853,240.0,240.0
N24002112,2024-10,0.0005421311943791807,240.0,240.0
N24002112,2024-11,0.0007462212815880775,240.0,240.0
N24002112,2024-12,0.0009341140394099057,240.0,240.0
N24002112,2025-01,0.0004591332857494246,240.0,240.0
N24002112,2025-03,0.0013969243736937642,240.0,240.0
N24002112,2025-04,0.0014459684025496244,240.0,240.0
N24002112,2025-05,0.0021419362165033817,240.0,240.0
N24002113,2024-07,0.0004390527237234654,240.0,240.0
N24002113,2024-09,0.0009714849293231964,240.0,240.0
N24002113,2024-10,0.0005464897258207202,240.0,240.0
N24002113,2024-11,0.0006136806914582849,240.0,240.0
N24002113,2024-12,0.00037687152507714927,240.0,240.0
N24002113,2025-01,0.0002404969611325969,240.0,240.0
N24002113,2025-03,0.0007139752269722521,240.0,240.0
N24002113,2025-04,0.0007353856926783919,240.0,240.0
N24002113,2025-05,0.0007588996668346226,240.0,240.0
N24002114,2024-07,0.0005301384472636839,240.0,240.0
N24002114,2024-09,0.0013176767388358712,240.0,240.0
N24002114,2024-10,0.0007683892617933452,240.0,240.0
N24002114,2024-11,0.00185038719791919,240.0,240.0
N24002114,2024-12,0.0016399644082412124,240.0,240.0
N24002114,2025-01,0.0013511998693295224,240.0,240.0
N24002114,2025-03,0.005514112301170826,125.35732606857269,240.0
N24002114,2025-04,0.00710294907912612,97.23884455458415,225.78160508567393
N24002114,2025-05,0.020899606868624687,32.817767133360775,76.20049551842148
N24002115,2024-07,0.0004480314834832688,240.0,240.0
N24002115,2024-09,0.0015051435912027955,240.0,240.0
N24002115,2024-10,0.0004720208526123315,240.0,240.0
N24002115,2024-11,0.0007361454190686345,240.0,240.0
N24002115,2024-12,0.0006550679681822658,240.0,240.0
N24002115,2025-01,0.0004397636352282408,240.0,240.0
N24002115,2025-03,0.0007925964891910553,240.0,240.0
N24002115,2025-04,0.0007401331095024943,240.0,240.0
N24002115,2025-05,0.0007893581059761345,240.0,240.0
N24002116,2024-07,0.0011667937740679202,240.0,240.0
N24002116,2024-09,0.001801693462766707,240.0,240.0
N24002116,2024-10,0.0010671543423086405,240.0,240.0
N24002116,2024-11,0.000906549277715385,240.0,240.0
N24002116,2024-12,0.0012168370885774493,240.0,240.0
N24002116,2025-01,0.0007339158804453572,240.0,240.0
N24002116,2025-03,0.001884733559563756,240.0,240.0
N24002116,2025-04,0.0017764481017366052,240.0,240.0
N24002116,2025-05,0.0015863857697695494,240.0,240.0
N24002117,2024-07,0.00049004533939212,240.0,240.0
N24002117,2024-09,0.0024847763124853373,240.0,240.0
N24002117,2024-10,0.0009522834443487227,240.0,240.0
N24002117,2024-11,0.0010929086711257696,240.0,240.0
N24002117,2024-12,0.0010988179128617048,240.0,240.0
N24002117,2025-01,0.0005146734985496115,240.0,240.0
N24002117,2025-03,0.0014188125496730208,240.0,240.0
N24002117,2025-04,0.0015092439716681838,240.0,240.0
N24002117,2025-05,0.001683597220107913,240.0,240.0
N24002118,2024-07,0.0007947599966976471,240.0,240.0
N24002118,2024-09,0.0029646744951605797,233.45537439687632,240.0
N24002118,2024-10,0.0010334565304219723,240.0,240.0
N24002118,2024-11,0.0011734572472050786,240.0,240.0
N24002118,2024-12,0.0012505095219239593,240.0,240.0
N24002118,2025-01,0.0006110367940975747,240.0,240.0
N24002118,2025-03,0.002066740533336997,240.0,240.0
N24002118,2025-04,0.002390619833022356,240.0,240.0
N24002118,2025-05,0.0029434016905725002,235.14513031552548,240.0
N24002119,2024-07,0.0004953072267934733,240.0,240.0
N24002119,2024-09,0.0012319936649873853,240.0,240.0
N24002119,2024-10,0.0006906514172442257,240.0,240.0
N24002119,2024-11,0.0005784855457022786,240.0,240.0
N24002119,2024-12,0.000651184469461441,240.0,240.0
N24002119,2025-01,0.0002767159746819292,240.0,240.0
N24002119,2025-03,0.000799394678324461,240.0,240.0
N24002119,2025-04,0.0008627935312688351,240.0,240.0
N24002119,2025-05,0.001347805024124682,240.0,240.0
N24002120,2024-07,0.0007393486198715715,240.0,240.0
N24002120,2024-09,0.0014086517039686441,240.0,240.0
N24002120,2024-10,0.0009155701845884323,240.0,240.0
N24002120,2024-11,0.0006121986079961061,240.0,240.0
N24002120,2024-12,0.0006353713688440621,240.0,240.0
N24002120,2025-01,0.0003017131209304136,240.0,240.0
N24002120,2025-03,0.0014392471639439464,240.0,240.0
N24002120,2025-04,0.0018487463239580393,240.0,240.0
N24002120,2025-05,0.001414966187439859,240.0,240.0
N24002121,2024-07,0.0005456199423155006,240.0,240.0
N24002121,2024-09,0.0007517797057516873,240.0,240.0
N24002121,2024-10,0.0003467588685452938,240.0,240.0
N24002121,2024-11,0.00036159539013169706,240.0,240.0
N24002121,2024-12,0.0005142546724528074,240.0,240.0
N24002121,2025-01,0.00025868202253498396,240.0,240.0
N24002121,2025-03,0.0008495600195601583,240.0,240.0
N24002121,2025-04,0.0006806490710005164,240.0,240.0
N24002121,2025-05,0.0006532272673211992,240.0,240.0
N24002122,2024-07,0.0003645854767051482,240.0,240.0
N24002122,2024-09,0.0013273130171000957,240.0,240.0
N24002122,2024-10,0.000940587546210736,240.0,240.0
N24002122,2024-11,0.0006203706143423915,240.0,240.0
N24002122,2024-12,0.0003551632398739457,240.0,240.0
N24002122,2025-01,0.0002220200504415848,240.0,240.0
N24002122,2025-03,0.0005078427493572235,240.0,240.0
N24002122,2025-04,0.0004572479228954762,240.0,240.0
N24002122,2025-05,0.0005040610558353364,240.0,240.0
N24002123,2024-07,0.0005375794379151033,240.0,240.0
N24002123,2024-09,0.0013450466794893146,240.0,240.0
N24002123,2024-10,0.0006909565418027341,240.0,240.0
N24002123,2024-11,0.0005976861575618386,240.0,240.0
N24002123,2024-12,0.0005114609375596046,240.0,240.0
N24002123,2025-01,0.00027630529338784626,240.0,240.0
N24002123,2025-03,0.0006998238386586308,240.0,240.0
N24002123,2025-04,0.0006880993023514748,240.0,240.0
N24002123,2025-05,0.000739098759368062,240.0,240.0
N24002124,2024-07,0.0005543275915078638,240.0,240.0
N24002124,2024-09,0.0010064220987260342,240.0,240.0
N24002124,2024-10,0.0006866211188025773,240.0,240.0
N24002124,2024-11,0.0007442306960001588,240.0,240.0
N24002124,2024-12,0.0006121058249846101,240.0,240.0
N24002124,2025-01,0.0003696661349835706,240.0,240.0
N24002124,2025-03,0.0007820004248060286,240.0,240.0
N24002124,2025-04,0.0005900011747144163,240.0,240.0
N24002124,2025-05,0.0007567233988083899,240.0,240.0
N24002125,2024-07,0.00040144178290202337,240.0,240.0
N24002125,2024-09,0.0008711041300557554,240.0,240.0
N24002125,2024-10,0.0004168740415479988,240.0,240.0
N24002125,2024-11,0.0002539376728236675,240.0,240.0
N24002125,2024-12,0.0003564787039067596,240.0,240.0
N24002125,2025-01,0.00013506586863443193,240.0,240.0
N24002125,2025-03,0.00034330898779444396,240.0,240.0
N24002125,2025-04,0.0005130284698680043,240.0,240.0
N24002125,2025-05,0.0005590831278823316,240.0,240.0
N24002126,2024-07,0.0007109985672184571,240.0,240.0
N24002126,2024-09,0.002994387410581112,231.13538476176333,240.0
N24002126,2024-10,0.002188420156016946,240.0,240.0
N24002126,2024-11,0.002843281487002969,240.0,240.0
N24002126,2024-12,0.0031197266653180122,221.83526855778751,240.0
N24002126,2025-01,0.0012683007898858234,240.0,240.0
N24002126,2025-03,0.0016707009635865688,240.0,240.0
N24002126,2025-04,0.0012466878397390246,240.0,240.0
N24002126,2025-05,0.0013411485124379396,240.0,240.0
N24002127,2024-07,0.0003273165663930655,240.0,240.0
N24002127,2024-09,0.0009504787158221006,240.0,240.0
N24002127,2024-10,0.0006209656712599099,240.0,240.0
N24002127,2024-11,0.000342377315973863,240.0,240.0
N24002127,2024-12,0.00037000139127485454,240.0,240.0
N24002127,2025-01,0.00018501781143265283,240.0,240.0
N24002127,2025-03,0.0005274598370306194,240.0,240.0
N24002127,2025-04,0.0007486908580176532,240.0,240.0
N24002127,2025-05,0.0007869142573326826,240.0,240.0
N24002128,2024-07,0.0003877878916467292,240.0,240.0
N24002128,2024-09,0.0006940805469639599,240.0,240.0
N24002128,2024-10,0.00036223576171323657,240.0,240.0
N24002128,2024-11,0.00038481358205899596,240.0,240.0
N24002128,2024-12,0.00039061077404767275,240.0,240.0
N24002128,2025-01,0.00017943724095459412,240.0,240.0
N24002128,2025-03,0.0005430328892543912,240.0,240.0
N24002128,2025-04,0.0005358699127100408,240.0,240.0
N24002128,2025-05,0.0007689180783927441,240.0,240.0
N24002129,2024-07,0.00033860006579433666,240.0,240.0
N24002129,2024-09,0.0009160422487184405,240.0,240.0
N24002129,2024-10,0.0003923016192857176,240.0,240.0
N24002129,2024-11,0.00029991185874678195,240.0,240.0
N24002129,2024-12,0.00044769421219825745,240.0,240.0
N24002129,2025-01,0.00026314110698422155,240.0,240.0
N24002129,2025-03,0.000793451617937535,240.0,240.0
N24002129,2025-04,0.0008435356430709362,240.0,240.0
N24002129,2025-05,0.0010439821053296328,240.0,240.0
N24002130,2024-07,0.0003135342804446717,240.0,240.0
N24002130,2024-09,0.000969989865552634,240.0,240.0
N24002130,2024-10,0.00048078643158078194,240.0,240.0
N24002130,2024-11,0.0002934106159955263,240.0,240.0
N24002130,2024-12,0.0003234858450014144,240.0,240.0
N24002130,2025-01,0.00016175600500323295,240.0,240.0
N24002130,2025-03,0.0003633923770394176,240.0,240.0
N24002130,2025-04,0.0003962400078307837,240.0,240.0
N24002130,2025-05,0.000563274952583015,240.0,240.0
N24002131,2024-07,0.0003758957165440613,240.0,240.0
N24002131,2024-09,0.0006380976410582662,240.0,240.0
N24002131,2024-10,0.00038933599716983736,240.0,240.0
N24002131,2024-11,0.00041610776679590344,240.0,240.0
N24002131,2024-12,0.00037642664392478764,240.0,240.0
N24002131,2025-01,0.00016757580856507914,240.0,240.0
N24002131,2025-03,0.001147473114542663,240.0,240.0
N24002131,2025-04,0.001159474952146411,240.0,240.0
N24002131,2025-05,0.001237279619090259,240.0,240.0
N24002132,2024-07,0.0003596777831893494,240.0,240.0
N24002132,2024-09,0.0028458579909056425,240.0,240.0
N24002132,2024-10,0.001409664168022573,240.0,240.0
N24002132,2024-11,0.001462881569750607,240.0,240.0
N24002132,2024-12,0.0013255273224785924,240.0,240.0
N24002132,2025-01,0.0008261360715438038,240.0,240.0
N24002132,2025-03,0.001155382371507585,240.0,240.0
N24002132,2025-04,0.001310217659920454,240.0,240.0
N24002132,2025-05,0.0012220237404108047,240.0,240.0
N24002133,2024-07,0.0005358647676609873,240.0,240.0
N24002133,2024-09,0.0018264357931911945,240.0,240.0
N24002133,2024-10,0.0007644009310752153,240.0,240.0
N24002133,2024-11,0.0010200974065810442,240.0,240.0
N24002133,2024-12,0.0013416524743661284,240.0,240.0
N24002133,2025-01,0.0012318194021180284,240.0,240.0
N24002133,2025-03,0.006922318134456873,99.78525935842661,231.69419715995286
N24002133,2025-04,0.010299031622707844,66.95499876605585,155.46469272805376
N24002133,2025-05,0.011457892134785652,60.14793494795096,139.65918000510476
N24002134,2024-07,0.0005350020174269554,240.0,240.0
N24002134,2024-09,0.0011835441691800952,240.0,240.0
N24002134,2024-10,0.0005402607494033873,240.0,240.0
N24002134,2024-11,0.000560277490876615,240.0,240.0
N24002134,2024-12,0.0006890062359161675,240.0,240.0
N24002134,2025-01,0.0002560254105899995,240.0,240.0
N24002134,2025-03,0.0010611866600811481,240.0,240.0
N24002134,2025-04,0.0007355563575401902,240.0,240.0
N24002134,2025-05,0.001874822424724698,240.0,240.0
N24002135,2024-07,0.0007150851559939442,240.0,240.0
N24002135,2024-09,0.002015982987359166,240.0,240.0
N24002135,2024-10,0.0012873539235442877,240.0,240.0
N24002135,2024-11,0.0015212622238323092,240.0,240.0
N24002135,2024-12,0.0014667900977656245,240.0,240.0
N24002135,2025-01,0.00046584217299916464,240.0,240.0
N24002135,2025-03,0.0010714802192524076,240.0,240.0
N24002135,2025-04,0.0009305076091550291,240.0,240.0
N24002135,2025-05,0.0007993315230123699,240.0,240.0
N24002136,2024-07,0.0005856054356716545,240.0,240.0
N24002136,2024-09,0.0008796858019195497,240.0,240.0
N24002136,2024-10,0.0004379332822281867,240.0,240.0
N24002136,2024-11,0.00033649374381639063,240.0,240.0
N24002136,2024-12,0.0003319216484669596,240.0,240.0
N24002136,2025-01,0.0001726919536838567,240.0,240.0
N24002136,2025-03,0.0007824785425327718,240.0,240.0
N24002136,2025-04,0.0009466818883083761,240.0,240.0
N24002136,2025-05,0.000990292290225625,240.0,240.0
N24002137,2024-07,0.0005315257483783364,240.0,240.0
N24002137,2024-09,0.0011490903561934829,240.0,240.0
N24002137,2024-10,0.0006134785944595933,240.0,240.0
N24002137,2024-11,0.0005615464178845286,240.0,240.0
N24002137,2024-12,0.0008644545450806618,240.0,240.0
N24002137,2025-01,0.0013870503899302555,240.0,240.0
N24002137,2025-03,0.1274295449256897,5.085009420770175,11.807026236853181
N24002137,2025-04,0.28838127851486206,2.0373917250235785,4.730677086623274
N24002137,2025-05,0.23755130171775818,2.555663458842002,5.934066786162257
N24002138,2024-07,0.0005495995092429373,240.0,240.0
N24002138,2024-09,0.001330325729213655,240.0,240.0
N24002138,2024-10,0.0007183230482041836,240.0,240.0
N24002138,2024-11,0.000616803125012666,240.0,240.0
N24002138,2024-12,0.0005962835857644677,240.0,240.0
N24002138,2025-01,0.0003149276858291916,240.0,240.0
N24002138,2025-03,0.0009077572613023221,240.0,240.0
N24002138,2025-04,0.0007246910827234387,240.0,240.0
N24002138,2025-05,0.0005830850568599999,240.0,240.0
N24002139,2024-07,0.0005085072003780944,240.0,240.0
N24002139,2024-09,0.0008874150807969272,240.0,240.0
N24002139,2024-10,0.00048523631994612515,240.0,240.0
N24002139,2024-11,0.0005492118652909994,240.0,240.0
N24002139,2024-12,0.00047527134302072227,240.0,240.0
N24002139,2025-01,0.00031216501161157595,240.0,240.0
N24002139,2025-03,0.000969369022641331,240.0,240.0
N24002139,2025-04,0.0017427423736080527,240.0,240.0
N24002139,2025-05,0.002734751207754016,240.0,240.0
N24002140,2024-07,0.0001754101715844003,240.0,240.0
N24002140,2024-09,0.0004009266849607229,240.0,240.0
N24002140,2024-10,0.00018483831081539392,240.0,240.0
N24002140,2024-11,0.00012835739471483976,240.0,240.0
N24002140,2024-12,0.00019775402324739844,240.0,240.0
N24002140,2025-01,7.005656712766317e-05,240.0,240.0
N24002140,2025-03,0.00025739657576195896,240.0,240.0
N24002140,2025-04,0.0005809150170534849,240.0,240.0
N24002140,2025-05,0.0007633247296325862,240.0,240.0
N24002141,2024-07,0.00040116294361880467,240.0,240.0
N24002141,2024-09,0.0012147467350587249,240.0,240.0
N24002141,2024-10,0.0005827827844768763,240.0,240.0
N24002141,2024-11,0.000526460527908057,240.0,240.0
N24002141,2024-12,0.0003202631778549403,240.0,240.0
N24002141,2025-01,0.000503044791859919,240.0,240.0
N24002141,2025-03,0.04724070057272911,14.32330060603151,33.257674088661744
N24002142,2024-07,0.0011259094591083985,240.0,240.0
N24002142,2024-09,0.0010646035661920905,240.0,240.0
N24002142,2024-10,0.000913651252631098,240.0,240.0
N24002142,2024-11,0.0009079267620109022,240.0,240.0
N24002142,2024-12,0.000997384195216,240.0,240.0
N24002142,2025-01,0.00042617557641422277,240.0,240.0
N24002142,2025-03,0.0013610059395432472,240.0,240.0
N24002142,2025-04,0.003778492333367467,183.09864560600866,240.0
N24002142,2025-05,0.003668055636808276,188.62177111137785,240.0
N24002143,2024-07,0.0003726808683049976,240.0,240.0
N24002143,2024-09,0.001086610835045576,240.0,240.0
N24002143,2024-10,0.0003781193809118122,240.0,240.0
N24002143,2024-11,0.0005427224095910788,240.0,240.0
N24002143,2024-12,0.00043294046190567315,240.0,240.0
N24002143,2025-01,0.00013897598015444323,240.0,240.0
N24002143,2025-03,0.0008956083911471069,240.0,240.0
N24002143,2025-04,0.0008494341745972633,240.0,240.0
N24002143,2025-05,0.0006075965357013047,240.0,240.0
N24002144,2024-07,0.00035355267682390945,240.0,240.0
N24002144,2024-09,0.0007440310437232256,240.0,240.0
N24002144,2024-10,0.00038862996734678745,240.0,240.0
N24002144,2024-11,0.0003132674319203943,240.0,240.0
N24002144,2024-12,0.0003459373547229916,240.0,240.0
N24002144,2025-01,0.00017627365944850037,240.0,240.0
N24002144,2025-03,0.0005923809949308634,240.0,240.0
N24002144,2025-04,0.0016653761267662048,240.0,240.0
N24002144,2025-05,0.0017258410807698965,240.0,240.0
N24002145,2024-07,0.0007858626761623189,240.0,240.0
N24002145,2024-09,0.0014404510147869587,240.0,240.0
N24002145,2024-10,0.0007756699924357235,240.0,240.0
N24002145,2024-11,0.0008735782466828823,240.0,240.0
N24002145,2024-12,0.0009016069816425443,240.0,240.0
N24002145,2025-01,0.0004620472810518139,240.0,240.0
N24002145,2025-03,0.0014482608530670404,240.0,240.0
N24002145,2025-04,0.002365371212363243,240.0,240.0
N24002145,2025-05,0.003804857609793544,181.827482269312,240.0
N24002146,2024-07,0.0008296158705951573,240.0,240.0
N24002146,2024-09,0.0029614910017699003,233.70670322004872,240.0
N24002146,2024-10,0.0006797693786211312,240.0,240.0
N24002146,2024-11,0.000746986479498446,240.0,240.0
N24002146,2024-12,0.0010028486140072346,240.0,240.0
N24002146,2025-01,0.000440753018971618,240.0,240.0
N24002146,2025-03,0.0019219119567424059,240.0,240.0
N24002146,2025-04,0.0012331154430285096,240.0,240.0
N24002146,2025-05,0.0013427716912701726,240.0,240.0
N24002147,2024-07,0.002358582630429429,240.0,240.0
N24002147,2024-09,0.0018035295652225614,240.0,240.0
N24002147,2024-10,0.0017576840473338962,240.0,240.0
N24002147,2024-11,0.0013351025991141796,240.0,240.0
N24002147,2024-12,0.0009554069256410003,240.0,240.0
N24002147,2025-01,0.00043340903721189594,240.0,240.0
N24002147,2025-03,0.004064258188009262,170.20022546217058,240.0
N24002147,2025-04,0.00643738592043519,107.32830993020443,240.0
N24002147,2025-05,0.007178465370088816,96.21225306441426,223.39793346267618
N24002148,2024-07,0.0010229214231205486,240.0,240.0
N24002148,2024-09,0.007004345767199993,98.61260971710227,228.97138901230227
N24002148,2024-10,0.0007852164562791586,240.0,240.0
N24002148,2024-11,0.0005356046603992581,240.0,240.0
N24002148,2024-12,0.0005606204504147172,240.0,240.0
N24002148,2025-01,0.0002860395654981085,240.0,240.0
N24002148,2025-03,0.001086781150661409,240.0,240.0
N24002148,2025-04,0.001280790544115007,240.0,240.0
N24002148,2025-05,0.002780834911391139,240.0,240.0
N24002149,2024-07,0.0019700572951873996,240.0,240.0
N24002149,2024-09,0.012202642858028412,56.4557547804291,131.08620314274987
N24002149,2024-10,0.0024860554840415716,240.0,240.0
N24002149,2024-11,0.002459154464304447,240.0,240.0
N24002149,2024-12,0.0024482940789312124,240.0,240.0
N24002149,2025-01,0.0011590539810011347,240.0,240.0
N24002149,2025-03,0.005382578354328871,128.42916489687508,240.0
N24002149,2025-04,0.010060077533125877,68.5536215468643,159.17657987593986
N24002149,2025-05,0.012367943301796913,55.69655928243283,129.3234057864403
N24002150,2024-09,0.0006858098786324263,240.0,240.0
N24002150,2024-10,0.000659002922475338,240.0,240.0
N24002150,2024-11,0.00022174512560013682,240.0,240.0
N24002150,2024-12,0.0003863718011416495,240.0,240.0
N24002150,2025-01,0.00017599715346050537,240.0,240.0
N24002150,2025-03,0.000326890149153769,240.0,240.0
N24002150,2025-04,0.0003872270754072815,240.0,240.0
N24002150,2025-05,0.0002743006043601781,240.0,240.0
N24002151,2024-09,0.011431220918893814,60.289083271240926,139.98691626249797
N24002151,2024-10,0.006221100687980652,111.07180280689111,240.0
N24002151,2024-11,0.003735235659405589,185.22307618739683,240.0
N24002151,2024-12,0.001981105888262391,240.0,240.0
N24002151,2025-01,0.0012804699412576337,240.0,240.0
N24002151,2025-03,0.006531732622534037,105.7730041990486,240.0
N24002151,2025-04,0.009709810838103294,71.0391330587229,164.9477588854903
N24002151,2025-05,0.02524261176586151,27.111357838814246,62.95062345648752
N24002152,2024-09,0.006462807301431894,106.90476902223384,240.0
N24002152,2024-10,0.006007364951074123,115.03597689070763,240.0
N24002152,2024-11,0.006939219310879707,99.5413761056463,231.1279177834497
N24002152,2024-12,0.011756493709981441,58.61140884538422,136.09147687902728
N24002152,2025-01,0.005556639803853569,124.39525178856748,240.0
N24002152,2025-03,0.10289640724658966,6.383514991490754,14.822062802877044
N24002152,2025-04,0.3577300012111664,1.5655621737965535,3.635122795631149
N24002152,2025-05,0.3511405289173126,1.6025075028417726,3.7209071931161013
N24002153,2024-09,0.002068416913971305,240.0,240.0
N24002153,2024-10,0.00465392367914319,148.59139238309527,240.0
N24002153,2024-11,0.0009583018254488707,240.0,240.0
N24002153,2024-12,0.001425500842742622,240.0,240.0
N24002153,2025-01,0.0007585724772063429,240.0,240.0
N24002153,2025-03,0.0033805943094193935,204.69030923801634,240.0
N24002153,2025-04,0.006462972145527601,106.90203345818306,240.0
N24002153,2025-05,0.0057678488083183765,119.8273901166838,240.0
N24002154,2024-09,0.0007632083143107593,240.0,240.0
N24002154,2024-10,0.000990603701211512,240.0,240.0
N24002154,2024-11,0.0007714527891948819,240.0,240.0
N24002154,2024-12,0.0003531539987307042,240.0,240.0
N24002154,2025-01,0.00024368090517878915,240.0,240.0
N24002154,2025-03,0.0005722729838453233,240.0,240.0
N24002154,2025-04,0.000762381823733449,240.0,240.0
N24002154,2025-05,0.0006326802540570498,240.0,240.0
N24002155,2024-09,0.0006571399280801415,240.0,240.0
N24002155,2024-10,0.0017892613541334867,240.0,240.0
N24002155,2024-11,0.0005161984590813518,240.0,240.0
N24002155,2024-12,0.0005370820872485638,240.0,240.0
N24002155,2025-01,0.0003455209957474725,240.0,240.0
N24002155,2025-03,0.0003658407076727599,240.0,240.0
N24002155,2025-04,0.0002612730022519827,240.0,240.0
N24002155,2025-05,0.00037730991607531905,240.0,240.0
N24002156,2024-09,0.0009541965555399656,240.0,240.0
N24002156,2024-10,0.002428572392091155,240.0,240.0
N24002156,2024-11,0.001022955751977861,240.0,240.0
N24002156,2024-12,0.0004760031006298959,240.0,240.0
N24002156,2025-01,0.00024616733053128836,240.0,240.0
N24002156,2025-03,0.00047561805695295334,240.0,240.0
N24002156,2025-04,0.0008092205971479416,240.0,240.0
N24002156,2025-05,0.0007109565776772797,240.0,240.0
N24002157,2024-09,0.0006963945925235748,240.0,240.0
N24002157,2024-10,0.002647026674821973,240.0,240.0
N24002157,2024-11,0.0007922284421510994,240.0,240.0
N24002157,2024-12,0.0015045653562992811,240.0,240.0
N24002157,2025-01,0.00025847210053253633,240.0,240.0
N24002157,2025-03,0.000454145745607093,240.0,240.0
N24002157,2025-04,0.0005671667749993503,240.0,240.0
N24002157,2025-05,0.0005977092660032213,240.0,240.0
N24002158,2024-09,0.0008066326845437288,240.0,240.0
N24002158,2024-10,0.0030858726240694523,224.27275264360807,240.0
N24002158,2024-11,0.0006121300393715501,240.0,240.0
N24002158,2024-12,0.00045649861567653716,240.0,240.0
N24002158,2025-01,0.0002478316367051647,240.0,240.0
N24002158,2025-03,0.00041650261846370995,240.0,240.0
N24002158,2025-04,0.0005750382551923394,240.0,240.0
N24002158,2025-05,0.0005134012899361551,240.0,240.0
N24002159,2024-09,0.003154945094138384,219.35506432156643,240.0
N24002159,2024-10,0.005815303884446621,118.84671969962783,240.0
N24002159,2024-11,0.002544112503528595,240.0,240.0
N24002159,2024-12,0.0028033785056322813,240.0,240.0
N24002159,2025-01,0.0012743380803892368,240.0,240.0
N24002159,2025-03,0.0010059509659186006,240.0,240.0
N24002159,2025-04,0.0011704491917043924,240.0,240.0
N24002159,2025-05,0.0013577453792095184,240.0,240.0
N24002160,2024-09,0.0009417039109393954,240.0,240.0
N24002160,2024-10,0.002624595770612359,240.0,240.0
N24002160,2024-11,0.0012424202868714929,240.0,240.0
N24002160,2024-12,0.0008161503938026726,240.0,240.0
N24002160,2025-01,0.0002551560315919854,240.0,240.0
N24002160,2025-03,0.0004304530448280275,240.0,240.0
N24002160,2025-04,0.0008039097301661968,240.0,240.0
N24002160,2025-05,0.000803036498837173,240.0,240.0
N24002161,2024-09,0.0010825414210557938,240.0,240.0
N24002161,2024-10,0.0006955171120353043,240.0,240.0
N24002161,2024-11,0.00048689896357245743,240.0,240.0
N24002161,2024-12,0.0005107895703986287,240.0,240.0
N24002161,2025-01,0.0004318434469328114,240.0,240.0
N24002161,2025-03,0.000717630609869957,240.0,240.0
N24002161,2025-04,0.0020032550673931837,240.0,240.0
N24002161,2025-05,0.0015792519552633166,240.0,240.0
N24002162,2024-09,0.0007000043406151235,240.0,240.0
N24002162,2024-10,0.0028501630295068026,240.0,240.0
N24002162,2024-11,0.0008286656229756773,240.0,240.0
N24002162,2024-12,0.0009206657414324582,240.0,240.0
N24002162,2025-01,0.0004994838994849538,240.0,240.0
N24002162,2025-03,0.0009549641981720924,240.0,240.0
N24002162,2025-04,0.001578007242642343,240.0,240.0
N24002162,2025-05,0.0023317437153309584,240.0,240.0
N24002163,2024-09,0.0015611381968483329,240.0,240.0
N24002163,2024-10,0.003666372736915946,188.7085095705321,240.0
N24002163,2024-11,0.0009648050181567669,240.0,240.0
N24002163,2024-12,0.0011452040635049343,240.0,240.0
N24002163,2025-01,0.0003908592213588413,240.0,240.0
N24002163,2025-03,0.0009729387238621712,240.0,240.0
N24002163,2025-04,0.002107851440086961,240.0,240.0
N24002163,2025-05,0.0021319594234228134,240.0,240.0
N24002164,2024-09,0.0019212480401620269,240.0,240.0
N24002164,2024-10,0.0029160978738218546,237.35007400037685,240.0
N24002164,2024-11,0.0014969055773690343,240.0,240.0
N24002164,2024-12,0.0013191301841288805,240.0,240.0
N24002164,2025-01,0.0006879967961070932,240.0,240.0
N24002164,2025-03,0.0014343446819111705,240.0,240.0
N24002164,2025-04,0.0016065838281065226,240.0,240.0
N24002164,2025-05,0.0014349785633385181,240.0,240.0
N24002165,2024-09,0.002199882874265313,240.0,240.0
N24002165,2024-10,0.0010286851320415735,240.0,240.0
N24002165,2024-11,0.0005876962095499039,240.0,240.0
N24002165,2024-12,0.0005997961852699518,240.0,240.0
N24002165,2025-01,0.0003690326307522751,240.0,240.0
N24002165,2025-03,0.0009298145305365324,240.0,240.0
N24002165,2025-04,0.0014119698898866773,240.0,240.0
N24002165,2025-05,0.0017973447684198618,240.0,240.0
N24002166,2024-10,0.0012345132417976856,240.0,240.0
N24002166,2024-11,0.0014767514076083899,240.0,240.0
N24002166,2024-12,0.0010884429793804884,240.0,240.0
N24002166,2025-01,0.0005223963628305794,240.0,240.0
N24002166,2025-03,0.0006376946112141013,240.0,240.0
N24002166,2025-04,0.0005574059905484319,240.0,240.0
N24002166,2025-05,0.0008766630780883133,240.0,240.0
N24002167,2024-10,0.0012702848762273788,240.0,240.0
N24002167,2024-11,0.0033376968931406736,207.32553031583282,240.0
N24002167,2024-12,0.0005921650445088744,240.0,240.0
N24002167,2025-01,0.0003172369606857517,240.0,240.0
N24002167,2025-03,0.0006921272724866867,240.0,240.0
N24002167,2025-04,0.0006880937144160271,240.0,240.0
N24002167,2025-05,0.0008658126462250948,240.0,240.0
N24002168,2024-10,0.0015039751306176186,240.0,240.0
N24002168,2024-11,0.0053101093508303165,130.1866229388826,240.0
N24002168,2024-12,0.0005456517683342099,240.0,240.0
N24002168,2025-01,0.0003196254577161328,240.0,240.0
N24002168,2025-03,0.0005865928833372891,240.0,240.0
N24002168,2025-04,0.0006276114145293832,240.0,240.0
N24002168,2025-05,0.0010170373134315014,240.0,240.0
N24002169,2024-10,0.0023850707802921534,240.0,240.0
N24002169,2024-11,0.004070984199643135,169.91845013006713,240.0
N24002169,2024-12,0.0012658287305384874,240.0,240.0
N24002169,2025-01,0.0006521516662677529,240.0,240.0
N24002169,2025-03,0.0013556714402511716,240.0,240.0
N24002169,2025-04,0.0011529909679666162,240.0,240.0
N24002169,2025-05,0.0017406404949724674,240.0,240.0
N24002170,2024-10,0.0017083121929317713,240.0,240.0
N24002170,2024-11,0.003355034627020359,206.25234604459501,240.0
N24002170,2024-12,0.0011996375396847725,240.0,240.0
N24002170,2025-01,0.0006625047669650552,240.0,240.0
N24002170,2025-03,0.002210975158959627,240.0,240.0
N24002170,2025-04,0.002466880949214101,240.0,240.0
N24002170,2025-05,0.00440330570563674,157.0683561161862,240.0
N24002171,2024-10,0.002257466083392501,240.0,240.0
N24002171,2024-11,0.0043623014353215694,158.54801203975413,240.0
N24002171,2024-12,0.0011585359461605549,240.0,240.0
N24002171,2025-01,0.0006513655833397802,240.0,240.0
N24002171,2025-03,0.0015491453232243657,240.0,240.0
N24002171,2025-04,0.0016185289714485407,240.0,240.0
N24002171,2025-05,0.002550436882302165,240.0,240.0
N24002172,2024-10,0.0010742847807705402,240.0,240.0
N24002172,2024-11,0.004303819965571165,160.70712146979494,240.0
N24002172,2024-12,0.0013614309718832374,240.0,240.0
N24002172,2025-01,0.0007565313344963798,240.0,240.0
N24002172,2025-03,0.0016129583818838,240.0,240.0
N24002172,2025-04,0.0015168158570304513,240.0,240.0
N24002172,2025-05,0.0023281944449990988,240.0,240.0
N24002173,2024-10,0.0019570467993617058,240.0,240.0
N24002173,2024-11,0.004963552113622427,139.30054566418877,240.0
N24002173,2024-12,0.0011921421391889453,240.0,240.0
N24002173,2025-01,0.0006068628003256249,240.0,240.0
N24002173,2025-03,0.0021608902607113123,240.0,240.0
N24002173,2025-04,0.0022474515717476606,240.0,240.0
N24002173,2025-05,0.0029706538189202547,232.98477779343915,240.0
N24002174,2024-10,0.0009119483293034136,240.0,240.0
N24002174,2024-11,0.0017905052518472075,240.0,240.0
N24002174,2024-12,0.0007281905855052173,240.0,240.0
N24002174,2025-01,0.000383660395047003,240.0,240.0
N24002174,2025-03,0.0007976647466421127,240.0,240.0
N24002174,2025-04,0.000657362281344831,240.0,240.0
N24002174,2025-05,0.0009631518041715026,240.0,240.0
N24002175,2024-10,0.0015337747754529119,240.0,240.0
N24002175,2024-11,0.003203650936484337,216.01488416985026,240.0
N24002175,2024-12,0.0011006523855030537,240.0,240.0
N24002175,2025-01,0.0006078295182138094,240.0,240.0
N24002175,2025-03,0.0013167527504265308,240.0,240.0
N24002175,2025-04,0.0013137501664459705,240.0,240.0
N24002175,2025-05,0.0016065570525825024,240.0,240.0
N24002176,2024-10,0.0012841613497585058,240.0,240.0
N24002176,2024-11,0.0032318653538823128,214.12602980149876,240.0
N24002176,2024-12,0.0008314544684253633,240.0,240.0
N24002176,2025-01,0.0004269838144218552,240.0,240.0
N24002176,2025-03,0.0008762120269238949,240.0,240.0
N24002176,2025-04,0.0008762625511735678,240.0,240.0
N24002176,2025-05,0.0014451348688453436,240.0,240.0
N24002177,2024-10,0.0012475152034312487,240.0,240.0
N24002177,2024-11,0.0030787780415266752,224.79035503692742,240.0
N24002177,2024-12,0.0010234055807814002,240.0,240.0
N24002177,2025-01,0.0006006648900153122,240.0,240.0
N24002177,2025-03,0.0013432148844003677,240.0,240.0
N24002177,2025-04,0.0012843863805755973,240.0,240.0
N24002177,2025-05,0.002813149243593216,240.0,240.0
N24002178,2024-10,0.0011562862200662494,240.0,240.0
N24002178,2024-11,0.004617040976881981,149.78117053363698,240.0
N24002178,2024-12,0.0008061109110713005,240.0,240.0
N24002178,2025-01,0.00038350556148503134,240.0,240.0
N24002178,2025-03,0.0007784123881720006,240.0,240.0
N24002178,2025-04,0.0007430086261592805,240.0,240.0
N24002178,2025-05,0.000954599876422435,240.0,240.0
N24002179,2024-10,0.0006873910897411406,240.0,240.0
N24002179,2024-11,0.0012542271288111806,240.0,240.0
N24002179,2024-12,0.0003452675009611994,240.0,240.0
N24002179,2025-01,0.00016688939634856848,240.0,240.0
N24002179,2025-03,0.00044007800170220435,240.0,240.0
N24002179,2025-04,0.0005261973710730672,240.0,240.0
N24002179,2025-05,0.000712184642907232,240.0,240.0
N24002180,2024-10,0.0010846576187759638,240.0,240.0
N24002180,2024-11,0.0031713093630969524,218.22138032047232,240.0
N24002180,2024-12,0.0012474117102101445,240.0,240.0
N24002180,2025-01,0.0006708832920694352,240.0,240.0
N24002180,2025-03,0.001997163286432624,240.0,240.0
N24002180,2025-04,0.0020461902022361755,240.0,240.0
N24002180,2025-05,0.0026442885864526033,240.0,240.0
N24002181,2024-10,0.0012686689151450992,240.0,240.0
N24002181,2024-11,0.0031317779794335365,220.98029494533887,240.0
N24002181,2024-12,0.0008056451915763319,240.0,240.0
N24002181,2025-01,0.00041372723883625895,240.0,240.0
N24002181,2025-03,0.0008490146137773991,240.0,240.0
N24002181,2025-04,0.0008490636246278882,240.0,240.0
N24002181,2025-05,0.0014003028627485037,240.0,240.0
N24002182,2024-10,0.0011595593532547355,240.0,240.0
N24002182,2024-11,0.004522260278463364,152.9276640504663,240.0
N24002182,2024-12,0.0012815489899367094,240.0,240.0
N24002182,2025-01,0.0007121323861244422,240.0,240.0
N24002182,2025-03,0.0015183404320850968,240.0,240.0
N24002182,2025-04,0.001427829498425126,240.0,240.0
N24002182,2025-05,0.0021917119156569242,240.0,240.0
N24002183,2024-10,0.0034320757258683443,201.6147333166149,240.0
N24002183,2024-11,0.008167295716702938,84.52158054187639,196.2530324844678
N24002183,2024-12,0.002028518123552203,240.0,240.0
N24002183,2025-01,0.0010089836412593423,240.0,240.0
N24002183,2025-03,0.002215710701420903,240.0,240.0
N24002183,2025-04,0.002115074312314391,240.0,240.0
N24002183,2025-05,0.0028902310878038406,239.47739767379673,240.0
N24002184,2024-10,0.0015195792075246572,240.0,240.0
N24002184,2024-11,0.00182070373557508,240.0,240.0
N24002184,2024-12,0.0007147074211388826,240.0,240.0
N24002184,2025-01,0.00045556949251490675,240.0,240.0
N24002184,2025-03,0.0009473568061366677,240.0,240.0
N24002184,2025-04,0.0009484681650064886,240.0,240.0
N24002184,2025-05,0.001465656328946352,240.0,240.0
N24002185,2024-10,0.000561059860046953,240.0,240.0
N24002185,2024-11,0.0014907795703038573,240.0,240.0
N24002185,2024-12,0.0002208031073678285,240.0,240.0
N24002185,2025-01,0.00012928896969155446,240.0,240.0
N24002185,2025-03,0.0003983951755799353,240.0,240.0
N24002185,2025-04,0.00042160844895988703,240.0,240.0
N24002185,2025-05,0.0004737813724204898,240.0,240.0
N24002186,2024-10,0.0016981668304651976,240.0,240.0
N24002186,2024-11,0.0029617571271955967,233.6856725897483,240.0
N24002186,2024-12,0.0009302584221586585,240.0,240.0
N24002186,2025-01,0.0005230019808524222,240.0,240.0
N24002186,2025-03,0.0010731938527897,240.0,240.0
N24002186,2025-04,0.0011283874046057463,240.0,240.0
N24002186,2025-05,0.001905688433907926,240.0,240.0
N24002187,2024-10,0.0011823733802884817,240.0,240.0
N24002187,2024-11,0.002918754005804658,237.13376438203073,240.0
N24002187,2024-12,0.0008902784902602434,240.0,240.0
N24002187,2025-01,0.0004984477517797625,240.0,240.0
N24002187,2025-03,0.0010628864401951432,240.0,240.0
N24002187,2025-04,0.0009892681846395135,240.0,240.0
N24002187,2025-05,0.0017185728065669537,240.0,240.0
N24002188,2024-10,0.000952745380345732,240.0,240.0
N24002188,2024-11,0.0021508079953491688,240.0,240.0
N24002188,2024-12,0.0006935885758139193,240.0,240.0
N24002188,2025-01,0.0003785788795405143,240.0,240.0
N24002188,2025-03,0.0008202474564313889,240.0,240.0
N24002188,2025-04,0.0007902348879724741,240.0,240.0
N24002188,2025-05,0.000905371445696801,240.0,240.0
N24002189,2024-10,0.001713081612251699,240.0,240.0
N24002189,2024-11,0.0029877368360757828,231.6506544787229,240.0
N24002189,2024-12,0.0009384352597407997,240.0,240.0
N24002189,2025-01,0.0005307672489281989,240.0,240.0
N24002189,2025-03,0.0010891234269365668,240.0,240.0
N24002189,2025-04,0.001117275794968009,240.0,240.0
N24002189,2025-05,0.0018869369523599744,240.0,240.0
N24002190,2024-10,0.0009956572903320193,240.0,240.0
N24002190,2024-11,0.0038555723149329424,179.43122944938872,240.0
N24002190,2024-12,0.0011899411911144853,240.0,240.0
N24002190,2025-01,0.0008689881422655477,240.0,240.0
N24002190,2025-03,0.0015792015474289656,240.0,240.0
N24002190,2025-04,0.0012544404016807675,240.0,240.0
N24002190,2025-05,0.0013727092882618308,240.0,240.0
N24002191,2024-11,0.009927411563694477,69.47439182488868,161.31454225342193
N24002191,2024-12,0.025311417877674103,27.036708590670067,62.77729326995933
N24002191,2025-01,0.005295399141096446,130.54923578344093,240.0
N24002191,2025-03,0.007754132151603699,89.04366124576897,206.752978718184
N24002191,2025-04,0.010592659004032612,65.08937262075519,151.13284296672373
N24002191,2025-05,0.010617855936288834,64.93408550517213,150.77227745027741
N24002192,2024-11,0.0009983315831050277,240.0,240.0
N24002192,2024-12,0.0009795369114726782,240.0,240.0
N24002192,2025-01,0.0003150330748908914,240.0,240.0
N24002192,2025-03,0.0006920106243342161,240.0,240.0
N24002192,2025-04,0.0006806831224821508,240.0,240.0
N24002192,2025-05,0.0004740503791254014,240.0,240.0
N24002193,2024-11,0.0015565842622891068,240.0,240.0
N24002193,2024-12,0.003567285370081663,193.95984495534074,240.0
N24002193,2025-01,0.0006294083982328891,240.0,240.0
N24002193,2025-03,0.00066762650385499,240.0,240.0
N24002193,2025-04,0.000743781856726855,240.0,240.0
N24002193,2025-05,0.0007180143729783595,240.0,240.0
N24002194,2024-11,0.0009311643079854548,240.0,240.0
N24002194,2024-12,0.0007253875955939293,240.0,240.0
N24002194,2025-01,0.00032188784205577914,240.0,240.0
N24002194,2025-03,0.0007180092507041991,240.0,240.0
N24002194,2025-04,0.0006953708943910897,240.0,240.0
N24002194,2025-05,0.0004430720582604408,240.0,240.0
N24002195,2024-11,0.000806917087174952,240.0,240.0
N24002195,2024-12,0.0015833043726161122,240.0,240.0
N24002195,2025-01,0.00019462207957565703,240.0,240.0
N24002195,2025-03,0.00039186092908494174,240.0,240.0
N24002195,2025-04,0.00041466718539595604,240.0,240.0
N24002195,2025-05,0.00041466718539595604,240.0,240.0
N24002196,2024-11,0.0022697257809340954,240.0,240.0
N24002196,2024-12,0.005602499935775995,123.37415293655869,240.0
N24002196,2025-01,0.000427155338339702,240.0,240.0
N24002196,2025-03,0.0011752420105040073,240.0,240.0
N24002196,2025-04,0.0008207813953049481,240.0,240.0
N24002196,2025-05,0.0006871516816318035,240.0,240.0
N24002197,2024-11,0.0020600410643965006,240.0,240.0
N24002197,2024-12,0.0022628381848335266,240.0,240.0
N24002197,2025-01,0.0005326777671100791,240.0,240.0
N24002197,2025-03,0.001535325194709003,240.0,240.0
N24002197,2025-04,0.0009930203668773174,240.0,240.0
N24002197,2025-05,0.0006396588287316263,240.0,240.0
N24002198,2024-11,0.001439558225683868,240.0,240.0
N24002198,2024-12,0.00238699815236032,240.0,240.0
N24002198,2025-01,0.0004455783897129306,240.0,240.0
N24002198,2025-03,0.0009599334443919361,240.0,240.0
N24002198,2025-04,0.0010017347522079945,240.0,240.0
N24002198,2025-05,0.000947847031056881,240.0,240.0
N24002199,2024-11,0.0021893377415835857,240.0,240.0
N24002199,2024-12,0.004166276194155216,166.0240997724337,240.0
N24002199,2025-01,0.00048537570977813527,240.0,240.0
N24002199,2025-03,0.0009021745063364506,240.0,240.0
N24002199,2025-04,0.0006387182511389256,240.0,240.0
N24002199,2025-05,0.0006136719021014869,240.0,240.0
N24002200,2024-11,0.0011043634731322527,240.0,240.0
N24002200,2024-12,0.0019395374692976475,240.0,240.0
N24002200,2025-01,0.0005160891982038951,240.0,240.0
N24002200,2025-03,0.0005170986987650394,240.0,240.0
N24002200,2025-04,0.0005034168716520071,240.0,240.0
N24002200,2025-05,0.0006476981798186898,240.0,240.0
N24002201,2024-11,0.0020816726610064507,240.0,240.0
N24002201,2024-12,0.006991012953221798,98.80133990920729,229.4096069477044
N24002201,2025-01,0.0002810325198122632,240.0,240.0
N24002201,2025-03,0.0005469467723742127,240.0,240.0
N24002201,2025-04,0.0009235452744178474,240.0,240.0
N24002201,2025-05,0.0005967526813037694,240.0,240.0
N24002202,2024-12,0.000960665347520262,240.0,240.0
N24002202,2025-01,0.0019334379316363615,240.0,240.0
N24002202,2025-03,0.0006498899310827255,240.0,240.0
N24002202,2025-04,0.00045648537343367934,240.0,240.0
N24002202,2025-05,0.0005540123675018549,240.0,240.0
N24002203,2024-12,0.004145684652030468,166.85046234790863,240.0
N24002203,2025-01,0.002334273018514077,240.0,240.0
N24002203,2025-03,0.0019953951705247164,240.0,240.0
N24002203,2025-04,0.0013948186533525586,240.0,240.0
N24002203,2025-05,0.0011380353244021535,240.0,240.0
N24002204,2024-12,0.000853639212436974,240.0,240.0
N24002204,2025-01,0.000813524879862304,240.0,240.0
N24002204,2025-03,0.0004889539559371769,240.0,240.0
N24002204,2025-04,0.000632737239357084,240.0,240.0
N24002204,2025-05,0.0012702110689133406,240.0,240.0
N24002205,2024-12,0.0007591593312099576,240.0,240.0
N24002205,2025-01,0.00039628316685091924,240.0,240.0
N24002205,2025-03,0.00022962817456573248,240.0,240.0
N24002205,2025-04,0.0002200739982072264,240.0,240.0
N24002205,2025-05,0.0002749738050624728,240.0,240.0
N24002206,2024-12,0.0021130454260855913,240.0,240.0
N24002206,2025-01,0.0019791906498274336,240.0,240.0
N24002206,2025-03,0.0010920189088210464,240.0,240.0
N24002206,2025-04,0.0011528240283951163,240.0,240.0
N24002206,2025-05,0.0009969496168196201,240.0,240.0
N24002207,2024-12,0.0017333644209429622,240.0,240.0
N24002207,2025-01,0.0009641328822310724,240.0,240.0
N24002207,2025-03,0.0016187385190278292,240.0,240.0
N24002207,2025-04,0.0018827163148671389,240.0,240.0
N24002207,2025-05,0.0018736333586275578,240.0,240.0
N24002208,2024-12,0.007682850584387779,89.87303309066944,208.67872050596696
N24002208,2025-01,0.001989143651997649,240.0,240.0
N24002208,2025-03,0.0024031263310462236,240.0,240.0
N24002208,2025-04,0.0037448599468916655,184.74616120165106,240.0
N24002208,2025-05,0.003721056040376425,185.93021766359436,240.0
N24002209,2024-12,0.015799857676029205,43.522976388864215,101.05722165042313
N24002209,2025-01,0.023662249678275904,28.94541936505817,67.20918244202528
N24002209,2025-03,0.010575372725725174,65.19633483497776,151.38120153701848
N24002209,2025-04,0.01107873022556305,62.2183627569059,144.4665645031533
N24002209,2025-05,0.00588932354003191,117.34863647804744,240.0
N24002210,2025-01,0.0004409945999596099,240.0,240.0
N24002210,2025-03,0.003167452523484826,218.48751941864285,240.0
N24002210,2025-04,0.0007273648516274989,240.0,240.0
N24002210,2025-05,0.0006709935260005295,240.0,240.0
N24002211,2025-01,0.0009229473757992324,240.0,240.0
N24002211,2025-03,0.002203124575316906,240.0,240.0
N24002211,2025-04,0.0007449612021446228,240.0,240.0
N24002211,2025-05,0.0009061896707862616,240.0,240.0
N24002212,2025-01,0.0005126132861226207,240.0,240.0
N24002212,2025-03,0.001749811926856637,240.0,240.0
N24002212,2025-04,0.00031441249302588403,240.0,240.0
N24002212,2025-05,0.0005202427273616195,240.0,240.0
N24002213,2025-01,0.0005320431403789128,240.0,240.0
N24002213,2025-03,0.0010637358063831925,240.0,240.0
N24002213,2025-04,0.00047898595221340656,240.0,240.0
N24002213,2025-05,0.0007910991553217173,240.0,240.0
N24002214,2025-03,0.001198132405988872,240.0,240.0
N24002214,2025-04,0.0027503722812980413,240.0,240.0
N24002214,2025-05,0.0007951845764182508,240.0,240.0
N24002215,2025-03,0.0015276930062100291,240.0,240.0
N24002215,2025-04,0.005627959035336971,122.8144767093962,240.0
N24002215,2025-05,0.0010346273193135858,240.0,240.0
N24002216,2025-03,0.0010399227030575275,240.0,240.0
N24002216,2025-04,0.001618643058463931,240.0,240.0
N24002216,2025-05,0.0013593457406386733,240.0,240.0
N24002217,2025-03,0.0009385035955347121,240.0,240.0
N24002217,2025-04,0.002494012238457799,240.0,240.0
N24002217,2025-05,0.0005677292356267571,240.0,240.0
N24002219,2025-03,0.0011391481384634972,240.0,240.0
N24002219,2025-04,0.0013974752509966493,240.0,240.0
N24002219,2025-05,0.0003977961023338139,240.0,240.0
N24002220,2025-03,0.0006442664889618754,240.0,240.0
N24002220,2025-04,0.0032994397915899754,209.73349893283822,240.0
N24002220,2025-05,0.0010266838362440467,240.0,240.0
N24002221,2025-03,0.0011427493300288916,240.0,240.0
N24002221,2025-04,0.002647910499945283,240.0,240.0
N24002221,2025-05,0.001495690201409161,240.0,240.0
N24002222,2025-03,0.0008221011376008391,240.0,240.0
N24002222,2025-04,0.0016762263840064406,240.0,240.0
N24002222,2025-05,0.0005717994063161314,240.0,240.0
N24002223,2025-03,0.0015251501463353634,240.0,240.0
N24002223,2025-04,0.00348079320974648,198.78805973275857,240.0
N24002223,2025-05,0.001164735876955092,240.0,240.0
N24002224,2025-03,0.0009795223595574498,240.0,240.0
N24002224,2025-04,0.0005650795646943152,240.0,240.0
N24002224,2025-05,0.0005514593212865293,240.0,240.0
N24002225,2025-03,0.000992847722955048,240.0,240.0
N24002225,2025-04,0.003916837740689516,176.61921834255696,240.0
N24002225,2025-05,0.000877860002219677,240.0,240.0
N24002226,2025-03,0.0016225414583459496,240.0,240.0
N24002226,2025-04,0.005530145950615406,124.99286868353536,240.0
N24002226,2025-05,0.0006764137651771307,240.0,240.0
N24002227,2025-03,0.0022851969115436077,240.0,240.0
N24002227,2025-04,0.002648422960191965,240.0,240.0
N24002227,2025-05,0.0013513622106984258,240.0,240.0
N24002228,2025-03,0.0008757789037190378,240.0,240.0
N24002228,2025-04,0.00232157064601779,240.0,240.0
N24002228,2025-05,0.0010795029811561108,240.0,240.0
N24002229,2025-04,0.0010828410740941763,240.0,240.0
N24002229,2025-05,0.0025181295350193977,240.0,240.0
N24002230,2025-04,0.0011139101115986705,240.0,240.0
N24002230,2025-05,0.004269565921276808,161.99923348399926,240.0
N24002231,2025-04,0.0013321159640327096,240.0,240.0
N24002231,2025-05,0.004992063622921705,138.50296636687636,240.0
N24002232,2025-04,0.002613919088616967,240.0,240.0
N24002232,2025-05,0.0024765711277723312,240.0,240.0
N24002233,2025-04,0.0008836484630592167,240.0,240.0
N24002233,2025-05,0.00213116523809731,240.0,240.0
N24002234,2025-04,0.0007455073646269739,240.0,240.0
N24002234,2025-05,0.0004731804656330496,240.0,240.0
N24002235,2025-04,0.0010625942377373576,240.0,240.0
N24002235,2025-05,0.003872292349115014,178.65497129887507,240.0
N24002236,2025-04,0.0013335762778297067,240.0,240.0
N24002236,2025-05,0.005495298653841019,125.78768681853302,240.0
N24002237,2025-05,0.0014147856272757053,240.0,240.0
N24002238,2025-05,0.001653006998822093,240.0,240.0
N24002239,2025-05,0.0010757247218862176,240.0,240.0
N24002240,2025-05,0.0011797368060797453,240.0,240.0
N24002241,2025-05,0.00159535463899374,240.0,240.0
N24002242,2025-05,0.0008075701771304011,240.0,240.0
N24002243,2025-05,0.0008926767623052001,240.0,240.0
N24002244,2025-05,0.002414846792817116,240.0,240.0
N25000072,2024-07,0.0031130797775981156,222.3096605625837,240.0
N25000072,2024-09,0.0064638820476830006,106.88693627343892,240.0
N25000072,2024-10,0.003982676658779383,173.69373194001986,240.0
N25000072,2024-11,0.005733420606702566,120.54901804291265,240.0
N25000072,2024-12,0.00554144661873579,124.73726273907057,240.0
N25000072,2025-01,0.003316415319300714,208.65817324153588,240.0
N25000072,2025-03,0.008014999330043793,86.13421404435704,199.9974515206342
N25000072,2025-04,0.007726316340267658,89.3654817376853,207.500222759875
N25000072,2025-05,0.010032245889306068,68.74476899855014,159.62041051427533
N26000101,2024-07,0.01566212114814458,43.908792124839195,101.95305804723309
N26000114,2024-07,0.004560651882562938,151.6373958579573,240.0
N26000114,2024-09,0.019908983260393143,34.468064886194156,80.03236823565479
N26000114,2024-10,0.007058319170027971,97.85588452372033,227.21432752567966
N26000114,2024-11,0.006133992224931717,112.65405880309547,240.0
N26000114,2024-12,0.0032132251653820276,215.3702055146371,240.0
N26000114,2025-01,0.0012586872896178658,240.0,240.0
N26000114,2025-03,0.005431907717138529,127.25969435433511,240.0
N26000114,2025-04,0.0069991969503462315,98.68540762537933,229.1404205207798
N26000114,2025-05,0.009636231698095798,71.5842197578207,166.21341100627492
N26000115,2024-07,0.13905126575523363,4.629613320379422,10.749629237053746
N26000115,2024-09,0.18043436110019684,3.483487971251354,8.088408588650697
N26000115,2024-10,0.0725170224905014,9.207484948347092,21.379117984819626
N26000115,2024-11,0.09312167018651962,7.091238573211452,16.465346070688646
N26000115,2024-12,0.07609498500823975,8.757828453373412,20.335047936091662
N26000115,2025-01,0.03741706440662218,18.17611846158345,42.20364011195147
N26000115,2025-03,0.10130129009485245,6.489690059570466,15.068593676427904
N26000115,2025-04,0.11750625818967819,5.545018562712565,12.875134387434247
N26000115,2025-05,0.1482304483652115,4.320308793627251,10.031446366512041
N26000116,2024-07,0.0004663567648458544,240.0,240.0
N26000116,2024-09,0.001309693674556911,240.0,240.0
N26000116,2024-10,0.00035504557308740914,240.0,240.0
N26000116,2024-11,0.00120788742788136,240.0,240.0
N26000116,2024-12,0.0009830920025706291,240.0,240.0
N26000116,2025-01,0.0005411382529288966,240.0,240.0
N26000116,2025-03,0.001487238914705813,240.0,240.0
N26000116,2025-04,0.0023154180962592363,240.0,240.0
N26000116,2025-05,0.003113693790510297,222.265753218668,240.0
N26000117,2024-07,0.00043898916215678874,240.0,240.0
N26000117,2024-09,0.0012988861417397857,240.0,240.0
N26000117,2024-10,0.0007907776162028313,240.0,240.0
N26000117,2024-11,0.0009939114097505808,240.0,240.0
N26000117,2024-12,0.001228278735652566,240.0,240.0
N26000117,2025-01,0.0006135544199794563,240.0,240.0
N26000117,2025-03,0.00409461185336113,168.93594572101333,240.0
N26000117,2025-04,0.008938901126384735,77.19568071821664,179.24281986358181
N26000117,2025-05,0.017728716135025024,38.74981993373968,89.97429557597651
N26000118,2024-07,0.0006878453520070549,240.0,240.0
N26000118,2024-09,0.0012326280120760202,240.0,240.0
N26000118,2024-10,0.0010004538344219327,240.0,240.0
N26000118,2024-11,0.0007905933889560401,240.0,240.0
N26000118,2024-12,0.0005850330926477909,240.0,240.0
N26000118,2025-01,0.0007092600085617518,240.0,240.0
N26000118,2025-03,0.07505276799201965,8.884384918232122,20.628902947436725
N26000118,2025-04,0.13157445192337036,4.913378949813107,11.408512624399215
N26000118,2025-05,0.3060593903064728,1.8971159903216985,4.4049669171880135
N28000056,2024-07,0.06937362090725985,9.640783141293813,22.38520523248654
N28000056,2024-09,0.30333366990089417,1.9176916929896022,4.4527422192846675
N28000056,2024-10,0.14733295142650604,4.348854868646714,10.097728300098495
N28000056,2024-11,0.18537485599517822,3.3807569005963845,7.849874429479066
N28000056,2024-12,0.17704294621944427,3.5573142958261403,8.259828005823168
N28000056,2025-01,0.08687123281797737,7.62719636972538,17.709801536088257
N28000056,2025-03,0.24591955542564392,2.4557374332293125,5.702045739881719
N28000056,2025-04,0.2860206663608551,2.057419367865763,4.777179833212913
N28000056,2025-05,0.28826701641082764,2.0383536663948765,4.732910645318925
N28000058,2024-07,0.0023564061207373976,240.0,240.0
N28000058,2024-09,0.030458033084869385,22.409090273635087,52.03229628722043
N28000058,2024-10,0.012135051190853119,56.7721489933785,131.82084775485683
N28000058,2024-11,0.024285411462187767,28.19371671525729,65.46378294045134
N28000058,2024-12,0.019209254533052444,35.73632895628204,82.97718621172803
N28000058,2025-01,0.008491811552101991,81.27829446516532,188.72235542319535
N28000058,2025-03,0.02906731888651848,23.49799414486408,54.560652778458646
N28000058,2025-04,0.0403556227684021,16.827022421395174,39.07113611353703
N28000058,2025-05,0.053326524794101715,12.648430118884036,29.368745249256342
N28000067,2024-07,0.006111536266855677,113.06926593103691,240.0
N28000067,2024-09,0.01740238070487976,39.483007518057825,91.6767044268274
N28000067,2024-10,0.005832570604979992,118.49385831272805,240.0
N28000067,2024-11,0.005432348232716322,127.24934655923437,240.0
N28000067,2024-12,0.005578065291047096,123.91611286124211,240.0
N28000067,2025-01,0.002655518375711652,240.0,240.0
N28000067,2025-03,0.005625005345791578,122.87914890299169,240.0
N28000067,2025-04,0.21597920358181,2.8487092772334695,6.614498104974664
N28000067,2025-05,0.10302693396806717,6.374972173665442,14.802226994158946
N28000071,2024-07,0.007058270714753512,97.85655869264555,227.21589289744782
N28000071,2024-09,0.0335209034383297,20.329514860623533,47.20367171031192
N28000071,2024-10,0.03481321781873703,19.561839716891907,45.42118522633476
N28000071,2024-11,0.049682293087244034,13.602077002502206,31.58304474093115
N28000071,2024-12,0.05912155658006668,11.374008870667796,26.409630748301634
N28000071,2025-01,0.030353935563326884,22.487142176322706,52.21352719293023
N28000071,2025-03,0.10308126360177994,6.371422734143027,14.793985450810748
N28000071,2025-04,0.13981148600578308,4.602457495542493,10.68657536442504
N28000071,2025-05,0.17398996651172638,3.626226174075223,8.419836432001171
N28000081,2024-07,0.023679019276159452,28.9246726599189,67.16101008448607
N28000081,2024-09,0.11016404628753662,5.938640660099744,13.789096594126027
N28000081,2024-10,0.047439586371183395,14.2617748257163,33.11481565078799
N28000081,2024-11,0.051566749811172485,13.092114929260163,30.398949475743446
N28000084,2024-07,0.024185757244173267,28.311324961859615,65.73686083242772
N28000084,2024-09,0.12290496379137039,5.285554098577467,12.272676558534068
N28000084,2024-10,0.038134217262268066,17.827695871160703,41.39462791035547
N28000084,2024-11,0.057335853576660156,11.739261011886176,27.25771995671436
N28000086,2024-07,0.0010163053137656197,240.0,240.0
N28000086,2024-09,0.008701717481017113,79.3092862080587,184.1504598319543
N28000086,2024-10,0.002668746979907155,240.0,240.0
N28000086,2024-11,0.0032063231337815523,215.83456500977098,240.0
N28000086,2024-12,0.0035525006242096424,194.7685083223519,240.0
N28000086,2025-01,0.0014026944490941329,240.0,240.0
N28000086,2025-03,0.010710484348237514,64.36950237119733,149.46135600960176
N28000086,2025-04,0.007886252366006374,87.54607069080912,203.27568113398476
N28000086,2025-05,0.014395096339285374,47.80420691523698,110.99793109029747
N28000097,2024-07,0.08103576420192005,8.202141514470497,19.044782820691026
N28000097,2024-09,0.46989548206329346,1.0921188505863118,2.535821442132451
N28000097,2024-10,0.11879253387451172,5.481062543924939,12.726633110574113
N28000097,2024-11,0.1315101832151413,4.915957727176362,11.414500360009418
N28000098,2024-07,0.0062881534406177275,109.88370242406006,240.0
N28000098,2024-09,0.0564739853143692,11.92381177649688,27.686233561996897
N28000098,2024-10,0.004691927693784237,147.38500950657738,240.0
N28000098,2024-11,0.008040224201977253,85.8628919676353,199.36746116793083
N28000098,2024-12,0.008766300976276398,78.72243441596686,182.78783216836126
N28000098,2025-01,0.005261053218220013,131.40377159848157,240.0
N28000098,2025-03,0.03272628411650658,20.831641460893746,48.3695735706696
N28000098,2025-04,0.04409221187233925,15.371221165032912,35.69087027581717
N28000098,2025-05,0.046799030154943466,14.46180212382061,33.5792646540008
N28000100,2024-07,0.05363170612979473,12.574447813602664,29.19696365609899
N28000100,2024-09,0.14707230031490326,4.357210354549805,10.117129137563317
N28000100,2024-10,0.022682636976242065,30.210593132094548,70.14682495662153
N28000100,2024-11,0.026188503950834274,26.119506290299878,60.64761548003447
N28000100,2024-12,0.026328539475798607,25.978722759661583,60.32072624494798
N28000100,2025-01,0.012722750591295684,54.13360864232476,125.69434678425117
N28000100,2025-03,0.045564405620098114,14.863203350036825,34.51128943847446
N28000100,2025-04,0.12139733135700226,5.355692608782769,12.435533135913305
N28000100,2025-05,0.1290249526500702,5.01764436115085,11.65060941230931
N28000104,2024-07,0.01435388595237963,47.94245390160089,111.31893065196934
N28000104,2024-09,0.037960316985845566,17.910974874889863,41.587995768828435
N28000104,2024-10,0.03325814753770828,20.49289749898294,47.58303444853546
N28000104,2024-11,0.03867306187748909,17.574404082339765,40.80650258968785
N28000104,2024-12,0.03437712416052818,19.814441482558358,46.00770836285385
N28000104,2025-01,0.012912395847198055,53.333432457469605,123.83639521977622
N28000104,2025-03,0.03199530020356178,21.315579269311275,49.493242364212485
N28000104,2025-04,0.03483506292104721,19.549352540528762,45.39219090071136
N28000105,2024-07,0.04909016499942376,13.770397819396798,31.9738735746331
N28000105,2024-09,0.00860204454511404,80.2322799964663,186.29358504066442
N28000105,2024-10,0.12268096208572388,5.295866297785426,12.296620743595103
N28000105,2024-11,0.0982072725892067,6.70545910612312,15.569593887625572
N28000105,2024-12,0.051952093839645386,12.992390054059141,30.167395486255057
N28000105,2025-01,0.026151432308537004,26.157028341178247,60.73473898414675
N28000105,2025-03,0.07620582729578018,8.74457241477575,20.304268367644838
N28000105,2025-04,0.14435537159442902,4.446097150610023,10.32351788660006
N28000105,2025-05,0.026957612484693527,25.364331955566207,58.89415497567849
N28000109,2024-07,0.027400497192221263,24.94870495408996,57.929098963956996
N28000109,2024-09,0.22380602359771729,2.735896838807607,6.352555734740903
N28000109,2024-10,0.06023595854640007,11.157037384751673,25.90583855936353
N28000109,2024-11,0.06812424957752228,9.824100877175228,22.81085583372074
N28000109,2024-12,0.07813835144042969,8.519495293946397,19.781655477274807
N28000109,2025-01,0.04355256118060402,15.566041948195757,36.14323012571094
N28000109,2025-03,0.3077723979949951,1.8843689908955301,4.37536930109488
N28000109,2025-04,0.39024817943573,1.4011372918280638,3.253340042689974
N28000109,2025-05,0.4216364920139313,1.2659003941340827,2.9393296904689117
N28000112,2024-07,0.035241868269613286,19.319641097169885,44.85881744665926
N28000112,2024-09,0.08431904017925262,7.868868724229496,18.270947365768944
N28000112,2024-10,0.0788033977150917,8.44459046495054,19.60773185038659
N28000112,2024-11,0.04871814325451851,13.878242704050727,32.224281642200935
N28000112,2024-12,0.050115685909986496,13.481399396623509,31.30284001741766
N28000112,2025-01,0.028259112497854844,24.180042003309133,56.14431886303998
N28000112,2025-03,0.04101308062672615,16.551644341739067,38.43172801366738
N28000112,2025-04,0.08029689639806747,8.280895529218789,19.22764398012026
N28000115,2024-07,0.012941857245818644,53.21122955760515,123.55264887330422
N28000115,2024-09,0.059686362743377686,11.263030168147631,26.151946180985917
N28000115,2024-10,0.01145787164568901,60.148043127308014,139.6594311897932
N28000115,2024-11,0.013073067180812359,52.67367284778454,122.30448084617655
N28000115,2024-12,0.014851429499685764,46.324647165783624,107.56249973997721
N28000115,2025-01,0.007899415826907008,87.39960625774455,202.93560125195037
N28000115,2025-03,0.0220234002918005,31.125353635102346,72.27083306864863
N28000115,2025-04,0.019384965300559998,35.40924289368579,82.21771589353973
N28000115,2025-05,0.026141103357076645,26.16750174158255,60.75905746679451
N28000117,2024-07,0.022664345668837793,30.235256507776363,70.2040915415319
N28000117,2024-09,0.07881243526935577,8.443581257287397,19.605388542759965
N28000117,2024-10,0.031922563910484314,21.364945600426275,49.60786743536991
N28000117,2024-11,0.03863437473773956,17.592354141205547,40.848181335673196
N28000117,2024-12,0.04465668648481369,15.172476238973335,35.229398848283125
N28000117,2025-01,0.023446603817458667,29.214852604046715,67.8347870493293
N28000117,2025-03,0.10539556294679642,6.223620365983049,14.450798979689209
N28000117,2025-04,0.15194055438041687,4.20587418813523,9.765737440992766
N28000117,2025-05,0.16961264610290527,3.7293447157861936,8.659270271103688
N28000121,2024-07,0.041292055584877585,16.437444448591055,38.16656407333388
N28000121,2024-09,0.09637662768363953,6.839640808337732,15.881154151817489
N28000121,2024-10,0.1401098519563675,4.591879928164847,10.66201501355532
N28000121,2024-11,0.1274189054965973,5.0854643167357265,11.808082472575848
N28000121,2024-12,0.12754863500595093,5.079922814329552,11.795215502451065
N28000121,2025-01,0.0755936413990661,8.818271282184268,20.475391838442054
N28000121,2025-03,0.19258521497249603,3.2402507596643915,7.523629273344869
N28000121,2025-04,0.1520693600177765,4.202001356983882,9.756745005535695
N28000121,2025-05,0.16297245025634766,3.896311562761791,9.046955284011085
N28000122,2024-07,0.00612309155853108,112.85523004776864,240.0
N28000122,2024-09,0.01782577484846115,38.53693450709513,89.47999092285845
N28000122,2024-10,0.012211778201162815,56.41326123410974,130.98753618369952
N28000122,2024-11,0.014457659795880318,47.59583400294842,110.51410417104117
N28000122,2024-12,0.013435584492981434,51.243045255322365,118.98266644591754
N28000122,2025-01,0.00791660051460863,87.20913226729219,202.49333434217377
N28000122,2025-03,0.015485163778066635,44.41454300871644,103.12737523352179
N28000122,2025-04,0.016748707741498947,41.03756485686702,95.28627478692181
N28000122,2025-05,0.018568824976682663,36.98088669930484,85.86695980096228
N28000124,2024-07,0.0007216026347569571,240.0,240.0
N28000124,2024-09,0.001961751142516732,240.0,240.0
N28000124,2024-10,0.002328279661014676,240.0,240.0
N28000124,2024-11,0.0029256537090986967,236.57370281375847,240.0
N28000124,2024-12,0.0029979883693158627,230.85734558135297,240.0
N28000124,2025-01,0.0022487371311142867,240.0,240.0
N28000124,2025-03,0.0031232924666255713,221.5816075252078,240.0
N28000124,2025-04,0.002264645416289568,240.0,240.0
N28000124,2025-05,0.002642882987856865,240.0,240.0
N28000125,2024-07,0.0011007561182359016,240.0,240.0
N28000125,2024-09,0.0028111995197832584,240.0,240.0
N28000125,2024-10,0.0020483278203755617,240.0,240.0
N28000125,2024-11,0.0019710015039891005,240.0,240.0
N28000125,2024-12,0.002446666592732072,240.0,240.0
N28000125,2025-01,0.0013194242520490063,240.0,240.0
N28000125,2025-03,0.002691918984055519,240.0,240.0
N28000125,2025-04,0.00292343576438725,236.7534491353576,240.0
N28000125,2025-05,0.004174660891294479,165.6899476586019,240.0
N28000126,2024-07,0.0014739574437896419,240.0,240.0
N28000126,2024-09,0.00435811560600996,158.70062564377096,240.0
N28000126,2024-10,0.0012606021482497454,240.0,240.0
N28000126,2024-11,0.0015877133700996637,240.0,240.0
N28000126,2024-12,0.0015582117484882474,240.0,240.0
N28000126,2025-01,0.0007643375628449967,240.0,240.0
N28000126,2025-03,0.003263297723606229,212.06020726310544,240.0
N28000126,2025-04,0.006247535347938538,110.60036473455358,240.0
N28000126,2025-05,0.010397180914878845,66.31966116876981,153.98948451117707
N28000127,2024-07,0.0008390403362436016,240.0,240.0
N28000127,2024-09,0.0037108773831278086,186.44116205694192,240.0
N28000127,2024-10,0.0020120993722230196,240.0,240.0
N28000127,2024-11,0.001620089286006987,240.0,240.0
N28000128,2024-07,0.0007392342154473042,240.0,240.0
N28000128,2024-09,0.012031608261168003,57.26324491305414,132.96113716803623
N28000128,2024-10,0.004218823742121458,163.95186423845416,240.0
N28000128,2024-11,0.004329109098762274,159.76629948911298,240.0
N28000128,2024-12,0.004442417994141579,155.6824266055697,240.0
N28000128,2025-01,0.002071933576682339,240.0,240.0
N28000128,2025-03,0.006647356320172548,103.92715363210066,240.0
N28000128,2025-04,0.00969703122973442,71.13321296661842,165.1662056667973
N28000128,2025-05,0.010341500863432884,66.67860777171403,154.8229327131176
N28000129,2024-07,0.0010617795682527076,240.0,240.0
N28000129,2024-09,0.0030325339175760746,228.223548754823,240.0
N28000129,2024-10,0.0008670696406625211,240.0,240.0
N28000129,2024-11,0.0007204434950836003,240.0,240.0
N28000129,2024-12,0.0010824435157701373,240.0,240.0
N28000129,2025-01,0.0006490001740737661,240.0,240.0
N28000129,2025-03,0.0015129296807572246,240.0,240.0
N28000129,2025-04,0.0024883397854864597,240.0,240.0
N28000129,2025-05,0.0025364707689732313,240.0,240.0
N28000130,2024-07,0.01698024316651081,40.47324131511099,93.97595610071215
N28000130,2024-09,0.040839411318302155,16.62352463924069,38.598628895905264
N28000130,2024-10,0.008069327101111412,85.5519648488342,198.6455107553242
N28000130,2024-11,0.01383726391941309,49.74541335653985,115.50527286433491
N28000130,2024-12,0.008555260486900806,80.67292729742445,187.31673638869543
N28000130,2025-01,0.007084630071954812,97.49117714634363,226.36750321973602
N28000130,2025-03,0.012847132049500942,53.60613605371387,124.46959336147259
N28000130,2025-04,0.022630048915743828,30.281608540183793,70.31171762783383
N28000130,2025-05,0.027670128270983696,24.70218390412091,57.35669481205274
N28000131,2024-07,0.0019186878733286061,240.0,240.0
N28000131,2024-09,0.01179809495806694,58.40351233591494,135.60875613286154
N28000131,2024-10,0.020406560972332954,33.61911416300181,78.06116570029953
N28000131,2024-11,0.021084014326334,32.52767976984935,75.52693351911249
N28000131,2024-12,0.029983054846525192,22.769631986676124,52.86944822010924
N28000131,2025-01,0.01857554519573823,36.967381667293694,85.83560208771326
N28000131,2025-03,0.045605894178152084,14.849361762635843,34.47915026781029
N28000131,2025-04,0.058758631348609924,11.446445568879744,26.57782355298083
N28000131,2025-05,0.060128286480903625,11.177650008548472,25.953699589666662
N28000134,2024-07,0.0011156847667034286,240.0,240.0
N28000134,2024-09,0.002089651068672538,240.0,240.0
N28000134,2024-10,0.0011379128554835916,240.0,240.0
N28000134,2024-11,0.0012092578690499067,240.0,240.0
N28000134,2024-12,0.001369448029436171,240.0,240.0
N28000134,2025-01,0.0011108648123049347,240.0,240.0
N28000134,2025-03,0.0054960050620138645,125.77147454766231,240.0
N28000134,2025-04,0.009768993593752384,70.60665556017445,163.94357723120402
N28000134,2025-05,0.01275575254112482,53.992652530730204,125.3670568285937
N28000135,2024-07,0.0006507564510396247,240.0,240.0
N28000135,2024-09,0.0005766265676356852,240.0,240.0
N28000135,2024-10,0.0004885586677119136,240.0,240.0
N28000135,2024-11,0.00037674992927350104,240.0,240.0
N28000135,2024-12,0.000462462252471596,240.0,240.0
N28000135,2025-01,0.0002485342029142634,240.0,240.0
N28000135,2025-03,0.0010678713442757726,240.0,240.0
N28000135,2025-04,0.0013426808873191476,240.0,240.0
N28000135,2025-05,0.0017170436913147569,240.0,240.0
N28000136,2024-07,0.030520100766161518,22.362805529968863,51.924826440537174
N28000136,2024-09,0.07132890820503235,9.366771732381803,21.748970443814077
N28000136,2024-10,0.019461970776319504,35.26775830089065,81.88919884253498
N28000136,2024-11,0.02185596153140068,31.366480156809796,72.83071151382363
N28000137,2024-07,0.0005541736051053459,240.0,240.0
N28000137,2024-09,0.0014083312125876546,240.0,240.0
N28000137,2024-10,0.0008162627345882356,240.0,240.0
N28000137,2024-11,0.0010721356375142932,240.0,240.0
N28000137,2024-12,0.0009254387114197016,240.0,240.0
N28000137,2025-01,0.0009670556335250602,240.0,240.0
N28000137,2025-03,0.0020069563761353493,240.0,240.0
N28000137,2025-04,0.0018950557569041848,240.0,240.0
N28000137,2025-05,0.0016921075293794274,240.0,240.0
N28000138,2024-07,0.0012477203774566847,240.0,240.0
N28000138,2024-09,0.0018253312446177006,240.0,240.0
N28000138,2024-10,0.0007406619261018932,240.0,240.0
N28000138,2024-11,0.0008179300930351019,240.0,240.0
N28000138,2024-12,0.0005967139732092619,240.0,240.0
N28000138,2025-01,0.00033170890862677105,240.0,240.0
N28000138,2025-03,0.0010715812677517533,240.0,240.0
N28000138,2025-04,0.0016998230712488294,240.0,240.0
N28000138,2025-05,0.0016842377372086048,240.0,240.0
N28000140,2024-07,0.00322436994077846,214.62459652722575,240.0
N28000140,2024-09,0.019084669649600983,35.97189309692877,83.52414920804367
N28000140,2024-10,0.010603914968669415,65.01991161596459,150.97155950820132
N28000140,2024-11,0.013027832843363285,52.857771355972,122.73194434456384
N28000140,2024-12,0.016433464363217354,41.831474599116184,97.12967612225493
N28000140,2025-01,0.009493076241969378,72.66895189234778,168.73208102486046
N28000140,2025-03,0.03566543757915497,19.08603153173425,44.31639283343983
N28000140,2025-04,0.026393985375761986,25.913439475445504,60.169143153200146
N28000140,2025-05,0.061360158026218414,10.946141104600423,25.416152561373107
N28000141,2024-07,0.0612536965873447,10.965781212843824,25.461755480490087
N28000141,2024-09,0.03435548022389412,19.8271454803101,46.037206132151006
N28000141,2024-10,0.0975690484046936,6.751668155945289,15.676887978645716
N28000141,2024-11,0.06398855149745941,10.481969429908858,24.338379309055846
N28000141,2024-12,0.08860702067613602,7.470779668061121,17.3466132019844
N28000141,2025-01,0.07601296983001948,8.767661823729147,20.357880314988076
N28000141,2025-03,0.1640399992465973,3.868559031275969,8.98251590144991
N28000141,2025-04,0.16773763298988342,3.7751563447951524,8.765641579572147
N28000141,2025-05,0.2535952031612396,2.3698376333637325,5.502592581228627
N28000142,2024-07,0.002951826580489758,234.47300595355807,240.0
N28000142,2024-09,0.005754369776695967,120.10888708851034,240.0
N28000142,2024-10,0.002444821409881115,240.0,240.0
N28000142,2024-11,0.0023630396462976933,240.0,240.0
N28000142,2024-12,0.0011227240320295095,240.0,240.0
N28000142,2025-01,0.0009585388705674047,240.0,240.0
N28000142,2025-03,0.002228309167549014,240.0,240.0
N28000142,2025-04,0.006633714772760868,104.1415833385139,240.0
N28000142,2025-05,0.007909019477665424,87.29305796933122,202.68820378762132
N28000144,2024-07,0.0006199886469363536,240.0,240.0
N28000144,2024-09,0.0014998976839706302,240.0,240.0
N28000144,2024-10,0.0007685247110202909,240.0,240.0
N28000144,2024-11,0.0008805428515188396,240.0,240.0
N28000144,2024-12,0.0005467765731737018,240.0,240.0
N28000144,2025-01,0.0002942091399048552,240.0,240.0
N28000144,2025-03,0.0008789824205450714,240.0,240.0
N28000144,2025-04,0.0010399810271337628,240.0,240.0
N28000144,2025-05,0.0009736689971759915,240.0,240.0
N28000145,2024-07,0.0010461500544082236,240.0,240.0
N28000145,2024-09,0.0025456317234784365,240.0,240.0
N28000145,2024-10,0.001207620487548411,240.0,240.0
N28000145,2024-11,0.001079981797374785,240.0,240.0
N28000145,2024-12,0.0007989088189788163,240.0,240.0
N28000145,2025-01,0.0003686227267393205,240.0,240.0
N28000145,2025-03,0.0011188542703166604,240.0,240.0
N28000145,2025-04,0.0018011823995038867,240.0,240.0
N28000145,2025-05,0.0018529455410316586,240.0,240.0
N28000146,2024-07,0.016675415842406394,41.21946529209399,95.70863451794756
N28000146,2024-09,0.08367671072483063,7.93201265469977,18.417563031949484
N28000146,2024-10,0.016975510865449905,40.48462129987697,94.00237960705967
N28000146,2024-11,0.019692709669470787,34.85043933850095,80.9202142192331
N28000146,2024-12,0.021110322326421738,32.48670829633054,75.43180070366024
N28000146,2025-01,0.004726192007759256,146.31396964081674,240.0
N28000146,2025-03,0.02029149979352951,33.81172716840404,78.50839924898366
N28000146,2025-04,0.013552099466323853,50.79948692913538,117.95275590662277
N28000146,2025-05,0.06269758194684982,10.705091917829982,24.85645368236107
N28000147,2024-07,0.0010775026758947925,240.0,240.0
N28000147,2024-09,0.005476448219269514,126.2218546447886,240.0
N28000147,2024-10,0.0024681813083589077,240.0,240.0
N28000147,2024-11,0.004117510747164488,167.9945047470416,240.0
N28000147,2024-12,0.003657788271084428,189.15220407200158,240.0
N28000147,2025-01,0.002118198959717099,240.0,240.0
N28000147,2025-03,0.00955119077116251,72.22467982434715,167.7005132283961
N28000147,2025-04,0.010989471338689327,62.72653927724508,145.64651384289098
N28000147,2025-05,0.01645539700984955,41.775254842560685,96.99913789002099
N28000148,2024-07,0.0007565154900258664,240.0,240.0
N28000148,2024-09,0.0011974324006587267,240.0,240.0
N28000148,2024-10,0.0011765154777094722,240.0,240.0
N28000148,2024-11,0.0014919944806024432,240.0,240.0
N28000148,2024-12,0.0011843189131468534,240.0,240.0
N28000148,2025-01,0.0008530801446321457,240.0,240.0
N28000148,2025-03,0.004494569730013609,153.8719729453175,240.0
N28000148,2025-04,0.0059942640364170074,115.28815565039626,240.0
N28000148,2025-05,0.007187306880950928,96.09346958886657,223.12212677359364
N28000149,2024-07,0.0036178143959680886,191.2460144472993,240.0
N28000149,2024-09,0.015381719917058945,44.71557887117897,103.82635886014216
N28000149,2024-10,0.007206676062196493,95.8342681413333,222.52027965033068
N28000149,2024-11,0.008254111744463444,83.62893465675296,194.18037292501413
N28000149,2024-12,0.01872134394943714,36.67676969241182,85.16082197852431
N28000149,2025-01,0.008315800677711316,83.00597372534153,192.7339024363527
N28000149,2025-03,0.023286452516913414,29.418178588975987,68.3068953661572
N28000149,2025-04,0.02266823686659336,30.23000641642229,70.19190120691614
N28000149,2025-05,0.021985642611980438,31.179407299527313,72.39634179070856
N28000150,2024-07,0.0009402826330131564,240.0,240.0
N28000150,2024-09,0.0021475020330399275,240.0,240.0
N28000150,2024-10,0.0015521226450800896,240.0,240.0
N28000150,2024-11,0.0022719306871294975,240.0,240.0
N28000150,2024-12,0.00252550863660872,240.0,240.0
N28000150,2025-01,0.001432789615190333,240.0,240.0
N28000150,2025-03,0.005291240755468607,130.65210727060762,240.0
N28000150,2025-04,0.0161932073533535,42.457294421106425,98.58278474927148
N28000150,2025-05,0.0036568690557032824,189.19983787510733,240.0
N28000151,2024-07,0.0003282803355185715,240.0,240.0
N28000151,2024-09,0.0013667372986674309,240.0,240.0
N28000151,2024-10,0.0004888703115284443,240.0,240.0
N28000151,2024-11,0.0005891254404559731,240.0,240.0
N28000151,2024-12,0.0006636103498749435,240.0,240.0
N28000151,2025-01,0.0003176873981475259,240.0,240.0
N28000151,2025-03,0.0008466512081213295,240.0,240.0
N28000151,2025-04,0.0011879021767526865,240.0,240.0
N28000151,2025-05,0.0038977728690952063,177.4847994946869,240.0
N28000153,2024-07,0.0003025502253871659,240.0,240.0
N28000153,2024-09,0.0008832183084450662,240.0,240.0
N28000153,2024-10,0.00038999461685307324,240.0,240.0
N28000153,2024-11,0.0006207984988577664,240.0,240.0
N28000153,2024-12,0.0006264004041440785,240.0,240.0
N28000153,2025-01,0.0003904157968026567,240.0,240.0
N28000153,2025-03,0.006366372108459473,108.52937964087806,240.0
N28000153,2025-04,0.009866146370768547,69.90796186589075,162.32126071272612
N28000153,2025-05,0.012789892964065075,53.84759932099521,125.03025370565642
N28000154,2024-07,0.0005640072919480543,240.0,240.0
N28000154,2024-09,0.0037958796601742506,182.25835827034066,240.0
N28000154,2024-10,0.0008359429193660617,240.0,240.0
N28000154,2024-11,0.0008742643985897303,240.0,240.0
N28000154,2024-12,0.0008390684961341321,240.0,240.0
N28000154,2025-01,0.00041964642670422325,240.0,240.0
N28000154,2025-03,0.0013839072780683637,240.0,240.0
N28000154,2025-04,0.002451519714668393,240.0,240.0
N28000154,2025-05,0.0030002009589225054,230.6868369507977,240.0
N28000155,2024-07,0.00043279278774210894,240.0,240.0
N28000155,2024-09,0.0009304946870543063,240.0,240.0
N28000155,2024-10,0.00066485715797171,240.0,240.0
N28000155,2024-11,0.0007739408174529672,240.0,240.0
N28000155,2024-12,0.0008183343452401459,240.0,240.0
N28000155,2025-01,0.000393628926046552,240.0,240.0
N28000155,2025-03,0.0011057473020628095,240.0,240.0
N28000155,2025-04,0.0011558226542547345,240.0,240.0
N28000155,2025-05,0.0011656848946586251,240.0,240.0
N28000156,2024-07,0.002601241193028625,240.0,240.0
N28000156,2024-09,0.00552917318418622,125.01492019497093,240.0
N28000156,2024-10,0.0019890014082193375,240.0,240.0
N28000156,2024-11,0.0021471413783729076,240.0,240.0
N28000156,2024-12,0.0018092315876856446,240.0,240.0
N28000156,2025-01,0.0014610204326823695,240.0,240.0
N28000156,2025-03,0.0035954725462943316,192.43655117913215,240.0
N28000156,2025-04,0.0027822330594062805,240.0,240.0
N28000156,2025-05,0.005222946871072054,132.3650196605647,240.0
N28000157,2024-07,0.00045479905446976776,240.0,240.0
N28000157,2024-09,0.0016689577605575323,240.0,240.0
N28000157,2024-10,0.000446515332441777,240.0,240.0
N28000157,2024-11,0.0005118122790008783,240.0,240.0
N28000157,2024-12,0.00048657090519554913,240.0,240.0
N28000157,2025-01,0.00025144176214753067,240.0,240.0
N28000157,2025-03,0.0008692811825312674,240.0,240.0
N28000157,2025-04,0.000772681029047817,240.0,240.0
N28000157,2025-05,0.0011176260886713862,240.0,240.0
N28000158,2024-07,0.0012327931356544974,240.0,240.0
N28000158,2024-09,0.011174716055393219,61.680946707649795,143.2187230797422
N28000158,2024-10,0.004935050383210182,140.10706243581814,240.0
N28000158,2024-11,0.005158531945198774,134.02220552478792,240.0
N28000158,2024-12,0.005727226380258799,120.67977222288593,240.0
N28000158,2025-01,0.003099773615550805,223.2654415602461,240.0
N28000158,2025-03,0.009243614040315151,74.63948912605407,173.30752678982472
N28000158,2025-04,0.0029560611583292484,234.13662480891065,240.0
N28000158,2025-05,0.00250038830563426,240.0,240.0
N28000159,2024-07,0.002137686209994105,240.0,240.0
N28000159,2024-09,0.017434902489185333,39.408708544647574,91.50418755304486
N28000159,2024-10,0.003416330786421895,202.54551988003251,240.0
N28000159,2024-11,0.004388126544654369,157.61287876575213,240.0
N28000159,2024-12,0.004776346497237682,144.77394060307034,240.0
N28000159,2025-01,0.0023727039201190125,240.0,240.0
N28000159,2025-03,0.007133705075830221,96.8181147662482,224.80470076978068
N28000159,2025-04,0.31187427043914795,1.854407133385916,4.305800022368294
N28000159,2025-05,0.3269135653972626,1.7508954962993166,4.065453444069135
N28000160,2024-11,0.0009047433268278837,240.0,240.0
N28000160,2024-12,0.0011468551820144057,240.0,240.0
N28000160,2025-01,0.00024321152074668895,240.0,240.0
N28000160,2025-03,0.0005139510612934828,240.0,240.0
N28000160,2025-04,0.001097652013413608,240.0,240.0
N28000160,2025-05,0.0010018288157880306,240.0,240.0
N30000001,2024-07,0.003943685692794241,175.41446175132828,240.0
N30000001,2024-09,0.015423140488564968,44.594554578215,103.54534915414527
N30000001,2024-10,0.00552026554942131,125.21720758479064,240.0
N30000001,2024-11,0.005868962034583092,117.75696516334146,240.0
N30000002,2024-07,0.0021651181946782394,240.0,240.0
N30000002,2024-09,0.004432755056768656,156.0225544511642,240.0
N30000002,2024-10,0.002077089622616768,240.0,240.0
N30000002,2024-11,0.002303187269717455,240.0,240.0
N30000002,2024-12,0.0023832686711102724,240.0,240.0
N30000002,2025-01,0.0013506777397378489,240.0,240.0
N30000002,2025-03,0.003794120391830802,182.34302923918096,240.0
N30000002,2025-04,0.00543208559975028,127.25551565577,240.0
N30000002,2025-05,0.004757937975227833,145.33541584042882,240.0
N30000004,2024-07,0.011221716648736613,61.42114763522448,142.6154883144522
N30000004,2024-09,0.09319856762886047,7.085092136387788,16.45107448634433
N30000004,2024-10,0.02609853819012642,26.210749644866638,60.8594759884748
N30000004,2024-11,0.034287746995687485,19.867005398752042,46.129757996641274
N30000004,2024-12,0.03204469382762909,21.282183429667874,49.415699625892124
N30000004,2025-01,0.015941309280596783,43.133693388379335,100.15333451473523
N30000006,2024-07,0.004263505301344117,162.2300105469109,240.0
N30000006,2024-09,0.06242052838206291,10.754178410727462,24.970428989299215
N30000006,2024-10,0.018280791118741035,37.56905566944121,87.2326458572629
N30000006,2024-11,0.01973698101937771,34.771484932059295,80.73688776470105
N30000006,2024-12,0.02236529253423214,30.644210844944375,71.15365410652834
N30000006,2025-01,0.011153000463737572,61.80172071370298,143.4991516375292
N30000008,2024-07,0.0016946386648293288,240.0,240.0
N30000008,2024-09,0.007142322137951851,96.7008866038297,224.53250540594917
N30000008,2024-10,0.002301590284332633,240.0,240.0
N30000008,2024-11,0.002029910683631897,240.0,240.0
N30000008,2024-12,0.010515453293919563,65.56982015240195,152.24840758857363
N30000008,2025-01,0.005230008179603951,132.18583795494774,240.0
N30000010,2024-07,0.022062356218202406,31.069778476187526,72.14179154578648
N30000010,2024-09,0.13850829005241394,4.649191073372015,10.795087371762015
N30000010,2024-10,0.053322311490774155,12.649457436212558,29.3711306062238
N30000010,2024-11,0.0633208379149437,10.59623707730434,24.603700569880097
N30000010,2024-12,0.0626828745007515,10.707686782536845,24.862478771626368
N30000010,2025-01,0.034835895640073944,19.54887684850747,45.39108637804261
N30000013,2024-07,0.011089956589499295,62.155026959731096,144.31950333628106
N30000013,2024-09,0.07102222740650177,9.40875241292539,21.846446565410726
N30000013,2024-10,0.02403421141207218,28.492042976655824,66.15647506823531
N30000013,2024-11,0.032619658857584,20.90088023729676,48.53034103085539
N30000013,2024-12,0.03493467718362808,19.492608627496523,45.26043561482796
N30000013,2025-01,0.017702628150900623,38.80743850859726,90.10808176372569
N30000014,2024-07,0.00591684959113814,116.8010979320108,240.0
N30000014,2024-09,0.04130172356963158,16.433514461635475,38.15743892620918
N30000014,2024-10,0.004292220808565617,161.14234904930868,240.0
N30000014,2024-11,0.005482824984937906,126.0746492783114,240.0
N30000014,2024-12,0.005624315235763788,122.89426892268017,240.0
N30000014,2025-01,0.002746462493647739,240.0,240.0
N30000014,2025-03,0.007739624008536339,89.2112274446515,207.14205538312282
N30000014,2025-04,0.03976665437221527,17.081444524635206,39.66188594301039
N30000014,2025-05,0.047977712005376816,14.097861147738218,32.734219876754366
N30000015,2024-07,0.02532541802770183,27.02156918400908,62.74214065629326
N30000015,2024-09,0.06318115442991257,10.620446855935871,24.659913935055652
N30000015,2024-10,0.023177137598395348,29.558576860490312,68.63289005725994
N30000015,2024-11,0.021509431302547455,31.877438071753694,74.01711905183693
N30000015,2024-12,0.021061327308416367,32.56309419944839,75.60916327816292
N30000015,2025-01,0.008860844359656284,77.8787734579801,180.8289120874522
N30000016,2024-07,0.027351678168194837,24.993859348058283,58.03394421991966
N30000016,2024-09,0.04953177273273468,13.644483155617648,31.68150877924599
N30000016,2024-10,0.012262707576155663,56.17752083493588,130.44016392775777
N30000016,2024-11,0.016064420342445374,42.800464296353276,99.37960052392613
N30000016,2024-12,0.01623849757015705,42.337906383909726,98.305574311511
N30000016,2025-01,0.00799560171343372,86.34402179495781,200.4846100312793
N30000017,2024-07,0.02491080985499572,27.477125706723555,63.799910145193195
N30000017,2024-09,0.21043911576271057,2.9336045257441397,6.811618767614034
N30000017,2024-10,0.0696038007736206,9.607726921083414,22.308451066069235
N30000017,2024-11,0.09292975068092346,7.106623097099349,16.501067828930417
N30000017,2024-12,0.10051443427801132,6.543305101921953,15.193083949572397
N30000017,2025-01,0.04706363121290502,14.378514902744579,33.385877715439264
N30000018,2024-07,0.007142175590702182,96.70287789622607,224.53712904370943
N30000018,2024-09,0.0869632363319397,7.618749079662689,17.690187535966032
N30000018,2024-10,0.019814305007457733,34.6344300288286,80.41865613434763
N30000019,2024-07,0.044263890852058174,15.31023869686617,35.54927336968524
N30000019,2024-09,0.25301504135131836,2.3761497195414365,5.517248791461988
N30000019,2024-10,0.06991912424564362,9.562796336111706,22.204125478503702
N30000019,2024-11,0.10097526013851166,6.511803913266301,15.119940454610493
N30000019,2024-12,0.10389714688062668,6.318565794882411,14.67125543853177
N30000019,2025-01,0.055633131216228926,12.109371871987456,28.117090761006445
N30000021,2024-07,0.005084208839185145,135.9864736092481,240.0
N30000021,2024-09,0.02241392992436886,30.57695629232569,70.99749387129394
N30000021,2024-10,0.008794018067419529,78.47322055430227,182.20917550132688
N30000021,2024-11,0.008342166431248188,82.74253157682023,192.1222087103236
N30000021,2024-12,0.01607530005276203,42.771261250920176,99.31179315227875
N30000021,2025-01,0.008722712477773786,79.117557340186,183.70527918703974
N30000021,2025-03,0.02293018251657486,29.88068062811236,69.38079184477064
N30000021,2025-04,0.058835357427597046,11.431057246165167,26.54209297413666
N30000021,2025-05,0.13137726485729218,4.921299057549956,11.426902545067941
N30000022,2024-07,0.014386399993593035,47.83331429778713,111.0655163396093
N30000022,2024-09,0.06516293436288834,10.286673355989082,23.88491586820032
N30000022,2024-10,0.020703742280602455,33.13153640282202,76.92904520049584
N30000022,2024-11,0.026450660079717636,25.857166589862114,60.038481559183694
N30000022,2024-12,0.03914543241262436,17.358094575572654,40.304247468734076
N30000022,2025-01,0.020069564553205965,34.18948604019809,79.38552818649522
N30000024,2024-07,0.0007479713959149814,240.0,240.0
N30000024,2024-09,0.008626995608210564,79.99922631891607,185.75245115914373
N30000024,2024-10,0.002641588682308793,240.0,240.0
N30000024,2024-11,0.0029202629812061787,237.01105197540576,240.0
N30000024,2024-12,0.0030225396621972322,228.97933426419348,240.0
N30000024,2025-01,0.0016723896305220753,240.0,240.0
N30000024,2025-03,0.005221658851951361,132.39775558886174,240.0
N30000024,2025-04,0.00814017467200756,84.80434335696687,196.9095874090158
N30000024,2025-05,0.008926603943109512,77.3025034354169,179.49085453182133
N30000025,2024-07,0.0053929077091033895,128.18251191926203,240.0
N30000025,2024-09,0.04127746820449829,16.443377628879627,38.180340491337944
N30000025,2024-10,0.03414503484964371,19.951506769877614,46.32596410431424
N30000025,2024-11,0.026077719405293465,26.231953768930044,60.908710439865104
N30000025,2024-12,0.023198507726192474,29.531026159582538,68.56891931078835
N30000025,2025-01,0.010853501582803293,63.51671824994263,147.48125259958664
N30000026,2024-07,0.0031813781336565983,217.5296315906205,240.0
N30000026,2024-09,0.005410706624388695,127.75970402817565,240.0
N30000026,2024-10,0.002649810165166855,240.0,240.0
N30000026,2024-11,0.002337932586669922,240.0,240.0
N30000026,2024-12,0.004347458481788635,159.09050656912652,240.0
N30000026,2025-01,0.00236200773721873,240.0,240.0
N30000026,2025-03,0.004402083344757557,157.11206689142136,240.0
N30000026,2025-04,0.006129725836217403,112.73270957342864,240.0
N30000026,2025-05,0.008043385110795498,85.82901279729313,199.28879617048187
N30000027,2024-07,0.006949150814265614,99.39861830024553,230.79644442432522
N30000027,2024-09,0.02507374994456768,27.296296133234176,63.3800368781217
N30000027,2024-10,0.009907335042953491,69.61588146144949,161.64307101568787
N30000027,2024-11,0.010330204851925373,66.75190068547806,154.99311358874252
N30000027,2024-12,0.008928051218390465,77.28991601967516,179.46162745756857
N30000027,2025-01,0.0036174697238684494,191.26426940700168,240.0
N30000027,2025-03,0.009908593259751797,69.60699731565276,161.62244266796336
N30000027,2025-04,0.009279386140406132,74.35041316327607,172.6363131902939
N30000027,2025-05,0.008821309544146061,78.22936373002426,181.64295748990577
N30000028,2024-07,0.009872874024143719,69.8600876714712,162.21010027568326
N30000028,2024-09,0.08745244890451431,7.574130400740552,17.586586171819963
N30000028,2024-10,0.02712302654981613,25.207510487106465,58.530026802180316
N30000028,2024-11,0.03762517124414444,18.073643787938053,41.96570128819981
N30000028,2024-12,0.030243143439292908,22.570803873584616,52.407783638268626
N30000028,2025-01,0.015040937058997561,45.73659337437553,106.19708112040173
N30000029,2024-07,0.0005917171707268132,240.0,240.0
N30000029,2024-09,0.006352412514388561,108.7686390423359,240.0
N30000029,2024-10,0.0015988195082172751,240.0,240.0
N30000030,2024-07,0.0010232073988919455,240.0,240.0
N30000030,2024-09,0.010729502886533737,64.25478793138143,149.19499732890395
N30000030,2024-10,0.0027728464920073748,240.0,240.0
N30000031,2024-07,0.001024984552525754,240.0,240.0
N30000031,2024-09,0.012438039295375347,55.38071364391369,128.59003492471507
N30000031,2024-10,0.003638603026047349,190.15137561272272,240.0
N30000032,2024-07,0.0013701602712196115,240.0,240.0
N30000032,2024-09,0.0032171723432838917,215.10554018671826,240.0
N30000032,2024-10,0.0019595434423536062,240.0,240.0
N30000032,2024-11,0.0021647512912750244,240.0,240.0
N30000032,2024-12,0.003974804189056158,174.03843588016198,240.0
N30000032,2025-01,0.001728944098704499,240.0,240.0
N30000032,2025-03,0.010893939062952995,63.279657826153226,146.93081534140413
N30000032,2025-04,0.011652642861008644,59.13686717026172,137.3115533262528
N30000032,2025-05,0.018992038443684578,36.14904259384384,83.93547760192592
N30000033,2024-07,0.001474164386031318,240.0,240.0
N30000033,2024-09,0.014155467972159386,48.61934721266987,112.89062824818174
N30000033,2024-10,0.0035909689031541348,192.67833224027967,240.0
N30000033,2024-11,0.00394896324723959,175.17956697300832,240.0
N30000034,2024-07,0.006766639583968503,102.08898813682467,237.04328973351585
N30000034,2024-09,0.0370042659342289,18.382796379354378,42.68353137581661
N30000034,2024-10,0.00955275073647499,72.21282874867619,167.67299588284106
N30000034,2024-11,0.009677932597696781,71.27427487818397,165.49374128237991
N30000034,2024-12,0.00990434642881155,69.63699282197913,161.69209007682292
N30000034,2025-01,0.004165505507346734,166.05488116382026,240.0
N30000034,2025-03,0.012782381847500801,53.87944549465972,125.10419823100271
N30000034,2025-04,0.013550353236496449,50.80607830994305,117.9680606189042
N30000034,2025-05,0.01840885728597641,37.30527044676835,86.62015553772265
N30000035,2024-07,0.001786704743693801,240.0,240.0
N30000035,2024-09,0.00631590886041522,109.39928949856639,240.0
N30000035,2024-10,0.002162753138691187,240.0,240.0
N30000035,2024-11,0.0018836332019418478,240.0,240.0
N30000035,2024-12,0.0017457129433751106,240.0,240.0
N30000035,2025-01,0.0005431558929911429,240.0,240.0
N30000035,2025-03,0.0019817925058305264,240.0,240.0
N30000035,2025-04,0.002457401482388377,240.0,240.0
N30000035,2025-05,0.002394378650933504,240.0,240.0
N30000036,2024-07,0.007142094451794367,96.70398045148612,224.53968909774386
N30000036,2024-09,0.026963017880916595,25.359176938563714,58.882185396870774
N30000036,2024-10,0.00957643985748291,72.03333669815102,167.25622824791773
N30000036,2024-11,0.009257769212126732,74.52483344496531,173.0413045426663
N30000036,2024-12,0.011789831332862377,58.44469189453975,135.70437210696755
N30000036,2025-01,0.005429377271415126,127.31916753383354,240.0
N30000036,2025-03,0.019208716228604317,35.73734020548583,82.97953425966526
N30000036,2025-04,0.023476919159293175,29.176676880214227,67.74614576361996
N30000036,2025-05,0.024010032415390015,28.521087383444065,66.22391409235627
N30000037,2024-07,0.019231555205529882,35.69448505828424,82.88002768936735
N30000037,2024-09,0.030294528231024742,22.531925943971707,52.31751188122936
N30000037,2024-10,0.010700303129851818,64.43108017772565,149.6043352486014
N30000037,2024-11,0.011466034688055515,60.104974094686156,139.5594279929289
N30000037,2024-12,0.012948653660714626,53.183117653122814,123.4873750524859
N30000037,2025-01,0.006177532035069766,111.85761498724453,240.0
N30000039,2024-07,0.020524725865108562,33.42355317880969,77.60708715684002
N30000039,2024-09,0.03216509893536568,21.20120527231068,49.227674167252246
N30000039,2024-10,0.014587259851396084,47.16987610704118,109.52506056529505
N30000039,2024-11,0.014817065559327602,46.43289171621411,107.81383580274021
N30000039,2024-12,0.016316484659910202,42.133880399986744,97.83184064735319
N30000039,2025-01,0.0076579121434048325,90.16684144481636,209.3609223779733
N30000039,2025-03,0.02406403236091137,28.456301698047103,66.07348638928653
N30000039,2025-04,0.030281685292720795,22.541630593514586,52.34004537965401
N30000039,2025-05,0.03103652596473694,21.984877427349026,51.0473045612167
N30000040,2024-07,0.016320033060884254,42.124643626012784,97.81039352235693
N30000040,2024-09,0.029023243114352226,23.53421059825273,54.644744779078934
N30000040,2024-10,0.013514089398086071,50.943346069652115,118.28678648669492
N30000040,2024-11,0.01847127452492714,37.17803185382448,86.32471667401235
N30000040,2024-12,0.01809914968907833,37.94959487771139,88.11623053615162
N30000040,2025-01,0.00987855814118821,69.81969013494962,162.11630010066955
N30000042,2024-07,0.0016149764314896675,240.0,240.0
N30000042,2024-09,0.01178969256579876,58.44538389578761,135.70597888410666
N30000042,2024-10,0.002868733601644635,240.0,240.0
N30000042,2024-11,0.003707675728946924,186.60245747603187,240.0
N30000042,2024-12,0.00492826197296381,140.30053039451792,240.0
N30000042,2025-01,0.0018139278840396678,240.0,240.0
N30000042,2025-03,0.007172836922109127,96.28802239107675,223.5738643909845
N30000042,2025-04,0.005320682656019926,129.92722505102967,240.0
N30000042,2025-05,0.0033681215718388557,205.4495977772745,240.0
N30000043,2024-07,0.007217014282861589,95.69648991522557,222.2003685162674
N30000043,2024-09,0.04162661358714104,16.30250958151988,37.85325501450143
N30000043,2024-10,0.01087560597807169,63.3869151455723,147.17985912474558
N30000043,2024-11,0.01791289821267128,38.34780574090137,89.04084752708178
N30000043,2024-12,0.025876041501760483,26.439130703680625,61.38976038527512
N30000043,2025-01,0.01393678842405699,49.387688076875726,114.67466048723135
N30000044,2024-07,0.010554635522239897,65.3251125780497,151.68021419665342
N30000044,2024-09,0.037906475365161896,17.93691394919354,41.64822443420951
N30000044,2024-10,0.012046048417687416,57.19418367125319,132.80078193043082
N30000044,2024-11,0.01066101249307394,64.6698196163025,150.15867105839064
N30000044,2024-12,0.010988404043018818,62.73266564702728,145.66073883300794
N30000044,2025-01,0.004951371784879255,139.6440776985987,240.0
N30000044,2025-03,0.015610444359481335,44.05530106370043,102.29324126852713
N30000044,2025-04,0.02520330809056759,27.154182152066745,63.050058432572754
N30000044,2025-05,0.037325527518987656,18.221554288598178,42.30913883521141
N30000045,2024-07,0.0034958266131885907,197.93170222781652,240.0
N30000045,2024-09,0.024704115465283394,27.709945463841077,64.34050088028923
N30000045,2024-10,0.011770930141210556,58.539098276675354,135.92357693798488
N30000045,2024-11,0.011846447363495827,58.16371262922994,135.05195845676388
N30000045,2024-12,0.01313752681016922,52.413520077483646,121.70042481985212
N30000045,2025-01,0.006209080866788397,111.28749296477034,240.0
N30000046,2024-07,0.009962699682494969,69.22708020773037,160.74030246135
N30000046,2024-09,0.07043898105621338,9.489599593113782,22.034167904482572
N30000046,2024-10,0.015468365512788296,44.463154447190654,103.24024749824795
N30000046,2024-11,0.01838565059006214,37.352797995721346,86.73051108891775
N30000046,2024-12,0.018798893317580223,36.52403158694842,84.806175080289
N30000046,2025-01,0.009578393357161485,72.01857469128124,167.22195192942988
N30000047,2024-07,0.010274259666443797,67.117270436049,155.84147587761512
N30000047,2024-09,0.021030928939580917,32.610665817385154,75.71962115436953
N30000047,2024-10,0.011853181757032871,58.13046918428706,134.97476956798016
N30000047,2024-11,0.013064395636320114,52.70886625898193,122.38619741639067
N30000047,2024-12,0.014192759990692139,48.490683038233065,112.59187928675142
N30000047,2025-01,0.00818083402420744,84.38113226633482,195.92692168760934
N30000048,2024-07,0.0062264556195075205,110.97597916641898,240.0
N30000048,2024-09,0.050574492663145065,13.355898560916483,31.011436101057672
N30000048,2024-10,0.016541630029678345,41.555659864245676,96.48925414037518
N30000048,2024-11,0.02044844813644886,33.54953300371979,77.89960325168776
N30000048,2024-12,0.026374030858278275,25.933310080171147,60.21528126857502
N30000048,2025-01,0.014462098273244961,47.58111976282659,110.47993876350736
N30000049,2024-07,0.005097417509245861,135.6331994201997,240.0
N30000049,2024-09,0.04523329809308052,14.974578595387669,34.769894749729566
N30000049,2024-10,0.016156313940882683,42.55504261725484,98.80974903213304
N30000049,2024-11,0.019973967224359512,34.35479018369171,79.76935252147435
N30000049,2024-12,0.02219962514936924,30.875502855395364,71.69069752371747
N30000049,2025-01,0.01224592382540246,56.25499235173525,130.62004721916776
N30000050,2024-07,0.0018298769698081863,240.0,240.0
N30000050,2024-09,0.0020035640336573124,240.0,240.0
N30000050,2024-10,0.0017169832717627287,240.0,240.0
N30000050,2024-11,0.0016133147291839123,240.0,240.0
N30000050,2024-12,0.0017421317752450705,240.0,240.0
N30000050,2025-01,0.0005402134734753261,240.0,240.0
N30000050,2025-03,0.003321622731164098,208.3305093591821,240.0
N30000050,2025-04,0.003173721954226494,218.0552296617994,240.0
N30000050,2025-05,0.0030474700033664703,227.10329221081685,240.0
N30000051,2024-07,0.0016895586683092212,240.0,240.0
N30000051,2024-09,0.0014270928222686052,240.0,240.0
N30000051,2024-10,0.001234291004948318,240.0,240.0
N30000051,2024-11,0.0010393006959930062,240.0,240.0
N30000051,2024-12,0.0029876925982534885,231.65408959365317,240.0
N30000051,2025-01,0.0013202074803133623,240.0,240.0
N30000051,2025-03,0.004667904227972031,148.14531595172264,240.0
N30000051,2025-04,0.004336382728070021,159.497733402627,240.0
N30000051,2025-05,0.004914510529488325,140.6940809904659,240.0
N38000001,2024-07,0.0006284777709152367,240.0,240.0
N38000001,2024-09,0.005958737805485725,115.9775786234738,240.0
N38000001,2024-10,0.001658849185332656,240.0,240.0
N38000001,2024-11,0.0018532058456912637,240.0,240.0
N38000001,2024-12,0.00210613408125937,240.0,240.0
N38000001,2025-01,0.0029237823960091003,236.72533949119872,240.0
N38000001,2025-03,0.01663285307586193,41.3258360107921,95.95561967816604
N38000001,2025-04,0.018011292442679405,38.13640999352836,88.55000180211668
N38000001,2025-05,0.026027696207165718,26.28304152151724,61.02733252790197
N40000001,2024-07,0.0015971991997286716,240.0,240.0
N40000001,2024-09,0.019442811608314514,35.30285531646139,81.97069158903538
N40000001,2024-10,0.002146319951862097,240.0,240.0
N40000001,2024-11,0.0022752198856323957,240.0,240.0
N40000001,2024-12,0.002199045615270734,240.0,240.0
N40000001,2025-01,0.0009703322317726748,240.0,240.0
N40000001,2025-03,0.003118421882390976,221.92823210041269,240.0
N40000001,2025-04,0.010155560448765755,67.90580856785054,157.6724047197351
N40000001,2025-05,0.00364857935346663,189.63049503411258,240.0
N40000002,2024-07,0.005989102844329075,115.38780607447521,240.0
N40000002,2024-09,0.025816744193434715,26.500660566570254,61.53262830259312
N40000002,2024-10,0.013860812410712242,49.66030804271725,115.30766444514602
N40000002,2024-11,0.01742204837501049,39.438041786563375,91.57229723156328
N40000002,2024-12,0.031391389667987823,21.73238998124362,50.4610468664982
N40000002,2025-01,0.11585855501406261,5.629017220135433,13.070173230037222
N40000002,2025-03,0.2217695713043213,2.7644874711695184,6.418941127272622
N40000002,2025-04,0.07124409824609756,9.37834499415577,21.775842725476537
N40000002,2025-05,0.06947221606969833,9.62659704507823,22.352266137126804
N42000001,2024-07,0.003965018640985307,174.4688140318927,240.0
N42000001,2024-09,0.010095527395606041,68.31167836417613,158.61480520268972
N42000001,2024-10,0.006226766388863325,110.97042317468261,240.0
N42000001,2024-11,0.006545915734022856,105.54307203512094,240.0
N42000001,2024-12,0.008568544872105122,80.5473158313442,187.02507559656374
N42000001,2025-01,0.0034526018406704218,200.41404776226986,240.0
N42000001,2025-03,0.003986972849816084,173.5061930696864,240.0
N42000001,2025-04,0.0049379500560462475,140.02458463667432,240.0
N42000001,2025-05,0.022216275334358215,30.85210123730499,71.6363606492076
N42000002,2024-07,0.08091621753024414,8.214786219289891,19.074142916062733
N42000002,2024-09,0.030915051698684692,22.07263861598419,51.251079730749396
N42000002,2024-10,0.022510549053549767,30.44421588036466,70.68928017943469
N42000002,2024-11,0.011537168174982071,59.73224617295372,138.69398055970936
N42000002,2024-12,0.027421889826655388,24.928968830165672,57.88327310333302
N42000002,2025-01,0.003014304700055259,229.60584459919178,240.0
N42000002,2025-03,0.06087430566549301,11.036330031398885,25.625564764354195
N42000002,2025-04,0.10400283336639404,6.311779510124003,14.655498173291315
N42000002,2025-05,0.0955110713839531,6.904873228728472,16.032619141420252
N42000005,2024-07,0.004311377970293462,160.4247875223876,240.0
N42000005,2024-09,0.0549197793006897,12.271248451004768,28.492956537730997
N42000005,2024-10,0.011505263857543468,59.89884961598974,139.08082177479966
N42000005,2024-11,0.012886649928987026,53.44068141627765,124.08541959038003
N42000005,2024-12,0.013537904247641563,50.853117974324206,118.07728333720488
N42000005,2025-01,0.0072604475226172305,95.12193884098416,220.86630223503852
N42000005,2025-03,0.03525947406888008,19.309819252476256,44.8360118295215
N42000005,2025-04,0.04463229328393936,15.180960891197827,35.249099600658525
N42000005,2025-05,0.04549914598464966,14.885026615878825,34.5619614925552
N42000006,2024-07,0.0516970071536923,13.058238765749275,30.320291459940517
N42000006,2024-09,0.1264054775238037,5.12914456545246,11.909504869262898
N42000006,2024-10,0.045166563242673874,14.997224010004706,34.82247577414923
N42000006,2024-11,0.07996947318315506,8.3162597760346,19.30975721835642
N42000006,2024-12,0.005555686075240374,124.41666596878764,240.0
N42000006,2025-01,0.0027158678758257837,240.0,240.0
N42000006,2025-03,0.02727482095360756,25.06527476420685,58.19976568108309
N42000006,2025-04,0.12950797379016876,4.997575871476427,11.60401182231231
N42000006,2025-05,0.3659347593784332,1.521382720178011,3.5325412810574823
N42000007,2024-07,0.03188640979227875,21.389567292501948,49.665037233944076
N42000007,2024-09,0.1350206732749939,4.778688366823849,11.095770775639702
N42000007,2024-10,0.03816188871860504,17.8145142893448,41.36402122520206
N42000007,2024-11,0.03997744619846344,16.989525577479636,39.44845675715741
N42000007,2024-12,0.04145681485533714,16.370721150846784,38.01163737371792
N42000007,2025-01,0.018809848001575813,36.5025571993278,84.75631309635217
N42000007,2025-03,0.05916518345475197,11.365361143193422,26.389551346921955
N42000007,2025-04,0.11789747327566147,5.525419152085526,12.829625965256088
N42000007,2025-05,0.1518445461988449,4.208765153414909,9.772450054496998
N42000008,2024-07,0.0004629223722887321,240.0,240.0
N42000008,2024-09,0.0023071144241839647,240.0,240.0
N42000008,2024-10,0.003004105994477868,230.38651630907964,240.0
N42000008,2024-11,0.0023297721054404974,240.0,240.0
N42000008,2024-12,0.0026253024116158485,240.0,240.0
N42000008,2025-01,0.001376535198085116,240.0,240.0
N42000008,2025-03,0.003177980426698923,217.76257221640384,240.0
N42000008,2025-04,0.003268364118412137,211.73094819391076,240.0
N42000008,2025-05,0.00368045293726027,187.98524548208633,240.0
N42000009,2024-07,0.01954756898516552,35.111794213134665,81.52706144538088
N42000009,2024-09,0.12320743501186371,5.271688866844712,12.24048248743166
N42000009,2024-10,0.02765941433608532,24.711887859620372,57.37922669895847
N42000009,2024-11,0.031458109617233276,21.685554509350403,50.35229826847203
N42000009,2024-12,0.026246452704072,26.06106580724497,60.51192088055049
N42000009,2025-01,0.016993649106929465,40.44103783420666,93.90118193364721
N42000009,2025-03,0.04182439669966698,16.2237543081618,37.67039093267077
N42000009,2025-04,0.04840673878788948,13.969789559427491,32.43684685769884
N42000009,2025-05,0.06503278762102127,10.30796894897032,23.93436270384074
N42000010,2024-07,0.0018900634118105275,240.0,240.0
N42000010,2024-09,0.0230450090020895,29.730053667339433,69.0310468727045
N42000010,2024-10,0.010505679063498974,65.63114831401637,152.39080717003398
N42000010,2024-11,0.011112801730632782,62.02653664154059,144.0211580565535
N42000010,2024-12,0.008904664777219296,77.49381650263905,179.93506971752353
N42000010,2025-01,0.005094668672314007,135.70656785111836,240.0
N42000010,2025-03,0.007305094040930271,94.53845908918582,219.51150420654008
N42000010,2025-04,0.03102741949260235,21.991432731216115,51.06252550543621
N42000010,2025-05,0.023402240127325058,29.27089750182391,67.96491927205325
N42000011,2024-07,0.000944630244312461,240.0,240.0
N42000011,2024-09,0.00226595695130527,240.0,240.0
N42000011,2024-10,0.0016831948887556791,240.0,240.0
N42000011,2024-11,0.00045368491555564106,240.0,240.0
N42000011,2024-12,0.0006512514664791524,240.0,240.0
N42000011,2025-01,0.0003688748879990822,240.0,240.0
N42000011,2025-03,0.001113623264245689,240.0,240.0
N42000011,2025-04,0.0009612206486053765,240.0,240.0
N42000011,2025-05,0.0014377477345988154,240.0,240.0
N44000002,2024-07,0.001127792270279926,240.0,240.0
N44000002,2024-09,0.002335810335353017,240.0,240.0
N44000002,2024-10,0.0010926733957603574,240.0,240.0
N44000002,2024-11,0.0011387011036276817,240.0,240.0
N44000002,2024-12,0.001769232447259128,240.0,240.0
N44000002,2025-01,0.001149047712218132,240.0,240.0
N44000002,2025-03,0.0035782260820269585,193.36573630107662,240.0
N44000002,2025-04,0.002019418403506279,240.0,240.0
N44000002,2025-05,0.0031821359880268574,217.47774232060664,240.0
N45000002,2024-07,0.0016827664887550942,240.0,240.0
N45000002,2024-09,0.004898153245449066,141.1650853135336,240.0
N45000002,2024-10,0.002325358334928751,240.0,240.0
N45000002,2024-11,0.0021274478640407324,240.0,240.0
N45000002,2024-12,0.0017021429957821965,240.0,240.0
N45000002,2025-01,0.0008236170944406762,240.0,240.0
N45000002,2025-03,0.003473191522061825,199.22390162098174,240.0
N45000002,2025-04,0.0034354401286691427,201.41694773479395,240.0
N45000002,2025-05,0.003666576463729143,188.6980050368009,240.0
N45000003,2024-07,0.0032635716800167858,212.0423770119258,240.0
N45000003,2024-09,0.02342432737350464,29.242968025907057,67.90006903724642
N45000003,2024-10,0.0080631198361516,85.61809319841095,198.79905602807494
N45000003,2024-11,0.008941296488046646,77.17490697091473,179.19458471608547
N45000003,2024-12,0.009891439229249954,69.72831489412593,161.9041333618239
N45000003,2025-01,0.004873798025603393,141.87224661630262,240.0
N45000003,2025-03,0.03417789191007614,19.93198923070635,46.280645781769415
N45000003,2025-04,0.04198765382170677,16.15930583563779,37.52074621364469
