project_code,logistic,random_forest,xgboost,y,agency
612786,0.7167356064074806,0.6286754244609147,0.7053547501564026,1,airport authority of india [aai]
701107,0.35103553994983044,0.4537803121686192,0.17143823206424713,1,airport authority of india [aai]
701121,0.5636715006534107,0.6285544571471879,0.5971235632896423,1,airport authority of india [aai]
706724,0.463501160547607,0.6621290161699445,0.8565380573272705,0,adani airport holdings limited
612183,0.1384885148806537,0.15555584435285008,0.12260287255048752,0,airport authority of india [aai]
612194,0.411278932376041,0.4381235385041988,0.6928809881210327,0,airport authority of india [aai]
701101,0.19651435532023054,0.4184924309235566,0.2874475121498108,1,airport authority of india [aai]
619054,0.08135915932335444,0.21793958637732985,0.09100039303302765,0,airport authority of india [aai]
701126,0.2823653073120912,0.5727207882578085,0.7334824204444885,1,airport authority of india [aai]
611047,0.3581925963730685,0.47057819684431934,0.3645751476287842,0,airport authority of india [aai]
612787,0.8501576331150276,0.6588053755931071,0.7719040513038635,1,airport authority of india [aai]
612788,0.7386567577308516,0.6256008684850064,0.820857048034668,1,airport authority of india [aai]
612789,0.5876482010874986,0.42318193573179264,0.21349158883094788,0,airport authority of india [aai]
400010,0.5053024206234962,0.6277556424284865,0.7330561280250549,0,airport authority of india [aai]
706718,0.4889110314035714,0.40953229239945854,0.10355441272258759,0,airport authority of india [aai]
611570,0.46739335931544906,0.5561675607843486,0.3418148458003998,0,airport authority of india [aai]
618977,0.12086330460128385,0.1384021000605156,0.06440408527851105,0,airport authority of india [aai]
701127,0.49682984414817316,0.49759413546567893,0.28041544556617737,1,airport authority of india [aai]
701128,0.47208806954651883,0.5575345887279548,0.6598674654960632,0,airport authority of india [aai]
612793,0.15157172201061725,0.38953895403884636,0.12849992513656616,0,airport authority of india [aai]
611602,0.46451081656851423,0.3747785430830842,0.23001635074615479,0,airport authority of india [aai]
701113,0.08260634165487933,0.06202061466324107,0.037811268121004105,0,airport authority of india [aai]
701122,0.29898337049620277,0.3834494674199879,0.2847440838813782,0,airport authority of india [aai]
611495,0.3689035353566819,0.23460034994958687,0.15244334936141968,1,airport authority of india [aai]
612791,0.7051505752266007,0.5720134873436709,0.5755186080932617,0,airport authority of india [aai]
615820,0.224760165537651,0.1282960669717009,0.012938681058585644,0,mis mocoal integration logins
615821,0.05747563903732375,0.07002876501995953,0.004755299538373947,0,mis mocoal integration logins
400144,0.01315888353200424,0.05675852463313836,0.01045295037329197,0,south eastern coalfields limited [secl]
400149,0.027277620433149078,0.04450699058546229,0.007422950118780136,0,south eastern coalfields limited [secl]
400354,0.02107377864331825,0.06183206342761471,0.02524479478597641,0,south eastern coalfields limited [secl]
400424,0.1507114742962271,0.2887988730716652,0.10131184011697769,0,south eastern coalfields limited [secl]
613798,0.02971145677911916,0.3094992916724722,0.515423595905304,0,south eastern coalfields limited [secl]
613799,0.06511301178273815,0.35689708655218466,0.608413815498352,0,south eastern coalfields limited [secl]
613800,0.13931679962835403,0.3326089984850811,0.06744307279586792,0,south eastern coalfields limited [secl]
613801,0.09528498155123177,0.20926154296160057,0.03506697714328766,0,south eastern coalfields limited [secl]
615191,0.010110472347256335,0.09380312865148564,0.016052568331360817,0,south eastern coalfields limited [secl]
616234,0.03757789288891035,0.06158959244433668,0.01615871675312519,0,south eastern coalfields limited [secl]
617287,0.05606980608062849,0.03377725186725847,0.01523546688258648,0,secl - cil
617288,0.015995995032867912,0.13824822884904317,0.056665025651454926,0,south eastern coalfields limited [secl]
619171,0.04028999819727615,0.03162167074565725,0.007623298093676567,0,secl - cil
619172,0.036015417876994194,0.029824320320431322,0.006916566751897335,1,secl - cil
400018,0.044972709123186246,0.05736897647321336,0.011366857215762138,0,ecl - cil
400073,0.14947392716700758,0.06687573652244903,0.01641283556818962,0,ministry of coal
400074,0.0811249451245023,0.04766445004910565,0.028831133618950844,0,ministry of coal
400136,0.09487827342468548,0.03159493694250528,0.0206450205296278,0,ministry of coal
400138,0.09237501781486701,0.09242059348264622,0.06356512010097504,0,ministry of coal
400139,0.1896745420407507,0.170575232827247,0.06480751186609268,0,ministry of coal
400142,0.05289359093051008,0.10689163454360502,0.0304825771600008,0,nlc india limited [nlcil]
400150,0.13039993497276658,0.05159965365990418,0.012340975925326347,0,ministry of coal
400151,0.15806112188113147,0.15090251920678768,0.04934241995215416,0,ministry of coal
400153,0.08774289422254036,0.055482623044557464,0.06752924621105194,0,ministry of coal
400154,0.12584984028905574,0.2046451979918432,0.10768088698387146,0,ministry of coal
400155,0.10573649465594281,0.04361074373575698,0.03405126929283142,0,ministry of coal
400156,0.13215836647016738,0.06548349026717228,0.011820286512374878,0,ministry of coal
400160,0.24740293544003153,0.4032782060321912,0.2747872471809387,0,ministry of coal
400172,0.3193940913950336,0.22839916447322214,0.03157848119735718,0,eastern coal fields limited [ecl]
400352,0.09696422582945469,0.034845282965332756,0.014071524143218994,0,ministry of coal
400425,0.43665811012294964,0.4840918480681829,0.5697519183158875,1,n06000098
611864,0.09059177390692034,0.052383300697955736,0.053931403905153275,0,n06000273
613808,0.08960729743388592,0.3381195450561033,0.18415246903896332,0,n06000096
615349,0.07548799654885749,0.0491970520644932,0.024863386526703835,0,ministry of coal
615822,0.1229181483241817,0.1180991752039402,0.04279005527496338,0,ministry of coal
615843,0.33835512185533656,0.30714851539640947,0.14429311454296112,0,ministry of coal
616225,0.09233157275147869,0.037252608331348684,0.02311931736767292,0,eastern coal fields limited [ecl]
616236,0.023761127352142915,0.031313270189654484,0.005623573902994394,0,ccl - cil
616253,0.075972028027597,0.026036522618323118,0.008886411786079407,0,ministry of coal
617416,0.1096380200670915,0.060870884337095504,0.01580158621072769,0,bharat coking coal limited [bccl]
617764,0.048068446545487586,0.06962234208933726,0.025932123884558678,0,nlc india limited [nlcil]
400148,0.38439341590096826,0.2829623961396333,0.04280346632003784,0,ministry of coal
400162,0.12771004678101783,0.36528683816970087,0.2275383472442627,0,northern coalfields limited [ncl]
400321,0.11687532475574611,0.3518508884277395,0.2742234468460083,0,northern coalfields limited [ncl]
613802,0.10439173864425283,0.243369843254753,0.13788042962551117,0,south eastern coalfields limited [secl]
613803,0.02598175159816617,0.06265703469360778,0.01161788310855627,0,south eastern coalfields limited [secl]
613804,0.027091423560394606,0.1092912542192595,0.014530395157635212,0,western coalfields limited [wcl]
615185,0.03855684787086074,0.08904295890424224,0.015586983412504196,0,western coalfields limited [wcl]
615187,0.013834585345939038,0.0680351618451001,0.005422644782811403,0,western coalfields limited [wcl]
615194,0.012787055243106369,0.043588122269807766,0.008191577158868313,0,western coalfields limited [wcl]
615195,0.013762836648888938,0.04954853539733226,0.008249020203948021,0,western coalfields limited [wcl]
615206,0.058487796881825586,0.2925997716214671,0.3604186773300171,1,western coalfields limited [wcl]
619032,0.028608724413111835,0.1526435204282216,0.061019618064165115,0,northern coalfields limited [ncl]
619053,0.07408055714607852,0.03381021847433699,0.009409873746335506,0,secl - cil
400033,0.015184895355786923,0.04620551713060814,0.007255826145410538,0,western coalfields limited [wcl]
400177,0.14306432814515113,0.45796963488244447,0.5857012867927551,1,western coalfields limited [wcl]
400178,0.022291215426414223,0.11782558984339574,0.0223755594342947,0,western coalfields limited [wcl]
400353,0.011713182752724064,0.06065278405053011,0.01780438981950283,0,western coalfields limited [wcl]
615184,0.024601592207223303,0.06638745578798239,0.004180879797786474,0,western coalfields limited [wcl]
615186,0.025289719975291263,0.26683252046068473,0.08476734161376953,1,western coalfields limited [wcl]
615188,0.01994300414453776,0.13210614709870602,0.021600333973765373,0,western coalfields limited [wcl]
615189,0.017289900333309394,0.2890383597450161,0.1771652102470398,1,western coalfields limited [wcl]
615190,0.010270252188077634,0.06474403240481225,0.006229461170732975,0,western coalfields limited [wcl]
615192,0.015214622416407095,0.27713780972893043,0.15334291756153107,1,western coalfields limited [wcl]
615199,0.018963779475508362,0.1537081294617651,0.026113517582416534,0,western coalfields limited [wcl]
615330,0.009995454457043567,0.05606147803329157,0.006142241880297661,0,western coalfields limited [wcl]
615331,0.010483388903119483,0.07962958922864673,0.018377123400568962,0,western coalfields limited [wcl]
615914,0.009932067652849505,0.04201140053349442,0.004792398307472467,0,western coalfields limited [wcl]
615916,0.012043504072337773,0.10278382756653151,0.03566060960292816,0,western coalfields limited [wcl]
615917,0.011093202517295972,0.05886040552633431,0.023562146350741386,0,western coalfields limited [wcl]
615918,0.010101073744013006,0.06389997700912976,0.008799622766673565,0,western coalfields limited [wcl]
615919,0.017335969500029465,0.08340477473120644,0.03709767386317253,0,western coalfields limited [wcl]
615982,0.12725023858979084,0.4216757200129226,0.2833118736743927,1,western coalfields limited [wcl]
616044,0.13729611714674972,0.4833236063325766,0.5128294825553894,1,western coalfields limited [wcl]
616050,0.20430982166972325,0.42878048167402033,0.25310420989990234,1,western coalfields limited [wcl]
616223,0.16197765683808463,0.47210792941918167,0.5830605030059814,1,western coalfields limited [wcl]
616229,0.011036951331499812,0.11496747967793758,0.03823239728808403,0,western coalfields limited [wcl]
617233,0.010034299280490407,0.11359416004087902,0.02600841037929058,0,western coalfields limited [wcl]
617278,0.010780279355786555,0.12618883870468103,0.03557753935456276,0,western coalfields limited [wcl]
619055,0.013503986858056214,0.12305751016872733,0.01764810085296631,0,western coalfields limited [wcl]
400369,0.14312397665943077,0.44978336934862007,0.3365556001663208,0,northern coalfields limited [ncl]
615183,0.12676051363882457,0.308482080516769,0.03849082067608833,0,northern coalfields limited [ncl]
400165,0.19823480463472906,0.14979130853072786,0.060192424803972244,0,mahanadi coalfields limited [mcl]
400166,0.18888495681509548,0.13095268039373034,0.1210511177778244,0,mahanadi coalfields limited [mcl]
400183,0.17502174749772528,0.068253963145953,0.05940268561244011,0,mahanadi coalfields limited [mcl]
400185,0.1675894694936049,0.08907018406989818,0.024404840543866158,0,mcl - cil
400187,0.2011342658648469,0.24628063382531806,0.0992116704583168,0,mahanadi coalfields limited [mcl]
400392,0.15383795880341553,0.11348399759459425,0.13150055706501007,0,mahanadi coalfields limited [mcl]
615857,0.4268503067230246,0.6990704918164122,0.8946455121040344,0,singareni collieries company limited [sccl]
616226,0.12270975263654703,0.09358440109773297,0.06640511006116867,0,mahanadi coalfields limited [mcl]
616231,0.2083350118096661,0.07029068724082171,0.04065985232591629,0,mcl - cil
616232,0.10595780267607154,0.05180904986800045,0.07567223161458969,0,mcl - cil
616233,0.08618407990908436,0.0756636200301264,0.06840389966964722,0,mcl - cil
618982,0.306840816279184,0.5476035986433838,0.8433398008346558,1,nlc india limited [nlcil]
615818,0.3449202086130436,0.36089208661306876,0.20385538041591644,0,singareni collieries company limited [sccl]
615858,0.36207262804843315,0.6135940601836131,0.44529879093170166,0,singareni collieries company limited [sccl]
615860,0.4815868474508908,0.5693329912713698,0.4700008034706116,0,singareni collieries company limited [sccl]
615861,0.5159950346449391,0.6078262621933126,0.6742280721664429,0,singareni collieries company limited [sccl]
615862,0.19050990347107552,0.6578518595742783,0.5549339652061462,0,singareni collieries company limited [sccl]
615863,0.4914271408538922,0.6833784719404851,0.5915544629096985,0,singareni collieries company limited [sccl]
615865,0.4243955532484035,0.5427258415205767,0.3573358654975891,0,singareni collieries company limited [sccl]
400173,0.39355708060007805,0.263267341034325,0.10920034348964691,0,eastern coal fields limited [ecl]
400180,0.3244330101012223,0.24412579266919518,0.05662396922707558,0,eastern coal fields limited [ecl]
400181,0.20284287989588184,0.04824166416842829,0.019020473584532738,0,eastern coal fields limited [ecl]
400186,0.1790780832314544,0.03655956190591221,0.037051744759082794,0,eastern coal fields limited [ecl]
400312,0.20526444375413697,0.06159910945126792,0.047527194023132324,0,eastern coal fields limited [ecl]
400315,0.1666066873787689,0.020645706826905644,0.013545694760978222,0,eastern coal fields limited [ecl]
612816,0.12653899101410976,0.02513661037861464,0.0431494414806366,0,eastern coal fields limited [ecl]
613793,0.36891441318163065,0.26027499074878646,0.1358315646648407,0,eastern coal fields limited [ecl]
613794,0.15062668085470604,0.07623248902832074,0.03565693274140358,0,eastern coal fields limited [ecl]
616230,0.17691565694287775,0.03855445249484217,0.014882813207805157,0,eastern coal fields limited [ecl]
617299,0.5981226828565208,0.4154490644229894,0.20804724097251892,1,nlc india limited [nlcil]
617730,0.9737100571177458,0.5818712293204154,0.8475823402404785,1,nlc india limited [nlcil]
618991,0.3821406173054816,0.342805188832865,0.5428020358085632,0,nlc india limited [nlcil]
618992,0.3656311760489602,0.293290533698589,0.3409891128540039,0,nlc india limited [nlcil]
400231,0.32417279634217044,0.2977196748769844,0.3431587517261505,0,nlc india limited [nlcil]
618981,0.25866842230351833,0.23004808785811603,0.32910382747650146,0,nlc india limited [nlcil]
400203,0.4458491606806952,0.4408148154413567,0.3699614107608795,0,railway
400416,0.8657335007977858,0.6591827132776806,0.8312365412712097,1,ministry of coal
400192,0.9998689574675927,0.6687974692811761,0.8136236667633057,1,damodar valley corporation
603293,0.34251969309189817,0.3373141859000507,0.10074592381715775,0,national thermal power corporation [ntpc]
602182,0.14026897567889365,0.05366975030541218,0.0198329146951437,0,national hydroelectric power corporation limited [nhpc]
611698,0.05781185020666046,0.039746328232965304,0.00658456701785326,0,north eastern electric power corporation limited
611699,0.0573177778818693,0.0429053337155002,0.01022222638130188,0,north eastern electric power corporation limited
611716,0.08054729642284499,0.05049344895007853,0.015312235802412033,0,north eastern electric power corporation limited
619311,0.5401939513255163,0.2687458983259854,0.40459784865379333,0,thdc india limited
602579,0.8277413077307808,0.5834351011824745,0.7182636260986328,0,satluj jal vidyut nigam [sjvn] thermal limited
619051,0.13891685181200408,0.05668249913460736,0.03280799835920334,0,national thermal power corporation [ntpc]
611930,0.12335004035313818,0.13933054736452458,0.013025539927184582,1,national thermal power corporation [ntpc]
617188,0.043744405594745274,0.04301797024293335,0.012903815135359764,1,national thermal power corporation [ntpc]
709747,0.1814805743441301,0.5777743664643444,0.4136582911014557,0,satluj jal vidyut nigam [sjvn] thermal limited
602582,0.4759152510717193,0.3348985702427967,0.03989678993821144,1,satluj jal vidyut nigam [sjvn] thermal limited
602593,0.3527445943746946,0.3079427948049526,0.04749155417084694,1,satluj jal vidyut nigam [sjvn] thermal limited
611586,0.18954035968443744,0.17628748794173926,0.03314502537250519,0,satluj jal vidyut nigam [sjvn] thermal limited
602525,0.6439212671192726,0.31887093016587686,0.09199798107147217,0,national hydroelectric power corporation limited [nhpc]
602532,0.7004043627348976,0.339485647880948,0.15483379364013672,0,national hydroelectric power corporation limited [nhpc]
602535,0.42726305439506357,0.27143457849699554,0.05310683697462082,0,national hydroelectric power corporation limited [nhpc]
605155,0.2828551625619915,0.19442873875858266,0.035138968378305435,0,national hydroelectric power corporation limited [nhpc]
400261,0.5081037499892923,0.3851574908059163,0.18872305750846863,1,national thermal power corporation [ntpc]
611509,0.0700259016560503,0.035237176165904736,0.01500820554792881,1,damodar valley corporation
618976,0.08232818185886569,0.04875611163490076,0.009814199060201645,0,national thermal power corporation [ntpc]
602096,0.27318139625018,0.3450493202085444,0.08457236737012863,1,national hydroelectric power corporation limited [nhpc]
602961,0.2867654532434482,0.1899578847779953,0.0256398543715477,1,national thermal power corporation [ntpc]
619056,0.08152488304136163,0.047258708853624,0.005685750395059586,1,national thermal power corporation [ntpc]
602181,0.3636465594102686,0.4086864343636186,0.3046208322048187,1,national hydroelectric power corporation limited [nhpc]
605156,0.6073161252119679,0.43000958941378203,0.09419761598110199,1,national hydroelectric power corporation limited [nhpc]
612142,0.0976989610916146,0.04115282730474053,0.01264875940978527,1,national thermal power corporation [ntpc]
602185,0.16520796881867328,0.3238699394695875,0.13510443270206451,1,national thermal power corporation [ntpc]
602195,0.5656726780529345,0.4389161732951943,0.5277509093284607,1,thdc india limited
400062,0.13094847746572044,0.033877215299339125,0.011659899726510048,1,damodar valley corporation
602184,0.36703658508232717,0.3066193947604133,0.06423543393611908,1,national thermal power corporation [ntpc]
602538,0.7572732199229095,0.570070105109439,0.6446241140365601,1,damodar valley corporation
617183,0.11396651454212312,0.10641443966374484,0.05509472265839577,0,power grid corporation of india limited [powergrid]
617375,0.052869351699866764,0.07940381226264324,0.01831798627972603,0,power grid corporation of india limited [powergrid]
615336,0.4277224129563007,0.4226197018489765,0.27357009053230286,0,power grid corporation of india limited [powergrid]
612139,0.4347536513896095,0.4155935259276892,0.4872826635837555,0,power grid corporation of india limited [powergrid]
612855,0.8327993666057453,0.6625789788927692,0.8249205350875854,1,power grid corporation of india limited [powergrid]
615342,0.12959748489544465,0.28828962076501263,0.15059241652488708,0,power grid corporation of india limited [powergrid]
615343,0.18543617672211177,0.3493102539910048,0.2177876979112625,0,power grid corporation of india limited [powergrid]
615345,0.13843735232419938,0.24780123259984013,0.09380893409252167,0,power grid corporation of india limited [powergrid]
617069,0.11029713189132868,0.20208608121066593,0.10359504818916321,0,power grid corporation of india limited [powergrid]
617182,0.09758799402318954,0.21043105425696254,0.057835161685943604,0,power grid corporation of india limited [powergrid]
617391,0.10924773744920492,0.20950912783293987,0.049209874123334885,0,power grid corporation of india limited [powergrid]
617405,0.14775866432646922,0.43719807364819446,0.48640185594558716,1,adani transmission limited
617801,0.11211660302367288,0.19816026295790692,0.06588925421237946,0,power grid corporation of india limited [powergrid]
619026,0.034122680790758905,0.26965368174312565,0.06147412955760956,0,adani transmission limited
619029,0.3820846503861403,0.4466746371102756,0.5276541113853455,0,power grid corporation of india limited [powergrid]
619049,0.20739137677435893,0.44242291142951795,0.37673237919807434,1,adani transmission limited
617179,0.2222052883905772,0.27750729186880174,0.06161373108625412,0,power grid corporation of india limited [powergrid]
617326,0.4272242749332254,0.45967678122864825,0.232944518327713,1,power grid corporation of india limited [powergrid]
612140,0.6584245961322157,0.4754140917740382,0.5388222336769104,0,power grid corporation of india limited [powergrid]
616672,0.17418920227386747,0.16473743145744182,0.12647578120231628,0,power grid corporation of india limited [powergrid]
617068,0.1353144224526544,0.1590819072217429,0.06133001670241356,0,power grid corporation of india limited [powergrid]
617184,0.1555563445287691,0.1483801696319713,0.07557136565446854,0,power grid corporation of india limited [powergrid]
617803,0.11600044696291974,0.13119868380421115,0.021704182028770447,0,power grid corporation of india limited [powergrid]
619228,0.11894494136447521,0.12567184953468322,0.05126599594950676,0,power grid corporation of india limited [powergrid]
619028,0.11891568971701841,0.09441194564768879,0.0149151049554348,1,power grid corporation of india limited [powergrid]
615344,0.21049179559642428,0.254664156303367,0.1688629686832428,0,power grid corporation of india limited [powergrid]
615346,0.2650818117755538,0.3214124446579962,0.2278381586074829,0,power grid corporation of india limited [powergrid]
617272,0.17229547635754222,0.3026385756623647,0.22125844657421112,0,power grid corporation of india limited [powergrid]
617279,0.07310547008087649,0.09879689047429498,0.04041633754968643,0,power grid corporation of india limited [powergrid]
617802,0.05949665824893159,0.09070912759321845,0.013226045295596123,0,power grid corporation of india limited [powergrid]
619024,0.07764029814619809,0.11055953593952719,0.0793028324842453,0,adani transmission limited
619027,0.041112151644313165,0.2523378939468343,0.15423870086669922,0,adani transmission limited
619227,0.0731783800474451,0.08397954599084059,0.021354613825678825,0,power grid corporation of india limited [powergrid]
617185,0.1527705862042681,0.21390695850956098,0.07192619144916534,0,power grid corporation of india limited [powergrid]
617806,0.14965403852236395,0.17945463081054983,0.05757748335599899,0,sterlite power
619030,0.06008232936464203,0.06823441753480497,0.013673159293830395,0,power grid corporation of india limited [powergrid]
602223,0.363078967029235,0.38205660800188773,0.22430966794490814,0,power grid corporation of india limited [powergrid]
607709,0.40027581786560873,0.33510984462814725,0.18616756796836853,0,power grid corporation of india limited [powergrid]
617271,0.63211286455222,0.5431621928712407,0.5541931390762329,0,power grid corporation of india limited [powergrid]
617807,0.07460048827085475,0.07834622166198972,0.023277223110198975,0,power grid corporation of india limited [powergrid]
617270,0.11306251538206925,0.32710658332802395,0.060107819736003876,1,power grid corporation of india limited [powergrid]
611735,0.37689279628899874,0.3898606387563708,0.2640860676765442,0,power grid corporation of india limited [powergrid]
612132,0.4780300194517375,0.45486660446524074,0.3459565043449402,1,power grid corporation of india limited [powergrid]
615347,0.07730348327392982,0.04391330055427185,0.00990225188434124,0,power grid corporation of india limited [powergrid]
615339,0.20307745276235764,0.25676547075633155,0.11132453382015228,0,power grid corporation of india limited [powergrid]
615340,0.1833349737775502,0.25459275079877286,0.09804784506559372,0,power grid corporation of india limited [powergrid]
617808,0.06885800583284961,0.08829805470168964,0.028063302859663963,0,power grid corporation of india limited [powergrid]
612138,0.600559035197732,0.6404952898339508,0.6870856285095215,1,power grid corporation of india limited [powergrid]
615333,0.27281419516624766,0.34444238285478884,0.3068090081214905,0,power grid corporation of india limited [powergrid]
615334,0.20316237223226974,0.30623299601126397,0.19314268231391907,0,power grid corporation of india limited [powergrid]
617186,0.182859655159224,0.2286844767556978,0.10491843521595001,0,power grid corporation of india limited [powergrid]
619025,0.0490414164641048,0.16625735708484338,0.0439763218164444,0,adani transmission limited
612133,0.4542107041346272,0.42732955865485023,0.3670109510421753,1,power grid corporation of india limited [powergrid]
616670,0.19053099839082083,0.24091234358644864,0.08823340386152267,0,power grid corporation of india limited [powergrid]
611949,0.45850110007873957,0.5031872790482188,0.5328530669212341,1,power grid corporation of india limited [powergrid]
612134,0.4909612475127274,0.41121770657406614,0.3619822859764099,1,power grid corporation of india limited [powergrid]
615332,0.24287984387499428,0.29099165956482675,0.1659049540758133,0,power grid corporation of india limited [powergrid]
615335,0.22154995758055082,0.2892660495561578,0.18420128524303436,0,power grid corporation of india limited [powergrid]
615337,0.5451046174454858,0.5042192884237884,0.42846688628196716,0,power grid corporation of india limited [powergrid]
615338,0.19237216117181438,0.2592618675927568,0.10925165563821793,0,power grid corporation of india limited [powergrid]
617181,0.1404970878898057,0.22048334585888735,0.09173008054494858,0,power grid corporation of india limited [powergrid]
616671,0.21912846751142367,0.2750829259656485,0.24457640945911407,0,power grid corporation of india limited [powergrid]
617269,0.7353891498650881,0.49259281494275464,0.28247886896133423,1,power grid corporation of india limited [powergrid]
617412,0.07552799469121266,0.09054574968345344,0.02695855312049389,0,central public works department - cpwd
707229,0.06973515568031755,0.32837418381544703,0.11929212510585785,1,ministry of housing and urban affairs
400188,0.3483103856673694,0.527065029768242,0.2117597460746765,0,national buildings construction corporation [nbcc]
701719,0.22047955979814893,0.507925669848676,0.25829893350601196,1,ministry of housing and urban affairs
701766,0.25374271460355813,0.37048758724505304,0.05522623658180237,0,ministry of housing and urban affairs
702627,0.20652161521380824,0.28366584240791465,0.17013531923294067,0,patna metro rail corporation ltd. [pmrcl]
617207,0.05178008387576641,0.1471757246389462,0.06240381300449371,0,delhi metro rail corporation limited [dmrc]
619031,0.06429095130913128,0.14169008427626312,0.0418039932847023,0,delhi metro rail corporation limited [dmrc]
702632,0.4967558267614232,0.43040410180032984,0.16068831086158752,0,delhi metro rail corporation limited [dmrc]
702630,0.6839522485029281,0.6134077542611702,0.5136638879776001,1,gujarat metro rail corporation limited [gmrcl]
619022,0.04729528777299971,0.1762290735199008,0.08219583332538605,0,gurugram metro rail limited [gmrl]
612878,0.12008953883688427,0.25957359392896967,0.05894151329994202,0,bengaluru metro rail
702635,0.4923869649642865,0.35943874715929863,0.152023047208786,0,bengaluru metro rail
702665,0.6839031457248453,0.5405835780009529,0.4127064645290375,0,bengaluru metro rail
702664,0.21115919939364883,0.3314953275366544,0.2378222793340683,0,cspcc projects
702625,0.2912597500690149,0.4105794948785631,0.17086175084114075,0,madhya pradesh metro rail co limited [mpmrcl]
702626,0.31129203894191776,0.4172521395523138,0.16966651380062103,0,madhya pradesh metro rail co limited [mpmrcl]
617225,0.08043097109032392,0.2493131636968972,0.15933719277381897,0,maharashtra metro rail corporation limited [mmrcl]
617226,0.027443578181311917,0.1580957682635675,0.05012548342347145,0,maharashtra metro rail corporation limited [mmrcl]
617327,0.033022255945708436,0.23640810813157567,0.05060751736164093,0,maharashtra metro rail corporation limited [mmrcl]
618971,0.027683626612479934,0.1755280521634411,0.045150432735681534,0,maharashtra metro rail corporation limited [mmrcl]
618985,0.033108209486878655,0.24998369576427784,0.07789196074008942,0,maharashtra metro rail corporation limited [mmrcl]
701745,0.013176047532665502,0.293333181749503,0.07325388491153717,0,ministry of housing and urban affairs
701991,0.53626356257485,0.6182664891944608,0.7141281962394714,0,ministry of housing and urban affairs
702637,0.559201878833971,0.44255482333915325,0.1552901268005371,0,mumbai metro rail corporation limited [mmrc]
702658,0.04704677650073639,0.094368215491332,0.011115847155451775,0,maharashtra metro rail corporation limited [mmrcl]
617206,0.04736896288684563,0.17675409238037904,0.08434755355119705,0,delhi metro rail corporation limited [dmrc]
702668,0.12528492771398628,0.2534020959711055,0.103444904088974,0,chennai metro rail limited [cmrl]
619052,0.013237896636650684,0.040561793470039326,0.007244785316288471,0,uttar pradesh metro rail corporation [upmrc]
702628,0.1814309228708973,0.3752801195319104,0.13560138642787933,0,uttar pradesh metro rail corporation [upmrc]
702629,0.11151852882245006,0.3500158737752049,0.21339480578899384,0,uttar pradesh metro rail corporation [upmrc]
702674,0.5354241164557385,0.6294843181341007,0.6915929317474365,1,ministry of housing & urban affairs
702699,0.6067383914465967,0.6001093482981471,0.7045766711235046,0,ministry of housing & urban affairs
702734,0.2616740909603623,0.4824223022726373,0.1697314977645874,0,ministry of housing & urban affairs
702741,0.6811978690660517,0.6285101871041668,0.7388612627983093,0,ministry of housing & urban affairs
702742,0.7980693587323494,0.6050345500598605,0.6434029340744019,0,ministry of housing & urban affairs
702746,0.605870715476288,0.6226827220082434,0.7621935606002808,0,ministry of housing & urban affairs
702760,0.6934772598994332,0.6261865129135181,0.7729572057723999,0,ministry of housing & urban affairs
702793,0.2589572469002668,0.5028543170671149,0.394128680229187,0,ministry of housing & urban affairs
702808,0.4140290306647493,0.5408730398277696,0.7039868831634521,1,ministry of housing & urban affairs
702810,0.439354251884913,0.5783452904952758,0.6024463176727295,0,ministry of housing & urban affairs
702833,0.5796161205991551,0.6223638463269617,0.6524043083190918,1,ministry of housing & urban affairs
703021,0.8823472544335953,0.5877139662294559,0.6361562609672546,1,ministry of housing & urban affairs
703057,0.27956198809180993,0.5459693582437621,0.4780507981777191,1,ministry of housing & urban affairs
702949,0.4306941380109224,0.6020457324471346,0.5312002897262573,1,ministry of housing & urban affairs
702958,0.5394382235075498,0.5753493420368587,0.5810509324073792,1,ministry of housing & urban affairs
617280,0.3618052569440239,0.483540976763177,0.2899758815765381,0,central public works department [cpwd]
400426,0.3307100714871552,0.3685669796566737,0.17650534212589264,0,hindustan copper limited [hcl]
400141,0.5414621676270465,0.49537790890844663,0.48633816838264465,0,national aluminium company limited [nalco]
400299,0.9995149624712043,0.5786141029260659,0.7700141668319702,1,national aluminium company limited [nalco]
709831,0.5046147366799021,0.532624481716034,0.42214393615722656,0,national aluminium company limited [nalco]
709832,0.288144314429696,0.4678321689576566,0.3279162347316742,0,national aluminium company limited [nalco]
613008,0.11195001010958455,0.1585988906105461,0.023133564740419388,0,central tribal university of andhra pradesh
612898,0.11000744772735674,0.4320483350368797,0.20410649478435516,0,"national institute of technology, arunachal pradesh"
606112,0.2458223777374104,0.5332430161287478,0.23842354118824005,0,tezpur university
606013,0.6513904680664503,0.4620807333494595,0.43540894985198975,0,nit patna
617877,0.028398372802185098,0.16147257838802773,0.06848343461751938,0,"indian institute of technology, bhilai"
612851,0.6031858535021984,0.5256105141216748,0.2697535753250122,0,national institute of technology delhi
616886,0.15543311642490018,0.3145358286473569,0.12956154346466064,0,delhi university
612916,0.20765021560166888,0.5355197200607967,0.3450164496898651,0,central university of gujarat
602099,0.25070805512838107,0.6027780665237075,0.5686441659927368,1,"indian institute of management, sirmaur"
612128,0.30292166291579253,0.6149929649229571,0.6806904077529907,1,"indian institute of technology, mandi"
612894,0.557649490715366,0.6282654703084198,0.8463319540023804,0,"central university, himachal pradesh"
602098,0.746706487132443,0.44735386753256967,0.13525980710983276,0,"indian institute of management, jammu"
606431,0.7809015287880703,0.6000117252894616,0.6769721508026123,0,indian institute of technology palakkad
617878,0.09586341562145322,0.06244658760047081,0.013190328143537045,0,indian institute of technology palakkad
611957,0.08791721417335274,0.13326069646499183,0.049689482897520065,0,"indian institute of technology, indore"
612885,0.412869206304425,0.355092601625418,0.18515263497829437,0,"national institute of technology, meghalaya"
612876,0.02754194607174843,0.32864385813882874,0.07646983861923218,0,nit mizoram
613013,0.1097992185188912,0.3915984086721624,0.34998467564582825,0,nit nagaland
610315,0.3860747667394589,0.5265207276994659,0.3475816547870636,0,"indian institutes of science education and research, behrampur"
611961,0.2240052398643042,0.38705577572356653,0.4375939667224884,0,"indian institute of technology, bhubaneshwar"
619033,0.765968213708117,0.6329008457832971,0.7515026926994324,1,nit rourkela
612877,0.24371132819913824,0.553577038953774,0.5834121704101562,0,"national institute of technology, puducherry"
605292,0.41018328485527605,0.4136212367562374,0.18655556440353394,1,"indian intitue of management, amritsar"
617221,0.061977790410472466,0.07733245789059563,0.027229122817516327,0,central university of punjab
609736,0.3918299176703315,0.5211141433557348,0.298094779253006,1,sikkim university
612883,0.23129553415386694,0.3443627106997099,0.5476557612419128,0,nit sikkim
609996,0.23269978888032752,0.43671126789238834,0.19427159428596497,0,"indian institute of technology, hyderabad"
606479,0.3699672139448641,0.46964392490170004,0.25808224081993103,1,banaras hindu university
611963,0.02795925118455864,0.1315796194848346,0.026290005072951317,0,national institute of technology uttarakhand
609019,0.7187121665597511,0.5095655404266316,0.526095449924469,1,"indian institute of technology, kharagpur"
400081,0.7008964837863586,0.5572298495025306,0.6039730906486511,0,department of sports & youth affairs
709754,0.08695518087664451,0.10394169976249712,0.011460701934993267,0,hindustan petroleum corporation limited
709755,0.10104036105325577,0.1035434324082308,0.011293604038655758,0,hindustan petroleum corporation limited [hpcl]
617839,0.2905478102530566,0.605385657596933,0.840446949005127,0,ministry of petroleum & natural gas
604833,0.6579063081207364,0.5763117181048897,0.5366176962852478,1,ministry of petroleum & natural gas
619313,0.13627204523545441,0.14581043015553455,0.026634525507688522,0,ministryofpetroleumnaturalgas
617829,0.09001802992715165,0.14831150373495583,0.03322301805019379,1,ministry of petroleum & natural gas
701349,0.4537088391361642,0.4410602071754293,0.19206838309764862,1,ministry of petroleum & natural gas
400012,0.40530335367859194,0.5025674146825723,0.42867311835289,1,ministry of petroleum & natural gas
400301,0.3234228188197156,0.4274027637140199,0.2448374181985855,0,"department of water resources, river development & gr"
709759,0.10686776977026821,0.1809591146685787,0.024321870878338814,0,hindustan petroleum corporation limited [hpcl]
400043,0.8913520496465789,0.6039446310121462,0.6974122524261475,1,ministry of petroleum & natural gas
604852,0.1369859060233903,0.2614164632063629,0.13071514666080475,0,ministry of petroleum & natural gas
400120,0.4335970009305477,0.3924538951578264,0.2759973704814911,0,oil and natural gas corporation limited [ongc]
619226,0.05143650039108523,0.0610133792999827,0.02550555393099785,0,ministry of petroleum and natural gas
709752,0.47884864020387774,0.4474023284406639,0.16605688631534576,0,hindustan petroleum corporation limited
604791,0.5098520560361648,0.3823430086344356,0.17389018833637238,1,ministry of petroleum & natural gas
604863,0.4007069356609313,0.5075771367734293,0.5402336120605469,1,ministry of petroleum & natural gas
616858,0.5119747615457906,0.6428005318020653,0.7531782388687134,1,ministry of petroleum & natural gas
617836,0.5714605112085183,0.5422944142827734,0.5179692506790161,0,ministry of petroleum & natural gas
619316,0.09078913167221367,0.0998382443842261,0.03287934884428978,0,ministry of petroleum & natural gas
709776,0.22067346969865112,0.4116851732944402,0.1417112797498703,0,ministryofpetroleumnaturalgas
709779,0.4057741131073556,0.32414567026641095,0.1389254927635193,0,ministryofpetroleumnaturalgas
709847,0.2231846284466868,0.3728700308363373,0.16564801335334778,0,ministry of petroleum & natural gas
709850,0.39336750317417096,0.5263762226394475,0.29288479685783386,1,ministry of petroleum & natural gas
709864,0.37301286109633397,0.5055366458143729,0.5240141153335571,1,nrl
709865,0.3549982229494694,0.402225958248415,0.1705312728881836,1,nrl
617304,0.1886459032169779,0.18665445883250334,0.13341324031352997,0,ministryofpetroleumnaturalgas
701324,0.688539330999189,0.5274625447262552,0.4880966246128082,1,ministry of petroleum & natural gas
709777,0.5923941927603799,0.44208830492103196,0.673578143119812,1,ministryofpetroleumnaturalgas
709792,0.15126669898997994,0.13397281055660198,0.11137688905000687,0,bharat petroleum corporation limited [bpcl]
709793,0.1483412264331134,0.1341767513527415,0.10615666955709457,0,bharat petroleum corporation limited [bpcl]
617819,0.044149187463452845,0.08073060014572929,0.013746173121035099,0,ministry of petroleum & natural gas
400087,0.1686843510663922,0.29145630772346726,0.06690412759780884,0,oil and natural gas corporation limited [ongc]
400167,0.36773919841983255,0.4374487554169263,0.36733460426330566,0,oil and natural gas corporation limited [ongc]
400169,0.5128402523260943,0.5823021987996925,0.6085790395736694,1,oil and natural gas corporation limited [ongc]
701329,0.4863782121349154,0.46068202813517545,0.16939902305603027,0,ministry of petroleum & natural gas
709778,0.4281506372917556,0.31898176105986475,0.08893115073442459,0,ministryofpetroleumnaturalgas
709838,0.319128046356205,0.37841674641786355,0.14826661348342896,0,oil and natural gas corporation limited [ongc]
709840,0.3377271553989795,0.5189843024235614,0.4236092269420624,0,oil and natural gas corporation limited [ongc]
709841,0.4605276384757838,0.5878361597345575,0.614226758480072,1,oil and natural gas corporation limited [ongc]
709842,0.12094429591450001,0.20174242764672726,0.08404994010925293,0,oil and natural gas corporation limited [ongc]
709845,0.2329984510085453,0.523361747231473,0.24998992681503296,1,oil and natural gas corporation limited [ongc]
604853,0.5200800201102334,0.5737329841788393,0.49406716227531433,1,ministry of petroleum & natural gas
611917,0.4442909586139747,0.3838722695568769,0.2530270218849182,0,indian oil corporation limited [iocl]
619196,0.07268409993455202,0.08016851542958546,0.035357698798179626,1,iocl
701289,0.5498271574819227,0.4018712588476283,0.06312776356935501,0,ministry of petroleum & natural gas
709783,0.5476717010564821,0.536127143996174,0.44347208738327026,1,ministryofpetroleumnaturalgas
709773,0.1631402845425691,0.13072417292875974,0.016778260469436646,0,ministryofpetroleumnaturalgas
610984,0.9908781004483445,0.5876244556987341,0.8171096444129944,1,oil and natural gas corporation limited [ongc]
709785,0.3066591985536873,0.3628220661827724,0.21315431594848633,0,ministryofpetroleumnaturalgas
612790,0.6703843164187882,0.5342469870723727,0.6933304071426392,0,mangalore refinary and petrochemicals limited
616879,0.24279725325811807,0.2044930217648277,0.10711877048015594,0,ministry of petroleum & natural gas
709774,0.6421530298555178,0.3910649193930534,0.16514012217521667,0,ministry of petroleum & natural gas
617838,0.18015512407712378,0.10941406409912408,0.04886666312813759,0,ministry of petroleum & natural gas
709799,0.2399145618871335,0.09866366202977243,0.04940293729305267,0,ministryofpetroleumnaturalgas
617830,0.17837381275970768,0.17253401504842092,0.0700356513261795,0,ministry of petroleum & natural gas
709798,0.11024972931588208,0.04966502609388922,0.014743740670382977,0,ministryofpetroleumnaturalgas
400168,0.5002472707496338,0.35562141924126583,0.055675748735666275,1,ministry of petroleum & natural gas
616933,0.06442828843465531,0.05992491204695684,0.030237140133976936,1,ministry of petroleum and natural gas
619223,0.06028583217688758,0.23655092107329168,0.10386316478252411,0,ministry of petroleum & natural gas
619224,0.05381848583039211,0.10754116845711154,0.031193751841783524,0,ministry of petroleum & natural gas
619225,0.07477303076844008,0.16759018081406668,0.02419634908437729,0,ministry of petroleum & natural gas
709771,0.05099658690867314,0.06048399234527055,0.011299090459942818,0,ministryofpetroleumnaturalgas
709780,0.31053624680044967,0.5247142152683899,0.3351486921310425,0,ministryofpetroleumnaturalgas
709797,0.7846122133471133,0.7249708902276296,0.9326738715171814,0,bharat petroleum corporation limited [bpcl]
616254,0.08978841671045075,0.0593879539173341,0.01980804093182087,0,ministry of petroleum and natural gas
701346,0.5831218929000498,0.6284745223905718,0.7416799664497375,1,ministry of petroleum & natural gas
617827,0.07867461907907036,0.09814898418337067,0.026697732508182526,0,ministry of petroleum & natural gas
701330,0.4035998059277047,0.41015441849743367,0.36281532049179077,0,ministry of petroleum & natural gas
612853,0.5239319226234931,0.6740764535287112,0.8218578696250916,0,gas authority of india limited [gail]
701228,0.2767360050088869,0.43733307064269256,0.15066519379615784,0,ministry of petroleum & natural gas
701338,0.0699242085747106,0.1445901108583499,0.10249388962984085,0,ministry of petroleum & natural gas
701344,0.4401743098089793,0.5600303739742479,0.2933981418609619,0,ministry of petroleum & natural gas
709794,0.09238295957700644,0.11481453717997438,0.04401838779449463,0,bharat petroleum corporation limited [bpcl]
709786,0.05245813115188727,0.07803485990873832,0.020793473348021507,0,ministryofpetroleumnaturalgas
604859,0.6865132623556739,0.5458016693886748,0.3545401990413666,0,ministry of petroleum & natural gas
617818,0.20914452537692838,0.1287468674337134,0.015618785284459591,0,ministry of petroleum & natural gas
709800,0.7085230486707373,0.6868326534157925,0.6456830501556396,1,ministryofpetroleumnaturalgas
400119,0.36296795222427586,0.45346461100098273,0.32756558060646057,1,oil and natural gas corporation limited [ongc]
616950,0.4931321453964239,0.4836135449400035,0.3131197988986969,0,ministry of petroleum & natural gas
619314,0.1460534769127619,0.1512971622471477,0.06283239275217056,0,ministry of petroleum & natural gas
709839,0.5117278451494822,0.42700135079371504,0.40525633096694946,0,oil and natural gas corporation limited [ongc]
709848,0.387264916092071,0.5768595221793762,0.39142942428588867,1,ministry of petroleum & natural gas
709849,0.6099125794207526,0.5078877837989303,0.3582232892513275,1,ministry of petroleum & natural gas
709851,0.1249663321429475,0.12453669572289869,0.030567103996872902,0,ministry of petroleum & natural gas
400171,0.4504151962471651,0.47386503549234144,0.28064313530921936,0,hindustan petroleum corporation limited [hpcl]
709770,0.05697051561627736,0.05644488381627532,0.006043679546564817,0,ministryofpetroleumnaturalgas
604795,0.27208864465162186,0.3836307270964296,0.14400310814380646,0,chennai petroleum corporation limited [cpcl]
709750,0.4200873815327189,0.3693792759689395,0.2239256501197815,0,chennai petroleum corporation limited [cpcl]
709796,0.09674806800329545,0.10342357271666529,0.0498896986246109,0,bharat petroleum corporation limited [bpcl]
617822,0.07129036439499892,0.12232036506525851,0.04841135814785957,0,ministryofpetroleumnaturalgas
709837,0.5973567956654027,0.5630887283176043,0.3359171748161316,1,oil and natural gas corporation limited [ongc]
619191,0.10633883839687351,0.17430008909105493,0.047456372529268265,0,ministryofpetroleumnaturalgas
619312,0.11501165424901982,0.1429961056958384,0.0324811153113842,0,ministryofpetroleumnaturalgas
709781,0.24677945742216706,0.27752512219720776,0.049197304993867874,0,ministryofpetroleumnaturalgas
709795,0.0833585794618594,0.16804487264649712,0.05560693144798279,0,bharat petroleum corporation limited [bpcl]
617302,0.5724534513479976,0.4501843219904123,0.12197966873645782,1,ministry of petroleum & natural gas
617828,0.1377818095096433,0.13296147273719086,0.028726374730467796,0,indian oil corporation limited [iocl]
617837,0.6281181548349549,0.4847020191648237,0.1950152963399887,0,ministry of petroleum & natural gas
709753,0.7967418489355376,0.6408923578842711,0.7248154282569885,1,hindustan petroleum corporation limited
709772,0.08150385062146735,0.06264178808834614,0.012008974328637123,0,ministryofpetroleumnaturalgas
709791,0.16760185051926668,0.10942377790802724,0.044632330536842346,0,bharat petroleum corporation limited [bpcl]
701172,0.028789803203449756,0.31247562465124934,0.34754613041877747,1,pmssy and institute of national importance
707020,0.3456446245713927,0.5312202002041534,0.49753355979919434,0,"medical education, ministry of health and family welfare"
707044,0.11016774371437117,0.2764365167870391,0.07310708612203598,0,"medical education, ministry of health and family welfare"
707045,0.5603514626870609,0.7115686340971605,0.823890209197998,0,"medical education, ministry of health and family welfare"
707046,0.06292208093961052,0.1673526417779162,0.02775587886571884,0,"medical education, ministry of health and family welfare"
617882,0.18743767509830922,0.3358438910960089,0.07404302805662155,0,pmssy and institute of national importance
617883,0.038778447884902346,0.16808240272791516,0.04368668794631958,0,pmssy and institute of national importance
701170,0.11990195363989507,0.37791978642764695,0.18257208168506622,1,pmssy and institute of national importance
707049,0.383074258709908,0.6197576355727891,0.6163064241409302,0,"medical education, ministry of health and family welfare"
707050,0.2821115717129234,0.46818763374453504,0.0877174586057663,0,"medical education, ministry of health and family welfare"
701173,0.056629415672241196,0.2083042922903439,0.017249969765543938,0,pmssy and institute of national importance
701167,0.3176002316709796,0.37524319963647407,0.121857188642025,1,pmssy and institute of national importance
707021,0.41676630441995516,0.5715876836262219,0.7257725596427917,0,"medical education, ministry of health and family welfare"
707022,0.2434003181152677,0.5417623150411568,0.515811562538147,0,"medical education, ministry of health and family welfare"
707058,0.29640334451664246,0.45635754454526994,0.16216343641281128,0,"medical education, ministry of health and family welfare"
707059,0.09223691442237358,0.5878732323770823,0.6239251494407654,0,"medical education, ministry of health and family welfare"
707069,0.06661921115685375,0.09007958255848574,0.02105647511780262,0,"medical education, ministry of health and family welfare"
707070,0.07160257055101676,0.08364360998732627,0.027179863303899765,0,"medical education, ministry of health and family welfare"
707039,0.15887850815960683,0.3862934412973831,0.2526382803916931,0,"medical education, ministry of health and family welfare"
701168,0.36811608658582123,0.49191641961473764,0.3364504277706146,0,pmssy and institute of national importance
701171,0.11512263482041504,0.4826146193296128,0.41770195960998535,1,pmssy and institute of national importance
707086,0.12025021292157623,0.32710524144984,0.18337160348892212,0,"medical education, ministry of health and family welfare"
707087,0.14753109114556756,0.2222644354538166,0.014946545474231243,0,"medical education, ministry of health and family welfare"
612167,0.4908761930160519,0.5857457589117103,0.5244610905647278,1,employee's state insurance company [esic]
612186,0.19342612825472846,0.318205896917054,0.10736861079931259,0,employee's state insurance company [esic]
612211,0.31898914277039303,0.4184891634754213,0.21875855326652527,0,employee's state insurance company [esic]
612745,0.18485771698018724,0.2959478682346414,0.051289401948451996,0,employee's state insurance company [esic]
612748,0.11135275198590427,0.208756818755602,0.04059378057718277,0,employee's state insurance company [esic]
612213,0.45935036415596264,0.49076602109401113,0.28469210863113403,0,employee's state insurance company [esic]
616691,0.3519894609343638,0.41542659830517986,0.05730954557657242,0,employee's state insurance company [esic]
612513,0.05809111907708916,0.27900538435548944,0.015158594585955143,0,employee's state insurance company [esic]
612259,0.30528372273889837,0.49126305644543417,0.5185261964797974,1,employee's state insurance company [esic]
701565,0.5646521808724935,0.4765401350819235,0.2616181969642639,1,inland waterways authority of india [iwai]
609424,0.19088012587686506,0.22700827885884534,0.06242423132061958,0,deendayal port trust
701570,0.33689190190466123,0.45347490655718997,0.15129290521144867,0,deendayal port trust [dpt]
617804,0.20029029269002502,0.18099010222583584,0.028666691854596138,0,new mangalore port authority
701574,0.2667332221296374,0.21297216343914735,0.033597029745578766,0,paradip port trust [ppt]
707215,0.31111797367562505,0.5318410173013063,0.4855269193649292,0,indian port rail & ropeway corporation ltd. [iprcl]
707410,0.2576266248179008,0.35434140482629295,0.07010674476623535,0,national highways & infrastructure development corporation ltd. [nhidcl]
617727,0.09172765036077778,0.12480076283033835,0.11927621066570282,0,nicdc
617729,0.08472006175068697,0.12713941311657984,0.09834476560354233,0,nicdc
701658,0.11631777445860704,0.08837429590209235,0.034584272652864456,0,national industrial corridor development corporation
701657,0.333281448173361,0.44325205638791354,0.36089831590652466,1,national highways & infrastructure development corporation ltd. [nhidcl]
701668,0.11652604801483356,0.032121012838929125,0.011055334471166134,0,national industrial corridor development corporation
601812,0.05961511983571925,0.032559617644085236,0.00979705061763525,1,national industrial corridor development corporation
707419,0.06427510889678119,0.041945666729172,0.013079332187771797,0,national industrial corridor development corporation
615202,0.09064788276435683,0.26909917755088536,0.13257819414138794,0,national mineral development corporation limited [nmdc]
617243,0.14629238718504525,0.49714662903078766,0.696162223815918,0,steel authority of india limited [sail]
617255,0.4284329156979057,0.600479635783081,0.7159027457237244,1,steel authority of india limited [sail]
617256,0.39306038207597266,0.5001041971025206,0.48958030343055725,1,steel authority of india limited [sail]
706811,0.4336062006884509,0.537546692920992,0.4421546757221222,1,national mineral development corporation limited [nmdc]
709826,0.20829485222475558,0.3369502391939887,0.054423987865448,1,national mineral development corporation limited [nmdc]
400174,0.20138640812793543,0.3890545219398647,0.2333284616470337,0,steel authority of india limited [sail]
617249,0.10468207968044095,0.16020105833624876,0.02197544276714325,0,steel authority of india limited [sail]
617250,0.1656927050263631,0.30011536427708185,0.09501514583826065,1,steel authority of india limited [sail]
617254,0.16960514472215388,0.3419615887910446,0.0774218961596489,0,steel authority of india limited [sail]
617257,0.12735052587542975,0.26814050157775265,0.142769455909729,1,steel authority of india limited [sail]
400121,0.3043858380313209,0.5283972627403604,0.658779501914978,0,national mineral development corporation limited [nmdc]
612781,0.17985793550296625,0.18873358235480553,0.1408604234457016,0,steel authority of india limited [sail]
617242,0.12817286156972038,0.09499799855613428,0.03082127496600151,0,steel authority of india limited [sail]
617246,0.18369848582171525,0.3143671756045169,0.17555950582027435,0,steel authority of india limited [sail]
617248,0.3597043281769959,0.5459501783612825,0.7242414355278015,1,steel authority of india limited [sail]
617251,0.9999674583495147,0.5334153406098578,0.5687016248703003,1,steel authority of india limited [sail]
617338,0.07520658444618683,0.1278927162417426,0.05594846233725548,0,steel authority of india limited [sail]
400298,0.47963758755730823,0.45620732927502866,0.4485188126564026,0,south central railway [scr] - ii
611752,0.22612111528249088,0.3205325147953673,0.3300899267196655,0,south central railway [scr] - ii
611754,0.9444393356742187,0.5417172740559258,0.3823879361152649,0,south central railway [scr] - ii
611927,0.46387797556980365,0.4676425097532495,0.3058418929576874,0,wpo/patna
612827,0.1431803033535172,0.17478940055924688,0.07642686367034912,0,east coast railway [ecor] - ii
616697,0.5968038529409002,0.6430083972484324,0.8375450372695923,0,east coast railway [ecor] - ii
617210,0.14460378239796887,0.1867364761064265,0.2054385393857956,1,south central railway [scr] - ii
617216,0.24718865791835837,0.27105088636097824,0.33320680260658264,0,south central railway [scr] - ii
705253,0.6439150783587656,0.5519025177913847,0.5524386167526245,0,south central railway [scr] - ii
705572,0.7579632072390264,0.6346273660325301,0.6743204593658447,1,northeast frontier railway [nfr]
400254,0.7164105734681078,0.3888112064431677,0.41100358963012695,1,east central railway [ecr] - i
617231,0.1952029944859959,0.12958217589663523,0.10897166281938553,0,east central railway [ecr] - i
617239,0.22828273824174813,0.11786106212234185,0.0526590570807457,1,east central railway [ecr] - i
705366,0.7234500008905282,0.5144649051948378,0.8491528034210205,1,east central railway [ecr] - i
705368,0.7875256625569137,0.49790044344816714,0.9025537371635437,1,east central railway [ecr] - i
705373,0.8593098688814107,0.4017651388325383,0.2207140028476715,1,east central railway [ecr] - i
705450,0.7567386499561938,0.3418491382188754,0.341484397649765,0,indian railway construction international limited [ircon]
705526,0.8383917385192269,0.5100414596440799,0.432340532541275,1,east central railway [ecr] - i
705527,0.8104142085807488,0.6341208026906312,0.758597195148468,0,east central railway [ecr] - i
705528,0.7607682608833841,0.5834611014033586,0.893173336982727,1,east central railway [ecr] - i
706759,0.9039653388907578,0.5195240047482613,0.3169006109237671,1,indian railway construction international limited [ircon]
706860,0.8156240160809036,0.44273691622850775,0.4581962823867798,0,east central railway [ecr] - i
900874,0.24696282186993093,0.18353626748286622,0.07869312912225723,0,east central railway [ecr] - i
400220,0.4114677840203142,0.3925183943451326,0.3097243905067444,0,indian railway construction international limited [ircon]
400291,0.5200605922414344,0.4125020396304746,0.3811299502849579,0,east coast railway [ecor] - ii
602792,0.47789632462997533,0.46935156818158985,0.5410492420196533,0,secr
612815,0.11835107162208151,0.17515374347286325,0.029583528637886047,0,south east central railway [secr] - ii
705433,0.5070606946923759,0.5347340619276161,0.6166858673095703,0,rail vikas nigam limited
705444,0.5309239080744861,0.3480930244087186,0.08957082033157349,0,indian railway construction international limited [ircon]
706854,0.13856457576342437,0.21588388386863008,0.11784303188323975,0,south east central railway [secr] - ii
709815,0.18032970463295694,0.19346515959352176,0.05154211446642876,0,secr
709816,0.13924705067881674,0.1766856467934069,0.08582870662212372,0,secr
709817,0.2131571779345045,0.25916428459334745,0.13436999917030334,0,secr
709818,0.1763440760879308,0.24176165500089375,0.11843835562467575,0,secr
709819,0.19120650344151416,0.2814161066326946,0.09381349384784698,0,secr
705583,0.2741643906919125,0.3939232736770284,0.47528699040412903,1,cao/c/nr
706865,0.25324023966614884,0.33622063340391817,0.18496190011501312,0,south western railway [swr] - ii
611918,0.1175561111400072,0.18679549808259327,0.052654724568128586,0,pce/wr
611943,0.1419409019708216,0.17062139321873515,0.06490840762853622,0,western railway [wr] - ii
611945,0.12026340171084618,0.16590408241083107,0.014663861133158207,0,western railway
611970,0.07075227089206729,0.1007592529360862,0.028582323342561722,0,pce/wr
611971,0.10502079132087926,0.09562026389119019,0.007810085080564022,0,pce/wr
611974,0.2206397527768779,0.2340179606713311,0.13877926766872406,0,western railway [wr] - ii
612072,0.23351154696775203,0.37783866099945806,0.7001790404319763,0,western railway wr - ii
616983,0.18137019992063325,0.21396510049017953,0.17402927577495575,0,ministry of railways-
705458,0.4620952475775618,0.4289357386471791,0.10575459152460098,0,western railway [wr] - ii
706763,0.7476716253424583,0.5769316904373657,0.6368156671524048,1,western railway wr - ii
709812,0.06019256469721619,0.12372481948988646,0.013340040110051632,0,railway
709813,0.1824831111934971,0.22276887477711826,0.05498768016695976,1,western railway [wr] - ii
611884,0.17940943443350765,0.14123561001901452,0.01344242412596941,0,north western railway [nwr]
617372,0.6313011273174598,0.6096796714254463,0.7394157648086548,0,east central railway [ecr] - i
617832,0.12056605879977302,0.13054021995807935,0.04259878769516945,0,east central railway [ecr] - i
705765,0.4747829850957843,0.6728643676609607,0.851265013217926,0,east central railway [ecr] - i
705785,0.30167058095334687,0.46736802886925916,0.318834125995636,0,south eastern railway [ser] - i
706837,0.2488496370478611,0.16367034913728806,0.04797404259443283,0,east central railway [ecr] - i
400023,0.46766405881573453,0.29424813840682673,0.2890770733356476,1,south western railway [swr] - ii
705490,0.5016397181936926,0.3842276181644441,0.20496593415737152,0,south western railway [swr] - ii
705492,0.79162793036335,0.58181102758671,0.6285898089408875,1,south western railway [swr] - ii
705493,0.23384391800149879,0.41378657788746714,0.2337190806865692,0,south western railway [swr] - ii
705495,0.6245036168115699,0.5093591358623221,0.7684553861618042,1,south western railway [swr] - ii
705496,0.42226590950839804,0.5453282287529891,0.7118896245956421,0,south western railway [swr] - ii
705663,0.6579691847965394,0.5146026033013874,0.5234983563423157,1,south western railway [swr] - ii
705761,0.38153248424222136,0.28469342260465935,0.19875626266002655,0,south western railway [swr] - ii
705941,0.378256668578279,0.26275055984923307,0.08850689232349396,0,karnataka rail infrastructure development company limited [k-ride]
705638,0.4106880378010652,0.27040972781247347,0.2462935894727707,1,ministry of railways
705639,0.5698107422760346,0.35705936267905547,0.47655245661735535,1,sr-ers
705480,0.44212829268524506,0.48787303549512906,0.5217347741127014,0,north central railway
705659,0.4305305145804944,0.4518310376131549,0.5222782492637634,1,west central railway [wcr] - ii
705661,0.6545370771684196,0.5210467650433492,0.6823240518569946,1,indian railway construction international limited [ircon]
705933,0.23744937472423439,0.16539662044104586,0.0534452386200428,1,western railway [wr] - ii
611751,0.228259499327783,0.3789791510723892,0.76862633228302,0,south central railway [scr] - ii
612845,0.099761547435369,0.12184431870363338,0.026126448065042496,1,central railway [cr] - ii
613015,0.27524798808414996,0.3333159201765701,0.6447345614433289,0,rail land development authority
617215,0.13301298308048823,0.2535637131015082,0.18766149878501892,0,south central railway [scr] - ii
617364,0.1889572866830032,0.13760173024293187,0.0386618971824646,0,centralrailway
705356,0.3342453913919769,0.4161788416011917,0.24985167384147644,1,central railway [cr] - ii
705357,0.19515172505404846,0.21604637969047719,0.031542737036943436,0,central railway
705479,0.15331290013734508,0.20402764787823557,0.02820359356701374,0,south east central railway
705497,0.20016194766977563,0.33309222540780153,0.22658196091651917,0,central railways
705498,0.17912111268947026,0.26156144191412495,0.182859405875206,0,central railway
705500,0.5374482647433895,0.436665454446662,0.28229084610939026,0,central railway [cr] - ii
705502,0.6762956211214788,0.49449459882156005,0.33592188358306885,1,central railway [cr] - ii
705504,0.6664446508197204,0.5007610759744522,0.29591330885887146,1,central railway
705505,0.5578078457632127,0.40607406606351065,0.12720872461795807,0,central railway [cr] - ii
705506,0.666938789381511,0.39427491615480803,0.02432524412870407,1,central railway [cr] - ii
705735,0.17662753995577737,0.24983358419465296,0.13269908726215363,0,central railway
705391,0.6969687991812635,0.44961754417635974,0.3567677140235901,0,northeast frontier railway [nfr]
705491,0.9832977888121127,0.6002062126404952,0.5825562477111816,1,south western railway [swr] - ii
705494,0.44253500137008395,0.5844316225932088,0.7590516805648804,1,south western railway [swr] - ii
705610,0.7564250139257704,0.5802069185091151,0.5705084800720215,1,south central railway [scr] - ii
705512,0.46177137767236914,0.5167040334307678,0.6425697207450867,1,east coast railway [ecor] - ii
400275,0.4057096472067467,0.5080564134826527,0.35390573740005493,0,ministry of railways
616857,0.1387281739659003,0.2741651360838597,0.3339085280895233,0,south central railway [scr] - ii
617214,0.24747521072247533,0.24584268676420354,0.26269206404685974,0,south central railway [scr] - ii
705632,0.7800031129364471,0.6171646330139758,0.7131755948066711,0,south central railway [scr] - ii
705401,0.6463537060754104,0.36655025230212024,0.14000152051448822,1,northeast frontier railway [nfr] - ii
705394,0.3360315610469978,0.454267936804073,0.4986596405506134,1,northeast frontier railway [nfr]
616701,0.16202800903395934,0.16481252784001882,0.179631307721138,0,northeast frontier railway [nfr]
705392,0.4661022966766465,0.4747441131955798,0.5330833196640015,1,northeast frontier railway [nfr] - ii
616699,0.26149392255647896,0.14779518335339098,0.05635528266429901,0,east central railway [ecr] - i
705375,0.7962587433612998,0.5313849441991201,0.44491541385650635,0,east central railway [ecr] - i
705385,0.13308578658422243,0.16401775470050123,0.050656989216804504,1,eastern railway [er] - i
611669,0.27939152961757263,0.3591681000939668,0.39896929264068604,0,north eastern railway [ner]
617224,0.11295793610698074,0.13766908562759114,0.05785909667611122,0,ner
705562,0.800901705218405,0.635972623382471,0.7176002264022827,0,north eastern railway [ner]
617245,0.4158524844942426,0.37833427538033826,0.4105087220668793,1,northeast frontier railway [nfr]
705617,0.748584347287225,0.6850436593440513,0.8459336757659912,0,south east central railway [secr] - ii
705511,0.5208470677309522,0.49373555386256257,0.48554328083992004,0,east coast railway [ecor] - ii
705616,0.7092514996634796,0.5023032935272078,0.40559589862823486,0,secr
705728,0.3566654427961265,0.291910616123304,0.318779855966568,0,national high speed rail corporation [nhsrc]
705793,0.5628628611126135,0.46959697788839494,0.35403332114219666,0,pce/wr
705237,0.8126037796274335,0.5280596601964034,0.3716335594654083,0,dfccil
705453,0.16763330108118488,0.25210234236578943,0.08585880696773529,1,western railway [wr] - ii
705454,0.2859604763065036,0.4234648077596772,0.4411100447177887,1,western railway [wr] - ii
400022,0.13477848367487677,0.1250508699734879,0.029872629791498184,1,north western railway [nwr]
616842,0.14863184602681476,0.1084184917063284,0.06425998359918594,0,north western railway [nwr]
705424,0.22173895252395523,0.3050151879904391,0.08956199884414673,1,northen railway [nr]
705410,0.5639543861198116,0.5072766540512142,0.40750429034233093,1,northen railway [nr]
705628,0.8208193423613844,0.5300308867632748,0.39169442653656006,0,south eastern railway - jh
616588,0.13888117835439243,0.21356186789223044,0.10984424501657486,0,south eastern railway [ser] - i
616227,0.11847711632389459,0.11092185602746107,0.02938695065677166,0,cao/c/ser
705668,0.6819000842161749,0.5110608108281098,0.3902747631072998,1,rvnl - i
703586,0.6358890476919788,0.511526827139437,0.2678442895412445,1,karnataka rail infrastructure development company limited [k-ride]
705635,0.6003081032245962,0.6132224290574537,0.80317223072052,0,southern railway [sr] - i
705457,0.3510090155472626,0.33108454300473433,0.14594008028507233,1,western railway [wr] - ii
705507,0.2920851249103424,0.27610900587582543,0.16265293955802917,1,central railway [cr] - ii
705419,0.7479991651392314,0.5196840972575589,0.39591047167778015,1,north central railway
705481,0.4395106708207793,0.428048774178671,0.4175216853618622,0,west central railway [wcr] - ii
705764,0.9517975948898217,0.5908901926133038,0.7350767850875854,1,western railway [wr] - ii
705667,0.5541080125078168,0.4227518497900101,0.1901131272315979,0,rvnl - ii
705598,0.7564427330603828,0.5956809248181912,0.6402530074119568,0,cao/c/ncr
705608,0.545975164441061,0.6364919513452164,0.7375044822692871,0,north central railway
705629,0.7343534457750444,0.5776907692960892,0.5720757246017456,0,south eastern railway [ser] - i
400223,0.4998694477432949,0.44241210398941566,0.1396864801645279,1,ministry of railways
705432,0.5564537222922753,0.3841805444801654,0.4198352098464966,0,indian railway construction international limited [ircon]
602797,0.1232015485413489,0.24651069483191734,0.1250602900981903,1,eastern railway [er] - i
400006,0.7368777576750944,0.5397975028345962,0.5615026950836182,0,south eastern railway [ser] - i
400045,0.6884491527021114,0.3572411558074846,0.17179664969444275,0,east coast railway [ecor] - ii
400047,0.686367864984634,0.4227863142066353,0.2459941804409027,0,east coast railway [ecor] - ii
400048,0.6708278025942658,0.46397942717894686,0.27481991052627563,0,east coast railway [ecor] - ii
400232,0.24580802411992592,0.2740696548600984,0.14444299042224884,0,east coast railway [ecor] - ii
612834,0.5613486215475082,0.3362432859493866,0.1940094232559204,0,east coast railway [ecor] - ii
615915,0.34308263384933296,0.6334949204076668,0.8207492232322693,1,cao/c/ser
616586,0.13521095940114583,0.11299802801442999,0.03321806341409683,0,cao/c/ser
616694,0.12099317934028277,0.15279041065989935,0.040032193064689636,0,east coast railway [ecor] - ii
616695,0.13651858354375318,0.12217716892440324,0.03476934880018234,0,east coast railway [ecor] - ii
616839,0.18109505325386122,0.21724097103855125,0.17231455445289612,0,indian railway
705358,0.19081027193125916,0.28116089699693314,0.23749999701976776,1,east coast railway [ecor] - ii
705359,0.4729368542936354,0.49016033727809843,0.6664330959320068,1,east coast railway [ecor] - ii
705510,0.7611332840280737,0.582029014759022,0.7268670797348022,1,east coast railway [ecor] - ii
705513,0.46329359164789546,0.26349388721627787,0.48706379532814026,1,east coast railway [ecor] - ii
705514,0.5129295525193268,0.41535441640633164,0.48083731532096863,1,east coast railway [ecor] - ii
705515,0.5713853576656241,0.4526600910459805,0.5736306309700012,1,east coast railway [ecor] - ii
705741,0.21584389916213417,0.17850823019184897,0.08994657546281815,0,east coast railway [ecor] - ii
705742,0.2243670942076276,0.11790000165120851,0.07735461741685867,0,east coast railway [ecor] - ii
705298,0.3181332081383113,0.47108715545985136,0.48075854778289795,0,rcil
607653,0.1010333749813548,0.31642649513044413,0.19208410382270813,1,cao/c/nr
705783,0.5672904533090373,0.3757350236786982,0.0882367193698883,1,railway
611855,0.19206053396982184,0.24155697823972513,0.1847837120294571,1,north western railway [nwr]
611929,0.15960804945330181,0.43545373640643703,0.1479806751012802,0,wpo/patna
616841,0.21133731171814626,0.3132692847037022,0.29043301939964294,1,north western railway [nwr]
616843,0.11669654071909027,0.17458271887442056,0.13814951479434967,1,north western railway [nwr]
617403,0.31806849923025066,0.5785051302082878,0.8337252140045166,0,north western railway [nwr]
617404,0.06954842595040282,0.16475535532803012,0.05933114141225815,0,north western railway [nwr]
705752,0.21308608918783264,0.2569729183722421,0.12294462323188782,0,north western railway [nwr]
705919,0.27273597342094164,0.26234280788590636,0.14347392320632935,0,cao/c/ncr
706836,0.5296323119866567,0.3862370162643862,0.19684958457946777,1,north western railway [nwr]
706866,0.5077619697043989,0.3992747471557551,0.27819451689720154,0,north western railway [nwr]
400280,0.8076677449608478,0.47676311779910174,0.08084490895271301,0,ministry of railways
613002,0.1841775082748579,0.5865606016923015,0.7328354120254517,0,ministry of railways
705244,0.0825380560720328,0.39142482347239343,0.19116631150245667,0,cpm/icf
705489,0.4754593612060145,0.4451202445909419,0.14999063313007355,1,ministry of railways
617409,0.4236959839268916,0.4385246874212093,0.3323137164115906,0,rvnl - ii
400204,0.17469034351821255,0.29163443757057184,0.1465093493461609,0,north eastern railway [ner]
400205,0.12669291070589056,0.31745064296364595,0.2759086489677429,0,north eastern railway [ner]
617213,0.14525734683077354,0.2175070973203567,0.18501770496368408,0,northern railways
617252,0.18255657456638502,0.2592973538264655,0.26395344734191895,1,construction ner
617333,0.2432149654677762,0.22270131952857916,0.07577740401029587,0,east central railway [ecr] - i
617370,0.24754278533101062,0.2490974932495445,0.11787904053926468,1,m/s src company infra private limited
705567,0.9299863483616805,0.7231643280470824,0.7930626273155212,1,north eastern railway [ner]
705588,0.6703227805389188,0.5889615248578984,0.7175253033638,1,cao/c/ii/nr
705766,0.7756719756254,0.6003525163977325,0.7311609983444214,0,north central railway
705772,0.557509005169757,0.46094117396784945,0.4503101408481598,0,north central railway
705774,0.6821505439347364,0.456483750645788,0.17690494656562805,0,cao/c/ncr
705777,0.5537882990138777,0.43543650823917135,0.2776113450527191,0,north central railway [ncr] - ii
705780,0.78893899588661,0.55258347636008,0.6350471377372742,0,rvnl - i
705782,0.7449495612998248,0.6206327049236375,0.7574307918548584,1,ministry of railways
400247,0.4300974254043725,0.35258889506063695,0.5210010409355164,1,eastern railway [er] - i
400273,0.7083283720972048,0.4026621709284822,0.24682092666625977,1,eastern railway [er] - i
612096,0.44838510458647274,0.4628692101611403,0.7411893606185913,0,northeast frontier railway [nfr]
619184,0.9773980476970046,0.7441037326027853,0.907249927520752,1,nhidcl
619185,0.9997869846958181,0.7276927656814532,0.9298115968704224,1,nhidcl
619186,0.5750211223475432,0.5592157884295761,0.3145788609981537,0,nhidcl
617984,0.7585772650608892,0.6436228100287064,0.45430630445480347,1,morth
617985,0.6738683208096397,0.46128776175771263,0.13292165100574493,0,morth
617986,0.4045848877480815,0.2867711646139089,0.09630841761827469,0,morth
617987,0.31935946014624766,0.09019372159382223,0.03819901868700981,0,morth
617988,0.30043961010263587,0.11928444021642981,0.12623418867588043,0,morth
617991,0.6444382824357618,0.5436496672464505,0.16951850056648254,1,morth
618013,0.926807775689312,0.9369898510684869,0.9586931467056274,1,morth
618037,0.8945297313727216,0.9434492339645163,0.9741058349609375,1,morth
618052,0.2984215182702383,0.08438932270844918,0.05902140960097313,0,morth
618053,0.3065847492988687,0.07624710256801688,0.050864096730947495,0,morth
618101,0.376337574205109,0.13278542697976004,0.09865245223045349,0,morth
618103,0.7302271848151718,0.8050419858488315,0.9649543762207031,0,morth
618125,0.759200856169656,0.4176501614922971,0.11901386082172394,0,morth
618193,0.4752429997605316,0.37888761099788837,0.426862508058548,0,morth
618194,0.7472528765569023,0.45946451141242606,0.3864234983921051,0,morth
618236,0.7304173733160557,0.3969475644988584,0.0673249214887619,0,morth
618238,0.618780227641019,0.7229047638693106,0.7550203204154968,1,morth
618239,0.7413110957708559,0.4678160028391794,0.30268198251724243,0,morth
618254,0.6320473056718834,0.5616613345741054,0.641347348690033,0,morth
618255,0.795212508979731,0.6253405764726637,0.2703084945678711,1,morth
618256,0.9113576749144859,0.8943680123781926,0.9556147456169128,1,morth
618257,0.8193874666398808,0.41820897885635555,0.11732224375009537,1,morth
618412,0.45231930958331146,0.3665553852043071,0.06813924014568329,0,nhidcl
618475,0.466816606355246,0.6618179067885138,0.3279232382774353,0,national highways authority of india [nhai]
618476,0.4520372811165977,0.707665191650216,0.6181382536888123,1,national highways authority of india [nhai]
618524,0.17640473847485413,0.1671298180455202,0.06653480976819992,1,national highways authority of india [nhai]
618525,0.09818079840676433,0.08784543497504123,0.03673193231225014,0,national highways authority of india [nhai]
618526,0.520271355360152,0.6900114327943259,0.8226422667503357,1,national highways authority of india [nhai]
618579,0.4492765837631761,0.42855625799708597,0.12037720531225204,1,national highways authority of india [nhai]
618629,0.47289578371381025,0.6842900827647982,0.7298051714897156,1,national highways authority of india [nhai]
618633,0.14865418905599267,0.06624926434798137,0.04381069540977478,0,national highways authority of india [nhai]
618682,0.4528583338532771,0.7015740011646148,0.7143850922584534,1,national highways authority of india [nhai]
618700,0.5166102853184952,0.7397561622149699,0.8799138069152832,1,national highways authority of india [nhai]
618712,0.47771121390368965,0.48991051482625847,0.12131143361330032,1,national highways authority of india [nhai]
618713,0.3705468014371881,0.41440894361141745,0.1436709314584732,1,national highways authority of india [nhai]
618714,0.4817635865881603,0.45172190021217296,0.30198755860328674,1,national highways authority of india [nhai]
618715,0.4473127133690937,0.4757937492759163,0.18109889328479767,1,national highways authority of india [nhai]
618716,0.48016713343254575,0.46526177126568535,0.19826769828796387,1,national highways authority of india [nhai]
618717,0.4927986486469533,0.5682893286804023,0.359042227268219,1,national highways authority of india [nhai]
618718,0.20984409844141738,0.2142082573108509,0.15050677955150604,1,national highways authority of india [nhai]
618719,0.4463218444323987,0.429917277352854,0.1524365395307541,1,national highways authority of india [nhai]
618720,0.43922473255535316,0.4393235237881044,0.21137341856956482,1,national highways authority of india [nhai]
618721,0.4573171214978918,0.45443599730492634,0.30305489897727966,1,national highways authority of india [nhai]
618759,0.7992061459674662,0.8630218021060152,0.9396122097969055,1,national highways authority of india [nhai]
618777,0.5128835715668708,0.7022638564913362,0.48882001638412476,1,national highways authority of india [nhai]
618778,0.5575647344388966,0.7600577999165239,0.8069964647293091,1,national highways authority of india [nhai]
618803,0.7776922531553518,0.8175589870007933,0.8294458985328674,1,national highways authority of india [nhai]
618804,0.5061446017647189,0.7024768020748016,0.7189114093780518,1,national highways authority of india [nhai]
618805,0.07245151896043474,0.07780138678723475,0.02009989693760872,0,national highways authority of india [nhai]
618806,0.766454411889694,0.8620178662921516,0.9748499393463135,1,national highways authority of india [nhai]
618807,0.7546533586252515,0.7818405144256597,0.8663015961647034,1,national highways authority of india [nhai]
618826,0.7695522316462219,0.875329013367867,0.8200657963752747,1,national highways authority of india [nhai]
618827,0.7250938983163037,0.8903217078213167,0.9251226782798767,1,national highways authority of india [nhai]
618920,0.2447216268458836,0.28271440334924863,0.26513025164604187,0,national highways authority of india [nhai]
619076,0.5232339094545889,0.6948970770376561,0.7002882957458496,1,national highways authority of india [nhai]
619102,0.14753511632133107,0.06551797374848425,0.041461031883955,0,national highways authority of india [nhai]
619111,0.4328841105937437,0.7183064554277749,0.6492241024971008,1,national highways authority of india [nhai]
619112,0.4077109342784579,0.4210340217739461,0.19552160799503326,0,national highways authority of india [nhai]
619123,0.4769849996797934,0.4769462190844852,0.18748578429222107,1,national highways authority of india [nhai]
619124,0.49736936390286673,0.5715038114766071,0.35082221031188965,1,national highways authority of india [nhai]
619125,0.3978321970965089,0.4174107646374067,0.1671237200498581,1,national highways authority of india [nhai]
619126,0.5668771728229208,0.7483462386430016,0.5564789772033691,1,national highways authority of india [nhai]
619140,0.41074806448822054,0.4174990383468039,0.19004912674427032,1,national highways authority of india [nhai]
619141,0.5065437966517651,0.5103400237351228,0.32471609115600586,0,national highways authority of india [nhai]
619160,0.6005802696788364,0.3764925254646892,0.047458574175834656,0,national highways authority of india [nhai]
617892,0.6522687977314096,0.7403905161087032,0.769378125667572,1,morth
618401,0.14857450574071396,0.06618460666361611,0.05087978392839432,0,nhidcl
618402,0.3355994714292355,0.2083992232166219,0.055576425045728683,0,nhidcl
618403,0.3216726186624872,0.15626955092275105,0.03785363584756851,0,nhidcl
618404,0.19514365215040622,0.03961841714301562,0.01590019091963768,0,nhidcl
618405,0.2635230236757241,0.06160726243435744,0.03527059406042099,0,nhidcl
618433,0.7426551631026773,0.5571427532229306,0.5044443607330322,0,nhidcl
618434,0.8586179842719086,0.7840014688022957,0.9425724148750305,1,nhidcl
618445,0.1668582645678952,0.07228812981415227,0.012155085802078247,0,nhidcl
619014,0.21529450382135568,0.0493108008710204,0.012255646288394928,0,nhidcl
617895,0.6363452616985994,0.5739483988643617,0.2216842919588089,0,morth
617896,0.494077684334202,0.4692139772217979,0.5328770875930786,0,morth
618034,0.7370388241455847,0.6073833753817806,0.8107563257217407,0,morth
618159,0.24085845589121208,0.2573943353275285,0.14909908175468445,0,morth
618160,0.1538766763918544,0.0799719839307566,0.041422732174396515,0,morth
618282,0.38748566419721503,0.5367722816572806,0.4439018666744232,0,nhidcl
618283,0.3697855223332983,0.6184625401388911,0.6989001035690308,0,nhidcl
618284,0.28168087985144163,0.2513150870147498,0.10681641101837158,0,nhidcl
618286,0.5771452524373528,0.5869565179895995,0.3283608555793762,0,nhidcl
618287,0.14387228652496442,0.1163228480309768,0.09866944700479507,0,nhidcl
618288,0.1544136554546835,0.05924909146819607,0.07947155833244324,0,nhidcl
618289,0.6448833321022684,0.5693579842195635,0.5410382151603699,0,nhidcl
618308,0.25294384704521616,0.16177083119240976,0.04662587121129036,0,nhidcl
618309,0.13482984606898216,0.059754862488815653,0.04725244268774986,0,nhidcl
618310,0.2148375118524175,0.12962526119674853,0.05477030575275421,0,nhidcl
618311,0.19410140881465868,0.13830474848350552,0.12553812563419342,0,nhidcl
618312,0.1205564272630889,0.04260835887106147,0.02897244691848755,0,nhidcl
618313,0.10835755687139734,0.061197025036105294,0.03933253884315491,0,nhidcl
618314,0.37034874452804745,0.5207431484521974,0.49256739020347595,1,nhidcl
618315,0.6331270831086141,0.806832954236281,0.9785891175270081,1,nhidcl
618326,0.6575044004817452,0.6818712352375954,0.6138509511947632,1,nhidcl
618331,0.1540241322332826,0.0681973237622569,0.04882382974028587,0,nhidcl
618340,0.7074628757386027,0.8489942975868264,0.9118897914886475,1,nhidcl
618351,0.8415018364429567,0.8681204431546402,0.9610908031463623,1,nhidcl
618352,0.7877182076546223,0.8308081392410945,0.8908889889717102,1,nhidcl
618353,0.7908986645964328,0.881495851079863,0.9688600301742554,1,nhidcl
618354,0.7978934037113832,0.8163821879146669,0.9421140551567078,1,nhidcl
618371,0.2682428048070512,0.31294026793794527,0.09236503392457962,0,nhidcl
618373,0.28151301423506586,0.17452907827838401,0.03283451125025749,0,nhidcl
618436,0.5881140631250121,0.3467583721374519,0.09450870752334595,0,nhidcl
618437,0.6618000228737952,0.3383579785669364,0.04035886377096176,0,nhidcl
618438,0.6602376303490678,0.3401332090840278,0.06071633845567703,0,nhidcl
618440,0.08776384607508114,0.3873442553211815,0.3308310806751251,1,nhidcl
618441,0.09546913501079134,0.39884037363488545,0.16211067140102386,1,nhidcl
618442,0.486743924227456,0.34022531116718324,0.10818028450012207,1,nhidcl
618454,0.6053284366235662,0.41592968273852887,0.25777122378349304,0,nhidcl
618455,0.6404315476006067,0.2780720838891786,0.06164233013987541,0,nhidcl
618934,0.09649096506694824,0.12291599897620903,0.058462582528591156,0,national highways authority of india [nhai]
618958,0.4498776054003139,0.39223697799230123,0.11536777764558792,0,national highways authority of india [nhai]
619013,0.25486220278555494,0.51165941673835,0.36344674229621887,1,nhidcl
619057,0.378018999926469,0.5365562308916111,0.41360363364219666,1,nhidcl
619060,0.30848977652764153,0.36000082379575404,0.11359913647174835,1,nhidcl
619089,0.7397642353495807,0.7541445047038472,0.764859676361084,1,nhai
617897,0.8836990337265972,0.9170009508405816,0.9783939719200134,1,morth
617958,0.7212582624921846,0.814803812285496,0.868825376033783,1,morth
617961,0.6457482602843623,0.6796237348511136,0.80794757604599,1,morth
617966,0.606383792631295,0.6373966854442288,0.7139014601707458,1,morth
617969,0.7314706050852355,0.7237163005533246,0.9532532691955566,1,morth
618004,0.3979076018796484,0.4359504711425221,0.1757989376783371,1,morth
618073,0.7272288950125259,0.6677627705891837,0.5994548201560974,1,morth
618074,0.8020490938989381,0.9135287500222242,0.9679872989654541,1,morth
618080,0.26400847317530535,0.5442366048014561,0.6247262358665466,1,morth
618120,0.19139504485840855,0.09875495938013223,0.06502880156040192,0,morth
618121,0.7334260720106052,0.8015701138427943,0.7992514967918396,1,morth
618126,0.38733928664029005,0.28174275524900017,0.1618814617395401,1,morth
618146,0.44619869908423754,0.5208905496469274,0.48396891355514526,0,morth
618228,0.6817652260817438,0.46181160879064065,0.24256174266338348,1,morth
618234,0.6915252006908609,0.5039854167041343,0.4273659884929657,0,morth
618246,0.3210433004268811,0.1112178559866495,0.019428379833698273,1,morth
618250,0.3082920072138748,0.1972914479178156,0.11300606280565262,0,morth
618251,0.19872663877219524,0.10452510842232271,0.0769958347082138,0,morth
618571,0.8901224729545414,0.800748005462209,0.941866934299469,1,national highways authority of india [nhai]
618725,0.4000631224972421,0.14755718973097706,0.16146430373191833,0,national highways authority of india [nhai]
618726,0.39097278275085884,0.1434676121430644,0.13352885842323303,0,national highways authority of india [nhai]
618727,0.4006988317544602,0.14451418861552356,0.14628341794013977,0,national highways authority of india [nhai]
618738,0.35461928024279193,0.2607565429624802,0.1624063104391098,0,national highways authority of india [nhai]
618739,0.9010409429833264,0.7400565915340341,0.9269492626190186,1,national highways authority of india [nhai]
618740,0.7306942313991412,0.46971168958912707,0.4517768919467926,1,national highways authority of india [nhai]
618741,0.635614646706116,0.606671472991203,0.6174617409706116,1,nhai
618742,0.4532813279863348,0.1727622029499162,0.23237133026123047,0,national highways authority of india [nhai]
618775,0.43027563627638615,0.18708232262739788,0.23583240807056427,0,national highways authority of india [nhai]
618790,0.7176864928113647,0.24646360931176314,0.17473633587360382,0,national highways authority of india [nhai]
618791,0.3445091294179798,0.12384891175604552,0.11100980639457703,0,national highways authority of india [nhai]
618840,0.7799741300661489,0.7430762123304829,0.8224974870681763,1,national highways authority of india [nhai]
618841,0.8473496951752036,0.7211616272106421,0.8258273601531982,1,national highways authority of india [nhai]
618861,0.8491131512543101,0.7639633059414801,0.8159295916557312,1,national highways authority of india [nhai]
618862,0.839013458999295,0.7849291019261925,0.8710711598396301,1,national highways authority of india [nhai]
618902,0.8035694141401096,0.5759564790734838,0.3914232850074768,0,national highways authority of india [nhai]
618903,0.7888378621557762,0.6472419814484823,0.6277559995651245,0,national highways authority of india [nhai]
618905,0.7589217530289559,0.6250748123009078,0.6686968803405762,1,national highways authority of india [nhai]
618914,0.5586836538043566,0.3877751453169578,0.30112987756729126,0,national highways authority of india [nhai]
618917,0.9408997270129595,0.90071856502077,0.9685242176055908,1,national highways authority of india [nhai]
618926,0.31493063577245606,0.3404315652270216,0.2867995500564575,0,national highways authority of india [nhai]
618953,0.7102381836858989,0.4533425094362229,0.4366776943206787,0,nhai
618954,0.2889506943596551,0.17150696202805413,0.19113458693027496,0,nhai
618955,0.663559713703093,0.6817446255378486,0.7539040446281433,1,nhai
618956,0.33267618656489617,0.19516755193343419,0.3561174273490906,1,nhai
619127,0.6243887093047744,0.5338059561999738,0.7006546854972839,1,nhai
619136,0.8333349847251937,0.7576971217861599,0.7144320607185364,1,national highways authority of india [nhai]
619152,0.7788385857433887,0.5332828437355251,0.39737197756767273,1,national highways authority of india [nhai]
619166,0.7652577084412137,0.8060668767896543,0.9376006722450256,1,nhai
619289,0.922278056057745,0.9276662700117678,0.9877641797065735,1,nhai
619301,0.660856320973244,0.6338139925896608,0.7793524861335754,1,nhai
619305,0.9357310148143053,0.9318185429159064,0.9844998121261597,1,nhai
619306,0.8029854993048869,0.8585204393686042,0.9546857476234436,1,nhai
619317,0.7620552192988238,0.6564595959712001,0.9155020713806152,1,nhai
617908,0.22467397991675514,0.17081221045453204,0.10395113378763199,0,morth
617919,0.6694619661185844,0.5363691007469479,0.4596189260482788,0,morth
617971,0.2632510303103457,0.18598837899748044,0.08259326219558716,0,morth
617972,0.997720576321619,0.7019366735755139,0.9574373960494995,0,morth
618014,0.44098494910015984,0.3984737343003516,0.17171964049339294,0,morth
618015,0.6392053153114766,0.6990411153394476,0.671594500541687,0,morth
618016,0.21114259241769087,0.1975592542119409,0.05241769924759865,0,morth
618017,0.6509693049043791,0.7123557539565407,0.5948703289031982,0,morth
618018,0.6962158835231058,0.6589450503259668,0.6640843152999878,0,morth
618589,0.9835199536162322,0.8857146829447224,0.9674526453018188,1,national highways authority of india [nhai]
618590,0.38248638939996893,0.4579687470152831,0.21645374596118927,1,national highways authority of india [nhai]
618639,0.4173787191061668,0.7471143401870703,0.7427806258201599,1,national highways authority of india [nhai]
618640,0.30832590619838074,0.6701600847177367,0.488899827003479,0,national highways authority of india [nhai]
618673,0.36279958503725923,0.4724347052397948,0.06479933857917786,1,national highways authority of india [nhai]
618674,0.42076061017226535,0.718317692372872,0.6843915581703186,1,national highways authority of india [nhai]
618675,0.33098008699818227,0.3805701595661434,0.09499628096818924,0,national highways authority of india [nhai]
618957,0.4078396244971658,0.7262856998317485,0.7053152322769165,1,national highways authority of india [nhai]
619103,0.32453181999116004,0.48142692460230463,0.224529430270195,1,national highways authority of india [nhai]
619167,0.4577678409395178,0.7004165168822952,0.550511360168457,1,national highways authority of india [nhai]
619183,0.3656214535181352,0.5039176789164038,0.2134651392698288,1,morth
618509,0.6059396468567531,0.4731827386442842,0.1709572672843933,1,national highways authority of india [nhai]
619090,0.5838557296121408,0.4349282873279013,0.17372892796993256,1,national highways authority of india [nhai]
619202,0.6361775827868167,0.6214358174385739,0.5401357412338257,1,national highways authority of india [nhai]
617941,0.13283704617424522,0.08059539967626803,0.018295640125870705,0,morth
617942,0.4583417549944146,0.6300400130504666,0.43320581316947937,0,morth
618609,0.3027269530082552,0.338811218249046,0.10955383628606796,0,national highways authority of india [nhai]
617906,0.2411218754445036,0.27079457797398393,0.09480214864015579,0,morth
617916,0.1545420843758364,0.08450079577483235,0.04611973837018013,0,morth
617926,0.17011150095839833,0.09393181994628744,0.033095765858888626,0,morth
617927,0.1637445384859369,0.08581964424360995,0.03762106969952583,0,morth
617928,0.5689536666053622,0.7137984632374379,0.8638725280761719,1,morth
617976,0.5632070999459386,0.7746282387285048,0.959604799747467,1,morth
618022,0.5651411320143506,0.6775399443524402,0.5117990374565125,0,morth
618107,0.12428442676649472,0.11434633180088997,0.09302203357219696,0,morth
618108,0.9981277236176104,0.8677398980236695,0.9830833673477173,1,morth
618459,0.974504765623266,0.8805709829206512,0.9881036877632141,1,national highways authority of india [nhai]
618462,0.5513553622014712,0.46302242359868023,0.24909663200378418,1,national highways authority of india [nhai]
618463,0.6662785026204339,0.6993642628520134,0.7552782893180847,1,national highways authority of india [nhai]
618467,0.9952928601448559,0.7544703465784158,0.9165951013565063,1,national highways authority of india [nhai]
618503,0.5332558734505122,0.4565520167083526,0.19004948437213898,1,national highways authority of india [nhai]
618504,0.6122334036879262,0.6972000764119985,0.7149337530136108,1,national highways authority of india [nhai]
618507,0.7552390937488658,0.7242803724255938,0.7190988659858704,1,national highways authority of india [nhai]
618508,0.2671880282415153,0.17700752963973165,0.051424767822027206,1,national highways authority of india [nhai]
618564,0.5183590324947387,0.5207092213513732,0.5083107948303223,1,national highways authority of india [nhai]
618615,0.5375115343492091,0.6000722989336863,0.2672264575958252,1,national highways authority of india [nhai]
618616,0.26025262982116387,0.24471187280657605,0.22811535000801086,0,national highways authority of india [nhai]
618787,0.5900180290864991,0.6751150513734235,0.2527271807193756,1,national highways authority of india [nhai]
618901,0.6280251061416349,0.724320004290262,0.759120762348175,1,national highways authority of india [nhai]
618930,0.15143806319638184,0.08329908368023302,0.057178378105163574,0,national highways authority of india [nhai]
618931,0.13101677918552443,0.08923719032425785,0.024569332599639893,0,national highways authority of india [nhai]
619087,0.5429175880634252,0.49718526865477797,0.41590526700019836,0,national highways authority of india [nhai]
619145,0.6763094103711014,0.31971933841524613,0.059093866497278214,0,national highways authority of india [nhai]
619197,0.6520719062015998,0.7655999623343454,0.824553906917572,1,national highways authority of india [nhai]
618482,0.6332512759162804,0.5114712386047521,0.1855841726064682,1,national highways authority of india [nhai]
618483,0.6256828763009827,0.533052687183275,0.29999786615371704,1,national highways authority of india [nhai]
618506,0.2727207959269579,0.12529840310968926,0.0340413898229599,0,national highways authority of india [nhai]
618580,0.682393349324453,0.7005009309464104,0.6164296865463257,1,national highways authority of india [nhai]
618788,0.9262587782552285,0.8899222062575983,0.9543660283088684,1,national highways authority of india [nhai]
618792,0.6686302538553467,0.7196564148761191,0.49896952509880066,1,national highways authority of india [nhai]
618936,0.5188076883925857,0.5451477204155787,0.5371939539909363,0,national highways authority of india [nhai]
619080,0.697110984414434,0.6795596010122812,0.5344293713569641,0,national highways authority of india [nhai]
619092,0.6066878668740813,0.4711268570292224,0.09755560755729675,1,national highways authority of india [nhai]
619132,0.7479109648573189,0.8072651176899223,0.8417285680770874,0,national highways authority of india [nhai]
619201,0.6666126594036793,0.670193164376047,0.4351227581501007,0,national highways authority of india [nhai]
618215,0.290220185059337,0.17880866281643454,0.05066532641649246,0,morth
618216,0.38642362004976877,0.5471947350405177,0.6204223036766052,0,morth
618217,0.4659589383323615,0.44950355568556766,0.1964833289384842,0,morth
618230,0.7499682042256247,0.56302118660394,0.47423332929611206,0,morth
618231,0.912807898335262,0.8889405854258752,0.9155858755111694,1,morth
618232,0.5740602813991761,0.603567047245023,0.5833843946456909,0,morth
618253,0.28908366372222566,0.12913802018509898,0.09323073923587799,0,morth
618850,0.5701073073659297,0.4267097498554107,0.17662091553211212,1,national highways authority of india [nhai]
618851,0.667021008788569,0.6614317988796288,0.4848799705505371,1,national highways authority of india [nhai]
618852,0.5737854234202014,0.44112669985151565,0.1311987340450287,1,national highways authority of india [nhai]
618878,0.6848379060748768,0.7242208471703796,0.5532653331756592,1,national highways authority of india [nhai]
618879,0.3632149923777327,0.3841889935357792,0.17034216225147247,0,national highways authority of india [nhai]
618880,0.5387370272963011,0.3913161848974319,0.09127978980541229,0,national highways authority of india [nhai]
618881,0.21852249104498317,0.11931850817512196,0.07301720231771469,0,national highways authority of india [nhai]
618888,0.7615333219376436,0.8316812312155021,0.8793753981590271,1,national highways authority of india [nhai]
618889,0.6712884563669199,0.7566528965961805,0.6851228475570679,1,national highways authority of india [nhai]
618890,0.7425086484884617,0.7472835808903043,0.7350543737411499,1,national highways authority of india [nhai]
618891,0.24342412508573286,0.1759459727866588,0.10841226577758789,0,national highways authority of india [nhai]
618921,0.2881976497763245,0.3587773671976089,0.04894966259598732,0,national highways authority of india [nhai]
618922,0.3243240356133007,0.24712694269421437,0.026345547288656235,0,national highways authority of india [nhai]
619003,0.5828888011475301,0.4934911134412143,0.17829835414886475,0,national highways authority of india [nhai]
619153,0.7231473471482797,0.7126769965932968,0.42470040917396545,1,national highways authority of india [nhai]
618038,0.12012768089190255,0.10672134350753852,0.049228597432374954,0,morth
618201,0.35270470444653645,0.344912163522601,0.1657409518957138,1,morth
618202,0.5167820635448682,0.4797182111694547,0.6815552115440369,1,morth
618203,0.748777962728949,0.6609684234158947,0.936019241809845,1,morth
618204,0.9024834471246893,0.8597410616246012,0.9384893178939819,1,morth
618205,0.7052531794714298,0.8809738747525233,0.8237782716751099,1,morth
618206,0.2357901634745161,0.13111802344715584,0.10408686846494675,0,morth
618221,0.776362901593384,0.6348823879071326,0.8352029323577881,1,morth
618222,0.7180058096515098,0.8103188721714482,0.7630504369735718,1,morth
618223,0.8709941762768809,0.8697938512825704,0.9572404026985168,1,morth
618224,0.8387157893975258,0.8757265615178619,0.9375954270362854,1,morth
618225,0.7395275413528839,0.9120711839450802,0.9607941508293152,1,morth
618226,0.6607532700147605,0.7595599007759372,0.8595989942550659,1,morth
618394,0.6721967125162586,0.596565239698808,0.5324861407279968,0,nhidcl
618395,0.7205648711241873,0.7393190229304273,0.8444346785545349,0,nhidcl
618397,0.1372440109324906,0.3194607676162903,0.16676701605319977,1,nhidcl
618398,0.7442288390220905,0.588660866522807,0.7115368247032166,1,nhidcl
618399,0.5745505122138689,0.530219753665833,0.30065691471099854,0,nhidcl
618400,0.7627526655951236,0.39701766643482517,0.3249461352825165,0,nhidcl
618406,0.1478969341905419,0.34201314299786595,0.1633160412311554,1,nhidcl
618407,0.933311121767216,0.8469524780502021,0.8850706219673157,1,nhidcl
618494,0.720661769610243,0.4883703515889436,0.20873068273067474,0,national highways authority of india [nhai]
618495,0.6425380418626317,0.42640301467338,0.18916478753089905,1,national highways authority of india [nhai]
618496,0.7340492808239447,0.714935257107354,0.5430088639259338,0,national highways authority of india [nhai]
618497,0.6158320774038054,0.43530146593741437,0.10690075904130936,1,national highways authority of india [nhai]
618541,0.7924096218705344,0.8551194224202381,0.9459261298179626,1,national highways authority of india [nhai]
618543,0.47766141634214326,0.4484815480268712,0.22148869931697845,0,national highways authority of india [nhai]
618544,0.7392965991091578,0.7040527208803751,0.7797499895095825,1,national highways authority of india [nhai]
618545,0.5494049597735239,0.4310528609553351,0.2059956043958664,0,national highways authority of india [nhai]
618547,0.4142834454465858,0.41118256036034573,0.24324975907802582,1,national highways authority of india [nhai]
618549,0.6820400041579974,0.5135732290959819,0.18349109590053558,0,national highways authority of india [nhai]
618550,0.7413924511997603,0.6963564132940766,0.6243452429771423,1,national highways authority of india [nhai]
618967,0.605619647833601,0.5764064918066608,0.33565348386764526,1,national highways authority of india [nhai]
619038,0.785618302858147,0.5023428521285973,0.3710974156856537,0,nhidcl
618060,0.6346565563414244,0.558019810690897,0.48145371675491333,1,morth
618083,0.8829696908281199,0.6837628468097577,0.6720865368843079,0,morth
618084,0.612937836749694,0.5628062413796119,0.6002342104911804,1,morth
618127,0.1737577357247803,0.23876849230850594,0.10744044929742813,0,morth
618242,0.9838305145195756,0.8290409612735207,0.9419775009155273,1,morth
618535,0.12170367457696209,0.11870582588557528,0.11987223476171494,0,national highways authority of india [nhai]
618641,0.09862608972769446,0.05856542073091736,0.030285315588116646,0,national highways authority of india [nhai]
618642,0.5966732516333043,0.7544452945768532,0.8514848351478577,1,national highways authority of india [nhai]
618644,0.671196311942396,0.8531494278360349,0.9232145547866821,1,national highways authority of india [nhai]
618645,0.9721578931001836,0.9165912255781624,0.9652648568153381,1,national highways authority of india [nhai]
618736,0.25427694572102494,0.13638599717576871,0.05865345522761345,0,national highways authority of india [nhai]
618737,0.09754188505370118,0.1803721159116694,0.03843701630830765,0,national highways authority of india [nhai]
618830,0.8479795399668199,0.8822100842761568,0.9715718626976013,1,national highways authority of india [nhai]
618831,0.2797302565327489,0.34688973935056583,0.2504023313522339,0,national highways authority of india [nhai]
618832,0.10665334117466051,0.037043132096662816,0.018598344177007675,0,national highways authority of india [nhai]
618863,0.5939063179086439,0.7168175698127599,0.6945580840110779,1,national highways authority of india [nhai]
618947,0.6047528784093086,0.7115180806323587,0.6281759738922119,1,national highways authority of india [nhai]
618949,0.6884992065938017,0.8508941198644012,0.899997353553772,1,national highways authority of india [nhai]
618950,0.1078268516776039,0.054656927757321706,0.023764608427882195,0,national highways authority of india [nhai]
619005,0.18444324008427299,0.4180701970323738,0.41426199674606323,1,morth
617935,0.7824783902169898,0.6365924772079432,0.7084407210350037,0,morth
617950,0.44313239142189154,0.2947473222990748,0.2464318722486496,0,morth
617951,0.42083237974866994,0.2513150309774044,0.1475532054901123,0,morth
617955,0.7671159783834445,0.5577884609269743,0.2512255609035492,0,morth
617989,0.6708278367900073,0.504112711152871,0.44788894057273865,1,morth
617998,0.7546088239821865,0.5352856415969617,0.5263621807098389,1,morth
617999,0.6757771009177962,0.7567634160705318,0.8777379989624023,1,morth
618000,0.7873243545551972,0.5096299877811157,0.5879457592964172,1,morth
618027,0.6102961648158282,0.564516769484201,0.7913775444030762,1,morth
618028,0.32158658025688225,0.21991581054483922,0.1480577141046524,0,morth
618029,0.7327285415059344,0.57916224981559,0.3903246819972992,1,morth
618031,0.8571299561430289,0.8059898610123487,0.8540941476821899,0,morth
618086,0.456231062929607,0.35105334762478435,0.24038070440292358,0,morth
618087,0.8908603237177043,0.9072748662592987,0.9556946754455566,1,morth
618095,0.43164843540377784,0.5469732344462561,0.7373529672622681,1,morth
618109,0.9919487949491703,0.934143270972882,0.9702517986297607,1,morth
618147,0.9304746992929336,0.8122417553513874,0.877753734588623,0,morth
618149,0.4851095328729652,0.42599178329422416,0.5606954097747803,0,morth
618184,0.6468044063960123,0.5712738327577896,0.42696413397789,0,morth
618185,0.27213791430514905,0.22083080304376762,0.11287843436002731,0,morth
618189,0.25159638610596896,0.167560165738144,0.13270065188407898,0,morth
618517,0.606583413932197,0.5538109139075919,0.46602296829223633,1,national highways authority of india [nhai]
618518,0.5756683710580816,0.596972721556472,0.1538853496313095,1,national highways authority of india [nhai]
618520,0.6170876399840024,0.6856690416611628,0.511751115322113,1,national highways authority of india [nhai]
618630,0.6473655142218966,0.5763155351303795,0.4796416461467743,0,national highways authority of india [nhai]
618649,0.3171819053490622,0.24770840880569586,0.061518099159002304,0,national highways authority of india [nhai]
618650,0.21445836578938937,0.17586804622145394,0.06535667181015015,1,national highways authority of india [nhai]
618651,0.3088649079753956,0.1959874930196696,0.09728983789682388,0,national highways authority of india [nhai]
618697,0.26485098651163214,0.30574201337653506,0.12032032757997513,1,national highways authority of india [nhai]
618702,0.7710012763946444,0.7643595330576847,0.8710827827453613,1,national highways authority of india [nhai]
618706,0.6326741652071989,0.6634732771058056,0.3687039613723755,1,national highways authority of india [nhai]
618707,0.13308139500811134,0.04677071065080679,0.016998013481497765,1,national highways authority of india [nhai]
618709,0.5466073063255161,0.4807173445898919,0.11653219163417816,0,national highways authority of india [nhai]
618799,0.6365402450917934,0.612599076393317,0.36044594645500183,1,national highways authority of india [nhai]
618870,0.2653725879968286,0.1726569075384016,0.04486420750617981,1,national highways authority of india [nhai]
618871,0.16382745977428317,0.07643817508400082,0.024248842149972916,1,national highways authority of india [nhai]
618872,0.22594722530680295,0.18402931013974755,0.0923304632306099,1,national highways authority of india [nhai]
618873,0.2157785959793328,0.18517592624257226,0.09913471341133118,1,national highways authority of india [nhai]
618887,0.5856524553743244,0.4417795728565937,0.1044471263885498,0,national highways authority of india [nhai]
618896,0.5568723197432592,0.43159505803128373,0.0727112889289856,0,national highways authority of india [nhai]
619071,0.571233985432238,0.4194501405642354,0.19040068984031677,0,national highways authority of india [nhai]
619072,0.6444872230758073,0.7607215389909057,0.6821936368942261,1,national highways authority of india [nhai]
619073,0.6151690860446833,0.6891533843811891,0.5635052919387817,1,national highways authority of india [nhai]
619096,0.5501850672375139,0.6999056427597458,0.7520372271537781,1,national highways authority of india [nhai]
619106,0.2760589495848067,0.25147000544028,0.07923279702663422,1,national highways authority of india [nhai]
619107,0.17867731270514664,0.1549843180590444,0.06489202380180359,1,national highways authority of india [nhai]
619108,0.2686659506441386,0.18493115812972163,0.10654463618993759,0,national highways authority of india [nhai]
619117,0.6189653203428734,0.7132869777288801,0.8895976543426514,1,national highways authority of india [nhai]
619120,0.6139422274456405,0.6645800076715115,0.49398788809776306,1,national highways authority of india [nhai]
619138,0.35732648426053354,0.349732840935583,0.10266824811697006,1,national highways authority of india [nhai]
619150,0.5913320221353748,0.6476765241036196,0.3635447025299072,1,national highways authority of india [nhai]
619164,0.5278625032732738,0.42780966616925653,0.13465043902397156,0,national highways authority of india [nhai]
619211,0.7122991110637665,0.7228377501245217,0.5637969970703125,1,national highways authority of india [nhai]
619214,0.8007816033314815,0.7480931203448077,0.5704290270805359,1,national highways authority of india [nhai]
619218,0.5961129054555929,0.4404142777841146,0.10452038794755936,1,national highways authority of india [nhai]
619219,0.5889975427378858,0.36723450547627606,0.01788787543773651,0,national highways authority of india [nhai]
619220,0.5945086463686793,0.4393812208865711,0.056619126349687576,0,national highways authority of india [nhai]
618070,0.775449351610884,0.5209368219227816,0.48326873779296875,1,morth
618595,0.6066966469014714,0.4821483256079763,0.06691568344831467,0,national highways authority of india [nhai]
618596,0.5643199859988652,0.48265416668786143,0.07823649048805237,1,national highways authority of india [nhai]
618597,0.5524878664498074,0.41047720251328124,0.09783661365509033,1,national highways authority of india [nhai]
618598,0.5861593796023833,0.41708804900928925,0.17204724252223969,1,national highways authority of india [nhai]
618599,0.6613483374909486,0.6619129796319317,0.2392798513174057,1,national highways authority of india [nhai]
618600,0.6499060063959307,0.7283297738774321,0.6196118593215942,1,national highways authority of india [nhai]
618601,0.7778286772198699,0.8238127415937226,0.8468839526176453,1,national highways authority of india [nhai]
618602,0.8183105365629549,0.8317818354094512,0.8412230610847473,1,national highways authority of india [nhai]
618603,0.648107284542484,0.4870799894778602,0.30644088983535767,1,national highways authority of india [nhai]
618604,0.6274544935017344,0.5178092889039251,0.3654502332210541,0,national highways authority of india [nhai]
618605,0.6071962754444294,0.5367474994282486,0.48524224758148193,1,national highways authority of india [nhai]
618606,0.5943009994095603,0.48099660559700763,0.20766562223434448,0,national highways authority of india [nhai]
618607,0.6018640957162618,0.486793130875225,0.1465959995985031,0,national highways authority of india [nhai]
618708,0.9995117625959127,0.8251276497659634,0.9384435415267944,1,national highways authority of india [nhai]
619098,0.6521219275254829,0.6816585378903883,0.6877021789550781,1,national highways authority of india [nhai]
619206,0.6117734618844229,0.48393920494492376,0.13499294221401215,0,national highways authority of india [nhai]
619207,0.8562012222278135,0.8566518345869305,0.8749819993972778,1,national highways authority of india [nhai]
619208,0.6432404880044202,0.4914982956888016,0.4207921624183655,1,national highways authority of india [nhai]
618408,0.6416900052149548,0.7429097091916465,0.9446352124214172,1,nhidcl
618409,0.7005035159444689,0.8234618330488892,0.9763736724853516,1,nhidcl
618410,0.6028758335864821,0.671447356745723,0.856747031211853,0,nhidcl
617909,0.33180141181883793,0.15105134359422454,0.059196505695581436,0,morth
617911,0.6113745230551381,0.6308952692812402,0.7803575396537781,1,morth
617914,0.5511119557606028,0.6509552544093508,0.5979963541030884,0,morth
618019,0.8159281791322696,0.9066110907037299,0.9650641679763794,1,morth
618020,0.958464193128804,0.9182762225331266,0.949235200881958,1,morth
618021,0.24246047831633422,0.12893316800893642,0.07594343274831772,0,morth
618035,0.510160674926709,0.6285522945232246,0.6819176077842712,0,morth
618036,0.4415062917296164,0.3308258259967203,0.21450865268707275,1,morth
618043,0.42837030342391147,0.6286246355292594,0.7059981822967529,1,morth
618044,0.2683363828362994,0.10295516922469228,0.07820374518632889,0,morth
618068,0.6768533990303389,0.7126115877369391,0.6557140350341797,0,morth
618085,0.890308911388649,0.9187225104007121,0.9872044324874878,1,morth
618129,0.3359844797896597,0.2753633338809516,0.06604821979999542,0,morth
618156,0.4048342922691512,0.4480340180501781,0.3138151466846466,0,morth
618157,0.5014610047908342,0.6123367804326754,0.5647094249725342,0,morth
618158,0.40579520964691385,0.3314339833482027,0.1493094563484192,0,morth
618170,0.7017320004990388,0.676891232735731,0.5759987235069275,0,morth
618171,0.7843771818770146,0.6588401565789104,0.36003661155700684,1,morth
618619,0.10477169705355349,0.0828617409517603,0.03411051630973816,0,national highways authority of india [nhai]
618620,0.5281726112145672,0.44018568845839334,0.13189081847667694,1,national highways authority of india [nhai]
618621,0.6049872401429911,0.7089305154324955,0.47271236777305603,0,national highways authority of india [nhai]
618622,0.6359492787534575,0.7554949606281188,0.8428037166595459,1,national highways authority of india [nhai]
618623,0.7026979482330652,0.8556862335961583,0.9149472713470459,1,national highways authority of india [nhai]
618654,0.6727893675649941,0.7116293463071457,0.4389401078224182,1,national highways authority of india [nhai]
618655,0.36241687880931694,0.50346940532002,0.30810296535491943,0,national highways authority of india [nhai]
618661,0.1459037959411406,0.05889645008916774,0.036162663251161575,0,national highways authority of india [nhai]
618662,0.20699966465848846,0.055143259255119356,0.0308509673923254,0,national highways authority of india [nhai]
618663,0.9461832105854325,0.9205582086964051,0.9664155840873718,1,national highways authority of india [nhai]
618664,0.7172071932486999,0.828287513673193,0.862662672996521,1,national highways authority of india [nhai]
618666,0.37635134602874853,0.596245166783576,0.5596532821655273,0,national highways authority of india [nhai]
618667,0.5389379534433052,0.47633816606822343,0.7925950288772583,1,national highways authority of india [nhai]
618671,0.13039034444600647,0.08962153300509708,0.0460161492228508,0,national highways authority of india [nhai]
618672,0.16766509412863662,0.10265089139857629,0.08304587751626968,0,national highways authority of india [nhai]
618684,0.6114349695020398,0.7082946056456003,0.6541991829872131,1,national highways authority of india [nhai]
618685,0.977239019059485,0.8859175636705112,0.9847248196601868,1,national highways authority of india [nhai]
618686,0.8558375655518572,0.8762256964779283,0.9761892557144165,1,national highways authority of india [nhai]
618687,0.8842535122773149,0.8754260352339309,0.9299094676971436,1,national highways authority of india [nhai]
618688,0.17401790388471822,0.09721715084694116,0.0646105632185936,0,national highways authority of india [nhai]
618694,0.6898903227687331,0.821568382042842,0.8499536514282227,1,national highways authority of india [nhai]
618735,0.6081184521935971,0.7545347615503925,0.6480350494384766,1,national highways authority of india [nhai]
618751,0.5448785563532429,0.39550137222230997,0.08959385752677917,1,national highways authority of india [nhai]
618762,0.5115254061818677,0.42739043226333756,0.11625652015209198,1,national highways authority of india [nhai]
618784,0.37008317319743317,0.5614809563897744,0.41754284501075745,1,nhai
618932,0.14064650563778497,0.13780327585490276,0.07404882460832596,0,national highways authority of india [nhai]
618933,0.10075269496590829,0.050847647876259276,0.033317990601062775,0,national highways authority of india [nhai]
618962,0.24991980222072935,0.25055298977059176,0.17960624396800995,1,national highways authority of india [nhai]
618963,0.26293496043619946,0.12492278168269891,0.046145662665367126,0,national highways authority of india [nhai]
618964,0.11749653059534841,0.058029157861939844,0.03419692814350128,0,national highways authority of india [nhai]
618966,0.17697656014481128,0.08603534024994541,0.07097765058279037,0,national highways authority of india [nhai]
619007,0.16367150199118993,0.10366738481241099,0.036494627594947815,0,morth
619100,0.5551384295926597,0.6517581899613496,0.3967919945716858,1,national highways authority of india [nhai]
619114,0.5785661867561833,0.4278050983104324,0.26493605971336365,1,national highways authority of india [nhai]
617912,0.19392061051935844,0.10263407098324889,0.05892357975244522,0,morth
617932,0.9398310638014513,0.9067333841321009,0.986573338508606,1,morth
617934,0.6259075391042617,0.703923431977839,0.8092554211616516,1,morth
617937,0.26107993378117567,0.12266851595543325,0.06761059910058975,0,morth
617938,0.29794386082735375,0.23806464422580675,0.14031797647476196,0,morth
617945,0.28999586511518394,0.12835478643233175,0.025316771119832993,0,morth
617946,0.721904931733714,0.5483486055238396,0.512958288192749,0,morth
617947,0.6411534913518362,0.5000172695052109,0.3735150098800659,0,morth
617948,0.6882288447606573,0.4685182236475543,0.2673642337322235,0,morth
617965,0.8724588257004982,0.8813016422210289,0.9840090274810791,1,morth
617978,0.31079388216633297,0.17561405781715955,0.034128665924072266,0,morth
617979,0.5506282996261282,0.39876201509581294,0.47530561685562134,0,morth
618042,0.5297343976093055,0.5722325170299079,0.48106446862220764,1,morth
618047,0.3101641931587834,0.18382775828418288,0.09032629430294037,0,morth
618049,0.33882230813423675,0.5605225960024831,0.6199319362640381,1,morth
618059,0.9674216147776415,0.8214445496308126,0.9631633758544922,1,morth
618061,0.49416719579549057,0.527806440488953,0.40269333124160767,0,morth
618065,0.9200312825869162,0.786213042183197,0.8982008695602417,1,morth
618088,0.3851310954826075,0.2961869590123393,0.21171510219573975,0,morth
618089,0.9545243233778571,0.8990243611313475,0.9812209606170654,1,morth
618094,0.6408236076110633,0.48028199220612533,0.17455443739891052,0,morth
618096,0.5812437333233301,0.7915212704246055,0.977728545665741,1,morth
618097,0.6633851339011547,0.5303679323244885,0.3562518358230591,0,morth
618098,0.725812956306791,0.5953482461325996,0.8105970621109009,1,morth
618133,0.9989060210444501,0.8964273459100588,0.9860201478004456,1,morth
618134,0.44355466388314035,0.5096819367213297,0.44557949900627136,0,morth
618137,0.28540500773733746,0.1301676065838447,0.05210139602422714,0,morth
618138,0.41464164507815293,0.3101233214688607,0.16185280680656433,0,morth
618139,0.5508367373123086,0.4804405917275638,0.42803868651390076,0,morth
618150,0.2635775251252465,0.2404984407444844,0.15873607993125916,0,morth
618152,0.6864906342616967,0.5342375246838834,0.3786027133464813,1,morth
618153,0.7020749756751249,0.5209882964196568,0.4049243927001953,1,morth
618154,0.9364766657015535,0.8801061053855647,0.9838452339172363,0,morth
618155,0.6063154033197636,0.6920855420774391,0.8577202558517456,1,morth
618172,0.95824634048991,0.7948589135685782,0.9328882098197937,1,morth
618173,0.6284706468466806,0.5261113773584557,0.3987892270088196,1,morth
618174,0.30257887588814153,0.38660201626655116,0.10624094307422638,0,morth
618176,0.19011908461099172,0.10161262405027952,0.029879124835133553,0,morth
618177,0.6826997666133531,0.5156896573482826,0.4932706356048584,0,morth
618178,0.9875517502021633,0.7782626003257476,0.9831539988517761,1,morth
618180,0.6414599583159177,0.5219515419456784,0.4064318835735321,1,morth
618188,0.6461193009735505,0.6748988876353533,0.6386225819587708,1,morth
618198,0.725592840624314,0.758126156567946,0.9205986261367798,1,morth
618199,0.8066478218089287,0.6754943252398169,0.9144317507743835,1,morth
618469,0.6962391201278136,0.786544790451548,0.6259653568267822,1,national highways authority of india [nhai]
618470,0.9325865645764488,0.9178155508775236,0.9713910818099976,1,national highways authority of india [nhai]
618471,0.7482194790844995,0.8619828771304344,0.8778406977653503,1,national highways authority of india [nhai]
618472,0.7659691356452535,0.8531495066238926,0.8798508644104004,1,national highways authority of india [nhai]
618473,0.82608367683254,0.8766357810012388,0.9045695662498474,1,national highways authority of india [nhai]
618511,0.23760644922536955,0.3103326024524622,0.18461084365844727,0,national highways authority of india [nhai]
618512,0.6175242546236546,0.664002587021765,0.5435603260993958,1,national highways authority of india [nhai]
618513,0.5494367083603477,0.460334725399258,0.3128758370876312,0,national highways authority of india [nhai]
618514,0.5979929819753752,0.5328979440541114,0.47605764865875244,0,national highways authority of india [nhai]
618557,0.5685288024507156,0.7930393716305467,0.9362162351608276,1,national highways authority of india [nhai]
618585,0.23321069731608368,0.18009085125961796,0.051497701555490494,0,national highways authority of india [nhai]
618586,0.7052368356152245,0.6597261482961378,0.853901743888855,1,national highways authority of india [nhai]
618588,0.5693769154738028,0.5712213254126893,0.182094007730484,1,national highways authority of india [nhai]
618594,0.6792525291424789,0.6641096072307332,0.6895568370819092,1,national highways authority of india [nhai]
618626,0.35128011175134616,0.2640761983268123,0.088813416659832,0,national highways authority of india [nhai]
618627,0.316843144755949,0.19409095673143498,0.08807634562253952,0,national highways authority of india [nhai]
618628,0.7961065446952845,0.7518609325572073,0.7060561776161194,1,national highways authority of india [nhai]
618653,0.5712048814546498,0.46433976331899407,0.04878377914428711,0,national highways authority of india [nhai]
618693,0.6216591637053022,0.7723970385895784,0.7178485989570618,1,national highways authority of india [nhai]
618754,0.23509276995838033,0.11261091406205136,0.05007345974445343,0,national highways authority of india [nhai]
618766,0.2635395804886257,0.1656603794024603,0.07412941008806229,0,nhai
618836,0.5978124809455917,0.5216474640707213,0.27006715536117554,0,national highways authority of india [nhai]
618837,0.5754239133322414,0.48767463812714446,0.2414742261171341,0,national highways authority of india [nhai]
618937,0.6120086543699451,0.61202429163403,0.4031786024570465,1,national highways authority of india [nhai]
618939,0.21167674473259562,0.12489815273005732,0.06325513869524002,0,national highways authority of india [nhai]
619008,0.9828861687702272,0.4479726196392868,0.7889394760131836,0,morth
619042,0.6997369169964601,0.5634048002936063,0.5772895812988281,0,morth
619069,0.5834175126948775,0.6805292818778729,0.5647546648979187,1,national highways authority of india [nhai]
619095,0.8096377524139189,0.79522526481075,0.6677796840667725,1,national highways authority of india [nhai]
619149,0.6260202180662117,0.5787688292508115,0.1739238202571869,0,national highways authority of india [nhai]
619163,0.7721957947711273,0.8176423890092888,0.8926671147346497,1,national highways authority of india [nhai]
619198,0.6402716195018032,0.7369545106832404,0.6224859356880188,1,national highways authority of india [nhai]
619203,0.9784150915975979,0.8186978327360879,0.9501591324806213,1,national highways authority of india [nhai]
619210,0.6777828118834559,0.7135731639742774,0.718300998210907,1,national highways authority of india [nhai]
618298,0.7583571192401094,0.7228953609332255,0.9462406635284424,1,nhidcl
618299,0.8949284613566876,0.7571275421212132,0.9421393275260925,1,nhidcl
618300,0.6887982358722408,0.6785825594919439,0.791248619556427,0,nhidcl
618301,0.5849968496811444,0.5605033321541456,0.43625369668006897,1,nhidcl
618302,0.6746244660444541,0.6899773467056362,0.8291003108024597,1,nhidcl
618303,0.7143991440219288,0.6280847533970075,0.8325679898262024,1,nhidcl
618304,0.6271936814660642,0.6160660647933196,0.4310755729675293,1,nhidcl
618305,0.34771845739892404,0.23269251778896183,0.061469536274671555,1,nhidcl
618306,0.3788691548870398,0.2390666317841948,0.035333145409822464,1,nhidcl
618333,0.8212737035100903,0.8495854865153327,0.9028499126434326,1,nhidcl
618334,0.8263346971452462,0.8462002422030056,0.8594112396240234,1,nhidcl
618335,0.7974193634552103,0.8257191113058094,0.9332332611083984,1,nhidcl
618336,0.7829059699994361,0.8650528272704214,0.9552743434906006,1,nhidcl
618337,0.7280793516796523,0.5389064875236473,0.6628007292747498,0,nhidcl
618338,0.9877276757643397,0.8211641572094492,0.951252281665802,1,nhidcl
618344,0.681640623444047,0.5725904424702882,0.4917445778846741,0,nhidcl
618345,0.9461823735393923,0.8513272465047282,0.9754903316497803,1,nhidcl
618346,0.7474434248980637,0.6107868695442802,0.6806880235671997,1,nhidcl
618347,0.7491013024022236,0.6102230340741948,0.6538718342781067,1,nhidcl
618348,0.3633405813739629,0.36708342255381127,0.18442592024803162,0,nhidcl
618349,0.700858948055107,0.5549415204616325,0.6501985192298889,0,nhidcl
618355,0.7724759777276671,0.6259738627791545,0.7623236775398254,0,nhidcl
618356,0.7748858941315202,0.4728287331155838,0.3147798180580139,0,nhidcl
618357,0.7246380080083155,0.538960381243863,0.6443681120872498,0,nhidcl
618358,0.7212798377424297,0.46976049018684746,0.547508180141449,0,nhidcl
618387,0.7462310927603564,0.5997810813532027,0.44644293189048767,1,nhidcl
618388,0.7431552699671523,0.7526720493546651,0.8306116461753845,1,nhidcl
618389,0.761957401241558,0.7377870594262699,0.8437315821647644,1,nhidcl
618415,0.769926452076372,0.47096575321586337,0.4351416826248169,0,nhidcl
618416,0.8122693564042633,0.7626749862133048,0.9412919282913208,1,nhidcl
617885,0.5407119694586966,0.7840058270613772,0.8299878835678101,1,morth
618076,0.16157694329811428,0.23087544574014118,0.04724908247590065,0,morth
618294,0.21252700343372896,0.07068646499201818,0.02383589558303356,0,nhidcl
618295,0.29410263520474783,0.1153353460497417,0.03380163013935089,0,nhidcl
618374,0.36749301468248036,0.3983349822591591,0.2664153575897217,0,nhidcl
618375,0.6118375449976581,0.6345123097270831,0.5236309170722961,0,nhidcl
618376,0.5375040588839577,0.43911527897063296,0.17882543802261353,0,nhidcl
618377,0.862678994566435,0.794687078219065,0.8688172698020935,1,nhidcl
618418,0.9755973564998863,0.9021130570171227,0.9573429226875305,1,nhidcl
618419,0.5050716130136984,0.46536210920720483,0.2498876005411148,0,nhidcl
618420,0.5222431017108093,0.5000768284135245,0.4477386772632599,0,nhidcl
618421,0.4585926419105871,0.4510353247743866,0.19672466814517975,0,nhidcl
618316,0.5325416970358943,0.3300467190734507,0.08556576818227768,0,nhidcl
618317,0.5362825380200952,0.3374077166060929,0.12253779172897339,0,nhidcl
618318,0.36307318762442636,0.25752689372665294,0.09100954979658127,0,nhidcl
618319,0.5326137485466078,0.31814338491959154,0.13940384984016418,0,nhidcl
618320,0.1807954751319292,0.0735980950490742,0.04612165689468384,0,nhidcl
618321,0.16815660151275297,0.0660379008551726,0.03325885161757469,0,nhidcl
618323,0.1409880615956834,0.07931179362242452,0.0531579963862896,0,nhidcl
618324,0.16584544894925374,0.07255050212775843,0.023819468915462494,0,nhidcl
618362,0.9496003401034627,0.7929696605650779,0.953787088394165,1,nhidcl
618363,0.6726164339537054,0.6776699428108283,0.8258587121963501,0,nhidcl
618379,0.5214404949910035,0.31005299489512694,0.08882994204759598,1,nhidcl
618380,0.7661127759076414,0.4153333544756237,0.13738802075386047,1,nhidcl
618383,0.7774013326097956,0.39662253980101253,0.05524075776338577,1,nhidcl
618452,0.3273218718474034,0.2115473370498609,0.08354980498552322,0,nhidcl
619010,0.689031400533545,0.3694153082926852,0.10861285775899887,1,nhidcl
619199,0.7949347876492853,0.5716741545604838,0.4482559561729431,1,national highways authority of india [nhai]
618681,0.6714257619737894,0.7790608814314901,0.7887254953384399,1,national highways authority of india [nhai]
618477,0.598966058779369,0.7369493678780721,0.5659008026123047,1,national highways authority of india [nhai]
618634,0.6316817988738792,0.717974196483188,0.8029013276100159,1,national highways authority of india [nhai]
618769,0.1927263728989841,0.10529979409958619,0.10039624571800232,0,national highways authority of india [nhai]
618772,0.7096868885339456,0.7368236044831624,0.6355074048042297,1,national highways authority of india [nhai]
619077,0.5663871511430764,0.41880586872799325,0.1094580888748169,1,national highways authority of india [nhai]
618747,0.6692259343776799,0.7475274567885964,0.6368229985237122,1,national highways authority of india [nhai]
618818,0.1841201689360165,0.15342409904490092,0.033484410494565964,0,national highways authority of india [nhai]
619143,0.27784266167404365,0.17716981407173102,0.10467591136693954,0,national highways authority of india [nhai]
619212,0.6203874477893161,0.48437449389811976,0.26553070545196533,1,national highways authority of india [nhai]
618359,0.39372980008552644,0.17086251150057075,0.014876516535878181,0,nhidcl
618531,0.39174963548998637,0.387652689651644,0.4231432378292084,0,national highways authority of india [nhai]
618724,0.24383085521017414,0.10153371544586942,0.08346544951200485,0,national highways authority of india [nhai]
618951,0.7344981383443228,0.8547123282098754,0.92176753282547,1,national highways authority of india [nhai]
618952,0.5912425963734029,0.5083804172284666,0.25981131196022034,1,national highways authority of india [nhai]
619078,0.5868814309227063,0.4496014748481207,0.23618337512016296,0,national highways authority of india [nhai]
619307,0.7340337551572572,0.8956454904034892,0.9442965388298035,1,nhai
618530,0.5159803442028308,0.6529357097929206,0.6832006573677063,1,national highways authority of india [nhai]
618728,0.3222943356474162,0.24836254407995959,0.0752757340669632,0,national highways authority of india [nhai]
618882,0.16705294565764534,0.08250167293485346,0.052108366042375565,0,national highways authority of india [nhai]
619154,0.652321515196159,0.5298947409106445,0.22281232476234436,0,national highways authority of india [nhai]
618584,0.16852182042970948,0.09000959753252405,0.06130838021636009,0,national highways authority of india [nhai]
619064,0.66192639525108,0.5115063141145347,0.3041355013847351,1,national highways authority of india [nhai]
618942,0.5419600708033547,0.46413006418981956,0.22615323960781097,0,national highways authority of india [nhai]
618637,0.5787572258461479,0.4158163055811284,0.055132728070020676,0,national highways authority of india [nhai]
618486,0.6796600191059876,0.7428504510699034,0.7297821640968323,1,national highways authority of india [nhai]
619093,0.5688968013632726,0.4427552317304009,0.08439753204584122,0,national highways authority of india [nhai]
619134,0.8645439724543774,0.8718257973554937,0.9552270174026489,1,national highways authority of india [nhai]
619216,0.6170833160364749,0.5135700903200886,0.4065771996974945,0,national highways authority of india [nhai]
618505,0.6991354994332027,0.8255846183908947,0.8920950293540955,1,national highways authority of india [nhai]
618691,0.1915349237885897,0.13557579278015322,0.04971412569284439,0,national highways authority of india [nhai]
618723,0.6185669115979162,0.533036055864616,0.5123707056045532,1,national highways authority of india [nhai]
619068,0.5906232967733759,0.4630899440021025,0.16473127901554108,0,national highways authority of india [nhai]
618907,0.2544310210789494,0.13948132041896893,0.07860443741083145,0,national highways authority of india [nhai]
619066,0.6840069794200158,0.7080695228337494,0.40542322397232056,0,national highways authority of india [nhai]
618533,0.5356092543266818,0.48800948946566,0.3074047863483429,1,national highways authority of india [nhai]
618734,0.2073798287560296,0.07038744660372259,0.03134280443191528,0,national highways authority of india [nhai]
618909,0.6029835893657571,0.6061694695622252,0.20278482139110565,0,national highways authority of india [nhai]
618948,0.13259913979933755,0.058941167429920345,0.027925435453653336,0,national highways authority of india [nhai]
619205,0.664476682483747,0.7397377638174305,0.6692955493927002,1,national highways authority of india [nhai]
618516,0.6022622388838494,0.6034038010438683,0.7587031126022339,1,national highways authority of india [nhai]
618636,0.3265743055567132,0.2368779692550478,0.04844365268945694,0,national highways authority of india [nhai]
618519,0.693335816798332,0.7819573068408548,0.7305963039398193,1,national highways authority of india [nhai]
618581,0.7810567888324681,0.8847496182092148,0.9582597613334656,1,national highways authority of india [nhai]
618631,0.6416444866768405,0.6921262618820786,0.4999825358390808,1,national highways authority of india [nhai]
618632,0.6770390992586965,0.7761825363351481,0.597625195980072,0,national highways authority of india [nhai]
619097,0.5780393845218331,0.4119780065626588,0.08764706552028656,1,national highways authority of india [nhai]
619101,0.6838848255479126,0.7041974254020416,0.5593125224113464,0,national highways authority of india [nhai]
618556,0.651681771703131,0.7403338814839471,0.8011865019798279,1,national highways authority of india [nhai]
618668,0.22802125901669318,0.10125665718002376,0.06880056113004684,0,national highways authority of india [nhai]
618941,0.6265731993275496,0.45167309251456744,0.18931914865970612,0,national highways authority of india [nhai]
618844,0.6393509818827215,0.7067127339144456,0.6053475141525269,1,national highways authority of india [nhai]
618845,0.6450481800881854,0.7130135262759768,0.7021030783653259,1,national highways authority of india [nhai]
618847,0.6540062866582268,0.7212649849191212,0.4644794166088104,1,national highways authority of india [nhai]
618711,0.6263154010390023,0.5915080343844165,0.2599983811378479,1,national highways authority of india [nhai]
618783,0.5559155383621112,0.42038243620368093,0.24817150831222534,1,national highways authority of india [nhai]
618886,5.4198169818005744e-14,0.2341241967839726,0.22272634506225586,0,national highways authority of india [nhai]
618928,0.614546947505981,0.463350005612073,0.20499756932258606,1,national highways authority of india [nhai]
618969,0.749270207984237,0.8294162614648151,0.819593608379364,1,national highways authority of india [nhai]
619217,0.6540450365397783,0.6594564790714916,0.8136049509048462,1,national highways authority of india [nhai]
617886,0.39937532421476596,0.4339267976115653,0.05723557621240616,1,morth
618072,0.6683126763807402,0.390777509876331,0.07782136648893356,0,morth
618290,0.6162793177770686,0.5936221976869903,0.5656566023826599,0,nhidcl
618291,0.6787262303320765,0.5572702670624848,0.23633135855197906,0,nhidcl
618292,0.9225673575399577,0.7990728830212309,0.9513763785362244,1,nhidcl
618293,0.39821748228407605,0.3978654984706436,0.3527849018573761,0,nhidcl
618296,0.8621860607461329,0.7907637963529273,0.8770372867584229,1,nhidcl
618297,0.6769826311679054,0.5420580735508674,0.305711954832077,0,nhidcl
618328,0.5675917535410047,0.3860201083757917,0.16281113028526306,1,nhidcl
618364,0.5999104808255292,0.5842770544674297,0.5266194939613342,0,nhidcl
618365,0.596385248396361,0.5851950435791058,0.5508705973625183,0,nhidcl
618366,0.41115328981900634,0.5925834309576361,0.6110219359397888,0,nhidcl
618413,0.7778345678324081,0.7324309605471773,0.8486633896827698,1,nhidcl
618414,0.6122698248663266,0.3476764101884313,0.12118537724018097,0,nhidcl
618422,0.7926217912978694,0.5862234220329874,0.18912027776241302,1,nhidcl
618423,0.7885061526952131,0.4912113876788562,0.14467443525791168,0,nhidcl
619059,0.6763986718272714,0.479971064163959,0.05318797752261162,0,nhidcl
617898,0.19995507485975275,0.12299373164197468,0.06925954669713974,0,morth
617899,0.7812682606733257,0.6588117345819338,0.41821426153182983,0,morth
617902,0.4241493147461054,0.35405150215737785,0.23486901819705963,0,morth
617904,0.9374900408739141,0.8573216354871477,0.9766140580177307,1,morth
617905,0.7641672364749243,0.7532072948335764,0.5249738693237305,1,morth
617920,0.2669187591887546,0.177323146489619,0.04571625217795372,0,morth
617921,0.999345569904926,0.918293812526722,0.9539968967437744,1,morth
617922,0.2759615409331257,0.11790110174304451,0.04468316212296486,0,morth
617923,0.27469925508490745,0.2672221392784295,0.16531386971473694,0,morth
617925,0.8806096835083386,0.8951221948777879,0.9560994505882263,1,morth
617930,0.9302327403609817,0.868386795085946,0.9488598704338074,1,morth
618003,0.9379848470654869,0.9013996052910995,0.9815192222595215,1,morth
618012,0.9752143470533793,0.8656121851713618,0.9681933522224426,1,morth
618079,0.58573675480181,0.45461704591600666,0.37569862604141235,0,morth
618122,0.5691172880628405,0.3719033478962506,0.15338848531246185,0,morth
618523,0.5142875337177165,0.4989020038057006,0.19647572934627533,0,national highways authority of india [nhai]
618591,0.3083576744029235,0.2295291661183367,0.066348135471344,0,national highways authority of india [nhai]
618592,0.2516896025553588,0.4119917952131781,0.2551133632659912,1,national highways authority of india [nhai]
618593,0.12970119573799477,0.09677960048507601,0.05784154683351517,0,national highways authority of india [nhai]
618677,0.6422302645942746,0.7975401049229164,0.797357439994812,1,national highways authority of india [nhai]
618678,0.5767921726794237,0.7305691616616704,0.6270938515663147,1,national highways authority of india [nhai]
618680,0.6590781976962452,0.7880920282794521,0.7219616770744324,1,national highways authority of india [nhai]
618704,0.33388283940860114,0.39649054844604964,0.08263091742992401,1,national highways authority of india [nhai]
618705,0.19918394465403338,0.1272223349813392,0.026119127869606018,0,national highways authority of india [nhai]
618820,0.603150911457287,0.6678193888729634,0.25778570771217346,1,national highways authority of india [nhai]
618821,0.6219861999697271,0.7320950087473618,0.5171950459480286,1,national highways authority of india [nhai]
618822,0.6163581080054747,0.7424728022732701,0.46287429332733154,1,national highways authority of india [nhai]
618908,0.4967985044813689,0.5037570133651638,0.34177398681640625,1,national highways authority of india [nhai]
619109,0.5730528662338651,0.7110539742111192,0.4063968360424042,1,national highways authority of india [nhai]
619118,0.5117989468631274,0.4763686985459878,0.18393681943416595,1,national highways authority of india [nhai]
619119,0.5265527712606936,0.6393560610039593,0.35145366191864014,1,national highways authority of india [nhai]
619157,0.5088168657205097,0.5731600301759571,0.15485557913780212,0,national highways authority of india [nhai]
619158,0.7186962017169333,0.7514299927586697,0.7941316366195679,1,national highways authority of india [nhai]
619181,0.20428572149051102,0.22835198734824838,0.040375690907239914,1,national highways authority of india [nhai]
619213,0.5454615149499921,0.5387088875826965,0.26259708404541016,1,national highways authority of india [nhai]
619215,0.5178395385014858,0.6346668484986308,0.2689562439918518,1,national highways authority of india [nhai]
618010,0.4589893107401262,0.31415651316092996,0.10899197310209274,0,morth
618024,0.8762457179343051,0.8778916153652092,0.9665116667747498,1,morth
618489,0.5713961487183586,0.47264730915118514,0.17331162095069885,0,national highways authority of india [nhai]
618492,0.5514861442373888,0.49609512947002593,0.33695006370544434,1,national highways authority of india [nhai]
618493,0.2172464739443762,0.3417055284714236,0.16956938803195953,0,national highways authority of india [nhai]
618551,0.234899937143583,0.0707226069963085,0.033508699387311935,0,national highways authority of india [nhai]
618552,0.49899216623720394,0.394243776175349,0.11038386821746826,0,national highways authority of india [nhai]
618610,0.6751793423032114,0.7069471593106381,0.6606523394584656,1,national highways authority of india [nhai]
618617,0.5394255219621978,0.4313914058009996,0.09642663598060608,1,national highways authority of india [nhai]
618618,0.8079742529067465,0.8420983629627137,0.9659331440925598,1,national highways authority of india [nhai]
618647,0.7664591231738047,0.802397706005645,0.8250526189804077,1,national highways authority of india [nhai]
618764,0.9836813014570226,0.8902379237316432,0.9678225517272949,1,national highways authority of india [nhai]
618776,0.7667757376119176,0.8239465983848686,0.9098021984100342,1,national highways authority of india [nhai]
618785,0.9768954280419004,0.8968509083800216,0.97514808177948,1,national highways authority of india [nhai]
618786,0.25136130326243217,0.1828770141580337,0.08612542599439621,0,national highways authority of india [nhai]
618793,0.33476475165828323,0.37770821164932095,0.08360759913921356,1,national highways authority of india [nhai]
618794,0.712845277106379,0.6389290617298775,0.543941855430603,1,national highways authority of india [nhai]
618795,0.6013598175781625,0.49486747045375024,0.320879191160202,0,national highways authority of india [nhai]
618809,0.5383774938401781,0.4311788814812024,0.11867524683475494,0,national highways authority of india [nhai]
618810,0.580671823393799,0.48511920911809897,0.27519214153289795,0,national highways authority of india [nhai]
618906,0.6125369149477657,0.41652666781269027,0.053274549543857574,1,national highways authority of india [nhai]
619099,0.36072032827884803,0.39210071354074466,0.06783517450094223,0,national highways authority of india [nhai]
619105,0.21294377005638,0.12224824308648082,0.07480774074792862,0,national highways authority of india [nhai]
619200,0.4456732558169113,0.4698032912967162,0.23667320609092712,1,national highways authority of india [nhai]
619318,0.5354983766338429,0.4295198352315214,0.1308264583349228,0,national highways authority of india [nhai]
617901,0.777076436885173,0.5320107174236144,0.5463836789131165,1,morth
618011,0.9386248161786884,0.9174276364381118,0.982298731803894,1,morth
618069,0.4261998145693749,0.4036866122973873,0.135403573513031,0,morth
618092,0.48892945019217265,0.4357452713609814,0.2977304458618164,0,morth
618117,0.9999928776460587,0.7181354601231882,0.9711933732032776,1,morth
618200,0.6718173374276647,0.683174166597153,0.6315705180168152,0,morth
618235,0.4025174083264531,0.31012404428790774,0.2264249473810196,0,morth
618457,0.48287680653175397,0.6499960632160741,0.6980796456336975,1,national highways authority of india [nhai]
618458,0.47743663162911215,0.7386214999481578,0.8360224962234497,1,national highways authority of india [nhai]
618611,0.43666770351391854,0.4668808025109394,0.15716323256492615,1,national highways authority of india [nhai]
618612,0.4381903024128417,0.45847110710278743,0.1581219583749771,1,national highways authority of india [nhai]
618613,0.46696555156637604,0.647630748127137,0.5000540614128113,1,national highways authority of india [nhai]
618757,0.9999195928321083,0.7909958840893112,0.9566265940666199,1,national highways authority of india [nhai]
618758,0.4509467659941371,0.6251068539682109,0.8300449848175049,0,national highways authority of india [nhai]
618796,0.4342337296479651,0.411626948128929,0.11967384070158005,1,national highways authority of india [nhai]
618797,0.10018493633524071,0.09423640473871045,0.06202150508761406,0,national highways authority of india [nhai]
618838,0.49719046958091045,0.6980251585546046,0.704340398311615,1,national highways authority of india [nhai]
618853,0.3839208880334265,0.7083000826244603,0.873274564743042,1,national highways authority of india [nhai]
619251,0.194226092354523,0.14107319132493004,0.10667195916175842,0,morth
618071,0.6819530129083281,0.8767195504657381,0.9665997624397278,1,morth
618426,0.6894710193162917,0.4922466645884671,0.12761734426021576,0,nhidcl
618428,0.7531725372655583,0.7260475045733802,0.8927518725395203,0,nhidcl
618446,0.9108770963333063,0.8944324917240499,0.9163852334022522,1,nhidcl
618447,0.9737503210730617,0.8902325195676832,0.9384960532188416,1,nhidcl
618448,0.7604514553277296,0.6864260649550503,0.7322816848754883,1,nhidcl
618449,0.7240570688475243,0.5918142014226961,0.346802681684494,0,nhidcl
618450,0.9414207960066616,0.8025844997447632,0.9769517779350281,1,nhidcl
617962,0.3047018715631971,0.49446351947949213,0.10285327583551407,0,morth
618478,0.6346051770242767,0.7971695513767592,0.816245973110199,1,national highways authority of india [nhai]
618479,0.4379239044529493,0.3522032508056743,0.05880596488714218,1,national highways authority of india [nhai]
618480,0.7178826283832298,0.6484304604620956,0.49084925651550293,0,national highways authority of india [nhai]
618481,0.6308631216663632,0.7164445528611458,0.4102526307106018,0,national highways authority of india [nhai]
618521,0.7472371974358082,0.7656575480666785,0.8723873496055603,1,national highways authority of india [nhai]
618522,0.31398600647631864,0.25244529111325836,0.10025745630264282,0,national highways authority of india [nhai]
618561,0.2059971213957842,0.09665472927216485,0.05488624796271324,0,national highways authority of india [nhai]
618563,0.5650328596464789,0.6681059024246978,0.7652912139892578,1,national highways authority of india [nhai]
618608,0.6562709153414586,0.6720123076853521,0.6976554989814758,1,national highways authority of india [nhai]
618635,0.6252466820235538,0.49036284633815375,0.37179991602897644,1,national highways authority of india [nhai]
618744,0.6742616538895166,0.6774326910206565,0.6670061349868774,1,national highways authority of india [nhai]
618756,0.6414792245316611,0.722206166286785,0.8759048581123352,1,national highways authority of india [nhai]
618800,0.18499661350330282,0.3299257753403688,0.1480257362127304,1,national highways authority of india [nhai]
618801,0.19139613313906312,0.3044501697736621,0.11620813608169556,1,national highways authority of india [nhai]
618846,0.6285567847596172,0.6578443341620691,0.42326903343200684,1,national highways authority of india [nhai]
618894,0.6946415684763014,0.7135511431462036,0.8306739926338196,1,national highways authority of india [nhai]
618895,0.637249016474752,0.7349262207771295,0.7920396327972412,1,national highways authority of india [nhai]
618898,0.2486415331026232,0.11420622717072279,0.0852719098329544,0,national highways authority of india [nhai]
618899,0.5459751971908996,0.39685395748775315,0.13345187902450562,1,national highways authority of india [nhai]
619045,0.19163308803607204,0.3409498887692414,0.08003269881010056,1,national highways authority of india [nhai]
619074,0.48323140168605516,0.486099790291675,0.24605798721313477,1,national highways authority of india [nhai]
619086,0.4805926558616516,0.4650677703644633,0.13794785737991333,0,national highways authority of india [nhai]
619094,0.6013344280915336,0.4107493325659234,0.0685085654258728,0,national highways authority of india [nhai]
619129,0.6077817566384786,0.4197809660322164,0.1279335469007492,1,national highways authority of india [nhai]
619130,0.5768674960417303,0.4155257771412411,0.11364252120256424,0,national highways authority of india [nhai]
619131,0.5946338284577369,0.6034867543464693,0.2511240541934967,0,national highways authority of india [nhai]
619139,0.1817382387114179,0.3192811949206027,0.12505361437797546,1,national highways authority of india [nhai]
619161,0.3807478659185389,0.26611459610422455,0.27856457233428955,0,national highways authority of india [nhai]
619222,0.6813604491307125,0.7570917179794122,0.6310110688209534,1,national highways authority of india [nhai]
617913,0.67059591168739,0.6779438914234639,0.798604428768158,0,morth
617936,0.5070519275909742,0.3019968052290445,0.045684415847063065,0,morth
617939,0.8773017111566652,0.6682526072384358,0.9415806531906128,1,morth
617940,0.8809031977780017,0.9207047305854467,0.9709720611572266,1,morth
617980,0.7129004495018539,0.5967342995610272,0.3231246769428253,1,morth
617983,0.8073167702038309,0.9269289330997552,0.9764925241470337,1,morth
617994,0.6319880158735922,0.4432738418390862,0.320748895406723,0,morth
617995,0.6849994775065822,0.5325203100123919,0.25574490427970886,1,morth
618001,0.7231745061014407,0.7848617161697062,0.8423557281494141,0,morth
618025,0.690875803321813,0.7421932292954265,0.890079915523529,1,morth
618091,0.649699459879073,0.6223978173826843,0.25935593247413635,0,morth
618104,0.8534076864360001,0.9184358479927194,0.9454295039176941,1,morth
618105,0.7746527849627252,0.6841442627296463,0.6480369567871094,0,morth
618106,0.9008311255195909,0.9286389158342166,0.9405879378318787,0,morth
618130,0.9631654766471264,0.7799598849348109,0.9802381992340088,1,morth
618140,0.35795275378041636,0.2778130106894016,0.19627147912979126,0,morth
618141,0.9879076497185088,0.9249711598722787,0.9496884942054749,1,morth
618182,0.6832461133412393,0.7517100164272721,0.8853999972343445,1,morth
618183,0.5314216911753625,0.6320492816101251,0.7038295865058899,0,morth
618186,0.8358497912983093,0.9215372525563889,0.9344682097434998,1,morth
618190,0.7129833318522857,0.7738246509237056,0.683554470539093,1,morth
618196,0.8491402373348143,0.9021748443515372,0.9690191745758057,1,morth
618197,0.9281162114650019,0.933703229880978,0.975888192653656,1,morth
618746,0.5076346624718372,0.6535695396098025,0.15419989824295044,0,national highways authority of india [nhai]
618765,0.5989325084014809,0.7670553064765838,0.604499101638794,1,national highways authority of india [nhai]
618811,0.1391224127845835,0.16545543405119212,0.04396933317184448,1,national highways authority of india [nhai]
618812,0.12546862794000058,0.15329360262440908,0.01729433238506317,0,national highways authority of india [nhai]
618813,0.1366314083449445,0.2226717415094712,0.05118752270936966,0,national highways authority of india [nhai]
618814,0.09762527844721061,0.17573769530974698,0.019682766869664192,0,national highways authority of india [nhai]
618815,0.3812738942513276,0.6847572011151314,0.5039257407188416,1,national highways authority of india [nhai]
618817,0.220576351146913,0.17873911437024084,0.03764665871858597,0,national highways authority of india [nhai]
618944,0.19064750844334763,0.3261651153977305,0.1130237951874733,0,national highways authority of india [nhai]
618945,0.5077721394322865,0.5251032070580542,0.0959106832742691,1,national highways authority of india [nhai]
619009,0.25722170535618827,0.10512747357422189,0.0478038415312767,0,morth
619128,0.5789739457607479,0.7576058662402226,0.3889741897583008,1,national highways authority of india [nhai]
619165,0.4459283351302782,0.45579171843900695,0.10934329032897949,1,national highways authority of india [nhai]
619193,0.9418918376781938,0.7203323116286211,0.934881865978241,1,morth
619253,0.375477124045184,0.10055518842025826,0.023871028795838356,0,morth
618350,0.4920764386415076,0.3041483276891627,0.09026765823364258,0,nhidcl
618367,0.35175983350200957,0.2628766915856389,0.13375402987003326,1,nhidcl
618368,0.6125372336823371,0.38723943576445036,0.4024467468261719,1,nhidcl
618369,0.4943446535068916,0.4063970795505968,0.35947808623313904,1,nhidcl
618370,0.5495014260285443,0.45211077838157476,0.13075987994670868,1,nhidcl
618385,0.3086800987152747,0.5863710173769907,0.7661510705947876,0,nhidcl
618411,0.9319087147896655,0.8409532308703379,0.957180380821228,1,nhidcl
618417,0.27154150271018745,0.18228867814342153,0.08902525156736374,0,nhidcl
617963,0.32890170718706735,0.25189192897404866,0.07500103116035461,0,morth
617964,0.4018369219984939,0.3338050552307361,0.18208611011505127,0,morth
618009,0.6335699696704634,0.7329698728817153,0.8410640358924866,1,morth
618054,0.8809347286561819,0.8091533359416734,0.8918697237968445,1,morth
618055,0.913330715531045,0.9081962999695954,0.9862106442451477,1,morth
618056,0.6607003338119437,0.7888388976615406,0.7239211201667786,0,morth
618057,0.649941060479668,0.6563369075326037,0.6019949316978455,0,morth
618063,0.7151090202078526,0.7920836052683446,0.8985182642936707,1,morth
618066,0.2764244246403196,0.20085022280289905,0.0758959949016571,0,morth
618067,0.17051771299947172,0.10123523839651029,0.0484333299100399,0,morth
618075,0.9581118032970458,0.888114869899346,0.9708333611488342,1,morth
618081,0.9805339776578608,0.8644327752647476,0.9738022089004517,1,morth
618082,0.6877976695186363,0.792422717128375,0.9339460134506226,1,morth
618111,0.804486127981332,0.8936182898408613,0.9819951057434082,1,morth
618112,0.47021357188722757,0.26465602177266595,0.14842112362384796,1,morth
618113,0.4124527090356261,0.2673564543386733,0.0915793851017952,1,morth
618114,0.22316522030774535,0.10973221444086219,0.09498308598995209,0,morth
618116,0.19639258607366908,0.08130709753560601,0.06433658301830292,0,morth
618124,0.9516284070054751,0.9088896820920398,0.9419727325439453,1,morth
618162,0.17070287233809361,0.10726297631794755,0.04447084292769432,0,morth
618163,0.6730603739786966,0.8099338588976807,0.9416548609733582,0,morth
618164,0.5457500715424991,0.7505581398583915,0.9464957118034363,1,morth
618166,0.6549507265882394,0.7879047293776877,0.9425345063209534,0,morth
618168,0.6566533182404194,0.7357006921130542,0.7638086676597595,0,morth
618169,0.6639159823766478,0.8290372513420037,0.8877758979797363,1,morth
618187,0.17492613047892844,0.11397306492173331,0.0633823350071907,0,morth
618233,0.6709683690467964,0.5454681857066618,0.38782206177711487,0,morth
618240,0.7414701181100345,0.8775089835885918,0.9788436889648438,1,morth
618243,0.23882955976088574,0.10409150809601904,0.0641753301024437,0,morth
618244,0.2671226344228997,0.10423114089283748,0.022920329123735428,0,morth
618247,0.1343015668497051,0.10701109562148212,0.0904657170176506,0,morth
618248,0.17446997806231612,0.10135803568565414,0.048426706343889236,0,morth
618249,0.2940906325978898,0.2581970282814309,0.21150866150856018,0,morth
618252,0.2587372040958673,0.1375001339071301,0.01977543905377388,0,morth
618260,0.20036327693111639,0.06758370332524082,0.023506300523877144,0,morth
618262,0.2189803466484583,0.1933222321444098,0.14441610872745514,0,morth
618263,0.4762702408004818,0.7125555740267351,0.9369648694992065,1,morth
618264,0.18729015561403173,0.08532667281738963,0.06380604207515717,0,morth
618265,0.7435208281813624,0.859611916366887,0.9830023646354675,1,morth
618266,0.6262278019861196,0.7592256310064208,0.8988034129142761,1,morth
618499,0.8188228011606037,0.8544423508047511,0.9012187123298645,1,national highways authority of india [nhai]
618500,0.9839967544008363,0.9230409874001786,0.9641087651252747,1,national highways authority of india [nhai]
618529,0.5966812081216878,0.6131881577846093,0.24280807375907898,0,national highways authority of india [nhai]
618536,0.26783800683723713,0.09971438465513856,0.07162182033061981,0,national highways authority of india [nhai]
618537,0.9178121166086534,0.8441312641576774,0.9706764221191406,1,national highways authority of india [nhai]
618538,0.23743171601667304,0.10122834590411081,0.1280367225408554,0,national highways authority of india [nhai]
618539,0.20198916255052973,0.05724456206365977,0.047074612230062485,0,national highways authority of india [nhai]
618540,0.25627038396039564,0.16500574750187252,0.042657021433115005,0,national highways authority of india [nhai]
618554,0.7231367932262055,0.7538505066298221,0.7637153267860413,1,national highways authority of india [nhai]
618566,0.6003915711065356,0.5509762104466726,0.592157781124115,0,national highways authority of india [nhai]
618567,0.2080629704368245,0.0717050524145645,0.04085075110197067,0,nhai
618568,0.24667088637770795,0.07855965292077212,0.06136727333068848,0,nhai
618669,0.4244556233303349,0.24040105284683086,0.13415725529193878,1,national highways authority of india [nhai]
618690,0.2842625031529793,0.25751401574889954,0.16552235186100006,0,national highways authority of india [nhai]
618710,0.6019214344830237,0.4671796053297219,0.15743139386177063,1,national highways authority of india [nhai]
618722,0.8782448360770815,0.8508467837990961,0.9744121432304382,1,national highways authority of india [nhai]
618761,0.6485253354456219,0.7116289217483553,0.659568727016449,1,national highways authority of india [nhai]
618768,0.23826334258402734,0.1392947127603053,0.04735102877020836,0,national highways authority of india [nhai]
618782,0.6259892102205826,0.48714686527640066,0.36693403124809265,1,national highways authority of india [nhai]
618798,0.8291674523659545,0.8979639506284127,0.9473683834075928,1,national highways authority of india [nhai]
618843,0.20126431311358242,0.22476830736546788,0.11430677026510239,0,national highways authority of india [nhai]
618848,0.1598221601427955,0.04793684001554205,0.028375770896673203,0,national highways authority of india [nhai]
618856,0.6634704289248694,0.5267071012688445,0.34780460596084595,1,national highways authority of india [nhai]
618858,0.6229827754260568,0.5370456772580727,0.29889535903930664,1,national highways authority of india [nhai]
618859,0.6342470208750114,0.7475080705982157,0.7346031069755554,1,national highways authority of india [nhai]
618866,0.1901683089851584,0.13795113733554576,0.1408281922340393,0,national highways authority of india [nhai]
618867,0.3385384377108111,0.2116555142832751,0.18828460574150085,1,national highways authority of india [nhai]
618868,0.8844579748073279,0.8563365971489714,0.9573017954826355,1,national highways authority of india [nhai]
618869,0.1508556581018867,0.11336059316910946,0.053939543664455414,0,national highways authority of india [nhai]
618883,0.6555103402006928,0.7089254184503209,0.6492552757263184,1,national highways authority of india [nhai]
618884,0.6610452046119814,0.742182753903561,0.623482346534729,0,national highways authority of india [nhai]
618885,0.7018963341740141,0.7425894389948658,0.4758930802345276,1,national highways authority of india [nhai]
618893,0.6790793622089614,0.6909499889850125,0.8011494278907776,1,national highways authority of india [nhai]
618911,0.9974451046354212,0.9384707113749492,0.9707566499710083,1,national highways authority of india [nhai]
618923,0.992499716694832,0.85659853489268,0.9613595604896545,1,national highways authority of india [nhai]
618924,0.9726705358456232,0.8091310573087394,0.9140563011169434,1,national highways authority of india [nhai]
618925,0.6980407816755713,0.6741744689925666,0.48890599608421326,1,national highways authority of india [nhai]
618927,0.6347911510876701,0.45660661193284624,0.3504408001899719,1,national highways authority of india [nhai]
618929,0.8846564735029896,0.8817280168882244,0.973861038684845,1,national highways authority of india [nhai]
618960,0.30255928587406056,0.3282426987425764,0.12075340747833252,0,national highways authority of india [nhai]
618961,0.15945821505187804,0.08926741197267461,0.04673666134476662,0,national highways authority of india [nhai]
618968,0.6959573778405321,0.7113402893974459,0.7309511303901672,1,national highways authority of india [nhai]
618970,0.8224511821828631,0.8600990169219047,0.9457625150680542,1,national highways authority of india [nhai]
619162,0.6023132747284841,0.4871892578065331,0.18686167895793915,1,national highways authority of india [nhai]
619168,0.6462530732782773,0.6945925616043911,0.6039606928825378,1,national highways authority of india [nhai]
619308,0.6093613834884861,0.7601866185243616,0.8436771631240845,1,nhai
617888,0.6017822958790593,0.7275672553912558,0.8387690186500549,0,morth
617889,0.685796055705349,0.6825194685026099,0.918832004070282,1,morth
617890,0.13972188720945514,0.0993834183393718,0.021154232323169708,0,morth
617929,0.5320991960171295,0.4944028172743231,0.1809936761856079,0,morth
617967,0.6356299481252047,0.7402605409955646,0.8425217866897583,1,morth
617968,0.6430651124296133,0.4883433862473663,0.1526370495557785,0,morth
617974,0.14779413819758214,0.08741610609997025,0.022078262642025948,0,morth
618039,0.16289144739880773,0.0827047670255144,0.028349950909614563,0,morth
618040,0.2998294970126516,0.2015233711307254,0.017101235687732697,0,morth
618041,0.13774448511619147,0.08453298736379836,0.013788105919957161,0,morth
618119,0.27880980737450956,0.19646893376188163,0.02066882699728012,0,morth
618207,0.23908478974709022,0.1860160373237003,0.023982267826795578,0,morth
618209,0.4921136632701959,0.5494636916951366,0.19480817019939423,0,morth
618210,0.8490293151100642,0.8883493249301221,0.9471017718315125,0,morth
618211,0.4017014723782967,0.24520486538509176,0.06703363358974457,1,morth
618212,0.2175266295912877,0.24117015577912868,0.06928244978189468,0,morth
618213,0.6554617769221729,0.5551421988320009,0.3864535391330719,1,morth
618214,0.6836214636601029,0.40305712387820763,0.10921112447977066,0,morth
618218,0.5944821732682515,0.5123754196433393,0.24336549639701843,0,morth
618219,0.4394791717030395,0.5618752639908398,0.35422682762145996,0,morth
618390,0.4070726433857439,0.46295213634189236,0.23172079026699066,0,nhidcl
618391,0.48155283683446304,0.4761762555350076,0.0835564136505127,1,nhidcl
618392,0.7278775947498597,0.7678347524647602,0.928184986114502,1,nhidcl
618393,0.4015138650944004,0.3364093124567792,0.20886649191379547,0,nhidcl
618875,0.8652193288334549,0.847817527774577,0.8970731496810913,1,national highways authority of india [nhai]
619142,0.4546389109344527,0.45458581745603466,0.17414891719818115,0,national highways authority of india [nhai]
619155,0.5924361518685444,0.7207290814170395,0.6240196824073792,1,national highways authority of india [nhai]
619292,0.6288547068529605,0.7858861106782387,0.8940041661262512,1,nhai
619293,0.22894335909123906,0.164202709394813,0.049964919686317444,0,nhai
619294,0.10271549534921383,0.06631891135489094,0.01963489130139351,0,nhai
619295,0.11290765171592317,0.12504384345778194,0.05565204471349716,0,nhai
617893,0.20795365469861823,0.09092128829194268,0.048794619739055634,0,morth
617894,0.7858976860233,0.7979755009420869,0.7165058255195618,1,morth
617931,0.6844488617655109,0.5422945630043858,0.45133957266807556,1,morth
617960,0.8352597165805897,0.7685722463420798,0.8739182949066162,1,morth
618227,0.7531346456832123,0.5095565163920591,0.22779546678066254,0,morth
618427,0.8328437983226888,0.8206219889014981,0.9636520147323608,1,nhidcl
618429,0.8458766487433976,0.7429309320529194,0.9061954617500305,1,nhidcl
618430,0.7182988443176257,0.7125714878621043,0.7483378648757935,1,nhidcl
618431,0.7704494873709601,0.7220421937369901,0.7815653681755066,1,nhidcl
618572,0.25407544924373,0.09439457788799896,0.0787593424320221,0,national highways authority of india [nhai]
618574,0.4463348870380416,0.11798071432822957,0.07685741782188416,0,national highways authority of india [nhai]
618808,0.3868160333961866,0.19845658063086702,0.07274111360311508,0,national highways authority of india [nhai]
618823,0.6761483244263855,0.41982071332368354,0.26207226514816284,1,national highways authority of india [nhai]
618824,0.7226618650776395,0.39258317591397834,0.28418782353401184,1,national highways authority of india [nhai]
618825,0.7267987705279454,0.629578522612189,0.3227498531341553,0,national highways authority of india [nhai]
619004,0.2516452071121001,0.11510660227981395,0.03851624205708504,0,morth
619187,0.24194306981403293,0.0690870923769113,0.029533015564084053,0,nhidcl
709859,0.30977359808112376,0.4671099447861009,0.32671234011650085,1,national communication academy - finance [erstwhile nicf]
701598,0.32220228446053295,0.5292123578357815,0.5811700224876404,0,department of telecommunications
617413,0.5722531487905638,0.5352567206239977,0.3830820918083191,1,department of telecommunications [dot]
701599,0.4618184545843929,0.5180953307936591,0.539402425289154,1,department of telecommunications [dot]
701602,0.8959831868715703,0.6362393526714454,0.699317991733551,1,department of telecommunications [dot]
701597,0.5202072308749466,0.46902169209841765,0.3041548430919647,1,department of telecommunications
704495,0.39524934539902645,0.5655028061051994,0.5292057991027832,0,department of telecommunications [dot]
400013,0.6348806870801709,0.4945995510986531,0.368482768535614,1,department of telecommunications [dot]
701593,0.706993200031037,0.5032464206510036,0.24771977961063385,0,department of telecommunications [dot]
706775,0.49296951203596107,0.3201461988219399,0.04817071184515953,0,department of telecommunications [dot]
709856,0.47748591423713266,0.5734372750372299,0.6462341547012329,1,bsnl
709857,0.5783822426345682,0.4105359165433915,0.1561301350593567,0,bsnl
616600,0.527811107339967,0.3610552939821546,0.12816724181175232,0,national mission for clean ganga
616611,0.6655727811731883,0.502043511665939,0.4042680859565735,0,national mission for clean ganga
616612,0.24533074174523087,0.42364308633504033,0.48564404249191284,0,national mission for clean ganga
616615,0.5974459092494039,0.504337346869535,0.45681172609329224,1,national mission for clean ganga
616616,0.5968226822363463,0.4990051389666778,0.3692241907119751,1,national mission for clean ganga
616594,0.4123094150164938,0.37005665851910974,0.07326806336641312,0,national mission for clean ganga
616605,0.307299534114972,0.33631480433618227,0.10519332438707352,0,national mission for clean ganga
616604,0.5444735612673925,0.5480105350928405,0.25969231128692627,0,national mission for clean ganga
400100,0.184539464589812,0.3686635114631896,0.1726769208908081,0,water resources-ap
400101,0.15921651232350717,0.32522263215721564,0.04284212365746498,0,water resources-ap
701415,0.31268035457444787,0.3842975798854863,0.11291316151618958,0,water resources-ap
701370,0.03595316285146057,0.3614083130944427,0.4759034812450409,0,"department of water resources, river development & gr"
400111,0.25637512054515577,0.36471862831928237,0.21367110311985016,0,water resources-ct
701399,0.10391069371941991,0.4650437737962333,0.6712044477462769,0,"department of water resources, river development & gr"
701372,0.10451532337582835,0.27478825301962767,0.04070574417710304,0,"narmada and water resources, water supply and kalpsar department-gj"
701376,0.14668276238558547,0.3506262492151106,0.3319011330604553,0,department of water resources-jh
701377,0.37315956004133827,0.4212479779353247,0.3292626440525055,0,water resources-ka
400115,0.13382017761118398,0.31218153649187075,0.16013380885124207,0,water resources-mp
400116,0.12080702994434267,0.3659924885833128,0.371887743473053,0,water resources-mp
617422,0.0229451455436308,0.36001068526851165,0.2148754596710205,0,department of water resources-mh
701383,0.15912378508143937,0.2879143726482919,0.33593234419822693,0,department of water resources-mh - ii
701386,0.0990818313569411,0.36847913048856773,0.23419222235679626,0,department of water resources-mh - ii
701391,0.10103026365611982,0.2721042639351215,0.05457540974020958,1,department of water resources-mh - ii
701396,0.4059103842361517,0.3443531082443553,0.1601468026638031,0,department of water resources-mh - ii
701398,0.3412567675372278,0.3484348321072753,0.15260209143161774,0,department of water resources-mh - ii
701400,0.18884686417837684,0.328924053573833,0.13418708741664886,1,water resources department-mn
701412,0.05518817146057124,0.36992903846306696,0.3375839293003082,1,"department of water resources, river development & gr"
701530,0.026828690994078246,0.3289784687077941,0.11193022131919861,0,"department of water resources, river development,"
603945,0.6318366401971861,0.40089351541689594,0.2924589514732361,0,water resources-or
701402,0.19184020375127353,0.36097252616939907,0.19630049169063568,0,"department of water resources, river development & gr"
701404,0.4507257609677251,0.38168791464673346,0.2445836365222931,0,irrigation and cad-tg
701410,0.2223953799276968,0.4732186739865224,0.360537588596344,0,department of water resources-pb
701411,0.2347039005945095,0.46769929862759296,0.6360368132591248,0,department of water resources-pb
400102,0.17401829023508583,0.4093340042908047,0.1730128526687622,0,irrigation and cad-tg
400103,0.12353418840867915,0.3392463492647203,0.06433507800102234,0,irrigation and cad-tg
701405,0.21353327961077134,0.3560652731666673,0.02943575568497181,0,irrigation and cad-tg
701408,0.12559105498795567,0.33259320437571277,0.11427775770425797,0,irrigation & water resources-up
613787,0.013607840845791194,0.10715314265284968,0.04576599597930908,0,irrigation-uk
400005,0.37046885165499893,0.45177449567473416,0.22630083560943604,0,power grid corporation of india limited [powergrid]
400035,0.439281969291257,0.5627634324373422,0.45592600107192993,0,indian oil corporation limited [iocl]
400078,0.5382587593309813,0.6162431268605143,0.6477407217025757,0,ministry of petroleum & natural gas
400259,0.8710587005124064,0.39190589976818424,0.21512313187122345,0,nlc india limited [nlcil]
607701,0.6148166721326096,0.6711743636114187,0.6814090013504028,0,ministry of petroleum & natural gas
611947,0.42684980937737654,0.48936863266732283,0.542853832244873,0,power grid corporation of india limited [powergrid]
611948,0.46141390456592113,0.4985620109143607,0.4553234577178955,0,power grid corporation of india limited [powergrid]
611966,0.5360831324215501,0.5322010479772104,0.6523123383522034,0,power grid corporation of india limited [powergrid]
611967,0.5254560734407775,0.5771356882453865,0.7003971934318542,0,power grid corporation of india limited [powergrid]
612188,0.48074235078440974,0.5275907579198471,0.18407747149467468,0,employee's state insurance company [esic]
612201,0.36207049318908735,0.5533425588012576,0.4380250871181488,0,employee's state insurance company [esic]
612819,0.8452278462263834,0.37158044993615824,0.08685329556465149,0,nlc india limited [nlcil]
615327,0.8888747756697972,0.3486737719780896,0.10274972021579742,0,nlc india limited [nlcil]
617253,0.45791459935440443,0.4941525597345705,0.40352001786231995,0,steel authority of india limited [sail]
617887,0.7761905362129168,0.4958073779386855,0.35127291083335876,0,morth
617891,0.7763973590090715,0.3253667477709328,0.05876102298498154,0,morth
617900,0.764111256333685,0.5410407523500632,0.5952868461608887,0,morth
617907,0.8253615587886677,0.40008600246927145,0.05941679701209068,0,morth
617915,0.836061837851348,0.898788043367795,0.980612576007843,0,morth
617924,0.8071814335557105,0.39554871813291337,0.11855842173099518,0,morth
617949,0.7055798869225303,0.40350248398847954,0.09453156590461731,0,morth
617954,0.8238910549123436,0.5588889172578635,0.45797520875930786,0,morth
617959,0.645123603718504,0.45039614936567707,0.1947663575410843,0,morth
617970,0.6430010330301592,0.4272143545970165,0.04215113818645477,0,morth
617973,0.6471172774029013,0.5859936859806466,0.47346144914627075,0,morth
617975,0.6462287854500314,0.4163519723307575,0.04086092486977577,0,morth
617981,0.5509987701763784,0.6338891403604587,0.6253913640975952,0,morth
617982,0.2651692083790964,0.4499808660108212,0.32756587862968445,0,morth
617990,0.6951840445688958,0.45555973958877055,0.35258030891418457,0,morth
617992,0.6017351818232389,0.7825687256882329,0.8588727712631226,0,morth
617993,0.5804833683128545,0.6593620897424711,0.8512693047523499,0,morth
617996,0.6662926061651794,0.567431144430357,0.42915961146354675,0,morth
618002,0.1451612157924283,0.475138788290371,0.2375829666852951,0,morth
618008,0.7044236513351358,0.31309509459299395,0.02902485616505146,0,morth
618026,0.5722075323658592,0.666147559990698,0.6698884963989258,0,morth
618045,0.46724959814129363,0.39459038380893474,0.09651048481464386,0,morth
618050,0.8027542129340236,0.42500871443520766,0.19570285081863403,0,morth
618064,0.5226631887568648,0.4455732301255935,0.12505199015140533,0,morth
618078,0.6442234874246685,0.5424772802481781,0.48307856917381287,0,morth
618093,0.2690659038316186,0.539291630218088,0.6357631683349609,0,morth
618099,0.4284423844741922,0.45317889829966096,0.0552874356508255,0,morth
618110,0.3076566845259988,0.48690275401303723,0.17549973726272583,0,morth
618118,0.7740279068260032,0.32820342434553845,0.06342475116252899,0,morth
618132,0.5311431446290165,0.3992978920004417,0.1277560442686081,0,morth
618136,0.7124976195192769,0.5855520542334431,0.7559106349945068,0,morth
618142,0.6839149231132178,0.4006152904286149,0.0889962911605835,0,morth
618143,0.4940064884264028,0.42919014144301904,0.27105605602264404,0,morth
618145,0.829341924279915,0.5545869025608652,0.36650875210762024,0,morth
618161,0.8456628682555829,0.6117814819111179,0.6684505343437195,0,morth
618175,0.7514531198975598,0.7802149862166349,0.9054775238037109,0,morth
618191,0.8249652992935025,0.545688641721099,0.32406869530677795,0,morth
618237,0.7511552975781594,0.543612182496876,0.3102683126926422,0,morth
618258,0.7743217311053109,0.49055088907580036,0.27008897066116333,0,morth
618259,0.7972882837242394,0.3482277273215501,0.034417107701301575,0,morth
618285,0.7015797865581961,0.4100283804481018,0.05681699141860008,0,nhidcl
618327,0.1697896005256911,0.3644645753672054,0.20833580195903778,0,nhidcl
618329,0.16752764263572764,0.3735199401102107,0.24013926088809967,0,nhidcl
618330,0.651821230111374,0.367343154347088,0.13875605165958405,0,nhidcl
618341,0.7501175156695301,0.7594709612155149,0.7675790786743164,0,nhidcl
618342,0.19473068720745595,0.3716952591862345,0.3971908986568451,0,nhidcl
618343,0.2109201819528159,0.36136084435985877,0.35060960054397583,0,nhidcl
618372,0.7091609570285282,0.24371105285705827,0.02278534509241581,0,nhidcl
618381,0.7721621457032779,0.40135936383392257,0.08924305438995361,0,nhidcl
618382,0.8047761838631752,0.3620737371101951,0.06312776356935501,0,nhidcl
618384,0.7767195196683114,0.35211693890261286,0.06727655231952667,0,nhidcl
618386,0.22719342733102368,0.37246090972639023,0.36676809191703796,0,nhidcl
618396,0.2220042069795603,0.370905328476711,0.3281852602958679,0,nhidcl
618432,0.6795418482522063,0.3871482302877371,0.0938163548707962,0,nhidcl
618456,0.6346926108772992,0.5009675014767055,0.20758488774299622,0,national highways authority of india [nhai]
618460,0.5492215946402809,0.49330179896690707,0.31647780537605286,0,national highways authority of india [nhai]
618464,0.6080415527422803,0.7392294396401163,0.7882680892944336,0,national highways authority of india [nhai]
618465,0.6655870074624431,0.7717333580552095,0.8474377393722534,0,national highways authority of india [nhai]
618468,0.7619740462054493,0.7060408181727245,0.5633330941200256,0,national highways authority of india [nhai]
618484,0.7130694429399856,0.5817961099281821,0.4472790062427521,0,national highways authority of india [nhai]
618485,0.6995265338276457,0.5664629443206374,0.27147698402404785,0,national highways authority of india [nhai]
618487,0.67685559679524,0.7856221714440824,0.8893862366676331,0,national highways authority of india [nhai]
618498,0.787179046375275,0.6225252984532088,0.425810307264328,0,national highways authority of india [nhai]
618501,0.5494137426712272,0.5158195325165763,0.4251069724559784,0,national highways authority of india [nhai]
618502,0.5470855324770372,0.5020406282887478,0.2566128969192505,0,national highways authority of india [nhai]
618515,0.611295540338165,0.464409566090045,0.22671212255954742,0,national highways authority of india [nhai]
618527,0.4676648696317094,0.5255120140833673,0.21733230352401733,0,national highways authority of india [nhai]
618532,0.6779868611073594,0.6896817528511889,0.7310353517532349,0,national highways authority of india [nhai]
618553,0.6301079364542947,0.6818492648155137,0.44022804498672485,0,national highways authority of india [nhai]
618562,0.804462991301679,0.39692130659548197,0.09106240421533585,0,national highways authority of india [nhai]
618565,0.6961014850540512,0.41593174398459465,0.13172337412834167,0,nhai
618570,0.8816009998787341,0.6384399425202543,0.5683944225311279,0,national highways authority of india [nhai]
618576,0.7277246266631759,0.4467493355917414,0.0847015529870987,0,national highways authority of india [nhai]
618577,0.5924841002676765,0.4089742705542349,0.09655673056840897,0,national highways authority of india [nhai]
618578,0.6819540217787603,0.7534125397006946,0.8385496139526367,0,national highways authority of india [nhai]
618582,0.8777668325127709,0.378238999682261,0.14731843769550323,0,national highways authority of india [nhai]
618583,0.8939306544688415,0.36177561399074504,0.21536414325237274,0,national highways authority of india [nhai]
618614,0.5700532163342618,0.7116573712930143,0.7962844371795654,0,national highways authority of india [nhai]
618624,0.8018602440024895,0.5655297034824016,0.4399873912334442,0,national highways authority of india [nhai]
618625,0.43689361358571155,0.5212751813185478,0.2254761904478073,0,national highways authority of india [nhai]
618638,0.7302080861230554,0.6353197014017582,0.5640451312065125,0,national highways authority of india [nhai]
618652,0.7731860628701643,0.3426170891906677,0.03984516113996506,0,national highways authority of india [nhai]
618665,0.6001421152333293,0.770698373899827,0.8467100858688354,0,national highways authority of india [nhai]
618676,0.759208059660425,0.5020194187186288,0.11445428431034088,0,national highways authority of india [nhai]
618692,0.6075328907648432,0.44546311354707996,0.0936284214258194,0,national highways authority of india [nhai]
618695,0.6246188753014597,0.7494301101677382,0.7909897565841675,0,national highways authority of india [nhai]
618698,0.76229593286109,0.5568660465897765,0.1562279313802719,0,national highways authority of india [nhai]
618699,0.7350999751751137,0.3954478905499329,0.056402236223220825,0,national highways authority of india [nhai]
618701,0.47637085397417755,0.45206781629781545,0.145175501704216,0,national highways authority of india [nhai]
618743,0.7533376759590114,0.4507932390656651,0.20937785506248474,0,national highways authority of india [nhai]
618745,0.6189634769244112,0.49261096179629305,0.19511549174785614,0,national highways authority of india [nhai]
618748,0.6482844601398686,0.36484957416778063,0.03241286799311638,0,national highways authority of india [nhai]
618749,0.4714642648237163,0.6992668884505311,0.4481410086154938,0,national highways authority of india [nhai]
618755,0.605308687629709,0.49048786534646216,0.15310099720954895,0,national highways authority of india [nhai]
618760,0.7322870803466636,0.6494955247069639,0.45466548204421997,0,national highways authority of india [nhai]
618770,0.6429601406810224,0.5350472959606244,0.21464663743972778,0,national highways authority of india [nhai]
618771,0.7749439708820943,0.7127230969027812,0.6638230085372925,0,national highways authority of india [nhai]
618773,0.8015556796463172,0.3849084458509155,0.08886829018592834,0,national highways authority of india [nhai]
618774,0.8846128694039092,0.43387850091208047,0.2730005979537964,0,national highways authority of india [nhai]
618779,0.8355304406212662,0.7317814506725884,0.869649350643158,0,nhai
618819,0.7354800154196413,0.45044145487340775,0.1355113983154297,0,national highways authority of india [nhai]
618828,0.8537942266103892,0.8456448784559177,0.9266260862350464,0,national highways authority of india [nhai]
618829,0.6342480382194419,0.4859968476717739,0.27936798334121704,0,national highways authority of india [nhai]
618833,0.5554765401334119,0.6479819913732711,0.6515381932258606,0,national highways authority of india [nhai]
618834,0.6924810216810455,0.3257995021527892,0.025314105674624443,0,national highways authority of india [nhai]
618835,0.7123370144447041,0.32844842995939905,0.03443478047847748,0,national highways authority of india [nhai]
618839,0.8888954950021319,0.47874158109392906,0.35988137125968933,0,national highways authority of india [nhai]
618849,0.33641915618784196,0.42597786963914963,0.06261733919382095,0,national highways authority of india [nhai]
618854,0.752628954905498,0.5797408660870977,0.2587454617023468,0,national highways authority of india [nhai]
618855,0.7301940697230238,0.6855027566181217,0.6048351526260376,0,national highways authority of india [nhai]
618864,0.6412953769134461,0.5189559825898211,0.19326704740524292,0,national highways authority of india [nhai]
618865,0.7574288464425716,0.41409034380634013,0.08888713270425797,0,national highways authority of india [nhai]
618874,0.44790343618935635,0.4883498428144412,0.25326070189476013,0,national highways authority of india [nhai]
618897,0.739209788853618,0.38713059073902256,0.09718233346939087,0,national highways authority of india [nhai]
618912,0.6693719839800423,0.7304979601293514,0.6824047565460205,0,national highways authority of india [nhai]
618913,0.6948378393445896,0.5510055963525506,0.25863543152809143,0,national highways authority of india [nhai]
618915,0.860344239082909,0.5591398192254862,0.5297669768333435,0,national highways authority of india [nhai]
618916,0.8649840150227575,0.5565757883210457,0.4570991098880768,0,national highways authority of india [nhai]
618919,0.6196116742203988,0.41283391329475116,0.035983528941869736,0,national highways authority of india [nhai]
618935,0.645596907243689,0.4577252422831393,0.13704197108745575,0,national highways authority of india [nhai]
618938,0.6300677743568878,0.4770802473847225,0.12372249364852905,0,national highways authority of india [nhai]
618943,0.44850950776954046,0.4745480443835355,0.2617534101009369,0,national highways authority of india [nhai]
618946,0.5861973164626345,0.7056303546511918,0.5670005083084106,0,national highways authority of india [nhai]
618959,0.7348050502584187,0.3758137460290787,0.0621349960565567,0,national highways authority of india [nhai]
619063,0.49336571085000336,0.47958658245368285,0.15623225271701813,0,national highways authority of india [nhai]
619067,0.5028350997345165,0.4795185993087555,0.2430613785982132,0,national highways authority of india [nhai]
619070,0.47963560754681883,0.47855834464222274,0.1960473656654358,0,national highways authority of india [nhai]
619075,0.5172420514633768,0.7234039273372013,0.8407372236251831,0,national highways authority of india [nhai]
619083,0.3763491972917394,0.43522549814466094,0.12927085161209106,0,national highways authority of india [nhai]
619084,0.40841580389581095,0.44878724426567324,0.07492195814847946,0,national highways authority of india [nhai]
619104,0.7891921041350185,0.4638167797469837,0.10071812570095062,0,national highways authority of india [nhai]
619121,0.5953990936419788,0.6289751023341649,0.23631231486797333,0,national highways authority of india [nhai]
619122,0.6089050880066528,0.4715541493888735,0.17386026680469513,0,national highways authority of india [nhai]
619137,0.5422870355005024,0.44665730101697393,0.10462217777967453,0,national highways authority of india [nhai]
619144,0.5633825206022414,0.4928921108586743,0.22623257339000702,0,national highways authority of india [nhai]
619146,0.5775028036181388,0.6952806363000229,0.7548092007637024,0,national highways authority of india [nhai]
619147,0.6765642558249603,0.47427345403108795,0.12808585166931152,0,national highways authority of india [nhai]
619148,0.749125163564794,0.41999942890947095,0.14415261149406433,0,national highways authority of india [nhai]
619209,0.7547599724319909,0.7479071132607551,0.642473578453064,0,national highways authority of india [nhai]
619291,0.6447964400874264,0.7767990681050487,0.7286095023155212,0,nhai
619320,0.7455430185432174,0.5618516558810726,0.7281591296195984,0,nhai
701105,0.4402284118352713,0.4542050895197917,0.17395508289337158,0,airport authority of india [aai]
701263,0.6518758983477254,0.4830055994335033,0.2909378111362457,0,ministryofpetroleumnaturalgas
701343,0.39179598363974316,0.5554755006591765,0.46003270149230957,0,ministry of petroleum & natural gas
701354,0.4835950119614598,0.49897281397784304,0.4653545022010803,0,ministry of petroleum & natural gas
701406,0.2357589961340689,0.401894878883732,0.11492801457643509,0,irrigation and cad-tg
702639,0.2689041276539877,0.416519629580468,0.1968483030796051,0,gujarat metro rail corporation limited [gmrcl]
702840,0.219862069881882,0.508539708907546,0.44092515110969543,0,ministry of housing & urban affairs
702851,0.35401649727618495,0.5861072319710738,0.5586510896682739,0,ministry of housing & urban affairs
702854,0.21585027480322286,0.5218366937434085,0.5096443295478821,0,ministry of housing & urban affairs
709757,0.08943084830703575,0.06068987728662563,0.008540812879800797,0,hindustan petroleum corporation limited
709758,0.1630744691437517,0.06868383334657004,0.015566494315862656,0,hindustan petroleum corporation limited
709760,0.4692998617369064,0.6251711827880404,0.7660953998565674,0,hindustan petroleum corporation limited
709782,0.40140628307565124,0.5567695966197508,0.449917733669281,0,indian oil corporation limited [iocl]
900808,0.4267258636376892,0.47849853397985226,0.34360092878341675,0,power grid corporation of india limited [powergrid]
