project_code,project_name,sector,agency,state,cost_cr,physical_progress_pct,risk_score,tier,why
N24001567,DELHI-VADODARA GREENFIELD ALIGNMENT (NH-148N) (PKG-10) (CH. 292.950 TO CH. 319.400) [END OF INTERCHA,ROAD TRANSPORT AND HIGHWAYS,NHAI,RAJASTHAN,1272.97,89.63,94.0,Critical,2.7y past original commissioning date; pace is 14% of what the current date needs; date already moved 3x in 10 months
N04000083,CONSTRUCTION OF NEW INTEGRATED TERMINAL BUILDING AT LGBI AIRPORT GUWAHATI,CIVIL AVIATION,AAI,ASSAM,1142.0,89.66,93.5,Critical,agency anticipates +104% over approved cost; 4.3y past original commissioning date; spend outruns works by 81pp
N24001405,CHURACHANPUR TUIVAI PKG-3,ROAD TRANSPORT AND HIGHWAYS,NHIDCL,MANIPUR,673.27,80.28,93.1,Critical,"agency's own forecast is 9 months past its approved date; 20 months past original date; already past planned completion, no revised pace available"
N24002058,ADDITIONAL STRUCTURES ON 6LGURGAON-JAIPUR SECTION OF NH- 48 BETWEEN KM 42.700 TO KM 273.00,ROAD TRANSPORT AND HIGHWAYS,NHAI,RAJASTHAN,409.64,81.65,92.6,Critical,12 months past original date; pace is 22% of what the current date needs; date already moved 2x in 10 months
N24001437,TAMENGLONG - MAHUR PKG-6,ROAD TRANSPORT AND HIGHWAYS,NHIDCL,MANIPUR,311.18,83.78,91.7,Critical,"agency's own forecast is 13 months past its approved date; 2.1y past original commissioning date; already past planned completion, no revised pace available"
N24001564,DEOGARH (NEAR DHANDHANIYA)- RAJASTHAN/GUJARAT BORDER (PHASE-I) (AJ/DRGB-PACKAGE-7),ROAD TRANSPORT AND HIGHWAYS,NHAI,RAJASTHAN,662.08,96.5,91.4,Critical,23 months past original date; no physical progress for 9 consecutive reports; pace is 0% of what the current date needs
N24001436,TAMENGLONG - MAHUR PKG-5,ROAD TRANSPORT AND HIGHWAYS,NHIDCL,MANIPUR,477.86,84.87,89.4,Critical,"agency's own forecast is 12 months past its approved date; 2.1y past original commissioning date; already past planned completion, no revised pace available"
N24001663,SIX LANING OF NEELESHWARAM TO THALIPARAMBHA SECTION FROM CH. 94+540 (EXISTING KM 96+450) TO CH. 134+,ROAD TRANSPORT AND HIGHWAYS,NHAI,KERALA,3867.66,82.75,89.4,Critical,"agency's own forecast is 53 months past its approved date; 14 months past original date; already past planned completion, no revised pace available"
N24001629,6L WITH ACCESS CONTROL PROVISION SAHARANPUR BYPASS TO GANESHPUR SECTION FROM 13.89 KM TO 41.820 KM O,ROAD TRANSPORT AND HIGHWAYS,NHAI,MULTI STATE,796.65,91.71,89.3,Critical,7 months past original date; pace is 48% of what the current date needs; date already moved 3x in 10 months
N18000347,BHADLA-II 500MW SOLAR PV PROJECT,POWER,NTPC,RAJASTHAN,2598.92,60.0,89.1,Critical,15 months past original date
N24001863,"CONSTRUCTION OF 5 HL BRIDGES AT KM 379/000 (PANGAM), KM 439/400 (POTTERU), KM 444/237 (KONGURUKONDA)",ROAD TRANSPORT AND HIGHWAYS,MORTH,ODISHA,154.05,30.0,89.0,Critical,12 months past original date; pace is 16% of what the current date needs; date already moved 2x in 10 months
N22000359,PUNE-MIRAJ-LONDA (467 KM),RAILWAYS,CR,MAHARASHTRA,3627.0,84.0,88.4,Critical,agency's own forecast is 3 months past its approved date; agency anticipates +94% over approved cost; 4 months past original date
N26000116,MPLS-IP BASED ACCESS AND AGGREGATION NETWORK (MAAN) IN BSNL ALONG WITH TEST AND MEASURING EQUIPMENT,TELECOMMUNICATIONS,BSNL,MULTI STATE,645.13,89.15,88.4,Critical,"agency's own forecast is 7 months past its approved date; 10 months past original date; already past planned completion, no revised pace available"
N24001789,CONSTRUCTION OF EIGHT LANE EXPRESSWAY FROM KM 190.000 TO KM 217.500 GANDEVA TO ENA SECTION OF VADODA,ROAD TRANSPORT AND HIGHWAYS,NHAI,GUJARAT,2665.08,90.56,88.4,Critical,agency's own forecast is 23 months past its approved date; 22 months past original date; no physical progress for 3 consecutive reports
N18000359,"KHAVDA-2, GUJARAT- ESTABLISHMENT OF KHAVDA POOLING STATION-2 (KPS2) IN KHAVDA RE PARK",POWER,PGCIL,GUJARAT,966.79,93.6,88.4,Critical,"agency's own forecast is 8 months past its approved date; 6 months past original date; already past planned completion, no revised pace available"
N24001606,4-LANING OF VADIPPATTI - THAMARAIPATTI SECTION OF NH-744A (MADURAI RING ROAD),ROAD TRANSPORT AND HIGHWAYS,NHAI,TAMIL NADU,854.94,80.3,88.4,Critical,3.3y past original commissioning date; pace is 24% of what the current date needs; date already moved 3x in 10 months
N22000032,MANOHARABAD-KOTHPALL NEW LINE(SCR),RAILWAYS,SCR,TELANGANA,1160.48,0.0,88.3,Critical,agency anticipates +160% over approved cost; no physical progress for 9 consecutive reports; pace is 0% of what the current date needs
N24001444,CONSTRUCTION OF FOUR LANE EXPRESSWAY FROM START OF SINDHREJ VILLAGE (CH. 22.00 TO CH. 48.52) SECTION,ROAD TRANSPORT AND HIGHWAYS,NHAI,GUJARAT,1229.37,91.54,88.1,Critical,17 months past original date; pace is 26% of what the current date needs; date already moved 3x in 10 months
N22000181,JAYNAGAR-BIJALPURA INCLUDING EXTENSION BIJALPURA- BARDIBAS(NEPAL) GC,RAILWAYS,ECR,BIHAR,548.0,75.0,87.8,Critical,agency's own forecast is 48 months past its approved date; agency anticipates +43% over approved cost; 3.3y past original commissioning date
N04000101,CONSTRUCTION OF NEW TERMINAL BUILDING AT JODHPUR AIRPORT,CIVIL AVIATION,AAI,RAJASTHAN,480.0,77.75,87.7,Critical,7 months past original date
N24001403,TAMENGLONG - MAHUR PKG-2,ROAD TRANSPORT AND HIGHWAYS,NHIDCL,MANIPUR,483.87,92.94,87.6,Critical,"agency's own forecast is 11 months past its approved date; 2.3y past original commissioning date; already past planned completion, no revised pace available"
N04000095,EXTENSION OF EXISTING INTEGRATED TERMINAL BUILDING AND ALLIED WORKS AT GOA AIRPORT.,CIVIL AVIATION,AAI,GOA,255.69,86.75,87.5,Critical,3.7y past original commissioning date; date already moved 2x in 10 months
N42000001,CONSTRUCTION AND DEVELOPMENT OF NATINAL INSTITUTE OF TECHNOLOGY MEGHALAYA PERMANENT CAMPUS AT SOHRA,DEPARTMENT OF HIGHER EDUCATION,RITES OF HIGHER,MEGHALAYA,429.7,84.0,87.4,Critical,agency anticipates +15% over approved cost; 10.7y past original commissioning date; pace is 6% of what the current date needs
N18000379,TS FOR EVACUATION POWER FROM REZ IN RAJASTHAN (20GW) UNDER PHASE-III PART E2,POWER,PGCIL,RAJASTHAN,428.0,45.0,87.1,Critical,"agency's own forecast is 3 months past its approved date; already past planned completion, no revised pace available"
N24001539,IMPHAL - KHONGSANG PKG-6,ROAD TRANSPORT AND HIGHWAYS,NHIDCL,MANIPUR,504.76,78.25,87.0,Critical,agency's own forecast is 3 months past its approved date; 4 months past original date; pace is 44% of what the current date needs
N24001861,CONSTRUCTION OF BYPASS TO KHORDHA TOWN FROM KM 294/000 TO 300/300 ON NH-57 INCLUDING LA IN THE STATE,ROAD TRANSPORT AND HIGHWAYS,MORTH,ODISHA,157.49,54.0,86.8,Critical,7 months past original date; pace is 19% of what the current date needs; date already moved 3x in 10 months
N24001528,WIDENING OF PACHPADRA-BAGUNDI SECTION TO 4 LANE FROM KM 73/60 TO 95/70 OF NH-25 ON EPC MODE IN THE,ROAD TRANSPORT AND HIGHWAYS,MORTH,RAJASTHAN,194.88,83.0,86.8,Critical,6 months past original date; pace is 30% of what the current date needs; date already moved 3x in 10 months
N18000352,TRANSMISSION SYSTEM FOR KURNOOL WIND ENERGY ZONE SOLAR ENERGY ZONE (AP) PART-A PART B,POWER,PGCIL,MULTI STATE,3546.94,94.0,86.7,Critical,"agency's own forecast is 10 months past its approved date; 7 months past original date; already past planned completion, no revised pace available"
N24001453,IMPHAL - KHONGSANG PKG-4,ROAD TRANSPORT AND HIGHWAYS,NHIDCL,MANIPUR,579.63,72.5,86.6,Critical,agency's own forecast is 5 months past its approved date; 18 months past original date; pace is 7% of what the current date needs
N24001735,6L ACCESS CONTROL GREENFIELD HIGHWAY OF VILL-KHYAWARI TO VILL- LATIFPUR AT SAHARANPUR BYPASS FROM KM,ROAD TRANSPORT AND HIGHWAYS,NHAI,UTTAR PRADESH,1428.19,89.5,86.6,Critical,"agency's own forecast is 11 months past its approved date; 10 months past original date; already past planned completion, no revised pace available"
N24001473,CONSTRUCTION OF 2-LANING WITH HARD SHOULDER ROAD OF UKHRUL - TOLOI - TADUBI SECTION OF NH-102A FROM,ROAD TRANSPORT AND HIGHWAYS,NHIDCL,MANIPUR,310.76,96.77,86.5,Critical,agency's own forecast is 4 months past its approved date; 16 months past original date; no physical progress for 3 consecutive reports
N22000583,JANGHAI PRATAPGARH AMETHI DOUBLING,RAILWAYS,NR,UTTAR PRADESH,721.72,70.0,86.2,Critical,agency's own forecast is 9 months past its approved date; agency anticipates +52% over approved cost; 3 months past original date
N24001974,CONSTRUCTION OF 2-LANING WITH HARD SHOULDER ROAD OF UKHRUL - TOLOI - TADUBI SECTION OF NH-102A FROM,ROAD TRANSPORT AND HIGHWAYS,NHIDCL,MANIPUR,315.56,88.74,85.5,Critical,5 months past original date; date already moved 3x in 10 months
N18000357,ESTABLISHMENT OF KHAVDA POOLING STATION 3 (KPS3) IN KHAVDA RE PARK,POWER,PGCIL,GUJARAT,922.3,90.5,85.3,Critical,"agency's own forecast is 7 months past its approved date; 6 months past original date; already past planned completion, no revised pace available"
N18000010,TEHRI PUMPED STORAGE PLANT(1000MW),POWER,THDCIL,UTTARAKHAND,4825.6,98.3,85.3,Critical,agency's own forecast is 39 months past its approved date; agency anticipates +70% over approved cost; 14.9y past original commissioning date
N24001573,DELHI-VADODARA GREENFIELD ALIGNMENT (NH-148N) (PKG-09) (CH. 247.310 TO CH. 292.950) [JUNCTION WITH M,ROAD TRANSPORT AND HIGHWAYS,NHAI,RAJASTHAN,1658.06,99.9,84.6,Critical,2.5y past original commissioning date; no physical progress for 9 consecutive reports; pace is 0% of what the current date needs
N24001443,CONSTRUCTION OF FOUR LANE EXPRESSWAY FROM START OF SARDAR PATEL RING ROAD TO SINDHREJ VILLAGE (CH. 0,ROAD TRANSPORT AND HIGHWAYS,NHAI,GUJARAT,929.95,94.22,84.6,Critical,15 months past original date; pace is 31% of what the current date needs; date already moved 3x in 10 months
N24000784,6-LANING OF KOZHIKODE BYPASS (CALICUT BYPASS) (I.E. VENGALAM JN. TO RAMANATTUKARA JN.) SECTION OF NH,ROAD TRANSPORT AND HIGHWAYS,NHAI,KERALA,2065.95,95.5,84.4,Critical,"agency's own forecast is 7 months past its approved date; 2.3y past original commissioning date; already past planned completion, no revised pace available"
N22000514,DHULE (BORVIHIR)-NARDANA (UMBRELLA WORK),RAILWAYS,CR,MAHARASHTRA,492.76,5.0,84.4,Critical,agency's own forecast is 15 months past its approved date; agency anticipates +135% over approved cost; no physical progress for 9 consecutive reports
N22000489,KHARSIA DHARAMJAIGARH WITH SPUR LINE EAST CORRIDOR-PHASE I,RAILWAYS,IRCON,CHHATTISGARH,3055.0,93.0,84.2,Critical,agency's own forecast is 90 months past its approved date; agency anticipates +13% over approved cost; 6.7y past original commissioning date
N24000723,REHABILITATION AND UPGRADATION OF TWO LANING OF MAHESHKHUNT - SAHARSA - PURNEA SECTION PKG - I,ROAD TRANSPORT AND HIGHWAYS,NHAI,BIHAR,644.5,82.51,84.2,Critical,agency's own forecast is 4 months past its approved date; agency anticipates +13% over approved cost; 3.5y past original commissioning date
N18000374,TS FOR EVACUATION POWER FROM REZ IN RAJASTHAN (20GW) UNDER PHASE-III PART H,POWER,PGCIL,RAJASTHAN,2211.0,69.4,83.9,Critical,"agency's own forecast is 4 months past its approved date; 2 months past original date; already past planned completion, no revised pace available"
N24001734,6L ACCESS CONTROL GREENFIELD HIGHWAY OF VILL-LOHADDA TO VILL- KARAUNDA MAHAJAN FROM KM. 27.000 TO KM.,ROAD TRANSPORT AND HIGHWAYS,NHAI,UTTAR PRADESH,1335.45,85.02,83.9,Critical,"agency's own forecast is 11 months past its approved date; 10 months past original date; already past planned completion, no revised pace available"
N04000078,CONSTRUCTION OF TERMINAL BUILDING AND ASSOCIATED WORKS AT LEH AIRPORT,CIVIL AVIATION,AAI,LADAKH,640.0,65.92,83.1,Critical,3.7y past original commissioning date; pace is 9% of what the current date needs
N24001271,2-LANING OF CHURACHANDPUR TUIVAI SECTION OF NH-102B (PKG- 2B),ROAD TRANSPORT AND HIGHWAYS,NHIDCL,MANIPUR,365.53,77.69,82.9,Critical,"agency's own forecast is 4 months past its approved date; 2.8y past original commissioning date; already past planned completion, no revised pace available"
N18000389,TS FOR EVACUATION OF POWER FROM REZ IN RAJASTHAN (20GW) UNDER PH-III PART D [SIKAR KHETRI TRANSMISSI,POWER,PGCIL,RAJASTHAN,2000.0,58.0,82.9,Critical,pace is 27% of what the current date needs
N24001401,IMPHAL - KHONGSANG PKG-3,ROAD TRANSPORT AND HIGHWAYS,NHIDCL,MANIPUR,467.0,79.81,82.9,Critical,"agency's own forecast is 7 months past its approved date; 2.3y past original commissioning date; already past planned completion, no revised pace available"
N04000094,DEVELOPMENT OF AYODHYA AIRPORT PHASE-01,CIVIL AVIATION,AAI,UTTAR PRADESH,328.0,99.9,82.7,Critical,agency anticipates +9% over approved cost; 2.5y past original commissioning date; no physical progress for 9 consecutive reports
N18000042,VISHNUGAD PIPALKOTI HYDRO ELECTRIC PROJECT,POWER,THDCIL,UTTARAKHAND,3860.35,71.0,82.5,Critical,agency's own forecast is 165 months past its approved date; agency anticipates +77% over approved cost; 12.0y past original commissioning date
N18000373,"TS FOR EVACUATION OF POWER FROM REZ IN RAJASTHAN (20GW) UNDER PHASE-III, PART E1",POWER,PGCIL,RAJASTHAN,688.74,93.0,82.4,Critical,"agency's own forecast is 7 months past its approved date; 4 months past original date; already past planned completion, no revised pace available"
N24001664,SIX LANING OF CHENGALA TO NEELESHWARAM SECTION OF NH-17 (NEW NH-66) FROM CH. 56+200 (EXISTING KM 57+,ROAD TRANSPORT AND HIGHWAYS,NHAI,KERALA,2538.06,79.25,82.4,Critical,"agency's own forecast is 53 months past its approved date; 14 months past original date; already past planned completion, no revised pace available"
N24001269,2-LANING OF CHURACHANDPUR TUIVAI SECTION OF NH-102B (PKG- IB),ROAD TRANSPORT AND HIGHWAYS,NHIDCL,ASSAM,241.52,87.02,82.3,Critical,"agency's own forecast is 2 months past its approved date; 3.3y past original commissioning date; already past planned completion, no revised pace available"
N18000376,TS FOR EVACUATION POWER FROM REZ IN RAJASTHAN (20GW) UNDER PHASE-III PART B1,POWER,PGCIL,RAJASTHAN,2191.0,75.7,82.3,Critical,"agency's own forecast is 5 months past its approved date; 2 months past original date; already past planned completion, no revised pace available"
N24001632,CONSTRUCTION OF FOUR LANE GREENFIELD PROJECT OF DELHI- AMRITSAR-KATRA EXPRESSWAY (PHASE-I PKG-V) FROM,ROAD TRANSPORT AND HIGHWAYS,NHAI,PUNJAB,2281.02,96.5,82.3,Critical,"agency's own forecast is 2 months past its approved date; 13 months past original date; already past planned completion, no revised pace available"
N24001733,6L ACCESS CONTROLLED GREENFIELD HIGHWAY OF JUNCTION OF EPE (VILL.-MAVIKALAN) TO VILL.- LOHADDA FROM K,ROAD TRANSPORT AND HIGHWAYS,NHAI,UTTAR PRADESH,1602.48,94.0,82.3,Critical,"agency's own forecast is 11 months past its approved date; 10 months past original date; already past planned completion, no revised pace available"
N24001662,SIX LANING OF KT/KL BORDER (THALAPPDY) TO CHENGALA SECTION OF NH17 (NEW NH-66) FROM CH. 17.200 TO CH,ROAD TRANSPORT AND HIGHWAYS,NHAI,KERALA,2651.79,97.38,82.2,Critical,"agency's own forecast is 44 months past its approved date; 13 months past original date; already past planned completion, no revised pace available"
N18000250,NORTH EASTERN REGION POWER SYSTEM IMPROVEMENT PROJECT (NERPSIP) FOR SIX (6) STATES,POWER,PGCIL,MULTI STATE,6700.0,96.0,82.2,Critical,"agency's own forecast is 6 months past its approved date; 6.5y past original commissioning date; already past planned completion, no revised pace available"
N16000398,MUMBAI NAGPUR JHARSUGUDA PIPELINE PROJECT,PETROLEUM,GAIL,MULTI STATE,7844.25,95.1,82.2,Critical,2.1y past original commissioning date; pace is 37% of what the current date needs; date already moved 2x in 10 months
N24000739,REHABILITATION AND UP-GRADATION TO 4-LANING OF RAJAMUNDA- BARKOTE SECTION OF NH-23 (NEW NH NO. 143) (,ROAD TRANSPORT AND HIGHWAYS,NHAI,ODISHA,609.03,98.5,82.2,Critical,4.0y past original commissioning date; pace is 35% of what the current date needs; date already moved 3x in 10 months
N24000569,FOUR LANING OF KAGAVADAR - UNA SECTION OF NH-8E FROM KM 139.915 TO KM 180.478 (PACKAGE-IV) IN THE ST,ROAD TRANSPORT AND HIGHWAYS,NHAI,GUJARAT,723.64,97.0,82.2,Critical,"agency's own forecast is 13 months past its approved date; 5.7y past original commissioning date; already past planned completion, no revised pace available"
N22000148,GWALIOR-SEOPURKALA WITH EXTENSION TO KOTA (GC),RAILWAYS,NCR,MULTI STATE,2912.96,0.0,82.0,Critical,agency anticipates +32% over approved cost; 3 months past original date; no physical progress for 9 consecutive reports
N18000332,TRANSMISSION SYSTEM STRENGTHENING SCHEME FOR EVACUATION OF POWER FROM SOLAR ENERGY ZONES IN RAJASTHA,POWER,PGCIL,MULTI STATE,2218.0,94.1,82.0,Critical,"agency's own forecast is 22 months past its approved date; 19 months past original date; already past planned completion, no revised pace available"
N18000331,TRANSMISSION SYSTEM STRENGTHENING SCHEME FOR EVACUATION OF POWER FROM SOLAR ENERGY ZONES IN RAJASTHA,POWER,PGCIL,MULTI STATE,359.47,90.0,81.8,Critical,"agency's own forecast is 23 months past its approved date; 21 months past original date; already past planned completion, no revised pace available"
N18000337,TRANSMISSION NETWORK EXPANSION IN GUJARAT TO INCREASE ATC FROM ISTS: PART B,POWER,PGCIL,MULTI STATE,4546.26,93.0,81.8,Critical,"agency's own forecast is 27 months past its approved date; 2.0y past original commissioning date; already past planned completion, no revised pace available"
N18000194,BUXAR THERMAL POWER PLANT (1320 MW),POWER,SJVN,BIHAR,10439.09,91.56,81.7,Critical,agency's own forecast is 21 months past its approved date; agency anticipates +38% over approved cost; 17 months past original date
N24000579,FOUR LANING OF GAYA-HISUA- RAJGIRI-NALANDA-BIHARSHARIF SECTION (KM0.00 TO 92.935) ON NH-82 IN BIHAR,ROAD TRANSPORT AND HIGHWAYS,MORTH,BIHAR,1408.85,97.0,81.6,Critical,agency's own forecast is 106 months past its approved date; agency anticipates +52% over approved cost; 8.7y past original commissioning date
N24001563,DEOGARH (NEAR DHANDHANIYA)- RAJASTHAN/GUJARAT BORDER (PHASE-I) (AJ/DRGB-PACKAGE-6),ROAD TRANSPORT AND HIGHWAYS,NHAI,RAJASTHAN,846.59,99.25,81.6,Critical,22 months past original date; pace is 20% of what the current date needs; date already moved 6x in 10 months
N24002106,CONSTRUCTION OF NEW 4 LANE PRAYAGRAJ SOUTHERN BYPASS FROM DESIGN KM 50.860 (NABABA URF NIBI KALA UPA,ROAD TRANSPORT AND HIGHWAYS,NHAI,UTTAR PRADESH,993.77,92.98,81.5,Critical,"agency's own forecast is 7 months past its approved date; 3 months past original date; already past planned completion, no revised pace available"
N22000476,"FATUHA-ISLAMPUR INCL. MM FOR EXTENSION OF NEW LINE FORM BIHARSHARIF-BARBIGHA, DANIYAWAN- BIHARSHARIF,",RAILWAYS,ECR,BIHAR,803.09,90.0,81.5,Critical,agency's own forecast is 26 months past its approved date; agency anticipates +239% over approved cost; 2.3y past original commissioning date
N24000480,FOUR OF SIMARIA - KHAGARIA SECTION OF NH-31,ROAD TRANSPORT AND HIGHWAYS,NHAI,BIHAR,567.0,97.68,81.5,Critical,agency's own forecast is 8 months past its approved date; agency anticipates +13% over approved cost; 6.2y past original commissioning date
N24000834,CONSTRUCTION OF EIGHT LANE VADODARA KIM EXPRESSWAY FROM KM 254.430 TO KM 279.000 (KIM TO ANKLESHWAR,ROAD TRANSPORT AND HIGHWAYS,NHAI,GUJARAT,1738.03,83.0,81.5,Critical,"agency's own forecast is 2 months past its approved date; 3.7y past original commissioning date; already past planned completion, no revised pace available"
N22000629,NAGPUR- NAGBHIR RAILWAY LINE GAUGE CONVERSION PROJECT,RAILWAYS,MRIDC,MAHARASHTRA,1400.0,87.0,81.2,Critical,agency's own forecast is 16 months past its approved date; agency anticipates +70% over approved cost; 12 months past original date
N22000470,"SHAHGANJ-BHATNI-PHEPHNA-INDARA, MAU-SHAHGANJ (EXCL. MAU-INDARA) PATCH DOUBLING.",RAILWAYS,NER,UTTAR PRADESH,1177.96,85.0,81.0,Critical,agency's own forecast is 8 months past its approved date; agency anticipates +82% over approved cost; 6 months past original date
N24000863,WIDENING AND UP-GRADATION TO 2- LANE WITH PAVED SHOULDER CONFIGURATION AND GEOMETRIC IMPROVEMENTS FRO,ROAD TRANSPORT AND HIGHWAYS,NHIDCL,MIZORAM,518.53,97.9,81.0,Critical,agency's own forecast is 23 months past its approved date; agency anticipates +75% over approved cost; 2.0y past original commissioning date
N24001568,DELHI-VADODARA GREENFIELD ALIGNMENT (NH-148N) (PKG-14) (CH. 388.420 TO CH. 419.000) [JUNCTION WITH N,ROAD TRANSPORT AND HIGHWAYS,NHAI,RAJASTHAN,1119.35,99.8,80.9,Critical,2.1y past original commissioning date; no physical progress for 9 consecutive reports; pace is 0% of what the current date needs
N24000857,WIDENING AND UP-GRADATION TO 2- LANE WITH PAVED SHOULDER CONFIGURATION AND GEOMETRIC IMPROVEMENTS FRO,ROAD TRANSPORT AND HIGHWAYS,NHIDCL,MIZORAM,519.09,97.51,80.8,Critical,agency's own forecast is 24 months past its approved date; agency anticipates +51% over approved cost; 2.2y past original commissioning date
N06000269,NLCIL 300 MW SOLAR POWER PROJECT (PART OF 510 MW CPSU SCHEME),COAL,NLC,RAJASTHAN,1813.0,66.0,80.7,Critical,"agency's own forecast is 14 months past its approved date; 9 months past original date; already past planned completion, no revised pace available"
N22000350,RAMPUR DUMRA - TAL - RAJENDRAPUL DOUBLING INCLUDING GANGA BRIDGE,RAILWAYS,ECR,BIHAR,1491.47,77.0,80.7,Critical,agency's own forecast is 12 months past its approved date; agency anticipates +7% over approved cost; 6 months past original date
N24001274,IMPROVEMENT/UPGRADATION OF EXISTING 2-LANE TO 4-LANE DIVIDED HIGHWAY FROM TAPHOU KUKI TO DAILI SECTI,ROAD TRANSPORT AND HIGHWAYS,NHIDCL,MANIPUR,379.39,70.94,80.5,Critical,"agency's own forecast is 6 months past its approved date; 3.2y past original commissioning date; already past planned completion, no revised pace available"
N22000158,DHOLPUR-SIRMUTTRA WITH EXTENSION TO GANGAPURCITY AND MOHARI-TANTPUR AND TANPUR- BANSI PAHARPUR,RAILWAYS,NCR,MULTI STATE,746.83,39.0,80.4,Critical,"agency's own forecast is 94 months past its approved date; 6.3y past original commissioning date; already past planned completion, no revised pace available"
N24000861,WIDENING AND UP-GRADATION TO 2- LANE WITH PAVED SHOULDER CONFIGURATION AND GEOMETRIC IMPROVEMENTS FRO,ROAD TRANSPORT AND HIGHWAYS,NHIDCL,MIZORAM,473.18,95.0,80.2,Critical,agency's own forecast is 24 months past its approved date; agency anticipates +45% over approved cost; 2.2y past original commissioning date
N04000111,CALICUT AIRPORT - DEVELOPMENT OF ADDITIONAL RESA ON EITHER END ON RUNWAY 10-28 AT CALICUT AIRPORT,CIVIL AVIATION,AAI,KERALA,323.98,18.3,80.1,Critical,pace is 5% of what the current date needs
N24000912,WIDENING TO 2LPS FROM 0/0 TO 119/0 OF NH-157 IN THE STATE OF ODISHA.,ROAD TRANSPORT AND HIGHWAYS,MORTH,ODISHA,287.7,98.66,79.9,Critical,agency's own forecast is 106 months past its approved date; agency anticipates +2% over approved cost; 8.3y past original commissioning date
N28000156,REDEVELOPMENT OF GPRA AT NETAJI NAGAR NEW DELHI PACKAGE 2,URBAN DEVELOPMENT,NBCC,DELHI,1536.72,91.5,79.8,Critical,15 months past original date; pace is 43% of what the current date needs; date already moved 3x in 10 months
N24001270,2-LANING OF CHURACHANDPUR TUIVAI SECTION OF NH-102B (PKG- 2A),ROAD TRANSPORT AND HIGHWAYS,NHIDCL,MANIPUR,292.24,90.69,79.8,Critical,"agency's own forecast is 3 months past its approved date; 3.0y past original commissioning date; already past planned completion, no revised pace available"
N18000356,TRANSMISSION SYSTEM SCHEME FOR EVACUATION OF POWER FROM REZ RAJASTHAN (8.1 GW) UNDER PHASE-II PART,POWER,PGCIL,RAJASTHAN,1433.28,91.9,79.7,Critical,"agency's own forecast is 12 months past its approved date; 9 months past original date; already past planned completion, no revised pace available"
N24001644,AMRITSAR AIRPORT JUNCTION RAMDAS FROM KM. 100.835 TO KM. 139.813 PKG IV,ROAD TRANSPORT AND HIGHWAYS,NHAI,PUNJAB,416.58,73.0,79.7,Critical,21 months past original date; pace is 3% of what the current date needs; date already moved 2x in 10 months
N24001488,DHARAMPURI-LONAND FROM KM. 117.00 TO 166.40 (PKG-IV) ON MOHOL- ALANDI SECTION,ROAD TRANSPORT AND HIGHWAYS,NHAI,MAHARASHTRA,618.45,96.9,79.5,Critical,"agency's own forecast is 8 months past its approved date; 21 months past original date; already past planned completion, no revised pace available"
N24001400,SENAPATI- IMPHAL PKG-5B,ROAD TRANSPORT AND HIGHWAYS,NHIDCL,MANIPUR,211.7,71.06,79.4,Critical,"agency's own forecast is 5 months past its approved date; 2.4y past original commissioning date; already past planned completion, no revised pace available"
N24001519,DELHI VADODARA GREENFIELD ALIGNMENT SECTION OF NH 148N PACKAGE 28,ROAD TRANSPORT AND HIGHWAYS,NHAI,GUJARAT,1198.55,95.78,79.3,Critical,"agency's own forecast is 20 months past its approved date; 19 months past original date; already past planned completion, no revised pace available"
N24001660,SIX LANING OF THALIPARAMBHA- MUZHAPILANGAD SECTION FROM KM 137.900 TO KM. 170.600 OF NH-17 (NEW NH,ROAD TRANSPORT AND HIGHWAYS,NHAI,KERALA,3557.65,72.77,79.2,Critical,agency's own forecast is 7 months past its approved date; 16 months past original date; pace is 10% of what the current date needs
N24001516,DELHI VADODARA GREENFIELD ALIGNMENT SECTION OF NH 148N PACKAGE 27,ROAD TRANSPORT AND HIGHWAYS,NHAI,GUJARAT,1185.69,93.52,79.1,Critical,16 months past original date; pace is 41% of what the current date needs; date already moved 2x in 10 months
N06000152,NEYVELI UTTAR PRADESH POWER PROJECT LIMITED 1980 MW,COAL,NLC,UTTAR PRADESH,21780.94,91.39,79.1,Critical,3.6y past original commissioning date; pace is 32% of what the current date needs; date already moved 2x in 10 months
N24002043,CONSTRUCTION OF 4-LANE GREENFIELD JALBEHRA - SHAHBAD SECTION OF NH ? 152G FROM KM 0+000 TO KM 22+850,ROAD TRANSPORT AND HIGHWAYS,NHAI,HARYANA,1173.66,83.5,79.0,Critical,"agency's own forecast is 4 months past its approved date; already past planned completion, no revised pace available"
N24001354,TAMENGLONG - MAHUR PKG-3,ROAD TRANSPORT AND HIGHWAYS,NHIDCL,MANIPUR,234.08,92.82,79.0,Critical,"agency's own forecast is 14 months past its approved date; 2.5y past original commissioning date; already past planned completion, no revised pace available"
220100232,"LALITPUR-SATNA-REWA-SINGRULI NL, (NCR)",RAILWAYS,WCR,MULTI STATE,63.57,43.0,78.8,Critical,agency anticipates +12875% over approved cost; no physical progress for 9 consecutive reports; spend outruns works by 3890pp
N24000442,"CONSTRUCTION OF FLYOVER AT KM.544.650 INCLUDING ROB ,SERVICE ROADS ,FOOTPATH FOR RCC DRAINS ON URBAN",ROAD TRANSPORT AND HIGHWAYS,NHAI,MAHARASHTRA,649.5,94.1,78.7,Critical,"agency's own forecast is 20 months past its approved date; 6.3y past original commissioning date; already past planned completion, no revised pace available"
N24001505,VADODARA MUMBAI EXPRESSWAY (PHASE II - PKG XII) [KM. 50.700 TO KM. 77.000] (MASVAN - GANJAD),ROAD TRANSPORT AND HIGHWAYS,NHAI,MAHARASHTRA,1549.02,87.24,78.5,Critical,"15 months past original date; already past planned completion, no revised pace available; date already moved 2x in 10 months"
N16000515,PART REPLACEMENT PIPELINE PROJECT (PRPP),PETROLEUM,ONGC,MAHARASHTRA,1219.48,87.0,78.5,Critical,"agency's own forecast is 11 months past its approved date; 13 months past original date; already past planned completion, no revised pace available"
N22000593,GUDHA THATHANA MITHRI TEST TRACK FOR RDSO,RAILWAYS,NWR,RAJASTHAN,528.48,98.0,78.4,Critical,"3 months past original date; already past planned completion, no revised pace available"
N18000014,TAPOVAN-VISHNUGAD HEP (4X130MW),POWER,NTPC,UTTARAKHAND,2978.48,72.4,78.3,Critical,agency's own forecast is 88 months past its approved date; agency anticipates +266% over approved cost; 12.3y past original commissioning date
N24001669,6L OF DHANARA - HATIBENA SECTION FROM KM 124.611 TO KM 146.50 OF NH- 130-CD (PACKAGE ? OD-1),ROAD TRANSPORT AND HIGHWAYS,NHAI,ODISHA,586.0,92.98,78.3,Critical,"agency's own forecast is 16 months past its approved date; 15 months past original date; already past planned completion, no revised pace available"
N16000438,"GRASS ROOT POL TERMINAL AT VALLUR, CHENNAI",PETROLEUM,IOCL,TAMIL NADU,887.71,85.9,78.2,Critical,"agency's own forecast is 6 months past its approved date; 11 months past original date; already past planned completion, no revised pace available"
N24001349,MARIAM - PEREN PKG-1A,ROAD TRANSPORT AND HIGHWAYS,NHIDCL,MANIPUR,226.32,74.48,78.1,Critical,"agency's own forecast is 9 months past its approved date; 2.5y past original commissioning date; already past planned completion, no revised pace available"
N22000572,GAUGE CONVERSION OF RAIPUR(KENDRI)- DHAMTARI AND ABHANPUR-RAJIM BRANCH (67.20 KM),RAILWAYS,SECR,CHHATTISGARH,1171.3,82.0,78.0,Critical,"agency's own forecast is 8 months past its approved date; 8 months past original date; already past planned completion, no revised pace available"
N04000091,C/O OF NITB AND ASSOCIATED WORK AT VIJAYAWADA AIRPORT,CIVIL AVIATION,AAI,ANDHRA PRADESH,611.8,75.25,77.9,Critical,2.3y past original commissioning date; pace is 18% of what the current date needs; date already moved 2x in 10 months
N18000360,"KHAVDA PHASE-II-PART B, GUJARAT- TRANSMISSION SCHEME FOR EVACUATION OF 4.5 GW RE INJECTION AT KHAVDA",POWER,PGCIL,GUJARAT,1167.55,90.0,77.8,Critical,"agency's own forecast is 6 months past its approved date; 3 months past original date; already past planned completion, no revised pace available"
N22000177,ARARIA-SUPAUL (NL),RAILWAYS,ECR,BIHAR,1605.17,65.0,77.6,Critical,"agency's own forecast is 14 months past its approved date; 15 months past original date; already past planned completion, no revised pace available"
N24000578,"PROCUREMENT, AND CONSTRUCTION OF REHABILITATION AND UPGRADING TO 2 LANES/2 LANE(FOR LOT-III-KM 156.5",ROAD TRANSPORT AND HIGHWAYS,MORTH,BIHAR,553.3,98.0,77.3,Critical,agency's own forecast is 111 months past its approved date; agency anticipates +28% over approved cost; 9.1y past original commissioning date
N22000496,JHANSI BINA DOUBLING,RAILWAYS,NCR,UTTAR PRADESH,2001.0,90.0,77.2,Critical,"agency's own forecast is 49 months past its approved date; 3.3y past original commissioning date; already past planned completion, no revised pace available"
220100328,TALCHER-BIMALAGARH(NL)(ECOR),RAILWAYS,ECOR,ODISHA,1928.1,40.0,77.2,Critical,agency's own forecast is 12 months past its approved date; 3 months past original date; no physical progress for 8 consecutive reports
N24001345,KARGIL-ZANSKR PACKAGE-3,ROAD TRANSPORT AND HIGHWAYS,NHIDCL,LADAKH,381.01,76.11,77.0,Critical,2.4y past original commissioning date; pace is 12% of what the current date needs
N28000126,INDIAN INSTITUTE OF SCIENCE EDUCATION AND RESEARCH BERHAMPUR,DEPARTMENT OF HIGHER EDUCATION,CPWD EDUCATION,ODISHA,790.79,97.0,77.0,Critical,"agency's own forecast is 43 months past its approved date; 3.3y past original commissioning date; already past planned completion, no revised pace available"
N24001610,4L OF EXISTING 2/4L STRETCH FROM LONAND TO DIVE GHAT (KM 166.400 TO KM 220.900 ) OF MOHOL ? ALANDI S,ROAD TRANSPORT AND HIGHWAYS,NHAI,MAHARASHTRA,1833.73,96.94,77.0,Critical,"agency's own forecast is 5 months past its approved date; 13 months past original date; already past planned completion, no revised pace available"
N22000233,KALYAN-KASARA 3RD LINE,RAILWAYS,CR,MAHARASHTRA,792.89,50.0,76.9,Critical,agency's own forecast is 12 months past its approved date; agency anticipates +76% over approved cost; no physical progress for 9 consecutive reports
N24001746,2-LANE EXISTING RAMPUR BYPASS OF RAMPUR TO BE DEVELOPED TO 4- LANE ON EPC MODE IN THE STATE OF UTTAR,ROAD TRANSPORT AND HIGHWAYS,NHAI,UTTAR PRADESH,364.47,92.98,76.9,Critical,14 months past original date; pace is 43% of what the current date needs; date already moved 3x in 10 months
N24002112,SIX LANING OF TUTICORIN PORT ROAD SECTION OF NH-7A (NEW NH- 138) FROM KM 0.000 TO KM 6.140 [EFFECTIVE,ROAD TRANSPORT AND HIGHWAYS,NHAI,TAMIL NADU,200.3,93.11,76.7,Critical,"agency's own forecast is 12 months past its approved date; 11 months past original date; already past planned completion, no revised pace available"
N24001674,BANGALORE/TN BORDER TO HOSKOTE,ROAD TRANSPORT AND HIGHWAYS,NHAI,KARNATAKA,1181.68,83.25,76.6,Critical,4 months past original date; date already moved 2x in 10 months
N24001638,4L GREENFIELD A. MALOUT BYPASS FROM CH. KM 44.500 TO CH. KM 35.500 ON NH-07 AND CH. KM 0.000 TO KM 6,ROAD TRANSPORT AND HIGHWAYS,NHAI,PUNJAB,646.42,96.0,76.4,Critical,11 months past original date; pace is 31% of what the current date needs; date already moved 4x in 10 months
N24001670,6L OF KARKI ? KALIAGURA SECTION FROM KM 226.500 TO KM 249.000 OF NH-130-CD (PACKAGE ? OD-4),ROAD TRANSPORT AND HIGHWAYS,NHAI,ODISHA,593.0,94.55,76.2,Critical,"agency's own forecast is 16 months past its approved date; 15 months past original date; already past planned completion, no revised pace available"
N24001732,"IMPROVEMENT AND UP-GRADATION OF EXISTING ROAD TO 4L PS FROM KM 229.070 TO 260.800, END OF HARDOI DIS",ROAD TRANSPORT AND HIGHWAYS,NHAI,UTTAR PRADESH,540.97,94.76,76.1,Critical,"agency's own forecast is 11 months past its approved date; 8 months past original date; already past planned completion, no revised pace available"
N18000272,KHURJA SUPER THERMAL POWER PROJECT,POWER,THDCIL,UTTAR PRADESH,13276.16,96.0,76.1,Critical,"agency's own forecast is 23 months past its approved date; 21 months past original date; already past planned completion, no revised pace available"
N24001446,CONSTRUCTION OF FOUR LANE EXPRESSWAY FROM START OF DSIR ZONE OF AHMEDABAD DISTRICT TO ADHELAI VILLAG,ROAD TRANSPORT AND HIGHWAYS,NHAI,GUJARAT,1261.58,97.28,75.8,Critical,"18 months past original date; already past planned completion, no revised pace available; date already moved 4x in 10 months"
N04000092,CONSTRUCTION OF NEW GREEN FIELD AIRPORT AT HOLLONGI ITANAGAR ARUNACHAL PRADESH,CIVIL AVIATION,AAI,ARUNACHAL PRADESH,732.0,99.89,75.8,Critical,2.8y past original commissioning date; date already moved 3x in 10 months
N24001609,BALANCE WORK OF 4 LANING OF PANVEL TO INDAPUR SECTION OF NH- 66(OLD NH- 17) FROM KM 0.000 (PANVEL) TO,ROAD TRANSPORT AND HIGHWAYS,NHAI,MAHARASHTRA,151.26,89.8,75.7,Critical,"agency's own forecast is 3 months past its approved date; 18 months past original date; already past planned completion, no revised pace available"
N24001252,CONSTUCTION/UPGRADATION OF EXISTING HIGHWAY TO 2 LANE WITH PAVED SHOULDER FROM KM 13.00 TO KM 25.600,ROAD TRANSPORT AND HIGHWAYS,NHIDCL,SIKKIM,295.97,95.71,75.7,Critical,"agency's own forecast is 11 months past its approved date; 2.2y past original commissioning date; already past planned completion, no revised pace available"
N24001605,"4-LANING OF MELUR - PILLAYARPATTI - KARAIKUDI SECTION OF NH-338, NH- 36, NH-383",ROAD TRANSPORT AND HIGHWAYS,NHAI,TAMIL NADU,1103.86,87.0,75.7,Critical,"agency's own forecast is 41 months past its approved date; 3.3y past original commissioning date; already past planned completion, no revised pace available"
N24000576,CONSTRUCTION OF REHABILITATION AND UPGRADING TO 2 LANES/2 LANE(FOR LOT-I-KM 40.00 TO KM 65.400 AND K,ROAD TRANSPORT AND HIGHWAYS,MORTH,BIHAR,178.85,98.35,75.5,Critical,agency's own forecast is 111 months past its approved date; agency anticipates +56% over approved cost; 9.1y past original commissioning date
N24001878,IMPROVEMENT TO TWO LANE WITH PAVED SHOULDERS OF NH-319A FROM KM 0 TO KM 45 IN STATE OF BIHAR UNDER,ROAD TRANSPORT AND HIGHWAYS,MORTH,BIHAR,427.29,80.0,75.4,Critical,"agency's own forecast is 7 months past its approved date; 6 months past original date; already past planned completion, no revised pace available"
N24000826,FOUR LANINIG OF CHETTIKULAM TO NATHAM SECTION OF NH-785 FROM CHETTIKULUM (KM 7.300) TO NATHAM (KM. 3,ROAD TRANSPORT AND HIGHWAYS,NHAI,TAMIL NADU,505.35,99.75,75.2,Critical,agency anticipates +66% over approved cost; 2.7y past original commissioning date; no physical progress for 9 consecutive reports
N18000361,"KHAVDA PHASE-II-PART C, GUJARAT- TRANSMISSION SCHEME FOR EVACUATION OF 4.5 GW RE INJECTION AT KHAVDA",POWER,PGCIL,GUJARAT,2820.99,82.6,75.2,Critical,"agency's own forecast is 6 months past its approved date; 3 months past original date; already past planned completion, no revised pace available"
N24001511,CONSTRUCTION OF FOUR LANE RINGROAD BYPASS SRINAGAR CITY,ROAD TRANSPORT AND HIGHWAYS,NHAI,JAMMU AND KASHMIR,2919.96,70.0,75.0,High,16 months past original date; pace is 20% of what the current date needs; date already moved 2x in 10 months
N24001558,4L OF KARWAR (KM. 281.980 OF NH-62 NAGAUR ROAD) TO DANGIYAVAS OF JODHPUR RING ROAD (PKG-II),ROAD TRANSPORT AND HIGHWAYS,NHAI,RAJASTHAN,736.75,97.8,74.9,High,10 months past original date; date already moved 4x in 10 months
N18000368,300 MW SOLAR POWER PROJECT UNDER CPSU SCHEME,POWER,NHPC,RAJASTHAN,1677.12,92.0,74.9,High,"agency's own forecast is 22 months past its approved date; 19 months past original date; already past planned completion, no revised pace available"
N24001671,6L OF HATIBENA - BADAKUMARI SECTION FROM KM 146.50 TO KM 179.00 OF NH-130-CD (PACKAGE ? OD- 2),ROAD TRANSPORT AND HIGHWAYS,NHAI,ODISHA,925.0,97.0,74.8,High,agency's own forecast is 16 months past its approved date; 15 months past original date; no physical progress for 3 consecutive reports
N24000564,4-LANNING OF HARIDWAR-NAGINA SECTION OF NH 74 FROM (KM 204.300 OF NH 58) TO KM 73.00,ROAD TRANSPORT AND HIGHWAYS,NHAI,UTTAR PRADESH,1659.12,91.39,74.5,High,4.9y past original commissioning date; pace is 13% of what the current date needs
N24001396,KHELLANI-KHANABAL PKG-5,ROAD TRANSPORT AND HIGHWAYS,NHIDCL,JAMMU AND KASHMIR,497.09,90.01,74.4,High,"agency's own forecast is 5 months past its approved date; 2.3y past original commissioning date; already past planned completion, no revised pace available"
N24001865,CONSTRUCTION OF 4 LANE ROB WITH APPROACHES IN LIEU OF LC NO. RV- 172 AT KM 176.00 OF NH-201 (PRESENT,ROAD TRANSPORT AND HIGHWAYS,MORTH,ODISHA,324.09,35.0,74.4,High,1 months past original date; no physical progress for 3 consecutive reports; pace is 14% of what the current date needs
N24001678,6L GREENFIELD BAUNSAGUAR - BARAJA SECTION OF NH-130-CD ROAD FROM KM 293+000 TO KM 338+500 (PACKAGE ?,ROAD TRANSPORT AND HIGHWAYS,NHAI,ODISHA,1460.0,91.52,74.2,High,"agency's own forecast is 18 months past its approved date; 12 months past original date; already past planned completion, no revised pace available"
N24001692,BALANCE WORKS OF FOUR LANE FROM KM 43+950 (THIRUVALLUR BYPASS) TO KM 61+470 (VEPPAMPATTU BYPASS) PAS,ROAD TRANSPORT AND HIGHWAYS,NHAI,TAMIL NADU,467.99,84.34,74.1,High,"agency's own forecast is 6 months past its approved date; 9 months past original date; already past planned completion, no revised pace available"
N24001628,4/6L OF SPUR TO HARIDWAR (GREENFIELD) FROM KM. 0.000 TO KM. 49.000,ROAD TRANSPORT AND HIGHWAYS,NHAI,MULTI STATE,2155.95,71.01,74.1,High,4 months past original date; pace is 20% of what the current date needs
N28000147,"C/O SEPARATE FAMILY ACCOMMODATION (PHASE-I) ON EPC BASIS FOR SSB AT FARIDABAD (HARYANA)""",HOME AFFAIRS,CPWD FOR MHA,HARYANA,170.23,97.5,74.1,High,"agency's own forecast is 5 months past its approved date; 20 months past original date; already past planned completion, no revised pace available"
N26000114,PHASE-I OF CONSOLIDATION OF EXISTING CDR DATA CENTERS AND NIB-P3 DATA CENTERS WITH STATE OF THE ART,TELECOMMUNICATIONS,BSNL,MULTI STATE,461.42,81.0,74.1,High,agency's own forecast is 49 months past its approved date; 4.0y past original commissioning date; no physical progress for 9 consecutive reports
N22000367,KAZIPET-BALHRSHA,RAILWAYS,SCR,MULTI STATE,2594.59,,73.9,High,"agency anticipates +12% over approved cost; 5 months past original date; already past planned completion, no revised pace available"
N22000376,JAGADALPUR-KORAPUT DOUBLING,RAILWAYS,ECOR,ODISHA,1547.38,93.7,73.8,High,"15 months past original date; already past planned completion, no revised pace available"
N24001718,BANGALORE CHENNAI EXPRESSWAY PHASE-III PACKAGE II (WALAJAHPET TO ARAKKONAM) FROM KM 180.000 TO KM 2,ROAD TRANSPORT AND HIGHWAYS,NHAI,TAMIL NADU,1077.4,91.26,73.7,High,"agency's own forecast is 15 months past its approved date; 11 months past original date; already past planned completion, no revised pace available"
N24001665,6L GREENFIELD KANDILI - ALURU SECTION OF NH-130-CD ROAD FROM KM 342+500 TO KM 365+033 (PACKAGE- OD-8,ROAD TRANSPORT AND HIGHWAYS,NHAI,ODISHA,1592.0,78.13,73.7,High,"agency's own forecast is 14 months past its approved date; 8 months past original date; already past planned completion, no revised pace available"
N18000418,NOKH SOLAR PV PROJECT 735 MW,POWER,NTPC,RAJASTHAN,4378.17,97.0,73.7,High,14 months past original date
220100303,"HAJIPUR-SUGAULI VIA VAISHALI (NL), ECR",RAILWAYS,ECR,BIHAR,2087.36,73.0,73.7,High,agency's own forecast is 144 months past its approved date; 10.5y past original commissioning date; no physical progress for 3 consecutive reports
N22000361,MANMAD - JALGAON - 3RD LINE (160 KM),RAILWAYS,CR,MAHARASHTRA,1035.16,97.0,73.5,High,agency's own forecast is 15 months past its approved date; agency anticipates +51% over approved cost; 6 months past original date
N24001520,DELHI VADODARA GREENFIELD ALIGNMENT SECTION OF NH 148N PACKAGE 31,ROAD TRANSPORT AND HIGHWAYS,NHAI,GUJARAT,1604.06,95.73,73.5,High,agency's own forecast is 15 months past its approved date; 13 months past original date; no physical progress for 9 consecutive reports
N22000333,HOTGI-KUDGI-GADAG,RAILWAYS,SWR,MULTI STATE,1877.81,89.0,73.5,High,agency's own forecast is 14 months past its approved date; agency anticipates +31% over approved cost; 6 months past original date
N24000738,REHABILITATION AND UPGRADATION OF SIX LANING OF BHADRAK BALESHWAR SECTION (KM 136.50) TO (KM 199.141,ROAD TRANSPORT AND HIGHWAYS,NHAI,ODISHA,1152.7,82.01,73.5,High,"agency's own forecast is 51 months past its approved date; 3.7y past original commissioning date; already past planned completion, no revised pace available"
N22000473,MUZAFFARPUR SAGAULI DOUBLING 100.60 KM,RAILWAYS,ECR,BIHAR,1185.73,96.0,73.4,High,agency's own forecast is 11 months past its approved date; agency anticipates +10% over approved cost; 12 months past original date
N22000100,"BHAIRABI SAIRONG, NL, NEFR",RAILWAYS,NFR,MIZORAM,5021.45,97.0,73.2,High,agency's own forecast is 3 months past its approved date; agency anticipates +61% over approved cost; 3 months past original date
N16000331,DEVELOPMENT OF SURFACE FACILITIES FOR PRODUCTION AND EVACUATION OF CRUDE OIL AND NATURAL GAS FROM NA,PETROLEUM,OIL,ASSAM,726.93,93.98,72.9,High,"agency's own forecast is 6 months past its approved date; 5.3y past original commissioning date; already past planned completion, no revised pace available"
N24001723,KARAIPETTAI TO WALAJAPET FROM KM 71.015 TO 107.091,ROAD TRANSPORT AND HIGHWAYS,NHAI,TAMIL NADU,766.51,91.0,72.9,High,"agency's own forecast is 54 months past its approved date; 4.3y past original commissioning date; already past planned completion, no revised pace available"
N24001990,4L POANTA SAHEB?MEDNIPUR FROM KM. 435.65 TO KM. 458.65 OF NH- 07(PKG-1),ROAD TRANSPORT AND HIGHWAYS,NHAI,UTTARAKHAND,683.26,74.78,72.8,High,1 months past original date; date already moved 2x in 10 months
N24001870,IMPROVEMENT TO TWO LANE WITH PAVED SHOULDERS OF NH 122B FROM KM 29.730 TO KM 72.348 IN STATE OF BIH,ROAD TRANSPORT AND HIGHWAYS,MORTH,BIHAR,624.43,88.0,72.7,High,"agency's own forecast is 12 months past its approved date; 7 months past original date; already past planned completion, no revised pace available"
N16000396,INTEGRATED PARA XYLENE (PX) AND PURIFIED TEREPHTHALIC ACID (PTA) PROJECT AT PARADIP REFINERY,PETROLEUM,IOCL,ODISHA,13805.0,90.0,72.5,High,"agency's own forecast is 12 months past its approved date; 17 months past original date; already past planned completion, no revised pace available"
N16000440,BHATINDA SANGRUR PIPELINE,PETROLEUM,HPCL,PUNJAB,397.0,91.9,72.5,High,"agency's own forecast is 6 months past its approved date; 13 months past original date; already past planned completion, no revised pace available"
N24001867,UPGRADATION OF TWO LANE PAVED SHOULDER FROM SHAHPURA TO THANAGAZI OF NH-248A ON EPC MODE IN THE STAT,ROAD TRANSPORT AND HIGHWAYS,MORTH,RAJASTHAN,174.34,90.0,72.4,High,"agency's own forecast is 13 months past its approved date; 11 months past original date; already past planned completion, no revised pace available"
N24001262,CONSTRUCTION AND UPGRADATION OFEXISTINGROAD TO 2-LANE WITH PAVED SHOULDER INCLUDING GEOMETRIC IMPROV,ROAD TRANSPORT AND HIGHWAYS,NHIDCL,SIKKIM,395.59,89.81,72.2,High,"agency's own forecast is 14 months past its approved date; 2.2y past original commissioning date; already past planned completion, no revised pace available"
N24000531,REHABILITATION AND UPGRADING TO 2 LANES/2 LANE WITH PAVED SHOULDERS (KM 40 TO KM 219.945) OF NH-104,ROAD TRANSPORT AND HIGHWAYS,MORTH,BIHAR,319.68,98.8,72.2,High,agency's own forecast is 81 months past its approved date; agency anticipates +57% over approved cost; 6.6y past original commissioning date
N24002015,IMPROVEMENT AND UPGRADATION TO TWO LANE WITH PAVED SHOULDER CONFIGURATION FROM EXISTING KM 90.00 TO,ROAD TRANSPORT AND HIGHWAYS,MORTH,UTTAR PRADESH,328.49,73.0,72.0,High,"agency's own forecast is 2 months past its approved date; agency anticipates +23% over approved cost; already past planned completion, no revised pace available"
N24000319,4 LANING OF JORHAT TO JHANJI SECTION FROM KM. 453.00 TO KM. 491.08 (DESIGN KM 403.200 TO KM 454.240),ROAD TRANSPORT AND HIGHWAYS,NHIDCL,ASSAM,437.39,97.43,72.0,High,"agency's own forecast is 23 months past its approved date; 22 months past original date; already past planned completion, no revised pace available"
N22000261,KAZIPET-VIJAYAWADA 3RD LINE WITH ELECTRIFICATION,RAILWAYS,SCR,MULTI STATE,1953.0,0.0,72.0,High,"4 months past original date; no physical progress for 9 consecutive reports; already past planned completion, no revised pace available"
N24001766,INDORE - HARDA (PKG-I) [INDORE TO RAGHAV GARH FROM KM. 0.25 TO KM. 26.903],ROAD TRANSPORT AND HIGHWAYS,NHAI,MADHYA PRADESH,1011.29,70.68,72.0,High,"agency's own forecast is 14 months past its approved date; 8 months past original date; already past planned completion, no revised pace available"
N24000874,CONSTRUCTION OF NEW ROAD AT THE MISSING LINK PORTION OF NH-81 ALONG THE APPROVED ALIGNMENT BETWEEN H,ROAD TRANSPORT AND HIGHWAYS,MORTH,WEST BENGAL,291.2,82.56,71.9,High,"agency's own forecast is 21 months past its approved date; 6.6y past original commissioning date; already past planned completion, no revised pace available"
N22000108,NEW WORK FOR CONSTRUCTION OF METRO RAILWAY FROM NOAPARA- BARASAI VIA BIMANBANDER (MTP),RAILWAYS,KOMRCL,WEST BENGAL,4829.6,17.0,71.8,High,no physical progress for 8 consecutive reports; pace is 2% of what the current date needs
N24001666,6L GREENFIELD BARAJA - KANDILI SECTION OF NH- 130-CD ROAD FROM KM 338+500 TO KM 342+500 (PACKAGE- OD,ROAD TRANSPORT AND HIGHWAYS,NHAI,ODISHA,714.0,95.45,71.6,High,"agency's own forecast is 11 months past its approved date; 9 months past original date; already past planned completion, no revised pace available"
N22000484,JHARSUGUDA-BILASPUR 4TH LINE,RAILWAYS,SECR,CHHATTISGARH,2135.34,88.0,71.5,High,agency's own forecast is 24 months past its approved date; 8 months past original date; no physical progress for 6 consecutive reports
N24001535,4-LANING OF GOHANA-SONIPAT (PKG- 2) SECTION FROM KM 40.601 TO KM 78.837 (LENGTH = 38.236KM) OF NH-352,ROAD TRANSPORT AND HIGHWAYS,NHAI,HARYANA,1882.46,97.86,71.5,High,"agency's own forecast is 15 months past its approved date; 2.9y past original commissioning date; already past planned completion, no revised pace available"
N24001668,6L OF BADAKUMARI - KARKI SECTION FROM KM 179.000 TO KM 226.500 OF NH-130-CD (PACKAGE ? OD-3),ROAD TRANSPORT AND HIGHWAYS,NHAI,ODISHA,1249.0,87.16,71.3,High,"agency's own forecast is 19 months past its approved date; 14 months past original date; already past planned completion, no revised pace available"
N24001336,CONSTRUCTION AND UPGRADATION OF EXISTING ROAD TO 2-LANE WITH PAVED SHOULDER FROM KM27.200 (END OF RO,ROAD TRANSPORT AND HIGHWAYS,NHIDCL,SIKKIM,244.91,82.8,71.2,High,"agency's own forecast is 17 months past its approved date; 2.2y past original commissioning date; already past planned completion, no revised pace available"
N24002084,4L OF THIRUMANGALAM TO VADUGAPATTI SECTION FROM KM 0.000 TO KM 36.000 OF NH-744,ROAD TRANSPORT AND HIGHWAYS,NHAI,TAMIL NADU,1076.97,87.42,70.9,High,"agency's own forecast is 7 months past its approved date; 4 months past original date; already past planned completion, no revised pace available"
N04000100,"CONSTRUCTION OF NEW INTEGRATED TERMINAL BUILDING, CONTROL TOWER CUM TECHNICAL BLOCK, APRON, LINK TAX",CIVIL AVIATION,AAI,MANIPUR,499.0,40.82,70.9,High,11 months past original date; pace is 7% of what the current date needs; date already moved 2x in 10 months
N24001969,WIDENING AND UPGRADATION TO TWO LANES WITH PAVED SHOULDERS ROAD FROM TAMENGLONG TO MAHUR (NH-137) I,ROAD TRANSPORT AND HIGHWAYS,NHIDCL,ASSAM,904.04,68.26,70.7,High,pace is 21% of what the current date needs
N18000330,TRANSMISSION SYSTEM STRENGTHENING FOR SRINAGAR-LEH TRANSMISSION SYSTEM,POWER,PGCIL,MULTI STATE,288.71,48.0,70.6,High,agency's own forecast is 9 months past its approved date; 6 months past original date; no physical progress for 3 consecutive reports
N24001426,4L OF ADDAHOLE TO BANTWAL CROSS SECTION,ROAD TRANSPORT AND HIGHWAYS,NHAI,KARNATAKA,572.01,98.0,70.6,High,3.7y past original commissioning date; pace is 14% of what the current date needs; date already moved 3x in 10 months
N22000548,ADRAJ MOTI-VIAJAPUR (39.75 KM),RAILWAYS,WR,GUJARAT,296.54,80.0,70.5,High,date already moved 2x in 10 months
N22000134,CHHAPRA-BALLIA UP,RAILWAYS,NER,MULTI STATE,954.0,95.5,70.5,High,agency's own forecast is 10 months past its approved date; agency anticipates +10% over approved cost; 4 months past original date
N24001919,UP GRADATION OF NH 130C ABHANPUR TO PAUND FROM NK KM 0.000 TO KM. 40.380 TO TWO LANE WITH PAVED SHOU,ROAD TRANSPORT AND HIGHWAYS,MORTH,CHHATTISGARH,193.16,81.0,70.3,High,"agency's own forecast is 4 months past its approved date; 21 months past original date; already past planned completion, no revised pace available"
N24001521,VADODARA MUMBAI EXPRESSWAY (PHASE II - PKG XV) [KM. 20.200 TO KM. 43.000 OF SPUR] (AKLOLI - AMNE),ROAD TRANSPORT AND HIGHWAYS,NHAI,MAHARASHTRA,990.0,77.38,70.3,High,8 months past original date; pace is 11% of what the current date needs
N24001673,4- LANING OF ROHTAK-JIND SECTION FROM KM. 307+000 TO KM. 347+800 OF NH-71 AND CONNECTING LINK FROM K,ROAD TRANSPORT AND HIGHWAYS,NHAI,HARYANA,510.97,97.3,70.2,High,"agency's own forecast is 8 months past its approved date; 2.3y past original commissioning date; already past planned completion, no revised pace available"
N24001753,4 LANING OF NAJIBABAD BYPASS OF NH-119 FROM KM. 105.423 TO KM. 118.373 (EXCLUDING 2.45 KM. OF NH-74,ROAD TRANSPORT AND HIGHWAYS,NHAI,UTTAR PRADESH,570.98,97.49,70.1,High,"12 months past original date; already past planned completion, no revised pace available; date already moved 4x in 10 months"
N24001507,VADODARA MUMBAI EXPRESSWAY (PHASE II - PKG XIV) [KM. 3.000 TO KM. 20.200 OF SPUR] (SHIRSAD - AKLOLI),ROAD TRANSPORT AND HIGHWAYS,NHAI,MAHARASHTRA,1124.0,75.15,69.9,High,"13 months past original date; already past planned completion, no revised pace available"
N24001469,IMPROVEMENT AND UPGRADATION TO TWO LANE WITH PAVED SHOULDER CONFIGURATION FROM EXISTING KM 55.00 TO,ROAD TRANSPORT AND HIGHWAYS,MORTH,UTTAR PRADESH,307.11,91.0,69.8,High,"agency's own forecast is 14 months past its approved date; 13 months past original date; already past planned completion, no revised pace available"
N24001779,DWARKA EXPRESSWAY FROM KM - 0.600 TO KM 5.300 - PKG-I (SHIVMURTI CHOWK-RUB NEAR DWARKA SECTOR 21),ROAD TRANSPORT AND HIGHWAYS,NHAI,DELHI,2507.0,95.05,69.7,High,agency's own forecast is 36 months past its approved date; agency anticipates +21% over approved cost; 2.7y past original commissioning date
N16000402,"SECOND GENERATION ETHANOL BIOREFINERY PROJECT, BATHINDA, PUNJAB",PETROLEUM,HPCL,PUNJAB,1421.46,95.63,69.4,High,"agency's own forecast is 18 months past its approved date; 2.3y past original commissioning date; already past planned completion, no revised pace available"
N22000297,HOSPET-HUBLI-LONDA- VASCODAGAMA DL,RAILWAYS,RVNL,KARNATAKA,5060.36,,69.2,High,elevated risk on combined profile
N22000613,DOMINGARH - GORAKHPUR - GORAKHPUR CANTT - KUSUMHI - 3RD RUNNING LINE (21.15 KM),RAILWAYS,NER,UTTAR PRADESH,351.03,86.5,69.1,High,agency's own forecast is 5 months past its approved date; agency anticipates +43% over approved cost; 4 months past original date
N18000383,TS FOR EVACUATION OF POWER FROM POTENTIAL RE ZONE IN KHAVDA AREA OF GUJARAT UNDER PH-IV PART E3,POWER,PGCIL,GUJARAT,334.0,21.0,68.9,High,agency's own forecast is 2 months past its approved date; pace is 2% of what the current date needs
N24000697,FOUR LANNING OF CHOLOPURAM- THANJAVUR,ROAD TRANSPORT AND HIGHWAYS,NHAI,TAMIL NADU,1176.37,99.5,68.8,High,agency's own forecast is 58 months past its approved date; 4.7y past original commissioning date; no physical progress for 5 consecutive reports
N24002086,CONSTRUCTION OF FOUR LANE HIGHWAY FORM GHAZIPUR BALLIA UP BIHAR STATE BORDER (GREENFIELD) SECTION OF,ROAD TRANSPORT AND HIGHWAYS,NHAI,UTTAR PRADESH,1706.47,77.25,68.8,High,pace is 17% of what the current date needs
N24001462,2-LANE WITH PS OF NEAR KARRI VILLAGE TO ETAWAH SECTION OF NH- 92 FROM KM.30.000 TO 57.346 UNDER GNHCP,ROAD TRANSPORT AND HIGHWAYS,MORTH,UTTAR PRADESH,211.09,96.0,68.6,High,"agency's own forecast is 13 months past its approved date; 11 months past original date; already past planned completion, no revised pace available"
N28000142,"CONSTRUCTION OF PERMANENT CAMPUS OF INDIAN INSTITUTE OF MANAGEMENT (IIM) AMRITSAR, PUNJAB.",DEPARTMENT OF HIGHER EDUCATION,CPWD EDUCATION,PUNJAB,348.24,91.2,68.5,High,"agency's own forecast is 39 months past its approved date; 3.1y past original commissioning date; already past planned completion, no revised pace available"
N24001875,WIDENING AND STRENTHENING FROM KM 70.15 TO KM 121.025 OF NH-80,ROAD TRANSPORT AND HIGHWAYS,MORTH,BIHAR,477.54,94.5,68.5,High,"agency's own forecast is 6 months past its approved date; 5 months past original date; already past planned completion, no revised pace available"
N24001464,PROJECTS- REHABILITATION AND UPGRADATION OF NH-731A FROM KM 0.00 TO KM.35.00,ROAD TRANSPORT AND HIGHWAYS,MORTH,UTTAR PRADESH,264.86,84.0,68.4,High,"agency's own forecast is 24 months past its approved date; 22 months past original date; already past planned completion, no revised pace available"
N22000464,WESTERN DEDICATED FREIGHT CORRIDOR,RAILWAYS,DFCC,MULTI STATE,51101.0,83.0,68.4,High,"3.3y past original commissioning date; no physical progress for 8 consecutive reports; already past planned completion, no revised pace available"
N24000462,4-LANING OF GOA/KARNATAKA BORDER-KUNDAPUR SECTION,ROAD TRANSPORT AND HIGHWAYS,NHAI,KARNATAKA,1990.99,97.8,68.4,High,agency's own forecast is 71 months past its approved date; 8.8y past original commissioning date; no physical progress for 9 consecutive reports
N24001587,WIDENING AND STRENGTHENING OF SECTION FROM BHARTHANA CHOWK TO KODARKOOT (KM. 0.00 TO KM. 40.00) OF,ROAD TRANSPORT AND HIGHWAYS,MORTH,UTTAR PRADESH,343.77,85.0,68.4,High,"agency's own forecast is 11 months past its approved date; 9 months past original date; already past planned completion, no revised pace available"
N24001524,6L OF ACCESS-CONTROLLED HIGHWAY FROM MOHAND TO DAAT KALI TUNNEL OF GANESHPUR ? DEHRADUN SECTION FROM,ROAD TRANSPORT AND HIGHWAYS,NHAI,UTTAR PRADESH,990.28,98.89,68.4,High,20 months past original date; pace is 14% of what the current date needs; date already moved 4x in 10 months
N18000335,BIKANER SOLAR POWER PROJECT,POWER,SJVN,MAHARASHTRA,532.0,80.35,68.4,High,agency's own forecast is 16 months past its approved date; agency anticipates +932% over approved cost; 13 months past original date
N24001773,6L ACCESS CONTROLLED HIGHWAY FROM DND MAHARANI BAGH JN. WITH JAITPUR PUSHTA ROAD OF NH 148NA FROM,ROAD TRANSPORT AND HIGHWAYS,NHAI,DELHI,1467.44,91.58,68.3,High,agency's own forecast is 14 months past its approved date; agency anticipates +32% over approved cost; 11 months past original date
N22000318,KIRANDUL - JAGDALPUR DOUBLING,RAILWAYS,ECOR,CHHATTISGARH,1588.7,94.9,68.2,High,"agency's own forecast is 48 months past its approved date; 5.3y past original commissioning date; already past planned completion, no revised pace available"
N24001970,WIDENING AND UPGRADATION TO TWO LANES WITH PAVED SHOULDERS ROAD FROM TAMENGLONG TO MAHUR (NH-137) IN,ROAD TRANSPORT AND HIGHWAYS,NHIDCL,ASSAM,860.37,68.6,68.1,High,pace is 22% of what the current date needs
N24001530,UPGRADATION TO TWO LANE PAVED SHOULDER OF KOTHUN-LALSOT- KAROLI-DHOLPUR ROAD NH-23 (OLD NH-11B) IN TH,ROAD TRANSPORT AND HIGHWAYS,MORTH,RAJASTHAN,150.11,88.0,68.0,High,"agency's own forecast is 11 months past its approved date; 9 months past original date; already past planned completion, no revised pace available"
220100305,"KODERMA-TILAIYA (NL), ECR",RAILWAYS,ECR,JHARKHAND,1625.87,80.0,67.9,High,agency's own forecast is 33 months past its approved date; agency anticipates +5% over approved cost; 2.3y past original commissioning date
N30000027,I AND D AND STP WORKS FOR BHAGALPUR,WATER RESOURCES,BUIDCO,BIHAR,413.29,90.0,67.9,High,"agency's own forecast is 58 months past its approved date; 4.7y past original commissioning date; already past planned completion, no revised pace available"
N24001719,4L BANGALORE-CHENNAI EXPRESSWAY FROM KM. 230.000 TO KM. 261.705 OF KANCHEPURAM TO SRIPERUMBUDUR SECT,ROAD TRANSPORT AND HIGHWAYS,NHAI,TAMIL NADU,3605.73,78.11,67.8,High,"agency's own forecast is 17 months past its approved date; 11 months past original date; already past planned completion, no revised pace available"
N22000092,MUMBAI URBAN TRANSPORT PROJECT PHASE-II,RAILWAYS,MRTP,MAHARASHTRA,8087.11,,67.8,High,"11.3y past original commissioning date; already past planned completion, no revised pace available"
N16000439,NORTH EAST GAS GRID,PETROLEUM,IGGL,MULTI STATE,9265.0,84.51,67.8,High,agency's own forecast is 20 months past its approved date; 15 months past original date; pace is 1% of what the current date needs
N30000035,SEWER NETWORKS SPS AND STP HAJIPUR,WATER RESOURCES,BUIDCO,BIHAR,305.19,95.0,67.7,High,agency's own forecast is 90 months past its approved date; 3.8y past original commissioning date; no physical progress for 3 consecutive reports
N24001508,VADODARA MUMBAI EXPRESSWAY (PHASE II - PKG XVI) [KM. 43.000 TO KM. 69.800 OF SPUR] (AMNE - BHOJ),ROAD TRANSPORT AND HIGHWAYS,NHAI,MAHARASHTRA,1450.0,86.02,67.7,High,"8 months past original date; already past planned completion, no revised pace available"
N22000087,"NEW B.G. LINE FROM ARARIA TO GALGALIA (THAKURGUNG), NEFR",RAILWAYS,NFR,BIHAR,2132.03,92.0,67.5,High,agency's own forecast is 6 months past its approved date; agency anticipates +104% over approved cost; 6 months past original date
N24000592,4-LANNING OF KODINAR TO VERAVAL SECTION OF NH-8E FROM KM 221.610 TO KM 263.000,ROAD TRANSPORT AND HIGHWAYS,NHAI,GUJARAT,829.97,96.98,67.5,High,"agency's own forecast is 58 months past its approved date; 4.9y past original commissioning date; already past planned completion, no revised pace available"
N22000208,MURKONGSELEK-PASIGHAT NL,RAILWAYS,NFR,MULTI STATE,435.06,54.0,67.3,High,agency's own forecast is 8 months past its approved date; agency anticipates +187% over approved cost; 3 months past original date
N24001799,4L OF NAGPUR-KATOL SECTION FROM KM. 13.00 TO KM. 62.900 OF NH-353J,ROAD TRANSPORT AND HIGHWAYS,NHAI,MAHARASHTRA,1166.96,81.17,67.2,High,agency's own forecast is 26 months past its approved date; agency anticipates +7% over approved cost; 20 months past original date
N24001222,REHABILITATION AND UPGRADATION OF NH 78 FROM KM 469.000 TO 531.000 PATTHALGAON TO KUNKURI,ROAD TRANSPORT AND HIGHWAYS,MORTH,CHHATTISGARH,452.94,70.0,67.0,High,"agency's own forecast is 113 months past its approved date; 8.9y past original commissioning date; already past planned completion, no revised pace available"
N24002097,STRENGTHENING OF EXISTING 4L AYODHYA BYPASS SECTION FROM DESIGN KM.121.600 TO KM. 144.020 OF NH 28 (,ROAD TRANSPORT AND HIGHWAYS,NHAI,UTTAR PRADESH,526.45,83.0,66.9,High,pace is 48% of what the current date needs
N24001868,SAGWARA BYPASS AND GARHI- PARTAPUR BYPASS OF NH-927A IN THE STATE OF RAJASTHAN.,ROAD TRANSPORT AND HIGHWAYS,MORTH,RAJASTHAN,187.65,90.0,66.8,High,elevated risk on combined profile
N12000125,INSTALLATION OF 4TH SLAB CASTER ALONG WITH ITS AUXILIARIES AND A NEW LADLE FURNACE IN SMS-II AT RSP,STEEL,SAIL,ODISHA,970.18,94.31,66.7,High,1 months past original date
N24000771,WIDENING TO 2-LANE WITH GEOMETRIC IMPROVEMENTS OF TURA DALU ROAD UNDER JICA FUNDING FROM KM 85.000 T,ROAD TRANSPORT AND HIGHWAYS,NHIDCL,MEGHALAYA,610.09,88.07,66.7,High,"3.7y past original commissioning date; already past planned completion, no revised pace available; date already moved 4x in 10 months"
N24000382,REHABILITATION AND UPGRADING TO 2 LANES/2 LANE WITH PAVED SHOULDERS CONFIGURATION OF BIRPUR - BIHPUR,ROAD TRANSPORT AND HIGHWAYS,MORTH,BIHAR,675.0,97.5,66.6,High,agency anticipates +16% over approved cost; 5.7y past original commissioning date; spend outruns works by 16pp
N24000946,CONSTRUCTION OF 2-LANE ROAD WITH PAVED SHOULDERS FROM KM16.00 OF ROING-HUNLI SECTION TO KM 21.500 OF,ROAD TRANSPORT AND HIGHWAYS,NHIDCL,ARUNACHAL PRADESH,1718.59,73.84,66.5,High,"agency's own forecast is 6 months past its approved date; 3.3y past original commissioning date; already past planned completion, no revised pace available"
N24001639,FOUR LANING OF MOGA TO BAJAKHANA LAMBWALI SECTION OF 105B GREENFIELD ALIGNMENT FROM DESIGN CHAINAGE,ROAD TRANSPORT AND HIGHWAYS,NHAI,PUNJAB,864.23,65.0,66.4,High,6 months past original date; pace is 18% of what the current date needs
N24001720,BANGALORE CHENNAI EXPRESSWAY PHASE-III ? PACKAGE I (GUDIPALA TO WALAJAJHPET) FROM KM 156.000 TO KM 1,ROAD TRANSPORT AND HIGHWAYS,NHAI,TAMIL NADU,1438.62,86.22,66.4,High,"agency's own forecast is 17 months past its approved date; 13 months past original date; already past planned completion, no revised pace available"
N24001518,DELHI VADODARA GREENFIELD ALIGNMENT SECTION OF NH 148N PACKAGE 30,ROAD TRANSPORT AND HIGHWAYS,NHAI,GUJARAT,1669.56,98.12,66.3,High,"agency's own forecast is 23 months past its approved date; 21 months past original date; already past planned completion, no revised pace available"
N04000109,"NSCBI AIRPORT KOLKATA: RE- CONSTRUCTION OF RIGID POSITIONS OF SECONDARY RUNWAY, 'K' AND 'A' TAXIWAY",CIVIL AVIATION,AAI,WEST BENGAL,328.3,42.5,66.0,High,pace is 17% of what the current date needs
N18000375,TS FOR EVACUATION POWER FROM REZ IN RAJASTHAN (20GW) UNDER PHASE-III PART C1,POWER,PGCIL,RAJASTHAN,1796.0,77.3,66.0,High,2 months past original date
N24001971,WIDENING AND UPGRADATION TO TWO LANES WITH PAVED SHOULDERS ROAD FROM TAMENGLONG TO MAHUR (NH-137) IN,ROAD TRANSPORT AND HIGHWAYS,NHIDCL,ASSAM,890.33,65.56,65.9,High,pace is 20% of what the current date needs
N24000795,CONSTRUCTION/ UP-GRATION OF FOUR/TWO LANE WITH PAVED SHOULDER OF NH68 FROM TANOT- RAMGARH BHADASAR-JA,ROAD TRANSPORT AND HIGHWAYS,NHAI,RAJASTHAN,649.0,99.99,65.8,High,"4.2y past original commissioning date; already past planned completion, no revised pace available; date already moved 6x in 10 months"
N24001857,CONSTRUCTION OF ROAD FROM KM 0/0 TO 72/0 OF NH-26 SUCH AS 4 LANE FROM KM 0/0 TO 21/0 (BARGARH TO BAR,ROAD TRANSPORT AND HIGHWAYS,MORTH,ODISHA,414.24,98.0,65.7,High,18 months past original date; date already moved 3x in 10 months
N24000734,REHABILITATION AND UP-GRADATION OF EXISTING 2-LANE TO FOUR LANE FROM TALCHAR TO END OF KAMAKHYANAG,ROAD TRANSPORT AND HIGHWAYS,NHAI,ODISHA,503.3,99.0,65.7,High,agency's own forecast is 47 months past its approved date; agency anticipates +50% over approved cost; 3.8y past original commissioning date
N22000231,WARDHA-NANDED MAHARASHTRA,RAILWAYS,CR,MAHARASHTRA,3445.48,47.0,65.6,High,no physical progress for 7 consecutive reports; pace is 0% of what the current date needs; spend outruns works by 45pp
180100221,SUBANSIRI LOWER H.E.P (8X250 MW) (NHPC),POWER,NHPC,ARUNACHAL PRADESH,6285.33,96.6,65.6,High,agency's own forecast is 188 months past its approved date; agency anticipates +315% over approved cost; 14.7y past original commissioning date
N22000546,LALITPUR - BIRARI WITH FLYOVER AT LALITPUR,RAILWAYS,NCR,UTTAR PRADESH,356.09,65.0,65.5,High,"agency's own forecast is 11 months past its approved date; 6 months past original date; already past planned completion, no revised pace available"
N24001266,UP-GRADATION TO 2-LANE WITH PAVED SHOULDER FROM KM 20.300 TO KM 29.030 OF 8.730 KM LENGTH ON GOHA-K,ROAD TRANSPORT AND HIGHWAYS,NHIDCL,JAMMU AND KASHMIR,210.79,93.63,65.3,High,"agency's own forecast is 21 months past its approved date; 3.2y past original commissioning date; already past planned completion, no revised pace available"
N24000715,REHABILITATION AND UPGRADATION OF CUTTACK ANGUL SECTION OF NH- 42 (NEW NH-55) TO 4 LANE (KM. 0+400 TO,ROAD TRANSPORT AND HIGHWAYS,NHAI,ODISHA,565.0,98.0,65.2,High,agency's own forecast is 60 months past its approved date; agency anticipates +22% over approved cost; 4.9y past original commissioning date
N24000868,UP-GRADATION TO 4-LANE WITH PAVED SHOULDER OF JAMMU- AKHNOOR ROAD SECTION OF NH-144A FROM GANESH VIHA,ROAD TRANSPORT AND HIGHWAYS,NHIDCL,JAMMU AND KASHMIR,253.44,83.23,65.2,High,"agency's own forecast is 26 months past its approved date; 3.9y past original commissioning date; already past planned completion, no revised pace available"
N24001859,CONSTRUCTION OF BYPASS ON NH-59 FROM KM 336/350 TO 349/910 (13.56 KM) NEAR BERHAMPUR TOWN INCLUDING,ROAD TRANSPORT AND HIGHWAYS,MORTH,ODISHA,196.94,93.0,65.2,High,"agency's own forecast is 17 months past its approved date; 15 months past original date; already past planned completion, no revised pace available"
N24002035,WIDENING TO 6L OF EXISTING 4L JETPUR - GONDAL - RAJKOT SECTION FROM KM. 117.600 TO KM. 185.00 ON NH-,ROAD TRANSPORT AND HIGHWAYS,NHAI,GUJARAT,2070.44,37.86,65.1,High,pace is 15% of what the current date needs
N24001879,CONSTRUCTION OF PROPOSED 4_LANE REVELGUNJ BYPASS NH-19 IN THE STATE OF BIHAR ON EPC MODE CONNECTING,ROAD TRANSPORT AND HIGHWAYS,MORTH,BIHAR,295.24,63.05,65.0,High,agency's own forecast is 3 months past its approved date; pace is 10% of what the current date needs
N28000122,AHMEDABAD METRO RAIL PROJECT PHASE 1,URBAN DEVELOPMENT,AMR,GUJARAT,10773.0,99.9,65.0,High,agency's own forecast is 80 months past its approved date; agency anticipates +20% over approved cost; 6.5y past original commissioning date
N24000649,SIX LANNING FROM KM. 401.200 TO 494.410 OF NH-8 ON HYBRID ANNUITY MODE UNDER NHDP-V(PKG VI)REG.,ROAD TRANSPORT AND HIGHWAYS,NHAI,GUJARAT,1527.75,91.08,64.9,High,4.5y past original commissioning date; pace is 36% of what the current date needs
N22000396,BONDAMUNDA RANCHI DOUBLING,RAILWAYS,SER,JHARKHAND,3029.04,84.5,64.8,High,"agency's own forecast is 24 months past its approved date; 12 months past original date; already past planned completion, no revised pace available"
N24001854,FOUR LANING WITH PAVED SHOULDER OF SECTION FROM KM 53.600 (GOLA ON NH-320) TO KM 81.446 (ORMANJHI ON,ROAD TRANSPORT AND HIGHWAYS,NHAI,JHARKHAND,1324.95,75.5,64.8,High,"agency anticipates +10% over approved cost; already past planned completion, no revised pace available"
N24001368,TULUNGIA-JOGIGHOPA-PAIKAN ROAD PKG-7,ROAD TRANSPORT AND HIGHWAYS,NHIDCL,ASSAM,286.72,82.9,64.6,High,"agency's own forecast is 21 months past its approved date; 17 months past original date; already past planned completion, no revised pace available"
N24002114,4L OF VADUGAPATTI TO THERKUVENGANALLUR (RAJAPALYAM) SECTION FROM KM 36.000 TO KM 71.600 OF NH744 UND,ROAD TRANSPORT AND HIGHWAYS,NHAI,TAMIL NADU,1097.59,97.8,64.6,High,agency's own forecast is 6 months past its approved date; agency anticipates +20% over approved cost; 2 months past original date
N24001750,CONSTRUCTION OF NEW 4 LANE BRIDGE OVER RIVER GANGA AT DOWNSTREAM OF FARAKKA BARRAGE INCLUDING APPROA,ROAD TRANSPORT AND HIGHWAYS,NHAI,WEST BENGAL,622.04,91.64,64.5,High,"agency's own forecast is 44 months past its approved date; 3.5y past original commissioning date; already past planned completion, no revised pace available"
N24001348,KARGIL-ZANSKR PACKAGE-8,ROAD TRANSPORT AND HIGHWAYS,NHIDCL,LADAKH,398.37,84.05,64.5,High,2.4y past original commissioning date; pace is 16% of what the current date needs
N18000279,LUHRI HYDROELECTRIC PROJECT (STAGE1),POWER,SJVN,HIMACHAL PRADESH,1810.56,51.32,64.4,High,agency's own forecast is 35 months past its approved date; agency anticipates +98% over approved cost; no physical progress for 3 consecutive reports
N24000858,WIDENING AND UP-GRADATION TO 2- LANE WITH PAVED SHOULDER CONFIGURATION AND GEOMETRIC IMPROVEMENTS FRO,ROAD TRANSPORT AND HIGHWAYS,NHIDCL,MIZORAM,640.07,98.9,64.3,High,agency's own forecast is 10 months past its approved date; agency anticipates +101% over approved cost; 23 months past original date
N18000349,BHUJ SOLAR 300MW (TRANCHE-IV WIND SOLAR HYBRID),POWER,NTPC,GUJARAT,1442.6,2.51,64.2,High,15 months past original date; pace is 3% of what the current date needs; spend outruns works by 52pp
N44000002,"CONSTRUCTION OF SIKKIM UNIVERSITY CAMPUS PHASE-I, PACKAGE -II AT YANGANG SOUTH SIKKIM",DEPARTMENT OF HIGHER EDUCATION,SIKKIM UNIVERSI,SIKKIM,314.06,80.0,64.2,High,"5 months past original date; already past planned completion, no revised pace available"
N24002038,CONSTRUCTION OF 6-LANE GREENFIELD KARNAL RING ROAD STARTING FROM NH-44 NEAR VILLAGE SHAMGARH (DESIGN,ROAD TRANSPORT AND HIGHWAYS,NHAI,HARYANA,1998.0,58.76,64.1,High,pace is 10% of what the current date needs
N24000736,REHABILITATION AND UPGRADATION OF CUTTACK-ANGUL SECTION TO 4 LANE (KM 60.20) TO (KM 112.0) PKG II ON,ROAD TRANSPORT AND HIGHWAYS,NHAI,ODISHA,504.09,98.35,64.1,High,agency's own forecast is 58 months past its approved date; agency anticipates +101% over approved cost; 4.7y past original commissioning date
N16000450,"PROJECT TO CONSTRUCT A FIELD GAS GATHERING STATION AT BAGHJAN AREA FOR COLLECTION,PROCESSING",PETROLEUM,OIL,ASSAM,430.76,83.94,64.0,High,"agency's own forecast is 6 months past its approved date; 11 months past original date; already past planned completion, no revised pace available"
N18000172,PAKAL DUL HYDRO ELECTRIC PROJECT (1000 MW),POWER,CVPPPL,JAMMU AND KASHMIR,8112.12,70.0,63.9,High,agency's own forecast is 17 months past its approved date; agency anticipates +57% over approved cost; 5.2y past original commissioning date
N24001795,FOUR LANING OF AURANGABAD- PAITHAN SECTION OF NH-752E ON EPC MODE IN THE STATE OF MAHARASHTRA .,ROAD TRANSPORT AND HIGHWAYS,NHAI,MAHARASHTRA,490.4,96.0,63.6,High,"11 months past original date; already past planned completion, no revised pace available"
N16000375,R AND D CAMPUS II AT FARIDABAD,PETROLEUM,IOCL,HARYANA,3219.94,63.1,63.6,High,agency's own forecast is 8 months past its approved date; 2.5y past original commissioning date; pace is 1% of what the current date needs
N24001917,UP GRADATION OF NH 930 SHERPAR TO KOHKA FROM KM 67.880 TO KM 114.860 TO TWO LANE WITH PAVED SHOULDER,ROAD TRANSPORT AND HIGHWAYS,MORTH,CHHATTISGARH,278.97,87.0,63.4,High,"agency's own forecast is 13 months past its approved date; 13 months past original date; already past planned completion, no revised pace available"
N12000122,REBUILDING OF COKE OVEN BATTERY- 2 ALONGWITH AUGMENTATION OF COKE HANDLING AND GAS HANDLING FACILITY,STEEL,SAIL,ODISHA,377.18,,63.2,High,"2.1y past original commissioning date; already past planned completion, no revised pace available"
N24001588,DEVELOPMENT OF SIX LANE SARGI- BASANWAHI OF NH 130 CD FROM KM.42+800 TO 99+500 UNDER RAIPUR VISAKHAPA,ROAD TRANSPORT AND HIGHWAYS,NHAI,CHHATTISGARH,1470.73,83.0,63.2,High,"agency's own forecast is 11 months past its approved date; 5 months past original date; already past planned completion, no revised pace available"
N24001515,DELHI VADODARA GREENFIELD ALIGNMENT SECTION OF NH 148N PACKAGE 26,ROAD TRANSPORT AND HIGHWAYS,NHAI,GUJARAT,1542.02,68.5,63.2,High,"agency's own forecast is 25 months past its approved date; 16 months past original date; already past planned completion, no revised pace available"
N24002151,WIDENING TO 4L/4L+PS AND STRENGTHENING IN SELECTED STRETCHES FROM KM 0/8 TO 50/570 OF NH 532 INCLUD,ROAD TRANSPORT AND HIGHWAYS,MORTH,TAMIL NADU,294.7,90.0,63.1,High,"agency's own forecast is 18 months past its approved date; 17 months past original date; already past planned completion, no revised pace available"
N06000195,2.0 MTPA BHOJUDIH NLW WASHERY,COAL,BCCL,WEST BENGAL,384.57,97.0,63.1,High,"agency's own forecast is 58 months past its approved date; 4.7y past original commissioning date; already past planned completion, no revised pace available"
N24002070,INDORE - EDLABAD (PKG-II) [TEJAJINAGAR TO BALWARA],ROAD TRANSPORT AND HIGHWAYS,NHAI,MADHYA PRADESH,1162.8,80.5,63.1,High,"agency's own forecast is 12 months past its approved date; 5 months past original date; already past planned completion, no revised pace available"
N24001281,CONSTRUCTION OF TWO LANE WITH PAVED SHOULDER OF SELLING-DULTE SECTION OF NH-06 (PKG-III),ROAD TRANSPORT AND HIGHWAYS,NHIDCL,MIZORAM,292.24,94.4,63.0,High,agency's own forecast is 27 months past its approved date; agency anticipates +13% over approved cost; 2.9y past original commissioning date
N24000717,CONSTRUCTION OF STAND ALONE RING ROAD/ BYPASS AROUND JAMMU CITY IN THE STATE OF J AND K ON EPC MODE,ROAD TRANSPORT AND HIGHWAYS,NHAI,JAMMU AND KASHMIR,1471.75,98.94,63.0,High,agency anticipates +29% over approved cost; 3.9y past original commissioning date; pace is 21% of what the current date needs
N24001832,DIBRUGARH-LAHOAL-CHABUA BYPASS PACKAGE-3,ROAD TRANSPORT AND HIGHWAYS,NHIDCL,ASSAM,458.59,66.12,62.9,High,"agency's own forecast is 6 months past its approved date; 1 months past original date; already past planned completion, no revised pace available"
N22000109,NEW WORK FOR CONSTRUCTION OF METRO RAILWAY FROM BARANAGAR TO BARRACKPORE AND DAKSHINESHWAR (MTP),RAILWAYS,RVNL,WEST BENGAL,2298.42,,62.8,High,agency anticipates +19% over approved cost
N22000602,DALLIRAJHARA - ROWGHAT (95 KM) {PART OF DALLIRAJHARA-JAGDALPUR (235 KM)},RAILWAYS,RVNL,CHHATTISGARH,1627.56,,62.7,High,"already past planned completion, no revised pace available"
N24001860,CONSTRUCTION OF BYPASS TO NAYAGARH TOWN FROM KM 235.469 TO 252.482 OF NH-57 INCLUDING LAND ACQUISITI,ROAD TRANSPORT AND HIGHWAYS,MORTH,ODISHA,300.33,70.0,62.2,High,"agency's own forecast is 4 months past its approved date; 2 months past original date; already past planned completion, no revised pace available"
N24001920,UPGRADATION OF NH 130A MUNGELI TO PONDI FROM NH KM. 51.600 TO KM. 77.870 KM. 80.970 TO 96.970 TO 2,ROAD TRANSPORT AND HIGHWAYS,MORTH,CHHATTISGARH,218.57,89.0,62.0,High,"agency's own forecast is 8 months past its approved date; 9 months past original date; already past planned completion, no revised pace available"
N24001667,6L GREENFIELD KALIAGURA ? BAUNSAGUAR SECTION OF NH-130-CD ROAD FROM KM 249+000 TO KM 293+000 (PACKAG,ROAD TRANSPORT AND HIGHWAYS,NHAI,ODISHA,1734.0,86.47,62.0,High,"agency's own forecast is 19 months past its approved date; 13 months past original date; already past planned completion, no revised pace available"
N18000297,BAGODARA SOLAR POWER PROJECT,POWER,SJVN,GUJARAT,339.35,51.86,61.9,High,"agency's own forecast is 38 months past its approved date; 2.7y past original commissioning date; already past planned completion, no revised pace available"
N24001537,DABOKA KATHKATI PACKAGE-7,ROAD TRANSPORT AND HIGHWAYS,NHIDCL,ASSAM,204.1,96.8,61.8,High,"agency's own forecast is 12 months past its approved date; 11 months past original date; already past planned completion, no revised pace available"
N22000570,KATIHAR-KUMEDPUR AND KATIHAR- MUKURIA (64.5 KM) (UMBRELLA WORK PB#57/2019-20/NR),RAILWAYS,NFR,BIHAR,745.0,35.0,61.7,High,agency anticipates +101% over approved cost
N18000350,WESTERN REGION EXPANSION SCHEME XXV,POWER,PGCIL,CHHATTISGARH,385.84,95.0,61.6,High,"agency's own forecast is 21 months past its approved date; 19 months past original date; already past planned completion, no revised pace available"
N24000583,4 LANING OF NH 37 SECTION BETWEEN END OF MORAN BYPASS TO BOGIBEEL JUNCTION NEAR LAPETKETA (KM. 561,ROAD TRANSPORT AND HIGHWAYS,NHIDCL,ASSAM,252.0,95.42,61.6,High,agency's own forecast is 43 months past its approved date; agency anticipates +31% over approved cost; 3.5y past original commissioning date
N22000279,RAYADURGA-TUMKUR NL,RAILWAYS,SWR,MULTI STATE,2495.86,65.0,61.6,High,"agency's own forecast is 149 months past its approved date; 9.7y past original commissioning date; already past planned completion, no revised pace available"
N24001461,2-LANE WITH PS OF BEWAR TO NEAR KARRI VILLAGE SECTION OF NH-92 FROM KM.0.00 TO 30.00 UNDER GNHCP,ROAD TRANSPORT AND HIGHWAYS,MORTH,UTTAR PRADESH,236.47,88.0,61.6,High,"agency's own forecast is 17 months past its approved date; 15 months past original date; already past planned completion, no revised pace available"
N22000256,TUMKUR-CHITRADURGA-DAVENGERE NL,RAILWAYS,SWR,KARNATAKA,1876.0,12.0,61.5,High,agency's own forecast is 105 months past its approved date; 6.3y past original commissioning date; no physical progress for 8 consecutive reports
N24001727,"IMPROVEMENT AND UP-GRADATION OF EXISTING ROAD TO 2/4L PS FROM KM 40.000 TO 88.750, START OF KHUTAR B",ROAD TRANSPORT AND HIGHWAYS,NHAI,UTTAR PRADESH,762.62,95.5,61.4,High,agency's own forecast is 7 months past its approved date; agency anticipates +10% over approved cost; 4 months past original date
N22000472,SAGAULI VALMIKINAGAR DOUBLING 109.7 KM,RAILWAYS,ECR,BIHAR,1215.54,91.0,61.3,High,"agency's own forecast is 6 months past its approved date; 6 months past original date; already past planned completion, no revised pace available"
N24001523,6L ACCESS-CONTROLLED HIGHWAY FROM (GANESHPUR) TO(NEAR MOHAND) OF GANESHPUR ? DEHRADUN SECTION FROM K,ROAD TRANSPORT AND HIGHWAYS,NHAI,UTTAR PRADESH,836.24,98.85,61.3,High,20 months past original date; no physical progress for 4 consecutive reports; pace is 22% of what the current date needs
N24001932,2L+PS FROM KM. 0+000 TO KM. 32+000 (MUDIGUBBA TO PUTTAPARTHI) OF NH- 342,ROAD TRANSPORT AND HIGHWAYS,MORTH,ANDHRA PRADESH,401.72,80.0,61.3,High,agency's own forecast is 9 months past its approved date; 9 months past original date; no physical progress for 3 consecutive reports
N24000619,DEVELOPMENT OF FOUR LANNING OF ANGUL-SAMBALPUR SECTION OF NATIONAL HIGHWAY NH-42 (NEW NH- 55 IN THE S,ROAD TRANSPORT AND HIGHWAYS,NHAI,ODISHA,2510.04,99.98,61.1,High,"agency's own forecast is 71 months past its approved date; 5.8y past original commissioning date; already past planned completion, no revised pace available"
N24001749,FOUR LANING OF PURULIYA BYPASS SECTION OF NH 32 IN THE STATE OF WEST BENGAL ON EPC MODE,ROAD TRANSPORT AND HIGHWAYS,NHAI,WEST BENGAL,557.55,91.41,61.1,High,agency's own forecast is 25 months past its approved date; 22 months past original date; no physical progress for 6 consecutive reports
N24000862,WIDENING AND UP-GRADATION TO 2- LANE WITH PAVED SHOULDER CONFIGURATION AND GEOMETRIC IMPROVEMENTS FRO,ROAD TRANSPORT AND HIGHWAYS,NHIDCL,MIZORAM,537.82,99.88,60.9,High,agency's own forecast is 24 months past its approved date; agency anticipates +47% over approved cost; 2.2y past original commissioning date
N12000124,NMDC SLURRY PIPE LINE PROJECT - PHASE-1,STEEL,NMDC,CHHATTISGARH,5427.06,80.7,60.9,High,"agency's own forecast is 17 months past its approved date; 2.0y past original commissioning date; already past planned completion, no revised pace available"
N24001731,6L GREENFIELD KANPUR - LUCKNOW (EXPRESSWAY) PKG II FROM KM. 28.500 TO KM. 73.744,ROAD TRANSPORT AND HIGHWAYS,NHAI,UTTAR PRADESH,2470.64,94.68,60.9,High,"agency's own forecast is 4 months past its approved date; 1 months past original date; already past planned completion, no revised pace available"
N24002089,CONSTRUCTION OF FOUR LANE HIGHWAY FROM GHAZIPUR BALLIA UP BIHAR STATE BORDER GREENFIELD SECTION OF N,ROAD TRANSPORT AND HIGHWAYS,NHAI,UTTAR PRADESH,617.87,72.0,60.7,High,"already past planned completion, no revised pace available"
N24001833,JAMMU - AKHNOOR SECTION OF NH 144A PKG-3B,ROAD TRANSPORT AND HIGHWAYS,NHIDCL,JAMMU AND KASHMIR,198.28,71.09,60.6,High,"agency's own forecast is 5 months past its approved date; 3 months past original date; already past planned completion, no revised pace available"
N22000600,JUNAGARH -VISAVADAR (42.28) KM,RAILWAYS,RVNL,GUJARAT,492.83,0.0,60.5,High,no physical progress for 9 consecutive reports; pace is 0% of what the current date needs
N22000624,NAHATI - RANAGHAT 3RD LINE (MM OF KALINARAYANPUR - KRISHNANAGAR),RAILWAYS,ER,WEST BENGAL,1000.0,44.0,60.5,High,agency's own forecast is 12 months past its approved date; 3 months past original date; no physical progress for 9 consecutive reports
N24000331,CONSTRUCTION OF RING ROAD FOR RAEBARELI CITY (PHASE -I) ON EASTERN SIDE OF NH 24B,ROAD TRANSPORT AND HIGHWAYS,MORTH,UTTAR PRADESH,282.41,88.0,60.3,High,agency's own forecast is 39 months past its approved date; agency anticipates +13% over approved cost; 3.2y past original commissioning date
N24001484,KHAMMAM-DEVARAPALLE PKG III [4L ACCESS CONTROLLED (GREENFIELD) FROM CHINTAGUDEM VILLAGE TO RECHERLA,ROAD TRANSPORT AND HIGHWAYS,NHAI,TELANGANA,804.69,91.2,60.2,High,"agency's own forecast is 36 months past its approved date; 16 months past original date; already past planned completion, no revised pace available"
N16000510,POWER RECOVERY TURBINE IN PFCCU,PETROLEUM,NRL,ASSAM,293.5,92.0,60.2,High,pace is 23% of what the current date needs
N24001599,BELAKERI PORT TO KUMTA - SIRSI ROAD FROM KM 0.00 - KM 4.265 OF BELEKERI PORT ROAD LINK RD. AND KM 4.,ROAD TRANSPORT AND HIGHWAYS,NHAI,KARNATAKA,440.16,75.27,60.1,High,"agency's own forecast is 36 months past its approved date; 2.5y past original commissioning date; already past planned completion, no revised pace available"
N18000395,AUGMENTATION OF 1500MVA 3RD 765/400KV TRANSFORMATION CAPACITY AT KURNOOL NEW SUBSTATION,POWER,PGCIL,ANDHRA PRADESH,164.0,33.0,60.1,High,pace is 17% of what the current date needs
N42000011,CONSTRUCTION OF PERMANENT CAMPUSES OF CENTRAL UNIVERSITY OF HIMACHAL PRADESH AT DEHRA AND DHARAMSHAL,DEPARTMENT OF HIGHER EDUCATION,CPWD,HIMACHAL PRADESH,300.45,74.0,59.9,High,7 months past original date; pace is 9% of what the current date needs
N24002133,IMPROVEMENT OF 2 LANE WITH PAVED SHOULDER OF STRETCH FROM BIKRAMGANJ DAWATH MELAYABAGH NAWANAGR -DUM,ROAD TRANSPORT AND HIGHWAYS,MORTH,BIHAR,178.63,96.0,59.9,High,"agency's own forecast is 5 months past its approved date; 3 months past original date; already past planned completion, no revised pace available"
N22000584,LUDHIANA KILA RAIPUR (19 KMS) WITH FREIGHT LINE AT GILL STATION ON LDH-JHL SECTION,RAILWAYS,NR,ANDAMAN AND NICOBAR ISLANDS,235.72,55.0,59.9,High,agency's own forecast is 7 months past its approved date; 3 months past original date; pace is 26% of what the current date needs
N22000406,RISHIKESH - KARNAPRAYAG NEW LINE,RAILWAYS,RVNL,UTTARAKHAND,38953.15,,59.8,High,elevated risk on combined profile
N24002208,PACKAGE-3A,ROAD TRANSPORT AND HIGHWAYS,NHIDCL,ANDAMAN AND NICOBAR ISLANDS,154.01,39.27,59.6,High,"agency's own forecast is 18 months past its approved date; already past planned completion, no revised pace available"
N22000356,WARDHA-BALHARSHAH - 3RD LINE (132 KM),RAILWAYS,CR,MAHARASHTRA,1384.72,67.0,59.5,High,agency's own forecast is 3 months past its approved date; no physical progress for 9 consecutive reports; pace is 0% of what the current date needs
N24000582,4 LANING OF NH-37 SECTION BETWEEN DEMOW TO END OF MORAN BYPASS (FROM KM. 534.800 TO KM. 561.700) O,ROAD TRANSPORT AND HIGHWAYS,NHIDCL,ASSAM,294.17,98.4,59.5,High,"agency's own forecast is 114 months past its approved date; 9.4y past original commissioning date; already past planned completion, no revised pace available"
N24000733,REHABILITATION AND UP-GRADATION OF EXISTING 2-LANE TO 4 LANE OF DUBURI (KM 388.376) TO CHANDIKHOLE (,ROAD TRANSPORT AND HIGHWAYS,NHAI,ODISHA,492.83,86.0,59.5,High,agency's own forecast is 40 months past its approved date; agency anticipates +29% over approved cost; 2.8y past original commissioning date
N24001418,DELHI-AMRITSAR-KATRA EXPRESSWAY FROM CH.KM 303+900 TO KM 319+400 OF MAIN EXPRESSWAY) AND AMRITSAR CO,ROAD TRANSPORT AND HIGHWAYS,NHAI,PUNJAB,1094.46,62.99,59.4,High,14 months past original date; pace is 4% of what the current date needs
N16000507,INSTALLATION OF INDEPENDENT DE- AROMATIZED SOLVENTS PRODUCTION FACILITIES AT MUMBAI REFINERY,PETROLEUM,BPCL,MAHARASHTRA,405.0,81.5,59.4,High,pace is 17% of what the current date needs
N18000249,COMPREHENSIVE SCHEME FOR THE STRENGHTENING OF THE TRANSMISSION AND DISTRIBUTION SYSTEM IN A P,POWER,PGCIL,MULTI STATE,9129.32,81.7,59.2,High,"agency's own forecast is 24 months past its approved date; 6.5y past original commissioning date; already past planned completion, no revised pace available"
N22000273,BHANUPALI-BILASPUR BERI NL,RAILWAYS,RVNL,HIMACHAL PRADESH,13370.29,,59.1,High,elevated risk on combined profile
N24001736,6L ACCESS CONTROL GREENFIELD HIGHWAY OF VILL-KARAUNDA MAHAJAN TO VILL-KHYAWARI FROM KM. 56.500 TO K,ROAD TRANSPORT AND HIGHWAYS,NHAI,UTTAR PRADESH,1159.96,98.69,59.0,High,agency's own forecast is 11 months past its approved date; 10 months past original date; no physical progress for 3 consecutive reports
N18000275,PATRATU STPP-I (3X800MW),POWER,NTPC,JHARKHAND,17112.0,81.0,58.9,High,agency's own forecast is 36 months past its approved date; 2.3y past original commissioning date; no physical progress for 3 consecutive reports
N22000566,BAHRAICH - NANPARA -NEPALGANJ (56.15 KM),RAILWAYS,NER,UTTAR PRADESH,950.0,25.0,58.8,High,"agency's own forecast is 8 months past its approved date; 6 months past original date; already past planned completion, no revised pace available"
N26000117,PLANNIN ENGINEERING SUPPLY INSTALLATION TESTING COMMISSIONING INTEGARTION AND ANNUAL MAINTENANCE OF,TELECOMMUNICATIONS,BSNL,MULTI STATE,24544.55,95.54,58.8,High,"already past planned completion, no revised pace available"
N24001596,4L OF MIRZA CHAUKI TO FARKKA SECTION OF NH80 FROM KM 215.00 TO KM 260.00 ON HAM MODE IN THE STATE OF,ROAD TRANSPORT AND HIGHWAYS,NHAI,JHARKHAND,1504.8,75.74,58.7,High,"agency's own forecast is 6 months past its approved date; 23 months past original date; already past planned completion, no revised pace available"
N22000416,KATNI GRADE SEPARATOR/BYE PASS,RAILWAYS,WCR,MADHYA PRADESH,1247.64,89.0,58.5,High,agency anticipates +84% over approved cost; 9 months past original date; no physical progress for 3 consecutive reports
N12000130,CONSTRUCTION OF RESIDENTIAL TOWERS AT BIOM KIRANDUL COMPLEX,STEEL,NMDC,CHHATTISGARH,349.75,81.86,58.5,High,"agency's own forecast is 13 months past its approved date; 7 months past original date; already past planned completion, no revised pace available"
N24001595,4L OF PALMA TO GUMLA SECTION OF NH23 FROM KM. 26.00 TO KM. 89.170 ON HAM MODE IN THE STATE OF JHARKH,ROAD TRANSPORT AND HIGHWAYS,NHAI,JHARKHAND,1879.55,97.3,58.5,High,15 months past original date; date already moved 3x in 10 months
N22000568,CHENNAI BEACH-CHENNAI EGMORE (4.3 KM) (UMBRELLA WORK PB#57/2019- 20/NR),RAILWAYS,SR,TAMIL NADU,274.2,95.0,58.3,High,"agency anticipates +13% over approved cost; no physical progress for 3 consecutive reports; already past planned completion, no revised pace available"
N24000813,DEVELOPMENT OF NEWLY DECLARED NH-527C FROM MAJHAULI TO CHAROUT SECTION TO 2 LANE WITH PAVED SHOULDER,ROAD TRANSPORT AND HIGHWAYS,NHAI,BIHAR,470.18,98.5,58.2,High,"agency's own forecast is 8 months past its approved date; 3.6y past original commissioning date; already past planned completion, no revised pace available"
N24001897,REHABILITATION AND UPGRADATION TO 2 LANE WITH PAVED SHOULDER FROM EXISTING CHAINAGE KM 102 TO KM 13,ROAD TRANSPORT AND HIGHWAYS,BRO,JAMMU AND KASHMIR,642.24,95.0,58.1,High,"11 months past original date; no physical progress for 5 consecutive reports; already past planned completion, no revised pace available"
N22000615,BARAMATI - LONAND,RAILWAYS,CR,MAHARASHTRA,736.44,50.0,58.0,High,agency anticipates +150% over approved cost; no physical progress for 9 consecutive reports; pace is 0% of what the current date needs
N16000382,ACRYLICS OR OXO-ALCOHOL PROJECT AT GUJARAT REFINERY,PETROLEUM,IOCL,GUJARAT,5894.0,99.7,58.0,High,"agency's own forecast is 16 months past its approved date; 2.1y past original commissioning date; already past planned completion, no revised pace available"
N16000234,IRUGUR-DEVANGONTHI POL PIPELINE,PETROLEUM,BPCL,TAMIL NADU,1732.0,64.1,57.9,High,8.3y past original commissioning date; pace is 27% of what the current date needs
N22000521,BRUNDAMAL-JHARSUGUDA- FLYOVER CONNECTION FOR JOINING DN LINE,RAILWAYS,ECOR,ODISHA,296.51,10.0,57.7,High,no physical progress for 7 consecutive reports; pace is 22% of what the current date needs; spend outruns works by 45pp
N24001804,BAL. WORKS OF FAGNE (KM. 510.000) TO MAHARASHTRA/GUJARAT BORDER (KM. 650.794),ROAD TRANSPORT AND HIGHWAYS,NHAI,MAHARASHTRA,1654.07,97.66,57.7,High,"agency's own forecast is 18 months past its approved date; 2.7y past original commissioning date; already past planned completion, no revised pace available"
N24001411,4L+PS OF NH -58 FROM BEAWAR- GOMTI (OLD CH KM 58.245 TO KM. 108.600) PKG-I.,ROAD TRANSPORT AND HIGHWAYS,MORTH,RAJASTHAN,379.23,96.1,57.6,High,agency's own forecast is 26 months past its approved date; 20 months past original date; no physical progress for 4 consecutive reports
N30000026,SEWER NETWORK SPS AND STP BEGUSARAI,WATER RESOURCES,BUIDCO,BIHAR,230.06,97.0,57.6,High,"agency's own forecast is 64 months past its approved date; 3.9y past original commissioning date; already past planned completion, no revised pace available"
N24001332,2-LANING FROM YAINGANGPOKPI TO FINCH CORNER (PKG-II),ROAD TRANSPORT AND HIGHWAYS,NHIDCL,ASSAM,217.5,68.03,57.5,High,agency's own forecast is 8 months past its approved date; 3.0y past original commissioning date; no physical progress for 5 consecutive reports
N06000192,BINA KAKRI AMALGAMATION OCP 14 MTPA,COAL,NCL,MULTI STATE,836.42,89.08,57.5,High,"agency's own forecast is 36 months past its approved date; 15 months past original date; already past planned completion, no revised pace available"
N24001958,2LPS OF CHAPRATHIPALEM TO LAMBASINGI SECTION OF NH 516E,ROAD TRANSPORT AND HIGHWAYS,MORTH,ANDHRA PRADESH,311.22,72.0,57.4,High,agency's own forecast is 8 months past its approved date; 8 months past original date; no physical progress for 3 consecutive reports
N22000621,BANGALORE-WHITEFIELD-BANGALORE CITY-KRISHNARAJAPURAM QUADRUPLING,RAILWAYS,SWR,KARNATAKA,492.87,75.0,57.3,High,"agency's own forecast is 8 months past its approved date; no physical progress for 3 consecutive reports; already past planned completion, no revised pace available"
N04000103,RAJAHMUNDRY AIRPORT: CONSTRUCTION OF NEW DOMESTIC TERMINAL BUILDING AND MISCELLANEOUS WORKS INCLUD,CIVIL AVIATION,AAI,ANDHRA PRADESH,347.15,46.0,57.3,High,pace is 8% of what the current date needs
N22000611,GOMOH - FLYOVER FOR DOWN TRAINS,RAILWAYS,ECR,JHARKHAND,686.03,45.0,57.1,High,agency's own forecast is 36 months past its approved date; 2.3y past original commissioning date; no physical progress for 3 consecutive reports
N24001611,4 LANE OF BILASPUR TO URGA PROJECT (KM 0.00 TO KM 70.2) OF NH- 130A,ROAD TRANSPORT AND HIGHWAYS,NHAI,CHHATTISGARH,2523.86,94.27,57.0,High,"agency's own forecast is 21 months past its approved date; 15 months past original date; already past planned completion, no revised pace available"
N22000610,GARHWA ROAD - RAIL OVER RAIL,RAILWAYS,ECR,JHARKHAND,262.71,70.0,56.8,High,agency's own forecast is 20 months past its approved date; 12 months past original date; no physical progress for 3 consecutive reports
N16000429,60 KTA POLYPROPYLENE PROJECT,PETROLEUM,GAIL,UTTAR PRADESH,1299.02,96.9,56.8,High,"agency's own forecast is 15 months past its approved date; 14 months past original date; already past planned completion, no revised pace available"
N24001486,TUNNEL AT KHAMBATAKI GHAT SECTION AND ITS APPROACHES FROM EXISTING KM. 771.730 TO EXISTING KM. 782.0,ROAD TRANSPORT AND HIGHWAYS,NHAI,MAHARASHTRA,493.0,77.64,56.8,High,"agency's own forecast is 8 months past its approved date; 3.3y past original commissioning date; already past planned completion, no revised pace available"
N24000438,4 LANING FROM RANGAGARA TO KALIABHOR TINALI FROM KM 297.00 TO KM 315.315 OF NH-37 ON EPC BASIS.,ROAD TRANSPORT AND HIGHWAYS,NHIDCL,ASSAM,289.99,88.03,56.8,High,"agency's own forecast is 53 months past its approved date; 6.5y past original commissioning date; already past planned completion, no revised pace available"
N16000513,RAJASTHAN REFINERY PROJECT,PETROLEUM,HPCLRRL(JV,RAJASTHAN,72937.0,87.4,56.6,High,"agency's own forecast is 9 months past its approved date; 2.7y past original commissioning date; already past planned completion, no revised pace available"
N24000749,REHABILITATION AND UP GRADATION OF SECTION FROM KM 206.00 TO KM 242.00 (NIMBUTALA TO AUSTIN CREEK) O,ROAD TRANSPORT AND HIGHWAYS,NHIDCL,ANDAMAN AND NICOBAR ISLANDS,234.27,83.0,56.3,High,"agency's own forecast is 32 months past its approved date; 4.7y past original commissioning date; already past planned completion, no revised pace available"
N06000203,NAINI COAL MINE,COAL,SCCL,ODISHA,494.3,80.0,56.3,High,agency's own forecast is 36 months past its approved date; 15 months past original date; no physical progress for 3 consecutive reports
N24000855,CONSTRUCTION OF 4.5 KM LONG SILKYARA TUNNEL BETWEEN KM 25.40 TO 50.25 KM (TUNNEL WORK),ROAD TRANSPORT AND HIGHWAYS,NHIDCL,UTTARAKHAND,1383.78,64.27,56.2,High,"agency's own forecast is 50 months past its approved date; 2.9y past original commissioning date; already past planned completion, no revised pace available"
N24001926,CONSTRUCTION OF TWIN TUBE TUNNELS ON JAMMU KASHMIR RING ROAD (NH-244A) BETWEEN DESIGN CH. 50+600 TO,ROAD TRANSPORT AND HIGHWAYS,NHAI,JAMMU AND KASHMIR,939.86,69.93,55.8,High,"agency's own forecast is 9 months past its approved date; already past planned completion, no revised pace available"
N28000137,AHMEDABAD METRO RAIL PROJECT PHASE II,URBAN DEVELOPMENT,AMR,GUJARAT,5384.17,87.68,55.4,High,"agency's own forecast is 21 months past its approved date; 15 months past original date; already past planned completion, no revised pace available"
N18000366,DAYAPAR WIND- III (HYBRID TRANCHE- V),POWER,NTPC,GUJARAT,1095.01,18.0,55.4,High,5 months past original date; pace is 22% of what the current date needs; spend outruns works by 17pp
N24000182,VARANASI-AURANGABAD KM.786 TO KM.978.40,ROAD TRANSPORT AND HIGHWAYS,NHAI,MULTI STATE,2848.0,90.42,55.0,High,agency's own forecast is 135 months past its approved date; agency anticipates +14% over approved cost; 11.3y past original commissioning date
N24000763,CONSTRUCTION OF TWO LANE WITH HARD SHOULDERS OF MERANGKONG- TAMLU-MON ROAD FROM EXISTING KM 20.456 TO,ROAD TRANSPORT AND HIGHWAYS,NHIDCL,NAGALAND,215.79,80.38,54.9,High,"agency's own forecast is 36 months past its approved date; 3.5y past original commissioning date; already past planned completion, no revised pace available"
N24001261,CONSTRUCTION AND UPGRADATION OFEXISTINGROAD TO 2-LANE WITH PAVED SHOULDER INCLUDING GEOMETRIC IMPROV,ROAD TRANSPORT AND HIGHWAYS,NHIDCL,SIKKIM,311.0,95.12,54.7,High,"agency's own forecast is 30 months past its approved date; 2.2y past original commissioning date; already past planned completion, no revised pace available"
N24001701,FOUR LANING OF MUNGER TO MIRZACHAUKI (NH-80) SECTION FROM START OF EXISTING BHAGALPUR BYPASS TO RASU,ROAD TRANSPORT AND HIGHWAYS,NHAI,BIHAR,1769.5,0.0,54.7,High,14 months past original date; no physical progress for 9 consecutive reports; pace is 0% of what the current date needs
N22000380,JARAPADA - BUDHAPANK WITH FLY OVER AT TALCHER ROAD 3RD AND 4TH LINE,RAILWAYS,ECOR,ODISHA,820.61,,54.6,High,date already moved 3x in 10 months
220100265,KOTLPALLI-NARASAPUR (NL) (SCR),RAILWAYS,SCR,ANDHRA PRADESH,2500.98,18.0,54.4,High,spend outruns works by 28pp
N22000620,KUMBALAM-THURAVUR - PATCH DOUBLING (15.59 KM),RAILWAYS,SR,KERALA,812.85,7.0,54.4,High,no physical progress for 3 consecutive reports; spend outruns works by 28pp; date already moved 3x in 10 months
N24001900,REHABILITATION AND UPGRADATION TO 2 LANE WITH PAVED SHOULDER FROM EXISTING CHAINAGE KM 49.150 TO KM,ROAD TRANSPORT AND HIGHWAYS,BRO,JAMMU AND KASHMIR,796.97,79.0,54.4,High,agency's own forecast is 7 months past its approved date; 10 months past original date; no physical progress for 7 consecutive reports
N24001744,"4L OF SHAMLI BYAPSS- SAHARANPUR FROM KM 92.2 TO KM 155.025 SECTION OF NH-709B, PKG-II",ROAD TRANSPORT AND HIGHWAYS,NHAI,UTTAR PRADESH,779.17,98.5,54.3,High,"agency's own forecast is 32 months past its approved date; 2.6y past original commissioning date; already past planned completion, no revised pace available"
N24001417,DELHI-AMRITSAR-KATRA EXPRESSWAY FROM JUNCTION WITH LUDHIANA-MOGA ROAD (NH-5) NEAR MULLANPUR DAKHA TO,ROAD TRANSPORT AND HIGHWAYS,NHAI,PUNJAB,1234.4,61.88,54.1,High,14 months past original date; pace is 4% of what the current date needs
N18000384,TS FOR EVACUATION OF ADDITIONAL 7GW RE POWER FROM KHAVDA RE PARK UNDER PHASE-III PART B [VATAMAN TRA,POWER,PGCIL,GUJARAT,3752.0,20.0,53.8,High,agency's own forecast is 6 months past its approved date; pace is 15% of what the current date needs; spend outruns works by 19pp
N24002068,CONSTRUCTION OF 4-LANE FROM BARELA TO MANEGAON SECTION OF NH-30 FROM DESIGN CH. 2.900 TO DESIGN CH.,ROAD TRANSPORT AND HIGHWAYS,NHAI,MADHYA PRADESH,652.33,73.16,53.8,High,"agency's own forecast is 9 months past its approved date; 3 months past original date; already past planned completion, no revised pace available"
N24001344,KARGIL-ZANSKR PACKAGE-2,ROAD TRANSPORT AND HIGHWAYS,NHIDCL,LADAKH,404.89,67.27,53.7,High,"agency's own forecast is 9 months past its approved date; 2.4y past original commissioning date; already past planned completion, no revised pace available"
N24002027,KEIFANG - TUVAI PKG-3,ROAD TRANSPORT AND HIGHWAYS,NHIDCL,MIZORAM,500.88,75.4,53.5,High,"agency's own forecast is 10 months past its approved date; 4 months past original date; already past planned completion, no revised pace available"
N24000745,"2 LANE WITH HARD SHOLDER , REHABILITATION AND UP GRADATION OF SECTION FROM KM 242.0 TO KM 298.0 OF N",ROAD TRANSPORT AND HIGHWAYS,NHIDCL,ANDAMAN AND NICOBAR ISLANDS,409.85,95.23,53.5,High,"agency's own forecast is 27 months past its approved date; 5.5y past original commissioning date; already past planned completion, no revised pace available"
N18000328,TS FOR EVACUATION OF POWER FROM PAKALDUL HEP IN CHENAB VALLEY HEPS - LTA SYSTEM,POWER,PGCIL,MULTI STATE,318.12,98.0,53.4,High,"agency's own forecast is 4 months past its approved date; 2 months past original date; already past planned completion, no revised pace available"
N24002116,REHABILITATION AND UPGRADATION FROM KM 51.600 TO KM 75.700 OF NH- 321G (NUHKHAS TO ETAH SECTION) TO T,ROAD TRANSPORT AND HIGHWAYS,MORTH,UTTAR PRADESH,343.54,42.0,53.3,High,pace is 7% of what the current date needs
N24001677,BALANCE WORK OF 2L PS FROM KM 30.800 TO 70.800 AND 2L WITH RIGID CARRIAGEWAY FROM 70.800 TO KM 84.12,ROAD TRANSPORT AND HIGHWAYS,NHAI,KARNATAKA,226.76,71.95,53.2,High,"13 months past original date; already past planned completion, no revised pace available"
N24001992,BALANCE WORKS OF 4-LANNING OF RAMPUR-KATHGODAM SECTION OF NH-87 (NEW NH NO. 09) FROM KM. 0.000 (KM 1,ROAD TRANSPORT AND HIGHWAYS,NHAI,UTTAR PRADESH,244.26,97.62,53.2,High,16 months past original date; date already moved 6x in 10 months
N24002053,FOUR LANING OF KHAJURI TO WYNDHAMGANJ FROM KM 219.600 TO KM 260.483 ON NH-75 PKG SEC-V ON HAM,ROAD TRANSPORT AND HIGHWAYS,NHAI,JHARKHAND,1343.0,81.76,53.2,High,agency anticipates +4% over approved cost
180100242,BARH STPP(3X660MW) NTPC,POWER,NTPC,BIHAR,21312.11,95.0,53.2,High,agency's own forecast is 20 months past its approved date; 13.7y past original commissioning date; no physical progress for 3 consecutive reports
N22000171,SAKRI-HASANPUR ROAD (NL),RAILWAYS,ECR,BIHAR,735.2,78.0,53.2,High,no physical progress for 9 consecutive reports
220100272,"TARAKESWAR - BISHNUPUR NEW BG LINE (NL), ER",RAILWAYS,ER,WEST BENGAL,1188.91,75.0,53.1,High,agency anticipates +117% over approved cost; 6.3y past original commissioning date; no physical progress for 9 consecutive reports
N24001826,VARANASI RING ROAD (PKG-II) CONNECTING SANDAHA VILLAGE (KM 11.70 / NH-29) WITH REVASA VILLAGE (KM 81,ROAD TRANSPORT AND HIGHWAYS,NHAI,UTTAR PRADESH,927.77,91.25,53.1,High,agency's own forecast is 6 months past its approved date; agency anticipates +73% over approved cost; 3.3y past original commissioning date
N24001217,REHABILITATION AND UPGRADATION OF NH 43 KANKER TO BEDMA SECTION KM. 130 TO 180,ROAD TRANSPORT AND HIGHWAYS,MORTH,CHHATTISGARH,572.66,60.0,53.1,High,agency's own forecast is 106 months past its approved date; 8.8y past original commissioning date; no physical progress for 4 consecutive reports
N45000002,CONSTRUCTION OF HEADQUARTER BUILDING OF CRPF AT LODHI ROAD NEW DELHI,HOME AFFAIRS,CPWD FOR MHA,DELHI,277.35,66.0,53.0,High,"agency's own forecast is 38 months past its approved date; 2.9y past original commissioning date; already past planned completion, no revised pace available"
N24000696,SIX LANNING OF AUNTA- SIMARIA(GANGA BRIDGE WITH APPROACH ROADS) SECTION OF NH- 31,ROAD TRANSPORT AND HIGHWAYS,NHAI,BIHAR,1161.0,99.56,52.9,High,"agency's own forecast is 10 months past its approved date; 3.3y past original commissioning date; already past planned completion, no revised pace available"
N22000420,RAJNANDGAON - NAGPUR - 3RD LINE (SECR),RAILWAYS,SECR,MAHARASHTRA,3544.92,95.0,52.8,High,"agency's own forecast is 24 months past its approved date; 6 months past original date; already past planned completion, no revised pace available"
N24001502,4L OF BARAMATI TO INDAPUR (PKG-II) FROM KM. 41.400 TO KM. 84.550 OF NH- 965G (SAINT TUKARAM MARG),ROAD TRANSPORT AND HIGHWAYS,NHAI,MAHARASHTRA,580.15,0.5,52.8,High,21 months past original date; no physical progress for 9 consecutive reports; spend outruns works by 72pp
N06000104,CHHAL OC SEAM -III (6.00 MTY),COAL,SECL,CHHATTISGARH,610.63,85.0,52.8,High,"3.3y past original commissioning date; no physical progress for 8 consecutive reports; already past planned completion, no revised pace available"
N24001786,CONSTRUCTION OF EIGHT LANE ACCESS CONTROLLED EXPRESSWAY FROM KM 103.400 TO KM 128.000 OF VADODARA MU,ROAD TRANSPORT AND HIGHWAYS,NHAI,GUJARAT,2652.24,34.08,52.7,High,agency's own forecast is 24 months past its approved date; 15 months past original date; no physical progress for 3 consecutive reports
N24001441,REHABILITATION AND UPGRADATION OF NONGSTOIN TO WAHKAJI SECTION OF PROJECT ROAD KM 0.000 TO KM 43.06,ROAD TRANSPORT AND HIGHWAYS,MORTH,MEGHALAYA,302.88,96.0,52.6,High,"agency's own forecast is 41 months past its approved date; 3.3y past original commissioning date; already past planned completion, no revised pace available"
N24000865,WIDENING AND UP-GRADATION TO 2- LANE WITH PAVED SHOULDER CONFIGURATION AND GEOMETRIC IMPROVEMENTS FRO,ROAD TRANSPORT AND HIGHWAYS,NHIDCL,MIZORAM,428.11,99.82,52.6,High,agency's own forecast is 20 months past its approved date; agency anticipates +74% over approved cost; 21 months past original date
N22000028,"EXTENSION OF MRTS FROM VELACHERY TO STN. THOMAS, MTP",RAILWAYS,MRTP,TAMIL NADU,981.83,98.0,52.5,High,11 months past original date; no physical progress for 9 consecutive reports; pace is 0% of what the current date needs
N22000486,KADUR CHIKMAGALUR SAKLESHPUR NEW LINE (93 KM),RAILWAYS,SWR,KARNATAKA,825.31,83.0,52.4,High,"agency's own forecast is 9 months past its approved date; already past planned completion, no revised pace available"
N06000098,MOONIDIH XV SEAM UG,COAL,BCCL,JHARKHAND,1230.27,81.0,52.4,High,"agency's own forecast is 86 months past its approved date; 6.3y past original commissioning date; already past planned completion, no revised pace available"
N42000008,ESTABLISHMENT OF PERMANENT CAMPUS PHASE 1 OF IIM SIRMAUR,DEPARTMENT OF HIGHER EDUCATION,CPWD EDUCATION,HIMACHAL PRADESH,392.51,91.5,52.3,High,agency's own forecast is 8 months past its approved date; agency anticipates +14% over approved cost; 3.0y past original commissioning date
N24001961,WORK OF WIDENING/UPGRADATION OF 2-LANE WITH PAVED SHOULDER OF SRI MUKTSAR SAHIB TO MALOUT ROAD FROM,ROAD TRANSPORT AND HIGHWAYS,MORTH,PUNJAB,152.58,85.0,52.2,High,"agency's own forecast is 21 months past its approved date; 20 months past original date; already past planned completion, no revised pace available"
N22000571,ROURKELA-BONDAMUNDA A-CABIN 5TH LINE (10 KM) (UMBRELLA WORK PB#57/2019-20/NR),RAILWAYS,SER,ODISHA,209.75,30.0,52.1,High,agency anticipates +17% over approved cost
N22000399,TRIVANDRUM-KANYAKUMARI DOUBLING,RAILWAYS,SR,KERALA,1431.9,42.1,51.9,High,agency's own forecast is 45 months past its approved date; agency anticipates +164% over approved cost; 15 months past original date
N24002088,CONSTRUCTION OF FOUR LANE HIGHWAY FROM GHAZIPUR BALLIA UP BIHAR STATE BORDER (GREENFIELD) SECTION OF,ROAD TRANSPORT AND HIGHWAYS,NHAI,UTTAR PRADESH,1493.5,58.0,51.9,High,pace is 16% of what the current date needs
N24001914,IMPROVEMENT AND WIDENING TO 2- LANE WITH EARTHEN PAVED SHOULDER FROM UDAIPUR TO SRIMANTAPUR,ROAD TRANSPORT AND HIGHWAYS,NHIDCL,TRIPURA,195.95,45.42,51.9,High,"agency's own forecast is 13 months past its approved date; 7 months past original date; already past planned completion, no revised pace available"
N24001495,4L OF RATNAGIRI - KOLHAPUR SECTION OF NH-166 FROM KM 0.000 TO KM 19.769 AND KM 31.000 TO KM 67.140 (,ROAD TRANSPORT AND HIGHWAYS,NHAI,MAHARASHTRA,930.0,77.15,51.8,High,"agency's own forecast is 10 months past its approved date; 7 months past original date; already past planned completion, no revised pace available"
220100188,"NANGALDAM-TALWARA(NL),NR",RAILWAYS,NR,MULTI STATE,603.0,75.0,51.7,High,agency's own forecast is 5 months past its approved date; agency anticipates +235% over approved cost; spend outruns works by 195pp
N18000178,RAMMAM-III HEPP (3X40 MW),POWER,NTPC,WEST BENGAL,1381.84,43.68,51.7,High,agency's own forecast is 51 months past its approved date; agency anticipates +30% over approved cost; 5.7y past original commissioning date
N24001619,CORRIDOR EFFICIENCY IMPROVEMENT INCLUDING REMOVAL OF BLACK SPOTS IN LAKHANPUR - SAMBA SECTION OF NH-,ROAD TRANSPORT AND HIGHWAYS,NHAI,JAMMU AND KASHMIR,200.05,63.2,51.6,High,"agency anticipates +4% over approved cost; 12 months past original date; already past planned completion, no revised pace available"
N24001393,JORAM ? KOLORIANG ROAD FROM EXISTING KM122.600 TO KM138.00 (PKG-7),ROAD TRANSPORT AND HIGHWAYS,NHIDCL,ARUNACHAL PRADESH,184.88,97.42,51.6,High,agency's own forecast is 17 months past its approved date; 3.2y past original commissioning date; no physical progress for 3 consecutive reports
N22000368,GUNTUR-GUNTAKAL,RAILWAYS,SCR,ANDHRA PRADESH,3733.37,0.0,51.5,High,agency anticipates +4% over approved cost; no physical progress for 9 consecutive reports; pace is 0% of what the current date needs
N12000127,SCREENING PLANT-III AT KIRANDUL,STEEL,NMDC,CHHATTISGARH,2718.84,71.31,51.4,High,"agency's own forecast is 17 months past its approved date; 10 months past original date; already past planned completion, no revised pace available"
N24001866,"CONSTRUCTION OF TWO LANE WITH PAVED SHOULDER FOR FATEHPUR BYPASS, MANDAWA BYPASS AND JHUNJHUNU BYPAS",ROAD TRANSPORT AND HIGHWAYS,MORTH,RAJASTHAN,186.29,90.0,51.4,High,"agency's own forecast is 10 months past its approved date; 10 months past original date; already past planned completion, no revised pace available"
N22000349,KIUL - GAYA DOUBLING PROJECT,RAILWAYS,ECR,BIHAR,1200.2,99.0,51.3,High,agency's own forecast is 5 months past its approved date; agency anticipates +48% over approved cost; 9 months past original date
N24001493,6L OF KAGAL-SATARA SECTION FROM KM 658.000 TO KM 725.000 OF NH-48 (PKG-II),ROAD TRANSPORT AND HIGHWAYS,NHAI,MAHARASHTRA,1749.86,69.14,51.2,High,"agency's own forecast is 11 months past its approved date; 6 months past original date; already past planned completion, no revised pace available"
N24001748,SIX LANING OF NATIONAL CORRIDOR NH19 FROM PANAGARH TO PALSIT IN THE STATE OF WEST BENGAL UNDER BHARA,ROAD TRANSPORT AND HIGHWAYS,NHAI,WEST BENGAL,2200.93,97.6,51.2,High,agency's own forecast is 15 months past its approved date; agency anticipates +19% over approved cost; 9 months past original date
N24001479,WIDENING AND UPGRADATION TO FOUR LANE CONFIGURATION FROM KM.34.900 (BHADOHI) TO KM.73.134 (JAUNPUR),ROAD TRANSPORT AND HIGHWAYS,MORTH,UTTAR PRADESH,392.03,76.0,51.1,High,"agency's own forecast is 15 months past its approved date; 13 months past original date; already past planned completion, no revised pace available"
N22000508,LODHMA TO PISKA LINK LINE BY PASSING HATIA/RANCHI WITH Y CONNECTION (17.2 KM),RAILWAYS,SER,JHARKHAND,501.52,4.0,51.0,High,pace is 3% of what the current date needs; spend outruns works by 51pp
N24002063,BALANCE WORK - WB-10 (GANDAK BRIDGE) KM 402.00 TO KM 440.00 (DEVANPUR - KOTWA),ROAD TRANSPORT AND HIGHWAYS,NHAI,BIHAR,210.05,69.0,50.9,High,"agency's own forecast is 26 months past its approved date; 17 months past original date; already past planned completion, no revised pace available"
N24000969,CONSTRUCTION OF 2L+PS FROM PASARLAPUDI-DHINDI (105/700 TO 127.500 OF NH-214) OF NH-216,ROAD TRANSPORT AND HIGHWAYS,MORTH,ANDHRA PRADESH,263.45,85.0,50.9,High,agency's own forecast is 93 months past its approved date; 7.7y past original commissioning date; no physical progress for 4 consecutive reports
N24001306,TWO / FOUR LANING OF RAEBARELI - JAGDISHPUR SECTION OF NH-330A FROM KM. 0.000 TO KM. 47.800 (DESIGN,ROAD TRANSPORT AND HIGHWAYS,NHAI,UTTAR PRADESH,724.6,96.0,50.9,High,"agency's own forecast is 29 months past its approved date; 2.3y past original commissioning date; already past planned completion, no revised pace available"
N24001864,CONSTRUCTION OF FOUR LANE ROB AND ITS APPROACHES IN LIEU OF EXISTING LEVEL CROSSING NO. RV-71 AT KM,ROAD TRANSPORT AND HIGHWAYS,MORTH,ODISHA,154.49,45.0,50.7,High,"agency's own forecast is 4 months past its approved date; already past planned completion, no revised pace available"
N24001323,KHELLANI-KHANABAL PKG-1,ROAD TRANSPORT AND HIGHWAYS,NHIDCL,JAMMU AND KASHMIR,486.45,96.84,50.6,High,"2.7y past original commissioning date; already past planned completion, no revised pace available"
N22000329,SAMASTIPUR-DARBANGHA,RAILWAYS,ECR,BIHAR,519.33,80.0,50.6,High,"agency's own forecast is 7 months past its approved date; 3 months past original date; already past planned completion, no revised pace available"
N18000344,SUNNI DAM HYDRO ELECTRIC PROJECT,POWER,SJVN,HIMACHAL PRADESH,2614.51,29.41,50.6,High,agency's own forecast is 8 months past its approved date; agency anticipates +74% over approved cost; pace is 23% of what the current date needs
N24001912,PEREN-DIMAPUR PKG-3,ROAD TRANSPORT AND HIGHWAYS,NHIDCL,NAGALAND,199.02,63.33,50.5,High,"agency's own forecast is 6 months past its approved date; already past planned completion, no revised pace available"
N18000365,KHAVDA 1200MW (4X300MW) IN KHAVDA RE PARK,POWER,NTPC,GUJARAT,6283.81,42.0,50.4,High,6 months past original date
N24001457,REHABILITATION AND UPGRADATION TO 2 LANE WITH PS OF MIRANPUR KATRA TO RADHAITA SECTION OF NH- 730C F,ROAD TRANSPORT AND HIGHWAYS,MORTH,UTTAR PRADESH,169.56,76.0,50.4,High,"agency's own forecast is 14 months past its approved date; 11 months past original date; already past planned completion, no revised pace available"
N24001425,4L OF ADDAHOLE TO BANTWAL CROSS SECTION INCLUDING FLYOVER AT KALLADKA TOWN,ROAD TRANSPORT AND HIGHWAYS,NHAI,KARNATAKA,1687.31,80.3,50.4,High,3.6y past original commissioning date; pace is 41% of what the current date needs; date already moved 3x in 10 months
N18000291,DHAULASIDH HYDROELECTRIC PROJECT (66 MW),POWER,SJVN,HIMACHAL PRADESH,687.97,67.61,50.3,High,agency's own forecast is 16 months past its approved date; agency anticipates +120% over approved cost; pace is 13% of what the current date needs
N28000144,KANPUR METRO RAIL PROJECT,URBAN DEVELOPMENT,LMRCL,UTTAR PRADESH,11076.48,72.6,50.1,High,"agency's own forecast is 36 months past its approved date; 15 months past original date; already past planned completion, no revised pace available"
N24001438,MERANGKONG-TAMLU-MON (MTM) PKG-5,ROAD TRANSPORT AND HIGHWAYS,NHIDCL,NAGALAND,161.73,73.34,50.0,Medium,"agency's own forecast is 21 months past its approved date; 18 months past original date; already past planned completion, no revised pace available"
N24002113,4L OF LEFT-OVER WORKS INCLUDING ADDITIONAL STRUCTURES FROM KERALA/TAMIL NADU BORDER TO KANYAKUMARI S,ROAD TRANSPORT AND HIGHWAYS,NHAI,TAMIL NADU,1141.78,47.86,50.0,Medium,pace is 12% of what the current date needs
N24001506,VADODARA MUMBAI EXPRESSWAY (PHASE II - PKG XIII) [KM. 26.582 TO KM. 50.700] (SHIRSAD - MASVAN),ROAD TRANSPORT AND HIGHWAYS,NHAI,MAHARASHTRA,2747.0,84.22,50.0,Medium,"16 months past original date; already past planned completion, no revised pace available"
N24001538,IMPHAL - KHONGSANG PKG-5,ROAD TRANSPORT AND HIGHWAYS,NHIDCL,MANIPUR,410.68,70.11,49.9,Medium,13 months past original date; pace is 42% of what the current date needs; date already moved 2x in 10 months
220100314,"RAMGANJMUNDI-BHOPAL (NL),WCR",RAILWAYS,WCR,MADHYA PRADESH,3032.46,69.0,49.8,Medium,agency's own forecast is 6 months past its approved date; agency anticipates +69% over approved cost; no physical progress for 3 consecutive reports
N10000011,UTKAL D AND E COAL BLOCK,MINES,NALCO,ODISHA,534.0,88.5,49.8,Medium,agency's own forecast is 4 months past its approved date; agency anticipates +91% over approved cost; 5.4y past original commissioning date
N24002093,"IMPROVEMENT , UP-GRADATION OF NH-734 SECTION OF MORADABAD - THAKURDWARA - KASHIPUR: ?PACKAGE-I: MORA",ROAD TRANSPORT AND HIGHWAYS,NHAI,UTTAR PRADESH,1841.92,54.4,49.8,Medium,agency's own forecast is 5 months past its approved date; pace is 22% of what the current date needs
N24001429,FOUR LANING OF PUDUCHERRY (KM.29/000) TO POONDIYANKUPPAM (KM.67/000) SECTION OF NH-45A ON HAM UNDER,ROAD TRANSPORT AND HIGHWAYS,NHAI,TAMIL NADU,1588.4,98.72,49.8,Medium,3.6y past original commissioning date; pace is 43% of what the current date needs
N06000198,JAMPALI OCP RCE,COAL,SECL,CHHATTISGARH,278.64,82.0,49.7,Medium,"agency's own forecast is 3 months past its approved date; 15 months past original date; already past planned completion, no revised pace available"
N24001542,2 LANING FROM MANU-SIMLUNG PKG-2,ROAD TRANSPORT AND HIGHWAYS,NHIDCL,TRIPURA,456.88,50.18,49.6,Medium,"5 months past original date; already past planned completion, no revised pace available"
N18000387,TS FOR EVACUATION OF POWER FROM RAJASTHAN REZ PH-IV (PART-1) [BIKANER COMPLEX] PART D [NEEMRANA II B,POWER,PGCIL,RAJASTHAN,2056.0,53.3,49.5,Medium,elevated risk on combined profile
N24001589,HARIHARGANJ TO PARWA MODE SECTION FROM KM 23.284 TO KM 57.049 OF NH-98,ROAD TRANSPORT AND HIGHWAYS,NHAI,JHARKHAND,755.26,88.1,49.3,Medium,agency's own forecast is 4 months past its approved date; agency anticipates +38% over approved cost; 15 months past original date
N24002100,4L OF EXISTING BEAS ? BABA BAKALA - DERA BABA NANAK SECTION FROM START OF BATALA BYPASS TILL INTERSE,ROAD TRANSPORT AND HIGHWAYS,NHAI,PUNJAB,1003.38,72.58,49.3,Medium,"agency's own forecast is 6 months past its approved date; already past planned completion, no revised pace available"
N24001445,CONSTRUCTION OF FOUR LANE EXPRESSWAY FROM START OF VEJALLKA VILLAGE TO START OF DSIR ZONE OF AHMEDAB,ROAD TRANSPORT AND HIGHWAYS,NHAI,GUJARAT,903.85,99.45,49.3,Medium,"23 months past original date; already past planned completion, no revised pace available; date already moved 4x in 10 months"
N24001471,R/U TO 2-LANE WITH PS OF BEWAR TO ALLAHGANJ SECTION OF NH-730C FROM KM.0.00 TO 52.770 UNDER GNHCP,ROAD TRANSPORT AND HIGHWAYS,MORTH,UTTAR PRADESH,340.16,98.0,49.3,Medium,"agency's own forecast is 8 months past its approved date; 7 months past original date; already past planned completion, no revised pace available"
N24001975,UP-GRADATION TO 2-LANE WITH PAVED SHOULDERS OF NGOPA - PAWLRANG SECTION OF NH 102B OF AIZAWL - IMPHA,ROAD TRANSPORT AND HIGHWAYS,NHIDCL,MIZORAM,523.78,95.31,49.2,Medium,"agency's own forecast is 10 months past its approved date; 4 months past original date; already past planned completion, no revised pace available"
N18000325,TEESTA VI HE PROJECT,POWER,NHPC,SIKKIM,5748.04,68.17,49.2,Medium,"agency's own forecast is 45 months past its approved date; 15 months past original date; already past planned completion, no revised pace available"
N24001341,KHELLANI-KHANABAL PKG-3,ROAD TRANSPORT AND HIGHWAYS,NHIDCL,JAMMU AND KASHMIR,398.51,98.36,49.1,Medium,"agency's own forecast is 7 months past its approved date; 2.5y past original commissioning date; already past planned completion, no revised pace available"
N22000250,WARDHA-SEWAGRAM NGP 3RD LINE,RAILWAYS,CR,MAHARASHTRA,540.02,80.0,49.1,Medium,agency's own forecast is 2 months past its approved date; pace is 27% of what the current date needs; spend outruns works by 57pp
N22000598,BHATNI - AUNRIHAR WITH ELECTRIFICATION (125 KM) (EXCL INDARA - MAU (116.95 KM)),RAILWAYS,RVNL,UTTAR PRADESH,2529.46,,48.9,Medium,"agency's own forecast is 2 months past its approved date; 6 months past original date; already past planned completion, no revised pace available"
N24001331,2-LANING FROM YAINGANGPOKPI TO FINCH CORNER (PKG-I),ROAD TRANSPORT AND HIGHWAYS,NHIDCL,ASSAM,261.13,57.5,48.9,Medium,"agency's own forecast is 7 months past its approved date; 3.0y past original commissioning date; already past planned completion, no revised pace available"
N24001721,FOUR LANING OF MAMALLAPURAM TO MUGAIYUR SECTION OF NH332A FROM KM 0.000 TO KM 31.000,ROAD TRANSPORT AND HIGHWAYS,NHAI,TAMIL NADU,1360.53,50.33,48.6,Medium,agency's own forecast is 7 months past its approved date; 13 months past original date; pace is 6% of what the current date needs
N24002019,UPGRADATION OF DINDORI- SAGARTOLA-KABICHABUTRA (MP-CG BORDER) SECTION OF NH -45 FROM KM 0+00(DESIGN),ROAD TRANSPORT AND HIGHWAYS,MORTH,MADHYA PRADESH,319.09,50.12,48.6,Medium,pace is 18% of what the current date needs
N06000210,RCE OF RAMAGUNDAM OPENCAST II EXTENSION PROJECT,COAL,SCCL,TELANGANA,489.62,70.0,48.5,Medium,agency's own forecast is 36 months past its approved date; 2.3y past original commissioning date; no physical progress for 9 consecutive reports
N22000589,LUDHIANA MULLANPUR DOUBLING,RAILWAYS,NR,PUNJAB,235.0,98.0,48.5,Medium,agency's own forecast is 4 months past its approved date; 3 months past original date; no physical progress for 3 consecutive reports
N24001661,6L OF AZHIYUR-VENGALAM FROM KM. 189.200 TO KM. 230.400 OF NH-66,ROAD TRANSPORT AND HIGHWAYS,NHAI,KERALA,3898.46,58.14,48.5,Medium,"agency's own forecast is 10 months past its approved date; 14 months past original date; already past planned completion, no revised pace available"
N24002073,GARHMUKTESHWAR (KM. 83.200 OF NH-24) TO MEERUT (KM. 9.860 OF NH- 235) INCLUDING CONNECTOR TO NH- 119,ROAD TRANSPORT AND HIGHWAYS,NHAI,UTTAR PRADESH,2171.0,53.08,48.5,Medium,agency's own forecast is 20 months past its approved date; 20 months past original date; no physical progress for 4 consecutive reports
N24001526,UPGRADATION AND 4L OF HARIDWAR BYPASS FROM KM 0.000 (KM 188.100 OF NH-58) TO KM. 15.100 (KM 5.100 OF,ROAD TRANSPORT AND HIGHWAYS,NHAI,UTTARAKHAND,1384.11,58.41,48.4,Medium,8 months past original date; pace is 7% of what the current date needs
N28000086,MUMBAI METRO LINE 3 (COLABA- BANDRA-SEEPZ),URBAN DEVELOPMENT,MMRCL,MAHARASHTRA,23136.0,94.77,48.3,Medium,agency anticipates +61% over approved cost; 5.3y past original commissioning date; pace is 8% of what the current date needs
N24000431,4 LANING FROM JAMUGURI TO BISWANATH CHARIALI FROM KM 182 TO KM 208 OF NH-52,ROAD TRANSPORT AND HIGHWAYS,NHIDCL,ASSAM,520.01,98.42,48.2,Medium,"agency's own forecast is 73 months past its approved date; 6.0y past original commissioning date; already past planned completion, no revised pace available"
N24001264,UP-GRADATION TO 2-LANE WITH PAVED SHOULDER FROM KM 12.850 TO KM20.300 OF 7.450KM LENGTH ON GOHA-KHEL,ROAD TRANSPORT AND HIGHWAYS,NHIDCL,JAMMU AND KASHMIR,228.39,88.09,48.2,Medium,"agency's own forecast is 24 months past its approved date; 3.2y past original commissioning date; already past planned completion, no revised pace available"
N24001350,MARIAM - PEREN (PKG 1B),ROAD TRANSPORT AND HIGHWAYS,NHIDCL,MANIPUR,188.36,99.02,48.2,Medium,agency's own forecast is 8 months past its approved date; 2.5y past original commissioning date; no physical progress for 3 consecutive reports
N16000483,OLD PIPE LINE REPLACEMENT (OPRP) GROUP-A,PETROLEUM,ONGC,GUJARAT,173.03,86.5,48.0,Medium,pace is 9% of what the current date needs
N16000213,LIFE EXTENSION OF WALL PLATFORMS OF MUMBAI HIGH AND HEERA FIELDS,PETROLEUM,ONGC,MAHARASHTRA,3375.9,89.5,48.0,Medium,"agency's own forecast is 18 months past its approved date; 7.2y past original commissioning date; already past planned completion, no revised pace available"
N16000428,REDEVELOPMENT OF LINCH FIELD,PETROLEUM,ONGC,GUJARAT,860.04,76.6,47.8,Medium,"agency's own forecast is 4 months past its approved date; 3 months past original date; already past planned completion, no revised pace available"
N04000102,"PRAYAGRAJ AIRPORT - CONSTRUCTION OF NEW TERMINAL BUILDING, SECOND LINK TAXI TRACK, APRON EXPANSION,",CIVIL AVIATION,AAI,UTTAR PRADESH,274.38,97.25,47.8,Medium,7 months past original date
N24001559,2L PS SRIGANGANAGAR TO RAISINGHNAGAR (DESIGN CHAINAGE - 0.500 KM TO DESIGN CHAINAGE 101.000 KM) (PACK,ROAD TRANSPORT AND HIGHWAYS,NHAI,RAJASTHAN,672.35,99.5,47.7,Medium,"12 months past original date; no physical progress for 3 consecutive reports; already past planned completion, no revised pace available"
N18000406,600 MW SOLAR POWER PROJECT UNDER CPSU SCHEME,POWER,NHPC,GUJARAT,4100.45,5.0,47.7,Medium,"agency's own forecast is 44 months past its approved date; no physical progress for 3 consecutive reports; already past planned completion, no revised pace available"
N24001313,IMPROVEMENT/WIDENING TO 2-L WITH PAVED SHOULDER FROM (DESIGN KM 0.00 TO KM 10.670) / 4-LANING FROM (,ROAD TRANSPORT AND HIGHWAYS,NHIDCL,MEGHALAYA,351.12,63.0,47.7,Medium,18 months past original date; pace is 39% of what the current date needs; spend outruns works by 22pp
N24001994,4/6L OF BANGALORE - PUNE SECTION OF BYPASS CONNECTING DHARWAD - HUBLI FROM KM. 403.80 TO KM. 433.20,ROAD TRANSPORT AND HIGHWAYS,NHAI,KARNATAKA,1135.39,70.68,47.6,Medium,2.3y past original commissioning date; pace is 26% of what the current date needs
N24001543,FOUR LANING OF JAMMU-AKHNOOR PKG-1,ROAD TRANSPORT AND HIGHWAYS,NHIDCL,JAMMU AND KASHMIR,245.34,40.95,47.6,Medium,"agency's own forecast is 9 months past its approved date; 5 months past original date; already past planned completion, no revised pace available"
N04000074,"MODERNIZATION OF CHENNAI AIRPORT PHASE II, CHENNAI",CIVIL AVIATION,AAI,TAMIL NADU,2467.0,71.65,47.6,Medium,3.3y past original commissioning date; date already moved 2x in 10 months
N24001767,4L OF INDORE - BOREGAON (PKG-III) [BALWARA TO DHANGAON] FROM KM. 42.260 TO KM. 82.660 OF NH347BG AND,ROAD TRANSPORT AND HIGHWAYS,NHAI,MADHYA PRADESH,1001.69,83.0,47.5,Medium,"agency's own forecast is 20 months past its approved date; 14 months past original date; already past planned completion, no revised pace available"
N24001745,KANPUR LUCKNOW EXPRESSWAY PKG- 1 CONSTRUCTION OF 6-LANE TO EIGHT LANE OF KANPUR LUCKNOW EXPRESSWAY (N,ROAD TRANSPORT AND HIGHWAYS,NHAI,UTTAR PRADESH,1972.1,67.0,47.4,Medium,pace is 4% of what the current date needs
N24001615,4L OF SAGAR - MOHARI FROM KM.8 TO KM.50 (PKG-I),ROAD TRANSPORT AND HIGHWAYS,NHAI,MADHYA PRADESH,790.78,77.02,47.3,Medium,"14 months past original date; already past planned completion, no revised pace available; spend outruns works by 194pp"
N22000557,BELGAUM-DHARWAD VIA KITTUR (73.10 KM) (UMBRELLA WORK PB#22/2019-20/NR),RAILWAYS,SWR,KARNATAKA,927.42,0.0,47.2,Medium,agency's own forecast is 15 months past its approved date; no physical progress for 9 consecutive reports; pace is 0% of what the current date needs
N22000553,AGRA FORT-BANDIKUI,RAILWAYS,NCR,RAJASTHAN,1389.81,12.0,47.2,Medium,no physical progress for 4 consecutive reports; pace is 2% of what the current date needs; date already moved 2x in 10 months
N24001557,4L GREENFIELD SPUR FROM DELHI- VADODARA GREENFIELD EXPRESSWAY NEAR BANDIKUI TO JAIPUR,ROAD TRANSPORT AND HIGHWAYS,NHAI,RAJASTHAN,1636.15,99.8,47.2,Medium,7 months past original date; date already moved 4x in 10 months
N24002016,CONSTRUCTION OF PRATAPGARH BYPASS (EXTENSION) CONNECTING NH-31 TO NH-330,ROAD TRANSPORT AND HIGHWAYS,MORTH,UTTAR PRADESH,225.17,55.0,47.2,Medium,"agency's own forecast is 2 months past its approved date; already past planned completion, no revised pace available"
N22000468,BURHWAL - GONDA - 3RD RUNNING LINE.,RAILWAYS,NER,UTTAR PRADESH,1015.59,52.0,47.2,Medium,agency's own forecast is 6 months past its approved date; agency anticipates +43% over approved cost; 3 months past original date
N06000184,BLOCK-B EXPANSION OPENCAST PROJECT,COAL,NCL,MADHYA PRADESH,998.71,46.24,46.9,Medium,"agency's own forecast is 48 months past its approved date; 2.3y past original commissioning date; already past planned completion, no revised pace available"
N22000381,BUDHAPANK - SALEGAON VIA RAJATGARH 3RD AND 4TH LINE.,RAILWAYS,ECOR,ODISHA,1172.92,80.0,46.9,Medium,agency anticipates +72% over approved cost; pace is 28% of what the current date needs; spend outruns works by 88pp
N24001772,4 LANE CONNECTOR FROM DELHI MEERUT EXPRESSWAY KM 50.000 TO KM 8.520 OF NH 235 IN THE STATE OF UTTAR,ROAD TRANSPORT AND HIGHWAYS,NHAI,UTTAR PRADESH,1147.26,60.0,46.5,Medium,"15 months past original date; already past planned completion, no revised pace available"
N22000362,WARDHA - NAGPUR - 4TH LINE (76 KM),RAILWAYS,CR,MAHARASHTRA,637.95,80.0,46.5,Medium,agency's own forecast is 2 months past its approved date; pace is 33% of what the current date needs; spend outruns works by 72pp
N22000619,ERNAKULAM-KUMBALAM - PATCH DOUBLING (7.71 KM),RAILWAYS,SR,KERALA,600.82,8.0,46.5,Medium,no physical progress for 3 consecutive reports; pace is 23% of what the current date needs; spend outruns works by 39pp
N24001960,UP-GRADATION TO TWO LANE WITH PAVED SHOULDER CONFIGURATION OF NH-354 SECTION ARIFKES- FEROZEPUR-MUKTS,ROAD TRANSPORT AND HIGHWAYS,MORTH,PUNJAB,263.19,61.0,46.5,Medium,"agency's own forecast is 24 months past its approved date; 20 months past original date; already past planned completion, no revised pace available"
N25000072,JAL MARG VIKAS PROJECT,SHIPPING AND PORTS,IWAI,MULTI STATE,5061.15,69.48,46.4,Medium,2.3y past original commissioning date; pace is 17% of what the current date needs
N22000281,ANAND VIHAR-TILAK BRIDGE 3RD AND 4TH LINE,RAILWAYS,NR,DELHI,586.36,45.0,46.3,Medium,agency's own forecast is 57 months past its approved date; agency anticipates +19% over approved cost; 2.3y past original commissioning date
N06000202,GODAVARIKHANI COAL MINE,COAL,SCCL,TELANGANA,438.98,70.0,46.3,Medium,agency's own forecast is 36 months past its approved date; 2.3y past original commissioning date; no physical progress for 3 consecutive reports
N24001989,FOUR LANING OF LEFT OVER WORKS OF HOSPET BELLARY KARNATAKA/ AP BORDER FROM KM.280.080 TO KM. 375.450,ROAD TRANSPORT AND HIGHWAYS,NHAI,KARNATAKA,830.28,77.1,46.2,Medium,"1 months past original date; already past planned completion, no revised pace available"
N16000442,DEBOTTLENECKING AND AUGMENTATION OF CRYOGENIC FACILITIES AT URAN LPG IMPORT TERMINAL,PETROLEUM,BPCL,MAHARASHTRA,1164.69,84.1,46.2,Medium,"agency's own forecast is 10 months past its approved date; 12 months past original date; already past planned completion, no revised pace available"
N22000308,MARIKUPPAM - KUPPAM,RAILWAYS,SWR,KARNATAKA,296.72,14.0,46.0,Medium,agency's own forecast is 141 months past its approved date; 9.3y past original commissioning date; no physical progress for 9 consecutive reports
N24001855,WIDENING OF EXISTING SINGLE LANE ROAD TO INTERMEDIATE LANE ROAD FROM MOKOKCHUNG TO CHARE VIA DIKHU I,ROAD TRANSPORT AND HIGHWAYS,MORTH,NAGALAND,192.93,93.38,45.9,Medium,elevated risk on combined profile
N28000150,C/O AIIMS AT AWANTIPORA (KASHMIR) JAMMU AND KASHMIR,HEALTH AND FAMILY WELFARE,CPWD FOR HEALTH,JAMMU AND KASHMIR,1828.0,64.5,45.8,Medium,agency's own forecast is 2 months past its approved date; pace is 8% of what the current date needs
N24001394,KHELLANI-KHANABAL PKG-2,ROAD TRANSPORT AND HIGHWAYS,NHIDCL,JAMMU AND KASHMIR,512.43,51.75,45.7,Medium,"agency's own forecast is 12 months past its approved date; 2.3y past original commissioning date; already past planned completion, no revised pace available"
N21000031,"COMPREHENSIVE PLANNING, DESIGNING, EXECUTION OF ALL INDIA INSTITUTE OF MEDICAL SCIENCES AT BIBINAGAR",HEALTH AND FAMILY WELFARE,HITES,TELANGANA,1110.55,83.07,45.5,Medium,"agency's own forecast is 17 months past its approved date; 11 months past original date; already past planned completion, no revised pace available"
N24000788,REHABILITATION AND UP GRADATION OF EXISTING ROAD TO 2-LANE WITH PAVED SHOULDER CONFIGURATION IN PURU,ROAD TRANSPORT AND HIGHWAYS,NHAI,WEST BENGAL,708.3,96.49,45.5,Medium,"agency's own forecast is 36 months past its approved date; 2.7y past original commissioning date; already past planned completion, no revised pace available"
N22000513,SOLAPUR-TULJAPUR-OSMANABAD (UMBRELLA WORK),RAILWAYS,CR,MAHARASHTRA,904.92,10.0,45.5,Medium,agency anticipates +224% over approved cost; pace is 16% of what the current date needs; spend outruns works by 117pp
N24001923,WIDENING AND STRENGTHENING OF EXISTING PAVEEMNT TO TWO LANE WITH PAVED SHOULDERS FROM KM 116.00 TO K,ROAD TRANSPORT AND HIGHWAYS,MORTH,JHARKHAND,315.21,80.0,45.3,Medium,agency's own forecast is 5 months past its approved date; 11 months past original date; no physical progress for 4 consecutive reports
N24001529,44 LANE DIVIDED CARRIAGEWAY OF BARMER BYPASS OF NH-15 (NEW NH- 68) IN THE STATE OF RAJASTHAN ON EPC M,ROAD TRANSPORT AND HIGHWAYS,MORTH,RAJASTHAN,451.66,99.0,45.3,Medium,"10 months past original date; no physical progress for 3 consecutive reports; already past planned completion, no revised pace available"
N24001921,2- LANE WITH PAVED SHOULDERS OF HINOTIYA TO MEHULWA FROM DESIGN KM 27+000 9OF EXISTING SH-19 KM 26+5,ROAD TRANSPORT AND HIGHWAYS,NHAI,MADHYA PRADESH,592.03,45.78,45.2,Medium,pace is 15% of what the current date needs
N16000495,"GRASS ROOT RAIL FED DEPOT AT SEKERKOTE, AGARTALA AS RESITEMENT OF EXISTING DHARMANAGAR DEPOT",PETROLEUM,IOCL,TRIPURA,656.0,83.17,45.1,Medium,pace is 33% of what the current date needs
N16000449,UPGRADATION OF FACILITIES OF NUMALIGARH-SILIGURI PRODUCT PIPELINE (NSPL) FOR TRANSPORTATION OF ADDIT,PETROLEUM,OIL,ASSAM,860.0,97.5,45.0,Medium,agency's own forecast is 3 months past its approved date; 6 months past original date; date already moved 2x in 10 months
N28000138,SURAT METRO RAIL PROJECT,URBAN DEVELOPMENT,AMR,GUJARAT,12020.32,67.49,44.9,Medium,"agency's own forecast is 27 months past its approved date; 15 months past original date; already past planned completion, no revised pace available"
N24000943,CONSTRUCTION OF A NEW 4 LANE MAJOR BRIDGE ACROSS RIVER KOSI AT PHULAUT INCLUDING RHABILITATION AND,ROAD TRANSPORT AND HIGHWAYS,MORTH,BIHAR,1478.4,75.15,44.8,Medium,"agency's own forecast is 23 months past its approved date; 12 months past original date; already past planned completion, no revised pace available"
N24001825,DEVELOPMENT OF 6L UER II [PACKAGE - II] (KARALA KANJHAWALA ROAD TILL NANGLOI - NAJAFGARH ROAD) FROM,ROAD TRANSPORT AND HIGHWAYS,NHAI,DELHI,1894.96,98.25,44.7,Medium,"agency's own forecast is 22 months past its approved date; 20 months past original date; already past planned completion, no revised pace available"
N18000326,RANGIT IV HE PROJECT,POWER,NHPC,SIKKIM,938.29,89.45,44.6,Medium,agency's own forecast is 19 months past its approved date; agency anticipates +95% over approved cost; 13 months past original date
N30000032,INTERCEPTION AND DIVERSION WITH STP AT MAHESHTALA,WATER RESOURCES,KMDA,WEST BENGAL,224.69,98.0,44.6,Medium,agency's own forecast is 42 months past its approved date; agency anticipates +28% over approved cost; 3.3y past original commissioning date
N24001421,CONSTRUCTION OF 6 LANE BRIDGE ON GANGA ON NH-96 AND ITS APPROACHES IN PHAPHAMAU ALLAHABAD ON EPC MOD,ROAD TRANSPORT AND HIGHWAYS,MORTH,UTTAR PRADESH,1948.25,79.0,44.5,Medium,"agency's own forecast is 18 months past its approved date; 16 months past original date; already past planned completion, no revised pace available"
N24000656,4-LANNING OF BODHRE-DHULE SECTION(KM 390.000 TO 452.800),ROAD TRANSPORT AND HIGHWAYS,NHAI,MAHARASHTRA,744.64,97.69,44.5,Medium,agency's own forecast is 41 months past its approved date; agency anticipates +35% over approved cost; 5.3y past original commissioning date
N22000627,MUMBAI URBAN TRANSPORT PROJECT IIIA,RAILWAYS,MRVC,MAHARASHTRA,33690.0,0.0,44.4,Medium,no physical progress for 9 consecutive reports; pace is 0% of what the current date needs
N18000278,KIRU HYDRO ELECTRIC PROJECT,POWER,CVPPPL,JAMMU AND KASHMIR,4287.59,63.87,44.2,Medium,agency's own forecast is 28 months past its approved date; agency anticipates +26% over approved cost; 10 months past original date
N24002034,UPGRADATION TO 4L PS DIVIDED CARRIAGEWAY FROM PATAN (NEAR RAJPUR) TO GOJARIYA FROM KM 52.000 TO KM 1,ROAD TRANSPORT AND HIGHWAYS,NHAI,GUJARAT,1181.0,79.5,44.0,Medium,"3 months past original date; already past planned completion, no revised pace available"
N22000612,MATHURA - VRINDAVAN (11 KM),RAILWAYS,NCR,UTTAR PRADESH,402.88,0.0,43.6,Medium,"no physical progress for 9 consecutive reports; already past planned completion, no revised pace available"
N28000115,SETTING UP PHYSICAL INFRASTRUCTURE FOR THE NATIONAL INSTITUTE OF COMMUNICATION FINANCE(NICF) AT GHIT,TELECOMMUNICATIONS,CPWD FOR TELECO,DELHI,248.2,98.0,43.4,Medium,agency's own forecast is 91 months past its approved date; 7.3y past original commissioning date; no physical progress for 9 consecutive reports
N16000500,SETTING UP A COMMON USER PETROLEUM TERMINAL AT JAMMU FOR RE-SITEMENT OF EXISTING DEPOTS OF PSU OMCS,PETROLEUM,BPCL,JAMMU AND KASHMIR,676.89,76.0,43.4,Medium,"3 months past original date; already past planned completion, no revised pace available"
N24001483,KHAMMAM DEVARAPALLE PKG II 4L ACCESS CONTROLLED (GREENFIELD) FROM SOMAVARAM VILLAGE TO CHINTAGUDEM V,ROAD TRANSPORT AND HIGHWAYS,NHAI,TELANGANA,637.11,85.4,43.3,Medium,"agency's own forecast is 43 months past its approved date; 9 months past original date; already past planned completion, no revised pace available"
N10000012,CONVERSION OF FLAT BOTTOM SETTLERS AND WASHERS WITH A SINGLE TRAIN OF HRDS AND DCWS IN STREAMS 1 AND,MINES,NALCO,ODISHA,581.0,12.6,43.3,Medium,agency's own forecast is 23 months past its approved date; 4.6y past original commissioning date; no physical progress for 9 consecutive reports
N24000613,FOUR LANNING OF NERCHOWK- PANDOH BYPASS SECTION OF NH- 21(PACKAGE-I KM 190.000 TO KM 221.305) UNDER NH,ROAD TRANSPORT AND HIGHWAYS,NHAI,HIMACHAL PRADESH,1273.71,97.43,43.2,Medium,agency's own forecast is 56 months past its approved date; agency anticipates +16% over approved cost; 4.9y past original commissioning date
N24001406,PEREN-DIMAPUR SECTION PKG-2,ROAD TRANSPORT AND HIGHWAYS,NHIDCL,NAGALAND,258.52,81.4,43.2,Medium,2.3y past original commissioning date; pace is 40% of what the current date needs
N24001228,UPGRADATION AND WIDENING OF BILASPUR TO MUNGELI SECTION NH- 130A,ROAD TRANSPORT AND HIGHWAYS,MORTH,CHHATTISGARH,188.8,97.0,43.1,Medium,agency's own forecast is 72 months past its approved date; 6.1y past original commissioning date; no physical progress for 9 consecutive reports
N16000477,"RESTORATION OF GAS TERMINAL, PHASE-I (PART-A), HAZIRA PLANT",PETROLEUM,ONGC,GUJARAT,249.43,93.7,43.0,Medium,"agency's own forecast is 7 months past its approved date; 4 months past original date; already past planned completion, no revised pace available"
N22000503,NIMACH BADI SADRI NEW LINE PROJECT,RAILWAYS,WR,MADHYA PRADESH,495.18,46.0,42.9,Medium,3.3y past original commissioning date; spend outruns works by 16pp
N22000536,NIMACH-RATLAM (133 KM),RAILWAYS,WR,MADHYA PRADESH,1095.88,72.0,42.6,Medium,no physical progress for 3 consecutive reports; spend outruns works by 37pp; date already moved 2x in 10 months
N24001503,4L OF INDAPUR TO TONDLE (PKG-III) FROM KM.84.550 TO KM. 131.00 OF NH- 965G (SAINT TUKARAM MARG),ROAD TRANSPORT AND HIGHWAYS,NHAI,MAHARASHTRA,666.21,3.0,42.6,Medium,"21 months past original date; no physical progress for 8 consecutive reports; already past planned completion, no revised pace available"
N24001251,CONSTUCTION/UPGRADATION OF EXISTING HIGHWAY TO 2 LANE WITH PAVED SHOULDER FROM KM 0.00 TO KM 13.00 N,ROAD TRANSPORT AND HIGHWAYS,NHIDCL,SIKKIM,402.94,76.54,42.5,Medium,agency's own forecast is 42 months past its approved date; 3.2y past original commissioning date; no physical progress for 3 consecutive reports
N24001634,CONSTRUCTION OF FOUR LANE GREENFIELD PROJECT OF DELHI- AMRITSAR-KATRA EXPRESSWAY (PHASE-I PKG-IV) FRO,ROAD TRANSPORT AND HIGHWAYS,NHAI,HARYANA,1564.14,99.97,42.5,Medium,"agency's own forecast is 16 months past its approved date; 18 months past original date; already past planned completion, no revised pace available"
N24001527,2L+PS FOR WORK OF NH-325 (BALOTRA TO SANDERAO VIA JALORE) BY CONSTRUCTION OF BYPASSES:(1) ASOTRA- BR,ROAD TRANSPORT AND HIGHWAYS,MORTH,RAJASTHAN,411.4,72.0,42.4,Medium,13 months past original date; pace is 38% of what the current date needs; date already moved 3x in 10 months
N16000445,DEVELOPMENT OF JHARIA CBM BLOCK (PHASE-1),PETROLEUM,ONGC,JHARKHAND,431.0,58.0,42.2,Medium,"agency's own forecast is 3 months past its approved date; 17 months past original date; already past planned completion, no revised pace available"
N06000045,PELMA OCP(15.00MTY),COAL,SECL,CHHATTISGARH,1624.59,17.0,42.2,Medium,agency's own forecast is 120 months past its approved date; agency anticipates +6% over approved cost; 2.3y past original commissioning date
N24001643,4L OF AMRITSAR GHOMAN TANDA UNA SECTION FROM KM 8.270 TO KM 54.000 OF NH 503A PACKAGE I,ROAD TRANSPORT AND HIGHWAYS,NHAI,PUNJAB,857.91,41.02,42.1,Medium,"12 months past original date; already past planned completion, no revised pace available"
N24001980,4 LANING OF NH 544D FROM EXISTING KM 346.300 OF NH 44 (DESIGN CHAINAGE KM 0.000) TO KM 39.380 (DESIG,ROAD TRANSPORT AND HIGHWAYS,NHAI,ANDHRA PRADESH,907.76,84.29,42.0,Medium,pace is 23% of what the current date needs
N24000688,FOUR LANING OF EXISTING DIMAPUR KOHIMA ROAD FROM DESIGN KM 152.490 TO KM 166.700 (EXISTING KM 156.00,ROAD TRANSPORT AND HIGHWAYS,NHIDCL,NAGALAND,794.74,92.46,41.9,Medium,2.8y past original commissioning date; pace is 37% of what the current date needs
N24001774,CONSTRUCTION OF GURGAON - PATAUDI - REWARI SECTION OF NH- 352W (DESIGN LENGTH 46.11 KM) AS FEEDER ROU,ROAD TRANSPORT AND HIGHWAYS,NHAI,HARYANA,1524.03,67.61,41.9,Medium,"agency's own forecast is 7 months past its approved date; 19 months past original date; already past planned completion, no revised pace available"
N24001618,KATNI BYPASS FROM KM. 359.50 TO KM. 378.50,ROAD TRANSPORT AND HIGHWAYS,NHAI,MADHYA PRADESH,235.0,98.84,41.8,Medium,agency's own forecast is 29 months past its approved date; 2.7y past original commissioning date; no physical progress for 3 consecutive reports
N06000279,50 MW SOLAR POWER PROJECT - NEYVELI MINED OUT AREA,COAL,NLC,TAMIL NADU,218.03,40.0,41.5,Medium,pace is 17% of what the current date needs; spend outruns works by 28pp
N22000501,MATHURA-JHANSI-3RD LINE (273.80 KM),RAILWAYS,RVNL,UTTAR PRADESH,5323.39,,41.5,Medium,"6 months past original date; already past planned completion, no revised pace available"
N22000358,ITARSI-NAGPUR (BAL.) - 3RD LINE (267 KM),RAILWAYS,CR,MAHARASHTRA,2449.91,50.0,41.5,Medium,pace is 37% of what the current date needs; spend outruns works by 22pp
N24001633,CONSTRUCTION OF FOUR LANE GREENFIELD PROJECT OF DELHI- AMRITSAR-KATRA EXPRESSWAY (PHASE-I PKG-III) F,ROAD TRANSPORT AND HIGHWAYS,NHAI,HARYANA,1813.91,99.9,41.2,Medium,agency's own forecast is 16 months past its approved date; 18 months past original date; no physical progress for 3 consecutive reports
N24001899,REHABILITATION AND UPGRADATION TO 2 LANE WITH PAVED SHOULDER FROM EXISTING CHAINAGE KM 134.95 TO KM,ROAD TRANSPORT AND HIGHWAYS,BRO,JAMMU AND KASHMIR,395.25,64.0,41.2,Medium,agency's own forecast is 8 months past its approved date; 11 months past original date; no physical progress for 5 consecutive reports
N24001934,NH440 RAYACHOTY TOVEMPALLI 2LPS,ROAD TRANSPORT AND HIGHWAYS,MORTH,ANDHRA PRADESH,439.82,,41.1,Medium,"agency's own forecast is 14 months past its approved date; 13 months past original date; already past planned completion, no revised pace available"
N24000708,4-LANNING OF STHIYATHOPU- CHOLOPURAM,ROAD TRANSPORT AND HIGHWAYS,NHAI,TAMIL NADU,1227.87,99.5,41.0,Medium,4.8y past original commissioning date; spend outruns works by 17pp; date already moved 4x in 10 months
N22000544,MUGHALSARAI - ALLAHABAD - 3RD LINE,RAILWAYS,NCR,UTTAR PRADESH,2649.44,55.0,41.0,Medium,no physical progress for 7 consecutive reports
N24002191,CONSTRUCTION OF ROB AND ITS APPROACHES IN LIEU OF LEVEL CROSSING NO 10 B T AT KM 307 050 OF NH 60 B,ROAD TRANSPORT AND HIGHWAYS,MORTH,WEST BENGAL,155.87,10.61,40.5,Medium,pace is 2% of what the current date needs
N18000377,TS FOR EVACUATION OF 7GW RE INJECTION AT KHAVDA PS UNDER PHASE-IV PART E4,POWER,PGCIL,MAHARASHTRA,224.0,7.0,40.5,Medium,agency's own forecast is 4 months past its approved date; pace is 1% of what the current date needs
N24001712,FOUR LANING OF PARARIA TO MOHANIA SECTION OF NH 319 (OLD NH 30) FROM KM. 54+530 (DESIGN CHAINAGE) TO,ROAD TRANSPORT AND HIGHWAYS,NHAI,BIHAR,690.0,98.9,40.5,Medium,"23 months past original date; already past planned completion, no revised pace available"
N24001781,8L OF DWARKA EXPRESSWAY PKG-II (RUB NEAR DWARKA SECTOR 21- DL/HR BORDER) FROM 5.300 KM.TO 9.500 KM. O,ROAD TRANSPORT AND HIGHWAYS,NHAI,DELHI,2067.67,99.4,40.5,Medium,agency's own forecast is 46 months past its approved date; agency anticipates +4% over approved cost; 3.7y past original commissioning date
N24001386,REHABILITATION AND UPGRADATION TO 2-LANE WITH PAVED SHOULDERS CONFIGURATION OF PADERU- GONDIGUDA SECT,ROAD TRANSPORT AND HIGHWAYS,MORTH,ANDHRA PRADESH,222.61,95.0,40.4,Medium,agency's own forecast is 51 months past its approved date; 4.3y past original commissioning date; no physical progress for 3 consecutive reports
N24001476,CONSTRUCTION OF 4 LANE ACCESS CONTROLLED NEW GREENFIELD HIGHWAY SECTION OF NH 365BG FROM RECHARLA VI,ROAD TRANSPORT AND HIGHWAYS,NHAI,ANDHRA PRADESH,517.05,94.5,40.4,Medium,agency's own forecast is 10 months past its approved date; agency anticipates +27% over approved cost; 2.7y past original commissioning date
N18000380,TRANSMISSION SCHEME FOR SOLAR ENERGY ZONE IN ANANTHPURAM (2500MW) AND KURNOOL (1000MW),POWER,PGCIL,ANDHRA PRADESH,1249.0,67.5,40.4,Medium,"agency's own forecast is 6 months past its approved date; 3 months past original date; already past planned completion, no revised pace available"
N22000480,WADSA-GADHCHIROLI NEW LINE (52.36 KM),RAILWAYS,SECR,MAHARASHTRA,1886.05,25.0,40.4,Medium,pace is 11% of what the current date needs; spend outruns works by 18pp
N24001422,REHABILITATION AND UPGRADATION TO 2-LANE CONFIGURATION OF ASHYARI-SHRI KYARI SECTION (KM 50.000 TO K,ROAD TRANSPORT AND HIGHWAYS,MORTH,HIMACHAL PRADESH,345.89,95.08,40.3,Medium,"agency's own forecast is 34 months past its approved date; 3.7y past original commissioning date; already past planned completion, no revised pace available"
N24001621,"4L OF KM.165.092 TO KM.171.855 (NORTH BOUND) AND FROM KM.166.895 TO KM.173.638 (SOUTH BOUND), EXCL.",ROAD TRANSPORT AND HIGHWAYS,NHAI,JAMMU AND KASHMIR,614.48,7.0,40.1,Medium,10 months past original date; no physical progress for 9 consecutive reports; pace is 0% of what the current date needs
N24001997,CONSTRUCTION OF SHOHRATGARH BYPASS ON NH-730 UNDER EPC MODE IN THE STATE OF UTTAR PRADESH,ROAD TRANSPORT AND HIGHWAYS,MORTH,UTTAR PRADESH,189.31,22.0,40.1,Medium,"agency's own forecast is 9 months past its approved date; 1 months past original date; already past planned completion, no revised pace available"
N22000614,FEROZPUR - PATTI (25.72 KM),RAILWAYS,NR,PUNJAB,299.74,0.0,40.1,Medium,agency anticipates +161% over approved cost; no physical progress for 9 consecutive reports; pace is 0% of what the current date needs
N18000385,TS FOR INTRGRATION OF RE ZONE (PHASE II) IN KOPPAL II (PHASE A AND B) AND GADAG II (PHASE A) IN KARN,POWER,PGCIL,KARNATAKA,2889.0,36.7,40.0,Medium,pace is 35% of what the current date needs
N22000547,VIJAPUR-AMBLIYASAN (41.53 KM),RAILWAYS,WR,GUJARAT,415.38,85.0,39.9,Medium,date already moved 2x in 10 months
N24001625,6L ACCESS CONTROLLED GREENFIELD HIGHWAY OF JULEKAL VILLAGE TO DINNEDEVARAPADU VILLAGE FROM KM 242.20,ROAD TRANSPORT AND HIGHWAYS,NHAI,TELANGANA,1227.57,45.65,39.9,Medium,"agency's own forecast is 6 months past its approved date; 5 months past original date; already past planned completion, no revised pace available"
N16000444,COMMERCIAL POLYMER FLOODING PROJECT IN BECHRAJI FIELD,PETROLEUM,ONGC,GUJARAT,621.4,21.4,39.9,Medium,agency's own forecast is 12 months past its approved date; 7 months past original date; no physical progress for 4 consecutive reports
N24001608,VADODARA MUMBAI EXPRESSWAY (PHASE II - PKG XVII) [KM. 69.800 TO KM. 79.783 OF SPUR] (BHOJ - MORBE),ROAD TRANSPORT AND HIGHWAYS,NHAI,MAHARASHTRA,2208.68,76.26,39.8,Medium,pace is 12% of what the current date needs
N24001504,VADODARA MUMBAI EXPRESSWAY (PHASE II - PKG XI) [KM. 77.000 TO KM. 103.400] (GANJAD - TALSARI),ROAD TRANSPORT AND HIGHWAYS,NHAI,MAHARASHTRA,1260.0,99.0,39.7,Medium,"13 months past original date; already past planned completion, no revised pace available"
N18000370,KERANDARI COAL MINING PROJECT,POWER,NTPC,JHARKHAND,2896.64,64.0,39.6,Medium,"5.6y past original commissioning date; no physical progress for 3 consecutive reports; already past planned completion, no revised pace available"
N24001655,SIX LANING FROM KAPPIRIKKAD TO THALIKULAM SECTION OF NH ? 66 (OLD NH-17) FROM DESIGN CH. 335+850 (EX,ROAD TRANSPORT AND HIGHWAYS,NHAI,KERALA,3946.56,73.35,39.6,Medium,"agency's own forecast is 9 months past its approved date; 4 months past original date; already past planned completion, no revised pace available"
N18000386,TS FOR EVACUATION OF POWER FROM RAJASTHAN REZ PH-IV (PART-1) [BIKANER COMPLEX] PART A [BIKANER III N,POWER,PGCIL,RAJASTHAN,2998.0,47.1,39.5,Medium,pace is 47% of what the current date needs
N30000042,INTERCEPTION AND DIVERSION WITH STP AT HUGHLY-CHINSURAH,WATER RESOURCES,KMDA,WEST BENGAL,154.73,92.0,39.5,Medium,"agency's own forecast is 54 months past its approved date; 3.3y past original commissioning date; already past planned completion, no revised pace available"
N24001649,SIX LANING OF PARAVOOR(DESIGN KM. 417+000) TO KOTTUKULANGARA(DESIGN KM. 454+500) SECTION OF NEW NH-6,ROAD TRANSPORT AND HIGHWAYS,NHAI,KERALA,3273.61,61.81,39.4,Medium,"agency's own forecast is 11 months past its approved date; 4 months past original date; already past planned completion, no revised pace available"
N24002095,FOUR LANING OF SONAULI GORAKHPUR SECTION OF NH 29E (NEW NH 24) FROM DESIGN CH. 0.000 TO DESIGN CH. 7,ROAD TRANSPORT AND HIGHWAYS,NHAI,UTTAR PRADESH,2555.5,63.57,39.3,Medium,"3 months past original date; already past planned completion, no revised pace available"
N24001953,NH-30-BHADRACHALAM TO KONTA SECTION 2LPS,ROAD TRANSPORT AND HIGHWAYS,MORTH,ANDHRA PRADESH,388.71,89.6,39.3,Medium,"agency's own forecast is 12 months past its approved date; 9 months past original date; already past planned completion, no revised pace available"
N24002045,CONSTRUCTION OF 6 LANE DURG RAIPUR ARANG BYPASS PKG 1 SECTION OF NH 53 FROM CH 0.000 TO CH 44.50,ROAD TRANSPORT AND HIGHWAYS,NHAI,CHHATTISGARH,1828.0,47.51,39.0,Medium,pace is 7% of what the current date needs
N24000851,CONSTRUCTION OF 8 LANING OF EXISTING 4 LANE VADAPE TO THANE FROM KM 539.202 TO KM 563.000 SECTION OF,ROAD TRANSPORT AND HIGHWAYS,NHAI,MAHARASHTRA,1182.87,64.0,38.9,Medium,"agency's own forecast is 53 months past its approved date; 3.9y past original commissioning date; already past planned completion, no revised pace available"
N24001477,CONSTRUCTION OF 4 LANE ACCESS CONTROLLED NEW GREENFIELD HIGHWAY SECTION OF NH-365BG (KHAMMAM-DEVARAP,ROAD TRANSPORT AND HIGHWAYS,NHAI,ANDHRA PRADESH,622.0,75.96,38.8,Medium,agency's own forecast is 9 months past its approved date; agency anticipates +31% over approved cost; 2.7y past original commissioning date
N22000592,TARANGA HILL ABU ROAD VIA AMBAJI NEW LINE,RAILWAYS,NWR,GUJARAT,2798.16,12.5,38.8,Medium,pace is 21% of what the current date needs; spend outruns works by 27pp
N24001325,CONSTRUCTION OF 2-LANE SPECIFICATION ROAD WITH PAVED SHOULDER AS REALIGNMENT (GREENFIELD ALIGNMENT),ROAD TRANSPORT AND HIGHWAYS,NHIDCL,SIKKIM,414.2,49.2,38.8,Medium,"agency's own forecast is 16 months past its approved date; 2.1y past original commissioning date; already past planned completion, no revised pace available"
N24001382,REHABILITATION AND UPGRADATION TO 2-LANE CONFIGURATION OF HEWNA-ASHYARI SECTION (KM 25.000 TO KM 50.,ROAD TRANSPORT AND HIGHWAYS,MORTH,HIMACHAL PRADESH,242.8,94.76,38.7,Medium,"agency's own forecast is 40 months past its approved date; 4.3y past original commissioning date; already past planned completion, no revised pace available"
N24001227,CONSTRUCTION OF 4 NOS GRADE SEPARATOR BETWEEN KM. 281.000 TO KM 307.600 KM. 286.400 KUMHARI KM. 299.,ROAD TRANSPORT AND HIGHWAYS,MORTH,CHHATTISGARH,349.03,98.0,38.6,Medium,"agency's own forecast is 76 months past its approved date; 6.4y past original commissioning date; already past planned completion, no revised pace available"
N22000274,DEOBAND (MUZAFFARNAGAR)- ROORKEE NL,RAILWAYS,NR,MULTI STATE,1053.23,99.0,38.6,Medium,agency's own forecast is 12 months past its approved date; 15 months past original date; no physical progress for 3 consecutive reports
N24001785,UP-GRADATION TO 4-LANE WITH PAVED SHOULDER OF BHIMASAR JUNCTION OF NH-41 TO ANJAR BHUJ UPTO AIRPORT,ROAD TRANSPORT AND HIGHWAYS,NHAI,GUJARAT,1085.0,90.67,38.5,Medium,"agency anticipates +27% over approved cost; already past planned completion, no revised pace available"
N28000129,REDEVELOPMENT OF GPRA AT KASTURBA NAGAR PHASE I,URBAN DEVELOPMENT,CPWD,DELHI,1128.0,68.0,38.4,Medium,"agency's own forecast is 27 months past its approved date; 3.3y past original commissioning date; already past planned completion, no revised pace available"
N24001363,MANU-SIMLUNG ( PKG 4),ROAD TRANSPORT AND HIGHWAYS,NHIDCL,TRIPURA,354.79,,38.4,Medium,"agency's own forecast is 36 months past its approved date; 2.5y past original commissioning date; already past planned completion, no revised pace available"
N24000320,FOUR LANING OF JHANJHI JN TO DEMOW SECTION FROM KM. 491.050 TO KM. 535.250(DESIGN KM 490.800 TO KM 5,ROAD TRANSPORT AND HIGHWAYS,NHIDCL,ASSAM,463.49,78.19,38.3,Medium,"agency's own forecast is 19 months past its approved date; 15 months past original date; already past planned completion, no revised pace available"
N24002056,BHARATMALA PARIYOJANA OF BOKARO JAINA MORE - GOLA SECTION OF NH-320 FROM KM. 21.110 TO KM. 53.600 IN,ROAD TRANSPORT AND HIGHWAYS,NHAI,JHARKHAND,964.64,61.2,38.3,Medium,"already past planned completion, no revised pace available"
N22000596,JANGHAI-PHAPHAMAU - DOUBLING WITH ELECTRIFICATION (46.79 KM),RAILWAYS,RVNL,UTTAR PRADESH,357.48,,38.3,Medium,"agency anticipates +15% over approved cost; 3 months past original date; already past planned completion, no revised pace available"
N24001612,DELHI-VADODARA GREENFIELD ALIGNMENT (NH-148N) (PKG-15) (CH. 419.000 TO CH.427.300) [JUNCTION WITH NH,ROAD TRANSPORT AND HIGHWAYS,NHAI,RAJASTHAN,1788.69,78.5,38.2,Medium,17 months past original date; pace is 38% of what the current date needs
N28000148,PATNA METRO RAIL CORPORATION LIMITED,URBAN DEVELOPMENT,PATNA METRO RAI,BIHAR,13365.77,45.31,38.2,Medium,"agency anticipates +4% over approved cost; 12 months past original date; already past planned completion, no revised pace available"
N24000683,TWO LANING OF JORAM KOLORIANG ROAD (NH 713) ON EPC BASIS FROM DESIGN KM. 138+000 TO KM. 154+036 [EX,ROAD TRANSPORT AND HIGHWAYS,NHIDCL,ARUNACHAL PRADESH,244.1,96.62,38.2,Medium,agency's own forecast is 9 months past its approved date; 19 months past original date; no physical progress for 3 consecutive reports
N24001327,REHABILITATION AND UPGRADATION OF EXISTING ROAD TO 2-LANE WITH PAVED SHOULDER INCLUDING GEOMETRIC IM,ROAD TRANSPORT AND HIGHWAYS,NHIDCL,SIKKIM,292.8,61.41,38.1,Medium,"agency's own forecast is 26 months past its approved date; 3.1y past original commissioning date; already past planned completion, no revised pace available"
N22000526,JHAJHA - BATIA (UMBRELLA WORK PB#23/2018-19/NR),RAILWAYS,ECR,BIHAR,496.47,0.0,38.0,Medium,no physical progress for 9 consecutive reports; pace is 0% of what the current date needs
N24002074,WIDENING/DEVELOPMENT OF EXISTING NH-85 FROM KM 0.000 TO KM 124.636 SECTION TO 2L/@L+PS SECTION IN TH,ROAD TRANSPORT AND HIGHWAYS,NHAI,KERALA,1231.74,49.7,37.9,Medium,"already past planned completion, no revised pace available"
N24001704,FOUR LANING OF MUNGER TO MIRZACHAUKI (NH-80) SECTION FROM KHARIA VILLAGE JUNCTION TO START OF EXISTI,ROAD TRANSPORT AND HIGHWAYS,NHAI,BIHAR,1020.84,0.0,37.8,Medium,15 months past original date; no physical progress for 9 consecutive reports; pace is 0% of what the current date needs
N24002087,CONSTRUCTION OF FOUR LANE HIGHWAY FROM GHAZIPUR BALLIA UP BIHAR STATE BORDER (GREENFIELD) SECTION OF,ROAD TRANSPORT AND HIGHWAYS,NHAI,UTTAR PRADESH,1493.14,66.0,37.8,Medium,elevated risk on combined profile
N10000016,POTTANGI BAUXITE MINES,MINES,NALCO,ODISHA,1437.0,51.1,37.7,Medium,"agency's own forecast is 5 months past its approved date; 6 months past original date; already past planned completion, no revised pace available"
N42000006,"CONSTRUCTION OF PERMANENT CAMPUS FOR INDIAN INSTITUTE OF TECHNOLOGY, DHARWAD (PHASE 1A)",DEPARTMENT OF HIGHER EDUCATION,CPWD EDUCATION,KARNATAKA,851.0,,37.6,Medium,agency's own forecast is 44 months past its approved date; agency anticipates +9% over approved cost; 3.3y past original commissioning date
N24001858,WIDENING AND STRENGTHENING TO 2L+PS INCLUDING LA OF KANDARPUR- BALIKUDA FROM KM 277/500 TO 318/970 OF,ROAD TRANSPORT AND HIGHWAYS,MORTH,ODISHA,499.79,48.2,37.6,Medium,"agency's own forecast is 6 months past its approved date; already past planned completion, no revised pace available"
N04000079,"CONSTRUCTION OF NEW INTEGRATED TERMINAL BUILDING, RECONSTRUCTION OF OLD TERMINAL BUILDING, MODIFICAT",CIVIL AVIATION,AAI,MAHARASHTRA,475.39,100.0,37.6,Medium,agency anticipates +12% over approved cost; 4.2y past original commissioning date; no physical progress for 9 consecutive reports
N24001700,SIX LANNING OF AURANGABAD TO BIHAR/JHARKHAND BORDER SECTION OF NH-19 (OLD NH-2) FROM KM. 209.827 TO,ROAD TRANSPORT AND HIGHWAYS,NHAI,BIHAR,553.0,86.6,37.4,Medium,"15 months past original date; already past planned completion, no revised pace available"
N22000537,HIMMATNAGAR-KHEDBRAHMA (54.83 KM),RAILWAYS,WR,GUJARAT,482.42,96.0,37.4,Medium,elevated risk on combined profile
N24001924,WIDENING AND STRENGTHENING TO TWO LANE WITH PAVED SHOULDER/TWO LANE+ PAVED SHOULDER WITH SERVICE ROA,ROAD TRANSPORT AND HIGHWAYS,MORTH,JHARKHAND,514.22,6.1,37.3,Medium,no physical progress for 4 consecutive reports; pace is 1% of what the current date needs
N24001687,FOUR LANING OF BETTADAHALLI TO SRIRAMPURA SECTION FROM KM. 166+100 (DESIGN KM. 170+415) TO KM. 217+0,ROAD TRANSPORT AND HIGHWAYS,NHAI,KARNATAKA,2082.98,77.06,37.3,Medium,20 months past original date; pace is 19% of what the current date needs; date already moved 5x in 10 months
N24001343,KARGIL-ZANSKR PACKAGE-1,ROAD TRANSPORT AND HIGHWAYS,NHIDCL,LADAKH,384.23,60.4,37.3,Medium,agency's own forecast is 11 months past its approved date; 2.4y past original commissioning date; no physical progress for 3 consecutive reports
N24001415,DELHI-AMRITSAR-KATRA EXPRESSWAY FROM JUNCTION WITH PATIALA-BATHINDA ROAD (NH-7) NEAR BHAWANIGARH TO,ROAD TRANSPORT AND HIGHWAYS,NHAI,PUNJAB,881.0,92.34,37.2,Medium,"14 months past original date; already past planned completion, no revised pace available; spend outruns works by 17pp"
N06000112,BASUNDHARA (WEST) OC EXTN(7.00 MTY),COAL,MCL,ODISHA,479.15,63.04,37.1,Medium,agency's own forecast is 108 months past its approved date; 6.3y past original commissioning date; no physical progress for 3 consecutive reports
N24002039,CONSTRUCTION OF 6-LANE GREENFIELD AMBALA RING ROAD STARTING FROM JUNCTION WITH SHAMLI-AMBALA SECTION,ROAD TRANSPORT AND HIGHWAYS,NHAI,HARYANA,1178.0,53.55,37.1,Medium,pace is 22% of what the current date needs
N22000369,VIJAYAWADA-GUDUR,RAILWAYS,RVNL,ANDHRA PRADESH,6654.0,,37.0,Medium,"7 months past original date; already past planned completion, no revised pace available"
220100288,JIRIBAM TO IMPHAL (TUPUI)(NL)(NEFR),RAILWAYS,NFR,MANIPUR,12274.06,69.2,37.0,Medium,agency anticipates +81% over approved cost; spend outruns works by 57pp
N22000495,JHANSI MANIKPUR AND KHAIRAR BHIMSEN DOUBLING,RAILWAYS,NCR,UTTAR PRADESH,4329.53,50.0,36.7,Medium,agency's own forecast is 12 months past its approved date; date already moved 3x in 10 months
N22000142,MIYAGAM-KARJAN-DABHOI-SAMLAYA (GC),RAILWAYS,WR,GUJARAT,844.1,41.0,36.6,Medium,4.3y past original commissioning date; no physical progress for 9 consecutive reports; pace is 0% of what the current date needs
N24001659,SIX LANING FROM START OF VALANCHERY BYPASS TO KAPPIRIKKAD-SECTION OF NH-66(OLD NH-17) FROM DESIGN CH,ROAD TRANSPORT AND HIGHWAYS,NHAI,KERALA,3824.07,98.4,36.6,Medium,"11 months past original date; already past planned completion, no revised pace available"
N24000165,PATNA-MUZZAFFARPUR,ROAD TRANSPORT AND HIGHWAYS,NHAI,BIHAR,671.3,98.87,36.6,Medium,"agency's own forecast is 148 months past its approved date; 12.3y past original commissioning date; already past planned completion, no revised pace available"
N18000345,DAYAPAR WIND ENERGY PROJECT 200MW,POWER,NTPC,GUJARAT,1316.02,28.0,36.6,Medium,3 months past original date; pace is 30% of what the current date needs
N24001358,TLABUNG - LUNGLEI PKG-A,ROAD TRANSPORT AND HIGHWAYS,NHIDCL,MIZORAM,698.44,63.7,36.5,Medium,"agency's own forecast is 39 months past its approved date; 2.5y past original commissioning date; already past planned completion, no revised pace available"
N24001730,4L FROM GAJU VILLAGE AT KM 32.982 TO DEVINAGAR BYPASS (END) AT KM 208.000 OF NH 530B (PKG 1C),ROAD TRANSPORT AND HIGHWAYS,NHAI,UTTAR PRADESH,1384.79,97.98,36.4,Medium,"5 months past original date; no physical progress for 6 consecutive reports; already past planned completion, no revised pace available"
N22000463,MUMBAI AHMEDABAD HIGH SPEED RAIL PROJECT,RAILWAYS,NHSRCL,MULTI STATE,108000.0,52.89,36.3,Medium,pace is 39% of what the current date needs; spend outruns works by 20pp
N24002067,BALANCE WORK OF 4L OF NAURADEHI SANCTUARY DE-SCOPED STRETCH OF HIRAN RIVER TO SINDOOR RIVER FROM KM.,ROAD TRANSPORT AND HIGHWAYS,NHAI,MADHYA PRADESH,178.18,94.65,36.3,Medium,"agency's own forecast is 21 months past its approved date; 23 months past original date; already past planned completion, no revised pace available"
N04000073,"CONSTRUCTION OF NEW INTEGRATED TERMINAL BUILDING AT VSI AIRPORT, PORTBLAIR",CIVIL AVIATION,AAI,ANDAMAN AND NICOBAR ISLANDS,707.73,100.0,36.1,Medium,"6.7y past original commissioning date; no physical progress for 9 consecutive reports; already past planned completion, no revised pace available"
N22000559,SHIMOGA-SHIKARIPURA-RANEBENNUR (UMBRELLA WORK PB#23/2018-19/NR),RAILWAYS,SWR,KARNATAKA,994.47,7.0,36.1,Medium,agency's own forecast is 12 months past its approved date; no physical progress for 8 consecutive reports; pace is 4% of what the current date needs
N24001793,4L OF BAL WORKS OF MAHUVA TO KAGVADAR FROM 100.450 KM. TO 140.470 KM. OF NH-8E (PKG- III),ROAD TRANSPORT AND HIGHWAYS,NHAI,GUJARAT,485.75,99.57,35.8,Medium,"agency's own forecast is 32 months past its approved date; 2.7y past original commissioning date; already past planned completion, no revised pace available"
N22000316,BHADRAK - NERGUNDI 3RD LINE,RAILWAYS,ECOR,ODISHA,1284.39,80.0,35.7,Medium,agency's own forecast is 5 months past its approved date; 7 months past original date; pace is 39% of what the current date needs
N24001850,DEVELOPMENT TO 4/6-LANNING OF NH- 31 (NEW NH-10) WITH BOTH SIDE SERVICE ROADS FROM KM 569.258 TO KM 5,ROAD TRANSPORT AND HIGHWAYS,MORTH,WEST BENGAL,995.04,51.21,35.7,Medium,pace is 12% of what the current date needs
N28000145,AGRA METRO RAIL PROJECT,URBAN DEVELOPMENT,LMRCL,UTTAR PRADESH,8379.62,54.7,35.5,Medium,"agency's own forecast is 39 months past its approved date; 15 months past original date; already past planned completion, no revised pace available"
N22000538,PETLAD-BHADRAN (22.5 KM),RAILWAYS,WR,GUJARAT,307.12,8.0,35.3,Medium,no physical progress for 3 consecutive reports; pace is 1% of what the current date needs; spend outruns works by 19pp
N24001676,6L OF MH/KN BORDER (NIMBAL VILLAGE) TO KN/TS BORDER (SINGNODI VILLAGE) FROM KM. 26.000 TO KM. 97.000,ROAD TRANSPORT AND HIGHWAYS,NHAI,KARNATAKA,2718.46,54.52,35.1,Medium,pace is 41% of what the current date needs
N24001314,IMPROVEMENT/WIDENING TO 2-LANE WITH PAVED SHOULDER FROM (DESIGN KM 10.670 TO KM 37.550) BETWEEN SHIL,ROAD TRANSPORT AND HIGHWAYS,NHIDCL,MEGHALAYA,525.68,32.0,35.0,Medium,"agency's own forecast is 32 months past its approved date; 18 months past original date; already past planned completion, no revised pace available"
N24001623,BANIHAL BYPASS (DELINKED FROM SRINAGAR - BANIHAL) FROM KM. 187.00 TO KM. 189.350,ROAD TRANSPORT AND HIGHWAYS,NHAI,JAMMU AND KASHMIR,336.01,34.0,34.8,Medium,"17 months past original date; no physical progress for 9 consecutive reports; already past planned completion, no revised pace available"
N22000258,BAGALKOT-KUDACHI NL,RAILWAYS,SWR,KARNATAKA,1378.0,34.0,34.7,Medium,agency's own forecast is 21 months past its approved date; no physical progress for 8 consecutive reports; pace is 2% of what the current date needs
N22000590,BARABANKI MALHAUR 3RD AND 4TH LINE (32.84 KM),RAILWAYS,NR,UTTAR PRADESH,323.85,59.0,34.6,Medium,agency anticipates +26% over approved cost; 3 months past original date
N24001823,4L OF MADANAPALLE TO PILERU SECTION FROM KM 0.000 TO KM 55.900 OF NH-71(PACKAGE-I) - N/05060/01002/A,ROAD TRANSPORT AND HIGHWAYS,NHAI,ANDHRA PRADESH,1852.12,93.0,34.6,Medium,"agency's own forecast is 24 months past its approved date; 5 months past original date; already past planned completion, no revised pace available"
N24000513,UMARIYA TO SHAHDOL SECTION OF NH-78 IN MADYA PRADESH KM 68/4 TO 142/200,ROAD TRANSPORT AND HIGHWAYS,MORTH,MADHYA PRADESH,511.83,93.06,34.4,Medium,"agency's own forecast is 18 months past its approved date; 7.8y past original commissioning date; already past planned completion, no revised pace available"
N06000161,KAKATIYAKHANI OPENCAST III PROJECT PHASE-1,COAL,SCCL,TELANGANA,413.84,85.0,34.3,Medium,agency's own forecast is 48 months past its approved date; 3.3y past original commissioning date; no physical progress for 3 consecutive reports
N22000467,CHANDIGARH-BADDI,RAILWAYS,NR,MULTI STATE,1540.14,30.0,34.3,Medium,pace is 41% of what the current date needs; spend outruns works by 32pp; date already moved 2x in 10 months
N22000110,NEW WORK FOR CONSTRUCTION OF METRO RAILWAY FROM NSCB AIRPORT TO NEW GARIA VIA RAJARHAT (MTP),RAILWAYS,RVNL,WEST BENGAL,8964.35,,33.9,Medium,agency's own forecast is 3 months past its approved date
N24001684,4L OF CHANNARAYAPATNA BYPASS AND HASSAN BYPASS WITH STRUCTURES IN DEVIHALLI -HASSAN SECTION,ROAD TRANSPORT AND HIGHWAYS,NHAI,KARNATAKA,602.09,80.07,33.9,Medium,agency's own forecast is 56 months past its approved date; agency anticipates +14% over approved cost; 2.4y past original commissioning date
N24000767,CONSTRUCTION OF 2-LANE WITH PAVED SHOULDER INCLUDING GEOMETRIC IMPROVEMENT FROM KM 0.000 TO KM 16.00,ROAD TRANSPORT AND HIGHWAYS,NHIDCL,SIKKIM,375.8,96.55,33.9,Medium,agency's own forecast is 19 months past its approved date; 3.2y past original commissioning date; no physical progress for 6 consecutive reports
N28000153,"CONSTRUCTION OF 184 MULTI STORIED FLATS FOR HON'BLE MPS AT BKS MARG, NEW DELHI",URBAN DEVELOPMENT,CPWD,DELHI,646.52,94.0,33.8,Medium,7 months past original date
N22000587,RENIGUNTA WADI GOOTY - BYPASS,RAILWAYS,SCR,ANDHRA PRADESH,302.0,50.0,33.8,Medium,no physical progress for 9 consecutive reports; pace is 0% of what the current date needs; spend outruns works by 25pp
N24002209,PACKAGE-3B,ROAD TRANSPORT AND HIGHWAYS,NHIDCL,ANDAMAN AND NICOBAR ISLANDS,183.47,34.01,33.6,Medium,elevated risk on combined profile
N24001967,4L GREENFIELD RUDHI TO DESHGAON (PKG V OF BETUL- KHANDWA/DESHGAON) - N/04015/06003/MP,ROAD TRANSPORT AND HIGHWAYS,NHAI,MADHYA PRADESH,521.21,49.57,33.6,Medium,pace is 28% of what the current date needs
N18000364,TALCHER THERMAL POWER PROJECT STAGE III(2X660 MW),POWER,NTPC,ODISHA,11844.0,21.4,33.5,Medium,agency's own forecast is 7 months past its approved date; agency anticipates +6% over approved cost; no physical progress for 3 consecutive reports
N06000259,JAWAHAR KHANI OPENCAST (JK OC) MINE,COAL,SCCL,TAMIL NADU,297.88,20.0,33.5,Medium,agency's own forecast is 12 months past its approved date; 3 months past original date; no physical progress for 9 consecutive reports
N24001322,CONSTRUCTION OF 2-LANE ROAD WITH PAVED SHOULDER (GREENFIELD ALIGNMENT) OF EXISTING STRETCH BETWEEN L,ROAD TRANSPORT AND HIGHWAYS,NHIDCL,SIKKIM,439.56,51.85,33.4,Medium,"agency's own forecast is 26 months past its approved date; 3.1y past original commissioning date; already past planned completion, no revised pace available"
N22000377,KOTTAVALSA - KORAPUT DOUBLING,RAILWAYS,ECOR,ANDHRA PRADESH,2499.71,70.0,33.3,Medium,"3.3y past original commissioning date; already past planned completion, no revised pace available"
N06000163,RANIGANJ MASTER PLAN,COAL,ECL,WEST BENGAL,2661.73,42.0,33.3,Medium,agency anticipates +93% over approved cost; 5.8y past original commissioning date; no physical progress for 5 consecutive reports
N24001593,DEVELOPMENT OF SIX LANE JHANKI SARGI OF NH 130 CD FROM KM.0+000 TO 42+800 UNDER RAIPUR VISAKHAPATTNA,ROAD TRANSPORT AND HIGHWAYS,NHAI,CHHATTISGARH,1368.19,96.5,33.2,Medium,"agency's own forecast is 19 months past its approved date; 9 months past original date; already past planned completion, no revised pace available"
N18000363,KWAR HE PROJECT,POWER,CVPPPL,JAMMU AND KASHMIR,4526.12,22.15,33.2,Medium,agency's own forecast is 16 months past its approved date; pace is 23% of what the current date needs
N16000369,CONSTRUCTION OF 80000MT LPG CAVERN AT MANGALORE,PETROLEUM,HPCL,KARNATAKA,854.0,99.7,33.2,Medium,2.5y past original commissioning date; date already moved 2x in 10 months
N24001362,RISHI BORDER- ROLEP- MENLA PKG- 3B,ROAD TRANSPORT AND HIGHWAYS,NHIDCL,SIKKIM,379.3,74.82,33.0,Medium,16 months past original date
N22000524,BARAUNI- BACHWARA 3RD AND 4TH LINE,RAILWAYS,ECR,BIHAR,486.0,33.0,33.0,Medium,no physical progress for 3 consecutive reports; pace is 6% of what the current date needs
N24001717,BANGALORE CHENNAI EXPRESSWAY PHASE-III PACKAGE III (ARAKKONAM TO KANCHEEPURAM) FROM KM 204.500 TO K,ROAD TRANSPORT AND HIGHWAYS,NHAI,TAMIL NADU,1525.1,53.56,33.0,Medium,"agency's own forecast is 19 months past its approved date; 10 months past original date; already past planned completion, no revised pace available"
N16000394,NUMALIGARH REFINERY EXPANSION PROJECT COIT AND PIPELINES,PETROLEUM,NRL,ASSAM,10228.0,85.1,33.0,Medium,"agency's own forecast is 11 months past its approved date; 8 months past original date; already past planned completion, no revised pace available"
N18000177,NORTH KARANPURA STPP (3X660 MW),POWER,NTPC,JHARKHAND,16242.9,98.0,33.0,Medium,agency's own forecast is 29 months past its approved date; 6.0y past original commissioning date; no physical progress for 3 consecutive reports
N16000247,KG-DWN-98-2 CLUSTER II DEVELOPMENT PROJECT,PETROLEUM,ONGC,ANDHRA PRADESH,34012.0,96.4,32.8,Medium,"agency's own forecast is 3 months past its approved date; 5.0y past original commissioning date; already past planned completion, no revised pace available"
N24002061,4/6L ACCESS CONTROL EXPRESSWAY FROM DESIGN CHAINAGE KM 515.000 TO 528.300 (KUNJWANI TO SIDHRA SECTIO,ROAD TRANSPORT AND HIGHWAYS,NHAI,JAMMU AND KASHMIR,2474.47,40.17,32.8,Medium,"agency's own forecast is 8 months past its approved date; agency anticipates +17% over approved cost; already past planned completion, no revised pace available"
N24001601,4-LANING OF KAMALAPURAM - ODDANCHATRAM SECTION OF NH-209,ROAD TRANSPORT AND HIGHWAYS,NHAI,TAMIL NADU,1051.69,81.87,32.6,Medium,2.4y past original commissioning date; pace is 25% of what the current date needs; date already moved 2x in 10 months
N24001942,2LPS FROM KM36.400 TO KM. 107.224 OF NH167BG FROM DUTTALUR TO KAVALI SECTION,ROAD TRANSPORT AND HIGHWAYS,MORTH,ANDHRA PRADESH,423.67,83.59,32.6,Medium,"agency's own forecast is 23 months past its approved date; 11 months past original date; already past planned completion, no revised pace available"
N24001408,CONSTRUCTION OF 2-LANE MAJOR BRIDGE INCLUDING APPROACHESOVER BRAHMAPUTRA BETWEEN MAJULI ON NORTH BAN,ROAD TRANSPORT AND HIGHWAYS,MORTH,ASSAM,1019.17,30.65,32.5,Medium,no physical progress for 7 consecutive reports; pace is 0% of what the current date needs
N30000002,POLAVARAM IRRIGATION PROJECT,WATER RESOURCES,PPA,ANDHRA PRADESH,10151.04,76.0,32.5,Medium,agency's own forecast is 9 months past its approved date; agency anticipates +447% over approved cost; 5.3y past original commissioning date
N24002115,CONSTRUCTION OF MARIAHU BYPASS WITH FOUR LANE PAVED SHOULDER CONFIGURATION (KM.53.540 TO KM.59.200),ROAD TRANSPORT AND HIGHWAYS,MORTH,UTTAR PRADESH,362.39,39.0,32.5,Medium,agency's own forecast is 6 months past its approved date; agency anticipates +21% over approved cost; pace is 8% of what the current date needs
N22000299,GADAG-WADI NL,RAILWAYS,SWR,KARNATAKA,2841.84,29.0,32.4,Medium,agency's own forecast is 12 months past its approved date; pace is 3% of what the current date needs; spend outruns works by 19pp
N24001729,4L SPUR OF PANIPAT - SHAMLI CONNECTING NH-709AD (PANIPAT ? SHAMLI ? MUZAFFARNAGAR) AND NH- 709A (KARN,ROAD TRANSPORT AND HIGHWAYS,NHAI,UTTAR PRADESH,326.79,98.5,32.4,Medium,"agency's own forecast is 15 months past its approved date; 14 months past original date; already past planned completion, no revised pace available"
N22000562,ALIGARH-DAUD KHAN - 3RD LINE 6.9 KM AND CONSTRUCTION OF FLYOVER AT DAUD KHAN,RAILWAYS,NCR,UTTAR PRADESH,779.49,44.0,32.3,Medium,pace is 49% of what the current date needs
N24001651,SIX LANING OF THURAVOOR (DESIGN KM. 378+612) TO PARAVOOR (DESIGN KM.417+000) SECTION OF NEW NH-66 (O,ROAD TRANSPORT AND HIGHWAYS,NHAI,KERALA,2878.97,44.65,32.3,Medium,9 months past original date; pace is 29% of what the current date needs
N16000434,CBR 9 MMTPA PROJECT,PETROLEUM,CPCL,TAMIL NADU,31580.0,10.2,32.2,Medium,"agency anticipates +15% over approved cost; no physical progress for 7 consecutive reports; already past planned completion, no revised pace available"
N12000134,REBUILDING OF COKE OVEN BATTERY NO.7 AND 8 OF BHILAI STEEL PLANT,STEEL,SAIL,CHHATTISGARH,884.1,72.24,32.2,Medium,pace is 47% of what the current date needs
N22000558,HASSAN (ALUR) - BELUR (32 KM) (UMBRELLA WORK PB#23/2018-19/NR),RAILWAYS,SWR,KARNATAKA,748.85,1.0,32.2,Medium,no physical progress for 9 consecutive reports; pace is 0% of what the current date needs
N16000452,CONSTRUCTION OF LUBE OIL BLENDING AND FILLING PLANT AT RASAYANI,PETROLEUM,BPCL,MAHARASHTRA,423.39,76.0,32.1,Medium,"agency's own forecast is 6 months past its approved date; 15 months past original date; already past planned completion, no revised pace available"
N24002028,LMPHAL TO JIRIBAM PKG-7,ROAD TRANSPORT AND HIGHWAYS,NHIDCL,MANIPUR,760.16,62.92,31.9,Medium,agency's own forecast is 3 months past its approved date; pace is 47% of what the current date needs
N06000194,PATHERDIH 2.5 NLW COAL WASHERY,COAL,BCCL,JHARKHAND,334.27,47.0,31.8,Medium,"agency's own forecast is 95 months past its approved date; 7.2y past original commissioning date; already past planned completion, no revised pace available"
N16000446,EXPANSION OF CRYOGENICS GROUP BY SETTING UP NEW MANUFACTURING FACILITY,PETROLEUM,IOCL,MAHARASHTRA,378.0,90.6,31.8,Medium,"20 months past original date; already past planned completion, no revised pace available"
N22000563,ALLAHABAD-BAMHRAULI - 4TH LINE (10 KM) WITH FLY-OVER AT SUBEDARGANJ,RAILWAYS,NCR,UTTAR PRADESH,494.11,42.0,31.8,Medium,no physical progress for 7 consecutive reports
N24001216,WIDENING TO 2 LANE WITH PAVED SHOULDERS AND GEOMETRIC IMPROVEMENT OF NH-114A FROM KM 141 TO KM 184 I,ROAD TRANSPORT AND HIGHWAYS,MORTH,JHARKHAND,196.0,90.1,31.6,Medium,agency's own forecast is 39 months past its approved date; 3.7y past original commissioning date; no physical progress for 4 consecutive reports
N24001853,CONSTRUCTION OF LEFT OUT PORTION OF AGRA INNER RING ROAD CONNECTING VILLAGE DEORI TO NH- 44 VILLAGE B,ROAD TRANSPORT AND HIGHWAYS,NHAI,UTTAR PRADESH,772.05,67.5,31.6,Medium,"9 months past original date; no physical progress for 6 consecutive reports; already past planned completion, no revised pace available"
N06000087,RAJRAPPA RCE OCP ( 3.0 MTY),COAL,CCL,JHARKHAND,510.85,75.0,31.5,Medium,agency's own forecast is 132 months past its approved date; 9.3y past original commissioning date; no physical progress for 3 consecutive reports
N06000213,RCE OF KALYANIKHANI OPENCAST PROJECT,COAL,SCCL,TELANGANA,384.32,75.0,31.5,Medium,agency's own forecast is 72 months past its approved date; 5.3y past original commissioning date; no physical progress for 8 consecutive reports
N24001631,6L OF IT CITY CHOWK TO KURALI CHANDIGARH ROAD,ROAD TRANSPORT AND HIGHWAYS,NHAI,PUNJAB,1525.31,95.0,31.5,Medium,"8 months past original date; already past planned completion, no revised pace available"
N16000430,SETTING UP 500KTPA PROPANE DEHYDROGENATION INTEGRATED WITH POLYPROPYLENE UNIT ALONG WITH OFFSITE AND,PETROLEUM,GAIL,MAHARASHTRA,11256.0,84.5,31.4,Medium,2 months past original date; pace is 32% of what the current date needs
N22000516,JEYPORE MALKANGIRI NEW LINE,RAILWAYS,ECOR,ODISHA,2344.0,90.1,31.4,Medium,elevated risk on combined profile
N22000409,VIZIANAGARAM -SAMABALPUR 3RD LINE,RAILWAYS,RVNL,ODISHA,4803.16,,31.4,Medium,elevated risk on combined profile
N24000917,WIDENING TO 2LPS FROM 269/30 TO 328/20 OF NH-49 IN THE STATE OF ODISHA,ROAD TRANSPORT AND HIGHWAYS,MORTH,ODISHA,199.16,100.0,31.3,Medium,"agency's own forecast is 80 months past its approved date; 6.8y past original commissioning date; already past planned completion, no revised pace available"
N24001922,WIDENING TO 2-LANE WITH PAVED SHOULDER FROM KM 0.00 TO 44.00 (KURU-GHAGHRA SECTION) OF NH- 143A INCLU,ROAD TRANSPORT AND HIGHWAYS,MORTH,JHARKHAND,153.01,96.23,31.2,Medium,agency's own forecast is 16 months past its approved date; 22 months past original date; no physical progress for 4 consecutive reports
N24001965,"REHABILITATION AND UPGRADATION OF KURWAI?MUNGAOLI?CHANDERI ROAD SECTION OF NH-346, FROM DESIGN CHAIN",ROAD TRANSPORT AND HIGHWAYS,MORTH,MADHYA PRADESH,386.49,48.77,31.2,Medium,agency's own forecast is 10 months past its approved date; 4 months past original date; no physical progress for 3 consecutive reports
N10000015,"CONSTRUCTION OF BASEMENTG FLOOR10 STORIES BUILDING FOR THE STATE OF THE ART, DG, GSI AT SECTOR-V, SA",MINES,CPWD,WEST BENGAL,255.37,40.0,31.1,Medium,"agency's own forecast is 52 months past its approved date; 3.2y past original commissioning date; already past planned completion, no revised pace available"
N22000360,DAUND - MANMAD (236 KM),RAILWAYS,CR,MAHARASHTRA,2081.27,88.0,31.0,Medium,pace is 8% of what the current date needs; spend outruns works by 45pp
N24002147,DORNALA TO KUNTA JUNCTION FROM DESIGN CHAINAGE KM 244+000 TO 267+990 SECTION OF NH-765 (PACKAGE-2),ROAD TRANSPORT AND HIGHWAYS,MORTH,ANDHRA PRADESH,244.83,,30.9,Medium,"agency's own forecast is 26 months past its approved date; 17 months past original date; already past planned completion, no revised pace available"
N24000507,FOUR LANING OF BAKHTIYARPUR - MOKAMA SECTION OF NH-31,ROAD TRANSPORT AND HIGHWAYS,NHAI,BIHAR,1167.45,99.43,30.8,Medium,"agency's own forecast is 68 months past its approved date; 5.5y past original commissioning date; already past planned completion, no revised pace available"
N24002050,REHABILITATION AND UPGRADATION TO 4L CONFIGURATION AND STRENGTHENING OF SIHUNI TO RAJOL FROM KM 51.0,ROAD TRANSPORT AND HIGHWAYS,NHAI,HIMACHAL PRADESH,698.46,67.73,30.8,Medium,pace is 28% of what the current date needs
N16000391,DHAMRA HALDIA PIPELINE PROJECT,PETROLEUM,GAIL,MULTI STATE,1030.65,86.8,30.8,Medium,2.6y past original commissioning date; pace is 12% of what the current date needs; date already moved 2x in 10 months
N24001614,4LBERKHEDI TO GODPEHRA NH-44,ROAD TRANSPORT AND HIGHWAYS,NHAI,MADHYA PRADESH,524.84,60.0,30.8,Medium,"agency's own forecast is 13 months past its approved date; 7 months past original date; already past planned completion, no revised pace available"
N24002044,4L AMBALA - KALAAMB FROM KM. - 0.800 TO KM. 33.015 OF OLD NH-72,ROAD TRANSPORT AND HIGHWAYS,NHAI,HARYANA,629.16,98.9,30.7,Medium,"already past planned completion, no revised pace available"
N24001359,TLABUNG - LUNGLEI PKG-B,ROAD TRANSPORT AND HIGHWAYS,NHIDCL,MIZORAM,740.58,61.0,30.6,Medium,"agency's own forecast is 38 months past its approved date; 2.4y past original commissioning date; already past planned completion, no revised pace available"
N24001993,DEVELOPMENT OF 6 LANE ACCESS CONTROLLED GREENFIELD HIGHWAY FROM KM. 97.000 TO KM. 162.500 MARADGI S,ROAD TRANSPORT AND HIGHWAYS,NHAI,KARNATAKA,1589.0,63.15,30.5,Medium,pace is 23% of what the current date needs
N22000506,NARAYANGARH TO BHADRAK 3RD LINE (155 KM),RAILWAYS,SER,MULTI STATE,2400.0,61.0,30.5,Medium,"agency's own forecast is 18 months past its approved date; 6 months past original date; already past planned completion, no revised pace available"
N22000565,SAHJANWA - DOHRIGHAT,RAILWAYS,NER,UTTAR PRADESH,371.77,5.0,30.3,Medium,agency anticipates +255% over approved cost; pace is 20% of what the current date needs; spend outruns works by 150pp
N24001337,CONSTRUCTION AND UPGRADATION OF EXISTING ROAD TO 2-LANE WITH PAVED SHOULDER FROM NEW ROLEP BRIDGE AT,ROAD TRANSPORT AND HIGHWAYS,NHIDCL,SIKKIM,478.79,59.49,30.3,Medium,agency's own forecast is 8 months past its approved date; 19 months past original date; pace is 5% of what the current date needs
N06000096,MURAIDIH UG TURN-KEY PROJECT,COAL,BCCL,JHARKHAND,339.88,70.0,30.2,Medium,agency's own forecast is 152 months past its approved date; 11.2y past original commissioning date; no physical progress for 9 consecutive reports
N06000211,RCE OF INDARAM OPENCAST PROJECT,COAL,SCCL,TELANGANA,349.28,80.0,30.1,Medium,agency's own forecast is 48 months past its approved date; agency anticipates +22% over approved cost; 4.3y past original commissioning date
N24001962,"CONSTRUCTION OF MIHONA BYPASS, LAHAR BYPASS, DABOH BYPASS AND BHANDER BYPASS (TOTAL LENGTH 20.60 KM)",ROAD TRANSPORT AND HIGHWAYS,MORTH,MADHYA PRADESH,179.19,96.0,30.1,Medium,agency's own forecast is 3 months past its approved date; 6 months past original date; no physical progress for 3 consecutive reports
N24002048,CONSTRUCTION OF GREENFIELD CONNECTIVITY TO JEWAR INTERNATIONAL AIRPORT FROM DND FARIDABAD BALLABHGAR,ROAD TRANSPORT AND HIGHWAYS,NHAI,HARYANA,2898.0,49.1,30.1,Medium,"agency's own forecast is 9 months past its approved date; already past planned completion, no revised pace available"
N24001722,6L OF MADURAVOYAL TO SRIPERUMBUDUR SECTION FROM KM. 13.800 TO KM. 37.000 OF NH-4 THROUGH STATE HIGH,ROAD TRANSPORT AND HIGHWAYS,NHAI,TAMIL NADU,463.07,99.0,30.0,Medium,agency's own forecast is 22 months past its approved date; 2.3y past original commissioning date; no physical progress for 3 consecutive reports
N24002066,4L GREENFIELD ALIGNMENT OF SHIVRAMPUR TO RAMNAGAR FROM KM. 55.002 TO KM. 109.300 OF NH 119 D (PKG-I,ROAD TRANSPORT AND HIGHWAYS,NHAI,BIHAR,1494.31,4.59,30.0,Medium,no physical progress for 9 consecutive reports; pace is 0% of what the current date needs
N22000528,SONENAGAR BYE PASS LINE FROM CHIRALAPOTHU TO BAGHA BISHUNPUR,RAILWAYS,ECR,BIHAR,223.69,0.0,30.0,Medium,no physical progress for 9 consecutive reports; pace is 0% of what the current date needs
N24001939,NH165 FROM KM 0.000 TO KM 64.020 PAMARRU TO AKIVEEDU SECTION TO TWO LANE WITH PAVED SHOULDERS,ROAD TRANSPORT AND HIGHWAYS,MORTH,ANDHRA PRADESH,529.24,62.7,30.0,Medium,"agency's own forecast is 39 months past its approved date; 21 months past original date; already past planned completion, no revised pace available"
N06000214,RCE OF KAKATHIYAKHANI OC - 2 PROJECT,COAL,SCCL,TELANGANA,442.42,63.0,30.0,Medium,agency's own forecast is 72 months past its approved date; 5.3y past original commissioning date; no physical progress for 9 consecutive reports
N24001282,2 LANING OF KOHIMA - JESSAMI SECTION (PACKAGE II),ROAD TRANSPORT AND HIGHWAYS,NHIDCL,NAGALAND,355.79,65.06,29.9,Medium,"agency's own forecast is 43 months past its approved date; 3.0y past original commissioning date; already past planned completion, no revised pace available"
N24001856,CONSTRUCTION OF 4-LANE HIGHWAY FROM SAMARLAKOTA TO ACHAMPETA JUNCTION (FROM KM. 0.000 TO KM. 12.250,ROAD TRANSPORT AND HIGHWAYS,NHAI,ANDHRA PRADESH,648.75,64.67,29.8,Medium,pace is 17% of what the current date needs
N22000379,KORAPUT - SINGAPUR ROAD DOUBLING,RAILWAYS,ECOR,ODISHA,2361.74,80.0,29.8,Medium,elevated risk on combined profile
N24001431,FOUR LANING OF SATTANATHAPURAM (KM.123/800) TO NAGAPATTINAM (KM.179/555) SECTION OF NH-45A ON HAM UN,ROAD TRANSPORT AND HIGHWAYS,NHAI,TAMIL NADU,2899.77,65.0,29.7,Medium,4.7y past original commissioning date; pace is 30% of what the current date needs
N24001681,TUMKUR - NELAMANGALA(6L),ROAD TRANSPORT AND HIGHWAYS,NHAI,KARNATAKA,2032.15,52.88,29.6,Medium,pace is 18% of what the current date needs; date already moved 3x in 10 months
N24001642,FOUR LANING OF AMRITSAR BYPASS FROM NEW TARN TARAN ROAD TO AJNALA ROAD FROM DESIGN KM. 0.750 TO DESI,ROAD TRANSPORT AND HIGHWAYS,NHAI,PUNJAB,1474.77,75.25,29.6,Medium,10 months past original date; pace is 31% of what the current date needs; date already moved 2x in 10 months
N24001963,UPGRADATION OF NASRULLAGANI- REHTI-BUDHNI SCCTION TO 2-LANE WITH PAVED SHOULDER FROM KM 0+150 TO KM,ROAD TRANSPORT AND HIGHWAYS,MORTH,MADHYA PRADESH,305.12,34.46,29.6,Medium,"agency's own forecast is 11 months past its approved date; 8 months past original date; already past planned completion, no revised pace available"
N28000134,DELHI GHAZIABAD MEERUT RRTS CORRIDOR,URBAN DEVELOPMENT,NCRTC,MULTI STATE,30274.0,86.8,29.6,Medium,"already past planned completion, no revised pace available"
N24001622,4L TWIN TUBE TUNNEL INCLUDING APPROACHES FROM DIGDOL TO KHUNI NALLAH (NORTH BOUND CONNECTING WITH EX,ROAD TRANSPORT AND HIGHWAYS,NHAI,JAMMU AND KASHMIR,1401.87,0.0,29.5,Medium,12 months past original date; no physical progress for 9 consecutive reports; pace is 0% of what the current date needs
N24002120,CONSTRUCTION OF JASRA BYPASS WITH FOUR LANE PAVED SHOULDER CONFIGURATION FROM KM. 379.670 ON NH-76 (,ROAD TRANSPORT AND HIGHWAYS,MORTH,UTTAR PRADESH,274.06,88.0,29.5,Medium,elevated risk on combined profile
N24002098,6L OF AMBALA-CHANDIGARH GREENFIELD SECTION FROM KM. 0.000 TO KM. 25.000 WITH 4L SPUR TO LALRU FROM K,ROAD TRANSPORT AND HIGHWAYS,NHAI,PUNJAB,1641.66,55.0,29.5,Medium,pace is 23% of what the current date needs
N24000864,WIDENING AND UP-GRADATION TO 2- LANE WITH PAVED SHOULDER CONFIGURATION AND GEOMETRIC IMPROVEMENTS FRO,ROAD TRANSPORT AND HIGHWAYS,NHIDCL,MIZORAM,404.29,100.0,29.5,Medium,agency's own forecast is 13 months past its approved date; agency anticipates +86% over approved cost; 14 months past original date
N24002203,IMPHAL-KOHIMA ROAD PKG-4B,ROAD TRANSPORT AND HIGHWAYS,NHIDCL,MANIPUR,268.98,18.04,29.4,Medium,pace is 42% of what the current date needs
N18000142,LATA-TAPOVAN HYDRO ELECTRIC POWER PROJECT 3X57 MW,POWER,NTPC,UTTARAKHAND,1527.0,,29.4,Medium,"7.8y past original commissioning date; already past planned completion, no revised pace available"
N24001790,SANCHORE - SANTALPUR FROM KM 67.000- KM 99.000 OF NH-754K (AJ- RGBS-PACKAGE-3),ROAD TRANSPORT AND HIGHWAYS,NHAI,GUJARAT,752.3,98.14,29.3,Medium,"22 months past original date; no physical progress for 9 consecutive reports; already past planned completion, no revised pace available"
N22000605,DOUBLING BETWEEN CHURU- RATANGARH (42.81 KM),RAILWAYS,NWR,RAJASTHAN,422.6,95.0,29.3,Medium,elevated risk on combined profile
N24001656,SIX LANING FROM THALIKULAM TO KODUNGALLUR SECTION OF NH ? 66 (OLD NH-17) FROM DESIGN CH.369+015 (EX.,ROAD TRANSPORT AND HIGHWAYS,NHAI,KERALA,2595.0,66.73,29.1,Medium,agency's own forecast is 9 months past its approved date; agency anticipates +55% over approved cost; 3 months past original date
N24001257,CONSTRUCTION OF 2-LANE WITH PAVED SHOULDER OF KOHIMA- BYPASS ROAD FROM DESIGN KM21.0 TO KM32.0 [DESIG,ROAD TRANSPORT AND HIGHWAYS,NHIDCL,NAGALAND,342.29,33.55,29.1,Medium,"agency's own forecast is 6 months past its approved date; 2.7y past original commissioning date; already past planned completion, no revised pace available"
N24001697,4L GREENFIELD ALIGNMENT FROM KALYANAPUR TO TAL DASHRAHA OF NH-119D (PKG-III),ROAD TRANSPORT AND HIGHWAYS,NHAI,BIHAR,1358.0,22.0,29.0,Medium,"agency's own forecast is 10 months past its approved date; 4 months past original date; already past planned completion, no revised pace available"
N22000111,NEW WORK FOR CONSTRUCTION OF METRO RAILWAY FROM JOKA TO BINOY BADAL DINESH BAGH.,RAILWAYS,RVNL,WEST BENGAL,4834.54,,29.0,Medium,elevated risk on combined profile
N24001987,"CONSTRUCTION OF 1 NOS ROB, 2 NOS VUPS, SERVICE ROADS, PROVISION OF LIGHTING AND CONSTRUCTION OF OTHE",ROAD TRANSPORT AND HIGHWAYS,NHAI,ANDHRA PRADESH,152.05,76.83,29.0,Medium,"6 months past original date; already past planned completion, no revised pace available"
N22000434,MUMBAI CENTRAL VIRAR VADODARA AHMEDABAAD TRAIN PROTECTION SYSTEM 500 RKM,RAILWAYS,WR,MAHARASHTRA,311.0,0.0,28.7,Medium,"8 months past original date; no physical progress for 9 consecutive reports; already past planned completion, no revised pace available"
N24001901,REHABILITATION AND UPGRADATION TO 2 LANE WITH PAVED SHOULDER FROM EXISTING CHAINAGE KM 64.535 TO K,ROAD TRANSPORT AND HIGHWAYS,BRO,JAMMU AND KASHMIR,152.93,78.27,28.7,Medium,agency's own forecast is 18 months past its approved date; 21 months past original date; no physical progress for 3 consecutive reports
N30000050,SEWERAGE SYSTEM AND STP FOR KANKARBAG ZONE PATNA,WATER RESOURCES,BUIDCO,BIHAR,453.83,53.0,28.6,Medium,agency's own forecast is 42 months past its approved date; agency anticipates +28% over approved cost; 3.0y past original commissioning date
N04000082,"CONSTRUCTION OF NEW DORNESTIC TERMINAL BUILDING AND OTHER STRUCTURES, PHASE I AND II",CIVIL AVIATION,AAI,BIHAR,1216.9,93.14,28.6,Medium,2.7y past original commissioning date; date already moved 2x in 10 months
N16000453,INSTALLATION OF BITUMEN MANUFACTURING UNIT ALONG WITH ALLIED FACILITIES AT BARAUNI,PETROLEUM,IOCL,BIHAR,389.0,35.4,28.6,Medium,"agency's own forecast is 13 months past its approved date; 2 months past original date; already past planned completion, no revised pace available"
N24001334,IMPROVEMENT/WIDENING TO 2-LANE WITH PAVED SHOULDER FROM (DESIGN KM 45.760 TO KM 63.530) BETWEEN SHIL,ROAD TRANSPORT AND HIGHWAYS,NHIDCL,MEGHALAYA,445.51,30.3,28.4,Medium,"agency's own forecast is 28 months past its approved date; 18 months past original date; already past planned completion, no revised pace available"
N22000219,PIRPAINTI-JASIDIH,RAILWAYS,ER,MULTI STATE,2555.03,45.0,28.2,Medium,agency anticipates +2% over approved cost; no physical progress for 9 consecutive reports; pace is 0% of what the current date needs
N04000088,"C/O NEW GREENFIELD AIRPORT AT HISSAR, RAJKOT, GUJARAT",CIVIL AVIATION,AAI,GUJARAT,1405.0,100.0,28.2,Medium,"2.8y past original commissioning date; no physical progress for 7 consecutive reports; already past planned completion, no revised pace available"
N24001680,4L OF SANNUR TO BIKARNAKATTE SECTION FROM KARKALA TO MANGALORE,ROAD TRANSPORT AND HIGHWAYS,NHAI,KARNATAKA,1808.12,59.0,28.2,Medium,8 months past original date; pace is 48% of what the current date needs; date already moved 3x in 10 months
N24001777,DEVELOPMENT OF 6L UER-II (PACKAGE-I) (NH-1 NEAR BAKOLI TILL KARALA KANJHAWALA ROAD) FROM KM. (-)0.70,ROAD TRANSPORT AND HIGHWAYS,NHAI,DELHI,2171.8,99.99,28.0,Medium,agency's own forecast is 20 months past its approved date; 20 months past original date; no physical progress for 3 consecutive reports
220100257,KHAGARIA-KUSHESHWAR ASTHAN (NL) (ECR),RAILWAYS,ECR,BIHAR,614.45,52.0,28.0,Medium,"agency's own forecast is 27 months past its approved date; 6 months past original date; already past planned completion, no revised pace available"
N24001927,UP-GRADATION TO 2 LANE WITH PAVED SHOULDER FROM CHARBHUJA AT DESIGN KM 0.00 (EXISTING KM 150.00) TO,ROAD TRANSPORT AND HIGHWAYS,MORTH,RAJASTHAN,838.43,99.0,28.0,Medium,elevated risk on combined profile
N06000208,KHADIA EXPANSION OCP,COAL,NCL,UTTAR PRADESH,491.67,40.86,28.0,Medium,"agency's own forecast is 24 months past its approved date; 3 months past original date; already past planned completion, no revised pace available"
N04000104,UDAIPUR AIRPORT- CONSTRUCTION OF NEW INTEGRATED PASSENGER TERMINAL BUILDING,CIVIL AVIATION,AAI,RAJASTHAN,887.0,44.61,28.0,Medium,pace is 28% of what the current date needs; date already moved 2x in 10 months
N30000051,"SEWERAGE SYSTEM AND STP FOR DIGHA ZONE, PATNA",WATER RESOURCES,BUIDCO,BIHAR,734.09,55.0,27.9,Medium,agency's own forecast is 42 months past its approved date; agency anticipates +12% over approved cost; 3.0y past original commissioning date
N24001551,DELHI-AMRITSAR-KATRA EXPRESSWAY (PHASE-II PKG-XIV) FROM JUNCTION WITH PATHANKOT- GURDASPUR ROAD (NH-5,ROAD TRANSPORT AND HIGHWAYS,NHAI,JAMMU AND KASHMIR,3044.02,70.21,27.9,Medium,9 months past original date
N24001835,4L OF RATNAGIRI - KOLHAPUR SECTION FROM KM 112.340 TO KM 145.300 OF NH-166 (PKG?III),ROAD TRANSPORT AND HIGHWAYS,NHAI,MAHARASHTRA,986.0,56.4,27.8,Medium,"1 months past original date; already past planned completion, no revised pace available"
N24001335,IMPROVEMENT/WIDENING TO 2-LANE WITH PAVED SHOULDER / 4-LANING FROM (DESIGN KM 63.530 TO KM 71.520) B,ROAD TRANSPORT AND HIGHWAYS,NHIDCL,MEGHALAYA,284.21,24.0,27.8,Medium,"agency's own forecast is 35 months past its approved date; 18 months past original date; already past planned completion, no revised pace available"
N22000601,INDORE BUDNI (INDORE JABALPUR),RAILWAYS,RVNL,MADHYA PRADESH,7474.01,,27.7,Medium,elevated risk on combined profile
N12000129,REVAMPING OF OLD SUB SYSTEM OF BLAST FURNACE 3 AT BOKARO STEEL PLANT,STEEL,SAIL,JHARKHAND,513.82,67.0,27.6,Medium,elevated risk on combined profile
N24001602,4-LANING OF MADATHUKULAM - POLLACHI SECTION OF NH-209 (NEW NH-83),ROAD TRANSPORT AND HIGHWAYS,NHAI,TAMIL NADU,1409.38,91.2,27.6,Medium,2.5y past original commissioning date; pace is 36% of what the current date needs; date already moved 3x in 10 months
N18000381,"LARA SUPER THERMAL POWER PROJECT, STAGE-II (2X800 MW)",POWER,NTPC,CHHATTISGARH,15530.0,6.5,27.6,Medium,no physical progress for 3 consecutive reports; pace is 26% of what the current date needs
N16000454,INSTALLATION OF NEW BITUMEN UNIT ALONG WITH ALLIED FACILITIES AT GUJARAT,PETROLEUM,IOCL,GUJARAT,328.0,51.3,27.5,Medium,"agency's own forecast is 20 months past its approved date; 9 months past original date; already past planned completion, no revised pace available"
N24000910,REHABILITATION AND UP GRADATION TO 2 LANE WITH PAVED SHOULDER OF NH-703A FROM MAKHU (DESIGN CH 0 000,ROAD TRANSPORT AND HIGHWAYS,MORTH,PUNJAB,170.57,79.0,27.5,Medium,agency's own forecast is 67 months past its approved date; 4.6y past original commissioning date; no physical progress for 8 consecutive reports
N24002092,6-LANE AMRITSAR-BATHINDA GREENFIELD SECTION OF NH-754A FROM JUNCTION WITH MOGA JALANDHAR ROAD (NH-70,ROAD TRANSPORT AND HIGHWAYS,NHAI,PUNJAB,1801.37,51.2,27.4,Medium,pace is 28% of what the current date needs
N16000456,ATF PIPELINE FROM JAWAHARLAL NEHRU PORT TRUST (JNPT) TO NAVI MUMBAI INTERNATIONAL AIRPORT (NMIA),PETROLEUM,IOCL,MAHARASHTRA,165.0,69.8,27.3,Medium,agency's own forecast is 7 months past its approved date; pace is 14% of what the current date needs
N22000626,NAGAPATTINAM THIRUTURAIPUNDI (38KM)- NEW LINE PROJECT,RAILWAYS,SR,TAMIL NADU,677.12,20.0,27.3,Medium,pace is 10% of what the current date needs
N22000595,KHARAGPUR-ADITYAPUR - 3RD LINE (132 KM),RAILWAYS,RVNL,JHARKHAND,3249.98,,27.1,Medium,"3 months past original date; already past planned completion, no revised pace available"
N24000488,FOUR LANING OF UDHAMBUR - RAMBAN SECTION OF NH-1A,ROAD TRANSPORT AND HIGHWAYS,NHAI,JAMMU AND KASHMIR,2644.0,99.5,27.1,Medium,"6.5y past original commissioning date; no physical progress for 9 consecutive reports; already past planned completion, no revised pace available"
N24001255,CONSTRUCTION OF 2-LANE WITH PAVED SHOULDER OF KOHIMA- BYPASS ROAD FROM DESIGN KM10.500 TO 21.00KM [D,ROAD TRANSPORT AND HIGHWAYS,NHIDCL,NAGALAND,277.44,67.91,27.0,Medium,"agency's own forecast is 21 months past its approved date; 2.7y past original commissioning date; already past planned completion, no revised pace available"
N28000130,CONSTRUCTION OF PERMANENT CAMPUS OF IIM JAMMU (PHASE 1),DEPARTMENT OF HIGHER EDUCATION,CPWD EDUCATION,JAMMU AND KASHMIR,424.93,96.0,27.0,Medium,agency anticipates +18% over approved cost; 2.9y past original commissioning date; no physical progress for 9 consecutive reports
N24002090,CONSTRUCTION OF FOUR-LANE ?WESTERN SIDE SPUR OF RAMPUR- RUDRAPUR SECTION CONNECTING NH-24 TO NH-87 BY,ROAD TRANSPORT AND HIGHWAYS,NHAI,UTTAR PRADESH,646.27,52.09,26.8,Medium,7 months past original date; pace is 40% of what the current date needs; date already moved 3x in 10 months
N24000811,CONSTRUCTION OF SIX LANING OF DEDICATED PORT ROAD TO KRISHNAPATNAM PORT (PACKAGE-I) KM 0+000 TO KM 1,ROAD TRANSPORT AND HIGHWAYS,NHAI,ANDHRA PRADESH,314.43,71.49,26.7,Medium,agency's own forecast is 24 months past its approved date; agency anticipates +11% over approved cost; 4.5y past original commissioning date
N22000519,KODINGAMALI BAUXITE MINES TO SINGARAM RAILWAY STATION,RAILWAYS,ECOR,ODISHA,190.9,0.0,26.7,Medium,no physical progress for 9 consecutive reports; pace is 0% of what the current date needs
N21000032,"ALL INDIA INSTITUTE OF MEDICAL SCIENCES AT MANETHI, HARYANA.",HEALTH AND FAMILY WELFARE,HITES,HARYANA,1294.34,26.14,26.4,Medium,2.3y past original commissioning date; pace is 27% of what the current date needs
N24001998,"CONSTRUCTION OF 4 LANE WITH PAVED SHOULDER FROM (DESIGN CH. 14+200 TO 24+400), (DESIGN CH. 35+300 TO",ROAD TRANSPORT AND HIGHWAYS,BRO,JAMMU AND KASHMIR,832.46,46.0,26.4,Medium,no physical progress for 5 consecutive reports; pace is 11% of what the current date needs
N24002065,4L GREENFIELD ALIGNMENT OF AMAS TO SHIVRAMPUR FROM 0.000 KM. TO 55.002 KM. OF NH 119 D (PKG-I),ROAD TRANSPORT AND HIGHWAYS,NHAI,BIHAR,1390.92,22.56,26.4,Medium,"3 months past original date; already past planned completion, no revised pace available"
N24001838,6L ALURU - JAKKUVA SECTION OF NH- 130CD ROAD FROM KM 365.033 TO KM 396.800 (PKG. 1),ROAD TRANSPORT AND HIGHWAYS,NHAI,ANDHRA PRADESH,922.5,84.38,26.3,Medium,agency's own forecast is 21 months past its approved date; agency anticipates +22% over approved cost; 15 months past original date
N24001653,SIX LANING FROM KODUNGALLUR TO EDAPALLY SECTION OF NH ?66 (OLD NH-17) FROM DESIGN CHAINAGE 397+750 (,ROAD TRANSPORT AND HIGHWAYS,NHAI,KERALA,3565.82,62.43,26.2,Medium,"2 months past original date; already past planned completion, no revised pace available"
N22000554,SATNA - REWA (50 KM),RAILWAYS,WCR,MADHYA PRADESH,40.0,80.0,26.0,Medium,agency anticipates +1150% over approved cost; no physical progress for 8 consecutive reports; pace is 20% of what the current date needs
N24001434,JOGIGHOPA BRIDGE,ROAD TRANSPORT AND HIGHWAYS,NHIDCL,ASSAM,746.76,67.85,26.0,Medium,"agency's own forecast is 25 months past its approved date; 7 months past original date; already past planned completion, no revised pace available"
N24001738,"2LPS OF BIJNOR TO KOTAWALI SECTION OF NH-709AD, PKG-IV",ROAD TRANSPORT AND HIGHWAYS,NHAI,UTTAR PRADESH,300.79,80.61,25.9,Medium,"20 months past original date; already past planned completion, no revised pace available"
N24001836,6L KANTAKAPALLE ? SABBAVARAM SECTION OF NH-130CD ROAD FROM KM 445.100 TO KM 464.662 (PKG-4),ROAD TRANSPORT AND HIGHWAYS,NHAI,ANDHRA PRADESH,824.29,76.13,25.9,Medium,agency's own forecast is 17 months past its approved date; agency anticipates +12% over approved cost; 8 months past original date
N24001641,DELHI AMRITSAR KATRA EXPRESSWAY PHASE I SPUR III FROM JUNCTION WITH AMRITSAR JALANDHAR ROAD NH3 NEAR,ROAD TRANSPORT AND HIGHWAYS,NHAI,PUNJAB,1641.75,26.01,25.8,Medium,8 months past original date; pace is 3% of what the current date needs; date already moved 2x in 10 months
N24002083,FOUR LANING OF KARIMNAGAR- WARANGAL SECTION OF NH-563 FROM DESIGN CH.48.860 KM NEAR SH-1 CH.170.400 K,ROAD TRANSPORT AND HIGHWAYS,NHAI,TELANGANA,2413.0,72.35,25.7,Medium,pace is 10% of what the current date needs
N04000105,BELAGAVI AIRPORT- EXPANSION OF TERMINAL BUILDING AND ASSOCIATED WORKS,CIVIL AVIATION,AAI,KARNATAKA,322.45,43.0,25.7,Medium,pace is 43% of what the current date needs
N24001747,SIX LANE OF PALSIT TO DANKUNI SECTION FROM 588.870 TO KM. 652.700,ROAD TRANSPORT AND HIGHWAYS,NHAI,WEST BENGAL,2314.0,97.04,25.4,Medium,"9 months past original date; already past planned completion, no revised pace available"
N22000541,SAMNI-JAMBUSAR (24.08 KM),RAILWAYS,WR,GUJARAT,349.93,25.0,25.4,Medium,no physical progress for 8 consecutive reports; pace is 7% of what the current date needs; date already moved 2x in 10 months
N06000164,MAHAMAYA OPENCAST PROJECT,COAL,SECL,CHHATTISGARH,410.26,38.0,25.2,Medium,no physical progress for 8 consecutive reports; pace is 1% of what the current date needs
N04000090,DEVELOPMENT OF TUTICORIN AIRPORT,CIVIL AVIATION,AAI,TAMIL NADU,451.74,100.0,25.2,Medium,"3.3y past original commissioning date; already past planned completion, no revised pace available; date already moved 3x in 10 months"
N16000511,DCU REVAMP PROJECT,PETROLEUM,NRL,ASSAM,370.0,55.0,25.2,Medium,"agency's own forecast is 7 months past its approved date; 3 months past original date; already past planned completion, no revised pace available"
N16000437,"REVAMPING, AUGMENTATION OF FACILITIES AT EXISTING PORT TERMINAL AT MANGALORE",PETROLEUM,IOCL,KARNATAKA,500.62,71.1,25.2,Medium,pace is 29% of what the current date needs
N24001862,CONSTRUCTION OF BYPASS ROAD TO BALANGIR TOWN FROM KM 72/400 (DESING KM 0/0) TO KM 79/800 (DESIGN KM,ROAD TRANSPORT AND HIGHWAYS,MORTH,ODISHA,238.78,40.0,24.9,Low,pace is 25% of what the current date needs
N24002003,REHABILITATION AND UP-GRADATION OF VALIGONDA TO THORRUR SECTION TO TWO LANE WITH PAVED SHOULDERS FRO,ROAD TRANSPORT AND HIGHWAYS,MORTH,TELANGANA,549.28,74.75,24.9,Low,"6 months past original date; already past planned completion, no revised pace available"
N24001447,REHABILITATION AND UPGRADATION TO 2-LANE CONFIGURATION OF HAMIRPUR-KARNOHAL SECTION (KM 141.000 TO K,ROAD TRANSPORT AND HIGHWAYS,MORTH,HIMACHAL PRADESH,371.93,81.0,24.8,Low,"6 months past original date; already past planned completion, no revised pace available"
N24001705,FOUR LANING OF MUNGER TO MIRZACHAUKI (NH-80) SECTION FROM MUNGER TO KHARIA VILLAGE JUNCTION DESIGN C,ROAD TRANSPORT AND HIGHWAYS,NHAI,BIHAR,1485.66,0.0,24.8,Low,15 months past original date; no physical progress for 9 consecutive reports; pace is 0% of what the current date needs
N22000511,PACHORA-JAMNER WITH EXTENSION UPTO MALKAPUR NG TO BG,RAILWAYS,CR,MAHARASHTRA,955.0,0.0,24.7,Low,agency's own forecast is 19 months past its approved date; agency anticipates +119% over approved cost; no physical progress for 9 consecutive reports
N06000204,VENKATESH KHANI COAL MINE,COAL,SCCL,TELANGANA,484.51,55.0,24.7,Low,agency's own forecast is 48 months past its approved date; 2.3y past original commissioning date; no physical progress for 3 consecutive reports
N24001522,4L OF KODAD (DESIGN KM 0.00/EXISTING KM 185.00 OF NH-65) TO KHAMMAM (DESIGN KM 31.800/EXISTING KM 29,ROAD TRANSPORT AND HIGHWAYS,NHAI,TELANGANA,1307.95,99.98,24.6,Low,"agency's own forecast is 54 months past its approved date; 17 months past original date; already past planned completion, no revised pace available"
N24001620,CONSTRUCTION OF TUNNELS/VIADUCTS AT IDENTIFIED SLIDING/SLIP ZONES AT KM 130.550 TO KM.130.750; KM.,ROAD TRANSPORT AND HIGHWAYS,NHAI,JAMMU AND KASHMIR,442.14,19.88,24.6,Low,20 months past original date; no physical progress for 9 consecutive reports; pace is 0% of what the current date needs
N21000027,"ALL INDIA INSTITUTE OF MEDICAL SCIENCE AT GUWAHATI, ASSAM",HEALTH AND FAMILY WELFARE,HITES,ASSAM,873.92,99.62,24.5,Low,"agency's own forecast is 26 months past its approved date; 4.1y past original commissioning date; already past planned completion, no revised pace available"
N24001246,4-LANING OF HAPACHARA - TULUNGIA SECTION,ROAD TRANSPORT AND HIGHWAYS,NHIDCL,ASSAM,220.2,97.76,24.4,Low,agency's own forecast is 18 months past its approved date; 2.5y past original commissioning date; no physical progress for 5 consecutive reports
N24001470,REHABILITATION AND UPGRADATION TO 2-LANE CONFIGURATION OF KALWAHAN-MANDI SECTION (KM 208.950 TO KM 2,ROAD TRANSPORT AND HIGHWAYS,MORTH,HIMACHAL PRADESH,314.32,51.0,24.4,Low,"2 months past original date; already past planned completion, no revised pace available"
N22000594,DEDICATED TEST TRACK FOR RDSO (PHASE II),RAILWAYS,NWR,RAJASTHAN,466.42,83.0,24.3,Low,spend outruns works by 76pp
N22000539,NADIAD-PETLAD (37.26 KM),RAILWAYS,WR,GUJARAT,461.91,7.0,24.3,Low,no physical progress for 8 consecutive reports; pace is 7% of what the current date needs
N24000914,WIDENING TO 2LPS FROM 239/9 TO 294/3 OF NH-57 (NAYAGARH TO KHURDA) IN THE STATE OF ODISHA,ROAD TRANSPORT AND HIGHWAYS,MORTH,ODISHA,223.5,100.0,24.3,Low,"agency's own forecast is 85 months past its approved date; 6.8y past original commissioning date; already past planned completion, no revised pace available"
N24001957,2LPS OF KOYYURU TO CHAPRATHIPALEM SECTION OF NH 516E,ROAD TRANSPORT AND HIGHWAYS,MORTH,ANDHRA PRADESH,349.29,,24.2,Low,"11 months past original date; already past planned completion, no revised pace available"
N24002081,3L MAJOR BRIDGE OVER RIVER BRAHMANI AT KM. 401.250 (DUBURI CHANDIKHOLE SECTION) OF NH 200 (NEW NH 5,ROAD TRANSPORT AND HIGHWAYS,NHAI,ODISHA,153.61,34.49,24.2,Low,"agency's own forecast is 23 months past its approved date; 5 months past original date; already past planned completion, no revised pace available"
N24002101,4L OF BEAS-MEHTA-BATALA-DERA BABA NANAK FROM INTERSECTION WITH JALANDHAR-AMRITSAR HIGHWAY (NH-3) NEA,ROAD TRANSPORT AND HIGHWAYS,NHAI,PUNJAB,809.51,53.54,24.1,Low,pace is 23% of what the current date needs
N04000108,HUBBALI AIRPORT - CONSTRUCTION OF NEW DOMESTIC TERMINAL BUILDING AND MISCELLANEOUS WORKS,CIVIL AVIATION,AAI,KARNATAKA,320.47,32.5,24.0,Low,pace is 28% of what the current date needs
N24001301,6-LANING OF VIJAYAWADA BYPASS FROM GOLLAPUDI (DESIGN CH. 30+000) TO CHINNAKAKANI (DESIGN CH. 47+881),ROAD TRANSPORT AND HIGHWAYS,NHAI,ANDHRA PRADESH,1601.1,92.34,24.0,Low,"agency's own forecast is 6 months past its approved date; 17 months past original date; already past planned completion, no revised pace available"
N24001657,SIX LANING OF KOTTUKULANGARA (DESIGN KM. 454+500) TO START OF KOLLAM BYPASS (DESIGN KM. 486+000) SEC,ROAD TRANSPORT AND HIGHWAYS,NHAI,KERALA,2842.14,71.3,24.0,Low,8 months past original date; pace is 26% of what the current date needs
N22000504,ANAND GODHRA DOUBLING PROJECT 79 KMS,RAILWAYS,WR,GUJARAT,692.26,100.0,24.0,Low,"6 months past original date; already past planned completion, no revised pace available; date already moved 3x in 10 months"
N06000292,50 MW WIND POWER PROJECT PART OF 150 MW SECI HYBRID,COAL,NLC,GUJARAT,383.84,41.0,23.9,Low,pace is 0% of what the current date needs; spend outruns works by 38pp
N24002009,WIDENING AND STRENGTHENING TO 2/4 LANE WITH PAVED SHOULDERS OF MAHABUBNAGAR ? CHINCHOLI SECTION FROM,ROAD TRANSPORT AND HIGHWAYS,MORTH,TELANGANA,703.68,76.45,23.9,Low,"agency's own forecast is 6 months past its approved date; 5 months past original date; already past planned completion, no revised pace available"
N22000206,NEW BG LINE FROM BALURGHAT TO HILLY NFR,RAILWAYS,NFR,MULTI STATE,1208.67,8.0,23.9,Low,pace is 6% of what the current date needs; spend outruns works by 27pp
N22000569,BAHRAICH SRAVASTI BALRAMPUR (TULSIPUR),RAILWAYS,NER,UTTAR PRADESH,4939.78,7.5,23.9,Low,pace is 21% of what the current date needs; spend outruns works by 20pp
N22000286,NADIKUDE-SRI KALAHASTI,RAILWAYS,SCR,ANDHRA PRADESH,2312.0,,23.8,Low,agency anticipates +35% over approved cost
N28000131,CONSTRUCTION OF PERMANENT CAMPUS IIT JAMMU (PHASE 1C),DEPARTMENT OF HIGHER EDUCATION,CPWD EDUCATION,JAMMU AND KASHMIR,1144.68,100.0,23.8,Low,"2.2y past original commissioning date; no physical progress for 4 consecutive reports; already past planned completion, no revised pace available"
N04000087,UPGRADATION OF JABALPUR AIRPORT,CIVIL AVIATION,AAI,MADHYA PRADESH,412.24,100.0,23.8,Low,"4.0y past original commissioning date; no physical progress for 9 consecutive reports; already past planned completion, no revised pace available"
N24001698,FOUR LANING OF MUNGER TO MIRZACHAUKI (NH-80) SECTION FROM NEAR RASULPUR TO MIRZACHAUKI (DESIGN CH,ROAD TRANSPORT AND HIGHWAYS,NHAI,BIHAR,1198.02,0.0,23.6,Low,10 months past original date; no physical progress for 9 consecutive reports; pace is 0% of what the current date needs
N24001472,BALANCE WORKS OF FOUR LANING FROM RAMBAN KM 151.00 TO BANIHAL KM 187.00 OF NH-1A (NOW NH-44) WITH VA,ROAD TRANSPORT AND HIGHWAYS,NHAI,JAMMU AND KASHMIR,811.19,99.0,23.5,Low,"18 months past original date; no physical progress for 8 consecutive reports; already past planned completion, no revised pace available"
N24000515,SIX-LANING OF BARWA ADDA- PANAGARH,ROAD TRANSPORT AND HIGHWAYS,NHAI,WEST BENGAL,1665.0,100.0,23.4,Low,agency's own forecast is 104 months past its approved date; agency anticipates +199% over approved cost; 8.7y past original commissioning date
N22000124,NEW LINE FROM DIMAPUR TO ZUBZA(KOHIMA) NATIONAL PROJECT (NEFR),RAILWAYS,NFR,NAGALAND,6663.2,74.0,23.3,Low,agency's own forecast is 45 months past its approved date
N16000457,CAPACITY EXPANSION OF DIGBOI REFINERY FROM 0.65 TO 1.0 MMTPA,PETROLEUM,IOCL,ASSAM,768.0,34.6,23.3,Low,agency's own forecast is 5 months past its approved date; pace is 14% of what the current date needs
N24001201,CONSTRUCTION OF A NEW 4 LANE BRIDGE PARALLEL TO EXISTING MG SETU WITH ITS APPROACHES FROM KM 0.00,ROAD TRANSPORT AND HIGHWAYS,MORTH,BIHAR,2926.42,59.29,23.3,Low,"agency's own forecast is 24 months past its approved date; 9 months past original date; already past planned completion, no revised pace available"
N24001630,4/6L GREENFIELD LUDHIANA RUPNAGAR HIGHWAY FROM JUNCTION WITH NE 05 VILLAGR NEAR TO MANEWAL (LUDHIANA,ROAD TRANSPORT AND HIGHWAYS,NHAI,PUNJAB,1501.02,75.0,23.2,Low,"4 months past original date; already past planned completion, no revised pace available"
N04000081,"AIRSIDE CAPACITY ENHANCEMENT OF NSBI AIRPORT, KOLKATA",CIVIL AVIATION,AAI,WEST BENGAL,397.0,100.0,23.2,Low,"3.6y past original commissioning date; no physical progress for 9 consecutive reports; already past planned completion, no revised pace available"
N24001851,4L FROM MATHURA BYPASS (START) AT EXISTING KM. 154.20 OF NH-44 TO GAJU VILLAGE AT KM 32.982 OF NH-53,ROAD TRANSPORT AND HIGHWAYS,NHAI,UTTAR PRADESH,1738.2,65.0,23.2,Low,"3 months past original date; no physical progress for 7 consecutive reports; already past planned completion, no revised pace available"
N22000518,TALCHER - ANGUL NEW LINE WITH Y CONNECTION AT TALCHER,RAILWAYS,ECOR,ODISHA,495.0,0.0,23.2,Low,no physical progress for 9 consecutive reports; pace is 0% of what the current date needs
N24001682,UPGRADATION 2/4 LANE NH CONNECTIVITY UNDER SAGARMALA SCHEME SH 2 HAVERI YEKAMBI SH 69 YEKAMBI KUMTA,ROAD TRANSPORT AND HIGHWAYS,NHAI,KARNATAKA,309.9,15.14,23.2,Low,"agency's own forecast is 33 months past its approved date; 15 months past original date; already past planned completion, no revised pace available"
N28000135,DELHI METRO PHASE IV THREE PRIORITY CORRIDORS,URBAN DEVELOPMENT,DMRC,DELHI,24948.65,67.19,23.1,Low,"agency's own forecast is 12 months past its approved date; 3 months past original date; already past planned completion, no revised pace available"
N24001371,CONSTRUCTION OF 2 LANE BRIDGE ACROSS RIVER KOSI WITH APPROACH ROAD FROM BHEJA TO BAKAUR SECTION OF N,ROAD TRANSPORT AND HIGHWAYS,NHAI,BIHAR,1101.99,78.48,23.1,Low,22 months past original date; date already moved 2x in 10 months
N24001635,4 LANING OF JAGADHRI TAJEWALA ROAD SECTION OF NH 907 (OLD NH 73A) UNDER NH(O) (PKG 1) IN THE STATE O,ROAD TRANSPORT AND HIGHWAYS,NHAI,HARYANA,1269.5,53.0,23.0,Low,"4 months past original date; already past planned completion, no revised pace available"
N22000139,"DAHOD-INDORE VIA SARDARPUR, JHABUA AND DHAR (NL)",RAILWAYS,WR,MULTI STATE,1873.1,59.0,22.9,Low,agency anticipates +53% over approved cost; no physical progress for 3 consecutive reports; pace is 3% of what the current date needs
N24002001,WIDENING TO 2 LANE WITH PAVED SHOULDERS OF MEDAK - SIDDIPET SECTION FROM KM 0/0 TO KM 69/978 OF NH-,ROAD TRANSPORT AND HIGHWAYS,MORTH,TELANGANA,882.18,73.14,22.9,Low,"5 months past original date; already past planned completion, no revised pace available"
N24001834,4L OF RATNAGIRI - KOLHAPUR SECTION FROM KM 67.140 TO KM 112.340 OF NH-166 (PKG ? II),ROAD TRANSPORT AND HIGHWAYS,NHAI,MAHARASHTRA,839.0,58.8,22.9,Low,"1 months past original date; already past planned completion, no revised pace available"
N24001725,6L OF SRIPERUMBUDUR TO KARAIPETTAI FROM KM 37.000 TO KM 71.015 OF NH 48,ROAD TRANSPORT AND HIGHWAYS,NHAI,TAMIL NADU,1314.82,57.32,22.8,Low,agency's own forecast is 44 months past its approved date; 4.1y past original commissioning date; no physical progress for 9 consecutive reports
N18000378,TS FOR EVACUATION POWER FROM REZ IN RAJASTHAN (20GW) UNDER PHASE-III PART J,POWER,PGCIL,RAJASTHAN,331.0,27.0,22.7,Low,3 months past original date; pace is 2% of what the current date needs
N24001986,4L OF PILERU TO KALUR SECTION FROM KM 55.900 TO KM 92.800 AND KM 94.500 TO KM 95.717,ROAD TRANSPORT AND HIGHWAYS,NHAI,ANDHRA PRADESH,1047.32,93.0,22.7,Low,"2 months past original date; already past planned completion, no revised pace available"
220100181,AHMEDNAGAR-PARLI VAIJNATH(NL) CR,RAILWAYS,CR,MAHARASHTRA,2539.0,97.0,22.7,Low,agency anticipates +95% over approved cost; spend outruns works by 96pp
N24001876,WIDENING AND STRENTHENING FROM KM132.895 TO KM 190.15 NH-80,ROAD TRANSPORT AND HIGHWAYS,MORTH,BIHAR,566.15,58.6,22.7,Low,"agency's own forecast is 18 months past its approved date; 15 months past original date; already past planned completion, no revised pace available"
N24002036,DEVELOPMENT OF SIX-LANE ACCESS CONTROLLED HIGHWAY FROM GOGWAN JALALPUR (SHAMLI DISTRICT) TO RANIPUR,ROAD TRANSPORT AND HIGHWAYS,NHAI,UTTAR PRADESH,1843.59,50.2,22.7,Low,"1 months past original date; already past planned completion, no revised pace available"
N24002020,"CONSTRUCTION OF KAITHI-PADARIA KALA BYPASS, PATNA-TAMOLI BYPASS, JASO BYPASS , NAGOD BYPASS (TOTAL L",ROAD TRANSPORT AND HIGHWAYS,MORTH,MADHYA PRADESH,158.0,30.0,22.6,Low,no physical progress for 3 consecutive reports; pace is 11% of what the current date needs
N24001956,2LPS FROM GONDIGUDA TO ARAKU BHALLAGUDA KM 27.480 TO KM 51.772 SECTION OF NH 516E,ROAD TRANSPORT AND HIGHWAYS,MORTH,ANDHRA PRADESH,296.66,87.49,22.6,Low,"agency's own forecast is 15 months past its approved date; 21 months past original date; already past planned completion, no revised pace available"
N22000599,3RD LINE BETWEEN DHANBAD SONNAGAR,RAILWAYS,RVNL,JHARKHAND,8975.0,,22.6,Low,elevated risk on combined profile
N04000077,"CCS INTERNATIONAL AIRPORT , LUCKNOW",CIVIL AVIATION,AAI,UTTAR PRADESH,1938.0,80.58,22.6,Low,agency anticipates +70% over approved cost; 3.7y past original commissioning date; pace is 40% of what the current date needs
N16000435,NEW MUNDRA-PANIPAT CRUDE OIL PIPELINE,PETROLEUM,IOCL,RAJASTHAN,9028.0,82.3,22.5,Low,8 months past original date
N22000138,CHOTTAUDEPUR-DHAR(NL),RAILWAYS,WR,MULTI STATE,1793.63,59.0,22.5,Low,no physical progress for 3 consecutive reports; pace is 4% of what the current date needs; spend outruns works by 33pp
N18000390,TS FOR EVACUATION OF POWER FROM 7GW REZ IN KHAVDA AREA UNDER PHASE-IV PART E2,POWER,PGCIL,GUJARAT,679.0,16.8,22.5,Low,pace is 24% of what the current date needs
N24001650,SIX LANING OF KADAMBATTUKONAM TO KAZHAKKOOTTAM SECTION OF NH- 66(OLD NH-47) FROM KM. 517+250 TO KM.54,ROAD TRANSPORT AND HIGHWAYS,NHAI,KERALA,3635.64,39.2,22.4,Low,5 months past original date; pace is 6% of what the current date needs
N22000622,MODASA- SHAMLAJI NEW LINE ( MM OF AHMEDABAD-HIMMATNAGAR- UDAIPUR (299.2 KM)),RAILWAYS,WR,GUJARAT,261.68,58.0,22.3,Low,spend outruns works by 19pp
N22000555,"PENUKONDA-DHARMAVARAM, EXCL. DHARMAVARAM (41.5 KM)",RAILWAYS,SWR,ANDHRA PRADESH,307.66,60.0,22.2,Low,pace is 49% of what the current date needs
N24001482,KHAMMAM-DEVARAPALLE PKG I [4L ACCESS CONTROLLED (GREENFIELD) FROM THALLAMPADU VILLAGE TO SOMAVARAM,ROAD TRANSPORT AND HIGHWAYS,NHAI,TELANGANA,772.11,80.51,22.2,Low,"agency's own forecast is 40 months past its approved date; 8 months past original date; already past planned completion, no revised pace available"
N24001132,BHOGAN KHURD TO KASHEDI,ROAD TRANSPORT AND HIGHWAYS,MORTH,MAHARASHTRA,743.0,88.69,22.1,Low,agency's own forecast is 30 months past its approved date; 4.0y past original commissioning date; no physical progress for 9 consecutive reports
N24001928,CONSTRUCTION OF 2 LANE WITH PAVED SHOULDER NORTHERN BYPASS PHASE-II OF KOTA CITY FROM DESIGN CHAINAG,ROAD TRANSPORT AND HIGHWAYS,MORTH,RAJASTHAN,317.74,13.0,22.0,Low,"agency's own forecast is 8 months past its approved date; 2 months past original date; already past planned completion, no revised pace available"
N24002005,WIDENING TO TWO LANE WITH PAVED SHOULDERS OF 'BODHAN BASAR BHAINSA ' SECTION FROM KM 38/900 TO 95/3,ROAD TRANSPORT AND HIGHWAYS,MORTH,TELANGANA,644.45,93.6,22.0,Low,"3 months past original date; already past planned completion, no revised pace available"
N22000616,CHIRIMIRI-NAGPUR HALT,RAILWAYS,SECR,CHHATTISGARH,241.0,0.0,21.9,Low,no physical progress for 9 consecutive reports; pace is 0% of what the current date needs
220100284,KHURDA ROAD-BOLANGIR(NL)ECOR,RAILWAYS,ECOR,ODISHA,3791.66,86.0,21.8,Low,agency anticipates +34% over approved cost; spend outruns works by 44pp
N24001898,REHABILITATION AND UPGRADATION TO 2 LANE WITH PAVED SHOULDER FROM EXISTING CHAINAGE KM 30.000 TO K,ROAD TRANSPORT AND HIGHWAYS,BRO,JAMMU AND KASHMIR,272.49,87.24,21.8,Low,"7 months past original date; already past planned completion, no revised pace available"
N24002072,IMPROVEMENT OF EXISTING ALIGNMENT OF PANDHARPUR TOWN PART BYPASSED SECTION FROM WAKHARI TO LORD VITT,ROAD TRANSPORT AND HIGHWAYS,NHAI,MAHARASHTRA,150.21,6.0,21.8,Low,spend outruns works by 16pp
N24001647,BALANCE WORK OF PANIKOILI RIMULI SECTION OF NEW NH-20 FROM KM 0.00 TO KM. 163.000,ROAD TRANSPORT AND HIGHWAYS,NHAI,ODISHA,154.73,100.0,21.7,Low,"agency's own forecast is 40 months past its approved date; 3.3y past original commissioning date; already past planned completion, no revised pace available"
N24001852,6L OF AGRA BYPASS (NORTHERN) CONNECTING KM. 174.500 OF NH-2 (NEW NH-19) TO KM. 141.000 OF YAMUNA EXP,ROAD TRANSPORT AND HIGHWAYS,NHAI,UTTAR PRADESH,957.62,86.0,21.7,Low,"4 months past original date; no physical progress for 6 consecutive reports; already past planned completion, no revised pace available"
N16000379,NUMALIGARH REFINERY EXPANSION PROJECT 6 MMTPA REFINARY,PETROLEUM,NRL,ASSAM,12366.0,74.92,21.5,Low,agency's own forecast is 14 months past its approved date; agency anticipates +53% over approved cost; 8 months past original date
N21000033,500 BEDDED HOSPITAL INCLUDING 50 SUPERSPECIALITY BEDS FOR ESIC AT PUNE,HEALTH AND FAMILY WELFARE,CPWD,MAHARASHTRA,429.25,0.0,21.4,Low,no physical progress for 9 consecutive reports; pace is 0% of what the current date needs; spend outruns works by 23pp
N22000542,BAIYYAPPANAHALLI-HOSUR (48 KM),RAILWAYS,NCRTC,KARNATAKA,375.67,0.0,21.4,Low,no physical progress for 9 consecutive reports; pace is 0% of what the current date needs
N24001703,6 L OF AURANGABAD TO BIHAR- JHARKHAND BORDER (CHORDAHA) SECTION FROM KM. 180.000 TO KM. 209.827 OF N,ROAD TRANSPORT AND HIGHWAYS,NHAI,BIHAR,787.0,8.3,21.4,Low,"1 months past original date; already past planned completion, no revised pace available"
N24001840,CONSTRUCTION OF MANGALDOI BYPASS (NH-15) STARTING AT CH 26+400 AND TERMINATING AT CH 41+505 UNDER RA,ROAD TRANSPORT AND HIGHWAYS,MORTH,ASSAM,535.03,34.54,21.3,Low,"agency's own forecast is 11 months past its approved date; 2 months past original date; already past planned completion, no revised pace available"
N16000409,PETROCHEMICAL AND LUBE INTEGRATION PROJECT AT GUJARAT REFINERY,PETROLEUM,IOCL,GUJARAT,18936.0,82.5,21.3,Low,10 months past original date; pace is 28% of what the current date needs
N22000529,DOUBLING OF PRADHANKHUNTA JN - PATHERDIH BAZAR-BHOJUDIH,RAILWAYS,ECR,JHARKHAND,349.22,2.0,21.3,Low,no physical progress for 3 consecutive reports; pace is 3% of what the current date needs; spend outruns works by 20pp
N24002121,IMPROVEMENT AND UP-GRADATION TO TWO LANE WITH PAVED SHOULDER CONFIGURATION FROM EXISTING KM. 420.00,ROAD TRANSPORT AND HIGHWAYS,MORTH,UTTAR PRADESH,509.65,34.0,21.1,Low,agency's own forecast is 5 months past its approved date; pace is 11% of what the current date needs
N24001640,6L AMRITSAR BATHINDA GREENFIELD SECTION FROM VILLAGE TIBA ON NE 5A TO JN. WITH MOGA JALANDHAR ROAD N,ROAD TRANSPORT AND HIGHWAYS,NHAI,PUNJAB,1229.38,48.58,21.0,Low,"7 months past original date; already past planned completion, no revised pace available"
N24001837,6L JAKKUVA ? KORLAM SECTION OF NH-130CD ROAD FROM KM 396.800 TO KM 421.100 (PKG 2),ROAD TRANSPORT AND HIGHWAYS,NHAI,ANDHRA PRADESH,663.6,98.84,21.0,Low,agency's own forecast is 17 months past its approved date; agency anticipates +16% over approved cost; 15 months past original date
N22000618,MORAPPUR-DHARMAPURI,RAILWAYS,SR,TAMIL NADU,358.95,,20.9,Low,elevated risk on combined profile
N24000937,REHABILITATION AND UPGRADATION OF NEW NH-544DD FROM DESIGN CHAINAGE KM 56.00 TO 102.20 OF KALYANDURG,ROAD TRANSPORT AND HIGHWAYS,MORTH,ANDHRA PRADESH,290.0,98.5,20.8,Low,agency's own forecast is 75 months past its approved date; 6.8y past original commissioning date; no physical progress for 6 consecutive reports
N24002079,REHABILITATION AND UP GRADATION FROM 4 TO 8 LANING OF CHANDIKHOLE PARADIP SECTION OF NH 53 FROM KM,ROAD TRANSPORT AND HIGHWAYS,NHAI,ODISHA,742.25,55.1,20.7,Low,agency's own forecast is 3 months past its approved date; pace is 48% of what the current date needs
N24001849,4L PS MYDUKUR BADVEL FROM KM 585.820 TO KM 630.960 SECTION OF NH 67,ROAD TRANSPORT AND HIGHWAYS,NHAI,ANDHRA PRADESH,1063.72,82.1,20.5,Low,agency's own forecast is 2 months past its approved date; pace is 26% of what the current date needs
N04000093,"EXTENSION OF TERMINAL BUILDING, PTT, APRON AND CAR PARK AT SURAT AIRPORT.",CIVIL AVIATION,AAI,GUJARAT,353.25,100.0,20.5,Low,"4.3y past original commissioning date; no physical progress for 3 consecutive reports; already past planned completion, no revised pace available"
N24002232,IMPHAL-KOHIMA ROAD PKG-5A,ROAD TRANSPORT AND HIGHWAYS,NHIDCL,MANIPUR,228.97,10.13,20.5,Low,pace is 43% of what the current date needs
N24002004,REHABILITATION AND UPGRADATION OF LB-NAGAR TO MALKAPUR SECTION TO 6-LANE MAIN CARRIAGEWAY WITH SERVI,ROAD TRANSPORT AND HIGHWAYS,MORTH,TELANGANA,545.11,76.64,20.4,Low,"11 months past original date; already past planned completion, no revised pace available"
N24001626,6L ACCESS CONTROLLED GREENFIELD HIGHWAY OF NANDINNE VILLAGE TO JULEKAL VILLAGE FROM KM 202.900 TO KM,ROAD TRANSPORT AND HIGHWAYS,NHAI,TELANGANA,972.06,70.26,20.3,Low,"5 months past original date; already past planned completion, no revised pace available"
N24001416,DELHI-AMRITSAR-KATRA EXPRESSWAY FROM JUNCTION WITH LUDHIANA-MALERKOTLA ROAD (SH-11) NEAR BHOGIWAL VI,ROAD TRANSPORT AND HIGHWAYS,NHAI,PUNJAB,989.66,31.08,20.2,Low,"17 months past original date; no physical progress for 8 consecutive reports; already past planned completion, no revised pace available"
N04000098,DEVELOPMENT OF GWALIOR AIRPORT PHASE 01,CIVIL AVIATION,AAI,MADHYA PRADESH,455.0,100.0,20.1,Low,"22 months past original date; no physical progress for 9 consecutive reports; already past planned completion, no revised pace available"
N24002197,IMPROVEMENT TO TWO LANE WITH PAVED SHOULDER FROM JUNCTION OF NH-22 NEAR HAJIPUR TO JUNCTION OF NH-12,ROAD TRANSPORT AND HIGHWAYS,MORTH,BIHAR,226.15,20.0,20.1,Low,pace is 31% of what the current date needs
N24001702,CONSTRUCTION OF 4 LANE ELEVATED HIGHWAY AND AT-GRADE IMPROVEMENTS AT GOPALGANJ TOWN FROM DESIGN CH:,ROAD TRANSPORT AND HIGHWAYS,NHAI,BIHAR,185.0,99.78,20.0,Low,"agency's own forecast is 9 months past its approved date; 9 months past original date; already past planned completion, no revised pace available"
N06000186,TETARIAKHAR EXPANSION OCP,COAL,CCL,JHARKHAND,243.52,26.0,20.0,Low,"agency's own forecast is 48 months past its approved date; 2.3y past original commissioning date; already past planned completion, no revised pace available"
N24002041,DEVELOPMENT OF SIX-LANE ACCESS CONTROLLED HIGHWAY FROM ADHOYA MUSALMANA (AMBALA DISTRICT) TO SADOPUR,ROAD TRANSPORT AND HIGHWAYS,NHAI,HARYANA,1491.71,49.7,19.9,Low,"1 months past original date; no physical progress for 3 consecutive reports; already past planned completion, no revised pace available"
N22000628,EAST WEST METRO CORRIDOR KOLKATA,RAILWAYS,KOMRCL,WEST BENGAL,8575.0,0.0,19.9,Low,agency anticipates +22% over approved cost; 8.7y past original commissioning date; no physical progress for 9 consecutive reports
N24001754,SPUR OF MEERUT-GARH- MUKTESHWAR SECTION(NH-709A) CONNECTING NH-119 AND NH-58 BYPASSING MEERUT TOWN,ROAD TRANSPORT AND HIGHWAYS,NHAI,UTTAR PRADESH,953.79,71.02,19.9,Low,"8 months past original date; already past planned completion, no revised pace available"
N24002007,WIDENING TO TWO LANE WITH PAVED SHOULDERS FROM KM 0/000 TO KM 79/300 OF KALWAKURTHY - KOLLAPUR SECTI,ROAD TRANSPORT AND HIGHWAYS,MORTH,TELANGANA,886.69,67.94,19.9,Low,pace is 8% of what the current date needs
N24001258,CONSTRUCTION OF 2-LANE WITH PAVED SHOULDER OF KOHIMA- BYPASS ROAD FROM DSIGN KM32.0 TO KM43.454 [DES,ROAD TRANSPORT AND HIGHWAYS,NHIDCL,NAGALAND,202.36,32.67,19.8,Low,"agency's own forecast is 28 months past its approved date; 3.2y past original commissioning date; already past planned completion, no revised pace available"
N24001808,REHABILITATION AND UPGRADING FROM 2 L TO 4 L FROM BHANGBAR(NEAR RANITAL) TO KANGRA BYPASS SECTION OF,ROAD TRANSPORT AND HIGHWAYS,NHAI,HIMACHAL PRADESH,1442.47,96.61,19.8,Low,"6 months past original date; no physical progress for 3 consecutive reports; already past planned completion, no revised pace available"
N22000522,BAGHUAPAL FLY OVER (20 KM),RAILWAYS,ECOR,ODISHA,257.97,0.0,19.7,Low,no physical progress for 9 consecutive reports; pace is 0% of what the current date needs
N24001796,4L OF RAJURA-KORPANA-ADILABAD ROAD UPTO M.S. BORDER FROM KM 32.910 TO KM 89.090 OF NH-353B,ROAD TRANSPORT AND HIGHWAYS,NHAI,MAHARASHTRA,1013.33,62.01,19.5,Low,agency anticipates +10% over approved cost; 8 months past original date; no physical progress for 8 consecutive reports
N22000543,YESHVANTHPUR-CHANNASANDRA (21.7 KM),RAILWAYS,NCRTC,KARNATAKA,169.65,0.0,19.3,Low,no physical progress for 9 consecutive reports; pace is 0% of what the current date needs; spend outruns works by 42pp
N06000132,AMALGAMATED YEKONA-I YEKONA-II,COAL,WCL,MAHARASHTRA,727.28,86.0,19.3,Low,"3 months past original date; no physical progress for 9 consecutive reports; already past planned completion, no revised pace available"
N22000556,MALUGUR-PALASAMUDRAM (17.98 KM) (PB#29/NR/2022-23),RAILWAYS,SWR,ANDHRA PRADESH,342.41,12.0,19.3,Low,agency's own forecast is 12 months past its approved date; no physical progress for 9 consecutive reports; pace is 0% of what the current date needs
N18000324,RATLE HE PROJECT,POWER,NHPC,JAMMU AND KASHMIR,5281.94,23.57,19.1,Low,agency's own forecast is 30 months past its approved date; pace is 9% of what the current date needs
N24001594,ELEVATED CORRIDOR IN RANCHI CITY FROM KM 0.00 TO KM 3.260 OF NH-75 INCLUDING DOWN RAMP ON NH-23 FROM,ROAD TRANSPORT AND HIGHWAYS,NHAI,JHARKHAND,534.73,99.57,19.0,Low,"5 months past original date; already past planned completion, no revised pace available"
N24001658,SIX LANING OF RAMANATTUKARA JUNCTION TO START OF VALANCHERY BYPASS SECTION OF NH-66 (OLD NH- 17) FROM,ROAD TRANSPORT AND HIGHWAYS,NHAI,KERALA,4265.42,99.1,19.0,Low,"agency anticipates +11% over approved cost; 11 months past original date; already past planned completion, no revised pace available"
N28000146,CONSTRUCTION OF TWO NOS GIRLS HOSTELS AND ONE NO BOYS HOSTEL OF 500 CAPACITY EACH G PLUS 8 STOREYED,DEPARTMENT OF HIGHER EDUCATION,CPWD EDUCATION,WEST BENGAL,193.83,99.0,18.8,Low,"agency's own forecast is 45 months past its approved date; 5.0y past original commissioning date; already past planned completion, no revised pace available"
N24001637,DEVELOPMENT OF 6 LANE JALANDHAR BYPASS FROM KAHLWAN NATIONAL HIGHWAY 03 DESIGN KM 0.00 ENDING AT K,ROAD TRANSPORT AND HIGHWAYS,NHAI,PUNJAB,1754.84,40.01,18.8,Low,"5 months past original date; already past planned completion, no revised pace available; spend outruns works by 25pp"
N24002149,DAVUALAPALLY TO MALLAPALEM SECTION {DESIGN CH. KM 133+922 TO KM 154+216 (EXISTING CH. KM 133+922 TO,ROAD TRANSPORT AND HIGHWAYS,MORTH,ANDHRA PRADESH,393.61,,18.8,Low,"agency's own forecast is 24 months past its approved date; 16 months past original date; already past planned completion, no revised pace available"
N18000396,ADDITIONAL TRANSMISSION SYSTEM FOR EVACUATION OF POWER FROM BHADLA-III PS AS PART OF RAJASTHAN REZ P,POWER,PGCIL,RAJASTHAN,369.0,3.8,18.8,Low,pace is 7% of what the current date needs
060100093,GEVRA EXPANSION OCP (SECL) (35-70) MTY,COAL,SECL,CHHATTISGARH,11816.4,77.2,18.8,Low,2.3y past original commissioning date; no physical progress for 3 consecutive reports; pace is 0% of what the current date needs
N24002076,6L AMRITSAR-BATHINDA GREENFIELD SECTION FROM JN. WITH BHAGTA BHAI KA-BHADAUR ROAD NEAR DYALPURA BHAI,ROAD TRANSPORT AND HIGHWAYS,NHAI,PUNJAB,2029.0,47.0,18.7,Low,elevated risk on combined profile
N18000295,GUJARAT 200 MW (GUVNL TENDER),POWER,NTPC,GUJARAT,1049.61,66.0,18.7,Low,2.9y past original commissioning date
N21000029,"CONSTRUCTION OF AIIMS AT JAMMU VIJAYPUR, SAMBA JAMMU AND KASHMIR",HEALTH AND FAMILY WELFARE,CPWD FOR HEALTH,JAMMU AND KASHMIR,1642.0,100.0,18.7,Low,"21 months past original date; already past planned completion, no revised pace available; date already moved 4x in 10 months"
N24001419,DELHI-AMRITSAR-KATRA EXPRESSWAY (PHASE-I PKG-XI) FROM JUNCTION WITH JALANDHAR - KAPURTHALA ROAD (NH-,ROAD TRANSPORT AND HIGHWAYS,NHAI,PUNJAB,1269.96,43.45,18.6,Low,"14 months past original date; no physical progress for 8 consecutive reports; already past planned completion, no revised pace available"
N24001466,WIDENING TO EXISTING SINGLE LANE /INTERMEDIATE LANE TO 2 LANE FROM KM185.00 TO KM 220.00 OF NH- 61 (N,ROAD TRANSPORT AND HIGHWAYS,MORTH,NAGALAND,297.24,80.31,18.6,Low,11 months past original date; date already moved 2x in 10 months
N24001954,WIDENING TO 2LPS OF RAMPACHODAVARAM - KOYYURU SECTION OF NH516E FROM KM.43.700 TO KM 113.820,ROAD TRANSPORT AND HIGHWAYS,MORTH,ANDHRA PRADESH,568.12,91.05,18.6,Low,"5 months past original date; already past planned completion, no revised pace available"
N24001550,DELHI-AMRITSAR-KATRA EXPRESSWAY (PHASE-II PKG-XVI) EXISTING JAKH (VIJAYPUR)-KUNJWANI SECTION OF NH-4,ROAD TRANSPORT AND HIGHWAYS,NHAI,JAMMU AND KASHMIR,1917.32,83.71,18.5,Low,9 months past original date
N22000604,DOUBLING BETWEEN BHIWANI-DOBH BAHALI,RAILWAYS,NWR,HARYANA,471.06,55.0,18.3,Low,elevated risk on combined profile
N24000909,JALANDHAR-HOSHIARPUR SECTION OF NH-70 [NEW NH NO. 3] FROM EXISTING KM 11.400 TO KM 49.200,ROAD TRANSPORT AND HIGHWAYS,MORTH,PUNJAB,1069.59,44.0,18.2,Low,"agency's own forecast is 74 months past its approved date; 5.7y past original commissioning date; already past planned completion, no revised pace available"
N24001999,CONSTRUCTION OF REALIGNMENT BETWEEN PANDRASS- PASHKYUN (TOTAL LENGTH 27.10 KM) ON ROAD ZOZILA-KARGIL,ROAD TRANSPORT AND HIGHWAYS,BRO,LADAKH,426.14,37.0,18.2,Low,"no physical progress for 7 consecutive reports; already past planned completion, no revised pace available"
N24001968,CONSTRUCTION OF STRR (WEST SIDE)-NH948A-BALAGONDAPALLI (TAMIL NADU) TO KARNATAKA/TAMIL NADU BORDER F,ROAD TRANSPORT AND HIGHWAYS,NHAI,TAMIL NADU,1260.74,44.95,18.2,Low,"1 months past original date; no physical progress for 6 consecutive reports; already past planned completion, no revised pace available"
N04000080,CONSTRUCTION OF ATC TOWER AND TECHNICAL BLOCK AT NSCBI AIRPORT KOLKATA,CIVIL AVIATION,AAI,WEST BENGAL,458.0,100.0,18.1,Low,"5.3y past original commissioning date; no physical progress for 9 consecutive reports; already past planned completion, no revised pace available"
N24001794,SANCHORE - SANTALPUR FROM KM 99.000- KM 130.073 OF NH-754K (AJ- RGBS-PACKAGE-4),ROAD TRANSPORT AND HIGHWAYS,NHAI,GUJARAT,778.15,99.7,18.1,Low,"2.3y past original commissioning date; no physical progress for 6 consecutive reports; already past planned completion, no revised pace available"
N22000525,SURFACE TRIANGLE LINE BETWEEN BHADURA STATION AND NEW CROSSING STN KARMA DOUBLING,RAILWAYS,ECR,UTTAR PRADESH,199.96,0.0,18.1,Low,no physical progress for 9 consecutive reports; pace is 0% of what the current date needs; spend outruns works by 28pp
N24002244,IMPHAL - KHONGSANG - JIRIBAM PKG- 2,ROAD TRANSPORT AND HIGHWAYS,NHIDCL,MANIPUR,195.14,11.53,18.1,Low,pace is 44% of what the current date needs
N24000665,TWO-LANNING WITH PAVED SHOULDER OF MAHSHKUNT-SAHARSA- PURNEA SECTION FROM EXISTING KM.89.020 (DESIGN,ROAD TRANSPORT AND HIGHWAYS,NHAI,BIHAR,893.92,86.71,18.0,Low,5.3y past original commissioning date
N30000024,SEWERAGE SCHEME INTERCEPTION AND DIVERSION WITH STP WORKS AT MEERUT UTTAR PRADESH,WATER RESOURCES,UPJALNIGAM,UTTAR PRADESH,681.78,27.0,18.0,Low,"agency's own forecast is 42 months past its approved date; 3.0y past original commissioning date; already past planned completion, no revised pace available"
N24001395,KHELLANI-KHANABAL PKG-4,ROAD TRANSPORT AND HIGHWAYS,NHIDCL,JAMMU AND KASHMIR,859.67,44.02,18.0,Low,agency's own forecast is 6 months past its approved date; 22 months past original date; no physical progress for 3 consecutive reports
N18000351,EASTERN REGION EXPANSION SCHEME XXIX,POWER,PGCIL,ODISHA,524.04,99.8,18.0,Low,elevated risk on combined profile
N24001959,4 LANE FROM KM 56.400 TO KM 120.300 FROM B.KOTHAPALLI JUNCTION TO GORANTLA OF NH 716G,ROAD TRANSPORT AND HIGHWAYS,MORTH,ANDHRA PRADESH,839.98,,17.9,Low,elevated risk on combined profile
N40000002,INDIA INTERNATIONAL CONVENTION AND EXPO CENTRE,DPIIT,IICC FOR DPIIT,DELHI,4773.0,100.0,17.9,Low,agency's own forecast is 52 months past its approved date; agency anticipates +13% over approved cost; 5.5y past original commissioning date
N24000560,NAGPUR RING ROAD PACKAGE-2,ROAD TRANSPORT AND HIGHWAYS,NHAI,MAHARASHTRA,591.66,100.0,17.8,Low,"agency's own forecast is 15 months past its approved date; 5.9y past original commissioning date; already past planned completion, no revised pace available"
N22000564,BHANDAI - FLYOVER FOR ETAWAH BOUND DOWN TRAINS,RAILWAYS,NCR,UTTAR PRADESH,187.21,8.0,17.7,Low,agency's own forecast is 3 months past its approved date; agency anticipates +34% over approved cost; no physical progress for 5 consecutive reports
N18000319,DAYAPAR WIND ENERGY PROJECT 150MW,POWER,NTPC,GUJARAT,937.8,100.0,17.7,Low,2.1y past original commissioning date; date already moved 2x in 10 months
N24001420,DELHI-AMRITSAR-KATRA EXPRESSWAY (PHASE-I PKG-XII) FROM JUNCTION WITH AMRITSAR-MEHTA- SRIHARGOBINDPUR-,ROAD TRANSPORT AND HIGHWAYS,NHAI,PUNJAB,853.66,20.65,17.6,Low,14 months past original date; pace is 8% of what the current date needs
N26000118,OPTICAL TRANSPORT NETWORK (OTN) PH-4 IN BSNL,TELECOMMUNICATIONS,BSNL,MULTI STATE,810.99,100.0,17.5,Low,elevated risk on combined profile
N24001955,GUDIWADA TOWN 2 LANE ROB AND ROAD IMPROVEMENT OF NH165 IN REPLACEMENT OF LC NO 3ESPL3 AT KM 231.700,ROAD TRANSPORT AND HIGHWAYS,MORTH,ANDHRA PRADESH,317.22,80.0,17.2,Low,"1 months past original date; no physical progress for 3 consecutive reports; already past planned completion, no revised pace available"
N24002051,CONSTRUCTION OF NEW 2 LANE WITH PAVED SHOULDER OF HAMIRPUR BYPASS (PACKAGE IVA) OF NH-88 (NEW NH-103,ROAD TRANSPORT AND HIGHWAYS,NHAI,HIMACHAL PRADESH,739.39,81.53,17.2,Low,elevated risk on combined profile
N26000115,SUPER EDGE ROUTERS FOR BSNL INTERNET PROTOCOL - MULTI PROTOCOL LEBEL SWITCHING (IPMPLS) NETWORK AND,TELECOMMUNICATIONS,BSNL,MULTI STATE,239.6,100.0,17.1,Low,agency's own forecast is 8 months past its approved date; 15 months past original date; no physical progress for 9 consecutive reports
N06000169,CHITRA EAST (RCE) OCP,COAL,ECL,JHARKHAND,513.98,51.0,17.0,Low,no physical progress for 9 consecutive reports; pace is 0% of what the current date needs
N16000411,AUGUMENTATION OF SALAYA MATHURA CRUDE OIL PIPELINE SYSTEM,PETROLEUM,IOCL,GUJARAT,1614.0,100.0,16.9,Low,"22 months past original date; already past planned completion, no revised pace available"
N24002102,DELHI-AMRITSAR-KATRA EXPRESSWAY (PHASE-I SPUR-I) FROM JN. WITH KAPURTHALA - SULTANPUR LODHI ROAD (NH,ROAD TRANSPORT AND HIGHWAYS,NHAI,PUNJAB,2165.23,20.5,16.8,Low,agency's own forecast is 12 months past its approved date; pace is 9% of what the current date needs
N04000107,JAMMU - CONSTRUCTION OF NEW CIVIL ENCLAVE,CIVIL AVIATION,AAI,JAMMU AND KASHMIR,861.37,30.25,16.8,Low,pace is 36% of what the current date needs
N24002008,WIDENING TO 2 LANE WITH PAVED SHOULDERS OF SIDDIPET- ELKATHURTHY SECTION FROM KM 69/978 TO KM 133/6,ROAD TRANSPORT AND HIGHWAYS,MORTH,TELANGANA,578.85,82.05,16.8,Low,"6 months past original date; already past planned completion, no revised pace available"
N24000765,CONSTRUCTION OF TWO LANE WITH HARD SHOULDERS OF MERANGKONG- TAMLU-MON ROAD FROM EXISTING KM 60.345 TO,ROAD TRANSPORT AND HIGHWAYS,NHIDCL,NAGALAND,323.98,60.11,16.7,Low,"agency's own forecast is 27 months past its approved date; 6.7y past original commissioning date; already past planned completion, no revised pace available"
N28000140,"C/O PERMANENT CAMPUS OF IIT PALAKKAD PHASE IA AT PUDESSERY VILLAGE,KANJIKODE WEST, DISTRICT PALAKKA",DEPARTMENT OF HIGHER EDUCATION,CPWD EDUCATION,KERALA,753.63,67.0,16.6,Low,"agency's own forecast is 56 months past its approved date; 4.3y past original commissioning date; already past planned completion, no revised pace available"
N24002046,CONSTRUCTION OF 6 LANE DURG RAIPUR ARANG BYPASS PKG 2 SECTION OF NH 53 FROM CH 44+500 TO CH.92+230 I,ROAD TRANSPORT AND HIGHWAYS,NHAI,CHHATTISGARH,1959.0,40.88,16.6,Low,"1 months past original date; already past planned completion, no revised pace available"
N24002057,FOUR LANING OF MEHGAMA HANSDIHA SECTION OF NH-33 FROM EXISTING KM 41.900 TO 93.000 IN THE STATE OF J,ROAD TRANSPORT AND HIGHWAYS,NHAI,JHARKHAND,1443.77,0.0,16.6,Low,"1 months past original date; no physical progress for 9 consecutive reports; already past planned completion, no revised pace available"
N06000165,SIDULI MINE (OC AND UG),COAL,ECL,WEST BENGAL,535.18,14.0,16.6,Low,no physical progress for 6 consecutive reports; pace is 2% of what the current date needs
N28000105,REDEVELOPMENT OF GPRA COLONY AT NAUROJI NAGAR,URBAN DEVELOPMENT,NBCC,DELHI,2694.0,98.0,16.5,Low,elevated risk on combined profile
N24001654,SIX LANING OF START OF KOLLAM BYPASS (KM.486+000) KADAMBATTUKONAM (KM.517+250) SECTION OF NEW NH-66,ROAD TRANSPORT AND HIGHWAYS,NHAI,KERALA,2641.37,76.9,16.5,Low,3 months past original date; date already moved 2x in 10 months
N24002103,COMPLETION OF BALANCE WORKS PENDING IN BIT AND PIECES (INCOMPLETE STRETCH AT 7 LOCATIONS) AND LISTED,ROAD TRANSPORT AND HIGHWAYS,NHAI,ANDHRA PRADESH,166.52,98.0,16.5,Low,"agency's own forecast is 5 months past its approved date; 5 months past original date; already past planned completion, no revised pace available"
N24001983,4 LANING FROM EXISTING KM 39.380 (DESIGN CH. 37.000) TO KM 74.450 (DESIGN CH. 69.000) OF MUCHUKOTA ?,ROAD TRANSPORT AND HIGHWAYS,NHAI,ANDHRA PRADESH,972.63,54.96,16.4,Low,agency anticipates +8% over approved cost; pace is 9% of what the current date needs
N16000275,DURGAPUR-HALDIA PIPELINE PROJECT,PETROLEUM,GAIL,WEST BENGAL,2433.15,90.0,16.4,Low,4.5y past original commissioning date; pace is 20% of what the current date needs; date already moved 2x in 10 months
N10000014,25.5 MW WIND POWER PROJECT AT KAYATHAR IN TAMILNADU,MINES,NALCO,TAMIL NADU,163.17,65.0,16.2,Low,6.0y past original commissioning date; no physical progress for 9 consecutive reports; pace is 0% of what the current date needs
N24002052,REHABILITATION AND UP-GRADATION OF EXISTING ROAD TO 2L PS FROM END OF HAMIRPUR BYPASS (NEAR CHILBAHA,ROAD TRANSPORT AND HIGHWAYS,NHAI,HIMACHAL PRADESH,1146.19,71.23,16.2,Low,"2 months past original date; already past planned completion, no revised pace available"
N22000510,PURULIA TO KOTSHILA DOUBLING (39.1 KM),RAILWAYS,SER,WEST BENGAL,393.83,100.0,16.1,Low,"agency's own forecast is 3 months past its approved date; 6 months past original date; already past planned completion, no revised pace available"
N24001841,6L ACCESS CONTROLLED GREENFIELD HIGHWAY FROM KODUR 0.000 KMS TO VANAVOLU 24.300 KMS OF NH 544G PACKA,ROAD TRANSPORT AND HIGHWAYS,NHAI,ANDHRA PRADESH,912.94,59.65,16.1,Low,agency's own forecast is 5 months past its approved date; pace is 28% of what the current date needs
N22000535,RAJKOT-KANALUS (111.20 KM),RAILWAYS,WR,GUJARAT,1080.58,72.0,15.9,Low,date already moved 3x in 10 months
N24001820,6L OF VARADHARAJULA TO KUMARAJAPET FROM KM 0.000 TO KM 43.800 OF NH-716B (PKG-I),ROAD TRANSPORT AND HIGHWAYS,NHAI,ANDHRA PRADESH,1484.83,93.29,15.6,Low,"agency anticipates +19% over approved cost; 6 months past original date; already past planned completion, no revised pace available"
N22000551,NEW BG LINE INTERSECTION (5 NOS) BETWEEN GERATPUR-SANAND AND BOTAD-AHMEDABAD (16.51 KM) (PB29/NR/20,RAILWAYS,WR,GUJARAT,437.21,9.0,15.5,Low,pace is 31% of what the current date needs; date already moved 2x in 10 months
N24001935,4 LANE WITH PAVED SHOULDER FROM KM 0.000 TO KM 51.119 OF TADIPATRI TO MUDDANUR OF NH67,ROAD TRANSPORT AND HIGHWAYS,MORTH,ANDHRA PRADESH,724.17,,15.5,Low,elevated risk on combined profile
N22000631,SITARAMPUR BYE - PASS LINE (6.59 KM),RAILWAYS,ER,WEST BENGAL,461.64,0.0,15.4,Low,no physical progress for 6 consecutive reports; pace is 0% of what the current date needs
N24000187,4-LANNING OF CHAPRA-HAJIPUR,ROAD TRANSPORT AND HIGHWAYS,NHAI,BIHAR,575.0,89.81,15.4,Low,11.9y past original commissioning date; no physical progress for 3 consecutive reports; pace is 24% of what the current date needs
N24001607,BALANCE WORKS OF 4L PANVEL- INDAPUR SECTION OF NH-66 (OLD NH- 17) FROM KM 42.300 (KASU) TO KM 84.600 (,ROAD TRANSPORT AND HIGHWAYS,NHAI,MAHARASHTRA,332.0,74.75,15.4,Low,13 months past original date
N24002111,FOUR LANING OF MUGAIYUR TO MARAKKANAM SECTION OF NH-332A FROM KM 31.000 TO KM 62.000,ROAD TRANSPORT AND HIGHWAYS,NHAI,TAMIL NADU,1116.13,40.55,15.4,Low,pace is 36% of what the current date needs
N24001809,CONVERSION OF PARTIALLY EXCAVATED ESCAPE TUNNEL TO UNIDIRECTIONAL TWO LANE TUNNEL (INCLUDING CONSTRU,ROAD TRANSPORT AND HIGHWAYS,NHAI,HIMACHAL PRADESH,469.95,98.57,15.3,Low,"15 months past original date; already past planned completion, no revised pace available"
N04000110,PAKYONG AIRPORT- WIDENING OF BASIC STRIP AT WESTERN SIDE OF RUNWAY CHAINAGE 80M TO 920M I/C SLOPE ST,CIVIL AVIATION,AAI,SIKKIM,323.26,12.5,15.3,Low,pace is 13% of what the current date needs
N16000388,SRIKAKULAM ANGUL PIPELINE PROJECT,PETROLEUM,GAIL,MULTI STATE,2658.34,94.6,15.3,Low,2.9y past original commissioning date; pace is 36% of what the current date needs; date already moved 2x in 10 months
N22000550,NEW BG LINE BETWEEN NALIYA- JAKHAU PORT,RAILWAYS,WR,GUJARAT,410.46,2.0,15.2,Low,no physical progress for 8 consecutive reports; pace is 2% of what the current date needs
N24001442,CONSTRUCTION OF 2-LANE WITH PAVED SHOULDER GANGTOK BYPASS ROAD FROM RANIPOOL TO BURTUK (L=23.316KM),ROAD TRANSPORT AND HIGHWAYS,MORTH,SIKKIM,385.15,83.3,15.2,Low,13 months past original date; pace is 43% of what the current date needs; date already moved 2x in 10 months
N24002060,DELHI AMRITSAR KATRA EXPRESSWAY (PHASE-II PKG XVIII) DEVELOPMENT AND UPGRADATION OF FOUR LANE ACCESS,ROAD TRANSPORT AND HIGHWAYS,NHAI,JAMMU AND KASHMIR,1107.0,38.81,15.1,Low,agency's own forecast is 4 months past its approved date; pace is 21% of what the current date needs
N28000058,BANGALORE METRO RAIL PROJECT PHASE-2,URBAN DEVELOPMENT,BMRCL,KARNATAKA,26405.14,,15.1,Low,"agency's own forecast is 49 months past its approved date; 4.3y past original commissioning date; already past planned completion, no revised pace available"
N24001985,BANGALORE CHENNAI EXPRESSWAY (PHASE-II PKG-II) FROM KM.96.000 TO KM 127.000 (BAIREDDYPALLE TO BANGAR,ROAD TRANSPORT AND HIGHWAYS,NHAI,ANDHRA PRADESH,2171.0,64.5,15.0,Low,"already past planned completion, no revised pace available; spend outruns works by 16pp"
N24000779,RECONSTRUCTION WITH GEOMETRIC IMPROVEMENT OF EXISTING SINGLE/INTERMEDIATE LANE TO 2 LANE WITH EAR,ROAD TRANSPORT AND HIGHWAYS,MORTH,UTTARAKHAND,418.88,94.0,14.9,Low,"5.3y past original commissioning date; no physical progress for 9 consecutive reports; already past planned completion, no revised pace available"
N16000285,KOCHI-KOOTTANAD-BANGALORE- MANGALORE PIPELINE PHASE-II,PETROLEUM,GAIL,MULTI STATE,5909.0,94.2,14.9,Low,12.5y past original commissioning date; pace is 36% of what the current date needs; date already moved 2x in 10 months
N42000002,"CONSTRUCTION OF PERMANENT CAMPUS FOR NATIONAL INSTITUTE OF TECHNOLOGY GOA AT CUNCOLIM, GOA.",DEPARTMENT OF HIGHER EDUCATION,CPWD EDUCATION,GOA,303.9,99.3,14.8,Low,agency's own forecast is 40 months past its approved date; agency anticipates +28% over approved cost; 3.8y past original commissioning date
N24001525,6L ACCESS-CONTROLLED HIGHWAY OF DAAT KALI TUNNEL - DEHRADUN OF GANESHPUR ? DEHRADUN SECTION FROM KM.,ROAD TRANSPORT AND HIGHWAYS,NHAI,UTTARAKHAND,169.08,99.99,14.8,Low,"15 months past original date; no physical progress for 4 consecutive reports; already past planned completion, no revised pace available"
N24001439,MARAM - PEREN PKG-3,ROAD TRANSPORT AND HIGHWAYS,NHIDCL,MANIPUR,467.41,100.0,14.7,Low,agency's own forecast is 4 months past its approved date; 2.1y past original commissioning date; no physical progress for 3 consecutive reports
N24000781,CONSTRUCTION OF KUND BYPASS FROM EXISTING KM 33+130 TO KM 41+260 (EXISTING LENGTH: 8.130 KM); DESIGN,ROAD TRANSPORT AND HIGHWAYS,MORTH,UTTARAKHAND,248.0,67.0,14.7,Low,"5.1y past original commissioning date; already past planned completion, no revised pace available"
N18000353,ER WR TRANSMISSION LIMITED,POWER,PGCIL,MULTI STATE,281.16,100.0,14.5,Low,"agency's own forecast is 3 months past its approved date; 3 months past original date; already past planned completion, no revised pace available"
N24001338,CONSTRUCTION OF 2-LANE WITH PAVED SHOULDER OF NEW GREEN FIELD ALIGNMENT FROM CHOCHENPHERI AT KM 52.0,ROAD TRANSPORT AND HIGHWAYS,NHIDCL,SIKKIM,786.6,45.9,14.5,Low,"agency's own forecast is 18 months past its approved date; 18 months past original date; already past planned completion, no revised pace available"
N24002000,WIDENING AND STRENGTHENING OF EXISTING 2 LANE WITH PAVED SHOULDER TO 4 LANE WITH PAVED SHOULDER FRO,ROAD TRANSPORT AND HIGHWAYS,MORTH,TELANGANA,317.19,72.0,14.4,Low,"11 months past original date; already past planned completion, no revised pace available"
N18000343,SYSTEM STRENGTHENING SCHEME FOR EASTERN AND NORTH EASTERN REGION,POWER,PGCIL,MULTI STATE,307.87,100.0,14.4,Low,elevated risk on combined profile
N24001818,6L OF PONDAVAKKAM TO KANNIGAIPAIR FROM KM 96.040 TO KM 116.100 OF NH 716B (PKG-IV),ROAD TRANSPORT AND HIGHWAYS,NHAI,ANDHRA PRADESH,818.73,25.32,14.3,Low,"agency anticipates +35% over approved cost; 5 months past original date; already past planned completion, no revised pace available"
N24002091,6L ACCESS CONTROLLED LUDHIANA- BATHINDA GREENFIELD HIGHWAY FROM JN. WITH AMRITSAR-BATHANDA GREENFIELD,ROAD TRANSPORT AND HIGHWAYS,NHAI,PUNJAB,906.51,54.0,14.0,Low,pace is 49% of what the current date needs; date already moved 2x in 10 months
N24002040,DEVELOPMENT OF SIX-LANE ACCESS CONTROLLED HIGHWAY FROM RANIPUR BARSI (SAHARANPUR DISTRICT) TO ADHOYA,ROAD TRANSPORT AND HIGHWAYS,NHAI,HARYANA,1554.21,54.0,14.0,Low,"agency's own forecast is 36 months past its approved date; 1 months past original date; already past planned completion, no revised pace available"
N24000852,"FOUR LANING OF SOLAN-KAITHLIGHAT SECTION OF NH-22 (NOW NH-5) FROM KM 106.139 TO KM 129.050, ON EPC M",ROAD TRANSPORT AND HIGHWAYS,NHAI,HIMACHAL PRADESH,478.74,83.0,14.0,Low,agency anticipates +216% over approved cost; 4.1y past original commissioning date; no physical progress for 9 consecutive reports
N16000432,HP CRUDE TO OLEFINS AND AROMATICS TECHNOLOGY DEMO UNIT AT VISAKH REFINERY,PETROLEUM,HPCL,ANDHRA PRADESH,220.0,59.4,13.9,Low,12 months past original date; pace is 37% of what the current date needs
N24002240,"IMPROVEMENT AND UP-GRADATION OF NH-227B (84 KOSI PARIKRAMA MARG) PACKAGE ?I, FROM KM 228.920 (JAGARN",ROAD TRANSPORT AND HIGHWAYS,MORTH,UTTAR PRADESH,912.5,1.0,13.9,Low,pace is 17% of what the current date needs; spend outruns works by 42pp
N22000606,DOUBLING BETWEEN REWARI- KATHUWAS (27.73 KM),RAILWAYS,NWR,HARYANA,352.41,53.0,13.9,Low,elevated risk on combined profile
N06000238,CHANDRAGUPT OCP,COAL,CCL,JHARKHAND,973.5,12.4,13.8,Low,no physical progress for 9 consecutive reports; pace is 0% of what the current date needs; spend outruns works by 33pp
N24001726,4L SPUR OF SHAMLI-MUZZAFARNAGAR CONNECTING NH-709AD (PANIPAT- SHAMLI-MUZAFFARNAGAR) AND NH-58 (MEERUT,ROAD TRANSPORT AND HIGHWAYS,NHAI,UTTAR PRADESH,391.26,80.3,13.8,Low,"10 months past original date; no physical progress for 3 consecutive reports; already past planned completion, no revised pace available"
N24001679,6L FROM BELGAUM TO SANKESHWAR BYPASS FROM KM 515.000 TO KM 555.017 OF NH 48,ROAD TRANSPORT AND HIGHWAYS,NHAI,KARNATAKA,1479.3,83.98,13.6,Low,2 months past original date; pace is 47% of what the current date needs
N22000532,4TH LINE BETWEEN BAREJADI NANDEJ (GERATPUR)- SANAND (38.20 KM) (AHMEDABAD BYPASS).,RAILWAYS,WR,GUJARAT,961.67,16.0,13.6,Low,pace is 40% of what the current date needs
N16000470,DAMAN UPSIDE DEVELOPMENT PROJECT (DUDP) IN TAPTI DAMAN BLOCK,PETROLEUM,ONGC,MAHARASHTRA,6406.9,80.5,13.6,Low,agency's own forecast is 4 months past its approved date
N22000351,KATNI - SINGRAULI DOUBLING PROJECT,RAILWAYS,WCR,MADHYA PRADESH,2445.3,92.0,13.5,Low,agency anticipates +78% over approved cost; spend outruns works by 36pp
N24001553,4L MEDINIPUR TO BALLUPUR FROM KM. 458.65 TO KM. 487.65 OF NH- 07(PKG-2),ROAD TRANSPORT AND HIGHWAYS,NHAI,UTTARAKHAND,1092.9,89.25,13.5,Low,4 months past original date; date already moved 2x in 10 months
N16000412,CAPACITY EXPANSION OF PANIPAT REFINERY FROM 15 TO 25 MMTPA,PETROLEUM,IOCL,HARYANA,38231.0,87.6,13.5,Low,9 months past original date
N22000520,GANDHAMARDAN IRON ORE MINES TO GOALDIH STATION,RAILWAYS,ECOR,ODISHA,189.93,0.0,13.5,Low,agency's own forecast is 6 months past its approved date; no physical progress for 9 consecutive reports; pace is 0% of what the current date needs
N24001762,INDORE - HARDA (PKG-III) [NANASA TO PIDGAON SECTION FROM KM 95.000 TO KM 142.445],ROAD TRANSPORT AND HIGHWAYS,NHAI,MADHYA PRADESH,1146.22,91.4,13.5,Low,17 months past original date
N30000014,CONSTRUCTION OF 564 MLD 124 MGD WASTE WATER TREATMENT PLANT WITH EFFLUENT STANDARDS OF BOD ? 10MG/L,WATER RESOURCES,DJB,DELHI,665.78,100.0,13.4,Low,"agency's own forecast is 27 months past its approved date; 2.5y past original commissioning date; already past planned completion, no revised pace available"
N18000367,BADAM COAL MINING PROJECT,POWER,NTPC,JHARKHAND,784.39,59.79,13.4,Low,8 months past original date; no physical progress for 4 consecutive reports
N24002011,BALANCE WORK OF CONSTRUCTION OF TWO/FOUR LANE WITH PAVED SHOULDER FROM KM 422.000 TO 523.600 ( CHITR,ROAD TRANSPORT AND HIGHWAYS,MORTH,KARNATAKA,516.96,75.0,13.3,Low,"12 months past original date; already past planned completion, no revised pace available"
N28000098,ESTABLISHMENT OF NATIONAL ANIMAL RESOURCE FACILITY FOR BIOMEDICAL RESEARCH AT HYDERABAD,HEALTH AND FAMILY WELFARE,CPWD FOR HEALTH,TELANGANA,281.05,98.5,13.3,Low,"5.3y past original commissioning date; no physical progress for 3 consecutive reports; already past planned completion, no revised pace available"
N24001709,BAKHTIYARPUR RAJAULI PKG-II FROM KM 54.405 TO KM 101.630 NH20,ROAD TRANSPORT AND HIGHWAYS,NHAI,BIHAR,897.45,97.85,13.2,Low,agency anticipates +21% over approved cost; 2.2y past original commissioning date; no physical progress for 9 consecutive reports
N24002080,REHABILITATION AND UP GRADATION FROM 4 TO 8 LANING OF CHANDIKHOLE PARADIP SECTION OF NH 53 FROM KM,ROAD TRANSPORT AND HIGHWAYS,NHAI,ODISHA,762.75,60.7,13.2,Low,agency's own forecast is 3 months past its approved date
N16000504,CONSTRUCTION OF ADDITIONAL TANKAGES AND ALLIED FACILITIES AT JNPT TERMINAL,PETROLEUM,IOCL,MAHARASHTRA,436.14,49.5,13.2,Low,8 months past original date
N24001427,CONSTRUCTION OF ROB WITH APPROACHES IN LIEU OF L C NO 165 OF AHMEDABAD PALANPUR BETWEEN RAILWAY STAT,ROAD TRANSPORT AND HIGHWAYS,MORTH,GUJARAT,166.21,93.0,13.2,Low,"2.2y past original commissioning date; no physical progress for 9 consecutive reports; already past planned completion, no revised pace available"
N10000010,5TH STREAM ALUMINA REFINERY EXPANSION PROJECT,MINES,NALCO,ODISHA,5677.4,74.52,13.2,Low,4.2y past original commissioning date; pace is 35% of what the current date needs
N18000405,TRANSMISSION SYSTEM FOR EVACUATION OF POWER FROM POTENTIAL RENEWABLE ENERGY ZONE IN KHAVDA AREA OF G,POWER,PGCIL,GUJARAT,24819.0,1.0,13.1,Low,no physical progress for 3 consecutive reports; pace is 6% of what the current date needs
N06000167,INTEGRATED LAKHANPUR-BELPAHAR- LILARI OCP,COAL,MCL,ODISHA,2434.75,61.49,13.0,Low,pace is 46% of what the current date needs
N42000010,ADDITIONAL INFRASTRUCTURE AT IISC BANGALORE SH RCC MONOLITHIC FOR MEN WOMEN HOSTEL,DEPARTMENT OF HIGHER EDUCATION,CPWD,KARNATAKA,316.25,91.0,13.0,Low,"16 months past original date; no physical progress for 8 consecutive reports; already past planned completion, no revised pace available"
N24001465,WIDENING OF EXISTING SINGLE LANE / INTERMEDIATE LANE ROAD TO 2 LANE FROM KM 101 TO KM 125 OF NH 61 I,ROAD TRANSPORT AND HIGHWAYS,MORTH,NAGALAND,252.19,20.27,12.9,Low,9 months past original date; pace is 22% of what the current date needs
N24000979,TWO-LANING OF HAYULIANG? HAWAI BYPASS ROAD ON EPC BASIS FROM DESIGN KM. 51.825 TO KM. 63.131 EXISTI,ROAD TRANSPORT AND HIGHWAYS,NHIDCL,ARUNACHAL PRADESH,256.66,63.59,12.8,Low,agency's own forecast is 22 months past its approved date; 2.1y past original commissioning date; no physical progress for 9 consecutive reports
N16000533,PRP-VIII GROUP B (NH AND BS ASSET),PETROLEUM,ONGC,MAHARASHTRA,2379.84,57.8,12.7,Low,elevated risk on combined profile
N24001627,4L OF TWIN TUBE TUNNEL CONFIGURATION INCLUDING APPROACHES FROM MAROG TO DIGDOL (FROM KM.154.210 TO K,ROAD TRANSPORT AND HIGHWAYS,NHAI,JAMMU AND KASHMIR,1912.17,0.0,12.5,Low,4 months past original date; no physical progress for 9 consecutive reports; pace is 0% of what the current date needs
N06000196,NIGAHI EXPANSION OCP (15 TO 25 MTPA),COAL,NCL,MADHYA PRADESH,1729.68,44.93,12.5,Low,"agency's own forecast is 36 months past its approved date; 3 months past original date; already past planned completion, no revised pace available"
N22000533,QUADRUPLING BETWEEN GANDHIDHAM - ADIPUR WITH Y CONNECTION AT ADIPUR FOR PROVIDING DIRECT ENTRY TOWAR,RAILWAYS,WR,GUJARAT,152.44,63.0,12.5,Low,elevated risk on combined profile
N24002134,REHABILITATION AND UP-GRADATION FROM KM. 0.000 TO KM. 40.390 OF NH- 730S (MAHARAJGANJ ? NICHLOUL ? TH,ROAD TRANSPORT AND HIGHWAYS,MORTH,UTTAR PRADESH,809.25,35.0,12.5,Low,pace is 29% of what the current date needs
N24001552,DELHI-AMRITSAR-KATRA EXPRESSWAY (PHASE-II PKG-XV) [JUNCTION WITH HIRANAGAR ROAD NEAR VILLAGE GURHA B,ROAD TRANSPORT AND HIGHWAYS,NHAI,JAMMU AND KASHMIR,2714.95,85.78,12.4,Low,9 months past original date; date already moved 2x in 10 months
N16000455,LAYING OF POL PIPELINES IN COMMON CORRIDOR FOR PROPOSED GRASS ROOT TERMINAL AT VALLUR (CHENNAI),PETROLEUM,IOCL,TAMIL NADU,829.0,60.16,12.4,Low,11 months past original date; pace is 28% of what the current date needs
N24002037,UPGRADATION OF EXISTING 4 LANE ISMAILABAD-AMBALA SECTION (KM. 0+000 TO KM 42+500) (PART OF AMBALA-KO,ROAD TRANSPORT AND HIGHWAYS,NHAI,HARYANA,609.0,52.5,12.4,Low,agency's own forecast is 3 months past its approved date; pace is 45% of what the current date needs
N16000499,MULTI-PRODUCT PIPELINE FROM KRISHNAPATNAM COASTAL INSTALLATION TO THE PROPOSED INSTALLATION AT HYDER,PETROLEUM,BPCL,ANDHRA PRADESH,1932.0,94.3,12.4,Low,"agency's own forecast is 7 months past its approved date; 3 months past original date; already past planned completion, no revised pace available"
N22000586,VIJAYAWADA KAZIPET BYEPASS LINE,RAILWAYS,SCR,ANDHRA PRADESH,647.37,,12.4,Low,elevated risk on combined profile
N30000034,INTERCEPTION DIVERSION TREATMENT WORKS AT TOLLYS NULLAH ADI GANGA,WATER RESOURCES,KMDA,WEST BENGAL,307.12,0.0,12.3,Low,agency's own forecast is 47 months past its approved date; agency anticipates +113% over approved cost; 2.7y past original commissioning date
N28000149,CONSTRUCTION729 QUARTERS (TYPE II-180 TYPE III-364 TYPE IV-112 TYPE V- 68 TYPE-VI-5 SHOPS COMMUNI,URBAN DEVELOPMENT,CPWD,CHHATTISGARH,299.97,93.0,12.2,Low,"4.7y past original commissioning date; already past planned completion, no revised pace available"
N24000798,SIX LANING OF HAPUR BYPASS TO MORADABAD SECTION INCLUDING HAPUR BYPASS FROM KM 50.000 (DESIGN CHAINA,ROAD TRANSPORT AND HIGHWAYS,NHAI,UTTAR PRADESH,2140.93,100.0,12.2,Low,"agency's own forecast is 43 months past its approved date; 3.6y past original commissioning date; already past planned completion, no revised pace available"
N18000388,"TS FOR SOLAR ENERGY ZONE IN BIDAR (2500MW), KARNATAKA [BIDAR TRANSMISSION LTD]",POWER,PGCIL,KARNATAKA,2148.0,52.2,12.2,Low,elevated risk on combined profile
N28000071,ESTABLISHMENT OF CENTRAL ARMED POLICE FORCE INSTITUTE OF MEDICAL SCIENCES(CAPFIMS) AT NEW DELHI,HOME AFFAIRS,CPWD FOR MHA,DELHI,2091.53,100.0,12.1,Low,agency's own forecast is 59 months past its approved date; 5.7y past original commissioning date; no physical progress for 8 consecutive reports
N24002078,REHABILITATION AND UP GRADATION FROM 4 TO 8 LANING OF CHANDIKHOLE PARADIP SECTION OF NH 53 FROM KM.,ROAD TRANSPORT AND HIGHWAYS,NHAI,ODISHA,711.0,60.8,12.1,Low,agency's own forecast is 3 months past its approved date
N22000388,BONGAIGAON-GOALPARA-GUWAHATI (176 KM),RAILWAYS,NFR,ASSAM,4059.65,92.31,12.0,Low,agency's own forecast is 12 months past its approved date; agency anticipates +22% over approved cost; pace is 13% of what the current date needs
N24001317,2-LANING FROM JOLAIBARI - BELONIA,ROAD TRANSPORT AND HIGHWAYS,NHIDCL,TRIPURA,201.99,100.0,11.9,Low,agency's own forecast is 39 months past its approved date; agency anticipates +42% over approved cost; 3.4y past original commissioning date
N24001369,WIDENING TO 2 LANES WITH PAVED SHOULDERS FROM KM.87/000 TO 133/720 (NATTUKAL TO THANAU JN. IN PALAKK,ROAD TRANSPORT AND HIGHWAYS,MORTH,KERALA,296.53,98.0,11.9,Low,agency's own forecast is 29 months past its approved date; 7.8y past original commissioning date; no physical progress for 9 consecutive reports
N24001844,6L ACCESS CONTROLLED GREENFIELD HIGHWAY FROM ODULAPALLE 72.000 KM. TO NALLACHERUVUPALLI 96.300 KM.,ROAD TRANSPORT AND HIGHWAYS,NHAI,ANDHRA PRADESH,1058.9,47.64,11.6,Low,pace is 27% of what the current date needs
N30000044,SEWERAGE SYSTEM WITH SEWER NETWORK PATNA KARMALICHAK,WATER RESOURCES,BUIDCO,BIHAR,253.98,100.0,11.6,Low,agency's own forecast is 71 months past its approved date; agency anticipates +9% over approved cost; 4.1y past original commissioning date
N24002006,"ONSTRUCTION OF 4-LANE FLYOVER AT AMBERPET-X ROAD, HYDERABAD ON NH-202 IN THE STATE OF TELANGANA",ROAD TRANSPORT AND HIGHWAYS,MORTH,TELANGANA,186.71,92.1,11.5,Low,"2.0y past original commissioning date; already past planned completion, no revised pace available"
N28000128,REDEVELOPMENT OF GENERAL POOL RESIDENTIAL COLONY AT SRINIWASPURI NEW DELHI PHASE-I,URBAN DEVELOPMENT,CPWD,DELHI,1180.0,2.0,11.5,Low,agency's own forecast is 35 months past its approved date; 3.9y past original commissioning date; no physical progress for 9 consecutive reports
N24002221,4L OF GREENFIELD ALIGNMENT FROM KM. 47.000 TO KM. 89.210 OF BALBHADARPUR TO BELA NAWDA SECTION OF NH,ROAD TRANSPORT AND HIGHWAYS,NHAI,BIHAR,2185.75,12.84,11.5,Low,pace is 9% of what the current date needs
N24001831,SRIRAMPUR - DHUBRI PKG-1,ROAD TRANSPORT AND HIGHWAYS,NHIDCL,ASSAM,613.89,35.77,11.5,Low,"agency's own forecast is 21 months past its approved date; 4 months past original date; already past planned completion, no revised pace available"
N24001925,WIDENING AND STRENGTHENING/RECONSTRUCTION TO TWO LANE WITH PAVED SHOULDER/ TWO LANE WITH PAVED SHOUL,ROAD TRANSPORT AND HIGHWAYS,MORTH,JHARKHAND,423.18,0.0,11.5,Low,no physical progress for 9 consecutive reports; pace is 0% of what the current date needs
N24001134,KANTE TO WAKED,ROAD TRANSPORT AND HIGHWAYS,MORTH,MAHARASHTRA,1230.0,0.0,11.5,Low,agency's own forecast is 61 months past its approved date; 5.6y past original commissioning date; no physical progress for 9 consecutive reports
N24001263,REHABILITATION AND UPGRADATION OF ROAD FROM KM 0.00 TO KM 18.600 OF KUMARGHAT-KAILASHAHAR SECTION,ROAD TRANSPORT AND HIGHWAYS,NHIDCL,TRIPURA,302.02,99.94,11.3,Low,agency's own forecast is 10 months past its approved date; 3.4y past original commissioning date; no physical progress for 5 consecutive reports
N24001114,INDAPUR TO VADPALE,ROAD TRANSPORT AND HIGHWAYS,MORTH,MAHARASHTRA,1656.94,61.42,11.3,Low,agency's own forecast is 51 months past its approved date; 5.5y past original commissioning date; no physical progress for 9 consecutive reports
N24002164,CONSTRUCTION FOR MITIGATION MEASURES KM 450.00-UTTARAKHAND- TO KM 468.00 ON NH-07-PKG-3,ROAD TRANSPORT AND HIGHWAYS,NHIDCL,UTTARAKHAND,250.33,48.5,11.3,Low,elevated risk on combined profile
N24001696,FOUR LANING OF JITTANDAHALLI TO DHARMAPURI SECTION OF NH-844 (PKG-III) FROM KM.60+100 TO KM.94+460,ROAD TRANSPORT AND HIGHWAYS,NHAI,TAMIL NADU,1291.37,0.0,11.3,Low,"22 months past original date; no physical progress for 9 consecutive reports; already past planned completion, no revised pace available"
N24001546,6L OF KAGAL-SATARA SECTION FROM KM 592.240 TO KM 658.000 OF NH-48 (PKG-I),ROAD TRANSPORT AND HIGHWAYS,NHAI,MAHARASHTRA,1025.2,44.61,11.3,Low,"5 months past original date; already past planned completion, no revised pace available"
N24002064,PERMANENT RECTIFICATION OF 3 NOS. OF BLACK SPOTS IN PROJECT HIGHWAY NH-27 OF U.P BORDER - DEWAPUR -,ROAD TRANSPORT AND HIGHWAYS,NHAI,BIHAR,381.8,52.0,11.3,Low,pace is 48% of what the current date needs
N24001770,4L OF OBEDULLGANJ - BUDNI SECTION FROM KM. 8.400 TO KM. 20.700 IN RATANPANI WILDLIFE AREA OF NH - 69,ROAD TRANSPORT AND HIGHWAYS,NHAI,MADHYA PRADESH,417.51,100.0,11.2,Low,"agency's own forecast is 4 months past its approved date; 15 months past original date; already past planned completion, no revised pace available"
N24002195,ESTIMATE FOR IMPROVEMENT TO TWO LANE WITH PAVED SHOULDER FROM RAMNAGAR TO ROSEDA FROM (KM 3.500 TO 4,ROAD TRANSPORT AND HIGHWAYS,MORTH,BIHAR,495.16,11.5,11.2,Low,pace is 19% of what the current date needs; spend outruns works by 16pp
N07000001,"C/O RESIDENTIAL COMPLEX BUILDING FOR CENTRAL BOARD OF INDIRECT TAXES AND CUSTOMS AT SECTOR-9, DWARKA",FINANCE,NPCC,DELHI,228.5,85.0,11.2,Low,"3.2y past original commissioning date; no physical progress for 9 consecutive reports; already past planned completion, no revised pace available"
N24001827,4L KODINAR - VERAVAL (PACKAGE VI) FROM KM. 222.400 TO KM. 230.00 (KODINAR BYPASS) OF NH-8E (NH 51 NE,ROAD TRANSPORT AND HIGHWAYS,NHAI,GUJARAT,162.73,100.0,11.0,Low,"agency's own forecast is 25 months past its approved date; 2.3y past original commissioning date; already past planned completion, no revised pace available"
N24002198,IMPROVEMENT TO TWO LANE WITH PAVED SHOULDERS OF BH/WBBORDER-AMDABAD-MANIHARI SECTION FROM DESIGN KM,ROAD TRANSPORT AND HIGHWAYS,MORTH,BIHAR,353.27,2.5,11.0,Low,pace is 4% of what the current date needs
N24002135,WIDENING AND STRENGTHENLNG TO 2L+PS FROM KM 0.000 TO 40.000 (DHAUGAON- PODAMARI SECTION) OF NH 326 I,ROAD TRANSPORT AND HIGHWAYS,MORTH,ODISHA,186.52,35.0,11.0,Low,pace is 28% of what the current date needs
N24001880,REHABILITATION AND UP-GRADATION TO 4 LANE ROAD WITH PAVED SHOULDER CONFIGURATION OF SECTION FROM UND,ROAD TRANSPORT AND HIGHWAYS,MORTH,MAHARASHTRA,778.18,,11.0,Low,elevated risk on combined profile
N06000244,BONJEMEHARI EXPANSION OCP,COAL,ECL,WEST BENGAL,570.12,16.0,10.9,Low,no physical progress for 9 consecutive reports; pace is 0% of what the current date needs
N24001304,BALANCE WORK OF 4- LANING OF PATNA-GAYA-DOBHI SECTION (KM. 39.00 TO KM. 83.00) OF NH-83 IN THE STATE,ROAD TRANSPORT AND HIGHWAYS,NHAI,BIHAR,598.48,96.3,10.9,Low,agency anticipates +24% over approved cost; 4.6y past original commissioning date; no physical progress for 9 consecutive reports
N24001556,6L OF EXISTING 4L FROM GUNDLAPOCHAMPALLY TO BOWENPALLY FROM KM 471.300 TO KM 481.331 OF NH-44,ROAD TRANSPORT AND HIGHWAYS,NHAI,TELANGANA,521.53,49.63,10.9,Low,"11 months past original date; already past planned completion, no revised pace available"
N22000580,DOUBLING OF BORIDAND - AMBIKAPUR ( SURAJPUR),RAILWAYS,SECR,CHHATTISGARH,1242.94,12.0,10.8,Low,elevated risk on combined profile
N24001792,4L OF BAL WORKS OF TALAJA - MAHUVA FROM 54.990 KM. TO 100.450 KM. OF OLD NH-8E (PACKAGE-II),ROAD TRANSPORT AND HIGHWAYS,NHAI,GUJARAT,536.03,100.0,10.8,Low,"agency's own forecast is 28 months past its approved date; 2.7y past original commissioning date; already past planned completion, no revised pace available"
N04000085,"CONSTRUCTION OF DOMESTIC PASSENGER TERMINAL BUILDING AT DEHRADUN AIRPORT, DEHRADUN",CIVIL AVIATION,AAI,UTTARAKHAND,500.0,100.0,10.7,Low,"4.7y past original commissioning date; no physical progress for 9 consecutive reports; already past planned completion, no revised pace available"
N24002131,UKHRUL TOLOI TADUBI PKG-2,ROAD TRANSPORT AND HIGHWAYS,NHIDCL,MANIPUR,578.98,71.25,10.7,Low,elevated risk on combined profile
N04000096,"EXTENSION OF RUNWAY WITH BLAST PAD, RESA, TAXIWAY, APRON, GSE AREA, ISOLATION BAY, NEW DOMESTIC TERM",CIVIL AVIATION,AAI,MAHARASHTRA,270.0,100.0,10.7,Low,"4.5y past original commissioning date; no physical progress for 9 consecutive reports; already past planned completion, no revised pace available"
N18000348,SHAJAPUR 325MW SOLAR PV PROJECT,POWER,NTPC,MADHYA PRADESH,1530.49,100.0,10.6,Low,"agency anticipates +3% over approved cost; 15 months past original date; already past planned completion, no revised pace available"
N24002025,2 LANE WITH PAVED SHOULDER FROM KM 16+900 (BOGAPANI) TO KM 27+150 (GOLAI GAON) ON EXISTING DIBRUGARH,ROAD TRANSPORT AND HIGHWAYS,NHIDCL,ASSAM,356.65,18.15,10.6,Low,agency's own forecast is 12 months past its approved date; pace is 11% of what the current date needs; spend outruns works by 19pp
N06000125,KANCHAN OC EXPANSION,COAL,SECL,MADHYA PRADESH,371.04,47.0,10.5,Low,4.3y past original commissioning date; no physical progress for 9 consecutive reports; pace is 0% of what the current date needs
N04000099,"DEVELOPMENT OF NEW GREENFIELD AIRPORT AT DHOLERA, AHMEDABAD (GUJARAT). PHASE-1.",CIVIL AVIATION,AAI,GUJARAT,1143.95,61.0,10.4,Low,pace is 50% of what the current date needs
N06000154,NILJAI EXPANSION (DEEP) OC (3.5 MTY),COAL,WCL,MULTI STATE,319.76,98.0,10.4,Low,"3.3y past original commissioning date; no physical progress for 9 consecutive reports; already past planned completion, no revised pace available"
N24000742,2 LANE WITH PAVED SHOULDER FROM KM 399.00 TO KM 430.00 OF KARANPARYAG TO CHAMOLI UNDER CHARDHAM PARI,ROAD TRANSPORT AND HIGHWAYS,NHIDCL,UTTARAKHAND,403.36,100.0,10.4,Low,"agency's own forecast is 40 months past its approved date; 4.6y past original commissioning date; already past planned completion, no revised pace available"
N24000964,CONSTRUCTION OF TIMMAPURAM TO GURJANAPALLE SECTION FROM KM 26.150 TO 41.161 OF NH- 214(NH216)(KAKINAD,ROAD TRANSPORT AND HIGHWAYS,MORTH,ANDHRA PRADESH,350.61,98.2,10.3,Low,agency's own forecast is 100 months past its approved date; agency anticipates +17% over approved cost; 8.4y past original commissioning date
N18000394,TS FOR EVACUATION POWER FROM RAJASTHAN REZ PH-IV (PART-2:5.5GW) (JAISALMER/BARMER COMPLEX) PART- E,POWER,PGCIL,RAJASTHAN,3251.0,16.2,10.2,Low,pace is 31% of what the current date needs
N24002136,WIDENING AND STRENGTHENING TO 4L+PS/2L+PS FROM KM 0.000 TO 35.800 (KUAKHIA - MANGALPUR SECTION) OF N,ROAD TRANSPORT AND HIGHWAYS,MORTH,ODISHA,636.1,36.53,10.2,Low,pace is 43% of what the current date needs
N24001002,SARSAM TO KOTHARI,ROAD TRANSPORT AND HIGHWAYS,MORTH,MAHARASHTRA,545.64,93.68,10.2,Low,agency's own forecast is 53 months past its approved date; 5.9y past original commissioning date; no physical progress for 9 consecutive reports
N24000782,REHABILITATION AND UPGRADATION OF 2 LANE WITH PAVED SHOULDER FROM EXISTING KM. 195.175 TO KM. 220.00,ROAD TRANSPORT AND HIGHWAYS,MORTH,UTTARAKHAND,460.73,0.0,10.2,Low,no physical progress for 9 consecutive reports
N24001544,FOUR LANING OF SRIRAMPUR-DHUBRI PKG-2,ROAD TRANSPORT AND HIGHWAYS,NHIDCL,ASSAM,909.02,100.0,10.1,Low,"agency's own forecast is 5 months past its approved date; 5 months past original date; already past planned completion, no revised pace available"
N06000249,SUBHADRA OCP,COAL,MCL,ODISHA,1693.81,40.05,10.1,Low,pace is 8% of what the current date needs; spend outruns works by 35pp
N22000607,SAWAIMADHOPUR - BYPASS LINE (6.98 KM) (UMBRELLA WORK PB#57/2019- 20/NR),RAILWAYS,NWR,RAJASTHAN,239.54,35.0,10.1,Low,spend outruns works by 21pp
N24001694,FOUR LANING OF THORAPALLI AGRAHARAM TO JITTANDAHALLI SECTION OF NH-844 (PKG-II) FROM KM.23+350 TO KM,ROAD TRANSPORT AND HIGHWAYS,NHAI,TAMIL NADU,1243.57,0.0,10.0,Low,"18 months past original date; no physical progress for 9 consecutive reports; already past planned completion, no revised pace available"
N24000743,2 LANE WITH PAVED SHOULDER FROM KM 430.00 TO KM 468.00 OF CHAMOLI TO PAINI UNDER CHARDHAM PARIYOJNA,ROAD TRANSPORT AND HIGHWAYS,NHIDCL,UTTARAKHAND,417.24,100.0,10.0,Low,"agency's own forecast is 40 months past its approved date; 4.6y past original commissioning date; already past planned completion, no revised pace available"
N24001474,REHABITITATION AND UP GRADATION OF NONGSTOIN-RAMBRAI-KYRSHAI ROAD UP TO MEGHALAYA-ASSAM BORDER FROM,ROAD TRANSPORT AND HIGHWAYS,NHIDCL,MEGHALAYA,359.86,60.81,10.0,Low,13 months past original date; date already moved 2x in 10 months
N06000236,MOHANPUR EXPANSION OC PHASE II,COAL,ECL,WEST BENGAL,888.99,30.25,10.0,Low,pace is 0% of what the current date needs
N24001636,CONSTRUCTION OF FOUR/SIX LANE GREENFIELD LUDHIANA ? RUPNAGAR NATIONAL HIGHWAY NO. NH-205K UNDER BHAR,ROAD TRANSPORT AND HIGHWAYS,NHAI,PUNJAB,1368.91,15.31,9.9,Low,6 months past original date; no physical progress for 9 consecutive reports; pace is 0% of what the current date needs
N30000039,SAIDPUR SEWER NETWORK PATNA,WATER RESOURCES,BUIDCO,BIHAR,268.63,100.0,9.9,Low,agency's own forecast is 17 months past its approved date; agency anticipates +84% over approved cost; 4.4y past original commissioning date
N16000503,ANDHERI RESIDENTIAL TOWERS MUMBAI,PETROLEUM,IOCL,MAHARASHTRA,389.67,50.8,9.8,Low,1 months past original date; pace is 27% of what the current date needs
N24001541,RANIKOR- MAHESHKHOLA- BAGHMARA PKG-2,ROAD TRANSPORT AND HIGHWAYS,NHIDCL,MEGHALAYA,283.5,100.0,9.8,Low,"agency's own forecast is 5 months past its approved date; 12 months past original date; already past planned completion, no revised pace available"
N24002139,4-LANE WITH PAVED SHOULDERS FROM KM 32/0 TO KM 79/650 (DESIGN CHAINAGE KM 32+000 TO KM 78+760) PUTTA,ROAD TRANSPORT AND HIGHWAYS,MORTH,ANDHRA PRADESH,1318.57,,9.7,Low,elevated risk on combined profile
N24002096,CONSTRUCTION OF 4 LANE GREEN FIELD NORTHERN EAST SIDE GORAKHPUR BYPASS (26.616 KMS) STARTING FROM NH,ROAD TRANSPORT AND HIGHWAYS,NHAI,UTTAR PRADESH,1973.98,48.5,9.7,Low,pace is 35% of what the current date needs
N24001846,6L ACCESS CONTROLLED GREENFIELD HIGHWAY FROM YERRAGUDIPADU 129.000 KM. TO AUDIREDDIPALLE 160.000 KM.,ROAD TRANSPORT AND HIGHWAYS,NHAI,ANDHRA PRADESH,1200.42,8.9,9.7,Low,pace is 3% of what the current date needs
N24001305,BALANCE WORK OF 4- L ANING OF PATNA-GAYA-DOBHI SECTION (KM.83.00 TO KM. 127.217) OF NH-83 IN THE STA,ROAD TRANSPORT AND HIGHWAYS,NHAI,BIHAR,605.53,97.3,9.7,Low,agency anticipates +26% over approved cost; 4.6y past original commissioning date; no physical progress for 9 consecutive reports
N24001812,4L OF HP/PUNJAB BO4L OF HP/PUNJAB BORDER - MO FROM KM. 11.00 TO KM. 42.00 OF OLD NH-20 (NEW NH-154),ROAD TRANSPORT AND HIGHWAYS,NHAI,HIMACHAL PRADESH,1361.79,46.68,9.5,Low,"agency's own forecast is 19 months past its approved date; 13 months past original date; already past planned completion, no revised pace available"
N24002117,UPGRADATION OF DHORAJI JAMKANDORNA KALAVAD SECTION OF NH 927D FROM DESIGN CHAINAGE KM 00 TO KM 58.11,ROAD TRANSPORT AND HIGHWAYS,MORTH,GUJARAT,291.0,15.0,9.4,Low,16 months past original date; no physical progress for 9 consecutive reports; pace is 0% of what the current date needs
N22000517,JEYPORE NABARANGPUR NEWLINE,RAILWAYS,ECOR,ODISHA,748.0,0.0,9.4,Low,no physical progress for 9 consecutive reports; pace is 0% of what the current date needs
N24001964,UPGRADATION AND WIDENING OF JHARKHEDA- BERASIA - DHOLKHEDI FROM DESIGN KM 0+000 TO KM 87+900 (DESIGN,ROAD TRANSPORT AND HIGHWAYS,MORTH,MADHYA PRADESH,365.21,64.0,9.4,Low,"1 months past original date; no physical progress for 9 consecutive reports; already past planned completion, no revised pace available"
N04000106,KADAPPA AIRPORT- CONSTRUCTION OF NEW DOMESTIC TERMINAL BUILDING AND MISCELLANEOUS WORKS INCLUDING MA,CIVIL AVIATION,AAI,ANDHRA PRADESH,265.91,29.0,9.4,Low,pace is 21% of what the current date needs
N24002118,UPGRADATION TO TWO LANE WITH PAVED SHULDER CONFIGUARATION FROM KM 00 TO 47 OF NH 351 MAHUVA TO BADHA,ROAD TRANSPORT AND HIGHWAYS,MORTH,GUJARAT,173.06,0.0,9.3,Low,agency anticipates +27% over approved cost; 16 months past original date; no physical progress for 9 consecutive reports
N18000382,"SINGRAULI SUPER THERMAL POWER PROJECT, STAGE-III (2X800 MW)",POWER,NTPC,UTTAR PRADESH,17195.31,0.5,9.3,Low,pace is 3% of what the current date needs
N24001828,CONSTRUCTION OF BYPASS TO GUDIYATHAM TOWN IN KM 23/100 ? 29/250 INCLUDING LA AND SHIFTING OF NH-234,ROAD TRANSPORT AND HIGHWAYS,MORTH,TAMIL NADU,243.95,100.0,9.3,Low,"agency's own forecast is 6 months past its approved date; 7 months past original date; already past planned completion, no revised pace available"
N24001699,CONSTRUCTION OF 4 LANE ELEVATED SECTION AND AT- GRADE IMPROVEMENTS AT BEGUSARAI TOWN SECTION OF NH-3,ROAD TRANSPORT AND HIGHWAYS,NHAI,BIHAR,312.58,85.88,9.2,Low,6 months past original date
N06000229,GOPALJI-KANIHA OCP,COAL,MCL,ODISHA,6107.87,17.73,9.2,Low,pace is 4% of what the current date needs
N06000191,SHYAMSUNDARPUR UG INCLUDING SAPI UNIT,COAL,ECL,WEST BENGAL,483.65,12.09,9.2,Low,pace is 0% of what the current date needs
N22000540,SAMLAYA-TIMBA ROAD (53.53 KM),RAILWAYS,WR,GUJARAT,670.17,12.0,9.1,Low,no physical progress for 5 consecutive reports; pace is 7% of what the current date needs
N22000545,ALIGARH-HARDUAGANJ FLYOVER (22 KM),RAILWAYS,NCR,UTTAR PRADESH,1244.13,8.2,9.1,Low,agency anticipates +17% over approved cost; pace is 5% of what the current date needs
N24001759,4L OF CHANDESARA TO KHEDAKHAJURIYA FROM KM. 0.000 TO (-) 750 AND KM 0.000 TO KM 41.400 OF NH-752D,ROAD TRANSPORT AND HIGHWAYS,NHAI,MADHYA PRADESH,909.84,99.0,9.1,Low,12 months past original date; date already moved 3x in 10 months
N24000585,4-LANNING OF NH17 AND NEW NO. NH66 FROM KM 241/300 TO 281/300 UNDER HYBRID ANNUITY MODE,ROAD TRANSPORT AND HIGHWAYS,MORTH,MAHARASHTRA,1101.58,,9.1,Low,elevated risk on combined profile
N18000358,TRANSMISSION NETWORK EXPANSION IN GUJARAT ASSOCIATED WITH INTEGRATION OF RE PROJECTS FROM KHAVDA POT,POWER,PGCIL,GUJARAT,815.12,100.0,9.1,Low,"agency's own forecast is 4 months past its approved date; 3 months past original date; already past planned completion, no revised pace available"
N24001822,BANGALORE CHENNAI EXPRESSWAY (PHASE-II PKG-I) FROM KM.71.000 TO KM 96.000 (BETHAMANGALA IN THE STATE,ROAD TRANSPORT AND HIGHWAYS,NHAI,ANDHRA PRADESH,1075.27,85.89,9.0,Low,"agency anticipates +22% over approved cost; 8 months past original date; already past planned completion, no revised pace available"
N16000414,EXPANSION OF GUWAHATI REFINERY FROM 1 TO 1.2 MMTPA ALONG WITH INSTALLATION OF CATALYTIC REFORMING UN,PETROLEUM,IOCL,ASSAM,595.2,83.4,9.0,Low,20 months past original date; pace is 41% of what the current date needs
N22000576,4TH LINE - DADHAPARA-BELHA (9.2 KM) (PB#72/NR/2022-23),RAILWAYS,SECR,CHHATTISGARH,169.06,30.0,9.0,Low,pace is 48% of what the current date needs
N22000591,DOUBLING BETWEEN JAUNPUR JN- ZAFFARABAD (6.28 KM),RAILWAYS,NR,UTTAR PRADESH,177.33,10.0,8.9,Low,pace is 22% of what the current date needs
N24001221,REHABILITATION AND UPGRADATION OF NH 78 FROM KM 373.505 TO 469.300 AMBIKAPUR TO PATHALGAON SECTION,ROAD TRANSPORT AND HIGHWAYS,MORTH,CHHATTISGARH,624.98,100.0,8.9,Low,agency's own forecast is 101 months past its approved date; agency anticipates +17% over approved cost; 8.7y past original commissioning date
N24001598,6L FROM SANKESHWAR BYPASS TO MH KNT BORDER FROM KM. 555.017 TO KM. 592.853 OF NH-48 (PKG II),ROAD TRANSPORT AND HIGHWAYS,NHAI,KARNATAKA,1388.7,71.6,8.8,Low,2 months past original date
N06000270,NLC TALABIRA THERMAL POWER PROJECT (PHASE-1: 3 X 800 MW),COAL,NLC,ODISHA,27213.0,1.55,8.8,Low,no physical progress for 4 consecutive reports; pace is 0% of what the current date needs
N24000994,CONSTRUCTION OF SIX LANE ELEVATED CORRIDOR FROM KM.7.950 (UPPAL) TO KM.14.200 OF NH-163 TO DE-CONGES,ROAD TRANSPORT AND HIGHWAYS,MORTH,TELANGANA,626.76,46.0,8.8,Low,"agency's own forecast is 67 months past its approved date; 4.9y past original commissioning date; already past planned completion, no revised pace available"
N30000036,"SEWER NETWORKS, SPS AND STP, MUNGER",WATER RESOURCES,BUIDCO,BIHAR,350.79,100.0,8.8,Low,agency's own forecast is 75 months past its approved date; agency anticipates +49% over approved cost; 3.7y past original commissioning date
N16000532,BORHOLLA GGS LIFE EXTENSION PROJECT,PETROLEUM,ONGC,ASSAM,198.7,27.3,8.8,Low,pace is 39% of what the current date needs; spend outruns works by 23pp
N24002062,CONSTRUCTION OF 6- LANE BRIDGE AND ITS APPROACHES ACROSS RIVER GANGA AS PART OF PATNA RING ROAD (NH-,ROAD TRANSPORT AND HIGHWAYS,NHAI,BIHAR,3012.27,10.83,8.8,Low,agency's own forecast is 12 months past its approved date; pace is 32% of what the current date needs
N24001303,BALANCE WORK OF 4- LANING OF PATNA-GAYA-DOBHI SECTION (KM. 0.00 TO KM. 127.217) OF NH-83 IN THE STAT,ROAD TRANSPORT AND HIGHWAYS,NHAI,BIHAR,649.9,98.3,8.7,Low,agency anticipates +15% over approved cost; 4.5y past original commissioning date; no physical progress for 9 consecutive reports
N24001548,"6L STANDALONE FLYOVERS AT BONGAIGAON, CHAPAGURI, PATHSALA, SIMLAGURI CHOWK AND BAIHATA BYPASS JUNCTI",ROAD TRANSPORT AND HIGHWAYS,NHAI,ASSAM,457.72,100.0,8.7,Low,agency's own forecast is 11 months past its approved date; 12 months past original date; no physical progress for 3 consecutive reports
N24001988,6L OF CHITTOOR TO THATCHUR FROM KUMARAJAPET TO VEERA KAVERI RAJA PURAM FROM KM 43.800 TO KM 61.380 O,ROAD TRANSPORT AND HIGHWAYS,NHAI,ANDHRA PRADESH,703.0,70.95,8.5,Low,elevated risk on combined profile
N22000608,GC OF NATHDWARA - DEVGARH MADARIYA (82.5KM),RAILWAYS,NWR,RAJASTHAN,968.92,42.0,8.5,Low,elevated risk on combined profile
N06000183,GANDHIGRAM UG MINE,COAL,WCL,MADHYA PRADESH,414.16,28.0,8.5,Low,no physical progress for 9 consecutive reports; pace is 0% of what the current date needs
N24001824,RENIGUNTA - POYYA - NAIDUPETA KM 124.60 TO KM 183.4 OF NH 71 - N/04027/06001/AP,ROAD TRANSPORT AND HIGHWAYS,NHAI,ANDHRA PRADESH,1863.09,98.76,8.4,Low,"agency anticipates +20% over approved cost; 17 months past original date; already past planned completion, no revised pace available"
N24002201,IMPROVEMENT AND UP-GRADATION TO TWO LANE WITH PAVED SHOULDER/FOUR LANE CONFIGURATION FROM EXISTING K,ROAD TRANSPORT AND HIGHWAYS,MORTH,UTTAR PRADESH,974.19,14.0,8.4,Low,spend outruns works by 49pp
N42000007,"CONSTRUCTION OF PERMANENT CAMPUS FOR IISER AT JANGALAPALLI VILLAGE, YERPEDU MANDAL, CHITTOOR DISTRIC",DEPARTMENT OF HIGHER EDUCATION,CPWD EDUCATION,ANDHRA PRADESH,656.39,100.0,8.4,Low,agency's own forecast is 21 months past its approved date; 2.7y past original commissioning date; no physical progress for 9 consecutive reports
N22000515,KALYAN-MURBAD VIA ULHASNAGAR (UMBRELLA WORK),RAILWAYS,CR,MAHARASHTRA,836.12,0.0,8.3,Low,no physical progress for 9 consecutive reports; pace is 0% of what the current date needs
N22000577,4TH LINE - RAJNANDGAON- DONGARHGARH (31.2 KM) (PB#72/NR/2022-23),RAILWAYS,SECR,CHHATTISGARH,328.34,20.0,8.3,Low,pace is 31% of what the current date needs
N24002082,IMPROVEMENT OF GEOMETRICS OF THONDUPALLY TO KOTHUR FROM KM 22.300 TO KM 34.14 OF NH-44-RCW,ROAD TRANSPORT AND HIGHWAYS,NHAI,TELANGANA,541.58,0.0,8.3,Low,agency's own forecast is 16 months past its approved date; 9 months past original date; no physical progress for 9 consecutive reports
N06000242,EPR PUNDI OCP,COAL,CCL,JHARKHAND,713.35,21.0,8.2,Low,no physical progress for 9 consecutive reports
N16000486,CGD PROJECT AT DHARMAPURI AND KRISHNAGIRI DISTRICTS,PETROLEUM,IOCL,TAMIL NADU,501.0,5.3,8.2,Low,agency's own forecast is 9 months past its approved date; pace is 10% of what the current date needs; spend outruns works by 17pp
N24002024,DABOKA BYPASS OF DABOKA - PAROKHAOWA PKG -1,ROAD TRANSPORT AND HIGHWAYS,NHIDCL,ASSAM,516.88,75.51,8.2,Low,elevated risk on combined profile
N28000124,BHOPAL METRO RAIL,URBAN DEVELOPMENT,MPMRCL,MADHYA PRADESH,6941.4,42.16,8.2,Low,2.3y past original commissioning date
N04000076,"CONSTRUCTION OF COMBINED OPERATIONAL OFFICES FOR DGCA, BCAS, AAIB, AERA AND AAI AT SAFDARJUNG AIRPOR",CIVIL AVIATION,AAI,DELHI,374.98,100.0,8.2,Low,"5.2y past original commissioning date; no physical progress for 9 consecutive reports; already past planned completion, no revised pace available"
N06000205,GHONSA EXPANSION DEEP OC,COAL,WCL,MAHARASHTRA,184.71,6.0,8.1,Low,agency's own forecast is 12 months past its approved date; agency anticipates +31% over approved cost; no physical progress for 9 consecutive reports
N24002002,WIDENING AND IMPROVEMENT OF EXISTING CARRIAGE WAY TO 2 LANE WITH PAVED SHOULDERS FROM KM. 86/160 TO,ROAD TRANSPORT AND HIGHWAYS,MORTH,TELANGANA,423.48,71.65,8.1,Low,"6 months past original date; already past planned completion, no revised pace available"
N06000199,PORDA CHIMTAPANI OCP (10 MTY),COAL,SECL,CHHATTISGARH,2310.12,10.0,8.0,Low,no physical progress for 9 consecutive reports; pace is 0% of what the current date needs
N24001278,CONSTRUCTION OF TWO LANE WITH PAVED SHOULDER OF SELLING-DULTE SECTION OF NH-06 (PKG-I),ROAD TRANSPORT AND HIGHWAYS,NHIDCL,MIZORAM,206.88,100.0,8.0,Low,agency's own forecast is 23 months past its approved date; agency anticipates +6% over approved cost; 2.9y past original commissioning date
N24000753,(II) CONSTRUCTION OF DIMAPUR BYPASS (ASSAM PORTION) OF 4/6 LANE PAVEMENT ON EPC BASIS FROM EXISTING,ROAD TRANSPORT AND HIGHWAYS,NHIDCL,NAGALAND,698.81,100.0,8.0,Low,"agency's own forecast is 8 months past its approved date; 2.6y past original commissioning date; already past planned completion, no revised pace available"
N24002165,CONSTRUCTION OF BYPASS TO MADURAI - ACHAMBATHU - VIRATIPATHU IN KM 6/850 - 10/382 OF NH 49 EXTN. (NE,ROAD TRANSPORT AND HIGHWAYS,MORTH,TAMIL NADU,260.07,50.0,7.9,Low,elevated risk on combined profile
N24001555,"6 LANING OF EXISTING 4-LANE STRETCH FROM KALKALLU AT KM.454+000 TO GUNDLA POCHAMPALLY AT KM.471+000,",ROAD TRANSPORT AND HIGHWAYS,NHAI,TELANGANA,955.49,35.96,7.9,Low,"5 months past original date; no physical progress for 3 consecutive reports; already past planned completion, no revised pace available"
N28000100,CONSTRUCTION OF ACADEMIC AND RESIDENTIAL COMPLEX UNDER PHASE-II FOR THE CAMPUS OF IIT PATNA,DEPARTMENT OF HIGHER EDUCATION,CPWD EDUCATION,BIHAR,496.0,100.0,7.8,Low,agency's own forecast is 79 months past its approved date; 8.0y past original commissioning date; no physical progress for 9 consecutive reports
N06000291,TIRAP OCP,COAL,CIL,ASSAM,289.46,0.0,7.8,Low,no physical progress for 3 consecutive reports; pace is 0% of what the current date needs; spend outruns works by 36pp
N18000400,TRANSMISSION SYSTEM FOR EVACUATION OF POWER FROM POTENTIAL RENEWABLE ENERGY ZONE IN KHAVDA AREA OF G,POWER,PGCIL,GUJARAT,4766.0,5.1,7.8,Low,pace is 17% of what the current date needs
N24002227,JESSAMI TO LAYNEN BRIDGE UKHRUL - JESSAMI PKG-7,ROAD TRANSPORT AND HIGHWAYS,NHIDCL,MANIPUR,164.89,9.78,7.8,Low,pace is 43% of what the current date needs
N06000222,DINESH (MAKARDHOKDA-III) OC (8.0 MTY),COAL,WCL,MAHARASHTRA,822.88,48.0,7.8,Low,agency anticipates +44% over approved cost; no physical progress for 9 consecutive reports; pace is 0% of what the current date needs
N16000458,POLY BUTADIENE RUBBER PLANT AT PANIPAT,PETROLEUM,IOCL,HARYANA,2948.62,68.3,7.7,Low,3 months past original date
N24001819,6L OF VEERA KAVERI RAJA PURAM TO PONDAVAKKAM FROM KM 61.380 TO KM 96.040 OF NH 716B (PKG-III),ROAD TRANSPORT AND HIGHWAYS,NHAI,ANDHRA PRADESH,1102.63,97.26,7.7,Low,"agency anticipates +18% over approved cost; 5 months past original date; already past planned completion, no revised pace available"
N24002075,6L OF JODHPUR ROMANA (BATHINDA) - MANDI DABWALI (PUNJAB HARYANA BORDER) SECTION OF NH-54 FROM KM. 0.,ROAD TRANSPORT AND HIGHWAYS,NHAI,PUNJAB,757.0,98.75,7.7,Low,elevated risk on combined profile
N24000925,CONSTRUCTION OF MISSING LINKS (SINGLE LANE) IN LAKHPAT GADULI HAJIPIR ODMA KHAVDA DHOLAVIRA MAUVANA,ROAD TRANSPORT AND HIGHWAYS,MORTH,GUJARAT,394.44,87.0,7.7,Low,"4.6y past original commissioning date; no physical progress for 9 consecutive reports; already past planned completion, no revised pace available"
N24001845,6L ACCESS CONTROLLED GREENFIELD HIGHWAY FROM NALLACHERUVU PALLI 96.300 KM. TO YERRAGUDIPADU 129.000,ROAD TRANSPORT AND HIGHWAYS,NHAI,ANDHRA PRADESH,1253.24,23.2,7.5,Low,pace is 9% of what the current date needs
N24001456,REHABILITATION AND UPGRADATION TO 2 LANE WITH PS OF RADHAITA TO PILIBHIT SECTION OF 46.130 KM,ROAD TRANSPORT AND HIGHWAYS,MORTH,UTTAR PRADESH,212.96,100.0,7.5,Low,agency's own forecast is 11 months past its approved date; 16 months past original date; no physical progress for 4 consecutive reports
N24002119,REHABILITATION AND UPGRADATION TO 2 LANE WITH PAVED SHOULDER FROM DESIGN CHAINAGE KM 162.800 TO KM,ROAD TRANSPORT AND HIGHWAYS,BRO,JAMMU AND KASHMIR,562.45,25.0,7.5,Low,no physical progress for 5 consecutive reports; pace is 22% of what the current date needs
N24002017,DEVELOPMENT OF SIX LANE BASANWAHI-MARANGPURI OF NH 130 CD FROM KM.99+500 TO 124+661 UNDER RAIPUR VIS,ROAD TRANSPORT AND HIGHWAYS,NHAI,CHHATTISGARH,1307.16,36.23,7.5,Low,agency's own forecast is 11 months past its approved date; pace is 17% of what the current date needs
N24001821,BANGALORE CHENNAI EXPRESSWAY (PHASE-II PKG-III) FROM KM.127.000 TO KM 156.000 (BANGARUPALEM TO GUDIP,ROAD TRANSPORT AND HIGHWAYS,NHAI,ANDHRA PRADESH,1137.74,97.43,7.5,Low,"agency anticipates +13% over approved cost; 8 months past original date; already past planned completion, no revised pace available"
N22000085,TIDIVANAM-NAGARI (NL),RAILWAYS,SR,TAMIL NADU,3631.34,15.0,7.5,Low,8.7y past original commissioning date; pace is 17% of what the current date needs
N24001540,AKASH BRIDGE - JESSAMI SECTION PKG-2,ROAD TRANSPORT AND HIGHWAYS,NHIDCL,MANIPUR,152.11,100.0,7.4,Low,"4 months past original date; no physical progress for 3 consecutive reports; already past planned completion, no revised pace available"
N06000135,AMGAON OPENCAST PROJECT RCE,COAL,SECL,CHHATTISGARH,316.1,71.0,7.4,Low,5.3y past original commissioning date; pace is 36% of what the current date needs
N24001288,CONSTRUCTION OF 2-LANE WITH PAVED SHOULDER OF KOHIMA- BYPASS ROAD FROM DESIGN KM 0.00 TO KM 10.500 [D,ROAD TRANSPORT AND HIGHWAYS,NHIDCL,NAGALAND,350.88,17.31,7.4,Low,3.2y past original commissioning date; pace is 37% of what the current date needs
N24001424,CONSTRUCTION OF FOUR-LANE ELEVATED VIADUCT FROM KM.4+634 TO KM.6+345 ON NH-24A INCLUDING RETAINING W,ROAD TRANSPORT AND HIGHWAYS,MORTH,UTTAR PRADESH,269.81,100.0,7.3,Low,agency's own forecast is 16 months past its approved date; 21 months past original date; no physical progress for 4 consecutive reports
N24001397,GOHA-KHELLANI PKG-3,ROAD TRANSPORT AND HIGHWAYS,NHIDCL,JAMMU AND KASHMIR,433.08,100.0,7.3,Low,"2.3y past original commissioning date; already past planned completion, no revised pace available; date already moved 2x in 10 months"
N24001829,FOUR LANING OF OTTANCHATRAM TO PALANI SECTION FROM KM 30/700 TO KM 55/000 OF NH 209(NEW NH-83) INCLU,ROAD TRANSPORT AND HIGHWAYS,MORTH,TAMIL NADU,172.15,100.0,7.3,Low,"agency's own forecast is 6 months past its approved date; 7 months past original date; already past planned completion, no revised pace available"
N24001979,4L GREENFIELD ROAD CONNECTING NORTH AND SOUTH INDUSTRIAL CLUSTER OF KHANDALERU CREEK NEAR KRISHNAPAT,ROAD TRANSPORT AND HIGHWAYS,NHAI,ANDHRA PRADESH,609.43,56.7,7.3,Low,pace is 27% of what the current date needs
N22000573,NIPANIA-BHATAPRA (14.4 KM) 4TH LINE (PB#72/NR/2022-23),RAILWAYS,SECR,CHHATTISGARH,170.49,2.0,7.2,Low,pace is 4% of what the current date needs
N24002202,MARREM KHULLEN TO JESSAMI SECTION IMPHAL- UKHRUL - JESSAMI PKG-6 (DESIGN CHAINAGE KM 95.700 TO KM 14,ROAD TRANSPORT AND HIGHWAYS,NHIDCL,MANIPUR,554.66,15.0,7.2,Low,pace is 44% of what the current date needs
N24000726,SIX LANING OF BIHAR - JHARKHAND BORDER (CHORDAHA) TO GORHAR SECTION,ROAD TRANSPORT AND HIGHWAYS,NHAI,JHARKHAND,1155.16,73.0,7.2,Low,3.6y past original commissioning date; pace is 16% of what the current date needs
N24001455,CONSTRUCTION OF 4 LANE WITH PAVED SHOULDERS THIRUVAYARU BYPASS IN BETWEEN EXISTING KM.55/926 TO 62/6,ROAD TRANSPORT AND HIGHWAYS,MORTH,TAMIL NADU,207.97,100.0,7.2,Low,agency's own forecast is 31 months past its approved date; 2.8y past original commissioning date; no physical progress for 3 consecutive reports
N24002166,FOUR LANING OF RAGHOGARH (DESIGN CH.29.300/EXISTING CH. 29.555) TO NANASA (DESIGN CH.92.971/EXISTING,ROAD TRANSPORT AND HIGHWAYS,NHAI,MADHYA PRADESH,799.2,35.1,7.2,Low,pace is 43% of what the current date needs
N24002031,CONSTRUCTION OF TWO LANE WITH PAVED SHOULDER FROM EXISTING KM.0.000 TO KM.55.610 (DESIGN KM. 0.000 T,ROAD TRANSPORT AND HIGHWAYS,MORTH,UTTAR PRADESH,773.58,44.0,7.2,Low,agency anticipates +9% over approved cost; spend outruns works by 24pp
N28000158,KOCHI METRO RAIL PROJECT PHASE II FROM JLN STADIUM TO INFOPARK VIA KAKKANAD,URBAN DEVELOPMENT,KMRCL,KERALA,1957.05,7.4,7.2,Low,pace is 15% of what the current date needs
N24001951,NH167AD FROM MACHERLA TO DACHEPALLI FROM KM.0.000 TO 43.659 TO 2LPS,ROAD TRANSPORT AND HIGHWAYS,MORTH,ANDHRA PRADESH,403.22,98.82,7.1,Low,"5 months past original date; already past planned completion, no revised pace available"
N24001848,6L ACCESS CONTROLLED GREENFIELD HIGHWAY FROM MALLAPALLE 176.000 KM. TO KAVULAKUNTLA 196.000 KM. PACK,ROAD TRANSPORT AND HIGHWAYS,NHAI,ANDHRA PRADESH,909.02,23.44,7.1,Low,pace is 10% of what the current date needs
N06000247,EXPANSION OF ASHOK OCP,COAL,CCL,JHARKHAND,2898.28,20.0,7.1,Low,no physical progress for 3 consecutive reports; pace is 18% of what the current date needs
N24000997,REHABILITATION AND UP GRADATION FROM KM. 121/0 TO 154/0 OF NAKAREKAL ? MALLAMPALLY SECTION OF NH-365,ROAD TRANSPORT AND HIGHWAYS,MORTH,TELANGANA,192.67,96.0,7.0,Low,"5.9y past original commissioning date; already past planned completion, no revised pace available"
N24000247,REHABILITATION AND UPGRADATION OF NH-221 FROM KM 121/0 TO 165/00 (OF VIJAYAWADA-JAGDALPUR RUDRAMPUR,ROAD TRANSPORT AND HIGHWAYS,MORTH,TELANGANA,295.47,82.76,7.0,Low,"8.3y past original commissioning date; already past planned completion, no revised pace available"
N22000574,4TH LINE - BHATAPARA-HATHBAND (8.8 KM) (PB#72/NR/2022-23),RAILWAYS,SECR,CHHATTISGARH,177.03,2.0,7.0,Low,pace is 4% of what the current date needs
N22000485,ANUPPUR-KATNI,RAILWAYS,SECR,MADHYA PRADESH,1680.0,100.0,7.0,Low,agency's own forecast is 15 months past its approved date; agency anticipates +38% over approved cost; 3.5y past original commissioning date
N16000480,LAYING OF NATURAL GAS PIPELINE FROM HAZARIBAGH TO RANCHI,PETROLEUM,IOCL,JHARKHAND,202.07,42.95,7.0,Low,pace is 13% of what the current date needs
N24001092,SATARA TO MHASWAD,ROAD TRANSPORT AND HIGHWAYS,MORTH,MAHARASHTRA,653.46,,6.9,Low,"agency's own forecast is 53 months past its approved date; 5.9y past original commissioning date; already past planned completion, no revised pace available"
N24002012,WIDENING TO TWO LANE WITH PAVED SHOULDERS FROM KM 40.00 TO KM 75.00 (EXISTING CHAINAGES) OF MANGALOR,ROAD TRANSPORT AND HIGHWAYS,MORTH,KARNATAKA,718.52,23.0,6.9,Low,"3 months past original date; no physical progress for 9 consecutive reports; already past planned completion, no revised pace available"
N24002193,CONSTRUCTION OF 4 LANE ROB AND ITS APPROACHES AT THE LEVEL OF CROSSING (L C NO. 29-B) OF KM 29 (EKAN,ROAD TRANSPORT AND HIGHWAYS,MORTH,BIHAR,201.08,28.0,6.9,Low,elevated risk on combined profile
N24002180,REHABILITATION AND UPGRADATION TO 2 LANE WITH PAVED SHOULDER FROM EXISTING CHAINAGE KM 166.100 TO KM,ROAD TRANSPORT AND HIGHWAYS,BRO,JAMMU AND KASHMIR,734.64,8.0,6.9,Low,no physical progress for 7 consecutive reports; pace is 0% of what the current date needs
N22000120,RATLAM-MHOW-KHANDWA-AKOLA (GC),RAILWAYS,WR,MADHYA PRADESH,5677.8,80.0,6.9,Low,agency anticipates +9% over approved cost; no physical progress for 8 consecutive reports; pace is 6% of what the current date needs
N24002159,REHABILITATION AND UP-GRADATION OF ROAD FROM DESIGN KM 25.250 TO KM 36.460 (TOTAL LENGH: 11.210 KM),ROAD TRANSPORT AND HIGHWAYS,NHIDCL,TRIPURA,174.43,16.61,6.9,Low,pace is 13% of what the current date needs
N04000113,AGRA: DEVELOPMENT OF NEW CIVIL ENCLAVE AT AGRA AIRPORT.,CIVIL AVIATION,AAI,UTTAR PRADESH,579.0,13.0,6.8,Low,pace is 20% of what the current date needs
N24001693,FOUR LANING OF NERALURU TO THORAPALLI AGRAHARAM SECTION OF NH-844 (PKG-I) FROM KM.0+000 TO KM.23+350,ROAD TRANSPORT AND HIGHWAYS,NHAI,TAMIL NADU,1751.18,0.0,6.8,Low,"8 months past original date; no physical progress for 9 consecutive reports; already past planned completion, no revised pace available"
N18000346,KHAWDA 1255MW SOLAR PROJECT (KHAWDA SOLAR PARK),POWER,NTPC,GUJARAT,7235.79,89.0,6.8,Low,9 months past original date
N24002077,CONSTRUCTION OF (I) 4-LANE HIGHWAY FROM VIDISHA TO HINOTIYA FROM KM. 0.000 TO KM. 27.000 (LENGTH=27,ROAD TRANSPORT AND HIGHWAYS,NHAI,MADHYA PRADESH,1000.63,53.86,6.8,Low,elevated risk on combined profile
N24001929,CONSTRUCTION OF 4-LANE GREEN FIELD HIGHWAY FROM KM. 35.000 TO KM. 49.155 OF NH-731A WITH PAVED SHOUL,ROAD TRANSPORT AND HIGHWAYS,MORTH,UTTAR PRADESH,697.66,98.0,6.7,Low,elevated risk on combined profile
N24001981,CONSTRUCTION OF SIX LANING OF NAIDUPETA JUNCTION - TURPUKANUPUR SECTION FROM KM.57+046 TO KM.91+927,ROAD TRANSPORT AND HIGHWAYS,NHAI,ANDHRA PRADESH,1398.84,19.1,6.7,Low,pace is 8% of what the current date needs
N16000491,"CGD PROJECT AT EAST MEDNIPORE, WEST MEDNIPORE AND JHARGRAM DISTRICTS",PETROLEUM,IOCL,WEST BENGAL,609.0,2.1,6.7,Low,agency's own forecast is 15 months past its approved date; pace is 5% of what the current date needs
N24002241,"IMPROVEMENT AND UP-GRADATION OF NH-227B (84 KOSI PARIKRAMA MARG) PACKAGE ?III, FROM KM.47.800 (GOSAI",ROAD TRANSPORT AND HIGHWAYS,MORTH,UTTAR PRADESH,587.97,3.0,6.7,Low,spend outruns works by 15pp
N24000980,WIDEINING TO TWO/FOUR LANE WITH PAVED SHOULDERS FROM EXISTING KM 182.120 TO KM 227.600 OF NH-167 ON,ROAD TRANSPORT AND HIGHWAYS,MORTH,TELANGANA,298.32,,6.7,Low,"6.3y past original commissioning date; already past planned completion, no revised pace available"
N22000575,4TH LINE - BHILAI-BHILAI NAGAR (8.8 KM) (PB#72/NR/2022-23),RAILWAYS,SECR,CHHATTISGARH,169.06,2.0,6.7,Low,agency anticipates +5% over approved cost; pace is 3% of what the current date needs
N24002029,WIDENING TO FOUR LANE WITH PAVED SHOULDER FROM DESIGN KM.49.200 TO KM.89.285 OF NH-731B ON EPC MODE,ROAD TRANSPORT AND HIGHWAYS,MORTH,UTTAR PRADESH,956.3,47.0,6.6,Low,pace is 41% of what the current date needs; spend outruns works by 17pp
N24002033,CONSTRUCTION OF 4 LANE ACCESS CONTROLLED HIGHWAY FROM CHILLAKURU CROSS ROAD TO TURPUKANUPUR KM 0+000,ROAD TRANSPORT AND HIGHWAYS,NHAI,ANDHRA PRADESH,909.47,32.3,6.6,Low,pace is 19% of what the current date needs
N18000393,TS FOR EVACUATION POWER FROM RAJASTHAN REZ PH-IV (PART-2:5.5GW) (JAISALMER/BARMER COMPLEX) PART- C,POWER,PGCIL,RAJASTHAN,2227.0,18.6,6.6,Low,pace is 36% of what the current date needs
N04000112,"DARBHANGA:DEVELOPMENT OF NEW CIVIL ENCLAVE AT DARBHANGA, BIHAR. SH- CONSTRUCTION OF NEW TERMINAL BUI",CIVIL AVIATION,AAI,BIHAR,911.66,20.75,6.6,Low,pace is 37% of what the current date needs
N04000115,BAGDOGRA AIRPORT: DEVELOPMENT OF NEW CIVIL ENCLAVE AT BAGDOGRA AIRPORT. SUB-HEAD : CONSTRUCTION OF N,CIVIL AVIATION,AAI,WEST BENGAL,1549.0,9.62,6.6,Low,pace is 23% of what the current date needs
N24001952,NH 167 B KADAPA NELLORE BORDER TO CSPURAM I.E. FROM KM 58.635 TO KM 99.409,ROAD TRANSPORT AND HIGHWAYS,MORTH,ANDHRA PRADESH,285.5,95.0,6.6,Low,no physical progress for 3 consecutive reports
N24002148,PADERU BYPASS (KM 0+000 TO KM 13+000) OF 2- LANE WITH PAVED SHOULDER ON NH-516E,ROAD TRANSPORT AND HIGHWAYS,MORTH,ANDHRA PRADESH,244.43,0.0,6.6,Low,agency's own forecast is 23 months past its approved date; 15 months past original date; no physical progress for 9 consecutive reports
N24000931,REHABILITATION AND UPGRADATION OF EXISTING NH-167 FROM KM 14.900 TO KM 70.00 (DESIGN CH.14.900 TO 69,ROAD TRANSPORT AND HIGHWAYS,MORTH,ANDHRA PRADESH,290.15,90.0,6.5,Low,agency's own forecast is 90 months past its approved date; 8.1y past original commissioning date; no physical progress for 4 consecutive reports
N06000217,EXPANSION PROJECT AMRAPALI OCP,COAL,CCL,JHARKHAND,5136.15,43.0,6.5,Low,elevated risk on combined profile
N16000509,POWER SYSTEM UPGRADATION PROJECT,PETROLEUM,MANGALORE REFIN,KARNATAKA,385.0,59.7,6.4,Low,elevated risk on combined profile
N42000005,CONSTRUCTION OF PERMANENT CAMPUS FOR INDIAN INSTITUTE OF TECHNOLOGY TIRUPATI AT MERLAPAKA VILLAGE YE,DEPARTMENT OF HIGHER EDUCATION,CPWD EDUCATION,ANDHRA PRADESH,655.34,95.0,6.4,Low,"5.0y past original commissioning date; no physical progress for 9 consecutive reports; already past planned completion, no revised pace available"
N24001811,4L OF MO - SIHUNI FROM KM. 42.00 TO KM. 51.00 OF OLD NH-20 (NEW NH-154) (PACKAGE-IB),ROAD TRANSPORT AND HIGHWAYS,NHAI,HIMACHAL PRADESH,770.0,100.0,6.3,Low,"agency's own forecast is 11 months past its approved date; 12 months past original date; already past planned completion, no revised pace available"
N10000013,SOURCING OF BAUXITE ARRANGEMENT FOR 5TH STREAM ALUMINA REFINERY FROM SOUTH BLOCK MINING LEASE OF PAN,MINES,NALCO,ODISHA,483.0,89.43,6.3,Low,agency anticipates +2% over approved cost; 4.2y past original commissioning date; pace is 49% of what the current date needs
N16000386,BARAUNI REFINERY CAPACITY EXPANSION FROM 6.0 TO 9.0 MMTPA,PETROLEUM,IOCL,BIHAR,18113.0,89.0,6.3,Low,2.2y past original commissioning date
N24000990,REHABILITATION AND UPGRADATION OF NH-167 FROM DESIGN KM.113.900 TO 154.479 (MALLEPALLY - HALIYA SECT,ROAD TRANSPORT AND HIGHWAYS,MORTH,TELANGANA,294.13,90.1,6.3,Low,"5.6y past original commissioning date; already past planned completion, no revised pace available"
N24001996,CONSTRUCTION OF TWO LANE WITH PAVED SHOULDER HIGHWAY FROM DESIGN CH.0.000 TO CH.49.2OO OF NH- 731B ON,ROAD TRANSPORT AND HIGHWAYS,MORTH,UTTAR PRADESH,602.76,81.0,6.3,Low,elevated risk on combined profile
N06000233,RAMPUR BATURA OC (4.0 MTY),COAL,SECL,MADHYA PRADESH,1248.93,44.0,6.2,Low,no physical progress for 9 consecutive reports; pace is 0% of what the current date needs
N24000584,4-LANNING OF NH17 AND NEW NO. NH66 FROM KM 161/600 TO 205/400 UNDER HYBRID ANNUITY MODE,ROAD TRANSPORT AND HIGHWAYS,MORTH,MAHARASHTRA,1907.03,95.17,6.2,Low,no physical progress for 9 consecutive reports
N24001915,IMPROVEMENT/CONSTRUCTION OF EXISTING CLASS-5 ROAD TO NH INTERMEDIATE LANE SPECIFICATION WITH HARD SH,ROAD TRANSPORT AND HIGHWAYS,BRO,HIMACHAL PRADESH,230.54,28.0,6.1,Low,pace is 16% of what the current date needs
N24002014,UPGRADATION AND STRENGTHENING TO 2 LANE PS FROM KM 95/500 TO KM 129/775 OF NH 168 G IDAR BHILODA SA,ROAD TRANSPORT AND HIGHWAYS,MORTH,GUJARAT,237.28,0.0,6.1,Low,18 months past original date; no physical progress for 9 consecutive reports; pace is 0% of what the current date needs
N06000243,EPR ROHINI KARKATA OCP,COAL,CCL,JHARKHAND,1020.42,18.0,6.1,Low,pace is 28% of what the current date needs
N06000245,EXPANSION OF KONAR OCP,COAL,CCL,JHARKHAND,799.34,32.0,6.1,Low,no physical progress for 9 consecutive reports; pace is 0% of what the current date needs; spend outruns works by 20pp
N24001771,SIX LANE ACCESS CONTROLLED OF DELHI SAHARANPUR HIGHWAY FROM AKSHARDHAM NH 9 JUNCTION TO DELHI UP BOR,ROAD TRANSPORT AND HIGHWAYS,NHAI,DELHI,1479.22,99.0,6.1,Low,"6 months past original date; no physical progress for 7 consecutive reports; already past planned completion, no revised pace available"
N22000579,3RD AND 4TH LINE - SARAGBUNDIA AND MADWARANI,RAILWAYS,SECR,CHHATTISGARH,167.64,0.0,6.1,Low,no physical progress for 9 consecutive reports; pace is 0% of what the current date needs
N24001903,REHABILITATION AND UP-GRADATION OF MUDKHED TO NANDED SECTION FROM KM. 372+000 TO KM 388+400 OF NH 16,ROAD TRANSPORT AND HIGHWAYS,MORTH,MAHARASHTRA,206.54,10.0,6.1,Low,"2 months past original date; already past planned completion, no revised pace available"
N06000216,REVISED PROJECT REPORT MAGADH EXPANSION OCP,COAL,CCL,JHARKHAND,7254.37,38.0,6.1,Low,elevated risk on combined profile
N24001739,REHABILITATION AND UPGRADATION FROM 2 LANE TO 4 LANE OF NH STRETCH UNDER BHARATMALA PARIYOJANA FOR U,ROAD TRANSPORT AND HIGHWAYS,NHAI,UTTAR PRADESH,1779.83,100.0,6.1,Low,"agency anticipates +24% over approved cost; 19 months past original date; already past planned completion, no revised pace available"
N16000528,PIPELINE NETWORK PROJECT RUDRASAGAR,PETROLEUM,ONGC,ASSAM,344.99,46.3,6.0,Low,pace is 22% of what the current date needs
N24001166,WIDENING TWO LANE WITH PAVED SHOULDERS FROM FROM KM.56.00 TO 106.00 OF NH-218 (218-KNT-2014-15- 775),ROAD TRANSPORT AND HIGHWAYS,MORTH,KARNATAKA,159.12,98.0,6.0,Low,"agency's own forecast is 102 months past its approved date; 9.4y past original commissioning date; already past planned completion, no revised pace available"
N24001842,6L ACCESS CONTROLLED GREENFIELD HIGHWAY FROM VANAVOLU 24.300 KM. TO VANKARAKUNTA 45.700 KM. OF NH 5,ROAD TRANSPORT AND HIGHWAYS,NHAI,ANDHRA PRADESH,750.81,50.78,6.0,Low,pace is 32% of what the current date needs
N06000241,EPR TAPIN SOUTH OCP,COAL,CCL,JHARKHAND,230.41,18.3,6.0,Low,no physical progress for 9 consecutive reports; pace is 0% of what the current date needs
N06000237,KOTRE BASANTPUR PACHMO OCP,COAL,CCL,JHARKHAND,625.4,41.0,6.0,Low,no physical progress for 5 consecutive reports; spend outruns works by 30pp
N24001991,ACCESS ROAD/BRIDGE CONNECTIVITY FROM NH-09 AT KM.40 NEAR JAGBUDA BRIDGE (INDIA) TO BOUNDARY PILLAR,ROAD TRANSPORT AND HIGHWAYS,NHAI,UTTARAKHAND,314.31,71.79,6.0,Low,9 months past original date; date already moved 3x in 10 months
N24001450,DABOKA KATHKATI PACKAGE-6,ROAD TRANSPORT AND HIGHWAYS,NHIDCL,ASSAM,625.64,100.0,6.0,Low,agency's own forecast is 10 months past its approved date; 11 months past original date; no physical progress for 3 consecutive reports
N24000981,WIDEINING TO TWO/FOUR LANE WITH PAVED SHOULDERS FROM EXISTING KM 180.60 TO KM 223.00 OF NH-63 ON NIZ,ROAD TRANSPORT AND HIGHWAYS,MORTH,TELANGANA,248.83,,5.9,Low,"6.3y past original commissioning date; already past planned completion, no revised pace available"
N28000109,CONSTRUCTION OF 726 NOS RESIDENTIAL QUARTERS CHENNAI,FINANCE,CPWD FOR FINANC,TAMIL NADU,348.77,100.0,5.9,Low,agency's own forecast is 12 months past its approved date; 3.6y past original commissioning date; no physical progress for 9 consecutive reports
N24002049,PKG NAME: 4L OF KATHLIGHAT TO SHAKRAL VILLAGE FROM KM 128.835 TO KM 146.300 OF NH- 5 (SHIMLA BYPASS,ROAD TRANSPORT AND HIGHWAYS,NHAI,HIMACHAL PRADESH,2278.0,14.5,5.9,Low,no physical progress for 9 consecutive reports; pace is 0% of what the current date needs
N06000171,REORGANISATION OF BHARATPUR OCP EXPANSION,COAL,MCL,ODISHA,2838.87,47.35,5.8,Low,pace is 32% of what the current date needs; spend outruns works by 17pp
N06000258,GOLETI OPENCAST MINE,COAL,SCCL,TELANGANA,345.6,20.0,5.8,Low,no physical progress for 3 consecutive reports; pace is 1% of what the current date needs
N06000219,ADASA UG TO OC (1.50 MTY),COAL,WCL,MAHARASHTRA,316.0,78.0,5.8,Low,agency anticipates +6% over approved cost; 15 months past original date; no physical progress for 9 consecutive reports
N24002207,MAJOR BRIDGE OVER MIDDLE STRAIT CREEK,ROAD TRANSPORT AND HIGHWAYS,NHIDCL,ANDAMAN AND NICOBAR ISLANDS,207.99,5.23,5.8,Low,pace is 9% of what the current date needs
N24002196,CONSTRUCTION OF BHABHUA BYPASS FROM CH. 10+800(DESIGN CH. 10+800) TO CH. 19+860 (DESIGN CH. 18+150),ROAD TRANSPORT AND HIGHWAYS,MORTH,BIHAR,179.86,0.0,5.8,Low,agency's own forecast is 4 months past its approved date; no physical progress for 3 consecutive reports
N24001891,BALANCE WORK OF REHABILITATION AND UP-GRADATION TO NH-166F FROM MAHAD JUNCTION (AT KM 123/400 ON NH-,ROAD TRANSPORT AND HIGHWAYS,MORTH,MAHARASHTRA,256.54,60.0,5.7,Low,"agency's own forecast is 4 months past its approved date; 19 months past original date; already past planned completion, no revised pace available"
N24001830,SIX LANE ACCESS CONTROLLED OF DELHI SAHARANPUR HIGHWAY FROM DELHI UP BORDER TO EPE JUNCTION CH.14.75,ROAD TRANSPORT AND HIGHWAYS,NHAI,UTTAR PRADESH,2002.79,99.0,5.7,Low,"19 months past original date; no physical progress for 8 consecutive reports; already past planned completion, no revised pace available"
N24001648,CONSTRUCTION OF 6 LANE ELEVATED CORRIDOR ALONG WITH DEVELOPMENT OF EXISTING 4 LANE ROAD AT GROUND LE,ROAD TRANSPORT AND HIGHWAYS,NHAI,KERALA,2429.52,62.02,5.7,Low,elevated risk on combined profile
N18000391,TS FOR EVACUATION POWER FROM RAJASTHAN REZ PH-IV (PART-2:5.5GW) PART-B (JAISALMER/BARMER COMPLEX),POWER,PGCIL,RAJASTHAN,3279.0,18.6,5.7,Low,pace is 37% of what the current date needs
N24002169,REHABILITATION/UPGRADATION OF EXISTING HIGHWAY TO 2L+PS/4 LANE OF DHAWALI TO RAJOLI FROM DESIGN KM.1,ROAD TRANSPORT AND HIGHWAYS,MORTH,MAHARASHTRA,316.44,0.0,5.7,Low,no physical progress for 7 consecutive reports; pace is 0% of what the current date needs
N24000880,UPGRADATION OF NH-81 WITH A MINIMUM OF 2-LANE WITH PAVED SHOULDER CONFIGURATION STARTING FROM KM 19.,ROAD TRANSPORT AND HIGHWAYS,MORTH,WEST BENGAL,426.18,100.0,5.7,Low,agency's own forecast is 13 months past its approved date; 4.7y past original commissioning date; no physical progress for 4 consecutive reports
N28000151,BANGALORE METRO RAIL PROJECT LIMITED. PHASE. 2A AND 2B,URBAN DEVELOPMENT,BMRCL,KARNATAKA,14788.1,,5.7,Low,elevated risk on combined profile
N24001944,WIDENING TO INTERMEDIATE/TWO LANE TO 2 LANE WITH PAVED SHOULDER FROM EXISTING CHANAGES KM 112.750 TO,ROAD TRANSPORT AND HIGHWAYS,MORTH,KARNATAKA,255.88,78.24,5.6,Low,"12 months past original date; already past planned completion, no revised pace available"
N06000220,SONEPUR BAZARI EXPANSION OC,COAL,ECL,WEST BENGAL,5366.0,17.38,5.6,Low,pace is 2% of what the current date needs
N24001256,CONSTRUCTION OF (I) CONNECTING ROAD FROM Z-MORH TUNNEL TO ZOJILA TUNNEL AND (II) 14.150 KM LONG BI-D,ROAD TRANSPORT AND HIGHWAYS,NHIDCL,JAMMU AND KASHMIR,6808.69,49.92,5.6,Low,no physical progress for 9 consecutive reports; pace is 0% of what the current date needs
N22000207,NEW BG LINE FROM JAGBANI TO BIRATNAGAR,RAILWAYS,NFR,MULTI STATE,485.96,86.0,5.6,Low,3.3y past original commissioning date; no physical progress for 5 consecutive reports; pace is 8% of what the current date needs
N16000518,ETHYLENE CRACKER PROJECT AT BINA REFINERY INCLUDING DOWNSTREAM PETROCHEMICAL PLANTS AND EXPANSION OF,PETROLEUM,BPCL,MADHYA PRADESH,43367.0,13.0,5.6,Low,pace is 27% of what the current date needs
N24001977,WIDENING TO 2 LANE WITH HARD SHOULDER OF AKEGWO-AVANGKHU SECTION OF NH-202K FOR PACKAGE-II (DESIGN C,ROAD TRANSPORT AND HIGHWAYS,NHIDCL,NAGALAND,442.54,28.05,5.6,Low,pace is 18% of what the current date needs
N24002153,"STRENGTHENING OF 2L+PS FROM KM 17/8 ? 18/2, CONSTRUCTION OF 2L+PS FROM KM 18/2 TO KM 20/0 AND CONSTR",ROAD TRANSPORT AND HIGHWAYS,MORTH,TAMIL NADU,169.68,100.0,5.5,Low,"agency's own forecast is 18 months past its approved date; 16 months past original date; already past planned completion, no revised pace available"
N16000487,"CGD PROJECT AT BEED, JALGAON AND JALNA DISTRICTS",PETROLEUM,IOCL,MAHARASHTRA,865.0,2.8,5.5,Low,agency's own forecast is 18 months past its approved date; no physical progress for 3 consecutive reports; pace is 6% of what the current date needs
N24002184,CONSTRUCTION OR 4 LANE RANIGANJ BYPASS OF LENGTH 5 261 KM ON NH 60 NEW NH 14 FROM KM 273 00 OF NH,ROAD TRANSPORT AND HIGHWAYS,MORTH,WEST BENGAL,410.83,37.5,5.5,Low,elevated risk on combined profile
N24000752,(I) CONSTRUCTION OF FOUR/SIX LANING FROM KM 132.375 TO KM 158.058 (TOTAL NEW ALIGNMENT LENGTH OF 20.,ROAD TRANSPORT AND HIGHWAYS,NHIDCL,NAGALAND,688.12,100.0,5.4,Low,"agency's own forecast is 26 months past its approved date; 4.7y past original commissioning date; already past planned completion, no revised pace available"
N18000362,DIBANG MULTIPURPOSE PROJECT 2880 MW ARUNACHAL PRADESH,POWER,NHPC,ARUNACHAL PRADESH,31876.39,15.81,5.3,Low,pace is 32% of what the current date needs
N24002220,PERMANENT RECTIFICATION OF 4 NOS. OF BLACKSPOTS ON NH 27 OF KOTWA MEHSI MUZAFFARPUR SECTION FROM,ROAD TRANSPORT AND HIGHWAYS,NHAI,BIHAR,410.75,26.2,5.3,Low,elevated risk on combined profile
N24001817,6L OF CHILKARARUPET BYPASS FROM KM. 357.400 TO KM. 371.920 OF NH-16,ROAD TRANSPORT AND HIGHWAYS,NHAI,ANDHRA PRADESH,757.45,99.61,5.3,Low,"2.3y past original commissioning date; already past planned completion, no revised pace available"
N24001797,6L OF WAINGANGA BRIDGE - BHANDARA (INCLUDING BHANDARA BYPASS) SECTION FROM KM 485.000 TO KM 499.800,ROAD TRANSPORT AND HIGHWAYS,NHAI,MAHARASHTRA,815.77,100.0,5.3,Low,"agency's own forecast is 16 months past its approved date; 17 months past original date; already past planned completion, no revised pace available"
N06000113,SIARMAL OCP (40.00MTY),COAL,MCL,ODISHA,5194.96,53.63,5.3,Low,elevated risk on combined profile
N06000218,UCE OF EPR OF NORTH URIMARI OCP,COAL,CCL,JHARKHAND,778.8,75.0,5.2,Low,no physical progress for 9 consecutive reports; pace is 0% of what the current date needs
N06000251,SAONER UG MINE I EXPANSION,COAL,WCL,MAHARASHTRA,228.64,27.0,5.2,Low,agency anticipates +11% over approved cost; no physical progress for 9 consecutive reports; pace is 0% of what the current date needs
N24000987,6 LANING FROM KM 9.90 TO KM 19.948 (ARAMGARH-SAMSHABAD SECTION) OF HYDERABAD-SAMSHABAD SECTION OF NH,ROAD TRANSPORT AND HIGHWAYS,MORTH,TELANGANA,283.15,92.62,5.2,Low,"5.1y past original commissioning date; already past planned completion, no revised pace available"
N16000506,GRASS-ROOT TERMINAL AT MIRZAPUR UTTAR PRADESH,PETROLEUM,IOCL,UTTAR PRADESH,980.45,50.75,5.2,Low,agency's own forecast is 5 months past its approved date; pace is 12% of what the current date needs
N24001946,"WIDENING TO 2 LANES WITH PAVED SHOULDERS FROM KM 24.400 TO 27.270, 40.500 TO 41.900, 84.300 TO 88.20",ROAD TRANSPORT AND HIGHWAYS,MORTH,KARNATAKA,218.93,95.25,5.2,Low,"7 months past original date; already past planned completion, no revised pace available"
N06000123,AMERA OC RCE,COAL,SECL,CHHATTISGARH,335.97,42.0,5.1,Low,7.3y past original commissioning date; no physical progress for 9 consecutive reports; pace is 0% of what the current date needs
N30000021,INTERCEPTION AND DIVERSION WORKS AND STP AT MUZAFFARNAGAR UTTAR PRADESH,WATER RESOURCES,UPJALNIGAM,UTTAR PRADESH,234.03,100.0,5.1,Low,"agency's own forecast is 62 months past its approved date; 3.5y past original commissioning date; already past planned completion, no revised pace available"
N06000226,AMALGAMATED INDER-KAMPTEE DEEP OC (3.20 MTY),COAL,WCL,MAHARASHTRA,235.9,87.0,5.1,Low,agency anticipates +33% over approved cost; 15 months past original date; no physical progress for 9 consecutive reports
N24002055,FOUR LANING OF BASUKINATH- DEOGHAR SECTION OF NH-114A FROM KM 85.081 TO KM 130.240 UNDER NHDP PHASE-I,ROAD TRANSPORT AND HIGHWAYS,NHAI,JHARKHAND,1444.94,0.0,5.0,Low,no physical progress for 9 consecutive reports; pace is 0% of what the current date needs
N24001404,TAMENGLONG - MAHUR PKG-4,ROAD TRANSPORT AND HIGHWAYS,NHIDCL,MANIPUR,198.77,100.0,4.9,Low,"2.3y past original commissioning date; no physical progress for 3 consecutive reports; already past planned completion, no revised pace available"
N24001882,CONSTRUCTION OF NEW FOUR LANE BYPASS TO PARBHANI CITY (PARWA TO ASOLA) KM 463/265 TO KM 481/180 (DES,ROAD TRANSPORT AND HIGHWAYS,MORTH,MAHARASHTRA,496.64,8.0,4.9,Low,"8 months past original date; no physical progress for 9 consecutive reports; already past planned completion, no revised pace available"
N24001467,WIDENING TO EXISTING SINGRE/INTERMEDIATE RANE TO 2 LANE FROM KM 135 TO KM 147 AND FROM KM 156.00 TO,ROAD TRANSPORT AND HIGHWAYS,MORTH,NAGALAND,226.44,100.0,4.9,Low,"16 months past original date; no physical progress for 3 consecutive reports; already past planned completion, no revised pace available"
N24001896,UPGRADATIOBN AND REHABILITATION OF SECTION OF NH 361 F FROM PARLI (00/000) TO GANGAKHED (30/400) TO,ROAD TRANSPORT AND HIGHWAYS,MORTH,MAHARASHTRA,224.44,45.63,4.9,Low,agency's own forecast is 7 months past its approved date; 21 months past original date; no physical progress for 9 consecutive reports
N24000983,WIDENING TO TWO LANE WITH PAVED SHOULDERS FROM KM 0/970 TO KM 40/410 OF JANAGAON-THIRUMALAGIRI OF NH,ROAD TRANSPORT AND HIGHWAYS,MORTH,TELANGANA,196.52,92.74,4.9,Low,"5.7y past original commissioning date; already past planned completion, no revised pace available"
N24001798,4L MITIGATION MEASURE STRUCTURES ON CH/MH BORDER TO WAINGANGA BRIDGE SECTION OF NH- 53,ROAD TRANSPORT AND HIGHWAYS,NHAI,MAHARASHTRA,540.21,100.0,4.9,Low,"agency's own forecast is 18 months past its approved date; 19 months past original date; already past planned completion, no revised pace available"
N22000102,"SEVOK RANGPO, NEFR",RAILWAYS,NFR,SIKKIM,11963.43,79.5,4.9,Low,10.1y past original commissioning date
N24001843,6L ACCESS CONTROLLED GREENFIELD HIGHWAY FROM VANKARAKUNTA 45.700 KM. TO ODULAPALLE 72.000 KM. OF NH,ROAD TRANSPORT AND HIGHWAYS,NHAI,ANDHRA PRADESH,992.89,47.0,4.9,Low,pace is 33% of what the current date needs
N24002132,4 LANE WITH PAVED SHOULDER AGARTALA BYPASS (WESTERN SIDE) CONNECTING NH-8,ROAD TRANSPORT AND HIGHWAYS,NHIDCL,TRIPURA,2026.05,8.82,4.8,Low,pace is 20% of what the current date needs
N24001173,CONSTRUCTION OF MAJOR BRIDGE AT KM 180.865 ACROSS RIVER KRISHNA ON NH-167 HAGARI ? JADERCELA SECTION,ROAD TRANSPORT AND HIGHWAYS,MORTH,KARNATAKA,188.0,60.0,4.8,Low,agency's own forecast is 77 months past its approved date; 6.1y past original commissioning date; no physical progress for 9 consecutive reports
N24001755,4-LANING OF MEERUT NAJIBABAD SECTION FROM KM. 11.500 TO KM 39.250 AND KM 86.590 TO KM. 112.545.IN TH,ROAD TRANSPORT AND HIGHWAYS,NHAI,UTTAR PRADESH,1936.68,100.0,4.8,Low,"agency anticipates +27% over approved cost; 2.3y past original commissioning date; already past planned completion, no revised pace available"
N24001390,JORAM ? KOLORIANG ROAD FROM EXISTING KM 50.050 TO KM 70.00 (PKG- 3),ROAD TRANSPORT AND HIGHWAYS,NHIDCL,ARUNACHAL PRADESH,228.71,99.52,4.8,Low,"3.2y past original commissioning date; no physical progress for 8 consecutive reports; already past planned completion, no revised pace available"
N24000714,CONSTRUCTION OF NEW LINK (NH- 133B) FROM KM 0/00 (KM 200/87 OF SAHIBANJ BYPASS) IN JHARKHAND TO KM 15,ROAD TRANSPORT AND HIGHWAYS,NHAI,BIHAR,2598.0,77.9,4.8,Low,8 months past original date; date already moved 2x in 10 months
N06000250,TAWA III UG MINE,COAL,WCL,MADHYA PRADESH,314.09,9.0,4.8,Low,agency anticipates +3% over approved cost; no physical progress for 9 consecutive reports; pace is 0% of what the current date needs
N06000274,KATKONA RO UG PROJECT (1.74 MTY),COAL,SECL,CHHATTISGARH,329.22,2.0,4.8,Low,no physical progress for 8 consecutive reports; pace is 0% of what the current date needs; spend outruns works by 16pp
N24000993,REHABILITATION AND UPGRADATION OF NH-167 FROM DESIGN KM.187.723 TO 234.434 (MIRYALAGUDA TO KODAD SEC,ROAD TRANSPORT AND HIGHWAYS,MORTH,TELANGANA,322.81,98.14,4.8,Low,"4.7y past original commissioning date; already past planned completion, no revised pace available"
N06000253,MAKARDHOKDA I EXPANSION OC,COAL,WCL,MAHARASHTRA,361.87,12.0,4.8,Low,agency anticipates +37% over approved cost; no physical progress for 9 consecutive reports; pace is 0% of what the current date needs
N24000907,WIDENING AND PAVED SHOULDER OF TOHANA (IN HARYANA) PUNJAB/HARYANA BORDER TO MOONAK-JAKHAL-BUDHLADA,ROAD TRANSPORT AND HIGHWAYS,MORTH,PUNJAB,293.1,100.0,4.7,Low,agency's own forecast is 58 months past its approved date; agency anticipates +7% over approved cost; 4.8y past original commissioning date
N24001883,CONSTRUCTION OF 4 LANE FLYOVER AT NAGPUR RTO CHOWK TO NAGPUR UNIVERSITY CAMPUS FROM CH 2/250 TO 5/10,ROAD TRANSPORT AND HIGHWAYS,MORTH,MAHARASHTRA,478.83,65.0,4.7,Low,"15 months past original date; no physical progress for 9 consecutive reports; already past planned completion, no revised pace available"
N06000148,AMADAND OPENCAST EXPANSION PROJECT,COAL,SECL,MADHYA PRADESH,869.44,75.0,4.6,Low,4.3y past original commissioning date
N06000264,GOKUL EXPANSION OC,COAL,WCL,MAHARASHTRA,309.58,7.0,4.6,Low,agency anticipates +48% over approved cost; no physical progress for 9 consecutive reports; pace is 0% of what the current date needs
N24001813,4L OF END OF PINJORE BYPASS - BADDI - NALAGARH SECTION (KM. 4.200 TO KM. 35.370) OF NH21A,ROAD TRANSPORT AND HIGHWAYS,NHAI,HIMACHAL PRADESH,1692.05,21.6,4.6,Low,"9 months past original date; no physical progress for 9 consecutive reports; already past planned completion, no revised pace available"
N24002235,CONSTRUCTION OF RAEBARELI RING ROAD (PHASE-2) WITH FOUR LANE CONFIGURATION FOR RAEBARELI CITY IN THE,ROAD TRANSPORT AND HIGHWAYS,MORTH,UTTAR PRADESH,1273.72,0.0,4.6,Low,pace is 0% of what the current date needs; spend outruns works by 26pp
N06000170,NAKRAKONDA KUMARDIH B OCP,COAL,ECL,WEST BENGAL,502.68,25.51,4.6,Low,elevated risk on combined profile
N24002059,2L NH-1 FROM KM 8.660 TO KM 33.775 (SUMBAL TO WAYUL) TO 4L DUAL CARRIAGEWAY NH STANDARD AS PART OF S,ROAD TRANSPORT AND HIGHWAYS,NHAI,JAMMU AND KASHMIR,1183.6,16.63,4.5,Low,agency's own forecast is 6 months past its approved date; pace is 24% of what the current date needs
N28000125,INDORE METRO RAIL,URBAN DEVELOPMENT,MPMRCL,MADHYA PRADESH,7500.8,53.54,4.5,Low,2.3y past original commissioning date
N24002030,DEVELOPMENT OF EXTERNAL TRUNK CONNECTIVITY AND INTERNAL INFRASTRUCTURE WORKS AT MULTI MODEL LOGISTIC,ROAD TRANSPORT AND HIGHWAYS,NHIDCL,ASSAM,592.06,100.0,4.5,Low,agency's own forecast is 30 months past its approved date; 3.3y past original commissioning date; no physical progress for 7 consecutive reports
N06000193,PACHWARA SOUTH COAL BLOCK,COAL,NLC,JHARKHAND,2242.9,54.0,4.5,Low,elevated risk on combined profile
N24002094,"IMPROVEMENT AND UP-GRADATION OF EXISTING ROAD TO 4L PS FROM KM 123.650 TO 175.080, FROM START OF SHA",ROAD TRANSPORT AND HIGHWAYS,NHAI,UTTAR PRADESH,1212.26,34.19,4.4,Low,pace is 14% of what the current date needs
N24002130,TAMENGLONG- MAHUR ROAD PKG-7,ROAD TRANSPORT AND HIGHWAYS,NHIDCL,ASSAM,846.82,68.95,4.4,Low,elevated risk on combined profile
N12000095,NEW SINTER PLANT AT BOKARO STEEL PLANT,STEEL,SAIL,JHARKHAND,1752.3,51.75,4.4,Low,7.7y past original commissioning date; no physical progress for 8 consecutive reports; pace is 0% of what the current date needs
N16000488,CGD PROJECT AT PATHANKOT DISTRICT,PETROLEUM,IOCL,PUNJAB,151.0,2.0,4.4,Low,no physical progress for 3 consecutive reports; pace is 3% of what the current date needs
N24002105,CONSTRUCTION OF NEW 4 LANE PRAYAGRAJ SOUTHERN BYPASS (PHASE-I) FROM DESIGN KM 43+200 (AT MAHUWARI VI,ROAD TRANSPORT AND HIGHWAYS,NHAI,UTTAR PRADESH,1378.36,30.89,4.4,Low,pace is 32% of what the current date needs
N16000505,AUGMENTATION OF FACILITIES AT MATHURA BITUMEN PLANT,PETROLEUM,IOCL,UTTAR PRADESH,260.12,25.0,4.3,Low,2 months past original date; no physical progress for 3 consecutive reports; pace is 37% of what the current date needs
N24002175,CONSTRUCTION OF FOUR-LANE CONCRETE ROAD FROM POLICE HEADQUARTER GONDIA CITY TO RAWANWADI VILLAGE (BI,ROAD TRANSPORT AND HIGHWAYS,MORTH,MAHARASHTRA,328.11,0.0,4.3,Low,no physical progress for 7 consecutive reports; pace is 0% of what the current date needs
N24002200,BALANCE WORKS OF 4 LANE DIVIDED CARRIAGEWAY OF MISSING LINK SECTION OF NH-39 (REWA BYPASS) FROM JUNC,ROAD TRANSPORT AND HIGHWAYS,NHAI,MADHYA PRADESH,355.36,34.4,4.3,Low,elevated risk on combined profile
N24001847,6L ACCESS CONTROLLED GREENFIELD HIGHWAY FROM AUDIREDDIPALLE 160.000 KM. TO MALLAPALLE 176.000 KM. PA,ROAD TRANSPORT AND HIGHWAYS,NHAI,ANDHRA PRADESH,956.14,43.11,4.3,Low,pace is 28% of what the current date needs
N24002142,2-LANE WITH PAVED SHOULDER CONFIGURATION OF LAMBASINGI TO PADERU SECTION (KM 205+000 TO KM 253+974),ROAD TRANSPORT AND HIGHWAYS,MORTH,ANDHRA PRADESH,361.24,,4.2,Low,elevated risk on combined profile
N12000135,REPLACEMENT OF REMAINING 04 NOS. OF BATTERY CYCLONES WITH 04 NOS. OF ESPS IN SINTER PLANT-1 AT BSL,STEEL,SAIL,JHARKHAND,260.37,18.0,4.2,Low,pace is 25% of what the current date needs
N24001716,THOPPUR METTUR BHAVANI ERODE SECTION OF NH 544H FOR A LENGTH OF 85 KM,ROAD TRANSPORT AND HIGHWAYS,NHAI,TAMIL NADU,242.4,100.0,4.2,Low,"22 months past original date; no physical progress for 3 consecutive reports; already past planned completion, no revised pace available"
N24001402,TAMENGLONG - MAHUR PKG-1,ROAD TRANSPORT AND HIGHWAYS,NHIDCL,MANIPUR,185.8,100.0,4.2,Low,"2.3y past original commissioning date; no physical progress for 4 consecutive reports; already past planned completion, no revised pace available"
N24002192,REHABILITATION AND UP-GRADATION TO 4L CONFIGURATION AND STRENGTHENING OF THANPURI TO PAROR SECTION F,ROAD TRANSPORT AND HIGHWAYS,NHAI,HIMACHAL PRADESH,815.69,33.56,4.2,Low,pace is 30% of what the current date needs; spend outruns works by 16pp
N16000478,HALDIA PANAGARH PIPELINE PROJECT,PETROLEUM,HPCL,WEST BENGAL,1010.0,80.09,4.2,Low,elevated risk on combined profile
N24001480,WIDENING AND STRENGTHENING FROM KM 0.00 TO KM 15.089 OF NH- 334A (PURKAJI-LAKSAR-HARIDWAR ROAD) TO TW,ROAD TRANSPORT AND HIGHWAYS,MORTH,UTTAR PRADESH,227.06,100.0,4.2,Low,agency's own forecast is 11 months past its approved date; 14 months past original date; no physical progress for 3 consecutive reports
N06000200,DIPKA OC EXPANSION 40 MTY,COAL,SECL,CHHATTISGARH,5241.4,37.3,4.1,Low,no physical progress for 3 consecutive reports; spend outruns works by 17pp
N24000989,WIDENING AND STRENGTHENING OF EXISTING CARRIAGEWAY IN 2 LANE WITH PAVED SHOULDERS FROM KM.25/0 TO 59,ROAD TRANSPORT AND HIGHWAYS,MORTH,TELANGANA,206.13,98.56,4.1,Low,"5.0y past original commissioning date; already past planned completion, no revised pace available"
N24002010,WIDENING AND STRENGTHENING TO 4 LANE / 2-LANE WITH PAVED SHOULDERS OF MAHABUBNAGAR- CHINCHOLI SECTION,ROAD TRANSPORT AND HIGHWAYS,MORTH,TELANGANA,631.49,28.98,4.1,Low,"agency's own forecast is 19 months past its approved date; 15 months past original date; already past planned completion, no revised pace available"
N24002146,KURNOOL/KADAPA BORDER- JAMMALAMADUGU SECTION OF NH- 167K I.E. DESIGN CH. KM 248+010 TO KM 269+900,ROAD TRANSPORT AND HIGHWAYS,MORTH,ANDHRA PRADESH,292.63,,4.1,Low,elevated risk on combined profile
N24001375,4 LANING OF ITANAGAR TO BANDARDEWA SECTION OF NH-415 FROM KM 40+430 TO KM 51+735 (PACKAGE B) ON EPC,ROAD TRANSPORT AND HIGHWAYS,MORTH,ARUNACHAL PRADESH,496.47,44.56,4.1,Low,pace is 38% of what the current date needs
N24002138,CONSTRUCTION OF FOUR LANE HIGHWAY WITH PAVED SHOULDER FROM KM.74.700 TO KM.112.950 OF NH- 731A (I/C Y,ROAD TRANSPORT AND HIGHWAYS,MORTH,UTTAR PRADESH,1141.67,50.0,4.0,Low,elevated risk on combined profile
N24002160,IMPROVEMENT AND WIDENING TO 2- LANE WITH PAVED SHOULDER OF ROAD FROM KM 101.300 TO KM 127.319 (TOTAL,ROAD TRANSPORT AND HIGHWAYS,NHIDCL,TRIPURA,431.78,34.61,4.0,Low,elevated risk on combined profile
N06000290,TIKAK EXTENSION OCP - 0.2 MTY,COAL,CIL,ASSAM,159.77,0.0,4.0,Low,no physical progress for 3 consecutive reports; pace is 0% of what the current date needs; spend outruns works by 51pp
N24001547,BALANCE WORK OF 4L OF NARIMBANGLO?JATINGA JUNCTION- HARANGAJO ROAD SECTION FROM KM 0.000 TO KM 49.23,ROAD TRANSPORT AND HIGHWAYS,NHAI,ASSAM,1909.98,78.92,4.0,Low,elevated risk on combined profile
N24002204,ZORINPUI- HMAWNGBU-LONGMASU (NH-502A),ROAD TRANSPORT AND HIGHWAYS,NHIDCL,MIZORAM,781.85,3.0,4.0,Low,pace is 10% of what the current date needs
N28000056,DELHI MRTS PHASE-III,URBAN DEVELOPMENT,DMRC,DELHI,43095.35,100.0,4.0,Low,"9.3y past original commissioning date; no physical progress for 6 consecutive reports; already past planned completion, no revised pace available"
N24001886,DEVELOPMENT/WIDENING OF TALEGAON ? CHAKAN ? SHIKRAPUR ? NHAVARA SECTION OF NH 548DG (NHAVARA TO CHOU,ROAD TRANSPORT AND HIGHWAYS,MORTH,MAHARASHTRA,304.68,59.0,4.0,Low,"10 months past original date; already past planned completion, no revised pace available"
N24001938,"CONSTRUCTION OF ELEVATED CORRIDOR FROM KM. 135.650 TO 136.300 ON 63, FROM KM. 249 TO KM. 250.050 ON",ROAD TRANSPORT AND HIGHWAYS,MORTH,KARNATAKA,298.0,52.0,4.0,Low,"12 months past original date; no physical progress for 9 consecutive reports; already past planned completion, no revised pace available"
N24001940,WIDENING TO 2 LANE WITH PAVED SHOULDERS FROM DESIGN KM 103.200 (EXISTING KM 103.200) TO DESIGN KM 11,ROAD TRANSPORT AND HIGHWAYS,MORTH,KARNATAKA,166.58,0.0,4.0,Low,no physical progress for 9 consecutive reports; pace is 0% of what the current date needs
N22000585,DOUBLING BETWEEN GOOTY- PENDAKALLU (29.225),RAILWAYS,SCR,ANDHRA PRADESH,351.83,0.0,4.0,Low,no physical progress for 9 consecutive reports; pace is 0% of what the current date needs
N24001884,REHABILITATION AND UPGRADATION OF SATANA TO MANGRUL (CHANDWAD) SECTION OF NH752 G DESIGN CH: KM 64.0,ROAD TRANSPORT AND HIGHWAYS,MORTH,MAHARASHTRA,428.8,30.69,3.9,Low,"1 months past original date; no physical progress for 9 consecutive reports; already past planned completion, no revised pace available"
N24001984,4L PS FROM MANDLEM (EXISTING KM. 38.000/DESIGN KM.30.600) TO ATMAKUR (EXISTING KM.73.000/DESIGN KM 6,ROAD TRANSPORT AND HIGHWAYS,NHAI,ANDHRA PRADESH,887.28,89.2,3.9,Low,elevated risk on combined profile
N24002177,REHABILITATION / UPGRADATION TO 4 LANE WITH PAVED SHOULDER OF EXISTING SECTION IN SILLOD TOWN WITH D,ROAD TRANSPORT AND HIGHWAYS,MORTH,MAHARASHTRA,153.79,0.0,3.9,Low,no physical progress for 7 consecutive reports; pace is 0% of what the current date needs
N24002140,SOMAYAJULAPALLI ? DHONE SECTION OF NH ? 340B FROM KM.0/0 TO 56/200 [DESIGN CH. KM 0/00 TO KM 53/33],ROAD TRANSPORT AND HIGHWAYS,MORTH,ANDHRA PRADESH,629.73,,3.9,Low,elevated risk on combined profile
N24002122,6L ACCESS CONTROLLED GREENFIELD HIGHWAY FROM NARAYANMPET (CH. 203+500) TO CHANDRASEKHARPURAM (CH. 22,ROAD TRANSPORT AND HIGHWAYS,NHAI,ANDHRA PRADESH,813.66,24.2,3.9,Low,pace is 19% of what the current date needs
N06000289,INTEGRATED KULDA GARJANBAHAL OCP,COAL,MCL,ODISHA,3563.5,4.0,3.9,Low,elevated risk on combined profile
N16000431,REDEVELOPMENT OF SOBHASAN COMPLEX,PETROLEUM,ONGC,GUJARAT,1286.67,71.4,3.9,Low,elevated risk on combined profile
N24002128,SILCHAR VAIRENGTE SAIRANG ROAD PKG-2,ROAD TRANSPORT AND HIGHWAYS,NHIDCL,ASSAM,1716.21,64.56,3.8,Low,elevated risk on combined profile
N18000404,TRANSMISSION SYSTEM FOR EVACUATION OF POWER FROM RAJASTHAN REZ PH-IV [PART-3 (6 GW)] [BIKANER COMPLE,POWER,PGCIL,RAJASTHAN,5357.0,3.8,3.8,Low,pace is 17% of what the current date needs
N24002186,WIDENING TO 2 LANE WITH PAVED SHOULDERS FROM DESIGN KM 103.200 (EXISTING KM 103.200) TO DESIGN KM 11,ROAD TRANSPORT AND HIGHWAYS,MORTH,KARNATAKA,166.58,0.0,3.8,Low,no physical progress for 7 consecutive reports; pace is 0% of what the current date needs
N06000287,BLOCK-E OCP (15 MTY),COAL,BCCL,JHARKHAND,5850.83,2.0,3.8,Low,pace is 6% of what the current date needs
N06000239,SIRKA OCP,COAL,CCL,JHARKHAND,222.82,51.0,3.8,Low,no physical progress for 9 consecutive reports
N06000230,BALARAM EXPANSION OCP,COAL,MCL,ODISHA,3504.21,52.44,3.8,Low,pace is 35% of what the current date needs
N16000481,KALOL REDEVELOPMENT PROJECT,PETROLEUM,ONGC,GUJARAT,1487.41,60.0,3.8,Low,elevated risk on combined profile
N24000998,WIDENING AND STRENGTHENING/ RECONSTRUCTION OF EXISTING PAVEMENT TO FOUR ALNE WITH PAVED SHOULDERS FR,ROAD TRANSPORT AND HIGHWAYS,MORTH,TELANGANA,193.19,100.0,3.7,Low,agency anticipates +29% over approved cost; spend outruns works by 15pp
N12000131,"REPLACEMENT OF CONVERTER VESSELS, TRUNNION RINGS, SUPPORT SYSTEM AND INSTALLATION OF SECONDARY EMISS",STEEL,SAIL,CHHATTISGARH,471.83,31.06,3.7,Low,elevated risk on combined profile
N06000257,AMALGAMATED DHANKASA JAMUNIA UG (1.84 MTY),COAL,WCL,MADHYA PRADESH,399.2,42.0,3.7,Low,agency anticipates +25% over approved cost; no physical progress for 9 consecutive reports; pace is 0% of what the current date needs
N24001112,NASRATPUR TO BARASGAON,ROAD TRANSPORT AND HIGHWAYS,MORTH,MAHARASHTRA,407.0,,3.7,Low,"5.7y past original commissioning date; already past planned completion, no revised pace available"
N18000403,TRANSMISSION SYSTEM FOR EVACUATION OF POWER FROM RAJASTHAN REZ PH-IV [PART-3 (6GW)] [BIKANER COMPLEX,POWER,PGCIL,RAJASTHAN,5969.0,0.0,3.7,Low,no physical progress for 4 consecutive reports; pace is 0% of what the current date needs
N06000273,AMALGAMATED NTST KUJAMA OCP 8.5 MTY,COAL,BCCL,JHARKHAND,4011.85,25.1,3.7,Low,pace is 8% of what the current date needs
N18000392,TS FOR EVACUATION POWER RAJASTHAN REZ PH-IV (PART-2:5.5GW) (JAISALMER/BARMER COMPLEX): PART- C,POWER,PGCIL,MADHYA PRADESH,2708.0,25.7,3.6,Low,pace is 50% of what the current date needs
N24001124,AURANGABAD TO SILLOD,ROAD TRANSPORT AND HIGHWAYS,MORTH,MAHARASHTRA,541.93,94.07,3.6,Low,"agency's own forecast is 54 months past its approved date; 6.0y past original commissioning date; already past planned completion, no revised pace available"
N24001936,BALANCE WORK OF CONTSRUCTION OF TWO/FOUR LANE WITH PAVED SHOULDER FROM KM. 54.370 TO KM. 101.400 (BI,ROAD TRANSPORT AND HIGHWAYS,MORTH,KARNATAKA,344.79,90.0,3.6,Low,"2.3y past original commissioning date; no physical progress for 9 consecutive reports; already past planned completion, no revised pace available"
N24002242,CHOITHAR TO MARREM KHULLEN SECTION IMPHAL- UKHRUL - JESSAMI PKG-5,ROAD TRANSPORT AND HIGHWAYS,NHIDCL,MANIPUR,564.05,0.0,3.6,Low,pace is 0% of what the current date needs
N24001941,WIDENING TO 4 LANE FROM KM. 133.00 TO 158.04 (DESIGN CHAINAGE KM. 130.88 TO 155.145) (SHIRUR CROSS T,ROAD TRANSPORT AND HIGHWAYS,MORTH,KARNATAKA,350.69,56.0,3.6,Low,"5 months past original date; no physical progress for 9 consecutive reports; already past planned completion, no revised pace available"
N24002211,REHABILITATION AND UPGRADATION TO FOUR LANE ROAD FROM KM 70.500 TO KM 78.600 OF NH-92 UNDER EPC MODE,ROAD TRANSPORT AND HIGHWAYS,MORTH,UTTAR PRADESH,296.02,0.0,3.6,Low,no physical progress for 4 consecutive reports; pace is 0% of what the current date needs
N06000232,JAGANNATHPUR OC RCE (3.0 MTY),COAL,SECL,CHHATTISGARH,459.49,92.0,3.6,Low,5.3y past original commissioning date; no physical progress for 9 consecutive reports; pace is 0% of what the current date needs
N24002124,6L ACCESS CONTROLLED GREENFIELD HIGHWAY FROM POLAVARAM (CH. 260+000) TO MARRIPUDI (CH. 285+500) OF [,ROAD TRANSPORT AND HIGHWAYS,NHAI,ANDHRA PRADESH,747.29,32.02,3.6,Low,pace is 30% of what the current date needs
N24002104,CONSTRUCTION OF RING ROAD AROUND KANPUR FROM KM.000 TO KM. 23.325 (CHACHENDI SACHENDI I TO MAHARAJPU,ROAD TRANSPORT AND HIGHWAYS,NHAI,UTTAR PRADESH,1754.0,35.2,3.6,Low,pace is 43% of what the current date needs
N24002206,CONSTRUCTION FOR MITIGATION MEASURES PKG-2,ROAD TRANSPORT AND HIGHWAYS,NHIDCL,UTTARAKHAND,259.64,20.23,3.5,Low,elevated risk on combined profile
N42000009,PERMANENT CAMPUS FOR IIM BODH GAYA,DEPARTMENT OF HIGHER EDUCATION,CPWD EDUCATION,BIHAR,375.0,100.0,3.5,Low,"agency's own forecast is 54 months past its approved date; 4.7y past original commissioning date; already past planned completion, no revised pace available"
N24002233,DAINADUBI-DARUGIRI PKG-1B,ROAD TRANSPORT AND HIGHWAYS,NHIDCL,MEGHALAYA,705.83,2.13,3.4,Low,pace is 23% of what the current date needs
N24001937,BALANCE WORK OF REHABILITATION AND UPGRADING TO 2LANE/2LANE WITH PAVED SHOULDER CONFIGURATION AND ST,ROAD TRANSPORT AND HIGHWAYS,MORTH,KARNATAKA,398.48,50.0,3.4,Low,"16 months past original date; no physical progress for 9 consecutive reports; already past planned completion, no revised pace available"
N10000017,CONSTRUCTION OF RED MUD POND - II AT NALCO DAMANJODI ODISHA,MINES,NALCO,ODISHA,225.79,100.0,3.4,Low,agency anticipates +20% over approved cost; 2.3y past original commissioning date; no physical progress for 9 consecutive reports
N24001947,WIDENING TO EXISTING 2 LANE WITH PAVED SHOULDER TO 4 LANE WITH PAVED SHOULDER FROM DESIGN KM 153.00,ROAD TRANSPORT AND HIGHWAYS,MORTH,KARNATAKA,177.94,47.0,3.4,Low,"4 months past original date; no physical progress for 9 consecutive reports; already past planned completion, no revised pace available"
N06000285,RPR OF HINGULA EXPANSION OCP,COAL,MCL,ODISHA,1561.85,23.57,3.4,Low,elevated risk on combined profile
N24000986,WIDENING TO TWO LANE WITH PAVED SHOULDERS FROM KM 67.00 TO 114.425 OF KALWAKURTHY- MALLEPALLY SECTION,ROAD TRANSPORT AND HIGHWAYS,MORTH,TELANGANA,300.0,99.09,3.4,Low,"6.1y past original commissioning date; already past planned completion, no revised pace available"
N06000265,URDHAN OC,COAL,WCL,MADHYA PRADESH,206.88,9.0,3.3,Low,agency anticipates +10% over approved cost; no physical progress for 9 consecutive reports; pace is 0% of what the current date needs
N24002163,CONSTRUCTION FOR MITIGATION MEASURES KM 368.00-UTTARAKHAND- TO KM 433.00 ON NH-07-PKG-1,ROAD TRANSPORT AND HIGHWAYS,NHIDCL,UTTARAKHAND,216.88,75.8,3.3,Low,elevated risk on combined profile
N24002194,CONSTRUCTION OF 6-LANE ELEVATED / EXTRA DOSE CABLE BRIDGE ON RIVER GANGA PARALLEL TO AND WESTERN SID,ROAD TRANSPORT AND HIGHWAYS,MORTH,BIHAR,3064.45,5.19,3.3,Low,pace is 24% of what the current date needs
N24001775,CONSTRUCTION OF PROPOSED REWARI BYPASS (DESIGN LENGTH 14.4 KM) NH-11 AS A FEEDER ROUTE IN THE STATE,ROAD TRANSPORT AND HIGHWAYS,NHAI,HARYANA,808.31,100.0,3.3,Low,agency anticipates +19% over approved cost; 2.4y past original commissioning date; no physical progress for 3 consecutive reports
N24001916,IMPROVEMENT/CONSTRUCTION OF EXISTING CLASS 5 ROAD TO NH INTERMEDIATE LANE SPECIFICATION WITH HARD SH,ROAD TRANSPORT AND HIGHWAYS,BRO,HIMACHAL PRADESH,314.67,47.0,3.3,Low,pace is 49% of what the current date needs
N16000531,GURDASPUR JAMMU PIPELINE,PETROLEUM,GAIL,MULTI STATE,521.92,35.5,3.3,Low,pace is 41% of what the current date needs
N24002228,KHOWAI ?TELIAMURA-AMARPUR- HARINA-SABROOM SECTION PKG-4,ROAD TRANSPORT AND HIGHWAYS,NHIDCL,TRIPURA,726.9,3.85,3.3,Low,pace is 24% of what the current date needs
N24002023,BILASIPURA-GUWAHATI ROAD PKG-10,ROAD TRANSPORT AND HIGHWAYS,NHIDCL,ASSAM,1264.9,27.99,3.3,Low,pace is 28% of what the current date needs
N24002236,CONSTRUCTION OF 4-LANE ACCESS CONTROLLED GREENFIELD HIGHWAY SECTION ON NH-163G (KHAMMAM - VIJAYAWADA,ROAD TRANSPORT AND HIGHWAYS,NHAI,TELANGANA,832.62,0.0,3.3,Low,"agency's own forecast is 24 months past its approved date; 3 months past original date; already past planned completion, no revised pace available"
N16000441,"REVAMPING OF FACILITIES AT EXISTING GUWAHATI TERMINAL, ASSAM",PETROLEUM,IOCL,ASSAM,277.0,67.67,3.3,Low,elevated risk on combined profile
N24001057,KARAD PATAN CHIPLUN GUHAGAR,ROAD TRANSPORT AND HIGHWAYS,MORTH,MAHARASHTRA,407.0,,3.2,Low,"6.0y past original commissioning date; already past planned completion, no revised pace available"
N24002185,CONSTRUCTION OF 2 LANE WITH PAVED SHOULDERS (BARAMULLA BYPASS) GREENFIELD BYPASS FROM EXISTING CH. K,ROAD TRANSPORT AND HIGHWAYS,BRO,JAMMU AND KASHMIR,992.43,0.0,3.2,Low,no physical progress for 7 consecutive reports; pace is 0% of what the current date needs; spend outruns works by 34pp
N24002154,CONSTRUCTION OF 4-LANE PANCHGRAM BYPASS FROM DESIGN CHAINAGE KM 15+500 ON NH-37 (OLD NH-53) AT KALIN,ROAD TRANSPORT AND HIGHWAYS,NHIDCL,ASSAM,728.97,43.16,3.2,Low,elevated risk on combined profile
N24001877,CONSTRUCTION OF NEW 4-LANE BRIDGE (PARALLEL TO EXISTING VIKRAMASHILA SETU)FROM KM 8+920 TO KM 13+375,ROAD TRANSPORT AND HIGHWAYS,MORTH,BIHAR,1110.23,42.9,3.2,Low,elevated risk on combined profile
N24002182,WORK OF DEVELOPMENT AND CONSTRUCTION OF ELEVATED CORRIDORFROM KM 38/660 TO KM 42/690 (ISCON JUNCTION,ROAD TRANSPORT AND HIGHWAYS,MORTH,GUJARAT,530.2,0.0,3.2,Low,no physical progress for 7 consecutive reports; pace is 0% of what the current date needs
N28000141,"C/O PERMANENT CAMPUS OF IIT BHILAI AT KUTHELABHATA, DURG CHHATTISGARH, STAGE I PHASE I.",DEPARTMENT OF HIGHER EDUCATION,CPWD EDUCATION,CHHATTISGARH,879.22,100.0,3.2,Low,"2.9y past original commissioning date; no physical progress for 4 consecutive reports; already past planned completion, no revised pace available"
N24001309,KAILASHAHAR TO KHOWAI PKG-4,ROAD TRANSPORT AND HIGHWAYS,NHIDCL,TRIPURA,171.5,100.0,3.2,Low,agency's own forecast is 13 months past its approved date; 3.0y past original commissioning date; no physical progress for 6 consecutive reports
N40000001,NATIONAL INDUSTRIAL CORRIDOR PROJECT,DPIIT,DMIC FOR DPIIT,MULTI STATE,26684.0,50.99,3.2,Low,no physical progress for 9 consecutive reports; pace is 0% of what the current date needs
N06000246,EXPANSION OF KARO OCP,COAL,CCL,JHARKHAND,908.47,21.0,3.2,Low,pace is 15% of what the current date needs
N24002013,CONSTRUCTION OF TWO LANE WITH PAVED SHOULDER FROM KM.0 TO KM. 80 ON NH 548B (VIJAYAPURA- SANKESWAR SE,ROAD TRANSPORT AND HIGHWAYS,MORTH,KARNATAKA,766.64,75.0,3.1,Low,"3.3y past original commissioning date; no physical progress for 9 consecutive reports; already past planned completion, no revised pace available"
N06000209,DHUPTALA OC(SASTI UG TO OC),COAL,WCL,MAHARASHTRA,711.0,33.0,3.1,Low,no physical progress for 9 consecutive reports; pace is 0% of what the current date needs
N24001976,WIDENING TO 2 LANE WITH HARD SHOULDER OF AKEGWO-AVANGKHU SECTION OF NH-202K FOR PACKAGE-I (DESIGN CH,ROAD TRANSPORT AND HIGHWAYS,NHIDCL,NAGALAND,430.24,58.57,3.1,Low,elevated risk on combined profile
N06000281,PARASCOLE JAMBAD OCP,COAL,ECL,WEST BENGAL,1193.55,0.01,3.1,Low,no physical progress for 5 consecutive reports; pace is 0% of what the current date needs
N24002150,CONSTRUCTION OF BALRAMPUR BYPASS WITH 2L FLEXIBLE PAVEMENT CONFIGURATION FROM KM.223.000 OF NH-330 T,ROAD TRANSPORT AND HIGHWAYS,MORTH,UTTAR PRADESH,515.69,37.0,3.1,Low,elevated risk on combined profile
N24002123,6L ACCESS CONTROLLED GREENFIELD HIGHWAY FROM CHANDRASEKHARAPURAM (CH. 228+000) TO POLAVARAM (CH. 260,ROAD TRANSPORT AND HIGHWAYS,NHAI,ANDHRA PRADESH,1292.65,18.96,3.1,Low,pace is 15% of what the current date needs
N24001892,REHABILITATION AND UPGRADATION OF SHIRAPUR JUNCTION TO SHIVAJI CHOWK (DESIGN CHAINAGE KM. 130+00 TO,ROAD TRANSPORT AND HIGHWAYS,MORTH,MAHARASHTRA,245.61,33.0,3.1,Low,"6 months past original date; already past planned completion, no revised pace available"
N06000206,SASTI EXPANSION OC,COAL,WCL,MAHARASHTRA,319.04,24.0,3.1,Low,agency anticipates +16% over approved cost; no physical progress for 9 consecutive reports; pace is 0% of what the current date needs
N24002158,CONSTRUCTION OF 2-LANE WITH PAVED SHOULDERS OF SHILLONG WESTERN BYPASS STARTING FROM NH-06 NEAR LADU,ROAD TRANSPORT AND HIGHWAYS,NHIDCL,MEGHALAYA,562.48,25.27,3.1,Low,spend outruns works by 28pp
N24000463,4 LANING OF NH-31D FROM GHOSHPUKUR - SALSALABARI ( KM 0.00 TO KM . 83.785),ROAD TRANSPORT AND HIGHWAYS,NHAI,WEST BENGAL,1414.01,100.0,3.0,Low,"7.0y past original commissioning date; no physical progress for 9 consecutive reports; already past planned completion, no revised pace available"
N18000397,TRANSMISSION SYSTEM STRENGTHENING FOR INTERCONNECTIONS OF BHADLA-III AND BIKANER III COMPLEX [SPV NA,POWER,PGCIL,RAJASTHAN,1382.0,1.0,3.0,Low,no physical progress for 3 consecutive reports; pace is 2% of what the current date needs
N24001948,WIDENING TO 4 LANE FROM KM 51.60 TO 76.20 (HEBRI TO PARKALA) AND FROM KM 85.20 TO 88.90 (KARAVALI JU,ROAD TRANSPORT AND HIGHWAYS,MORTH,KARNATAKA,355.72,60.0,3.0,Low,"8 months past original date; no physical progress for 9 consecutive reports; already past planned completion, no revised pace available"
N06000254,BHATADI EXPANSION OC,COAL,WCL,MAHARASHTRA,580.6,17.0,3.0,Low,agency anticipates +26% over approved cost; no physical progress for 9 consecutive reports; pace is 0% of what the current date needs
N16000519,POL AND LOBS INSTALLATIONS WITH RECEIPT PIPELINES AT RASAYANI,PETROLEUM,BPCL,MAHARASHTRA,2585.0,56.5,3.0,Low,elevated risk on combined profile
N18000401,TRANSMISSION SYSTEM FOR EVACUATION OF POWER FROM RAJASTHAN REZ PH -IV [PART-2 5.5 GW] [JAISALMER/BAR,POWER,PGCIL,RAJASTHAN,2735.0,3.8,3.0,Low,pace is 17% of what the current date needs
N06000255,NEW MAJARI UG TO OC (3.0 MTY),COAL,WCL,MAHARASHTRA,402.27,27.0,3.0,Low,agency anticipates +23% over approved cost; no physical progress for 9 consecutive reports; pace is 0% of what the current date needs
N24001106,PEN TO KHOPOLI,ROAD TRANSPORT AND HIGHWAYS,MORTH,MAHARASHTRA,302.0,82.07,2.9,Low,agency's own forecast is 70 months past its approved date; 7.3y past original commissioning date; no physical progress for 9 consecutive reports
N24002219,REHABILITATION AND UP GRADATION FROM 4 TO 8 LANING OF CHANDIKHOLE ? PARADIP SECTION OF NH-53 (OLD NH,ROAD TRANSPORT AND HIGHWAYS,NHAI,ODISHA,882.45,14.1,2.9,Low,elevated risk on combined profile
N24002022,BILASIPURA-GUWAHATI ROAD PKG-9,ROAD TRANSPORT AND HIGHWAYS,NHIDCL,ASSAM,1000.27,29.01,2.9,Low,pace is 33% of what the current date needs
N24000248,EPC- CORRIDOR APPROACH WORKS - NH (O): WIDENING EXISTING 2 LANE TO 2 LANE WITH PAVED SHOULDERS IN KM,ROAD TRANSPORT AND HIGHWAYS,MORTH,TELANGANA,153.21,93.2,2.9,Low,"8.4y past original commissioning date; already past planned completion, no revised pace available"
N24001157,IMPROVEMENTS AND RECONSTRUCTION TO TWO LANE WITH PAVED SHOULDERS FROM KM 243.20 TO KM 290.20 OF NH,ROAD TRANSPORT AND HIGHWAYS,MORTH,KARNATAKA,175.5,90.01,2.9,Low,"agency anticipates +38% over approved cost; 8.3y past original commissioning date; already past planned completion, no revised pace available"
N06000280,CHUPERBHITA- SIMLONG OCP,COAL,ECL,JHARKHAND,979.08,0.01,2.9,Low,no physical progress for 5 consecutive reports; pace is 0% of what the current date needs
N16000534,HP TDAE UNIT IN MUMBAI REFINERY,PETROLEUM,HPCL,MAHARASHTRA,240.0,33.6,2.9,Low,pace is 45% of what the current date needs
N24001885,REHABILITATION AND UP-GRADATION OF JINTUR- SHIRAD SHAHAPUR SECTION KM 258.300 TO KM 306.300 [DESIGN,ROAD TRANSPORT AND HIGHWAYS,MORTH,MAHARASHTRA,414.81,0.0,2.9,Low,"6 months past original date; no physical progress for 9 consecutive reports; already past planned completion, no revised pace available"
N06000275,HURA C OC,COAL,ECL,JHARKHAND,859.41,62.0,2.9,Low,no physical progress for 8 consecutive reports; pace is 0% of what the current date needs
N24002144,VODAREVU-CHILAKALURIPET SECTION (DESIGN CHAINAGE 0+00 TO 47+000) OF NH-167A (PACKAGE-I),ROAD TRANSPORT AND HIGHWAYS,MORTH,ANDHRA PRADESH,1064.24,,2.9,Low,elevated risk on combined profile
N24002152,WIDENING FROM 2L+PS TO 4L/4L+PS AND IMPROVEMENTS THE SELECTED STRETHCES FROM KM 26/5 - 81/2 INCLU,ROAD TRANSPORT AND HIGHWAYS,MORTH,TAMIL NADU,274.84,100.0,2.9,Low,"agency's own forecast is 24 months past its approved date; 19 months past original date; already past planned completion, no revised pace available"
N06000256,BHANEGAON OC (1.15MTY),COAL,WCL,MAHARASHTRA,405.2,7.0,2.9,Low,agency anticipates +22% over approved cost; no physical progress for 9 consecutive reports; pace is 0% of what the current date needs
N06000223,EXPANSION PR OF JHANJRA UG (5.00 MTY),COAL,ECL,WEST BENGAL,1210.12,40.0,2.9,Low,pace is 42% of what the current date needs
N18000398,AUGMENTATION OF TRANSFORMATION CAPACITY AT JAM KHAMBHALIYA PS [GIS] [SPV NAME POWERGRID JAM KHAMBHAL,POWER,PGCIL,GUJARAT,329.0,1.0,2.8,Low,no physical progress for 3 consecutive reports; pace is 2% of what the current date needs
N24001366,DABOKA KATHKATI PACKAGE-5,ROAD TRANSPORT AND HIGHWAYS,NHIDCL,ASSAM,288.85,100.0,2.8,Low,agency's own forecast is 22 months past its approved date; 2.4y past original commissioning date; no physical progress for 5 consecutive reports
N28000155,NAGPUR METRO RAIL PROJECT PHASE II,URBAN DEVELOPMENT,NMRCL,MAHARASHTRA,6708.0,23.82,2.8,Low,pace is 49% of what the current date needs
N24002127,SILCHAR VAIRENGTE SAIRANG ROAD PKG-1,ROAD TRANSPORT AND HIGHWAYS,NHIDCL,ASSAM,1256.9,40.36,2.8,Low,elevated risk on combined profile
N24002245,CONSTRUCTION OF BASTI RING ROAD (PHASE-I) WITH 4L CONFIGURATION FOR BASTI CITY IN THE STATE OF UTTAR,ROAD TRANSPORT AND HIGHWAYS,MORTH,UTTAR PRADESH,1138.72,0.0,2.8,Low,spend outruns works by 23pp
N24001978,WIDENING TO 2 LANE WITH HARD SHOULDER OF AKEGWO-AVANGKHU SECTION OF NH-202K FOR PACKAGE-III (DESIGN,ROAD TRANSPORT AND HIGHWAYS,NHIDCL,NAGALAND,497.18,66.03,2.8,Low,elevated risk on combined profile
N24002042,CONSTRUCTION OF 4-LANING OF BHIWANI HANSI ROAD SECTION OF NH 148B (DESIGN LENGTH 42.934 KM) UNDER BH,ROAD TRANSPORT AND HIGHWAYS,NHAI,HARYANA,1322.13,93.01,2.8,Low,elevated risk on combined profile
N24002054,FOUR LANING OF BHOGU TO SANKHA FROM KM 147.450 TO KM 196.870 ON NH-75 PKG SEC-III,ROAD TRANSPORT AND HIGHWAYS,NHAI,JHARKHAND,1391.0,75.01,2.8,Low,agency anticipates +15% over approved cost
N06000277,UCE OF PARASEA BELBAID REORGANISATION UG,COAL,ECL,WEST BENGAL,389.1,16.41,2.8,Low,pace is 12% of what the current date needs; spend outruns works by 17pp
N24002156,CONSTRUCTION OF 2-LANE WITH PAVED SHOULDER OF SHILLONG WESTERN BYPASS STARTING FROM NH-06 NEAR LADUM,ROAD TRANSPORT AND HIGHWAYS,NHIDCL,MEGHALAYA,620.3,30.0,2.8,Low,elevated risk on combined profile
N24001904,KOPARGAON TO SAVALI VIHIR SECTION,ROAD TRANSPORT AND HIGHWAYS,MORTH,MAHARASHTRA,195.38,19.76,2.8,Low,"11 months past original date; no physical progress for 9 consecutive reports; already past planned completion, no revised pace available"
N24001099,MHASWAD TO TEMBHURNI,ROAD TRANSPORT AND HIGHWAYS,MORTH,MAHARASHTRA,488.6,76.5,2.8,Low,agency's own forecast is 53 months past its approved date; 5.9y past original commissioning date; no physical progress for 9 consecutive reports
N24000465,4-LANING OF KASHIPUR-SITARGANJ SECTION,ROAD TRANSPORT AND HIGHWAYS,AMR,UTTARAKHAND,605.84,0.0,2.7,Low,"8.8y past original commissioning date; no physical progress for 9 consecutive reports; already past planned completion, no revised pace available"
N24002032,CONSTRUCTION OF 4-LANE HIGHWAY WITH PAVED SHOULDERS FROM KM 49.155 TO KM 74.700 OF NH-731A ON HYBRID,ROAD TRANSPORT AND HIGHWAYS,MORTH,UTTAR PRADESH,1156.72,70.0,2.7,Low,elevated risk on combined profile
N24002129,FOUR LANNING OF BADARPUR BYPASS FROM DESIGN CHAINAGE KM 27+300 AT CROSSING WITH NH-6,ROAD TRANSPORT AND HIGHWAYS,NHIDCL,ASSAM,574.26,54.97,2.7,Low,elevated risk on combined profile
N06000295,JARANGDIH OCP,COAL,CCL,JHARKHAND,414.37,0.0,2.7,Low,spend outruns works by 21pp
N24002171,REHABILITATION AND UP-GRADATION FOR TALERE A?? GAGANBAWDAA?? KOLHAPUR ROAD (NH-166G) STRETCHES START,ROAD TRANSPORT AND HIGHWAYS,MORTH,MAHARASHTRA,249.13,0.0,2.7,Low,"2 months past original date; no physical progress for 7 consecutive reports; already past planned completion, no revised pace available"
N24002173,REHABILITATION AND UP-GRADATION TO 2 LANE WITH PAVED SHOULDER CONFIGURATION OF MAHUD SANGOLA ROAD NH,ROAD TRANSPORT AND HIGHWAYS,MORTH,MAHARASHTRA,253.78,0.0,2.7,Low,"2 months past original date; no physical progress for 7 consecutive reports; already past planned completion, no revised pace available"
N24001906,UP-GRADATION TO 4 LANING OF DAULTABAD T-POINT TO MALIWADA [FROM DESIGN KM.0.000 TO KM 4.000] AND UPG,ROAD TRANSPORT AND HIGHWAYS,MORTH,MAHARASHTRA,185.59,48.0,2.6,Low,"15 months past original date; no physical progress for 9 consecutive reports; already past planned completion, no revised pace available"
N24002155,WIDENING/IMPROVEMENT TO 4-LANE WITH PAVED SHOULDER FROM KM 55+000 (NAGABANG GAMSUK) TO KM 82+514 (OY,ROAD TRANSPORT AND HIGHWAYS,NHIDCL,ASSAM,665.47,50.88,2.6,Low,elevated risk on combined profile
N06000286,BHUBANESWARI EXPANSION OCP,COAL,MCL,ODISHA,5366.28,9.59,2.6,Low,elevated risk on combined profile
N24002188,WIDENING TO 2L+PS FROM KM 71.00 TO 104.00 (EXISTING CHAINAGES) (SARJAPUR TO PATTADKALLU) ON BHANAPUR,ROAD TRANSPORT AND HIGHWAYS,MORTH,KARNATAKA,445.62,0.0,2.6,Low,no physical progress for 7 consecutive reports; pace is 0% of what the current date needs
N16000523,CITY GAS DISTRIBUTION PROJECTS AT GOPALGANJ SIWAN WEST CHAMPARAN EAST CHAMPARAN AND DEORIA DISTRICTS,PETROLEUM,BPCL,BIHAR,3919.0,13.6,2.6,Low,pace is 8% of what the current date needs
N24002199,WIDENING TO 4L RIGID PAVEMENT CONFIGURATION FROM KM 90.00 TO KM 100.800 OF NH-96 (KM 42.O TO KM 53.3,ROAD TRANSPORT AND HIGHWAYS,MORTH,UTTAR PRADESH,309.63,15.0,2.6,Low,no physical progress for 3 consecutive reports; pace is 25% of what the current date needs
N24002172,"UP-GRADATION TO 4 LANE CONFIGURATION FOR THE WORK OF PETH NAKA TO SANGLI ROAD, NH- 166H, FROM KM 0+00",ROAD TRANSPORT AND HIGHWAYS,MORTH,MAHARASHTRA,856.82,0.0,2.6,Low,no physical progress for 7 consecutive reports; pace is 0% of what the current date needs
N12000136,"SCREENING PLANT-II, DONIMALAI",STEEL,NMDC,KARNATAKA,1043.63,21.5,2.6,Low,elevated risk on combined profile
N24002214,CONSTRUCTION OF AMETHI BYPASS (PART-II) AT KM.30.050 OF NH-931 UNDER EPC MODE IN THE STATE OF UTTAR,ROAD TRANSPORT AND HIGHWAYS,MORTH,UTTAR PRADESH,283.86,7.0,2.6,Low,elevated risk on combined profile
N24002143,BYPASS ROAD TO ADONI TOWN CONNECTING NH-167 (HAGARI - JADCHARLA ROAD) FROM KM.62/700 TO 71/400 IN KU,ROAD TRANSPORT AND HIGHWAYS,MORTH,ANDHRA PRADESH,361.24,56.0,2.6,Low,elevated risk on combined profile
N24001122,PAITHAN TO SHIRUR,ROAD TRANSPORT AND HIGHWAYS,MORTH,MAHARASHTRA,341.8,79.0,2.5,Low,"agency's own forecast is 57 months past its approved date; 6.0y past original commissioning date; already past planned completion, no revised pace available"
N24001244,CONSTRUCTION OF 2-LANING WITH HARD SHOULDERS OF ARROWA- KHUPA-HAYULIANG SECTION OF NH- 113 FROM CH.68.,ROAD TRANSPORT AND HIGHWAYS,NHIDCL,ARUNACHAL PRADESH,301.06,100.0,2.5,Low,"3.2y past original commissioning date; already past planned completion, no revised pace available"
N24001448,UPGRADATION OF ADHALGAON- JAMKHED SECTION OF NH-548 D FROM KM 132/600 TO KM 195/375 TO TWO LANE WITH,ROAD TRANSPORT AND HIGHWAYS,MORTH,MAHARASHTRA,223.35,87.88,2.5,Low,"3.3y past original commissioning date; no physical progress for 3 consecutive reports; already past planned completion, no revised pace available"
N24002183,"WIDENING 2 LANE TO 4-LANE FROM KM 92/320 TO KM 115/320 (VAV CHOKDI- SATLASANA TO TO VRUNDAVAN CHOKDI,",ROAD TRANSPORT AND HIGHWAYS,MORTH,GUJARAT,151.13,0.0,2.5,Low,agency anticipates +13% over approved cost; no physical progress for 7 consecutive reports; pace is 0% of what the current date needs
N28000067,2000 BOYS HOSTEL(1000 DOUBLE BEDDED ROOM) AT ISM DHANBAD,DEPARTMENT OF HIGHER EDUCATION,CPWD EDUCATION,JHARKHAND,171.86,99.0,2.5,Low,"9.3y past original commissioning date; already past planned completion, no revised pace available"
N06000282,BALLARPUR NORTHWEST OC MINE,COAL,WCL,MAHARASHTRA,360.18,0.0,2.5,Low,no physical progress for 5 consecutive reports; pace is 0% of what the current date needs
N18000407,TRANSMISSION SYSTEM FOR EVACUATION OF POWER FROM RAJASTHAN REZ PH-IV (PART-4: 3.5 GW): PART A,POWER,PGCIL,UTTAR PRADESH,5846.0,2.1,2.5,Low,pace is 19% of what the current date needs
N24002205,CHAMPAK NAGAR TO KHAYERPUR SECTION (DESIGN KM 242+500 TO KM 261+610),ROAD TRANSPORT AND HIGHWAYS,NHIDCL,TRIPURA,920.66,24.56,2.5,Low,elevated risk on combined profile
N24001287,2 LANING OF KOHIMA - JESSAMI SECTION (PACKAGE V),ROAD TRANSPORT AND HIGHWAYS,NHIDCL,NAGALAND,330.8,92.44,2.4,Low,3.5y past original commissioning date
N24001356,DULTE- KWALKULH - CHAMPAI PKG.2,ROAD TRANSPORT AND HIGHWAYS,NHIDCL,MIZORAM,233.25,100.0,2.4,Low,"2.5y past original commissioning date; no physical progress for 9 consecutive reports; already past planned completion, no revised pace available"
N24001125,SILLOD TO FARDAPUR,ROAD TRANSPORT AND HIGHWAYS,MORTH,MAHARASHTRA,432.98,91.56,2.4,Low,"agency's own forecast is 54 months past its approved date; 6.0y past original commissioning date; already past planned completion, no revised pace available"
N06000240,JHARKHAND LAIYO OCP,COAL,CCL,JHARKHAND,764.57,28.0,2.4,Low,elevated risk on combined profile
N12000132,REBUILDING OF COKE OVEN BATTERY NO.4 OF DURGAPUR STEEL PLANT,STEEL,SAIL,WEST BENGAL,916.78,10.98,2.4,Low,pace is 21% of what the current date needs
N12000133,REBUILDING OF COKE OVEN BATTERY NO.6 OF BOKARO STEEL PLANT,STEEL,SAIL,JHARKHAND,627.31,35.0,2.4,Low,elevated risk on combined profile
N24000996,REHABILITATION AND UP-GRADATION TO TWO LANE WITH PAVED SHOULDERS FROM KM 0/0 TO 72/6 OF NH-365 (NAKR,ROAD TRANSPORT AND HIGHWAYS,MORTH,TELANGANA,605.08,99.9,2.4,Low,"5.7y past original commissioning date; already past planned completion, no revised pace available"
N24002126,6L ACCESS CONTROLLED GREENFIELD HIGHWAY FROM SOMAVARAPPADU (CH.314.600) TO MUPPAVARAM (CH.343+240) O,ROAD TRANSPORT AND HIGHWAYS,NHAI,ANDHRA PRADESH,1103.89,15.98,2.4,Low,pace is 13% of what the current date needs
N24000780,REHABILITATION AND UP GRADATION OF 2 LANE/ 2 LANE WITH PAVED SHOULDER FROM EXISTING KM. 172.900 TO K,ROAD TRANSPORT AND HIGHWAYS,MORTH,UTTARAKHAND,293.68,100.0,2.4,Low,no physical progress for 9 consecutive reports
N16000423,"CGD PROJECT AT KHAGARIA, SAHARSA AND MADHEPURA",PETROLEUM,IOCL,BIHAR,163.0,40.1,2.4,Low,no physical progress for 3 consecutive reports; spend outruns works by 19pp
N24002125,6L ACCESS CONTROLLED GREENFIELD HIGHWAY FROM MARRIPUDI (CH. 285+500) TO SOMAVARAPPADU (CH. 314+600),ROAD TRANSPORT AND HIGHWAYS,NHAI,ANDHRA PRADESH,976.4,43.6,2.3,Low,pace is 46% of what the current date needs
N24002179,CONSTRUCTION OF 4 LANE WITH PAVED SHOULDER (PATTAN BYPASS) GREENFIELD BYPASS FROM EXISTING CH. KM 24,ROAD TRANSPORT AND HIGHWAYS,BRO,JAMMU AND KASHMIR,980.21,8.0,2.3,Low,no physical progress for 5 consecutive reports; pace is 6% of what the current date needs; spend outruns works by 23pp
N24002145,TADIPATRI BYPASS (KM 0+000 TO KM 6+285) OF 4-LANE ON NH-67 IN ANANTAPURAMU,ROAD TRANSPORT AND HIGHWAYS,MORTH,ANDHRA PRADESH,159.66,63.5,2.3,Low,no physical progress for 5 consecutive reports
N24001590,4L FROM KM 196.87 (SANKHA) TO KM 219.6 (KHAJURI) ON NH-75 [REHLA / GARHWA BYPASS],ROAD TRANSPORT AND HIGHWAYS,NHAI,JHARKHAND,748.99,100.0,2.3,Low,agency anticipates +21% over approved cost; 20 months past original date; no physical progress for 4 consecutive reports
N16000537,INTEGRATED DEVELOPMENT OF 4 CONTRACT AREAS UNDER DSF2,PETROLEUM,ONGC,MAHARASHTRA,6183.79,12.6,2.3,Low,pace is 30% of what the current date needs
N16000514,"REVAMPING OF SV STATIONS, GAS TERMINAL AND KRIBHCO TERMINAL",PETROLEUM,ONGC,GUJARAT,837.34,46.7,2.3,Low,elevated risk on combined profile
N24000820,REHABILITATION AND UP GRADATION TO 2 LANE WITH PAVED SHOULDER CONFIGURATION FROM EXISTING KM. 122.00,ROAD TRANSPORT AND HIGHWAYS,MORTH,ANDAMAN AND NICOBAR ISLANDS,237.8,98.23,2.3,Low,"5.6y past original commissioning date; already past planned completion, no revised pace available"
N16000526,MHN TCPP PGC BGC PROJECT (MTPBP),PETROLEUM,ONGC,MAHARASHTRA,2329.45,45.9,2.3,Low,elevated risk on combined profile
N06000276,UCE OF TILABONI UG,COAL,ECL,WEST BENGAL,749.07,10.3,2.3,Low,elevated risk on combined profile
N16000530,SETTING UP POLYPROPYLENE UNIT AT KOCHI REFINERY,PETROLEUM,BPCL,KERALA,4460.0,11.1,2.3,Low,pace is 23% of what the current date needs
N22000630,KALIPAHARI - BAKHTARNAGAR 5TH LINE (17.61 KM),RAILWAYS,ER,WEST BENGAL,350.46,0.0,2.2,Low,no physical progress for 6 consecutive reports; pace is 0% of what the current date needs
N16000525,"CITY GAS DISTRIBUTION PROJECTS AT LAKHIMPUR KHERI , SITAPUR, BAHRAICH, SHRAVASTI,BALRAMPUR,",PETROLEUM,BPCL,UTTAR PRADESH,16654.0,9.7,2.2,Low,pace is 28% of what the current date needs
N24002168,UPGRADATION TO 2 LANE WITH PAVED SHOULDER FROM NEECHLI ODEN (NATHDWARA) AT DESIGN KM 88.800 TO BHATE,ROAD TRANSPORT AND HIGHWAYS,MORTH,RAJASTHAN,606.61,20.0,2.2,Low,elevated risk on combined profile
N06000179,UKNI DEEP OC,COAL,WCL,MAHARASHTRA,237.06,91.0,2.2,Low,agency anticipates +34% over approved cost; 4.3y past original commissioning date; no physical progress for 9 consecutive reports
N16000494,"SETTING UP OF NEW RAIL FED POL FACILITY AT KAMARDANGA, ASSAM",PETROLEUM,HPCL,ASSAM,384.04,44.0,2.2,Low,elevated risk on combined profile
N06000252,SINGHORI DEEP OC,COAL,WCL,MAHARASHTRA,335.75,16.0,2.2,Low,agency anticipates +26% over approved cost; no physical progress for 9 consecutive reports; pace is 0% of what the current date needs
N06000260,VISHNUPURI UG TO OC,COAL,WCL,MADHYA PRADESH,220.62,7.0,2.2,Low,agency anticipates +3% over approved cost; no physical progress for 9 consecutive reports; pace is 0% of what the current date needs
N06000272,ITAPARA OC,COAL,ECL,WEST BENGAL,929.1,6.8,2.2,Low,no physical progress for 7 consecutive reports; pace is 14% of what the current date needs
N24002187,CONSTRUCTION OF 2 LANE WITH PAVED SHOULDER FROM KM 55.6 TO KM 90.7 (EXISTING CHAINAGES) OF NH- 766C (,ROAD TRANSPORT AND HIGHWAYS,MORTH,KARNATAKA,313.56,0.0,2.2,Low,no physical progress for 7 consecutive reports; pace is 0% of what the current date needs; spend outruns works by 17pp
N16000484,"CONSTRUCTION OF LPG FACILITIES AT KAMARDANGA, ASSAM",PETROLEUM,HPCL,ASSAM,156.36,35.4,2.2,Low,elevated risk on combined profile
N24001388,CONSTRUCTION OF MAJOR BRIDGE ACROSS SHARAVATHI BACKWATERS AND APPROCHES BETWEEN AMBARGODU AND KALASA,ROAD TRANSPORT AND HIGHWAYS,MORTH,KARNATAKA,423.15,82.0,2.2,Low,"5.5y past original commissioning date; no physical progress for 9 consecutive reports; already past planned completion, no revised pace available"
N16000279,REDEVELOPMENT OF SANTHAL FIELD,PETROLEUM,ONGC,GUJARAT,1162.56,94.1,2.2,Low,elevated risk on combined profile
N24002071,4L OF INDORA CHOWK TO PACHPAOLI AND AGRASEN CHOWK - ASHOKA CHOWK,ROAD TRANSPORT AND HIGHWAYS,NHAI,MAHARASHTRA,998.27,48.34,2.1,Low,elevated risk on combined profile
N24002069,CONSTRUCTION OF ADDITIONAL 3 LANE WITH PAVED SHOULDER (DESIGN LENGTH 8.87 KM) AS REALIGNMENT OF BAKA,ROAD TRANSPORT AND HIGHWAYS,NHAI,MADHYA PRADESH,209.29,100.0,2.1,Low,"6 months past original date; no physical progress for 6 consecutive reports; already past planned completion, no revised pace available"
N24002170,REHABILITATION/ UPGRADATION OF EXISTING HIGHWAY TO FOUR LANE STANDARDS IN KURKHEDA TOWN FROM (KM.413,ROAD TRANSPORT AND HIGHWAYS,MORTH,MAHARASHTRA,163.86,0.0,2.1,Low,"1 months past original date; no physical progress for 7 consecutive reports; already past planned completion, no revised pace available"
N24002157,SHILLONG WESTERN BYPASS PACKAGE-2,ROAD TRANSPORT AND HIGHWAYS,NHIDCL,MEGHALAYA,686.0,25.52,2.1,Low,pace is 50% of what the current date needs; spend outruns works by 17pp
N24000982,WIDENING TO TWO LANE WITH PAVED SHOULDERS FROM KM 40/410 TO KM 84/037OF THIRUMALAGIRI TO SURYAPET SE,ROAD TRANSPORT AND HIGHWAYS,MORTH,TELANGANA,244.54,99.96,2.1,Low,"6.1y past original commissioning date; already past planned completion, no revised pace available"
N24001890,REHABILITATION AND UPGRADATION OF PARLI TO SIRSALA SECTION OF NH- 361F (KM 136+700 TO 115+000) (LENGT,ROAD TRANSPORT AND HIGHWAYS,MORTH,MAHARASHTRA,261.82,46.0,2.1,Low,"6 months past original date; no physical progress for 9 consecutive reports; already past planned completion, no revised pace available"
N24002021,BILASIPURA-GUWAHATI ROAD PKG-8,ROAD TRANSPORT AND HIGHWAYS,NHIDCL,ASSAM,1457.59,47.5,2.1,Low,elevated risk on combined profile
N24002213,REHABILITATION AND UP-GRADATION TO 2L+PS FROM KM. 0.0 TO KM. 7.80 AND KM. 35.400 TO KM. 52.345 (DESI,ROAD TRANSPORT AND HIGHWAYS,MORTH,UTTAR PRADESH,701.02,22.0,2.1,Low,spend outruns works by 17pp
N04000114,"VARANASI: DEVELOPMENT OF LAL BAHADUR SHASTRI INTERNATIONAL AIRPORT, VARANASI.",CIVIL AVIATION,AAI,UTTAR PRADESH,2869.65,14.51,2.1,Low,pace is 47% of what the current date needs
N16000521,CGD PROJECTS AT THE NILGIRIS AND ERODE DISTRICTS,PETROLEUM,BPCL,TAMIL NADU,3685.0,11.2,2.1,Low,pace is 39% of what the current date needs
N24001545,"6L STANDALONE FLYOVERS AT RAHA, DEMOW, BORGHAT, KATHIATALI JUNCTIONS AND ROB AT JAGIROAD ON STRETCHE",ROAD TRANSPORT AND HIGHWAYS,NHAI,ASSAM,175.0,100.0,2.0,Low,"2.5y past original commissioning date; no physical progress for 4 consecutive reports; already past planned completion, no revised pace available"
N24002181,CONSTRUCTION OF SIX LANE ELEVATED CORRIDOR FROM KM. 508.000 TO KM. 513.150 INCLUDING APPROACHES ON N,ROAD TRANSPORT AND HIGHWAYS,MORTH,GOA,641.46,0.0,2.0,Low,no physical progress for 7 consecutive reports; pace is 0% of what the current date needs
N24001715,BALANCE WORK OF TWO LANING WITH PAVED SHOULDER OF PIPRAKOTHI?MOTIHARI- RAXAUL SECTION OF NH-28A FRO,ROAD TRANSPORT AND HIGHWAYS,NHAI,BIHAR,466.59,100.0,2.0,Low,agency's own forecast is 39 months past its approved date; 4.7y past original commissioning date; no physical progress for 9 consecutive reports
N18000399,TRANSMISSION SYSTEM FOR EVACUATION OF POWER FROM RAJASTHAN REZ PH-IV [PART-2 5.5GW] [JAISALMER/BARME,POWER,PGCIL,MADHYA PRADESH,3674.0,12.7,2.0,Low,elevated risk on combined profile
N24002162,KHOWAI ?TELIAMURA-AMARPUR- HARINA-SABROOM PACKAGE-3,ROAD TRANSPORT AND HIGHWAYS,NHIDCL,TRIPURA,670.9,3.05,2.0,Low,pace is 6% of what the current date needs
N24000334,STRENGTHENING AND WIDENING TO TWO LANE WITH PAVED SHOULDERS FROM KM.106.00 TO 153.00 OF NH-218 BIJAP,ROAD TRANSPORT AND HIGHWAYS,MORTH,KARNATAKA,165.67,98.99,2.0,Low,"9.6y past original commissioning date; no physical progress for 9 consecutive reports; already past planned completion, no revised pace available"
N24001907,"CONSTRUCTION OF SIX LANE FLYOVER AT KATRAJ JUNCTION AT KM, 3/880 OF NH 548-DD (VADGAON - KATRAJ - KO",ROAD TRANSPORT AND HIGHWAYS,MORTH,MAHARASHTRA,169.15,35.96,1.9,Low,"16 months past original date; no physical progress for 9 consecutive reports; already past planned completion, no revised pace available"
N24001624,CONSTRUCTION OF EMERGENCY LANDING FACILITY FROM KM. 246.60 TO KM. 249.70 ON SRINAGAR - BANIHAL SECTI,ROAD TRANSPORT AND HIGHWAYS,NHAI,JAMMU AND KASHMIR,157.05,100.0,1.9,Low,agency's own forecast is 17 months past its approved date; 4.7y past original commissioning date; no physical progress for 9 consecutive reports
N24001911,PANGAON TO DHARMAPURI AND PARALI TO INJEGAON 2L+PS,ROAD TRANSPORT AND HIGHWAYS,MORTH,MAHARASHTRA,152.03,97.57,1.9,Low,"11 months past original date; no physical progress for 9 consecutive reports; already past planned completion, no revised pace available"
N16000520,CGD PROJECTS AT FAZILKA (EXCEPT AREA ALREADY AUTHORIZED) GANGANAGAR AND HANUMANGARH DISTRICTS,PETROLEUM,BPCL,RAJASTHAN,3207.0,21.9,1.9,Low,pace is 38% of what the current date needs
N16000527,CGD PROJECT AT JAMMU DISTRICTS,PETROLEUM,IOCL,JAMMU AND KASHMIR,538.0,0.6,1.9,Low,no physical progress for 3 consecutive reports; pace is 2% of what the current date needs
N06000288,BALABHADRA OCP,COAL,MCL,ODISHA,978.44,7.68,1.9,Low,elevated risk on combined profile
N24002222,HUNLI TO HAYULIANG PKG-1,ROAD TRANSPORT AND HIGHWAYS,NHIDCL,ARUNACHAL PRADESH,1262.43,2.76,1.8,Low,pace is 30% of what the current date needs
N24002108,CONSTRUCTION OF NEW DOUBLE TIER 4L ELEVATED CORRIDOR FROM CHENNAI PORT TO MADURAVOYAL IN CHENNAI DIS,ROAD TRANSPORT AND HIGHWAYS,NHAI,TAMIL NADU,1618.96,0.0,1.8,Low,no physical progress for 9 consecutive reports; pace is 0% of what the current date needs
N24001902,REHABILITATION AND UP-GRADATION OF SABALKHED TO ASHTI SECTION FROM KM 37+900 TO KM 55+100 AND CHINCH,ROAD TRANSPORT AND HIGHWAYS,MORTH,MAHARASHTRA,213.32,34.0,1.8,Low,"9 months past original date; no physical progress for 9 consecutive reports; already past planned completion, no revised pace available"
N24001943,WIDENING TO TWO LANE WITH PAVED SHOULDERS FROM KM. 33.13 TO KM. 40.23 AND KM. 52.00 TO KM. 71.00 (EX,ROAD TRANSPORT AND HIGHWAYS,MORTH,KARNATAKA,172.98,65.0,1.8,Low,"15 months past original date; no physical progress for 9 consecutive reports; already past planned completion, no revised pace available"
N16000524,"CITY GAS DISTRIBUTION PROJECTS AT DARBHANGA, MADHUBANI, SUPAUL, SITAMARHI AND SHEOHAR DISTRICTS",PETROLEUM,BPCL,BIHAR,3638.0,20.8,1.8,Low,elevated risk on combined profile
N24001910,REHABILITATION AND UPGRADATION OF JAMKHED TO SAUTADA SECTION OF NH548 D (FROM KM 195.375 TO KM 208.7,ROAD TRANSPORT AND HIGHWAYS,MORTH,MAHARASHTRA,157.62,17.03,1.8,Low,"11 months past original date; no physical progress for 9 consecutive reports; already past planned completion, no revised pace available"
N24001326,4-L DHUBRI PHULBARI BRIDGE WITH APPROACH ROAD,ROAD TRANSPORT AND HIGHWAYS,NHIDCL,ASSAM,4997.04,62.82,1.8,Low,elevated risk on combined profile
N24001945,WIDENING TO 2 LANE WITH PAVED SHOULDERS FROM KM 116.800 TO 149.070(DESIGN CHANGES) ON HOSADURGA HOL,ROAD TRANSPORT AND HIGHWAYS,MORTH,KARNATAKA,170.34,72.0,1.8,Low,"16 months past original date; no physical progress for 9 consecutive reports; already past planned completion, no revised pace available"
N24002107,CONSTRUCTION OF NEW DOUBLE TIER 4 LANE ELEVATED CORRIDOR FROM CHENNAI PORT TO MADURAVOYAL IN CHENNAI,ROAD TRANSPORT AND HIGHWAYS,NHAI,TAMIL NADU,1382.0,0.0,1.7,Low,no physical progress for 9 consecutive reports; pace is 0% of what the current date needs
N06000197,BAROUD OC EXPANSION (3-10 MTY),COAL,SECL,CHHATTISGARH,2309.8,47.0,1.7,Low,elevated risk on combined profile
N24002161,KHOWAI ?TELIAMURA-AMARPUR- HARINA-SABROOM PACKAGE-2,ROAD TRANSPORT AND HIGHWAYS,NHIDCL,TRIPURA,657.21,32.85,1.7,Low,elevated risk on combined profile
N24001908,UPGRADATION OF EXHISTING 2 LANE FLEXIBLE PAVEMENT TO 2 LANE PAVED SHOULDERS RIGID PAVEMENT FROM DESI,ROAD TRANSPORT AND HIGHWAYS,MORTH,MAHARASHTRA,167.97,36.76,1.7,Low,"13 months past original date; no physical progress for 9 consecutive reports; already past planned completion, no revised pace available"
N16000508,REPLACEMENT AND EXTENSION OF JETTY PIPELINES AT KOCHI REFINERY,PETROLEUM,BPCL,KERALA,621.87,82.5,1.7,Low,elevated risk on combined profile
N18000402,PROVISION OF DYNAMIC REACTIVE COMPENSATION AT KHAVDA POOLING STATION 1 [KPS1] AND KHAVDA POOLING STA,POWER,PGCIL,GUJARAT,501.0,1.0,1.7,Low,no physical progress for 3 consecutive reports; pace is 2% of what the current date needs
N12000140,REVAMPING OF AIR POLLUTION CONTROL SYSTEMS OF SP-1 AT DURGAPUR STEEL PLANT,STEEL,SAIL,WEST BENGAL,196.4,1.0,1.7,Low,pace is 1% of what the current date needs
N24001737,"4LPS OF MUZAFFARNAGAR TO MIRANPUR SECTION OF NH-709AD, PKG-III",ROAD TRANSPORT AND HIGHWAYS,NHAI,UTTAR PRADESH,923.15,100.0,1.7,Low,"14 months past original date; already past planned completion, no revised pace available"
N24001652,6L MINOR BRIDGE (PALOLI PALAM) AT KM. 203.160 AND MAJOR BRIDGE (MORAD) AT KM. 204.895 AND ALLIED WOR,ROAD TRANSPORT AND HIGHWAYS,NHAI,KERALA,216.94,100.0,1.7,Low,agency's own forecast is 4 months past its approved date; 3.0y past original commissioning date; no physical progress for 8 consecutive reports
N24002109,CONSTRUCTION OF NEW DOUBLE TIER 4L ELEVATED CORRIDOR FROM CHENNAI PORT TO MADURAVOYAL IN CHENNAI DIS,ROAD TRANSPORT AND HIGHWAYS,NHAI,TAMIL NADU,1301.37,0.0,1.6,Low,no physical progress for 9 consecutive reports; pace is 0% of what the current date needs
N12000139,UP-GRADATION OF BLAST FURNACE NO. 3 AT DURGAPUR STEEL PLANT,STEEL,SAIL,WEST BENGAL,758.09,2.5,1.6,Low,pace is 4% of what the current date needs
N24002110,CONSTRUCTION OF NEW DOUBLE TIER 4L ELEVATED CORRIDOR FROM CHENNAI PORT TO MADURAVOYAL IN CHENNAI DIS,ROAD TRANSPORT AND HIGHWAYS,NHAI,TAMIL NADU,1207.4,0.0,1.6,Low,no physical progress for 9 consecutive reports; pace is 0% of what the current date needs
N24001013,DIGRAS DARWAH KARANJA,ROAD TRANSPORT AND HIGHWAYS,MORTH,MAHARASHTRA,391.0,92.76,1.6,Low,agency's own forecast is 54 months past its approved date; 6.0y past original commissioning date; no physical progress for 9 consecutive reports
N12000137,REPLACEMENT OF HOT LEVELLER-1 OF PLATE MILL AT BHILAI STEEL PLANT,STEEL,SAIL,CHHATTISGARH,198.62,6.76,1.6,Low,pace is 15% of what the current date needs
N24002176,REHABILITATION/UP GRADATION OF KARANJA ? KHERDA - MURTIZAPUR SECTION TO 4LANE+PAVED SHOULDER STANDA,ROAD TRANSPORT AND HIGHWAYS,MORTH,MAHARASHTRA,594.44,0.0,1.6,Low,no physical progress for 7 consecutive reports; pace is 0% of what the current date needs
N16000485,"CGD PROJECT AT KURNOOL, GUNTUR AND PRAKASAM DISTRICTS",PETROLEUM,IOCL,ANDHRA PRADESH,1420.0,6.2,1.6,Low,pace is 6% of what the current date needs
N24001468,REPANPALLI TO SIRONCHA,ROAD TRANSPORT AND HIGHWAYS,MORTH,MAHARASHTRA,282.07,0.0,1.5,Low,agency's own forecast is 24 months past its approved date; 3.0y past original commissioning date; no physical progress for 9 consecutive reports
N24002190,CONSTRUCTION OF 4-LANE ACCESS CONTROLLED GREENFIELD HIGHWAY SECTION ON NH-163G (KHAMMAM- VIJAYAWADA),ROAD TRANSPORT AND HIGHWAYS,NHAI,TELANGANA,983.0,8.5,1.5,Low,pace is 17% of what the current date needs
N24001297,CONSTRUCTION OF 2 LANE ROAD OF POTIN TO PANGIN SECTION OF NH 13 FROM KM 163.59 TO KM 206.66 (PACKAGE,ROAD TRANSPORT AND HIGHWAYS,MORTH,ARUNACHAL PRADESH,450.65,95.84,1.5,Low,elevated risk on combined profile
N24002167,UPGRADATION TO 2 LANE WITH PAVED SHOULDER OF HANUMANGARH TO KENCHIYAN OF NH 54 ON EPC MODE IN THE ST,ROAD TRANSPORT AND HIGHWAYS,MORTH,RAJASTHAN,334.64,50.0,1.5,Low,elevated risk on combined profile
N18000414,RAJASTHAN REZ PH-V (PART-1: 4 GW) [SIROHI/NAGAUR] COMPLEX,POWER,PGCIL,RAJASTHAN,5028.0,0.0,1.5,Low,pace is 0% of what the current date needs
N24001123,SHIRUR TO KHARDA,ROAD TRANSPORT AND HIGHWAYS,MORTH,MAHARASHTRA,381.77,83.93,1.5,Low,agency's own forecast is 54 months past its approved date; 6.0y past original commissioning date; no physical progress for 9 consecutive reports
N24001982,4L PS FROM KURNOOL (EXISTING KM. 5.400 OF NH-40/DESIGN KM.0.000) TO MANDLEM (EXISTING KM.38.000/DESI,ROAD TRANSPORT AND HIGHWAYS,NHAI,ANDHRA PRADESH,827.39,99.65,1.5,Low,elevated risk on combined profile
N18000408,TRANSMISSION SYSTEM UNDER ISTS FOR EVACUATION OF POWER FROM KUDANKULAM UNIT - 3 AND 4 (2X1000 MW),POWER,PGCIL,TAMIL NADU,548.0,2.5,1.5,Low,pace is 47% of what the current date needs
N28000157,PCMC NIGDI PROJECT EXTENSION OF CORRIDOR 1 OF PUNE METRO PHASE 1,URBAN DEVELOPMENT,MMRC,MAHARASHTRA,910.18,19.08,1.4,Low,pace is 36% of what the current date needs
N28000160,PUNE METRO PHASE-1 EXTENSION FROM SWARGATE TO KATRAJ,URBAN DEVELOPMENT,MMRC,MAHARASHTRA,2954.53,2.91,1.4,Low,pace is 15% of what the current date needs
N24001370,WIDENING TO 2-LANE WITH PAVED SHOULDERS FROM KM 119/017 TO KM 161/300 ON NH 85 (OLD NH 49),ROAD TRANSPORT AND HIGHWAYS,MORTH,KERALA,372.87,100.0,1.4,Low,agency's own forecast is 19 months past its approved date; 7.7y past original commissioning date; no physical progress for 9 consecutive reports
N24002231,KARIMGANI - SUTARKANDI SECTION ON SILCHAR-CHURAIBARI PKG-7,ROAD TRANSPORT AND HIGHWAYS,NHIDCL,ASSAM,791.79,1.02,1.4,Low,pace is 10% of what the current date needs
N24002018,REHABILITATION AND UPGRADATION TO 2-LANE WITH PAVED SHOULDER CONFIGURATION OF JIRAPUR- SUSNER-MP-RJ B,ROAD TRANSPORT AND HIGHWAYS,MORTH,MADHYA PRADESH,232.22,100.0,1.4,Low,"3 months past original date; no physical progress for 3 consecutive reports; already past planned completion, no revised pace available"
N18000422,EASTERN REGION EXPANSION SCHEME: 44 [ERES: 44],POWER,PGCIL,BIHAR,409.0,0.0,1.4,Low,pace is 0% of what the current date needs
N18000421,EASTERN REGION EXPANSION SCHEME: 43 [ERES: 43],POWER,PGCIL,BIHAR,343.0,0.0,1.4,Low,pace is 0% of what the current date needs
N24002224,PANGO TO JORGING ROAD PKG-1,ROAD TRANSPORT AND HIGHWAYS,NHIDCL,ARUNACHAL PRADESH,898.19,4.25,1.4,Low,pace is 37% of what the current date needs
N24002234,WIDENING TO 4L FROM KM.108.50 TO 139.00 OF NH-135A PKG-II (JAUNPUR TO AKBARPUR SECTION) ON HAM IN TH,ROAD TRANSPORT AND HIGHWAYS,MORTH,UTTAR PRADESH,1511.57,12.0,1.4,Low,elevated risk on combined profile
N06000266,SHARDA UG,COAL,WCL,MADHYA PRADESH,166.25,11.0,1.3,Low,agency anticipates +20% over approved cost; no physical progress for 9 consecutive reports; pace is 0% of what the current date needs
N06000166,JHIRIA WEST OPENCAST PROJECT,COAL,SECL,CHHATTISGARH,366.94,41.0,1.3,Low,no physical progress for 3 consecutive reports; pace is 21% of what the current date needs
N16000529,"AUGMENTATION OF DIMAPUR DEPOT, DIMAPUR",PETROLEUM,IOCL,NAGALAND,227.62,19.0,1.3,Low,elevated risk on combined profile
N16000512,SETTING UP OF PETROCHEMICAL EVACUATION MARKETING TERMINAL (PEMT) AT BARMER,PETROLEUM,HPCL,RAJASTHAN,461.05,47.5,1.3,Low,elevated risk on combined profile
N22000632,MURARAI - BARHARWA 3RD LINE (48.90 KM),RAILWAYS,ER,WEST BENGAL,935.19,0.0,1.3,Low,elevated risk on combined profile
N24002225,BILASIPURA- GUWAHATI ROAD PKG-1,ROAD TRANSPORT AND HIGHWAYS,NHIDCL,ASSAM,1081.15,2.76,1.2,Low,pace is 25% of what the current date needs
N24002223,HUNLI TO ITHUN BRIDGE SECTION,ROAD TRANSPORT AND HIGHWAYS,NHIDCL,ARUNACHAL PRADESH,275.5,7.88,1.2,Low,elevated risk on combined profile
N12000141,THIRD LADLE FURNACE IN SECONDARY REFINERY UNIT AT IISCO STEEL PLANT,STEEL,SAIL,WEST BENGAL,227.96,29.0,1.2,Low,elevated risk on combined profile
N18000419,TRANSMISSION SCHEME FOR INTEGRATION OF DAVANAGERE / CHITRADURGA AND BELLARY REZ IN KARNATAKA,POWER,PGCIL,KARNATAKA,3453.0,0.0,1.2,Low,pace is 0% of what the current date needs
N18000409,SYSTEM STRENGTHENING AT KOPPAL- II AND GADAG-II FOR INTEGRATION OF RE GENERATION PROJECTS,POWER,PGCIL,KARNATAKA,1354.0,0.0,1.2,Low,pace is 0% of what the current date needs
N16000522,CITY GAS DISTRIBUTION PROJECTS AT ALIPURDUAR AND COOCH BEHAR,PETROLEUM,BPCL,WEST BENGAL,1017.0,31.9,1.2,Low,elevated risk on combined profile
N16000540,LUBE MODERNIZATION AND BOTTOM UPGRADATION PROJECT,PETROLEUM,HPCL,MAHARASHTRA,4679.0,4.2,1.2,Low,pace is 9% of what the current date needs
N12000143,SECONDARY EMISSION CONTROL IN CONVERTERS OF SMS-II AT BOKARO STEEL PLANT,STEEL,SAIL,JHARKHAND,207.13,5.0,1.2,Low,pace is 42% of what the current date needs
N06000283,NORTHERN EXTENSION OF MUNGOLI NIRGUDA DEEP OC,COAL,WCL,MAHARASHTRA,1024.91,0.0,1.2,Low,agency anticipates +16% over approved cost; no physical progress for 5 consecutive reports; pace is 0% of what the current date needs
N06000278,GAURI CENTRAL OCM,COAL,WCL,MAHARASHTRA,973.07,0.0,1.2,Low,agency anticipates +4% over approved cost; no physical progress for 7 consecutive reports; pace is 0% of what the current date needs
N24001069,NANDED TO JALKOT,ROAD TRANSPORT AND HIGHWAYS,MORTH,MAHARASHTRA,457.0,95.0,1.2,Low,"5.7y past original commissioning date; already past planned completion, no revised pace available"
N18000411,AUGMENTATION OF TRANSFORMATION CAPACITY AT KPS2 AND KPS2,POWER,PGCIL,GUJARAT,466.0,0.0,1.2,Low,pace is 0% of what the current date needs
N16000498,CGD PROJECT IN WEST BENGAL 11TH ROUND,PETROLEUM,HPCL,WEST BENGAL,2628.0,24.1,1.1,Low,elevated risk on combined profile
N16000536,DEMO PLANT FOR PRODUCTION OF BIO-ATF,PETROLEUM,MANGALORE REFIN,KARNATAKA,364.0,10.1,1.1,Low,pace is 28% of what the current date needs
N24001159,WIDENING TO TWO LANE WITH PAVED SHOULDERS FROM KM 20.150 TO KM 40.00 OF BC ROAD KOTTIGEHARA SECTION,ROAD TRANSPORT AND HIGHWAYS,MORTH,KARNATAKA,159.7,100.0,1.1,Low,agency's own forecast is 44 months past its approved date; 6.9y past original commissioning date; no physical progress for 9 consecutive reports
N24002212,WIDENING AND STRENGTHENING FROM DESIGN KM. 67.280 TO KM. 88.622 OF NH-727A (SALEMPUR- MAIRWA ROAD) TO,ROAD TRANSPORT AND HIGHWAYS,MORTH,UTTAR PRADESH,371.89,45.0,1.1,Low,elevated risk on combined profile
N24001973,WIDENING/IMPROVEMENT TO 4-LANE WITH PAVED SHOULDER FROM KM 27+701 (SIMEN CHAPORI) TO KM 55+000 (NAG,ROAD TRANSPORT AND HIGHWAYS,NHIDCL,ASSAM,562.05,99.06,1.0,Low,elevated risk on combined profile
N24001972,WIDENING/IMPROVEMENT TO 4-LANE WITH PAVED SHOULDER FROM KM 0+800 (KANDULIJAN GAON) TO KM 27+701 (SI,ROAD TRANSPORT AND HIGHWAYS,NHIDCL,ASSAM,609.16,98.48,1.0,Low,elevated risk on combined profile
N06000271,AMALGAMATED GAURI PAUNI EXPANSION OC,COAL,WCL,MAHARASHTRA,1225.21,17.0,1.0,Low,agency anticipates +17% over approved cost; no physical progress for 9 consecutive reports; pace is 0% of what the current date needs
N06000294,KOLARPIMPRI EXPANSION OCM (2.50 MTY),COAL,WCL,MAHARASHTRA,630.37,0.0,1.0,Low,elevated risk on combined profile
N24001058,KARWANDI TO RAJURI,ROAD TRANSPORT AND HIGHWAYS,MORTH,MAHARASHTRA,277.0,92.06,1.0,Low,"agency's own forecast is 51 months past its approved date; 5.5y past original commissioning date; already past planned completion, no revised pace available"
N24001060,PALPHATA TO PHULAMBARI,ROAD TRANSPORT AND HIGHWAYS,MORTH,MAHARASHTRA,227.0,95.0,1.0,Low,agency's own forecast is 48 months past its approved date; 5.5y past original commissioning date; no physical progress for 9 consecutive reports
N24002178,"REHABILITATION, UPGRADATION AND WIDENING OF EXISTING HIGHWAY TO RIGID PAVEMENT 2 LANE WITH PAVED SHO",ROAD TRANSPORT AND HIGHWAYS,MORTH,MAHARASHTRA,723.13,0.0,1.0,Low,no physical progress for 7 consecutive reports; pace is 0% of what the current date needs
N06000284,AMALGAMATED GONDEGAON - GHATROHAN EXPANSION OCM,COAL,WCL,MAHARASHTRA,668.54,0.0,1.0,Low,agency anticipates +30% over approved cost; no physical progress for 5 consecutive reports; pace is 0% of what the current date needs
N16000538,CONSTRUCTION OF AVIATION FUEL FARM FACILITIES AT BHOGAPURAM AIRPORT,PETROLEUM,HPCL,ANDHRA PRADESH,240.0,42.8,1.0,Low,elevated risk on combined profile
N24002226,SILCHAR-JIRIBAM PKG-1,ROAD TRANSPORT AND HIGHWAYS,NHIDCL,ASSAM,957.95,21.98,1.0,Low,elevated risk on combined profile
N24001022,WADI TO ASOLA,ROAD TRANSPORT AND HIGHWAYS,MORTH,MAHARASHTRA,364.0,93.15,1.0,Low,agency's own forecast is 51 months past its approved date; 5.7y past original commissioning date; no physical progress for 9 consecutive reports
N24000775,RECONSTRUCTION WITH GEOMETRIC IMPROVEMENT OF EXISTING 2 LANE/INTERMEDIATE LANE TO 2LANE WITH PAVED S,ROAD TRANSPORT AND HIGHWAYS,MORTH,UTTARAKHAND,282.08,100.0,1.0,Low,"6.0y past original commissioning date; no physical progress for 9 consecutive reports; already past planned completion, no revised pace available"
N24002174,UP-GRADATION TO FOUR LANE/ TWO LANE WITH PAVED SHOULDERS CONFIGURATION OF KALYAN - MURBAD - MALSHEJ,ROAD TRANSPORT AND HIGHWAYS,MORTH,MAHARASHTRA,984.07,0.0,1.0,Low,no physical progress for 7 consecutive reports; pace is 0% of what the current date needs
N24002189,WIDENING TO TWO LANE WITH PAVED SHOULDERS FROM KM 0.00 (DESIGN CHAINAGE 0.00) TO KM 23.338 (DESIGN C,ROAD TRANSPORT AND HIGHWAYS,MORTH,KARNATAKA,196.05,0.0,1.0,Low,no physical progress for 7 consecutive reports; pace is 0% of what the current date needs
N06000267,KOLGAON EXPANSION (DEEP) OC,COAL,WCL,MAHARASHTRA,198.71,5.0,1.0,Low,agency anticipates +4% over approved cost; no physical progress for 9 consecutive reports; pace is 0% of what the current date needs
N24000245,REHABILITATION AND UPGRADATION OF NH -565 FROM KM 1.00 TO 86.057 (NAKREKAL TO NAGARJUNSAGAR DAM SECT,ROAD TRANSPORT AND HIGHWAYS,MORTH,TELANGANA,270.0,72.15,0.9,Low,"9.3y past original commissioning date; no physical progress for 9 consecutive reports; already past planned completion, no revised pace available"
N24002230,BADARPUR ? CHURAIBARI PKG-6,ROAD TRANSPORT AND HIGHWAYS,NHIDCL,ASSAM,870.0,5.86,0.9,Low,elevated risk on combined profile
N18000415,"AUGMENTATION AT FATEHGARH-II PS, FATEHGARH-IV PS (SECTION-II) AND BARMER-I",POWER,PGCIL,RAJASTHAN,404.0,0.0,0.8,Low,agency anticipates +6% over approved cost; pace is 0% of what the current date needs
N24000984,WIDENING TO TWO LANE WITH PAVED SHOULDERS FROM KM 15.525 TO KM 62.880 OF JADCHERLA-KALWAKURTHY SECTI,ROAD TRANSPORT AND HIGHWAYS,MORTH,TELANGANA,283.0,99.32,0.8,Low,"5.5y past original commissioning date; already past planned completion, no revised pace available"
N16000497,CGD PROJECT IN BIHAR JHARKHAND,PETROLEUM,HPCL,JHARKHAND,1377.0,24.15,0.8,Low,elevated risk on combined profile
N24001172,WIDENING TO TWO LANE WITH PAVED SHOULDER FROM KM 4.40 TO KM 56.00 OF NH-218 BIJAPURA-HUBLI SECTION U,ROAD TRANSPORT AND HIGHWAYS,MORTH,KARNATAKA,291.49,100.0,0.8,Low,agency's own forecast is 58 months past its approved date; 7.8y past original commissioning date; no physical progress for 9 consecutive reports
N24001156,WIDENING TO TWO LANE WITH PAVED SHOULDER FROM KM 544.200 TO KM 594.000 OF NH-150A HOSMANE CROSS ? PA,ROAD TRANSPORT AND HIGHWAYS,MORTH,KARNATAKA,166.67,100.0,0.7,Low,agency anticipates +59% over approved cost; 7.7y past original commissioning date; no physical progress for 9 consecutive reports
N24001017,DAHEGAON TO KUHI,ROAD TRANSPORT AND HIGHWAYS,MORTH,MAHARASHTRA,229.0,99.0,0.7,Low,agency's own forecast is 54 months past its approved date; 6.0y past original commissioning date; no physical progress for 9 consecutive reports
N24001050,VITA TO NAGAJ,ROAD TRANSPORT AND HIGHWAYS,MORTH,MAHARASHTRA,305.0,68.39,0.7,Low,agency's own forecast is 48 months past its approved date; 5.5y past original commissioning date; no physical progress for 4 consecutive reports
N24002215,DEVELOPMENT OF SIX LANE ACCESS CONTROLLED GREEN FIELD HIGHWAY FROM KAVULAKUNTLA (KM.196+000) TO NARA,ROAD TRANSPORT AND HIGHWAYS,NHAI,ANDHRA PRADESH,1092.18,0.0,0.7,Low,no physical progress for 3 consecutive reports; pace is 0% of what the current date needs
N24000773,RECONSTRUCTION WITH GEOMETRIC IMPROVEMENT OF EXISTING 2 LANE/INTERMEDIATE LANE TO 2LANE WITH PAVED S,ROAD TRANSPORT AND HIGHWAYS,MORTH,UTTARAKHAND,200.34,100.0,0.7,Low,"5.5y past original commissioning date; no physical progress for 9 consecutive reports; already past planned completion, no revised pace available"
N24002237,CONSTRUCTION OF 4 LANE GAURIPUR BYPASS ON NH-17 IN THE STATE OF ASSAM,ROAD TRANSPORT AND HIGHWAYS,MORTH,ASSAM,421.15,0.0,0.7,Low,pace is 0% of what the current date needs
N18000413,TRANSMISSION SYSTEM FOR INTEGRATION OF KURNOOL-IV REZ PHASE-I (FOR 4.5 GW),POWER,PGCIL,ANDHRA PRADESH,5000.0,0.0,0.7,Low,pace is 0% of what the current date needs
N18000417,TRANSMISSION SCHEME FOR EVACUATION OF POWER FROM RATLE HEP (850 MW) AND KIRU (624 MW): PART B,POWER,PGCIL,JAMMU AND KASHMIR,219.0,0.0,0.7,Low,pace is 0% of what the current date needs
N24002238,CONSTRUCTION OF 2 LANE BARPETA BYPASS FROM KM 77+900(BARADI) TO KM 86+150( DEURIKUCHI) (LENGTH=8.25K,ROAD TRANSPORT AND HIGHWAYS,MORTH,ASSAM,173.65,0.0,0.7,Low,pace is 0% of what the current date needs
N18000423,TRANSMISSION SYSTEM FOR STRENGTHENING TO FACILITATE EVACUATION OF POWER FROM BHADLA/BIKANER COMPLEX,POWER,PGCIL,UTTAR PRADESH,213.0,0.0,0.7,Low,pace is 0% of what the current date needs
N24002216,ACCESS CONTROLLED HIGHWAY OF 4 LANE WITH PAVED SHOULDERS FROM TIRUVALLUR (DESIGN CHAINAGE KM 17+56),ROAD TRANSPORT AND HIGHWAYS,NHAI,TAMIL NADU,1376.1,8.74,0.7,Low,pace is 31% of what the current date needs
N24002229,BILASIPURA- GUWAHATI ROAD PKG-2,ROAD TRANSPORT AND HIGHWAYS,NHIDCL,ASSAM,1338.61,0.0,0.7,Low,pace is 0% of what the current date needs
N24002243,SILCHAR- CHURAIBARI PKG-5,ROAD TRANSPORT AND HIGHWAYS,NHIDCL,ASSAM,1258.13,0.0,0.7,Low,pace is 0% of what the current date needs
N06000293,WAGHODA UG,COAL,WCL,MAHARASHTRA,379.3,0.0,0.7,Low,elevated risk on combined profile
N18000410,AUGMENTATION OF TRANSFORMATION CAPACITY AT BIDAR PS,POWER,PGCIL,KARNATAKA,288.0,0.0,0.6,Low,pace is 0% of what the current date needs
N24001107,PANCHARAL TO MANDANGHAR,ROAD TRANSPORT AND HIGHWAYS,MORTH,MAHARASHTRA,302.0,0.0,0.6,Low,agency anticipates +26% over approved cost; 5.1y past original commissioning date; no physical progress for 9 consecutive reports
N18000420,IMPLEMENTATION OF LILO OF BOTH CIRCUITS OF 400KV VIDHYACHAL PS TO SASAN D/C LINE AT HINDALCO SWITCHY,POWER,PGCIL,HARYANA,370.0,0.0,0.6,Low,pace is 0% of what the current date needs
N16000539,VISAKHA RAIPUR PIPELINE PROJECT,PETROLEUM,HPCL,ANDHRA PRADESH,2212.0,6.03,0.6,Low,pace is 27% of what the current date needs
N18000416,TRANSMISSION SYSTEM STRENGTHENING AT KURNOOL- III PS FOR INTEGRATION OF ADDITIONAL RE GENERATION PRO,POWER,PGCIL,ANDHRA PRADESH,2886.0,0.0,0.6,Low,pace is 0% of what the current date needs
N24002210,WIDENING AND STRENGTHENING OF RAFIABAD-KUPWARA-CHOWKIBAL- TANGDHAR-CHAMKOT (NH-701) ROAD FROM DESIGN,ROAD TRANSPORT AND HIGHWAYS,BRO,JAMMU AND KASHMIR,1404.94,0.0,0.5,Low,no physical progress for 4 consecutive reports; pace is 0% of what the current date needs
N24001130,RECONSTRUCTION WITH GEOMETRIC IMPROVMENT OF EXISTING INTERMEDIATE LANE TO 2 LANE WITH PAVED SHOULDER,ROAD TRANSPORT AND HIGHWAYS,MORTH,UTTARAKHAND,234.88,100.0,0.5,Low,"7.5y past original commissioning date; no physical progress for 9 consecutive reports; already past planned completion, no revised pace available"
N24001810,4L SUNDER NAGAR BYPASS FROM KM173.900 TO KM 179.600 OF NH-21 IN THE STATE OF HP,ROAD TRANSPORT AND HIGHWAYS,NHAI,HIMACHAL PRADESH,190.6,100.0,0.5,Low,"12 months past original date; no physical progress for 9 consecutive reports; already past planned completion, no revised pace available"
N18000412,AUGMENTATION OF BANASKANTHA (RAGHANESDA) PS (GIS),POWER,PGCIL,GUJARAT,172.0,0.0,0.5,Low,pace is 0% of what the current date needs
N24000988,WIDENING AND STRENGTHENING OF EXISTING 2-LANE TO 2-LANE WITH PAVED SHOULDERS FROM KM.159/0 TO 165/4,ROAD TRANSPORT AND HIGHWAYS,MORTH,TELANGANA,230.03,100.0,0.5,Low,"5.5y past original commissioning date; already past planned completion, no revised pace available"
N12000138,INSTALLATION OF NEW BAR MILL AT DURGAPUR STEEL PLANT,STEEL,SAIL,WEST BENGAL,2115.44,19.97,0.5,Low,elevated risk on combined profile
N24000777,RECONSTRUCTION WITH GEOMETIC IMPROVEMENT OF SINGLE LANE TO 2- LANE WITH PAVED SHOULDER CONFIGURATION,ROAD TRANSPORT AND HIGHWAYS,MORTH,UTTARAKHAND,283.51,100.0,0.5,Low,"5.6y past original commissioning date; no physical progress for 9 consecutive reports; already past planned completion, no revised pace available"
N24001381,REHABILITATION AND UPGRADATION TO 2-LANE/2-LANE WITH PAVED SHOULDERS/4-LANE CONFIGURATION OF PAONTA,ROAD TRANSPORT AND HIGHWAYS,MORTH,HIMACHAL PRADESH,272.98,100.0,0.4,Low,"4.2y past original commissioning date; already past planned completion, no revised pace available"
N24000778,RECONSTRUCTION WITH GEOMETRIC IMPROVEMENT OF EXISTING SINGLE/INTERMEDIATE LANE TO 2LANE WITH PAVED S,ROAD TRANSPORT AND HIGHWAYS,MORTH,UTTARAKHAND,266.52,100.0,0.4,Low,"5.6y past original commissioning date; no physical progress for 9 consecutive reports; already past planned completion, no revised pace available"
N28000117,"CONSTRUCTION OF IITB RESEARCH PARK AT IIT BOMBAY, POWAI, MUMBAI",DEPARTMENT OF HIGHER EDUCATION,CPWD EDUCATION,MAHARASHTRA,275.0,100.0,0.4,Low,agency's own forecast is 3 months past its approved date; 4.9y past original commissioning date; no physical progress for 9 consecutive reports
N24000772,RECONSTRUCTION WITH GEOMETRIC IMPROVEMENT OF EXISTING 2 LANE/INTERMEDIATE LANE TO 2LANE WITH PAVED S,ROAD TRANSPORT AND HIGHWAYS,MORTH,UTTARAKHAND,257.34,100.0,0.4,Low,"5.5y past original commissioning date; no physical progress for 9 consecutive reports; already past planned completion, no revised pace available"
N24001168,ESTIMATE FOR WIDENING TWO LANE TO FOUR LANE FROM FROM KM.129.00 TO 144.00 OF NH-63 ANKOLA-GOOTY SECT,ROAD TRANSPORT AND HIGHWAYS,MORTH,KARNATAKA,171.6,100.0,0.4,Low,"7.1y past original commissioning date; no physical progress for 9 consecutive reports; already past planned completion, no revised pace available"
N24002239,IMPROVEMENT AND WIDENING TWO LANNIG WITH PAVED SHOULDER OF NATIONAL HIGHWAY 127B FROM KM 31.500 (GOE,ROAD TRANSPORT AND HIGHWAYS,MORTH,MEGHALAYA,504.0,0.0,0.4,Low,pace is 0% of what the current date needs
N24000776,RECONSTRUCTION WITH GEOMETIC IMPROVEMENT OF EXISTING TWO LANE TO 2- LANE WITH PAVED SHOULDERS CONFIG,ROAD TRANSPORT AND HIGHWAYS,MORTH,UTTARAKHAND,232.81,100.0,0.4,Low,"5.6y past original commissioning date; no physical progress for 9 consecutive reports; already past planned completion, no revised pace available"
N12000142,REPLACEMENT OF EXISTING GRINDERS IN CRM-I & II AT BOKARO STEEL PLANT,STEEL,SAIL,JHARKHAND,211.94,0.0,0.4,Low,pace is 0% of what the current date needs
N24000774,WIDENING OF EXISTING SINGLE LANE ROAD TO TWO LANE WITH PAVED SHOULDERS CONFIGURATION FROM KM. 235.00,ROAD TRANSPORT AND HIGHWAYS,MORTH,UTTARAKHAND,248.22,100.0,0.4,Low,"5.5y past original commissioning date; no physical progress for 9 consecutive reports; already past planned completion, no revised pace available"
N16000535,HP TRIJET UNIT IN VR,PETROLEUM,HPCL,ANDHRA PRADESH,193.0,23.0,0.4,Low,elevated risk on combined profile
N24001158,RECONSTRUCTION TO TWO LANE WITH PAVED SHOULDERS FROM DS. CH. 442+180 (EX. KM 448.00) TO DS. CH.485+2,ROAD TRANSPORT AND HIGHWAYS,MORTH,KARNATAKA,159.97,100.0,0.3,Low,agency anticipates +52% over approved cost; 6.0y past original commissioning date; no physical progress for 9 consecutive reports
N24001161,WIDENING TO TWO LANE WITH PAVED SHOULDERS FROM 24.600 TO 70.063 OF MUDIGERE TO KADUR SECTION OF NH-,ROAD TRANSPORT AND HIGHWAYS,MORTH,KARNATAKA,297.3,100.0,0.3,Low,agency anticipates +7% over approved cost; 6.4y past original commissioning date; no physical progress for 9 consecutive reports
N24001160,WIDENING TO TWO LANE WITH PAVED SHOULDER FROM KM 194.900 TO KM 243.200 OF NH-234 BANAVARA- HULIYAR,ROAD TRANSPORT AND HIGHWAYS,MORTH,KARNATAKA,191.6,100.0,0.3,Low,"6.7y past original commissioning date; no physical progress for 9 consecutive reports; already past planned completion, no revised pace available"
N24001082,PUNE RAIGARH DISTRICT BORDER TO MANGAON,ROAD TRANSPORT AND HIGHWAYS,MORTH,MAHARASHTRA,223.46,100.0,0.3,Low,agency's own forecast is 48 months past its approved date; 5.5y past original commissioning date; no physical progress for 9 consecutive reports
N24002217,ACCESS CONTROLLED HIGHWAY OF 4 LANE WITH PAVED SHOULDERS FROM TN/AP BORDER (DESIGN CHAINAGE KM 61+51,ROAD TRANSPORT AND HIGHWAYS,NHAI,ANDHRA PRADESH,1346.82,8.2,0.3,Low,pace is 29% of what the current date needs
N24001164,WIDENING TO 2 LANE WITH PAVED SHOULDERS FROM KM 0 TO 54 OF NH- 50 UNDER EPC MODE IN THE STATE OF KARN,ROAD TRANSPORT AND HIGHWAYS,MORTH,KARNATAKA,396.96,100.0,0.3,Low,"8.3y past original commissioning date; no physical progress for 9 consecutive reports; already past planned completion, no revised pace available"
N24001383,REHABILITATION AND UPGRADATION TO INTERMEDIATE LANE CONFIGURATION OF SHRI KYARI- GUMMA SECTION (KM 75,ROAD TRANSPORT AND HIGHWAYS,MORTH,HIMACHAL PRADESH,349.2,100.0,0.2,Low,"4.2y past original commissioning date; no physical progress for 9 consecutive reports; already past planned completion, no revised pace available"
N24001165,WIDENING TO 2 LANE WITH PAVED SHOULDERS FROM KM 34.00 TO 70.900 OF NH-150 UNDER EPC MODE IN THE STAT,ROAD TRANSPORT AND HIGHWAYS,MORTH,KARNATAKA,314.9,100.0,0.2,Low,"8.3y past original commissioning date; no physical progress for 9 consecutive reports; already past planned completion, no revised pace available"
N24001162,IMPROVEMENT AND RECONSTRUCTION TO TWO LANE WITH PAVED SHOULDERS FROM KM 489.845 (NEW KM.58.125) AN,ROAD TRANSPORT AND HIGHWAYS,MORTH,KARNATAKA,325.86,100.0,0.2,Low,agency anticipates +19% over approved cost; 6.7y past original commissioning date; no physical progress for 9 consecutive reports
N24000821,RECONSTRUCTION WITH GEOMETRIC IMPROVEMENT OF EXISTING 2 LANE/INTERMEDIATE LANE TO 2LANE WITH PAVED S,ROAD TRANSPORT AND HIGHWAYS,MORTH,ANDAMAN AND NICOBAR ISLANDS,257.34,100.0,0.2,Low,"5.6y past original commissioning date; no physical progress for 9 consecutive reports; already past planned completion, no revised pace available"
N24001387,WIDENING TO 2-LANE WIH PAVED SHOULDER FROM KM. 544.20 TO 594.00 (HOSAMANE CROSS TO PANDAVAPURA) SECT,ROAD TRANSPORT AND HIGHWAYS,MORTH,KARNATAKA,264.34,100.0,0.2,Low,"7.7y past original commissioning date; no physical progress for 9 consecutive reports; already past planned completion, no revised pace available"
