project_code,project_name,sector,agency,state,cost_cr,physical_progress_pct,risk_score,tier,why
618645,4L of Gola-BokaroJaina More section from Km 53.600 to Km 21.110 of NH-320PKG-1,Roads & Highways,nhai,Jharkhand,1030.64,78.1,93.0,Critical,13 months past original date; needs 7.2%/month to hit current date
618687,Outer Ring Road of Jabalpur Town from Barela to Manegaon Pkg-1,Roads & Highways,nhai,Madhya Pradesh,651.88,89.72,93.0,Critical,16 months past original date; needs 10.1%/month to hit current date
618788,4L Greenfield Jalbhera Shahbad section from km. 0.000 to km. 22.850 of NH-152G,Roads & Highways,nhai,Haryana,1173.66,87.05,92.8,Critical,14 months past original date; cost already revised +27%; needs 12.7%/month to hit current date
618013,4-laning of Puttaparthi-Koduru Section of NH-342,Roads & Highways,morth,Andhra Pradesh,909.19,90.19,92.7,Critical,8 months past original date; needs 9.6%/month to hit current date
617983,Widening & Strengthening of Existing 2LPS to 4 lane PS from Km 150000 to Km 159000 and Km 165400 to Km 186000 of NH-163 old NH-202 under NH O for the year 2020-21 on EPC Mode in the state of Telangana.,Roads & Highways,morth,Telangana,300.56,91.0,92.6,Critical,"24 months past original date; already rescheduled, 2.1y slip declared; needs 8.8%/month to hit current date"
618949,4L of Basukinath- Deoghar Section of NH-114A,Roads & Highways,nhai,Jharkhand,1553.76,90.53,92.5,Critical,7 months past original date; needs 9.3%/month to hit current date
618798,4L of Sonauli - Gorakhpur,Roads & Highways,nhai,Uttar Pradesh,2275.43,89.0,91.9,Critical,16 months past original date; needs 5.4%/month to hit current date
618826,4 Laning of NH-544D from Km 0.000 to km 37.000 of Anantapur- Muchukota section Pkg-1,Roads & Highways,nhai,Andhra Pradesh,905.98,92.34,91.6,Critical,12 months past original date; needs 7.5%/month to hit current date
618500,Construction of 4L Connector from Delhi Meerut Expressway Km 50.000 of Pkg IV to Km 8.520 of NH-235 Pkg-5,Roads & Highways,nhai,Uttar Pradesh,1116.19,78.0,91.5,Critical,"2.3y past original commissioning date; already rescheduled, 2.4y slip declared; needs 21.6%/month to hit current date"
619292,4L Medinipur to Ballupur from Km. 458.65 to Km. 487.65 of NH-07Pkg-2,Roads & Highways,nhai,Uttarakhand,1072.5,93.9,91.4,Critical,17 months past original date; needs 6.0%/month to hit current date
617932,Construction of New Four Lane Bypass to Parbhani City Parwa to Asola Km 463/265 to Km 481/180 Design Ch. 19220 to Ch. 34434 Length-15.214 Km section of NH-61 on EPC mode in the State of Maharashtra.,Roads & Highways,morth,Maharashtra,496.64,70.14,91.2,Critical,21 months past original date; needs 9.9%/month to hit current date
618557,4L of Indora Chowk to Pachpaoli and Agrasen Chowk - Ashoka Chowk,Roads & Highways,nhai,Maharashtra,918.53,84.0,91.0,Critical,1 months past original date; needs 7.9%/month to hit current date
618778,4L of Madanapalle to Pileru Section from Km 0.000 to Km 55.900 of NH-71Package-I,Roads & Highways,nhai,Andhra Pradesh,1994.1,94.9,91.0,Critical,18 months past original date; needs 5.0%/month to hit current date
618478,Bangalore Chennai Expressway Phase-III Package II Walajahpet to Arakkonam from Km 180.000 to Km 204.500,Roads & Highways,nhai,Tamil Nadu,1106.65,93.04,91.0,Critical,"24 months past original date; already rescheduled, 2.1y slip declared; needs 6.8%/month to hit current date"
618765,4L of Karimnagar-Warangal section from km 49.500 to km 117.820 of NH-563,Roads & Highways,nhai,Telangana,2486.51,92.4,91.0,Critical,12 months past original date; cost already revised +16%; needs 7.5%/month to hit current date
618037,Rehabilitation and Up-gradation of existin of road from 2-lane to 2-lane with paved shoulders from km. 0.00 to km 53.590 total length-53.590 km of Raychoti to Vempalli section of NH-440 in the State of Andhra Pradesh on EPC mode.,Roads & Highways,morth,Andhra Pradesh,359.52,90.2,91.0,Critical,"2.2y past original commissioning date; already rescheduled, 2.3y slip declared"
618473,Vadodara Mumbai Expressway Phase II - Pkg XVII [Km. 69.800 to Km. 79.783 of Spur] Bhoj - Morbe,Roads & Highways,nhai,Maharashtra,2463.02,90.73,90.8,Critical,12 months past original date; cost already revised +12%; needs 9.1%/month to hit current date
618104,Widening to two lane with paved shoulders from Km 0/000 to Km 79/300 of Kalwakurthy - Kollapur section of NH-167K in the state of Telangana under annual plan 2021-22 on EPC mode under NHO.,Roads & Highways,morth,Telangana,886.69,90.05,90.6,Critical,12 months past original date; needs 9.8%/month to hit current date
619307,4L of Munger Mirzachauki section from Km 157350 to Km 193931 Pkg-4,Roads & Highways,nhai,"Multi-States (Bihar, Jharkhand)",1481.58,92.74,90.6,Critical,23 months past original date; needs 7.1%/month to hit current date
618089,Rehabilitation & Up-gradation of Mudkhed to Nanded section from Km. 372000 to Km 388400 of NH 161A i.e. Nanded-Bhokar-Himayatnagar-Kinwat-Mahur-Arani Road Design chainage from Km 372000 Mudkhed to Km 387650 Nanded of NH 161A Length 15.65 Km to 2/4Lane with paved shoulders configuration in the State of Maharashtra on EPC mode.,Roads & Highways,morth,Maharashtra,206.54,65.14,90.4,Critical,15 months past original date; needs 11.5%/month to hit current date
618055,Construction of Pratapgarh Bypass Extension connecting NH-31 to NH-330 on EPC mode in the State of Uttar Pradesh.,Roads & Highways,morth,Uttar Pradesh,225.17,78.0,90.3,Critical,13 months past original date; needs 10.8%/month to hit current date
618019,Upgradation & widening of Jharkheda- Berasia - Dholkhedi from design km 0000 to km 87900 Design length 87.90km of NH-346 including 3 nos. bypasses of 13.10 Km in the State of Madhya Pradesh under EPC mode.,Roads & Highways,morth,Madhya Pradesh,365.21,91.0,90.2,Critical,14 months past original date
618554,Construction of left out portion of Agra Inner Ring Road connecting village Deori to NH-44 village Bad from Km. 0.000 to Km. 7.772,Roads & Highways,nhai,Uttar Pradesh,787.58,94.0,90.2,Critical,22 months past original date; needs 5.9%/month to hit current date
618632,6L Access Controlled Greenfield Highway of Nandinne village to Julekal village from Km 202.900 to Km 242.200 Pkg-1,Roads & Highways,nhai,"Multi-States (Karnataka, Telangana)",1044.06,93.79,90.0,Critical,18 months past original date; needs 6.1%/month to hit current date
618505,Additional Structures on 6LGurgaon-Jaipur Section of NH-48 between KM 42.700 to KM 273.00,Roads & Highways,nhai,"Multi-States (Haryana, Rajasthan)",290.64,88.9,89.9,Critical,"2.1y past original commissioning date; already rescheduled, 2.2y slip declared; needs 10.9%/month to hit current date"
618472,Vadodara Mumbai Expressway Phase II - Pkg XVI [Km. 43.000 to Km. 69.800 of Spur] Amne - Bhoj,Roads & Highways,nhai,Maharashtra,4315.56,95.5,89.9,Critical,21 months past original date
618224,Rehabilitation and up-gradation to 2 lane with paved shoulder from existing chainage km 49150 to km 64535 Design chainage km 46.450 to km 55.800 including construction of Sungal Tunnel Total length of Tunnel 2.79 km under 13 TF on Akhnoor-Poonch road NH-144A under Project Sampark BRO in the UT of Jammu & Kashmir on EPC mode Package-II Job no NH-144A-J&K-2019-20-78,Roads & Highways,morth,Jammu and Kashmir,796.97,92.1,89.8,Critical,23 months past original date; needs 7.8%/month to hit current date
619101,4L Shahpur to Muktainagar from Km. 186.000 to km 216.278 of NH 753L Pkg II of Boregaon Buzurg to Muktainagar,Roads & Highways,nhai,"Multi-States (Madhya Pradesh, Maharashtra)",659.52,64.0,89.8,Critical,4 months past original date; needs 11.9%/month to hit current date
618471,Vadodara Mumbai Expressway Phase II - Pkg XV [Km. 20.200 to Km. 43.000 of Spur] Akloli - Amne,Roads & Highways,nhai,Maharashtra,2918.39,94.6,89.6,Critical,"2.2y past original commissioning date; already rescheduled, 2.3y slip declared; cost already revised +12%"
618353,Widening & Upgradation to 2-lanes with paved shoulders road from Tamenglong to Mahur NH-137 in the State of Assam starting from km 116.480 near Hangrum to km 136.500 near Hejaichak Package-8 on EPC mode under NHO-NE Package 8,Roads & Highways,nhidcl,Assam,904.04,85.2,89.5,Critical,11 months past original date; needs 7.3%/month to hit current date
618024,Up-gradation to two lane with paved shoulder configuration of NH-354 Section Arifkes- Ferozepur-Muktsar-Malaut from Km 201.500 to Km 212.500 & Km 229.690 to Km 269.960 and strengthening of existing pavement from Km 212.500 to Km 229.690 excluding Km 218.500 to 223.690 of NH-354 on EPC Mode in the State of Punjab. Job No. NH-354-PB-2020-21-532,Roads & Highways,morth,Punjab,263.19,83.0,89.3,Critical,15 months past original date; needs 8.3%/month to hit current date
619155,Upgradation and 4L of Haridwar Bypass from Km 0.000 Km 188.100 of NH-58 to Km. 15.100 Km 5.100 of NH 74 PKg-1,Roads & Highways,nhai,Uttarakhand,1423.89,80.36,89.3,Critical,"21 months past original date; already rescheduled, 2.1y slip declared"
618917,4L Greenfield starting from NH-30 near Saristabad Patna to Nathupur Project end point of Patna-Gaya-Dobhi Section of NH-83,Roads & Highways,nhai,Bihar,419.66,88.3,89.0,Critical,11 months past original date; needs 5.7%/month to hit current date
619289,4L of Munger Mirzachauki section from Munger to Kharia village junction from Km 69520 to Km 95580 Pkg-1,Roads & Highways,nhai,Bihar,1696.66,82.72,88.8,Critical,"2.3y past original commissioning date; already rescheduled, 2.6y slip declared; needs 5.7%/month to hit current date"
618621,Indore - Edlabad Pkg-II [Tejajinagar to Balwara],Roads & Highways,nhai,Madhya Pradesh,1530.82,87.3,88.6,Critical,18 months past original date; cost already revised +32%
617925,Construction of Bypass to Khordha town from Km 294/000 to 300/300 on NH-57 including LA in the State of Odisha on EPC mode.,Roads & Highways,morth,Odisha,157.49,92.0,88.3,Critical,20 months past original date; needs 7.9%/month to hit current date
618003,Construction of four lane ROB and its approaches in lieu of existing Level Crossing No. RV-71 at km 435 on NH-217 New NH-353 at Khariar including land acquisition under NHO in Annual Plan 2021-22 for the state of Odisha for F.Y. 2021-22 to F.Y 2033-34,Roads & Highways,morth,Odisha,154.49,90.0,88.1,Critical,19 months past original date
618147,Widening to 2 Lane with Paved Shoulders from design Km 103.200 Existing Km 103.200 to design Km 116.700 Existing Km 118.470 on AP/KNT Border to Sira Section of NH-544E in the State of Karnatakaon EPC mode under Annual plan 2022- 23,Roads & Highways,morth,Karnataka,166.58,65.0,88.1,Critical,10 months past original date; needs 34.4%/month to hit current date
619154,Construction of Four Lane Highway from Ghazipur- Ballia-UP/Bihar State Border Greenfield section of NH-31 Package III [from Pindari km 78.150 to Rawalganj Bypass Km 117.120] on EPC Mode in the state of Uttar Pradesh.,Roads & Highways,nhai,"Multi-States (Bihar, Uttar Pradesh)",1493.59,86.11,88.0,Critical,11 months past original date
618345,Widening to 2-lane with Hard shoulder of Churachandpur to Tuivai Section from Km 48.587 to Km 69.875 in the State of Manipur on EPC mode under NHO Package-2B,Roads & Highways,nhidcl,Manipur,365.53,88.2,87.8,Critical,"3.9y past original commissioning date; already rescheduled, 4.0y slip declared; needs 11.6%/month to hit current date"
619134,6L of Ambala-Chandigarh greenfield section from Km. 0.000 to Km. 25.000 with 4L spur to Lalru from Km. 0.000 to Km. 5.828 & spur to PR-7 road from Km. 0.000 to Km. 11.157,Roads & Highways,nhai,"Multi-States (Haryana, Punjab)",1904.79,90.01,87.5,Critical,9 months past original date; cost already revised +16%
618351,Widening & Upgradation to 2 lanes with paved shoulders road from Tamenglong to Mahur NH-137 in the State of Assam starting from km 156.489 near P. Leikul to km 176.410 near Borowapu on EPC mode under NHO-NE Assam portion Package-10,Roads & Highways,nhidcl,Assam,693.15,90.5,87.5,Critical,11 months past original date
618263,"Rehabilitation and Up-gradation to 2LPS from Km. 0.000 to Km. 7.800 and Km. 35.400 to Km. 52.345 Design length 24.745 Km., except Bihar portion of NH-727B Tamkuhiraj to Bihar Border and Bihar Border to Majhauli on EPC mode in the State of Uttar Pradesh",Roads & Highways,morth,Uttar Pradesh,701.02,81.18,87.5,Critical,needs 18.5%/month to hit current date
619066,Delhi-Amritsar-Katra Expressway Phase-II Pkg-XIV from Junction with Pathankot- Gurdaspur road NH-54 near Balsua to Junction with Hiranagar Road near village Gurha Baildaran km 423500 to km 468100,Roads & Highways,nhai,"Multi-States (Jammu and Kashmir, Punjab)",3707.91,87.3,87.4,Critical,"22 months past original date; already rescheduled, 2.1y slip declared; cost already revised +22%"
618951,Hariharganj to Parwa Mode section from km 23.284 to km 57.049 of NH-98,Roads & Highways,nhai,"Multi-States (Bihar, Jharkhand)",1186.56,91.3,87.4,Critical,"2.4y past original commissioning date; already rescheduled, 2.5y slip declared; needs 8.5%/month to hit current date"
619132,4/6L of Gurgaon - Pataudi - Rewari from km. 0.00 to km.43.87 of NH-352W,Roads & Highways,nhai,Haryana,1917.5,77.76,87.3,Critical,"2.7y past original commissioning date; already rescheduled, 2.8y slip declared; needs 21.8%/month to hit current date"
618446,Construction & Upgradation of existing road to 2-lane with paved shoulder from New Rolep Bridge at km 37.600 to Chochenpheri at km 52.00 in the section of Rongli to Chochenpheri of NH 717B Pkg-II C,Roads & Highways,nhidcl,Sikkim,478.79,79.13,87.3,Critical,"2.2y past original commissioning date; already rescheduled, 2.3y slip declared; needs 10.2%/month to hit current date"
619183,Widening of Existing Road from Intermediate Lane 2-lane to 4-lane Between Km 19.994 to Km 35.180 of NH-848A Rakholi-Khadoli-Velugam Section in U.T. of Dadra and Nagar Haveli and Daman and Diu,Roads & Highways,morth,Dadra & Nagar Haveli and Daman & Diu,239.57,80.0,87.2,Critical,1 months past original date; cost already revised +21%; needs 19.6%/month to hit current date
618411,Melaghar-Srimantapur section on NH-08 Spur from Km 23 to Km 34.500 11.5 Km and overlay from Km 20.30 to Km 22.00 1.7 Km Total Length 13.2 Km,Roads & Highways,nhidcl,Tripura,195.95,72.48,87.0,Critical,20 months past original date; needs 9.1%/month to hit current date
617965,Kopargaon to Savali Vihir section,Roads & Highways,morth,Maharashtra,195.38,93.45,86.9,Critical,"24 months past original date; already rescheduled, 2.1y slip declared; needs 6.4%/month to hit current date"
618544,"4L twin tube tunnel including approaches from Digdol to Khuni Nallah North Bound connecting with existing major bridge on NB and South Bound connecting with Tunnel T4 ,Single tube tunnel of Ramban to Banihal Pkg-II of Old NH-1A New NH-44",Roads & Highways,nhai,Jammu and Kashmir,1020.99,87.1,86.7,Critical,"2.1y past original commissioning date; spend outruns works by 16pp; already rescheduled, 2.3y slip declared"
618352,Widening & Upgradation to 2 lanes with paved shoulders road from Tamenglong to Mahur NH-137 in the State of Assam starting from km 136.500 near Hejaichak to km 156.489 near P. Leikul Package-9 on EPC mode under NHO-NE Package-9,Roads & Highways,nhidcl,Assam,614.43,87.5,86.5,Critical,11 months past original date; needs 6.1%/month to hit current date
618647,6L Access Controlled Ludhiana-Bathinda Greenfield highway from Jn. with Amritsar- Bathanda Greenfield Road NH-754A near Rampura Phul to Jn. with Moga-Barnala Road NH-703 near village Tallewal from Km 0.0 to Km 30.3 of NH-754AD Pkg-1,Roads & Highways,nhai,Punjab,1020.52,81.5,86.5,Critical,10 months past original date; cost already revised +13%; needs 6.1%/month to hit current date
618303,Widening/Improvement to 2-lane with earthen shoulder of Yaingangpokpi - Finch corner road section of NH-202 from Km 0.000 to Km 16.900 of NH-202 in the state of Manipur on EPC mode Package-1,Roads & Highways,nhidcl,Manipur,222.77,88.96,86.2,Critical,"4.1y past original commissioning date; already rescheduled, 4.2y slip declared; needs 10.8%/month to hit current date"
617921,Widening and strengthening to 2LPS including LA of Kandarpur-Balikuda from km 277/500 to 318/970 of NH-55 in the State of Odisha under Annual Plan 2021-22.,Roads & Highways,morth,Odisha,499.79,66.0,85.8,Critical,13 months past original date; needs 8.4%/month to hit current date
617939,6-Laning of Pune-Hyderabad Section of NH-65 from Km 493/0 to Km 524/0 from Sangareddy X Roads to Madinaguda in the State of Telangana,Roads & Highways,morth,Telangana,1297.75,45.85,85.4,Critical,needs 53.2%/month to hit current date
618098,"Upgradation of exhisting 2 lane flexible pavement to 2 lane paved shoulders rigid pavement from design chainage Km 66.00 to Design Km 82.440 Start of Kolhapur Municipal corporation near Phulewadi to kale, design length 16.440 Km section on Talere Gaganbawada-Kolhapur road NH 166G in the state of Maharashtra on EPC mode",Roads & Highways,morth,Maharashtra,167.97,93.75,85.3,Critical,"2.2y past original commissioning date; already rescheduled, 2.3y slip declared; needs 6.1%/month to hit current date"
618199,"Rehabilitation, Upgradation & Widening of existing Highway to Rigid Pavement 2 Lane with Paved Shoulder of NH 965DD from Lonand Shirval-Bhor Mandangad-Pchral Section ShindewadiPhata to Varandah Ghat Dist Border from Km 33/550 to 92/550 in the state of Maharashtra on EPC mode.",Roads & Highways,morth,Maharashtra,723.13,53.5,85.0,Critical,needs 15.4%/month to hit current date
618198,Balance work of Rehabilitation and Up-gradation to 2-lane road with paved shoulders configuration for NH- 965DD from Pacharal-Mandangad-Mhapral-Rajewadi Upto Junction of NH-66 Ch-22700 to 75100 Km and Ambadave connector Birth place of Dr. Babasaheb Ambedkar Ch-0000 to 7325 Km length Km 59.725 in the state of Maharashtra on EPC mode. Balance Work,Roads & Highways,morth,Maharashtra,341.69,93.07,85.0,Critical,"2.5y past original commissioning date; already rescheduled, 2.6y slip declared; needs 6.8%/month to hit current date"
618178,Widening and strengthening of Gangakhed to Kingaon section of NH-752K in Km 38/750 to 72/304 Flexible Pavement Length33.554 km to 2-lane configuration on EPC mode in the State of Maharashtra.,Roads & Highways,morth,Maharashtra,162.67,72.0,84.7,Critical,1 months past original date; needs 9.3%/month to hit current date
619076,Six Laning of Vijayawada Bypass from Chinna Avutapalli to Gollapudi in Vijayawada - Gundugolanu Section from km. 0.00 to km. 30.00 Pkg-III,Roads & Highways,nhai,Andhra Pradesh,1883.71,98.2,84.6,Critical,"3.4y past original commissioning date; already rescheduled, 3.6y slip declared; cost already revised +19%"
618155,Development/Widening of Talegaon Chakan Shikrapur Nhavara Section of NH-548D from existing chainage km. 54/000 to 82/300 and Design chainage Km. 54/000 to 82/120 Shikrapur to Nhavara Section to 2LPS/4L Configuration on EPC Mode in the State of Maharashtra.,Roads & Highways,morth,Maharashtra,396.17,76.2,84.5,Critical,needs 11.7%/month to hit current date
618868,4L from Devinagar Bypass End Existing Km. 208.000 of NH 530B/Design Km. 66.000 to Kasganj Bypass End Existing Km.150.100 of NH 530B/ Design Km. 123.100 of NH 530B,Roads & Highways,nhai,Uttar Pradesh,2223.71,77.0,84.4,Critical,1 months past original date
618686,Outer Ring Road of Jabalpur Town from Kushner to Amjhar Road including Airport Connectivity Pkg-IV,Roads & Highways,nhai,Madhya Pradesh,509.82,79.63,83.7,Critical,4 months past original date; needs 5.0%/month to hit current date
619211,6L of MH/KN Border Nimbal Village to KN/TS Border Singnodi Village from Km. 97.000 to Km. 162.500 in Yadgir of NH-150C Pkg-III,Roads & Highways,nhai,Karnataka,2065.83,73.9,83.6,Critical,9 months past original date; needs 6.5%/month to hit current date
618693,Bodhre - Dhule,Roads & Highways,nhai,Maharashtra,1292.7,97.69,83.5,Critical,"24 months past original date; already rescheduled, 2.1y slip declared"
617976,Work of development and construction of elevated corridorfrom km 38/660 to km 42/690 Iscon junction to start point of approach of sanand flyover of NH-147 in the sate of Gujarat,Roads & Highways,morth,Gujarat,530.2,90.0,83.5,Critical,1 months past original date
619073,4L of 42.000 to km 80.00 of Dodaballapur Bypass to Hoskote section of NH-648 Old NH-207 [Bangalore Ring Road Pkg 2],Roads & Highways,nhai,Karnataka,1846.52,99.2,83.5,Critical,"3.4y past original commissioning date; already rescheduled, 3.6y slip declared; cost already revised +40%"
619109,6L of Badakumari - Karki Section from Km 179.000 to km 226.500 of NH-130-CD Package OD-3,Roads & Highways,nhai,Odisha,1374.43,99.7,83.2,Critical,"2.2y past original commissioning date; already rescheduled, 2.3y slip declared; cost already revised +25%"
618923,4L Behsuma at Km 39.250 Ex. Km 39240 To Bijnor at Km 78.810 Ex. Km 86590 Design Length 39.560 Km of NH-119 Pkg-II,Roads & Highways,nhai,Uttar Pradesh,2553.12,70.12,83.2,Critical,2 months past original date; cost already revised +18%; needs 5.9%/month to hit current date
619214,4L of Channarayapatna Bypass and Hassan Bypass with structures in Devihalli - Hassan section,Roads & Highways,nhai,Karnataka,684.54,82.34,83.1,Critical,"3.5y past original commissioning date; already rescheduled, 3.8y slip declared; needs 5.8%/month to hit current date"
618477,Bangalore Chennai Expressway Phase-III Package I Gudipala to Walajajhpet from Km 156.000 to Km 180.000,Roads & Highways,nhai,"Multi-States (Andhra Pradesh, Tamil Nadu)",1481.87,99.02,83.0,Critical,"2.2y past original commissioning date; already rescheduled, 2.3y slip declared"
618082,Widening & Upgradation to four lane configuration from Km.34.900 Bhadohi to km.73.134 Jaunpur of NH-135A on EPC mode,Roads & Highways,morth,Uttar Pradesh,392.03,95.0,83.0,Critical,"2.2y past original commissioning date; already rescheduled, 2.3y slip declared"
618413,Construction of 2 laning with Hard shoulder of Peren-Dimapur section on NH 129A from Design Km 146.208 to Km 163.592 Length- 17.384 km in the state of Nagaland on EPC mode under NHO-TSP Package-III,Roads & Highways,nhidcl,Nagaland,199.02,95.62,82.8,Critical,13 months past original date; cost already revised +12%
618231,Rehabilitation and Upgradation to 2-lane configuration of Hamirpur-Karnohal Section km 141.00 to 181.00 of NH-70 in the State of Himachal Pradesh under Green National Highways Corridor Project GNHCP with the loan assistance of World Bank on EPC mode.Package-1,Roads & Highways,morth,Himachal Pradesh,371.93,93.62,82.7,Critical,19 months past original date
618844,Viluppuram Km.0.000 to Puducherry Km.29.000,Roads & Highways,nhai,"Multi-States (Puducherry, Tamil Nadu)",1162.44,98.32,82.6,Critical,"2.7y past original commissioning date; already rescheduled, 2.8y slip declared"
618841,4L Elevated Section and at-grade improvements at Begusarai town Simaria - Khagaria section from Km. 221.047 to Km. 225.302 of NH-31,Roads & Highways,nhai,Bihar,348.38,95.72,82.6,Critical,19 months past original date
618862,Bakhtiyarpur-Rajauli Pkg-III from km. 101.630 to km.152.520,Roads & Highways,nhai,Bihar,3046.61,99.14,82.6,Critical,"2.1y past original commissioning date; already rescheduled, 2.2y slip declared; cost already revised +41%"
618409,Widening & Up-gradation to 2 lane with Paved shoulder of NH-301 Kargil- Zanskar Road from Design km 57.000 Ex. Km. 57.905 to Km 87.000 Ex. Km. 88.2491 of 30.000 Km length Pkg-lll,Roads & Highways,nhidcl,Ladakh,381.01,91.01,82.5,Critical,"3.5y past original commissioning date; already rescheduled, 3.6y slip declared; needs 8.8%/month to hit current date"
618735,4L of Chandesara to Khedakhajuriya from Km. 0.000 to - 750 & Km 0.000 to km 41.400 of NH-148NG Pkg-I,Roads & Highways,nhai,Madhya Pradesh,976.55,99.0,82.4,Critical,"2.2y past original commissioning date; already rescheduled, 2.3y slip declared"
618169,Construction of Two Lane with paved shoulder highway from Design Ch.0.000 to Ch.49.2OO of NH-731B on EPC Mode,Roads & Highways,morth,Uttar Pradesh,602.76,98.0,82.3,Critical,8 months past original date
618845,Puducherry Km.29.000 to Poondiyankuppam Km.67.000,Roads & Highways,nhai,"Multi-States (Puducherry, Tamil Nadu)",1415.9,98.75,82.2,Critical,"2.7y past original commissioning date; already rescheduled, 2.8y slip declared"
618859,"Improvement and Up-Gradation of Existing Road to 4L PS from Km 229.070 to 260.800, End of Hardoi District to Lucknow Ring road of NH 731 Pkg-4",Roads & Highways,nhai,Uttar Pradesh,553.61,99.33,82.2,Critical,21 months past original date
619199,Bangalore Chennai Expressway Phase-II Pkg-I from km.71.000 to Km 96.000 Bethamangala in the state of Karnataka to Byreddypalli,Roads & Highways,nhai,"Multi-States (Andhra Pradesh, Karnataka)",1410.01,99.2,82.1,Critical,21 months past original date
618061,"Strengthening, Widening & Up-gradation of newly declared NH-761 from NH- 61Junction-BelheAlkutiDevibhoyareNighojShirur, from Design chainage Km 0.000 to Km 37.970 from Single/Intermediate/2L to 2LPS in the State of Maharashtra on EPC Mode Length 37.970 Km",Roads & Highways,morth,Maharashtra,386.16,62.5,82.0,Critical,needs 18.4%/month to hit current date
618407,Jammu-Akhnoor Road Pkg-I,Roads & Highways,nhidcl,Jammu and Kashmir,245.3,75.29,81.9,Critical,18 months past original date; needs 8.2%/month to hit current date
618520,4L of km 0.00 to km 42.00 of Dobbaspet to Doddaballapura Bypass section of NH-648 old NH-207] [Bangalore Ring Road Pkg 1],Roads & Highways,nhai,Karnataka,1786.57,99.2,81.9,Critical,"3.2y past original commissioning date; already rescheduled, 3.4y slip declared; cost already revised +24%"
618173,Shirur-Kharda section from 55937 km to 114486 km to 2LPS/4L,Roads & Highways,morth,Maharashtra,381.77,83.93,81.7,Critical,"7.1y past original commissioning date; already rescheduled, 7.2y slip declared; needs 15.8%/month to hit current date"
618470,Vadodara Mumbai Expressway Phase II - Pkg XIV [Km. 3.000 to Km. 20.200 of Spur] Shirsad - Akloli,Roads & Highways,nhai,Maharashtra,2324.72,98.0,81.7,Critical,"2.2y past original commissioning date; already rescheduled, 2.3y slip declared; cost already revised +13%"
618678,6L Greenfield Baunsaguar - Baraja Section of NH-130-CD Road from km 293000 to km 338500 Package OD-6,Roads & Highways,nhai,Odisha,1635.44,99.6,81.5,Critical,"2.2y past original commissioning date; already rescheduled, 2.3y slip declared; cost already revised +29%"
618186,"Rehabilitation and Up-gradation of Valigonda to Thorrur Section to Two Lane with Paved Shoulders from Km 39.180 to Km 108.300 of NH-930P in the State of Telangana on Engineering, Procurement and Construction EPC Basis",Roads & Highways,morth,Telangana,549.28,94.97,81.5,Critical,19 months past original date
618905,Widening with additional 3L abetting Chhapra Bypass Section of NH-19 from Km. 143.200 to Km. 159.255 Pkg-1,Roads & Highways,nhai,Bihar,528.48,77.28,81.5,Critical,cost already revised +12%; needs 7.5%/month to hit current date
618889,"4L of Bhangbar Near Ranital to Kangra Bypass Section of Old NH-88 New NH- 303,503 up to Intersection with NH-154 from Km 175.270 to Km 193.400 Pkg-VB",Roads & Highways,nhai,Himachal Pradesh,1829.49,97.45,81.4,Critical,19 months past original date; cost already revised +38%
619203,Vadape to Thane from km 539.202 to km 563.000 section of NH-3 new NH-848,Roads & Highways,nhai,Maharashtra,1371.27,87.0,81.4,Critical,"5.0y past original commissioning date; already rescheduled, 5.3y slip declared"
618634,6L of Veera Kaveri Raja Puram to Pondavakkam from km 61.380 to km 96.040 of NH 716B Pkg-III,Roads & Highways,nhai,"Multi-States (Andhra Pradesh, Tamil Nadu)",1439.77,98.89,81.2,Critical,18 months past original date
618395,"Construction & Upgradation to 2-lane with paved shoulder from Design Ch. Km 51700 at Premnagar km 66315 to Km 66535 New Thatri at Start of Km 83rd, Tunnel Km 82665 of 14.835 Km design length on Chenani-Sudhmahadev-Goha Khellani- Kishtwar-Vailoo Donipawa-Ashajipora section of NH-244 in the UT of J&K on EPC Mode under NHO-Gen Pkg - 2",Roads & Highways,nhidcl,Jammu and Kashmir,512.43,53.49,81.2,Critical,"3.4y past original commissioning date; already rescheduled, 3.7y slip declared; needs 15.4%/month to hit current date"
618895,Kamalapuram to Oddanchatram from km. 0.00 to km. 35.822,Roads & Highways,nhai,Tamil Nadu,1319.42,93.6,81.1,Critical,"3.5y past original commissioning date; already rescheduled, 3.7y slip declared"
618085,Upgradation of Nasrullagani-Rehti-Budhni Scction to 2-lane with paved shoulder from Km 0150 to Km 50500 of NH-146B in the state of Madhya Pradesh on EPC mode.,Roads & Highways,morth,Madhya Pradesh,293.74,92.33,81.1,Critical,21 months past original date
617958,Widening & Strenthening from km132.895 to km 190.15 NH-80,Roads & Highways,morth,Bihar,566.1,73.21,80.9,Critical,20 months past original date; needs 6.6%/month to hit current date
618163,"Rehabilitation and Up-gradation from km. 0000 to km.40390 of NH-730S MaharajganjNichloulThuthibari to two lane with paved shoulders in the State of U.P. on Engineering, Procurement & Construction EPC Basis.",Roads & Highways,morth,Uttar Pradesh,603.19,59.5,80.8,Critical,7 months past original date; needs 8.1%/month to hit current date
618476,Bangalore Chennai Expressway Phase-II Pkg-III from km.127.000 to Km 156.000 Bangarupalem to Gudipala section,Roads & Highways,nhai,Andhra Pradesh,1407.33,99.46,80.8,Critical,21 months past original date
618081,Construction of Mariahu Bypass with four lane paved shoulder configuration Km. 53.540 to Km.59.200 of NH-135A on EPC mode in the state of Uttar Pradesh,Roads & Highways,morth,Uttar Pradesh,362.39,55.0,80.7,Critical,5 months past original date; needs 9.0%/month to hit current date
618449,Construction & Upgradation of existing road to 2-lane with paved shoulder from km27.200 End of Rongli bypass to km37.600New Rolep Bridge of Rhenok-Menla spur NH-717B on EPC Mode under SARDP-NE Phase-A in Sikkim Pkg-II B,Roads & Highways,nhidcl,Sikkim,244.91,86.19,80.5,Critical,"3.2y past original commissioning date; spend outruns works by 16pp; already rescheduled, 3.4y slip declared"
618233,Construction of 6-lane bridge on Ganga on NH-96 and its approaches in Phaphamau Allahabad on EPC mode,Roads & Highways,morth,Uttar Pradesh,1465.41,91.0,80.5,Critical,"2.4y past original commissioning date; already rescheduled, 2.6y slip declared"
618924,2L PS of Najibabad Kotdwar section from 112.575 to Km. 138.635 of NH 119,Roads & Highways,nhai,Uttar Pradesh,99.2,55.9,80.5,Critical,10 months past original date; needs 14.6%/month to hit current date
618682,6L Korlam-Kantakapalle Section of NH-130CD Road from Km 421.100 to Km 445.100 Pkg-3,Roads & Highways,nhai,Andhra Pradesh,1127.63,99.5,80.4,Critical,"2.4y past original commissioning date; already rescheduled, 2.5y slip declared"
618640,4L of Urga - Pathalgaon from Km. 70.200 to km. 157.745 of NH-130A,Roads & Highways,nhai,Chhattisgarh,2860.36,81.5,80.4,Critical,cost already revised +26%; needs 18.2%/month to hit current date
617998,Widening to existing 2 lane with paved Shoulder to 4 Lane with paved shoulder from design Km 153.00 to 168.27 Mala Gate to Karkala of NH -169 on Shimoga - Mangalore section in the state of Karnataka on EPC mode under Annula Plan 2021-22 Job No. NH-169-KNT-2021-22-949,Roads & Highways,morth,Karnataka,177.94,83.0,80.3,Critical,17 months past original date
618172,Paithan - Shirur section 2LPS Km 0.0 to 55.00,Roads & Highways,morth,Maharashtra,341.8,82.0,80.2,Critical,"7.1y past original commissioning date; already rescheduled, 7.3y slip declared; needs 6.0%/month to hit current date"
618496,Delhi-Amritsar-Katra Expressway Phase-II Pkg-XVI Existing Jakh Vijaypur-Kunjwani section of NH-44 including spur Connectivity to Jammu Airport NH-144A [Km 503500 to km 514500],Roads & Highways,nhai,Jammu and Kashmir,2522.56,94.14,80.1,Critical,22 months past original date; cost already revised +38%
618747,Khammam-Devarapalle Pkg III [4L Access Controlled Greenfield from Chintagudem village to Recherla village Design Chainage 63117 to 105236],Roads & Highways,nhai,"Multi-States (Andhra Pradesh, Telangana)",1227.07,98.82,80.1,Critical,22 months past original date; cost already revised +48%
618761,4L Spur of Meerut-Garh-Mukteshwar section connecting NH-119 and NH-58 bypassing Meerut Town of NH 709 A,Roads & Highways,nhai,Uttar Pradesh,977.73,96.98,80.1,Critical,17 months past original date
618806,Improvement of 4L road to 6L road and 4L dedicated Port Roads for the Port connectivity road from Convent junction to Sheelanagar Junction,Roads & Highways,nhai,Andhra Pradesh,680.21,79.0,79.9,Critical,5 months past original date
618861,Bakhtiyarpur-Rajauli Pkg-II from km. 54.405 to km.101.630,Roads & Highways,nhai,Bihar,1397.47,97.85,79.9,Critical,"3.0y past original commissioning date; already rescheduled, 3.1y slip declared; cost already revised +56%"
618020,"Rehabilitation & Upgradation of KurwaiMungaoliChanderi Road section of NH-346, from Design Chainge 0.000 to 81.300 Km Total length 83.1 km to Two lane with paved shoulder configuration along with One time improvement in 07 nos of bypassed built- up areas in a total length of 22.615 km in the state of Madhya Pradesh on EPC mode.",Roads & Highways,morth,Madhya Pradesh,386.49,67.57,79.9,Critical,17 months past original date; needs 6.5%/month to hit current date
618623,4L Boregaon Buzurg to Shahpur Pkg I of Boregaon Buzurg to Muktainagar of NH 753L,Roads & Highways,nhai,Madhya Pradesh,1132.34,90.1,79.8,Critical,6 months past original date
618197,Widening to 2 lane with Paved Shoulders of Medak - Siddipet section from Km 0/0 to km 69/978 of NH-765DG in the State of Telangana under Annual plan 2021-22 on EPC mode,Roads & Highways,morth,Telangana,882.18,74.06,79.8,Critical,18 months past original date; needs 5.2%/month to hit current date
618124,Rehabilitation and upgradation from km 51.600 to km 75.700 of NH-321G Nuhkhas to Etah section to two lane with paved shoulder configuration under EPC mode in the State of Uttar Pradesh,Roads & Highways,morth,Uttar Pradesh,343.54,73.0,79.7,Critical,11 months past original date; needs 6.7%/month to hit current date
618894,4L of Madathukulam - Pollachi from km. 74.38 to km. 116.95 of old NH-209 New NH- 83,Roads & Highways,nhai,Tamil Nadu,1772.13,97.65,79.7,Critical,"3.6y past original commissioning date; already rescheduled, 3.8y slip declared"
618183,Widening to 2 lane with paved shoulders from Km 62/920 to km 106/830 of Medak - Yellareddy section in the State of Telangana under Annual Plan 2022-23 on EPC mode under NHO,Roads & Highways,morth,Telangana,399.01,70.6,79.7,Critical,needs 28.9%/month to hit current date
618537,Construction of Ring Road around Kanpur from Km.000 to Km. 23.325 Chachendi Sachendi I to Maharajpur Package-I,Roads & Highways,nhai,Uttar Pradesh,1311.7,62.15,79.6,Critical,1 months past original date; needs 5.4%/month to hit current date
618266,Rehabilitation and upgradation to 2-lane with paved sholuders configuration of Bewar- Allahaganj- section of NH-730C Km.0.000 to Km 52.770 pakage-I in state of Uttar Pradesh undergreen national Highway Corridor Project GNHCP with the loan assistance of world Bank on EPC mode.,Roads & Highways,morth,Uttar Pradesh,340.16,99.0,79.6,Critical,20 months past original date
618421,"Construction of 2-Lane with paved shoulder of Shillong Western Bypass starting from NH-06 near Ladumsaw Existing km 60.900 of old NH-40 to NH106 old NH-44E, km 0000 to km 12800 Package-I under SARDP-NE PHASE A in the State of Meghalaya on EPC Mode Greenfield alignment",Roads & Highways,nhidcl,Meghalaya,620.3,74.85,79.6,Critical,needs 12.3%/month to hit current date
619128,Khammam-Devarapalle Pkg II [4L Access Controlled Greenfield from Somavaram village to Chintagudem village Design Chainage 33604 to 63117],Roads & Highways,nhai,Telangana,981.64,98.02,79.3,Critical,22 months past original date; cost already revised +59%
619065,4L Expressway from Km 26.400 to km 53.500 of Malur to Bangarpet section of Bangalore-Chennai Expressway Phase-I Package-II,Roads & Highways,nhai,Karnataka,1729.63,99.8,79.2,Critical,"2.8y past original commissioning date; already rescheduled, 3.0y slip declared"
618200,Construction of 2 lane with Paved Shoulder for Northern Bypass Phase-II of Kota city in the State of Rajasthan.,Roads & Highways,morth,Rajasthan,317.74,50.33,79.2,Critical,15 months past original date; needs 12.3%/month to hit current date
619100,Dhangaon - Borgaon section km 81.000 to km 139.000 [Indore - Edlabad Pkg IV],Roads & Highways,nhai,Madhya Pradesh,1185.04,99.8,79.1,Critical,"2.9y past original commissioning date; already rescheduled, 3.0y slip declared; cost already revised +37%"
618141,Widening and Improvement of existing carriage way to 2 lane with paved shoulders from Km. 86/160 to 131/730 of Jangaon-Duddeda section of NH-365B in the State of Telangana on EPC Mode,Roads & Highways,morth,Telangana,423.48,77.85,79.1,Critical,19 months past original date
618059,Construction of four-lane Concrete Road from Police Headquarter Gondia City to Rawanwadi Village Birsi Airport Junction from design km 0.000 to km 15.781 existing km 39/720 of NH-753 to existing Km 8/400 of NH 543 on sections from Kohmara- Goregaon- Police HeadquarterKaranja - Collector Office Square - Balaghat T Point- Rawanwadi- Rajegaon of NH-753 and NH-543 in Gondia District in the state of Maharashtra. Total Length of the project 15.781 Km.,Roads & Highways,morth,Maharashtra,328.11,34.15,79.1,Critical,11 months past original date; needs 21.8%/month to hit current date
618792,4L Bhiwani-Hansi road section of NH-148B,Roads & Highways,nhai,Haryana,1144.21,99.5,79.0,Critical,7 months past original date
619153,4L of HP/Punjab Border - Mo from km. 11.00 to km. 42.00 of Old NH-20 New NH-154 Package-IA,Roads & Highways,nhai,Himachal Pradesh,1363.04,68.65,79.0,Critical,"2.2y past original commissioning date; already rescheduled, 2.6y slip declared; cost already revised +36%"
618957,4 laning of Champa - Korba from km 0.00 to km 38.2,Roads & Highways,nhai,Chhattisgarh,1304.47,98.75,79.0,Critical,"2.5y past original commissioning date; already rescheduled, 2.6y slip declared; cost already revised +30%"
618586,Improvement and strengthening of existing 2 lane stretch to 2-Lane with PS 1.5m on both sides on Ghoti-Sinnar section of NH-160A using Thin White Topping 200mm thick in the State Of Maharashtra on EPC Mode,Roads & Highways,nhai,Maharashtra,147.64,77.0,78.9,Critical,1 months past original date; needs 22.6%/month to hit current date
619306,4L of Munger Mirzachauki section from Km 95580 to Km 125000 Pkg-2,Roads & Highways,nhai,Bihar,1235.65,95.9,78.8,Critical,"2.3y past original commissioning date; already rescheduled, 2.4y slip declared; cost already revised +21%"
618139,Rehabilitation and Up-gradation of Gangakhed Loha section of NH-361F from Km 169/00 to 210/00 to two lane with paved shoulder/ four lane configuration in the state of Maharashtra on EPC mode Length - 41.00 Km.,Roads & Highways,morth,Maharashtra,355.12,43.46,78.8,Critical,needs 27.8%/month to hit current date
618486,Delhi-Amritsar-Katra Expressway Phase-I Pkg-V from Junction with Ambala-Kaithal- Hissar road NH-152 near Kharak Pandwa village to Junction with Patiala-Samana- Patran road SH-10 near Ghagga village Km 120250 to Km 157920,Roads & Highways,nhai,"Multi-States (Haryana, Punjab)",2281.02,98.7,78.7,Critical,"2.2y past original commissioning date; already rescheduled, 2.3y slip declared; cost already revised +31%"
618480,Construction of Trumpet Interchange Connecting Bangalore Chennai Expressway km.261705 to km. 262800 with Maduravoyal to Walajapet Section of NH 48 near Sriperumbudur Toll Plaza at km. 35700,Roads & Highways,nhai,Tamil Nadu,162.56,38.52,78.7,Critical,11 months past original date; needs 20.3%/month to hit current date
619166,Umagaon-Saharsa Package-V Bakaur-Parsarma-Bangaon-Bariyahi & Spur to Mahishi,Roads & Highways,nhai,Bihar,968.42,99.5,78.6,Critical,7 months past original date; cost already revised +26%
618375,Improvement/Widening to 2-Lane with Paved Shoulder from design Km 45.760 to Km 63.530 between Shillong-Dawki under JICA ODA Loan assistance Phase-II -Balance work Pkg-4,Roads & Highways,nhidcl,Meghalaya,445.51,53.43,78.6,Critical,3 months past original date; needs 15.4%/month to hit current date
618092,Up-gradation to 2 lane with paved shoulder from Neechli Oden Nathdwara at Design Km 88.800 existing km 55.95 to Bhatewar at Design Km 142.028 existing km 0.00 of NH-162E in the State of Rajasthan on EPC mode.,Roads & Highways,morth,Rajasthan,606.61,63.52,78.5,Critical,needs 12.1%/month to hit current date
618700,Renigunta - Poyya - Naidupeta km 124.60 to km 183.4 of NH 71,Roads & Highways,nhai,Andhra Pradesh,2510.14,98.6,78.5,Critical,"2.5y past original commissioning date; already rescheduled, 2.7y slip declared; cost already revised +35%"
618837,4L of Ratnagiri - Kolhapur section from km 112.340 to km 145.300 of NH-166 PkgIII,Roads & Highways,nhai,Maharashtra,1910.41,68.95,78.5,Critical,14 months past original date; needs 5.1%/month to hit current date
619013,"Construction of Balance Work of 4-Laning of the Section from Jhanji to Demow of NH- 37 Old from Km 501.800 to Km 514.800 13.000 Km, under SARDP- NE under EPC Mode in the state of Assam Pkg-II Road Works",Roads & Highways,nhidcl,Assam,542.87,73.88,78.5,Critical,6 months past original date; needs 8.6%/month to hit current date
618622,4L of Indore - Boregaon Pkg-III [Balwara to Dhangaon] from km. 42.260 to km. 82.660 of NH347BG & 753L,Roads & Highways,nhai,Madhya Pradesh,888.81,92.5,78.4,Critical,"2.2y past original commissioning date; already rescheduled, 2.5y slip declared"
618190,Widening to two lane with paved shoulders of 'Bodhan Basar Bhainsa ' section from Km 38/900 to 95/300 of NH-161BB in the state of Telangana under Annual Plan 2021- 22 on EPC Mode under NH O.,Roads & Highways,morth,Telangana,644.45,98.6,78.4,Critical,16 months past original date
618469,Vadodara Mumbai Expressway Phase II - Pkg XIII [Km. 26.582 to Km. 50.700] Shirsad - Masvan,Roads & Highways,nhai,Maharashtra,4679.54,98.2,78.3,Critical,"2.4y past original commissioning date; already rescheduled, 2.5y slip declared; cost already revised +32%"
618681,6L Aluru - Jakkuva Section of NH-130CD Road from km 365.033 to km 396.800 Pkg. 1,Roads & Highways,nhai,"Multi-States (Andhra Pradesh, Odisha)",1241.66,99.63,78.3,Critical,"2.3y past original commissioning date; already rescheduled, 2.4y slip declared"
618410,Widening & Up-gradation to 2 lane with paved shoulder of NH-301 Kargil- Zanskar Road from Design Km .30.040 Ex. Km. 30.000 to Design Km 57.000 Ex. Km. 57.905 of 26.960 Km length Pkg-II,Roads & Highways,nhidcl,Ladakh,404.89,84.94,78.2,Critical,"3.5y past original commissioning date; already rescheduled, 3.8y slip declared"
618105,Widening and strengthening to 4 lane / 2-lane with paved shoulders of Mahabubnagar - Chincholi section from km 60/255 to Km 102/834 of NH-167N in the State of Telangana on EPC mode.,Roads & Highways,morth,Telangana,631.49,46.63,78.2,Critical,9 months past original date; needs 13.2%/month to hit current date
618084,Widening to 2-lane with paved shoulder from km 0.00 to 44.00 Kuru-Ghaghra section of NH-143A including re-construction of culverts and bridges.,Roads & Highways,morth,Jharkhand,133.67,95.0,78.2,Critical,"2.9y past original commissioning date; already rescheduled, 3.2y slip declared"
618043,Upgradation and reconstruction of Dindori - Mandla Section of NH 543 from Km 77100 Design to Km 170580 Design Total length 93.48km to Two lane with paved shoulder configuration along with One time improvement in 04 nos of bypassed built-up areas in a total length of 7.23 km in the state of Madhya Pradesh on EPC mode,Roads & Highways,morth,Madhya Pradesh,523.71,88.0,78.1,Critical,needs 5.9%/month to hit current date
618134,Rehabilitation /Upgradation from Lagam to Alapalli section Desing Km. 199/400 to km 227/400 Length 28.0 Km to 2 lane with Paved Shoulders/ 4 lane configuration section of NH-353 C Sakoli-Wadsa-Armori-Gadchiroli-Ashti-Alapalli Sironcha in Gadchiroli District on EPC mode in the state of Maharashtra.,Roads & Highways,morth,Maharashtra,459.39,81.42,78.0,Critical,needs 9.1%/month to hit current date
618846,Poondiyankuppam Km.67.000 to Sattanathapuram Km.123.800,Roads & Highways,nhai,Tamil Nadu,2319.35,99.8,78.0,Critical,"2.5y past original commissioning date; already rescheduled, 2.7y slip declared"
618759,4L PS Mydukur - Badvel from Km 585.820 to Km 630.960 of NH-67,Roads & Highways,nhai,Andhra Pradesh,1103.87,90.4,77.9,Critical,10 months past original date
618541,4L Ring road/bypass around Srinagar city from km 0.000 to km 42.100 Phase-I,Roads & Highways,nhai,Jammu and Kashmir,2604.76,89.0,77.8,Critical,"2.4y past original commissioning date; already rescheduled, 2.7y slip declared"
618060,Widening and Strengthening of existing paveemnt to two lane with paved shoulders from km 116.00 to km 176.355 of NH-75E in the State of Jharkhand on EPC mode.,Roads & Highways,morth,Jharkhand,315.21,89.0,77.8,Critical,"24 months past original date; already rescheduled, 2.3y slip declared"
618156,"Construction of Morena bypass, Ambah bypass & Porsa bypass Totat length 27.16 km Section of NH-552 Ext. to TWo lane with paved shoulder configuration in the state of Madhya Pradesh on EPC mode",Roads & Highways,morth,Madhya Pradesh,492.66,73.5,77.7,Critical,needs 8.8%/month to hit current date
618746,Khammam-Devarapalle Pkg I [4L Access Controlled Greenfield from Thallampadu village to Somavaram village Design Chainage 0000 to 33604],Roads & Highways,nhai,Telangana,1337.18,97.26,77.7,Critical,21 months past original date; cost already revised +68%
617895,Construction of Mangaldoi Bypass NH-15 starting at Ch 26400 and terminating at Ch 41505 under Rangia NH Division L 15.105 Km in the State of Assam. Job No. 15/AS/2021-22/234,Roads & Highways,morth,Assam,535.03,76.32,77.7,Critical,15 months past original date
618011,Construction of 2 lane with paved shoulder for the work of Development of remaining sections of NH-325 Balotra to sanderao via Jalore to 2 lane with paved shoulder configuration by Construction of Byasses for town portions1 Asotra- Brahmdham bypass 2Siwana Bypass 3 Mokalsar Bypass 4 Major realignment at Kathadi 5 Major realignment at Bishangarh 6 Jalore Bypass 7 Ahore Town portion 8 Dujana Bypass in the state of Rajasthan on EPC Mode,Roads & Highways,morth,Rajasthan,411.44,92.77,77.7,Critical,"2.2y past original commissioning date; already rescheduled, 2.4y slip declared"
617892,Construction of 2-lane road of Potin to Pangin section of NH-13 from Km 163.59 to Km 206.66 Package-5 on EPC Mode in the State of Arunachal Pradesh under Arunachal Pradesh Package of Roads and Highways of SARDP-NE [Job No SARDP-NE/P- P/Pkg-A/NH-13/Ar.Pr./PWD/2018-19/116],Roads & Highways,morth,Arunachal Pradesh,450.65,96.61,77.7,Critical,"2.7y past original commissioning date; already rescheduled, 2.9y slip declared"
618521,Karaipettai to Walajapet from Km 71.015 to 107.091,Roads & Highways,nhai,Tamil Nadu,766.51,93.55,77.5,Critical,"5.4y past original commissioning date; already rescheduled, 5.5y slip declared; needs 6.3%/month to hit current date"
618884,Construction of Four Lane Highway from Ghazipur- Ballia-UP/Bihar State Border Greenfield section of NH-31 Package II [from Shahapur km 42.500 to Pindari km 78.150] on EPC Mode in the state of Uttar Pradesh.,Roads & Highways,nhai,Uttar Pradesh,1311.44,98.4,77.5,Critical,9 months past original date
618298,Widening/Improvement of existing 2-Lane road to 4-Lane Divided Highway from Sekmai to Nilakuthi section of Imphal-Kohima Road Design Chainage from Km 297700 to Km 308729 of NH-39 New NH-02 in state of Manipur on EPC mode Pkg-5B,Roads & Highways,nhidcl,Manipur,211.7,94.71,77.5,Critical,"3.5y past original commissioning date; spend outruns works by 34pp; already rescheduled, 3.6y slip declared"
618758,6L accesscontrolled highway from km 0000 to km 40080 Paniyala to Mator Section of Paniyala-Barodameo ICR,Roads & Highways,nhai,Rajasthan,1239.24,42.75,77.4,Critical,needs 56.2%/month to hit current date
618507,"Balance work of Six Laning of Shamlaji-Motachiloda from Km. 401.200 to Km.494.410 section Design Chainage Km.447.385 to Km 540.595, Length- 93.210 Km of old NH-8 NH-48 in the state of Gujarat on single Percentage Item Rate Contract",Roads & Highways,nhai,Gujarat,501.48,91.83,77.3,Critical,13 months past original date; spend outruns works by 23pp; needs 8.0%/month to hit current date
618677,6L Greenfield Kaliagura Baunsaguar Section of NH-130-CD Road from km 249000 to km 293000 Package OD-5,Roads & Highways,nhai,Odisha,1918.49,97.8,77.3,Critical,"2.2y past original commissioning date; already rescheduled, 2.5y slip declared; cost already revised +25%"
619305,4L of Munger Mirzachauki section from start of existing Bhagalpur bypass to Rasulpur from Km 125000 to Km 157350 Pkg-3,Roads & Highways,nhai,Bihar,2024.59,77.3,77.3,Critical,"2.2y past original commissioning date; already rescheduled, 2.7y slip declared; cost already revised +14%"
618481,4L Bangalore-Chennai Expressway from Km. 230.000 to Km. 261.705 of Kanchepuram to Sriperumbudur Section Phase-III/Package-IV,Roads & Highways,nhai,Tamil Nadu,3605.73,89.97,77.3,Critical,"24 months past original date; already rescheduled, 2.3y slip declared"
619080,4L PS of Ambala Ring Road of New NH-44,Roads & Highways,nhai,Haryana,1225.41,92.97,77.2,Critical,9 months past original date; cost already revised +12%
618117,Upgradation to 2-Lane with Paved Shoulder from Design Km 36300 to Design Chainage 47918 and from Design Ch 69900 to Design Ch 83940 of NH-248A Natni Ka Bara in the State of Rajasthan on EPC Mode.,Roads & Highways,morth,Rajasthan,154.89,23.0,77.1,Critical,2 months past original date; only 23% built with planned time exhausted; needs 75.6%/month to hit current date
618947,4L of NH-80 from km 215.00 to km 260.00 Mirza Chauki to Farkka Pkg-I,Roads & Highways,nhai,Jharkhand,1508.21,91.83,76.9,Critical,"3.0y past original commissioning date; already rescheduled, 3.3y slip declared"
618885,Construction of Four Lane Highway from Ghazipur- Ballia-UP/Bihar State Border Greenfield section of NH-31 Package IV [from Buxur Spur of length km 17.270 on EPC Mode in the state of Uttar Pradesh.,Roads & Highways,nhai,Uttar Pradesh,549.02,90.57,76.9,Critical,13 months past original date
619098,Kozhikode Bypass Calicut Bypass Vengalam Jn. to Ramanattukara Jn.,Roads & Highways,nhai,Kerala,2139.18,98.75,76.7,Critical,"3.4y past original commissioning date; already rescheduled, 3.5y slip declared; cost already revised +50%"
619158,4 Laning of Duburi Chandikhole from km 388.376 to km 428.074 Pkg-III,Roads & Highways,nhai,Odisha,907.61,86.0,76.6,Critical,"3.9y past original commissioning date; already rescheduled, 4.2y slip declared; cost already revised +15%"
618434,Roing-Hunli Road Greenfield Alignment Project,Roads & Highways,nhidcl,Arunachal Pradesh,1718.59,82.45,76.6,Critical,"4.3y past original commissioning date; already rescheduled, 4.6y slip declared; needs 5.8%/month to hit current date"
618328,4-Laning of Balance work of Dimapur-Kohima Road from design km 152.490 to km 166.700 Existing km 156.000 to km 172.900 Excluding Dimapur & Kohima Bypass under SARDP-NE Package-III,Roads & Highways,nhidcl,Nagaland,794.75,84.32,76.6,Critical,10 months past original date; cost already revised +41%; needs 7.7%/month to hit current date
617911,Rehabilitation and upgradation Umaria to Shahdol section of NH-78 from Existing Km. 68/4 to Km. 142/2 to 2LPS including construction of Birshinghpur and Shahdol Bypass on EPC mode under NHDP-IVA,Roads & Highways,morth,Madhya Pradesh,613.16,94.5,76.5,Critical,"9.0y past original commissioning date; already rescheduled, 9.1y slip declared; cost already revised +20%"
618744,4L of Thirumangalam to Vadugapatti section from km 0.000 to km 36.000 of NH-744,Roads & Highways,nhai,Tamil Nadu,791.6,95.95,76.4,Critical,17 months past original date
618970,6L access control Greenfield highway of Vill-Lohadda to Vill-Karaunda Mahajan from Km. 27.000 to Km. 56.500 Pkg-2,Roads & Highways,nhai,Uttar Pradesh,1335.38,98.06,76.4,Critical,22 months past original date
619089,Balance work of 4L of NarimbangloJatinga Junction- Harangajoroad section from Km 0.000 to Km 49.230 of NH-27,Roads & Highways,nhai,Assam,2745.74,98.0,76.3,Critical,6 months past original date; cost already revised +44%
617935,"Construction of Elevated corridor from Km. 135.650 to 136.300 on 63, from Km. 249 to Km. 250.050 on old NH-4 and from Km. 192.910 to Km. 193.350 on NH-218 from decongestion of traffic in Ranichennamma circle in Hubli city in the state of Karnataka on EPC basis",Roads & Highways,morth,Karnataka,349.49,65.0,76.2,Critical,"2.1y past original commissioning date; already rescheduled, 2.4y slip declared; cost already revised +17%"
618441,"Construction of Balance Work of 4-Laning of the Section from Jhanji to Demow of NH- 37 Old from Km 490.800 to Km 501.800 11.000 Km, under SARDP- NE under EPC Mode in the state of Assam Pkg-I Road Works",Roads & Highways,nhidcl,Assam,476.5,87.33,76.2,Critical,10 months past original date
619308,6L access-controlled highway from Ganeshpur tonear Mohand of Ganeshpur Dehradun section from Km.0 to Km.8.3 of NH-72A Package-1,Roads & Highways,nhai,Uttar Pradesh,835.74,98.92,76.1,Critical,"2.7y past original commissioning date; already rescheduled, 2.8y slip declared"
618440,"Construction of Balance Work of 4-Laning of the Section from Jhanji to Demow of NH- 37 Old from Km 490.800 to Km 534.800, under SARDP- NE on EPC Mode in the state of Assam Pkg- IV Structures & Toll Plaza",Roads & Highways,nhidcl,Assam,100.22,58.19,76.1,Critical,9 months past original date; needs 13.8%/month to hit current date
618458,Delhi-Vadodara Greenfield Alignment NH-148N Pkg-15 Ch. 419.000 to Ch.427.300 [Junction with NH-12 near village Ummedpura to Major bridge over Takli river near Nayagaon Jageer village],Roads & Highways,nhai,Rajasthan,1854.68,98.28,76.0,Critical,"2.5y past original commissioning date; already rescheduled, 2.6y slip declared"
618430,Construction of alternative highway to Gangtok in Sikkim via Bagrakot -Chuikhim- Nimbong -Kafer-Bakhim-Algarah-Rhenock in the State of West Bengal and from Rhenok-Rorathang-Pakyong along with spur from Aritar-Rolep-Menla in the State of Sikkim from Km 0.00 to Km 13.00 of Bagrakot -Kafer section of NH 717A on EPC Mode under Phase-A of SARDP-NE in the State of West Bengal PKG- IVA,Roads & Highways,nhidcl,West Bengal,402.94,99.23,75.9,Critical,"4.2y past original commissioning date; already rescheduled, 4.3y slip declared"
619060,"Construction of Balance Work of 4-Laning of the Section from Jhanji to Demow of NH- 37 Old from Km 514.800 to Km 534.800 20.000 Km, under SARDP- NE under EPC Mode in the state of Assam Pkg-III Road Works",Roads & Highways,nhidcl,Assam,619.7,72.0,75.8,Critical,10 months past original date; cost already revised +80%; needs 9.3%/month to hit current date
618694,Indore - Harda Pkg-I [Indore to Raghav Garh from km. 0.25 to km. 26.903],Roads & Highways,nhai,Madhya Pradesh,813.03,96.09,75.8,Critical,21 months past original date
618054,Construction of Balrampur bypass with 2L flexible pavement configuration from km.223.000 of NH-330 to km.328.300 of NH-730 under EPC mode,Roads & Highways,morth,Uttar Pradesh,515.69,56.0,75.8,Critical,5 months past original date; needs 8.8%/month to hit current date
619198,Vadodara Mumbai Expressway Phase II - Pkg XII [Km. 50.700 to Km. 77.000] Masvan - Ganjad,Roads & Highways,nhai,Maharashtra,2388.52,99.87,75.8,Critical,"2.3y past original commissioning date; already rescheduled, 2.4y slip declared; cost already revised +40%"
619168,6L access controlled Greenfield highway of Junction of EPE Vill.-Mavikalan to Vill.- Lohadda from Km. 0.000 to Km. 27.000 Pkg-1,Roads & Highways,nhai,Uttar Pradesh,1497.94,99.29,75.8,Critical,22 months past original date
618457,Delhi-Vadodara Greenfield Alignment NH-148N Pkg-10 Ch. 292.950 to Ch. 319.400 [End of Interchange on NH-166 near village Mui to Hardeoganj village near Indergarh],Roads & Highways,nhai,Rajasthan,1265.16,95.25,75.7,Critical,"3.2y past original commissioning date; already rescheduled, 3.3y slip declared"
618968,6L access control Greenfield highway of Vill-Khyawari to Vill-Latifpur at Saharanpur Bypass from Km. 82.000 to Km. 119.790 Pkg-4,Roads & Highways,nhai,Uttar Pradesh,1439.35,99.24,75.7,Critical,22 months past original date
618969,4/6L of Spur to Haridwar Greenfield from Km. 0.000 to Km. 50.70,Roads & Highways,nhai,"Multi-States (Uttar Pradesh, Uttarakhand)",2612.3,92.98,75.7,Critical,17 months past original date; cost already revised +21%
618031,Balance work of Construction of Two/Four lane with paved shoulder from Km 422.000 to 523.600 Chitradurga to Shivamogga of NH-13 in the state of Kanataka on EPC mode.,Roads & Highways,morth,Karnataka,516.96,98.0,75.6,Critical,7 months past original date
618056,Improvement and Up-gradation to two Lane with Paved Shoulder Configuration from existing km. 420.00 Shohrathgarh to km. 454.00 Uska Bazar of NH-730 in the state of Uttar Pradesh EPC basis,Roads & Highways,morth,Uttar Pradesh,484.42,62.0,75.5,Critical,10 months past original date; needs 7.6%/month to hit current date
618777,4L of Pileru to Kalur Section from Km 55.900 to Km 92.800 & Km 94.500 to Km 95.717 of NH-71Package-II,Roads & Highways,nhai,Andhra Pradesh,592.85,98.84,75.5,Critical,8 months past original date
618821,Rehabilitation and Up gradation from 4 to 8 laning of Chandikhole Paradip Section of NH-53 Old NH 5A from Km 18.00 to Km 39.00 in the State of Odisha on HAM mode Package-2,Roads & Highways,nhai,Odisha,950.4,98.22,75.4,Critical,7 months past original date
618901,4L PS Divided Carriageway from Patan Near Rajpur to Gojariya From Km 52.000 to Km 128.940 of NH-68,Roads & Highways,nhai,Gujarat,1098.23,87.12,75.4,Critical,16 months past original date
618475,Bangalore Chennai Expressway Phase-II Pkg-II from km.96.000 to Km 127.000 Baireddypalle to Bangarupalem section,Roads & Highways,nhai,Andhra Pradesh,2548.04,94.24,75.4,Critical,13 months past original date
617961,Gaya-Hisua-Rajgir-Nalanda-Biharsharif section km0.00 to 92.935 NH-82,Roads & Highways,morth,Bihar,2138.16,97.0,75.3,Critical,"6.7y past original commissioning date; already rescheduled, 6.9y slip declared; cost already revised +52%"
618300,Improvement/Up-gradation of existing 2-Lane Road to 4-Lane Divided Highway from Taphukuki to Daili section of Imphal-Kohima road NH-02 Design Chainage from Km 262175 to Km 274610 in the state of Manipur on EPC mode Pkg-4A,Roads & Highways,nhidcl,Manipur,379.39,91.39,75.3,Critical,"4.2y past original commissioning date; already rescheduled, 4.3y slip declared; needs 8.5%/month to hit current date"
617885,Rehabilitation and Up-gradation of Nongstoin Wahkaji section of Project Road Km 0000 to Km 43060 to Intermediate Lane with earthern shoulder under SARDP-NE Phase-A in the State of Meghalaya on EPC mode. Job No- SARDP-NE ong-Don- Maw/MG/2020-21/294,Roads & Highways,morth,Meghalaya,302.88,99.62,75.3,Critical,"2.9y past original commissioning date; already rescheduled, 3.0y slip declared"
618782,4L of Bareilly-Pilibhit-Sitarganj from Km. 0.000 to Km. 32.500 of NH-30 Pkg-1,Roads & Highways,nhai,Uttar Pradesh,1394.14,64.12,75.3,Critical,4 months past original date
618111,Improvement and upgradation to two lane with paved shoulder configuration from existing km 90.00 to 130.00 Design length 39.15 of NH-227A near Sikriganj to Barhalganj in the State of UP on EPC Mode.,Roads & Highways,morth,Uttar Pradesh,345.34,96.0,75.2,Critical,13 months past original date
618945,4L of Kodad Design Km 0.00/Existing Km 185.00 of NH-65 to Khammam Design Km 31.800/Existing Km 29.400 of NH-365A,Roads & Highways,nhai,Telangana,1606.99,99.98,75.1,Critical,"2.2y past original commissioning date; already rescheduled, 2.3y slip declared; cost already revised +40%"
618121,Improvement to two lane with paved shoulders of NH-319A from km 0 to km 45 in state of Bihar under EPC mode,Roads & Highways,morth,Bihar,427.29,93.0,75.0,High,19 months past original date
619072,Bangalore/TN border to Hoskote,Roads & Highways,nhai,Karnataka,1297.76,94.89,75.0,High,17 months past original date
617960,Construction of new road at the missing link portion of NH-81 along approved alignment between Harishchandrapur and Eastern approach of Kalindri Bridge from Km 46.550 to Km 59.697 in the district of Malda. Job No-081-WB-2015-16/400,Roads & Highways,morth,West Bengal,291.2,85.56,75.0,High,"7.7y past original commissioning date; already rescheduled, 7.9y slip declared"
619222,"Balance works of four lane from km 43.950 Thiruvallur Bypass to km 61.470 Veppampattu Bypass passing through Thannerkulam, Thozur and Sevapet Bypass 17.520 kms of Tirupathi- Tiruttani- Chennai section of NH 205",Roads & Highways,nhai,Tamil Nadu,699.68,97.92,74.8,High,22 months past original date; cost already revised +50%
618420,"Construction of 2 lane with paved shoulder of Shillong Western Bypass starting from NH-06 near Ladumsaw existing km 60.900 of old NH-40 to NH-106 old NH-44E, Package-II km 12800 to km 24700 under SARDP-NE Phase A in the State of Meghalaya on EPC Mode",Roads & Highways,nhidcl,Meghalaya,686.03,50.48,74.8,High,needs 24.3%/month to hit current date
617928,"Widening 2 lane to 4-lane from KM 92/320 to Km 115/320 Vav Chokdi-Satlasana to to Vrundavan Chokdi, Kheralu on NH-58 in the State of Gujarat.",Roads & Highways,morth,Gujarat,171.27,98.0,74.6,High,4 months past original date; cost already revised +13%
619213,6L of Hatibena - Badakumari Section from Km 146.50 to km 179.00 of NH-130-CD Package OD-2,Roads & Highways,nhai,Odisha,1070.63,99.99,74.6,High,"2.3y past original commissioning date; already rescheduled, 2.4y slip declared; cost already revised +35%"
618878,Rehabilitation and Upgradation to 4L configuration & Strengthening of Sihuni to Rajol from Km 51.000 to Km 72.000 of NH-154 Package-IIA,Roads & Highways,nhai,Himachal Pradesh,776.59,99.18,74.5,High,10 months past original date; cost already revised +11%
619201,Karnal ring road Lot-4/Pkg-1,Roads & Highways,nhai,Haryana,2041.54,96.66,74.5,High,11 months past original date; cost already revised +17%
619150,BRT Tiger Reserve Boundary Km.287.500 to Bangalore Section Km.458.420 of NH- 209 in Karnataka,Roads & Highways,nhai,Karnataka,2859.93,99.7,74.5,High,"6.9y past original commissioning date; already rescheduled, 7.1y slip declared; cost already revised +37%"
619193,Rehabilitation and upgradation of NH-221 from km 121/0 to 165/0 Rudrampur to Bhadrachalam section to two lane with paved shoulder under NHDPIV in the state of Telangana through EPC mode,Roads & Highways,morth,Telangana,334.82,82.76,74.4,High,"9.4y past original commissioning date; spend outruns works by 29pp; already rescheduled, 9.5y slip declared"
618340,Widening/Improvement to 4-Lane with Paved Shoulder from km 626030 Nalani hulla Gaon to km 650450 Chotahapjan on existing Tinsukhia -Makum Bypass of NH-15 OLD NH-37 and Strengthening of existing NH-315 OLD NH-38 from Km 0000 Chotahapjan to Km 16900 Bogapani section 2-Lane PS in Assam on EPCMode under NHO-NE Package-3,Roads & Highways,nhidcl,Assam,458.59,88.99,74.4,High,14 months past original date
619197,Delhi-Vadodara Greenfield Alignment NH-148N Pkg-27 Ch.729.700 to Ch.756.052,Roads & Highways,nhai,Gujarat,1259.27,98.9,74.3,High,"2.4y past original commissioning date; already rescheduled, 2.5y slip declared"
618685,Outer Ring Road of Jabalpur Town from NH45 to Kushner Pkg-3,Roads & Highways,nhai,Madhya Pradesh,773.23,79.8,74.3,High,4 months past original date
618566,4L Green Field Northern East side Gorakhpur Bypass 26.616 Kms starting from NH- 29E Chainage 83.308 and end at NH-28 Chainage 285.100,Roads & Highways,nhai,Uttar Pradesh,1244.44,73.78,74.2,High,6 months past original date
618509,Development of 6L UER II [Package - I] NH-1 Near Bakoli till Karala Kanjhawala Road from km. 0.70 to km.15.00,Roads & Highways,nhai,Delhi,2203.45,99.99,74.1,High,"2.7y past original commissioning date; already rescheduled, 2.8y slip declared"
618911,4L Greenfield Western Side spur of Rampur-Rudrapur Section from Km 0.000 to Km 13.700 connecting NH-24 to NH-87 bypassing rampur town,Roads & Highways,nhai,Uttar Pradesh,637.83,63.79,74.1,High,"20 months past original date; already rescheduled, 2.3y slip declared; needs 5.1%/month to hit current date"
618419,"Construction of 2-Lane with paved shoulders of Shillong Western Bypass starting from NH-06 near Ladumsaw existing Km 60.900 of old NH40 to NH106 old NH 44E Package-III, from km 24700 to km 38256 under SARDP-NE PHASE A in the state of Meghalaya on EPC Mode Greenfield alignment",Roads & Highways,nhidcl,Meghalaya,562.48,52.28,74.1,High,needs 23.4%/month to hit current date
618556,"Construction of 26 VUPs, Major Bridge, Service Road etc. on Lalitpur-Sagar- Lakhnadon section of NH-44 NS",Roads & Highways,nhai,"Multi-States (Madhya Pradesh, Uttar Pradesh)",665.91,97.4,74.1,High,4 months past original date
618875,4L of Haridwar Nagina section Design Ch. LME from km 13.829 to km 17.110 & km 26.077 to km 27.508 and Design Ch. RME from km 13.839 to km 17.120 & km 26.078 to km 27.509 of EUP mitigation measures on NH74,Roads & Highways,nhai,Uttarakhand,142.11,70.42,74.0,High,"2.4y past original commissioning date; already rescheduled, 2.8y slip declared; needs 5.9%/month to hit current date"
618613,Deogarh near Dhandhaniya-Rajasthan/Gujarat Border Phase-I AJ/DRGB-Package-7,Roads & Highways,nhai,Rajasthan,597.77,99.2,74.0,High,"3.0y past original commissioning date; already rescheduled, 3.1y slip declared"
618108,Up-gradation and strengthening to 2lanePS from Km 95/500 to km 129/775 of Nh 168G Idar-Bhiloda-Samlaji in the state of Gujarat Length 34.275 km,Roads & Highways,morth,Gujarat,237.28,64.5,74.0,High,7 months past original date; needs 7.1%/month to hit current date
618109,Widening to 4 lane from Km 51.60 to 76.20 Hebri to Parkala and from Km 85.20 to 88.90 Karavali junction to Malpe of Thirthahalli-Udupi-Malpe Section of NH-169A in the State of Karnataka on EPC Mode under Annual plan 2021-22 Job No. NH-169A- KNT-2021-22-927,Roads & Highways,morth,Karnataka,355.72,88.33,73.9,High,19 months past original date
701126,"Development of Dholera International Greenfield Airport , Gujarat",Aviation & Aviation Infrastructure,airport authority of india [aai],Gujarat,1551.0,88.0,73.9,High,1 months past original date; cost already revised +19%; needs 5.9%/month to hit current date
618035,Rehabilitation & Upgradation of existing intermediate lane to two Lane with paved shoulder from km. 0.600 Gulganj bypass on NH-34 to km. 43.00 Barna River length 42.400 km. on Gulganj-Amanganj-Pawai-Katni NH43 Extn. in the state of Madhya Pradesh on EPCmode.,Roads & Highways,morth,Madhya Pradesh,275.4,60.14,73.8,High,2 months past original date; needs 7.9%/month to hit current date
618550,Corridor Efficiency Improvement including removal of black spots in Lakhanpur - Samba section of NH-44 from Chainage Km. 16.300 to Km. 74.100,Roads & Highways,nhai,Jammu and Kashmir,215.68,74.63,73.8,High,"2.1y past original commissioning date; spend outruns works by 20pp; already rescheduled, 2.5y slip declared"
618928,"Improvement & Up-gradation of NH-734 Section of Moradabad-Thakurdwara Kashipur including Moradabad & Kashipur Bypasse Package-III Kashipur Bypass Length 14.490 Km., Starts from Ch. 38770 and ends at Ch. 53260 existing Ch. 05560",Roads & Highways,nhai,"Multi-States (Uttar Pradesh, Uttarakhand)",717.5,53.84,73.7,High,10 months past original date; needs 5.8%/month to hit current date
618610,6L of Jodhpur Romana Bathinda - Mandi Dabwali Punjab Haryana Border section of NH-54 from km. 0.000 to km. 27.400 of NH-54,Roads & Highways,nhai,Punjab,1318.91,99.0,73.6,High,11 months past original date; cost already revised +67%
618157,Construction of Ater realignment & Bhind bypass Total length. 21.50 km Section of NH-552Extn. to Two lane with paved shoulder configuration in the State of Madhya Pradesh on EPC mode.,Roads & Highways,morth,Madhya Pradesh,348.06,79.0,73.6,High,1 months past original date
709856,MPLS-IP BASED ACCESS AND AGGREGATION NETWORK [MAAN] IN BSNL ALONG WITH TEST AND MEASURING EQUIPMENT,Telecommunication,bsnl,PAN India,645.13,92.1,73.4,High,23 months past original date; needs 7.8%/month to hit current date
618504,Ahmedabad - Dholera Pkg IV from km. 71.06 to km. 109.019 [Start of DSIR zone - Adhelai Village],Roads & Highways,nhai,Gujarat,1358.73,98.08,73.4,High,"2.6y past original commissioning date; already rescheduled, 2.7y slip declared; cost already revised +15%"
618083,Construction of byepass around Lohardaga town of NH-143A in the Sate of Jharkhand under EPC mode.,Roads & Highways,morth,Jharkhand,458.78,5.0,73.4,High,6 months past original date; only 5% built with planned time exhausted; needs 46.6%/month to hit current date
618526,6L of Gundugolanu Design km 1023.280 to Kalaparru Design km 1050.680 of NH-5 New NH-16,Roads & Highways,nhai,Andhra Pradesh,665.59,95.73,73.3,High,"5.0y past original commissioning date; already rescheduled, 5.1y slip declared"
618069,Upgradation to Two-lane with paved shoulder of Hanumangarh to Kenchiyan section from Km 0.000existing chainage-Km 23.200 to Km 49.605existing chainage-Km 74.645 of NH-54 in the State of Rajasthan on EPC mode.,Roads & Highways,morth,Rajasthan,334.64,72.0,73.3,High,needs 9.3%/month to hit current date
618720,6L Access Controlled Greenfield Highway from Audireddipalle Ch. 160000 to Mallapalle Ch. 176000Package-07,Roads & Highways,nhai,Andhra Pradesh,848.06,73.78,73.3,High,4 months past original date
617899,Widening and Strengthening to 4LPS/2LPS from km 0.000 to 35.800 Kuakhia - Mangalpur section of NH 20 in the state of Odisha on Annual Plan 2021-22,Roads & Highways,morth,Odisha,636.1,56.11,73.2,High,5 months past original date; needs 10.9%/month to hit current date
618087,Widening to intermediate/two lane to 2 lane with paved shoulder from Existing chanages Km 112.750 to 142.00 Liingasur to Mudabal cross & from Km. 147.070 to Km. 149.070 Maski city limit of Jewargi Chamrajnagar setion of NH-150A in the state of Karnataka on EPC mode. Job No. NH-150A-KNT-2021-22-951,Roads & Highways,morth,Karnataka,255.88,96.0,73.2,High,"24 months past original date; already rescheduled, 2.1y slip declared"
618631,6L of MH/KN Border Nimbal Village to KN/TS Border Singnodi Village from Km. 162.5 to Km. 203.100 in Raichur of NH-150C Pkg-IV,Roads & Highways,nhai,"Multi-States (Karnataka, Telangana)",1457.48,99.51,72.9,High,14 months past original date
618362,Construction of 2-laning with hard shoulder of Lunglei to Chhumkhum from Design Chainage Km 0.000 to Km 37.420 of NH-302 [Lunglei-Tlabung] Package-A,Roads & Highways,nhidcl,Mizoram,698.45,64.78,72.8,High,"3.6y past original commissioning date; already rescheduled, 3.9y slip declared; needs 8.7%/month to hit current date"
619210,Dharampuri-Lonand from km. 117.00 to 166.40 Pkg-IV on Mohol-Alandi Section,Roads & Highways,nhai,Maharashtra,1358.68,97.4,72.6,High,"2.8y past original commissioning date; already rescheduled, 3.0y slip declared"
618122,Widening to 2 lane with paved shoulded of Jareikela Jharkhand/Odisha Border - Dhabaleswar section from 0/0 to 36/0 of NH-320D in the State of Odisha under Annual Plan 2021-22.,Roads & Highways,morth,Odisha,172.09,34.0,72.5,High,needs 21.8%/month to hit current date
618715,6L Access Controlled Greenfield Highway from Odulapalle Ch. 72000 to Nallacheruvu- palli Ch. 96300 of [NH-544G]Package-4,Roads & Highways,nhai,Andhra Pradesh,946.1,76.97,72.4,High,5 months past original date
701128,Construction of New Integrated Passenger Terminal Building at Udaipur Airport,Aviation & Aviation Infrastructure,airport authority of india [aai],Rajasthan,887.0,78.71,72.3,High,4 months past original date; needs 10.5%/month to hit current date
618960,4 Lane Inner Ring Road around Allahabad City Pkg-2 Prayagraj Southern Bypass 43.200 - 50.860,Roads & Highways,nhai,Uttar Pradesh,1007.62,44.64,72.0,High,1 months past original date; needs 5.0%/month to hit current date
618642,4L of Palma to Gumla from km. 26.00 to km. 89.170 of NH-23,Roads & Highways,nhai,Jharkhand,1895.75,99.9,72.0,High,"2.3y past original commissioning date; already rescheduled, 2.5y slip declared"
619111,6L Jakkuva Korlam Section of NH-130CD Road from km 396.800 to km 421.100 Pkg 2,Roads & Highways,nhai,Andhra Pradesh,840.51,99.83,72.0,High,"2.3y past original commissioning date; already rescheduled, 2.4y slip declared"
618764,Moga - Bagha Purana - Bajakhana from km. 0.00 to km. 43.32,Roads & Highways,nhai,Punjab,1264.17,76.0,71.9,High,19 months past original date; cost already revised +22%
618716,6L Access Controlled Greenfield Highway from Vankarakunta Ch. 45700 to Odulapalle Ch. 72000 of [NH-544G]Package-3,Roads & Highways,nhai,Andhra Pradesh,888.07,77.21,71.9,High,4 months past original date
618776,4L of Greenfield section from Sirhind to Mohali,Roads & Highways,nhai,Punjab,1301.15,98.66,71.9,High,14 months past original date
617942,Construction of Six lane Elevated Corridor from Km. 508.000 to Km. 513.150 including approaches on NH-66,Roads & Highways,morth,Goa,641.46,99.08,71.8,High,3 months past original date
618564,6L with PS of Samakhiyali to Santalpur section from km. 339.700 to Km. 430.100 of NH-27,Roads & Highways,nhai,Gujarat,34.34,64.52,71.8,High,7 months past original date; spend outruns works by 19pp
618588,4L Mitigation Measure structures on CH/MH Border to Wainganga Bridge Section of NH-6 New NH-53,Roads & Highways,nhai,Maharashtra,468.92,99.79,71.8,High,"2.7y past original commissioning date; already rescheduled, 2.8y slip declared"
618794,Amritsarairport Junction - Ramdas from km. 100.835 to km. 139.813 Pkg - IV,Roads & Highways,nhai,Punjab,416.58,96.0,71.7,High,"2.8y past original commissioning date; already rescheduled, 3.0y slip declared"
618130,Widening to 2 lane with paved shoulders from 0.00 to 32.970 ofAdilabadto Bela section of NH 353B in the State of Telangana,Roads & Highways,morth,Telangana,490.92,79.07,71.6,High,2 months past original date
618463,Vadodara Mumbai Expressway Kim to Ankleshwar Phase IA - Pkg V,Roads & Highways,nhai,Gujarat,2807.48,91.34,71.5,High,"4.7y past original commissioning date; already rescheduled, 4.8y slip declared; cost already revised +112%"
617966,Rehabilitation and Upgrading to 2 lanes/2-lane with paved shoulders configuration and strengthening of of Birpur and Bihpur Section from km 0.0 to Km 106 of NH 106 under phase I of National Highways Interconnectivity Improvement Projects NHIIP ICB No. NHIIP-BR-106-7 [NHIIP-BR-106-7],Roads & Highways,morth,Bihar,961.33,99.74,71.4,High,"6.7y past original commissioning date; already rescheduled, 7.0y slip declared; cost already revised +23%"
619126,6L Access Controlled Greenfield Highway from Marripudi Ch. 285500 to Somavarappadu Ch. 314600 of [NH-544G] Package-13,Roads & Highways,nhai,Andhra Pradesh,798.71,73.0,71.4,High,5 months past original date
618302,Widening/Improvement to 2-lane with earthen shoulder of Yaingangpokpi - Finch corner road section of NH-202 from Km 16.900 to Km 30.970 of NH-202 in the state of Manipur on EPC mode Package-2,Roads & Highways,nhidcl,Manipur,256.04,98.12,71.3,High,"4.1y past original commissioning date; already rescheduled, 4.2y slip declared"
618756,Melur - Pilayarpatti - Karaikudi from km 99.920 of NH 38 to km 12.9 of NH 383 Ext.,Roads & Highways,nhai,Tamil Nadu,1085.41,98.12,71.3,High,"4.3y past original commissioning date; already rescheduled, 4.4y slip declared"
618941,4L of Bamni - Rajura - Warur - Devada upto M.S. Border of NH - 930D from km 19.000 to km 51.985,Roads & Highways,nhai,"Multi-States (Maharashtra, Telangana)",1187.19,78.16,71.2,High,4 months past original date; cost already revised +23%
618925,Bijnor-Kotawali,Roads & Highways,nhai,Uttar Pradesh,334.48,99.02,71.1,High,"3.2y past original commissioning date; already rescheduled, 3.3y slip declared; cost already revised +11%"
618387,Construction of 2-laning with Hard shoulder of Ukhrul Tolloi - Tadubi section of NH- 102A from Design Chainage km 9450 to km 50850 in the State of Manipur on EPC mode under NHO-NE Package-2,Roads & Highways,nhidcl,Manipur,578.98,80.04,71.0,High,4 months past original date
619149,4L of Ratnagiri - Kolhapur section of NH-166 from km 0.000 to km 19.769 and km 31.000 to km 67.140 Pkg I,Roads & Highways,nhai,Maharashtra,2108.41,97.4,71.0,High,20 months past original date; cost already revised +19%
617896,"Construction of 4 lane Gauripur Bypass Starting bfrom Km 852.56 of NH- 31Dumardoha Pt-II and Terminating at Km 862.17 Baladmara via. Khudimari Pt.- II, Fulkumari, Charaldanga, Sajuakuti,Geramari Pt.-III and finally meeting at km 862.17 of NH-17New/ NH-31Old in the State of Assam under EPC Mode Job no. 31/AS/ 2023- 24/265",Roads & Highways,morth,Assam,421.15,34.0,70.9,High,needs 21.8%/month to hit current date
618170,Construction of Two lane with paved shoulder configuration of Shujalpur Bypass section of NH-752C from km 33100 Design to km. 42570 Design total design length 10.470 km in the State of Madhya Pradesh on EPC mode.,Roads & Highways,morth,Madhya Pradesh,214.07,46.33,70.9,High,10 months past original date; needs 10.7%/month to hit current date
709845,"Revamping of SV Stations, Gas Terminal & Kribhco Terminal",Unknown,oil and natural gas corporation limited [ongc],Gujarat,1119.86,70.9,70.8,High,cost already revised +34%; needs 28.6%/month to hit current date
619167,4 Laning with PS of Pathrapalli-Katghora km 53.3 to km 92.6 Pkg-II of Bilaspur Kathghora,Roads & Highways,nhai,Chhattisgarh,1275.26,93.1,70.8,High,"3.6y past original commissioning date; already rescheduled, 3.9y slip declared; cost already revised +47%"
618042,"Rehabilitation/ Upgradation of existing Highway to four lane standards in Kurkheda town from km.413257 to km 410775, Two lane in Shankarpur Gurnuli km 42400 to km 43100 section and Reconstruction of Major Bridge at Ch. 448558 Bhuti Nallah and Ch. 411695 Sati River bridge, Minor Bridge at Ch. 411477 and Ch. 405800 Lendhari Bridge of NH 543 Bhamhapuri-wadsa-kurkheda-korchi-Deori-Amgaon road on EPC mode in the State of Maharashtra",Roads & Highways,morth,Maharashtra,163.86,50.25,70.8,High,14 months past original date; needs 9.9%/month to hit current date
618615,Sanchore - Santalpur from km 99.000 - km 130.073 of NH-754K AJ-RGBS-Package-4,Roads & Highways,nhai,Gujarat,835.55,99.7,70.8,High,"3.3y past original commissioning date; already rescheduled, 3.4y slip declared"
618680,6L Greenfield Kandili - Aluru Section of NH-130-CD Road from km 342500 to km 365033 Package-OD-8,Roads & Highways,nhai,Odisha,1912.84,99.9,70.7,High,21 months past original date; cost already revised +28%
618579,6L of Anandapuram Pendurthi Anakapalli Section from km. 681.000 to km. 731.780 of NH-16,Roads & Highways,nhai,Andhra Pradesh,2957.25,100.0,70.6,High,"5.0y past original commissioning date; already rescheduled, 5.1y slip declared; cost already revised +17%"
619120,Nidagatta-Mysore Pkg II,Roads & Highways,nhai,Karnataka,4113.89,99.19,70.5,High,"4.1y past original commissioning date; already rescheduled, 4.3y slip declared; cost already revised +41%"
618711,6L with access control provision Saharanpur bypass to Ganeshpur section from 13.89 Km to 41.820 Km of Delhi- Dehradun Economic Corridor package-2,Roads & Highways,nhai,"Multi-States (Uttar Pradesh, Uttarakhand)",560.03,99.29,70.4,High,20 months past original date
618238,Rehabilitation and Up-gradation of Thimmapuram to Gurajanapalli section from Km 26/150 to Km 41/161 of NH - 214 New NH - 216 to two lane with paved shoulder in the state of Andhra Pradesh under NHDP-IV,Roads & Highways,morth,Andhra Pradesh,432.91,98.2,70.4,High,"8.0y past original commissioning date; already rescheduled, 8.2y slip declared; cost already revised +23%"
705782,Barabanki-Malhaur - 3rd & 4th Line 32.84 km,Railways,cao/c-ii/nr nr mor,Uttar Pradesh,480.13,77.0,70.3,High,16 months past original date; spend outruns works by 15pp; cost already revised +18%
618282,4-L Bilasipara-Guwahati Package-10,Roads & Highways,nhidcl,Assam,1264.9,64.48,70.3,High,1 months past original date
618022,Upgradation to two lane with paved Shoulder Configuaration from Km. 0/00 to 47/000 of NH 351 Mahuva to Badhada section in the State of Gujarat,Roads & Highways,morth,Gujarat,219.08,77.0,70.1,High,11 months past original date; cost already revised +27%
612791,"Re-Construction of Rigid portions of Secondary Runway, K and A Taxiway and Strengthening of C Taxiway at NSCBI Airport Kolkata.",Aviation & Aviation Infrastructure,airport authority of india [aai],West Bengal,328.3,73.5,70.1,High,9 months past original date; needs 26.0%/month to hit current date
618827,4 Laning of NH-544D from Km 37.000 to km 69.000 of Muchukota- Bugga section Pkg-2,Roads & Highways,nhai,Andhra Pradesh,1055.23,84.92,70.1,High,11 months past original date
618710,DL/UP Border - EPE Crossing Pkg-02,Roads & Highways,nhai,Uttar Pradesh,1889.78,100.0,69.9,High,"2.7y past original commissioning date; already rescheduled, 2.8y slip declared"
619095,Balance works of 4L Panvel Indapur section of NH66 old NH17 from km 42.300 kasu to km 84.600 Indapur,Roads & Highways,nhai,Maharashtra,472.1,96.73,69.9,High,"2.2y past original commissioning date; already rescheduled, 2.3y slip declared"
618717,6L Access Controlled Greenfield Highway from Vanavolu Ch. 24300 to Vankarakunta Ch. 45700 of [NH-544G] Package-2,Roads & Highways,nhai,Andhra Pradesh,626.91,87.24,69.9,High,4 months past original date
619208,Kadambattukonam-Kazhakuttom,Roads & Highways,nhai,Kerala,3526.33,44.34,69.9,High,"18 months past original date; spend outruns works by 16pp; already rescheduled, 2.3y slip declared"
618057,Construction of Shohratgarh Bypass on NH-730 under EPC mode in the State of Uttar Pradesh,Roads & Highways,morth,Uttar Pradesh,189.31,54.0,69.8,High,14 months past original date; needs 9.2%/month to hit current date
618712,6L Access Controlled Greenfield Highway from Kodur Ch. 0000 to Vanavolu Ch. 24300 of [NH-544G] Package-1,Roads & Highways,nhai,Andhra Pradesh,798.25,87.65,69.7,High,5 months past original date
618863,Barhi-Koderma Section of NH31 km 0.00 - km 27.5,Roads & Highways,nhai,Jharkhand,826.59,98.5,69.7,High,23 months past original date; cost already revised +25%
618392,"Construction for Mitigation Measures of 5 Nos. Landslides, 5 Nos. Sinking Zones in between Ch. 433.00 to 450.00 BANERPANI VILLAGE on NH-07 on EPC mode in the state of Uttarakhand Package-2",Roads & Highways,nhidcl,Uttarakhand,259.64,68.45,69.6,High,1 months past original date; needs 5.2%/month to hit current date
618757,6L access controlled Highway from Km 40080 to Km 86513 Mator to Barodameo Section,Roads & Highways,nhai,Rajasthan,1565.88,37.27,69.5,High,4 months past original date; needs 5.7%/month to hit current date
618219,Upgradation to 2-lane with Hard shoulder configuration of Suraithota Ch. 29.725 km to Malari Ch. 60.550 km road on NH- 107B under in the state of Uttarakhand.,Roads & Highways,morth,Uttarakhand,292.76,76.67,69.3,High,2 months past original date
619162,4L of Najibabad Bypass from Km. 105.423 to Km. 118.373 excluding 2.45 Km. of NH- 74 Bypass of NH-119,Roads & Highways,nhai,Uttar Pradesh,566.9,100.0,69.1,High,"2.1y past original commissioning date; already rescheduled, 2.2y slip declared"
617255,"Replacement of Converter Vessels, Trunnion Rings, Support System & Installation of Secondary Emission at Bhilai Steel Plant",Unknown,steel authority of india limited [sail],Chhattisgarh,471.83,74.3,69.1,High,1 months past original date; needs 12.6%/month to hit current date
618338,Widening to 2-Lane with Paved shoulder of Imphal to Jiribam section of NH-37 from Design Chainage 15.940 km to 33.120 Km Existing Chainage Km 15.946 to Km 33.395 Total length17.180 Km in the State of Manipur on EPC mode PKG-2 - Balance Works & Rectification works,Roads & Highways,nhidcl,Manipur,195.14,93.1,69.1,High,4 months past original date
617969,Construction of 4 Lane ROB and its approaches at the level crossing LC No 29 B of Km 29 Ekangarsarai at NH 110 New NH 33 & Railway Km 32.63 at Fatwa FUT Islampur IPR section in the state of Bihar on EPC mode.,Roads & Highways,morth,Bihar,201.08,62.0,69.1,High,needs 7.6%/month to hit current date
618389,Construction of 2-laning with Hard shoulder road of Ukhrul - Tolloi - Tadubi section of NH-102A from Design Chainage 81.870 km to 105.825 km in the State of Manipur on EPC mode under NHO-TSP Package -4,Roads & Highways,nhidcl,Manipur,310.76,97.0,69.0,High,"2.4y past original commissioning date; already rescheduled, 2.5y slip declared"
618068,"Construction of Kaithi-Padaria Kala bypass, Patna-Tamoli bypass, Jaso bypass and Nagod bypass total length 15.44 Km to 2-lane with paved shoulders flexible pavement on NH-943 in the State of Madhya Pradesh on EPC Mode.",Roads & Highways,morth,Madhya Pradesh,158.36,62.8,68.9,High,9 months past original date; needs 7.4%/month to hit current date
709837,"Creation of Gas Dehydration Facilities, Tripura Asset",Unknown,oil and natural gas corporation limited [ongc],Tripura,131.51,71.3,68.9,High,"2.2y past original commissioning date; already rescheduled, 2.4y slip declared; needs 9.5%/month to hit current date"
619218,4L Tumkur-Shimoga Pkg-I from Mallasandra to Karadi village of NH-206 from Km. 12.300 to Km. 65.195,Roads & Highways,nhai,Karnataka,1692.12,100.0,68.9,High,"4.7y past original commissioning date; already rescheduled, 4.8y slip declared; cost already revised +24%"
618034,Construction of 2 lane Barpeta Bypass from Km 77900Baradi to Km 86150 Deurikuchi Length8.25Km on NH-427 in the state of Assam under EPC ModeJob No.427/AS/2022-23/245,Roads & Highways,morth,Assam,173.65,20.0,68.8,High,needs 78.6%/month to hit current date
618611,Sangariya near Chautala-Rasisar near Bikaner section of NH-754K Phase-I AJ/SR- Package-7,Roads & Highways,nhai,Rajasthan,548.42,100.0,68.8,High,"3.1y past original commissioning date; already rescheduled, 3.2y slip declared"
618807,"4L Greenfield Road connecting North and South industrial cluster of Khandaleru Creek near Krishnapatnam port at Thamminapatnam to Mollur from Km 0.0 to Km 16.046, Part I & 6L extension of dedicated port road of NH-67 Km 18.0 to Km 19.3, Part II",Roads & Highways,nhai,Andhra Pradesh,559.98,84.03,68.8,High,10 months past original date; spend outruns works by 19pp
618230,Rehabilitation and Upgradation to 2-lane configuration of Kalwahn-Mandi Section km 208.950 to 250.592 of NH-70 in the State of Himachal Pradesh under Green National Highways Corridor Project GNHCP with the loan assistance of World Bank on EPC mode.Package-3,Roads & Highways,morth,Himachal Pradesh,314.32,70.58,68.8,High,15 months past original date; needs 5.9%/month to hit current date
618153,Satara to Mhaswad,Roads & Highways,morth,Maharashtra,653.46,98.08,68.7,High,"6.9y past original commissioning date; already rescheduled, 7.0y slip declared"
618513,6L of Kagal-Satara section from Km 592.500 to Km 658.000 of NH-48 Pkg-I,Roads & Highways,nhai,Maharashtra,1435.46,51.14,68.7,High,"18 months past original date; already rescheduled, 2.1y slip declared; needs 6.9%/month to hit current date"
612786,"Construction of New Domestic Terminal Building Building and miscellaneous works including maintenance, operations and AICMC at Kadapa Airport",Aviation & Aviation Infrastructure,airport authority of india [aai],Andhra Pradesh,265.91,80.0,68.7,High,6 months past original date; needs 9.8%/month to hit current date
618027,Widening to 2LPS from Km 71.00 to 104.00 Existing chainages Sarjapur to Pattadkallu on Bhanapur to Gaddanakeri section NH-367 in the State of Karnataka under NHO on EPC mode under Annual Plan 2022-23 NH-367-KNT-2022-23-972 dated 08.02.2023,Roads & Highways,morth,Karnataka,445.62,90.0,68.7,High,4 months past original date
618012,"Widening & strengthenlng to 2LPS from km 0,000 to 40.000 Dhaugaon- Podamari section of NH 326 in the State of Odisha under Annual Plan 2021.22.",Roads & Highways,morth,Odisha,186.52,60.0,68.5,High,5 months past original date; needs 8.0%/month to hit current date
618772,6L of Kumarajapet to Veera Kaveri Raja Puram from km 43.800 to km 61.380 of NH- 716B Pkg-II,Roads & Highways,nhai,"Multi-States (Andhra Pradesh, Tamil Nadu)",799.36,99.8,68.4,High,9 months past original date; cost already revised +14%
618152,Mhaswad to Tembhurni section of NH-548C - 2L PS,Roads & Highways,morth,Maharashtra,488.6,96.19,68.4,High,"7.0y past original commissioning date; already rescheduled, 7.1y slip declared"
618664,Berkhedi to Godpehra on NH-44 Sagar link road,Roads & Highways,nhai,Madhya Pradesh,471.31,93.05,68.4,High,"20 months past original date; already rescheduled, 2.1y slip declared"
618592,"Balance work of 8 nos. of Elephant Underpasses EUPs, 1 no. of Vehicular Underpass VUP, 1 nos. of Light Vehicular Underpass LVUP, 1 nos. of Pedestrian Underpass PUP, 1 nos. of Foot Over Bridge FOB and A2 side approach of Jharpokharia Flyover at Km.215.270 in Baharagora-Singhara section of NH-49",Roads & Highways,nhai,Odisha,244.85,25.04,68.3,High,2 months past original date
618462,Delhi-Vadodara Greenfield Alignment NH-148N Pkg-31 Ch.824920 to Ch.844382 [Junction near Pratap nagar Village - Junction near Dodka Village],Roads & Highways,nhai,Gujarat,1651.14,100.0,68.3,High,"3.2y past original commissioning date; already rescheduled, 3.3y slip declared"
618822,Rehabilitation and Up gradation from 4 to 8 laning of Chandikhole Paradip Section of NH-53 Old NH 5A from Km.0.00 to Km.18.00Package-1,Roads & Highways,nhai,Odisha,869.45,96.75,68.3,High,7 months past original date
618333,Widening to 2 lane with Paved shoulder of lmphal to Jiribam section of NH-37 from Design Ch. from km 169570 Near Nungkao vlllage under Tamenglong District to km 205974 near Jiribam Bridge under Jiribam district under NHO-NE PKG-7,Roads & Highways,nhidcl,Manipur,760.16,92.52,68.2,High,7 months past original date
618519,Bangalore Ring Road STRR-NH-948A- Package-I of Phase-III from Belagondapalli TN to TN/KNT border from km 144.480 to 179.969,Roads & Highways,nhai,"Multi-States (Karnataka, Tamil Nadu)",1218.47,92.95,68.2,High,14 months past original date
618608,4L of left-over works including additional structures from Kerala/Tamil Nadu border to Kanyakumari Section from Km 43.0 to Km 96.174 of NH66,Roads & Highways,nhai,Tamil Nadu,1263.42,81.85,68.2,High,11 months past original date
618663,i 4L Vidisha to Hinotiya from km 0.000 to Km 27.000 Vidisha Mehulwa-Talbehat Pkg- I Section of NH- 346 and ii 4L Vidisha to Morikori from Km 39.000 to 59.476 section of NH-146,Roads & Highways,nhai,Madhya Pradesh,941.12,90.04,68.1,High,7 months past original date
618014,"Upgradation of Ambikapur-Ramanujganj-Garwa road of NH-343, Package-III, Badki mahri village to Ramanujganj section from existing km 80.600 to km 110.330 Design Ch. 85.370 to Ch. 114.800 of total length 29.430 km to two lane with paved shoulders udner corridor scheme under EPC Mode in the of Chhattisgarh",Roads & Highways,morth,Chhattisgarh,199.05,38.56,68.0,High,needs 20.3%/month to hit current date
618283,4-L Bilasipara-Guwahati Package-9,Roads & Highways,nhidcl,Assam,1000.27,59.78,68.0,High,1 months past original date; needs 5.0%/month to hit current date
618909,2L PS of JH / WB Border km. 70.524 - Purulia km.84.400 & Purulia km. 94.30 - Chandil Junction with NH-33 km. 153.705 of Old NH-32,Roads & Highways,nhai,"Multi-States (Jharkhand, West Bengal)",1771.88,97.65,67.8,High,"3.9y past original commissioning date; already rescheduled, 4.2y slip declared"
619317,4L of Hajipur-Muzaffarpur Section of the existing NH-77 from Km. 0000 Ramashish Chowk to Km. 46300 and new bypass starting at Km. 46300 and connecting NH-28 of E-W Corridor at Km. 515045,Roads & Highways,nhai,Bihar,2906.78,99.45,67.8,High,"13.4y past original commissioning date; already rescheduled, 13.6y slip declared"
618354,Wideinig & Upgradation to 2-lanes with paved shoulders road from Tamenglong to Mahur NH-137 in the State of Assam starting from km 96.870 near Jiri River to km 116.550 near Hangrum Package-7 on EPC mode Package7,Roads & Highways,nhidcl,Assam,846.82,90.36,67.8,High,4 months past original date
618853,Construction of Four lane Elevated Structure at Raniwada Circle in Sanchore City on NH-68,Roads & Highways,nhai,Rajasthan,241.34,89.37,67.7,High,elevated risk on combined profile
617962,"Construction of Bypass to Madurai Achambathu Viratipathu in between km 6/850 10/382 of NH 49 Extn New NH 85 including Land Acquisition on Engineering, Procurement & Construction EPC basis Contract under NH O Annual Plan 2021-22 in the state of Tamil Nadu job No.NH-49 Extn New NH 85 - TN-2021-22-997",Roads & Highways,morth,Tamil Nadu,260.07,94.0,67.6,High,needs 5.9%/month to hit current date
612787,Construction of New Domestic Terminal Building and Miscellaneous works at Hubli Airport,Aviation & Aviation Infrastructure,airport authority of india [aai],Karnataka,320.47,88.5,67.6,High,6 months past original date; needs 5.6%/month to hit current date
618706,Bangalore-Nidagatta Pkg. I,Roads & Highways,nhai,Karnataka,4087.42,99.19,67.6,High,"4.7y past original commissioning date; already rescheduled, 4.8y slip declared; cost already revised +17%"
618902,Maheshkunt-Saharsa-Purnea Pkg I km 0.00 to km. 90.00 of NH-107,Roads & Highways,nhai,Bihar,1311.22,90.07,67.6,High,"4.6y past original commissioning date; already rescheduled, 4.8y slip declared; cost already revised +98%"
618612,Deogarh near Dhandhaniya-Rajasthan/Gujarat Border Phase-I AJ/DRGB-Package-6,Roads & Highways,nhai,Rajasthan,740.62,100.0,67.5,High,"2.9y past original commissioning date; already rescheduled, 3.0y slip declared"
618893,Varanasi Gorakhpur Section Packege IV from km. 149.540 to km. 215.160 Mau- Gorakhpur,Roads & Highways,nhai,Uttar Pradesh,3475.65,97.35,67.4,High,"6.7y past original commissioning date; already rescheduled, 6.8y slip declared; cost already revised +17%"
619117,Hassan km 184.912 to Maranahally km 230.060 of NH - 75 in Karnataka,Roads & Highways,nhai,Karnataka,1091.4,97.8,67.4,High,"7.3y past original commissioning date; already rescheduled, 7.4y slip declared"
619124,6L Access Controlled Greenfield Highway from Polavaram Ch. 260000 to Marripudi Ch. 285500 of [NH-544G]Package-12,Roads & Highways,nhai,Andhra Pradesh,626.83,70.2,67.4,High,5 months past original date
610984,Development of Jharia CBM Block [Phase-1],Unknown,oil and natural gas corporation limited [ongc],Jharkhand,431.0,66.2,67.3,High,"2.5y past original commissioning date; already rescheduled, 2.7y slip declared; needs 16.6%/month to hit current date"
618049,Up-gradation to 2/4 lane with paved shoulder configuration of NH-652 from Tuljapur Naldurg-Akkalkot road Chainage from Km. 00.000 to km 30.982 in the State of Maharashtra on EPC mode.,Roads & Highways,morth,Maharashtra,183.41,98.0,67.2,High,elevated risk on combined profile
618840,Simaria Km. 206.050 to Khagaria Km. 266.282,Roads & Highways,nhai,Bihar,891.64,97.73,67.2,High,"7.2y past original commissioning date; already rescheduled, 7.5y slip declared; cost already revised +34%"
618467,Vadodara Mumbai Expressway Karvad - Jujuwa from Km. 128.000 to Km. 154.600 Phase-I Package-IX,Roads & Highways,nhai,Gujarat,2587.04,21.75,67.2,High,9 months past original date; only 22% built with planned time exhausted; needs 6.5%/month to hit current date
618079,Construction of Dharmagarh Bypass on NH-130C including land acquisition in the state of Odisha on EPC Mode under Annual plan 2022-23.,Roads & Highways,morth,Odisha,172.66,15.0,67.1,High,needs 28.1%/month to hit current date
618880,Rehabilitation and Up-gradation to 4L configuration & Strengthening of Thanpuri to Paror section from Km 85.135 to Km 100.840 of NH-154 Pkg-IIC,Roads & Highways,nhai,Himachal Pradesh,666.79,56.61,67.0,High,7 months past original date; spend outruns works by 18pp
618349,Balance work of Widening to 2 Two lane with hard shoulder of Churachandpur to Tuivai section of NH-102B from Design Chainage km 118850 to km 130000 Package- 4A in the State of Manipur on EPC Mode,Roads & Highways,nhidcl,Manipur,204.12,25.93,67.0,High,spend outruns works by 29pp; needs 72.7%/month to hit current date
611570,"SITC of ATM Automation System and ASMGCS [Including SMR & MLAT] for Mumbai, Navi Mumbai, Jewar [earlier MOPA, without ASMGCS], HIAL & BIAL",Aviation & Aviation Infrastructure,airport authority of india [aai],"Multi-States (Karnataka, Maharashtra, Telangana, Uttar Pradesh)",500.48,80.0,67.0,High,10 months past original date; needs 19.6%/month to hit current date
619129,Mahabalipuram - Pondicherry Pkg-I [Mamallapuram to Mugaiyur],Roads & Highways,nhai,Tamil Nadu,1477.94,58.65,67.0,High,"2.2y past original commissioning date; already rescheduled, 2.7y slip declared; needs 6.8%/month to hit current date"
618784,Balance works of 4 lane divided carriageway of Missing Link section of NH-39 Rewa Bypass from junction with NH 30 near Bela to Junction with MPRDC ring road near Silpara on SH 9 design length 13.100 km on EPC Mode under Bharatmala Pariyojana in the State of Madhya Pradesh,Roads & Highways,nhai,Madhya Pradesh,355.36,84.44,67.0,High,3 months past original date
618512,Tunnel at Khambataki Ghat Section and its approaches from existing Km. 771.730 to existing Km. 782.000,Roads & Highways,nhai,Maharashtra,816.12,89.2,66.9,High,"4.4y past original commissioning date; already rescheduled, 4.7y slip declared"
618171,"Work of Upgradation of Jirapur-Pachore Road including Pachore, Jirapur, Chhapiheda & Khujner Bypasses from 0000 to 58790 Design Length 58.79 Km section of NH-752C to 2LPS in the State of Madhya Pradesh under EPC mode",Roads & Highways,morth,Madhya Pradesh,352.69,57.26,66.9,High,6 months past original date; needs 8.5%/month to hit current date
618684,Outer Ring Road of Jabalpur Town from Manegaon to NH-45 Pkg-2,Roads & Highways,nhai,Madhya Pradesh,786.47,78.75,66.9,High,4 months past original date
617904,Construction of Bypass road to Balangir town from km 72/400 Desing km 0/0 to km 79/800 Design km 11/670 of NH-26 in the State of Odisha.,Roads & Highways,morth,Odisha,238.78,55.0,66.8,High,9 months past original date; needs 9.0%/month to hit current date
618096,Rehabilitation and Up-gradation to 2 lane road with paved shoulders configuration for the balance work of 13 km length on Helwak-Patan-Karad section Km. 85000 to 133 417 of NH-166E in the state of Maharashtra on EPC mode.,Roads & Highways,morth,Maharashtra,181.45,87.0,66.8,High,3 months past original date
618073,Improvement to Two lane with Paved Shoulder from Junction of NH22 near Hajipur to Junction of NH -122 at Bachhwara via Mahnar and Mohiuddin Nagar from Km 0.00 to Km 29.730 of NH 122 B in the State of Bihar.,Roads & Highways,morth,Bihar,226.16,61.0,66.7,High,5 months past original date; needs 5.5%/month to hit current date
617930,Construction of Bypass on NH-59 from Km 336/350 to 349/910 13.56 km near Berhampur town including 4-lane RoB in the state of Odisha.,Roads & Highways,morth,Odisha,196.94,70.0,66.7,High,7 months past original date; needs 6.0%/month to hit current date
619094,Thorapalli - Agraharam - Jittandahalli Section from km 23.350 to km 60.100 [Hosur to Dhamrapuri Pkg-2],Roads & Highways,nhai,Tamil Nadu,1272.11,77.57,66.7,High,"2.6y past original commissioning date; already rescheduled, 3.0y slip declared"
618232,Rehabilitation and Upgradation to 2-lane configuration of Karnohal- Kalwahn Section km 181.00 to 208.950 of NH-70 in the State of Himachal Pradesh under Green National Highways Corridor Project GNHCP with the loan assistance of World Bank on EPC mode.Package-2,Roads & Highways,morth,Himachal Pradesh,190.02,58.0,66.6,High,2 months past original date; needs 8.4%/month to hit current date
617929,Construction of 2 lane with paved shoulder of Kund Bypass from Design Km 35.130 to Km 47.700 existing Km 33.130 to Km 41.260 of NH-109 in the State of Uttarakhand,Roads & Highways,morth,Uttarakhand,247.41,73.5,66.6,High,"6.2y past original commissioning date; already rescheduled, 6.6y slip declared; needs 5.3%/month to hit current date"
618408,Kargil Zanskar Road,Roads & Highways,nhidcl,Ladakh,398.37,97.1,66.5,High,"3.5y past original commissioning date; already rescheduled, 3.6y slip declared"
618529,Varanasi Ring Road Pkg-II connecting Sandaha Village km 11.70 / NH-29 with Revasa Village km 818.80 / NH-2,Roads & Highways,nhai,Uttar Pradesh,1832.66,96.86,66.5,High,"4.4y past original commissioning date; already rescheduled, 4.7y slip declared"
617934,Nasratpur to Barasgaon section of NH-61 2L / 4L PS from Km.514/00 to 558/200,Roads & Highways,morth,Maharashtra,406.54,95.84,66.3,High,"6.8y past original commissioning date; spend outruns works by 34pp; already rescheduled, 6.9y slip declared"
619215,Cuttack-Angul Section of NH-42 New NH-55 from Km.60.200 to Km. 112.000 Pkg-II in the State of Odisha,Roads & Highways,nhai,Odisha,1168.82,99.66,66.3,High,"5.8y past original commissioning date; already rescheduled, 6.0y slip declared; cost already revised +18%"
618015,"Upgradation of Keonchi - Ratanpur Road of NH 45 Package-I, from design chainage km 237.860 to km 273.200 of length 35.340 km to two lane with paved shoulders under Corridor scheme on EPC mode in the state of Chhattisgarh.",Roads & Highways,morth,Chhattisgarh,228.93,60.0,66.2,High,6 months past original date; needs 8.0%/month to hit current date
618815,4L Access Controlled Greenfield Highway section on NH-163G Warangal-Khammam from Venkatpur village in Warangal District at Design Ch. 150.240 Km to Thallasenkesa village in Mahabubabed District at Design Ch. 189.650 kmPackage-II,Roads & Highways,nhai,Telangana,1083.11,77.65,66.2,High,3 months past original date
619157,4 Laning of Talcher to end of Kamakhyanagar Bypass km 8.844 - km 15.725 of NH- 149 and km 301.875 - km 335.946 of NH-53 Pkg-I,Roads & Highways,nhai,Odisha,810.71,99.0,66.1,High,"4.9y past original commissioning date; already rescheduled, 5.2y slip declared"
618450,Rehabilitation & Upgradation of existing road to 2-lane with paved shoulder including geometric improvement of section from start of Rabangla km33.600 to km58.840 under SARDP-NE Phase A Pkg- IV,Roads & Highways,nhidcl,Sikkim,292.8,65.15,66.1,High,"4.2y past original commissioning date; spend outruns works by 21pp; already rescheduled, 4.6y slip declared"
618017,"Upgradation of Keonchi - Ratanpur Road of NH 45 Package-II, from design chainage km 278.75 to km 321.348 of length 42.598 km to two lane with paved shoulders under Corridor scheme on EPC mode in the state of Chhattisgarh.",Roads & Highways,morth,Chhattisgarh,286.0,60.0,66.1,High,6 months past original date; needs 8.0%/month to hit current date
618071,Construction of two lane with paved shoulder Gangtok Bypass Road from Ranipool to Burtuk Ch 0.00 Km to 23.316 L23.316 Km in the State of Sikkim,Roads & Highways,morth,Sikkim,342.89,92.0,66.1,High,"2.2y past original commissioning date; already rescheduled, 2.6y slip declared"
619163,4L of Baramati to Indapur Pkg-II from km. 41.400 to km. 84.550 of NH-965G Saint Tukaram Marg,Roads & Highways,nhai,Maharashtra,1297.48,86.2,66.0,High,"2.8y past original commissioning date; already rescheduled, 3.3y slip declared"
709800,"CUF POL Depot at Sadashibpur [Meramundali], Odisha",Unknown,bharat petroleum corporation limited [bpcl],Odisha,393.54,86.0,66.0,High,4 months past original date; needs 6.9%/month to hit current date
619119,Cuttack-Angul Section of NH-42 New NH-55 from km 0.400 to km 60.200 Pkg-I in the State of Odisha,Roads & Highways,nhai,Odisha,1178.31,99.0,65.8,High,"6.0y past original commissioning date; already rescheduled, 6.2y slip declared; cost already revised +18%"
618563,4L of Madurai Ring Road Phase 1 [Vadipatti-Thamrapatti] from km 0.00 - km 29.960,Roads & Highways,nhai,Tamil Nadu,900.05,99.42,65.8,High,"4.3y past original commissioning date; already rescheduled, 4.4y slip declared"
618795,Amritsar Bypass Pkg III from km. 71.496 to km. 105.158,Roads & Highways,nhai,Punjab,1228.42,82.88,65.8,High,"23 months past original date; spend outruns works by 17pp; already rescheduled, 2.3y slip declared"
619205,Six Laning of KT/KL Border Thalapaddy -Chengala from Km. 17.200 to Km. 57.20,Roads & Highways,nhai,"Multi-States (Karnataka, Kerala)",2681.48,100.0,65.7,High,"2.2y past original commissioning date; already rescheduled, 2.3y slip declared; cost already revised +35%"
618363,Construction of 2-laning with hard shoulder configuration of Chhumkhum to Tlabung from Design Chainage Km 37.420 to Km 74.950 of NH-302 in Mizoram under Bharatmala Pariyojana on EPC mode [Pkg-B],Roads & Highways,nhidcl,Mizoram,740.58,61.34,65.6,High,"3.5y past original commissioning date; already rescheduled, 3.9y slip declared; needs 7.7%/month to hit current date"
706860,Barauni-Bachwara 16 km - 3rd & 4th line incl Barauni yard remodelling 32 km Umbrella work PB57/2019-20/NR,Railways,cao/con/north/mhx ecr mor,Bihar,485.58,38.0,65.6,High,11 months past original date; needs 20.5%/month to hit current date
618203,"Construction of 4 lane with paved shoulder Pattan bypass Greenfield bypass from existing Ch. Km 24320 to Km 33760 and Design Ch. from Km 24400 to Km 35300, total length 10.900 km on road SrinagarBaramulla Uri NH-01 in the UT of Jammu & Kashmir under Project BEACON, Border Roads Organization BRO on EPC mode. Package-II",Roads & Highways,morth,Jammu and Kashmir,980.21,57.0,65.4,High,needs 6.1%/month to hit current date
619078,Six Laning of Bihar - Jharkhand Border Chordaha - Gorhar section of NH-2 from km 249.525 to km 320.810,Roads & Highways,nhai,"Multi-States (Bihar, Jharkhand)",1689.17,78.0,65.4,High,"4.7y past original commissioning date; already rescheduled, 5.1y slip declared"
618803,Development of 4L Road from Samarlakota to Achampeta Junction as part of Kakinada Port Connectivity to NH-16 Rajanagaram Junction in East Godavari District,Roads & Highways,nhai,Andhra Pradesh,750.2,93.0,65.4,High,11 months past original date; cost already revised +16%
618721,6L Access Controlled Greenfield Highway from Chandrasekharapuram Ch. 228000 to Polavaram Ch. 260000of [NH-544G] Package-11,Roads & Highways,nhai,Andhra Pradesh,1110.33,64.2,65.3,High,5 months past original date
619096,Goa / Karnataka Km.93.700 to Kundapur Km.283.30,Roads & Highways,nhai,Karnataka,1990.99,97.94,65.3,High,"9.9y past original commissioning date; already rescheduled, 10.2y slip declared; cost already revised +21%"
618388,Construction of 2-laning with Hard shoulder road of Ukhrul - Tolloi - Tadubi section of NH-102A from Design Chainage 50.850 km to 81.870 km in the State of Manipur on EPC mode under NHO-TSP Package -3,Roads & Highways,nhidcl,Manipur,315.56,94.5,65.2,High,18 months past original date
619202,Dwarka Expressway from Km -0.600 to Km 5.300 - Pkg-I Shivmurti Chowk-RuB near Dwarka Sector 21,Roads & Highways,nhai,Delhi,3929.5,98.8,65.2,High,"3.8y past original commissioning date; already rescheduled, 3.9y slip declared; cost already revised +83%"
618899,Kallagam km.38.700 to Meensurutti Km.98.433 of NH-227 in Tamil Nadu,Roads & Highways,nhai,Tamil Nadu,1499.12,100.0,65.0,High,"5.2y past original commissioning date; already rescheduled, 5.3y slip declared"
612167,"Construction of 350 beds + 50 Super Specialty beds ESIC Hospital Sheelanagar, Visakhapatnam, Andhra Pradesh",Healthcare,employee's state insurance company [esic],Andhra Pradesh,384.27,95.0,65.0,High,9 months past original date
619071,Tumkur - Nelamangala 6L,Roads & Highways,nhai,Karnataka,1664.2,61.36,64.9,High,11 months past original date
618719,6L Access Controlled Greenfield Highway from Mallapalle Ch. 176000 to Kavulakuntla Ch. 196000 Package-08,Roads & Highways,nhai,Andhra Pradesh,751.81,65.92,64.7,High,5 months past original date
618600,6L of Valanchery bypass to Kappirikkad of NH 66 from km. 298500 to km 335850,Roads & Highways,nhai,Kerala,4023.94,100.0,64.7,High,"24 months past original date; already rescheduled, 2.1y slip declared"
618929,4L of Moradabad western side spur connecting NH-734 & NH-24 from Km. 0.000 to Km. 33.200 Pkg-I,Roads & Highways,nhai,Uttar Pradesh,1843.54,83.06,64.6,High,10 months past original date
604859,Integrated Para Xylene [PX] and Purified Terephthalic Acid [PTA] Project at Paradip Refinery,Unknown,indian oil corporation limited [iocl],Odisha,11783.0,94.9,64.6,High,"2.5y past original commissioning date; already rescheduled, 2.6y slip declared; needs 5.0%/month to hit current date"
618334,Widening to 2 Lane with Paved shoulder of lmphal to Jiribam section of NH-37 from Design Ch. from km 131.280 to km 169.570 on EPC mode in Manipur under NHO- TSP PKG-6,Roads & Highways,nhidcl,Manipur,504.76,95.2,64.6,High,17 months past original date
709780,Construction of Additional Tankages and Allied Facilities at JNPT Terminal,Unknown,indian oil corporation limited [iocl],Maharashtra,436.14,72.9,64.5,High,cost already revised +28%; needs 26.6%/month to hit current date
618503,Ahmedabad - Dholera Pkg III from km. 48.52 to km. 71.06 [Vejallka Village - Start of DSIR zone],Roads & Highways,nhai,Gujarat,1155.41,100.0,64.5,High,"3.0y past original commissioning date; already rescheduled, 3.1y slip declared; cost already revised +12%"
618168,Widening to four lane with paved shoulder from Design Km.49.200 to Km.89.285 of NH-731B on EPC mode in the state of Uttar Pradesh,Roads & Highways,morth,Uttar Pradesh,965.3,56.0,64.3,High,6 months past original date; needs 7.3%/month to hit current date
619301,Construction of Approach Road to Rail-cum- Road Bridge across river Ganga at Munger Ghat NH-333 B,Roads & Highways,nhai,Bihar,633.91,99.99,64.2,High,"5.2y past original commissioning date; already rescheduled, 5.3y slip declared; cost already revised +18%"
618825,Bridge over Ganga River at d/s of Farraka Barrage including Approaches connecting Farakka-Raiganj,Roads & Highways,nhai,West Bengal,646.1,96.71,64.1,High,"4.6y past original commissioning date; already rescheduled, 4.8y slip declared"
618927,4L of Moradabad-Thakurdwara-Kashipur Section from Km. 0.000 to Km. 38.77 of NH- 734 Pkg-II,Roads & Highways,nhai,Uttar Pradesh,1890.05,54.55,64.0,High,4 months past original date
612855,Transmission System for Evacuation of Power from Potential Energy Renewable Zone in Khavda Area of Gujarat under Ph-IV [7GW] Part E2,Unknown,power grid corporation of india limited [powergrid],Gujarat,697.0,82.0,64.0,High,2 months past original date; needs 8.8%/month to hit current date
618888,Rehabilitation and Up-gradation of existing road to 2L PS from End of Hamirpur Bypass near Chilbahal to Bhangbar section from Km. 138.295 to Km.175.270 of NH- 88 Pkg-IV,Roads & Highways,nhai,Himachal Pradesh,1358.62,97.2,64.0,High,15 months past original date; cost already revised +19%
618304,"Widening/Improvement to 2 Lane with earthen shoulder of Jessami to Laynen bridge Nagaland border section of NH-29 of Imphal -Ukhrul - Jessami Economic Corridor from km 0.000 to km 11.009 in the State of Manipur on EPC mode under Bharatmala Pariyojana, under NHO-NE Package-7",Roads & Highways,nhidcl,Manipur,164.89,28.12,63.9,High,1 months past original date; spend outruns works by 50pp; needs 10.2%/month to hit current date
618256,"Rehabilitation and Upgradation to 2-lane with paved should ders Sir, configuration of Chaprathipalem to Lambasingi section Km 165500 to Km 205000 of NH-516E in the State of Andhra Pradesh under Green National Highways Corridor Project GNHCP with the loan assistance of World Bank on EPC mode",Roads & Highways,morth,Andhra Pradesh,311.22,93.01,63.9,High,21 months past original date
618018,Upgradation of Bilaspur-Takhatpur-Mungeli-Pandariya-Pondi Road on N.H.-130A Package IIIA Takhatpur By-pass from existing Ch. 26.542 to 32.093 [Design Ch. 18.700 to 25.900] & Mungeli By-pass from existing Ch. 45.786 to 56.275 [Design Ch. 29.600 to 51.600] and Package IIIB Pandariya By-Pass from existing Ch. 82.582 to 87.133 [Design Ch. 77.900 to 81.1000 & Pondi By-pass from existing Ch. 103.166 to 104.756 [Design Ch. 97.000 to 103.395] to two lane with paved shoulder configuration in the,Roads & Highways,morth,Chhattisgarh,351.19,11.0,63.9,High,12 months past original date; only 11% built with planned time exhausted; needs 17.7%/month to hit current date
618644,4L of Ormanjhi-Gola section from Km 81.450 to Km 53.600 of NH- 320BPKG-II,Roads & Highways,nhai,Jharkhand,1462.19,86.57,63.9,High,13 months past original date; cost already revised +20%
619216,6L access Controlled Greenfield Highway from Adhoya Musalmana to Sadopur section of Shamli -Ambala Package-III Design Ch. Form km 84.400 to km 121.786,Roads & Highways,nhai,"Multi-States (Haryana, Punjab)",1122.86,81.33,63.9,High,14 months past original date
618890,2L PS of Hamirpur Bypass from Km 121.175 to Km.138.295 of NH-103&3,Roads & Highways,nhai,Himachal Pradesh,754.82,94.37,63.8,High,9 months past original date
618594,Balance work of 4L Panvel to Indapur section of NH-66 Old NH- 17 from km 0.000 Panvel to km 42.300 Kasu,Roads & Highways,nhai,Maharashtra,196.87,98.66,63.7,High,21 months past original date
619090,8L of Dwarka Expressway Pkg-II RuB near Dwarka Sector 21-DL/HR Border from 5.300 Km.to 9.500 Km. of NH-248BB,Roads & Highways,nhai,Delhi,2670.22,100.0,63.7,High,"4.7y past original commissioning date; already rescheduled, 4.8y slip declared; cost already revised +29%"
619125,6L Access Controlled Greenfield Highway from Somavarappadu Ch.314.600 to Muppavaram Ch.343240 of [NH-544G] Package-14,Roads & Highways,nhai,Andhra Pradesh,943.66,44.56,63.6,High,5 months past original date
618713,6L Access Controlled Greenfield Highway from Yerragudipadu Ch. 129000 to Audireddipalle Ch. 160000 of [NH 544G] Package-6,Roads & Highways,nhai,Andhra Pradesh,1019.69,47.2,63.6,High,5 months past original date
618545,"4L of Km.165.092 to Km.171.855 North Bound and from Km.166.895 to Km.173.638 South Bound, excl. certain reaches of North Bound and South Bound of Ramban to Banihal Pkg-III of Old NH-1A New NH-44",Roads & Highways,nhai,Jammu and Kashmir,444.76,42.8,63.4,High,"23 months past original date; spend outruns works by 26pp; already rescheduled, 2.8y slip declared"
619118,Four Laning of Angul to Sambalpur from Km.112.000 to Km.265.000,Roads & Highways,nhai,Odisha,2632.91,99.98,63.3,High,"6.9y past original commissioning date; already rescheduled, 7.0y slip declared"
618074,Pre construction activity of NH 122B from km 0 to 72.348 and Improvement to two lane with paved shoulders of NH 122B from km 29.730 to km 72.348 in state of Bihar under EPC mode,Roads & Highways,morth,Bihar,624.43,96.0,63.2,High,elevated risk on combined profile
612788,Construction of New Domestic Terminal Building and Miscellaneous Works at Belagavi Airport.,Aviation & Aviation Infrastructure,airport authority of india [aai],Karnataka,322.45,97.0,63.2,High,5 months past original date
618429,Construction & upgradation of existing road to 2-lane with paved shoulder including geometric improvement of sect. from Pedong bypass to Reshi Border km 79.700 to km 96.254 of NH-717A under SARDP-NE-A on EPC as part of Alternate connectivity to Gangtok Lava More-Reshi Border Pkg-VB,Roads & Highways,nhidcl,West Bengal,395.59,97.22,63.2,High,"4.2y past original commissioning date; already rescheduled, 4.3y slip declared; cost already revised +15%"
618599,6L of Ramanatukkara Junction to start of Valanchery bypass section of NH-66,Roads & Highways,nhai,Kerala,4919.46,100.0,63.2,High,"24 months past original date; already rescheduled, 2.1y slip declared"
618254,Construction of Paderu bypass Km 0000 to Km 13000 of 2- lane with paved shoulder on NH-516E,Roads & Highways,morth,Andhra Pradesh,244.43,13.0,63.1,High,needs 17.3%/month to hit current date
706763,Rajkot-Kanalus 111.20 km,Railways,caocwr wr mor,Gujarat,1205.18,90.0,63.1,High,cost already revised +12%
618394,Up-gradation to 2-lane with Paved Shoulder from Km 12.850 to Km20.300 of 7.450Km length on Goha-Khellani section and a link road to Goha village of 2.016 km on NH- 244 in UT of Jammu and Kashmir on EPC Mode Pkg-1,Roads & Highways,nhidcl,Jammu and Kashmir,225.37,94.26,63.0,High,"4.2y past original commissioning date; already rescheduled, 4.5y slip declared"
612259,CONSTRUCTION OF 300 BEDDED HOSPITAL AT HARIDWAR,Healthcare,employee's state insurance company [esic],Uttarakhand,297.63,90.5,62.9,High,21 months past original date; spend outruns works by 24pp; cost already revised +191%
619093,4L Ismailabad to Ambala Section of NH-152 Lot-4/Package-1,Roads & Highways,nhai,"Multi-States (Haryana, Punjab)",454.34,76.3,62.9,High,7 months past original date
619123,6L Access Controlled Greenfield Highway from Narayanmpet Ch. 203500 to Chandrasekharpuram Ch. 228000Package-10,Roads & Highways,nhai,Andhra Pradesh,678.21,66.12,62.8,High,5 months past original date
618604,Aroor-Thuravoor Thekku,Roads & Highways,nhai,Kerala,2382.83,91.63,62.8,High,6 months past original date
616604,Pollution Abatement works for River Ganga at Hooghly Chinsurah- Municipal Town Interception & Diversion with STP,Waste & Water,national mission for clean ganga,West Bengal,154.73,94.0,62.8,High,16 months past original date; needs 5.9%/month to hit current date
619200,Delhi-Amritsar-Katra Expressway Phase-I Spur-III from Junction with Amritsar- Jalandhar road NH-3 near Bhishambarpura to Junction with Amritsar-Anjala road NH- 354 near Amritsar Airport [Km 71000 to Km 99000 of Amritsar connectivity],Roads & Highways,nhai,Punjab,1951.7,33.85,62.8,High,"21 months past original date; spend outruns works by 36pp; already rescheduled, 3.0y slip declared"
612194,Development of New Civil Enclave and associated works at Darbhanga Airport,Aviation & Aviation Infrastructure,airport authority of india [aai],Bihar,911.66,71.1,62.8,High,needs 7.2%/month to hit current date
617280,"Construction of Basement + Ground Floor+ 10 Storeyed building for State of the Art Director General, GSI Building at plot No.GN-40, Sector-V, Salt Lake, Kolkata",Construction,central public works department [cpwd],West Bengal,255.37,64.0,62.7,High,needs 35.3%/month to hit current date
619103,4/6 Laning of Raipur-Simga Pkg-I from km. 0.00 to km. 48.58,Roads & Highways,nhai,Chhattisgarh,1172.36,100.0,62.7,High,"8.2y past original commissioning date; already rescheduled, 8.3y slip declared"
705500,Wardha Sevagram-Nagpur - 3rd line 76.3 km,Railways,caoc/cr cr mor,Maharashtra,899.52,88.0,62.6,High,7 months past original date; cost already revised +67%
618286,Construction of New 2-Lane Bridge with its approaches from km 0000 to Km 4385 across River Brahmaputra on NH-17 at Jogighopa in Assam on EPC mode,Roads & Highways,nhidcl,Assam,746.76,81.07,62.6,High,"20 months past original date; already rescheduled, 2.1y slip declared"
618315,4-Laning of Silchar - Dhanehari section from Existing Chainage km 263800 of NH 37 to km 12920 of NH 306 Design Chainage km 0000 to km 20000 on Silchar - Vairengte - Sairang road in the State of Assam under Bharatmala Pariyojna on EPC mode Package-1,Roads & Highways,nhidcl,Assam,1256.9,59.65,62.4,High,needs 5.1%/month to hit current date
618799,Belakeri Port to Kumta - Sirsi road from km 0.00 - km 4.265 of Belekeri Port Road Link Rd. and km 4.965 - km 60.00 of SH-69,Roads & Highways,nhai,Karnataka,456.79,95.23,62.4,High,"3.6y past original commissioning date; already rescheduled, 3.9y slip declared"
705504,Daund - Manmad 247.50 km,Railways,caoc/cr cr mor,Maharashtra,3554.74,95.0,62.3,High,7 months past original date; cost already revised +71%
618070,Widening to 2 Lanes with paved shoulders from Km.87/000 to 133/720 Nattukal to Thanau Jn. in Palakkad of NH-966 Old NH-213 on EPC mode Basis under NHO Annual Plan 2016-17 in the state of Kerala,Roads & Highways,morth,Kerala,315.63,98.0,62.2,High,"6.9y past original commissioning date; already rescheduled, 6.8y slip declared"
400121,"Construction of Screening Plant-II for Donimalai and Kumaraswamy Iron Ore Mining Complex of NMDC Limited at Ballari Dt, Karnataka.",Unknown,national mineral development corporation limited [nmdc],Karnataka,1043.63,70.33,62.2,High,needs 29.1%/month to hit current date
617897,Construction of proposed 4Lane Revelgunj bypass NH-19 in the State of Bihar on EPC mode connecting NH 19 to 85 origin,Roads & Highways,morth,Bihar,295.24,88.65,62.2,High,12 months past original date
618010,Development to 4-lane with paved shoulder for the road section Talwandi Sabo- Raman road to refinery Road junction with Bathinda Dabwali Road of NH-254 from existing Km 131.600 to Km 155.650 Design Km 131600 to km 155600 in the State of Punjab. Job No NH-254-PB-2022-23-565,Roads & Highways,morth,Punjab,546.67,45.0,62.2,High,needs 13.6%/month to hit current date
619217,4L of Haridwar-Nagina section from km. 0.00 to km. 71.614 of NH-74,Roads & Highways,nhai,"Multi-States (Uttar Pradesh, Uttarakhand)",1622.49,99.85,62.1,High,"6.0y past original commissioning date; already rescheduled, 6.1y slip declared"
618673,Development of 6L of Jhanki Sargi Section Road from km 0.000 to km 42.800 of NH- 130CD Pkg-CG-1,Roads & Highways,nhai,Chhattisgarh,1129.14,99.35,62.1,High,"22 months past original date; already rescheduled, 2.4y slip declared"
618257,Rehabilitation and Upgradation to 2-lane with paved shoulders configuration of Koyyuru to Chaprathipalem section Km 120000 to Km 165500 of NH-516E in the State of Andhra Pradesh under Green National Highways Corridor Project GNHCP with the loan assistance of World Bank on EPC mode,Roads & Highways,morth,Andhra Pradesh,349.29,98.09,62.1,High,24 months past original date
619112,6L Kantakapalle Sabbavaram Section of NH-130CD Road from Km 445.100 to Km 464.662 Pkg-4,Roads & Highways,nhai,Andhra Pradesh,1012.57,84.6,62.0,High,"21 months past original date; already rescheduled, 2.2y slip declared"
618836,4L of Ratnagiri - Kolhapur section from km 67.140 to km 112.340 of NH-166 Pkg II,Roads & Highways,nhai,Maharashtra,1798.0,81.57,61.9,High,14 months past original date
618850,Nerchowk km 190.000 to Pandoh including Pandoh bypass km221.305,Roads & Highways,nhai,Himachal Pradesh,1651.67,100.0,61.8,High,"6.0y past original commissioning date; already rescheduled, 6.1y slip declared; cost already revised +13%"
618838,4L of Karwar Km. 281.980 of NH-62 Nagaur road to Dangiyavas of Jodhpur Ring Road Pkg-II,Roads & Highways,nhai,Rajasthan,512.77,100.0,61.8,High,23 months past original date
618630,6L of MH/KN Border Nimbal Village to KN/TS Border Singnodi Village from Km. 26.000 to Km. 97.000 in Gulbarga of NH-150C Pkg-II,Roads & Highways,nhai,Karnataka,1923.3,81.35,61.7,High,13 months past original date
618598,6L Minor Bridge Paloli Palam at km. 203.160 & Major Bridge Morad at km. 204.895 and allied works,Roads & Highways,nhai,Kerala,216.94,100.0,61.7,High,"4.1y past original commissioning date; already rescheduled, 4.3y slip declared"
618908,3L Major Bridge over River Brahmani at Km. 401.250 Duburi - Chandikhole Section of NH-200 New NH -53,Roads & Highways,nhai,Odisha,103.68,38.0,61.7,High,"18 months past original date; spend outruns works by 33pp; already rescheduled, 2.7y slip declared"
618335,Widening to 2 Lane with Paved shoulder of lmphal to Jiribam section of NH-37 from Design Ch. from Km 101280 Near Khongsang Village to Km 131280 near Puilon Kambiron Village on EPC Mode in Manipur PKG-5,Roads & Highways,nhidcl,Manipur,410.68,91.02,61.7,High,"2.2y past original commissioning date; already rescheduled, 2.6y slip declared"
618955,2L PS of Majhauli to Charout section from km. 0.00 to km. 63.655,Roads & Highways,nhai,Bihar,1067.51,99.8,61.7,High,"4.7y past original commissioning date; already rescheduled, 4.8y slip declared; cost already revised +67%"
618154,"Rehabilitation & upgradation of Jamkhed to Sautada Section of NH548 D from km 195.375 to km 208.774, Length 13.399 Km to 2L PS /4L configuration with rigid pavement in the state of Maharashtra on EPC mode.",Roads & Highways,morth,Maharashtra,157.62,68.93,61.6,High,24 months past original date
705659,Satna - Rewa 50 km,Railways,ce/c-4/wcr wcr mor,Madhya Pradesh,646.1,88.0,61.6,High,4 months past original date; cost already revised +29%
617940,"Rehabilitation and Upgradation of LB-Nagar to Malkapur section to 6-Lane main carriageway with service roads, drains cum footpath, including VUPs and widening of Minor bridge & road safety provisions from Km. 15/00 to Km 40/00 of NH-65 Old NH-9 under NH O for the year 2020-21 in the state of Telangana on EPC Mode.",Roads & Highways,morth,Telangana,545.11,83.47,61.6,High,"24 months past original date; already rescheduled, 2.4y slip declared"
701168,ALL India Institute of Medical Sciences-AIIMS Madurai,Healthcare,pmssy and institute of national importance,Tamil Nadu,2021.51,54.0,61.5,High,"3.9y past original commissioning date; already rescheduled, 4.2y slip declared; cost already revised +60%"
618301,Widening/Improvement of existing 2-lane to 4-Lane Divided Highway from Kuraopokpi to Sekmai section of Imphal-Kohima Road Design Ch. km 287.00 to 297.700 of NH-39 New NH-02 in state of Manipur on EPC mode Pkg-5A,Roads & Highways,nhidcl,Manipur,228.97,48.35,61.5,High,needs 10.3%/month to hit current date
709776,Augmentation/Revamping of Facilities at existing Guwahati Terminal at Betkuchi,Unknown,indian oil corporation limited [iocl],Assam,323.09,84.3,61.5,High,cost already revised +17%; needs 7.7%/month to hit current date
705661,Katni - Grade separator / bypass 21.50 km,Railways,gm ircon katni wcr mor,Madhya Pradesh,2300.0,84.0,61.4,High,22 months past original date; cost already revised +84%; needs 7.9%/month to hit current date
618225,Rehabilitation and up-gradation to 2 lane with paved shoulder from existing chainage km 134950 to km 166100 Design chainage km 116980 to km 146700 under 31 TF on Akhnoor-Poonch road NH-144A in the UT of Jammu & Kashmir under Project Sampark BRO on EPC mode Package-VI Job no NH-144A-J&K-2021-22-106,Roads & Highways,morth,Jammu and Kashmir,395.25,89.2,61.3,High,"24 months past original date; already rescheduled, 2.4y slip declared"
618226,Rehabilitation and upgradation to 2 lane with paved shoulder from existing chainage Km 30.053 to Km 49.150 design chainage Km 30.000 to Km 46.450 including Kandi Tunnel under 31 BRTF on Akhnoor-Poonch Road NH-144A Under Project Sampark in the UT of Jammu & Kashmir EPC modePackage-I Job no NH-144A-J&K-2020-21-83.,Roads & Highways,morth,Jammu and Kashmir,272.49,95.27,61.3,High,"20 months past original date; already rescheduled, 2.1y slip declared"
618025,Rehabiitation and upgradation from km 121/000 to 154/000 Nakrekal to Mallampally section of NH-365 to 2 lane with paved shoulders in the state of Telangana in the EPC mode,Roads & Highways,morth,Telangana,192.67,96.0,61.2,High,"6.6y past original commissioning date; already rescheduled, 6.8y slip declared"
618831,4L from Km 95.400 Udaipura to Km 147.450 Bhogu on NH-75 Sec-II,Roads & Highways,nhai,Jharkhand,1301.54,29.2,61.2,High,needs 8.9%/month to hit current date
705780,Bhatni - Aunrihar with electrification 125 km excl Indara - Mau 116.95 km,Railways,cmd / rvnl rvnl mor,Uttar Pradesh,2529.46,94.0,61.2,High,"2.3y past original commissioning date; already rescheduled, 2.3y slip declared"
612790,Power System Upgradation Project,Unknown,mangalore refinery and petrochemicals limited,Karnataka,385.0,90.4,61.1,High,8 months past original date
611047,"Construction of NTB complex including apron, taxi track and other associated civil works and electrical & mechanical installations towards Tawi River side at CA Jammu.",Aviation & Aviation Infrastructure,airport authority of india [aai],Jammu and Kashmir,861.37,58.35,61.1,High,1 months past original date; needs 10.3%/month to hit current date
618240,Rehabilitation and upgradation to 2-lane with paved sholuders configuration of Bewar- naer Karri village section Km0.00 to Km30.00 Pakage-I of NH-92 in state of Uttar Pradesh undergreen national Highway Corridor Project GNHCP with the loan assistance of world Bank on EPC mode.,Roads & Highways,morth,Uttar Pradesh,236.47,100.0,61.0,High,"2.3y past original commissioning date; already rescheduled, 2.4y slip declared"
619152,Bakhtiyarpur Km 153.300 to Mokama Km 197.900,Roads & Highways,nhai,Bihar,1898.84,99.95,61.0,High,"6.6y past original commissioning date; already rescheduled, 6.7y slip declared"
619077,6 laning of Balance Work of Chennai - Tada from km. 21.40 to km. 54.40,Roads & Highways,nhai,"Multi-States (Andhra Pradesh, Tamil Nadu)",472.37,100.0,61.0,High,"6.3y past original commissioning date; already rescheduled, 6.4y slip declared"
618205,"Construction of 4 lane with paved shoulder from Existing Ch. 14200 to 24320 Design Ch. 14200 to 24400, Ch. 33760 to 42780 Design Ch. 35300 to 44294 & Ch. 43440 to 47020 Design Ch. 44958 to 48500 Delina Flyover including construction of flyover length 1.704 km of total length 22.736 kms in AOR of 760 BRTF on road SRINAGAR BARAMULA URI NH-01 in the UT of Jammu & Kashmir under project BEACON, Border Roads Organization BRO Package-IJob No NH-1-J&K-2022-23-110",Roads & Highways,morth,Jammu and Kashmir,823.46,85.5,61.0,High,11 months past original date
618903,Maheshkunt -Saharsa-Purnea Pkg II,Roads & Highways,nhai,Bihar,1244.09,94.0,60.9,High,"5.6y past original commissioning date; already rescheduled, 5.8y slip declared"
618581,Hosur to Dhamrapuri Pkg-1 [Neraluru - Thorapalli Agraharam],Roads & Highways,nhai,"Multi-States (Karnataka, Tamil Nadu)",1828.66,78.7,60.9,High,"21 months past original date; already rescheduled, 2.3y slip declared"
618852,4L Sundar Nagar Bypass from Km.173.900 to Km.179.600 of NH-21,Roads & Highways,nhai,Himachal Pradesh,192.11,100.0,60.9,High,"2.1y past original commissioning date; already rescheduled, 2.2y slip declared"
617901,Widening of Pachpadra-Bagundi Section to 4 Lane from Km 73/60 to 95/70 of NH-25 on EPC mode in the state of Rajasthan.,Roads & Highways,morth,Rajasthan,194.88,98.58,60.9,High,19 months past original date
619318,4/6L Greenfield Ludhiana Rupnagar highway from Jn. with NE-5 village near to ManewalLudhiana to Jn. with NH-205 near Bheora Village Rupnagar from Km. 0.00 to Km. 37.7 including spur to Kharar with Ludhiana bypass of NH-205K Pkg-1,Roads & Highways,nhai,Punjab,1382.48,15.31,60.8,High,"19 months past original date; spend outruns works by 23pp; already rescheduled, 3.0y slip declared"
705562,Chhapra-Ballia - Patch doubling 65 km,Railways,caoc/ner ner mor,"Multi-States (Bihar, Uttar Pradesh)",1010.84,95.0,60.8,High,17 months past original date
617955,Widening to two lane with paved Shoulders from Km 40.00 to Km 75.00 Existing chainages of Mangalore - Tumkur section of NH-73 in the State of Karnataka on EPC Mode under Annual Plan 2021-22 Job No NH-73-KNT-2021-22-945,Roads & Highways,morth,Karnataka,718.52,85.0,60.8,High,16 months past original date
618427,Construction & upgradation of existing road to 2-lane with paved shoulder including geometric improvement of Kafer- Lava More section from km 40.00 to km 61.100 of NH717-A on EPC under SARDP-NE A in state of West Bengal Pkg-VA,Roads & Highways,nhidcl,West Bengal,273.78,95.98,60.7,High,"3.2y past original commissioning date; already rescheduled, 3.7y slip declared"
702833,Kalyan-Dombivali Water Supply Infrastructure Project,Unknown,ministry of housing & urban affairs,Maharashtra,194.2,75.0,60.7,High,"2.7y past original commissioning date; already rescheduled, 2.8y slip declared; needs 24.5%/month to hit current date"
618418,Rehabilitation and up gradation of Nongstoin-Rambrai-Kyrshai road up to Meghalaya- Assam border from Km 0.335 to km 34.039 to 2-Lane under NHO - NE in the State of Meghalaya Package-1,Roads & Highways,nhidcl,Meghalaya,359.86,83.05,60.7,High,"2.2y past original commissioning date; already rescheduled, 2.6y slip declared"
705502,Wardha-Balharshah - 3rd line 132 km,Railways,caoc/cr cr mor,Maharashtra,2603.11,86.0,60.6,High,7 months past original date; cost already revised +88%
618103,Rehabilitation and upgradation from Km 22300 to 58635 of MudireddyPalle to Kadapa/Nellore Border via porumamilla Section of NH 167 Two Lane with paved Shoulder in,Roads & Highways,morth,Andhra Pradesh,279.29,90.33,60.5,High,3 months past original date
602538,Installation of FGD for 4x210 & 2x250 MW MTPS U 1-6,Unknown,damodar valley corporation,West Bengal,1106.0,97.0,60.5,High,"2.5y past original commissioning date; already rescheduled, 2.7y slip declared"
705528,Muzaffarpur - Sagauli 100.6 km,Railways,cao/con/north/mhx ecr mor,Bihar,1744.84,99.0,60.5,High,2.1y past original commissioning date; cost already revised +10%
618936,Jagadhari - Tajewala from Km -0.175 to 32.337 km of NH-344,Roads & Highways,nhai,Haryana,919.43,68.0,60.4,High,"17 months past original date; already rescheduled, 2.1y slip declared"
618297,Construction of 2-lane with hard shoulder of Kohima - Jessami road on NH-29 Old NH- 150 from existing Km 30.474 Near Kidwema road Chakahabama to existing Km 53.220 Near Kikruma Village Design Km 29.60 to Km 51.50 Design length-21.90 Km in the state of Nagaland Under Bharatmala Pariyojna on EPC Mode under NHO Package-II -Balance work,Roads & Highways,nhidcl,Nagaland,355.79,43.13,60.4,High,6 months past original date; needs 11.3%/month to hit current date
618196,Widening to 2 lane with Paved Shoulders of Siddipet-Elkathurthy section from Km 69/978 to km 133/619 of NH-765DG in the State of Telangana under Annual plan 2021-22 on EPC mode,Roads & Highways,morth,Telangana,578.85,85.0,60.3,High,"22 months past original date; already rescheduled, 2.2y slip declared"
701101,"Construction of New Domestic Terminal Building [Phase-I and II] and other allied structures at JPNI Airport, Patna",Aviation & Aviation Infrastructure,airport authority of india [aai],Bihar,1216.9,99.26,60.3,High,2 months past original date
618379,Widening and Up-gradation to 2- Lane with Paved Shoulder Configuration and geometric improvement from Km. 208. 000 to Km 250.000 Package-5 on Aizawl Tuipang Section of NH-54 in the State of Mizoram Package-5,Roads & Highways,nhidcl,Mizoram,752.89,95.35,60.2,High,"3.2y past original commissioning date; already rescheduled, 3.2y slip declared"
618796,Tanot -Ramgarh-Bhadasar-Jaisalmer NH-68 and BhadasarMokal-Sarkaritala up to Pakisthan Border NH-968 Pkg-BM/5,Roads & Highways,nhai,Rajasthan,830.37,100.0,60.2,High,"5.2y past original commissioning date; already rescheduled, 5.3y slip declared"
618210,Rehabilitation and upgradation of Askot-Lipulekh on EPC Basis for Phase-I Existing Km 72.00 to 107.620 Design Chainage Km 21330 to Km 56935 under Project Hirak of BRO in the state of Uttarakhand under Bharatmala Pariyojna Phase-I on EPC Mode Length-35.605 Km CA No EPC/MORT&H/HRK/01/2021-22,Roads & Highways,morth,Uttarakhand,603.92,81.17,60.2,High,"2.6y past original commissioning date; already rescheduled, 2.6y slip declared"
615915,Rourkela-Bondamunda A-Cabin 5th line 10 km Umbrella work PB57/2019-20/NR,Railways,cao/c/ser ser mor,Odisha,244.99,45.0,60.1,High,"22 months past original date; spend outruns works by 18pp; already rescheduled, 2.2y slip declared"
618242,Widening and Reconstruction to 4-lane/4-lane with service road including structures from Pokharia More at Km 47.600 Ex. Km 50.230 to Govindpur at km 62.949 Ex. Km 65.325 of Nh-419 in the State of Jharkhand on EPC mode.,Roads & Highways,morth,Jharkhand,300.46,54.54,60.1,High,6 months past original date; needs 7.5%/month to hit current date
618347,Widening to 2-lane with Hard shoulder of Churachandpur to Tuivai Section of NH- 102B from km 13.747 to km 32.835 in the State of Manipur on EPC mode under NHO Package-1B,Roads & Highways,nhidcl,Manipur,241.52,100.0,60.0,High,"4.1y past original commissioning date; already rescheduled, 4.2y slip declared"
618265,Rehabilitation and upgradation to 2-lane with paved sholuders configuration of Miranpur Katra to radhaita section of NH-730CKm.114.000 to Km 137.250pakage-III in state of Uttar Pradesh undergreen national Highway Corridor ProjectGNHCP with the loan assistance of world Bank on EPC mode.,Roads & Highways,morth,Uttar Pradesh,169.56,92.0,60.0,High,"24 months past original date; already rescheduled, 2.4y slip declared"
618290,"Construction of 2-lane with Paved shoulder of Kohima- Bypass Road Connecting NH- 39New NH-02, NH-150New NH-02, NH-61New NH-29, NH-39New NH-02 from Design Km 32.00 to Design Km 43.454Design Length-11.454 Km in the State of Nagaland under SARDP-NE on EPC Mode Package-IV",Roads & Highways,nhidcl,Nagaland,202.36,46.77,60.0,High,"4.2y past original commissioning date; already rescheduled, 4.7y slip declared; needs 10.6%/month to hit current date"
618346,Widening to 2-lane with Hard shoulder of Churachandpur to Tuivai Section of NH- 102B from km 32.835 to km 48.587 in the State of Manipur on EPC mode under NHO Package-2A,Roads & Highways,nhidcl,Manipur,232.99,100.0,60.0,High,"4.1y past original commissioning date; already rescheduled, 4.2y slip declared"
618497,Delhi Amritsar Katra Expressway Phase-II Pkg XVIII Development and Upgradation of Four lane Access Control Expressway from Design Chainage KM 530.00 to KM 545.300 Sidhra to Domel Section of NH-44,Roads & Highways,nhai,Jammu and Kashmir,975.38,70.17,59.9,High,8 months past original date
400169,Redevelopment of Linch Field,Unknown,oil and natural gas corporation limited [ongc],Gujarat,845.42,93.7,59.9,High,16 months past original date; cost already revised +34%
701344,Dhamra Haldia Pipeline Project,Unknown,gas authority of india limited [gail],West Bengal,1125.0,94.4,59.9,High,"3.7y past original commissioning date; already rescheduled, 3.8y slip declared"
616611,Sewage Treatment Plant 100MLD and Sewerage Network 288 km in Digha-Patna under Hybrid annuity based PPP mode-Namami Gange Programme,Waste & Water,national mission for clean ganga,Bihar,824.0,59.0,59.8,High,7 months past original date; needs 20.1%/month to hit current date
618967,Upgradation and Strengthening of Chenani to Nashri Section via Patnitop of NH244 from Km 0.000 to Km 39.100,Roads & Highways,nhai,Jammu and Kashmir,295.06,64.88,59.8,High,elevated risk on combined profile
619136,Rehabilitation and Upgradation of Chorma - Bairgania Section of National Highway No 227F to 2 lane with paved shoulders from Design Ch.0.000 to Ch. 34.566,Roads & Highways,nhai,Bihar,628.65,100.0,59.8,High,6 months past original date
618785,4/6L Greenfield LudhianaRupnagar highway from Jn. with NE-5 village near to ManewalLudhiana to Jn. with NH-205 near Bheora Village Rupnagar from Km 66.0 to Km 91.0 i/c spur to Kharar from Km 0.0 to Km 19.5 with Ludhiana bypass of NH-205K Pkg-3,Roads & Highways,nhai,Punjab,1815.13,80.25,59.7,High,17 months past original date; cost already revised +21%
612128,Hostel blocks & dining hall block,Education,"indian institute of technology, mandi",Himachal Pradesh,166.66,93.0,59.7,High,4 months past original date
615337,Additional Transmission System for evacuation of Power from Bhadla-III PS as part of Rajasthan REZ Phase III Scheme [20 GW] [SPV Name POWERGRID Bhadla-III Power Transmission Limited],Unknown,power grid corporation of india limited [powergrid],Rajasthan,369.0,87.1,59.7,High,5 months past original date; needs 6.3%/month to hit current date
617991,"Rehabilitation and up-gradation of NH-167 from Km 14/900 to Km70/000 Design Ch. 14/900 to 69/700 Chintakunta to Adoni section to two lane with paved shoulders in the State of Andhra Pradesh under Corridor Approach through Engineering, Procurement",Roads & Highways,morth,Andhra Pradesh,290.15,91.9,59.7,High,"7.2y past original commissioning date; already rescheduled, 7.6y slip declared"
618830,4L from Km 147.450 Bhogu to Km 196.870 Sankha on NH-75 Sec-III,Roads & Highways,nhai,Jharkhand,1652.09,76.95,59.6,High,8 months past original date
618533,Barwa Adda Km. 398.240 to Panagarh Km. 521.120,Roads & Highways,nhai,"Multi-States (Jharkhand, West Bengal)",1568.22,100.0,59.6,High,"9.8y past original commissioning date; already rescheduled, 9.9y slip declared"
706724,Guwahati Airport New Integrated Terminal Building Construction Project,Aviation & Aviation Infrastructure,adani airport holdings limited,Assam,2520.0,99.5,59.6,High,16 months past original date; cost already revised +47%
618580,Gohana - Sonipat PKG-2,Roads & Highways,nhai,Haryana,1957.44,97.86,59.5,High,"4.0y past original commissioning date; already rescheduled, 4.0y slip declared; cost already revised +53%"
618629,Nandigama Bypass and Kanchikacherla bypass,Roads & Highways,nhai,Andhra Pradesh,444.58,98.47,59.5,High,"7.1y past original commissioning date; already rescheduled, 7.3y slip declared"
618380,Widening and Up-gradation to 2- Lane with Paved Shoulder Configuration and geometric improvement from Km. 125. 000 to Km 166 Package-3 on Aizawl Tuipang Section of NH-54 in the State of Mizoram Package-3,Roads & Highways,nhidcl,Mizoram,867.09,97.51,59.5,High,"3.2y past original commissioning date; already rescheduled, 3.2y slip declared"
705764,Nimach-Badi Sadri NL Project 48 km,Railways,caoc/nwr nwr mor,"Multi-States (Madhya Pradesh, Rajasthan)",895.67,60.0,59.5,High,4 months past original date; cost already revised +81%
618762,Itarsi Km. 63.000 to Betul Km. 137.000 of NH-69 in Madhya Pradesh,Roads & Highways,nhai,Madhya Pradesh,788.33,100.0,59.4,High,"6.4y past original commissioning date; already rescheduled, 6.5y slip declared"
618674,Development of 6L Sargi Basanwahi Section from km 42.800 to km 99.500 of NH- 130CD Pkg-CG-2,Roads & Highways,nhai,Chhattisgarh,1461.81,100.0,59.4,High,18 months past original date
618666,4- Laning of Mohari to Satai Ghat section NH-934 from Km 50300 to Km 89875 Total length 39.575 km Package-2 in the State of Madhya Pradesh on EPC Mode,Roads & Highways,nhai,Madhya Pradesh,539.08,99.5,59.4,High,elevated risk on combined profile
618856,"Improvement and Up-Gradation of Existing Road to 4L PS from Km 123.650 to 175.080, from Start of Shahabad Bypass to End of Hardoi bypass of NH 731 Pkg-2B",Roads & Highways,nhai,Uttar Pradesh,1212.26,68.8,59.3,High,8 months past original date; cost already revised +10%
709783,"Installation of Multiple Effect Evaporator [MEE] for ETP-1, 2 & 4 of Panipat Refinery and Petrochemical Complex.",Unknown,indian oil corporation limited [iocl],Haryana,247.69,92.5,59.3,High,"3.1y past original commissioning date; already rescheduled, 3.3y slip declared; cost already revised +50%"
619097,Thalassery Mahe Bypass Km 170.600 to Km 189.200 of NH-17New NH-66 in Kerala,Roads & Highways,nhai,"Multi-States (Kerala, Puducherry)",1573.18,100.0,59.2,High,"6.2y past original commissioning date; already rescheduled, 6.3y slip declared; cost already revised +33%"
701122,Development of New Integrated Civil Enclave at Agra Airport,Aviation & Aviation Infrastructure,airport authority of india [aai],Uttar Pradesh,579.0,44.94,59.2,High,needs 13.6%/month to hit current date
618571,Permanent rectification of 3 nos. of black spots in project Highway NH-27 of U.P border - Dewapur - Kotwa section from Km.360.915 to km.440.000 Total Length of 79.085 Km of NH-27& Permanent rectification of 5 nos. of black spots of project Highway NH-27 of Kotwa - Mehsi - Muzaffarpur Section from km.440.000 to km.520.000 Total length 80.00Km,Roads & Highways,nhai,Bihar,321.23,83.01,59.2,High,7 months past original date; cost already revised +41%
707021,Establishment of new GMC Koderma,Healthcare,"medical education, ministry of health and family welfare",Jharkhand,504.8,40.0,59.2,High,cost already revised +102%; needs 58.9%/month to hit current date
618009,Balance work of Construction of Ring Road for Raebareli City on eastern side of NH- 24B Phase-1 on EPC mode.,Roads & Highways,morth,Uttar Pradesh,347.8,95.0,59.1,High,"4.2y past original commissioning date; already rescheduled, 4.7y slip declared"
702674,"ESR - 8 nos., distribution system - 216 Km, new house service connections - 38760 nos. upgrading of feeder mains, pumping station etc. - Phase II",Unknown,ministry of housing & urban affairs,Andhra Pradesh,172.22,82.0,59.1,High,"3.3y past original commissioning date; already rescheduled, 3.4y slip declared; needs 17.7%/month to hit current date"
602099,Establishment of Permanent campus Phase 1 of IIM Sirmaur,Education,"indian institute of management, sirmaur",Himachal Pradesh,454.78,98.6,59.1,High,"2.7y past original commissioning date; already rescheduled, 2.8y slip declared; cost already revised +16%"
619186,Construction of Balance works of Major Bridge over Middle Strait Creek between Km.106.590 to km108.553 of NH-04 connecting South Andaman & Baratang Island in the Union Territory of Andaman & Nicobar Islands on EPC basis,Roads & Highways,nhidcl,Andaman & Nicobar,371.88,12.98,59.1,High,5 months past original date; spend outruns works by 17pp; cost already revised +41%
705505,Wardha-Nagpur - 4th line 78.70 km,Railways,caoc/cr cr mor,Maharashtra,1194.59,88.0,59.0,High,7 months past original date; cost already revised +87%
618516,6L from Sankeshwar Bypass to MH-KNT Border from Km. 555.017 to Km. 592.853 of NH-48 Pkg-II,Roads & Highways,nhai,"Multi-States (Karnataka, Maharashtra)",1066.86,85.3,59.0,High,"15 months past original date; spend outruns works by 26pp; already rescheduled, 2.1y slip declared"
618751,2L PS of Hinotiya-Mehulwa section of NH-346 from Km. 27.000 to Km 75.700 Vidisha Mehulwa-Talbehat Pkg-II Section of NH- 346,Roads & Highways,nhai,Madhya Pradesh,592.71,69.04,59.0,High,10 months past original date
618180,Pune raigarh District Border To Mangaon Ch 69000 to 103775 NH-753F,Roads & Highways,morth,Maharashtra,223.46,89.08,59.0,High,"6.6y past original commissioning date; already rescheduled, 6.6y slip declared"
618723,6L access Controlled Greenfield Highway from Ranipur Barsi to Adhoya Musalmana section of Shamli -Ambala Package-II Design Ch. Form km 45.500 to km 84.400,Roads & Highways,nhai,"Multi-States (Haryana, Uttar Pradesh)",1241.89,82.75,58.9,High,14 months past original date
400299,Pottangi Bauxite Mines Project,Unknown,national aluminium company limited [nalco],Odisha,1960.77,52.4,58.9,High,16 months past original date; cost already revised +42%; needs 11.8%/month to hit current date
709841,Old Pipe Line Replacement [OPRP] Group-A,Unknown,oil and natural gas corporation limited [ongc],Gujarat,169.84,94.6,58.8,High,12 months past original date
705572,New Bongaigaon - Goalpara - Guwahati Kamakhya 176 km,Railways,cao/c-iii/nfr nfr mor,Assam,4983.94,91.0,58.8,High,4 months past original date; cost already revised +23%
619059,Construction of 2-Lane with hard shoulders of Merangkong-Tamlu-Mon Road on EPC Basis from existing road Km. 76.640 to Km 98.065 Design chainage Km. 63.800 to Km. 86.835 Design Length-23.035 Km in the state of Nagaland under SARDP-NE PKG-IV Balance work,Roads & Highways,nhidcl,Nagaland,323.98,79.03,58.8,High,10 months past original date
617889,Treatment of landslide zone from location no. 01 to 28 km 62.860 to 152.750 on NH- 12509 in the State of Uttarakhand under EPC mode in NHO Annual Plan 2022-23,Roads & Highways,morth,Uttarakhand,192.22,98.5,58.7,High,"2.1y past original commissioning date; already rescheduled, 2.1y slip declared"
618549,Construction of twin tube tunnels on Jammu Kashmir Ring Road NH-244A Between Design Ch. 50600 to 51700 and design Ch. 53535 to 55700 on EPC mode under residual NHDP component of Bharatmala Pariyojna,Roads & Highways,nhai,Jammu and Kashmir,731.59,83.87,58.7,High,13 months past original date; cost already revised +202%
618820,Rehabilitation and Up gradation from 4 to 8 laning of Chandikhole Paradip Section of NH-53 Old NH 5A from Km.39.000 to Km.60.00 Package-3,Roads & Highways,nhai,Odisha,938.55,92.02,58.6,High,7 months past original date
618213,Rehabilitation and Upgradation of road Rishikesh Dharasu Old NH-94 with 2-lane with paved shoulder from km 76.000 to km 110.000 Design Chainage from km 74.733 to km 107.347 32.614 km including construction of Kamand re-alignment from existing Chainage Km 105.200 to Km 108.600 design chainage Km 103.436 to Km 105.949 - total length 2513 mtrs and land slide treatment work between design chainage Km 73.800 to Km 74.00 200m on EPC mode under improvement to NH connectivity to Chardham in,Roads & Highways,morth,Uttarakhand,273.76,96.46,58.5,High,"5.5y past original commissioning date; already rescheduled, 5.5y slip declared"
701565,Jal Marg Vikas Project,Inland Waterways,inland waterways authority of india [iwai],"Multi-States (Bihar, Jharkhand, Uttar Pradesh, West Bengal)",5061.15,85.1,58.5,High,"2.6y past original commissioning date; already rescheduled, 2.8y slip declared"
619114,Indore - Harda Pkg-II [Raghavgarh to Nanasa from km. 29.30 to km. 92.30],Roads & Highways,nhai,Madhya Pradesh,1146.63,40.25,58.4,High,4 months past original date
618138,"Widening, Reconstruction & Up-gradation to 2 lane with Paved Shoulder/Four Lane configuration for the work of Sautada to Shirapur Section of NH-561 from Design km 86300 to km 125589 in the state of Maharashtra on EPC mode. Design length 39.289 km",Roads & Highways,morth,Maharashtra,349.57,54.04,58.4,High,needs 11.4%/month to hit current date
618029,Widening to 4 lane from Km. 133.00 to 158.04 design Chainage Km. 130.88 to 155.145 Shirur Cross to Gaddankeri of NH-367 in the State of Karnataka on EPC mode. Job No. NH-367-KNT-2021-22-930,Roads & Highways,morth,Karnataka,312.06,83.33,58.4,High,"18 months past original date; already rescheduled, 2.2y slip declared"
618589,Durg-Raipur Bypass Section Package - 1 from km. 0.00 to km. 44.50 near Tendesara to near Khatti Village,Roads & Highways,nhai,Chhattisgarh,1656.73,75.39,58.4,High,12 months past original date
701107,Construction of New Integrated Terminal Building and associated works including apron to park 3 code E type of aircraft or 6 code C type of aircraft at Vijayawada Airport.,Aviation & Aviation Infrastructure,airport authority of india [aai],Andhra Pradesh,824.28,89.7,58.4,High,"3.8y past original commissioning date; already rescheduled, 4.2y slip declared; cost already revised +35%"
701121,Construction of New Domestic Terminal Building at Rajahmundry Airport.,Aviation & Aviation Infrastructure,airport authority of india [aai],Andhra Pradesh,347.15,96.0,58.3,High,11 months past original date
703021,Jalandhar Water Supply Infrastructure Project,Unknown,ministry of housing & urban affairs,Punjab,266.64,90.0,58.3,High,"2.9y past original commissioning date; already rescheduled, 3.0y slip declared; needs 9.8%/month to hit current date"
612138,"Transmission Scheme for Solar Energy Zone in Bidar [2500 MW], Karnataka [Bidar Transmission Ltd]",Unknown,power grid corporation of india limited [powergrid],"Multi-States (Karnataka, Telangana)",1368.0,96.84,58.3,High,5 months past original date
618291,"Construction of 2-lane with Paved shoulder of Kohima-Bypass Road connecting NH- 39 New NH-02, NH150New NH-02, NH7-61 New NH-29 and NH-39 New NH-02 from Design km 21.000 to km 32.268 [Design length11.268 km] in the state of Nagaland Under SARDP-NE on EPC Mode Package- 3",Roads & Highways,nhidcl,Nagaland,342.29,39.54,58.2,High,13 months past original date; cost already revised +114%; needs 12.0%/month to hit current date
618824,"Development to 4-laning of the de-scoped stretches from Km 115.342 to Km 191.700 of NH-34 in Nadia District 3.962 & Murshidabad District 5.538 pertaining to Krishnagar to Berhampore section of NH-34 New NH-12 , in the state of West Bengal under NHO.",Roads & Highways,nhai,West Bengal,197.74,54.79,58.2,High,6 months past original date
618499,6L Elevated Kanpur - Lucknow Exeressway Pkg-1 from Km. 10980 to Km. 28500,Roads & Highways,nhai,Uttar Pradesh,1943.27,100.0,58.2,High,12 months past original date
618547,2L NH-1 from km 8.660 to km 33.775 Sumbal to Wayul to 4L dual carriageway NH standard as part of Srinagar Ring Road PhaseII [Design Ch. 41.907 to Ch. 66.609],Roads & Highways,nhai,Jammu and Kashmir,643.64,55.02,58.1,High,1 months past original date; spend outruns works by 19pp
617888,Landslide treatment work on NH 58 from Kodiyala Km. 266.130 to Devprayag Km. 296.925 10 location under EPC mode in the State of Uttarakhand on EPC Mode,Roads & Highways,morth,Uttarakhand,192.54,99.0,58.1,High,17 months past original date
617995,Widening to Two Lane with Paved Shoulders from Km 67.000 to Km 114.425 of Kalwakurthy- Mallapally Section of NH 167 Erstwhile section of SH 18 in the State of Telangana on EPC mode under NH O Annual Plan 2016-17,Roads & Highways,morth,Telangana,300.0,99.2,58.0,High,"7.2y past original commissioning date; already rescheduled, 7.6y slip declared"
612211,"Demolition, Construction and upgradation of ESI Hospital, Kalol, Gujarat from 50 beds to 150 beds.",Healthcare,employee's state insurance company [esic],Gujarat,205.87,58.0,58.0,High,9 months past original date; needs 10.4%/month to hit current date
618001,"Construction of 4-lane flyover at Amberpet-X road, Hyderabad on NH-202 in the State of Telangana",Roads & Highways,morth,Telangana,265.88,92.1,58.0,High,"3.1y past original commissioning date; already rescheduled, 3.0y slip declared; cost already revised +23%"
618095,Widening to Two Lane with Paved Shoulders from Km 0.00 Design Chainage 0.00 to Km 23.338 Design Chainage 23310 of NH-166E MH/KNT Border- Kanamadi- Bijjargi- Tikota section in the state of Karnataka in EPC Mode under Annual plan 2022-23 NH- 166E-KNT-2022-23-974,Roads & Highways,morth,Karnataka,196.05,75.0,57.9,High,4 months past original date
617894,"Construction or 4 lane Raniganj Bypass of length 5.261 km on NH-60 new NH-14 from km 273.00 of NH to km 478.18 of NH-2 New NH 16 in paschim Bardhaman, West Bengal in EPC Mode- reg. Job No. 014-WB-2022-23/514",Roads & Highways,morth,West Bengal,410.83,67.28,57.9,High,4 months past original date
619087,Widening to 6L of Existing 4L Jetpur - Gondal - Rajkot Section from Km. 117.600 to Km. 185.00 on NH-27,Roads & Highways,nhai,Gujarat,1390.29,76.83,57.8,High,10 months past original date
617248,Third Ladle Furnace in Secondary Refinery Unit at IISCO Steel Plant,Unknown,steel authority of india limited [sail],West Bengal,227.96,74.55,57.8,High,needs 6.3%/month to hit current date
705527,Sagauli - Valmikinagar 109.7 km,Railways,cao/con/north/mhx ecr mor,Bihar,1558.77,91.0,57.8,High,7 months past original date; cost already revised +28%
618518,Davanagere - Haveri of NH-48 Old NH-4 from km. 260.00 to km. 338.923,Roads & Highways,nhai,Karnataka,1805.84,98.87,57.8,High,"6.0y past original commissioning date; already rescheduled, 6.4y slip declared; cost already revised +24%"
705491,Marikuppam-Kuppam 23.7 km,Railways,caoc/swr swr mor,"Multi-States (Andhra Pradesh, Karnataka)",502.13,20.0,57.8,High,1 months past original date; cost already revised +69%; only 20% built with planned time exhausted
705515,Budhapank-Salegaon via Rajatgarh - 3rd & 4th line 85 85 km,Railways,cao/c/ecor ecor mor,Odisha,3034.8,86.0,57.8,High,4 months past original date; cost already revised +159%
618494,Delhi-Amritsar-Katra Expressway Phase-II Pkg-XV [Junction with Hiranagar Road near village Gurha Baildaran to Junction with Jammu Ring Road NH-244A near Jakh village from Km 468100 to Km 503250],Roads & Highways,nhai,Jammu and Kashmir,3716.56,90.01,57.7,High,"22 months past original date; already rescheduled, 2.2y slip declared; cost already revised +37%"
705668,Kharagpur-Adityapur - 3rd line 132 km,Railways,cmd / rvnl rvnl mor,"Multi-States (Jharkhand, West Bengal)",3450.0,98.0,57.7,High,16 months past original date
618523,Bhadrak KM 136.500 to Baleshwar KM 199.141,Roads & Highways,nhai,Odisha,1394.82,91.32,57.7,High,"4.8y past original commissioning date; already rescheduled, 5.2y slip declared; cost already revised +65%"
400119,Life Extension of 48 well platforms of Mumbai High & Heera Fields,Unknown,oil and natural gas corporation limited [ongc],Offshore,3375.9,90.0,57.7,High,"8.2y past original commissioning date; already rescheduled, 8.5y slip declared"
612213,"Construction of 200 Bedded ESIC Hospital at Butibori, Nagpur, Maharashtra.",Healthcare,employee's state insurance company [esic],Maharashtra,196.7,67.0,57.6,High,11 months past original date; needs 16.2%/month to hit current date
400203,Dharamjaigarh-Korba,Unknown,railway,Chhattisgarh,2438.53,43.7,57.6,High,cost already revised +45%; needs 55.3%/month to hit current date
618793,4L of Fazilka to Abohar section of NH-07 including construction of Greenfield Abohar & Fazilka Bypasses,Roads & Highways,nhai,Punjab,1674.04,67.0,57.6,High,3 months past original date; cost already revised +19%
618063,Widening & Strenghteningof section from Bharthana chowk to Kodarkoot km.0.00 to km.40.00 of NH-91-A on EPC mode,Roads & Highways,morth,Uttar Pradesh,343.77,94.0,57.5,High,"22 months past original date; already rescheduled, 2.2y slip declared; cost already revised +31%"
705424,Chandigarh-Baddi 33.23 km,Railways,caoc/nr nr mor,"Multi-States (Haryana, Himachal Pradesh)",1942.17,47.0,57.5,High,cost already revised +26%; needs 10.5%/month to hit current date
618223,Rehabilitation and up-gradation to 2 lane with paved shoulder from existing chainage km 64535 to km 85385 Design chainage km 55800 to km 74350 under 13 TF on Akhnoor-Poonch road NH-144A under Project Sampark BRO in the UT of Jammu & Kashmir on EPC mode Package-III Job no NH-144A-J&K-2019-20-79,Roads & Highways,morth,Jammu and Kashmir,152.93,90.06,57.5,High,"2.8y past original commissioning date; already rescheduled, 3.3y slip declared"
400425,MOONIDIH XV SEAM UG,Coal,bccl - cil,Jharkhand,1230.27,84.02,57.4,High,"7.3y past original commissioning date; already rescheduled, 7.5y slip declared; needs 7.8%/month to hit current date"
619141,Construction of four lane access controlled highway from Chillakuru cross road to Turpu KanupurPart 1 of Package - II km 0.000 131.500 of NH - 16 to km 23.770 on New NH-516W including six lane flyover and approaches on NH-16 length km 1.050 and six lane access controlled from Turpu Kanupur to Port South Gate Part 2 of Package - II km 23.770 to km 35.015 on New NH-516W in the state of Andhra Pradesh on HAM Mode under Bharatmala Pariyojana Phase I,Roads & Highways,nhai,Andhra Pradesh,844.39,55.53,57.4,High,7 months past original date
618605,Thuravoor Thekku-Paravoor,Roads & Highways,nhai,Kerala,2638.67,81.49,57.3,High,"22 months past original date; already rescheduled, 2.7y slip declared"
400081,"National Sports University [NSU], Imphal [Manipur]",Education,department of sports & youth affairs,Manipur,611.74,97.5,57.3,High,23 months past original date
701349,Paradip-Numaligarh Crude Oil Pipeline [PNCPL] & Crude Oil Import Terminal [COIT] at Paradip,Energy Storage,numaligarh refinery limited,West Bengal,12407.0,93.2,57.2,High,"24 months past original date; already rescheduled, 2.3y slip declared; cost already revised +21%"
617972,Upgradation to Two lane with Paved Shoulder Configuration of Narayanpur Kasturmeta pkg-II from design ch. 48.693 to 70.453 design length21.760 Km. on NH-130D under EPC mode in the state of Chhattisgarh.,Roads & Highways,morth,Chhattisgarh,200.67,0.0,57.2,High,1 months past original date; only 0% built with planned time exhausted
605156,Rangit-IV HE Project [120 MW] executed by Jal Power Corporation Ltd. [JPCL] - A wholly owned subsidiary of NHPC Ltd. acquired through NCLT,Unknown,national hydroelectric power corporation limited [nhpc],Sikkim,1828.11,97.56,57.1,High,"2.2y past original commissioning date; already rescheduled, 2.5y slip declared; cost already revised +95%"
618530,Six Laning of Varanasi to Aurangabad from km. 786.00 to km. 978.40 of Old NH-2,Roads & Highways,nhai,"Multi-States (Bihar, Uttar Pradesh)",3241.56,99.92,57.0,High,"12.3y past original commissioning date; already rescheduled, 12.4y slip declared"
618376,Improvement/Widening to 2-Lane with Paved Shoulder between Shillong-Dawki road up to Bangladesh Border from design Km 10.670 to Km 37.550 under JICA ODA Loan assistance Phase-II -Balance Work-Pkg-2,Roads & Highways,nhidcl,Meghalaya,525.67,53.21,57.0,High,needs 9.3%/month to hit current date
618296,Balance work of Construction of 2-lane with hard shoulder of Kohima - Jessami road on NH-29 old NH-150 from existing km 98.380 near Chizami vill. to km120.367 Nagaland/Manipur Border [Design km 95.700 to design km 117.200] [Design Length 21.500 km] in the state of Nagaland Under Bharatmala Pariyojna on EPC Mode Package-V under NHO,Roads & Highways,nhidcl,Nagaland,330.8,98.39,56.9,High,8 months past original date
618783,4-laning of Pilibhit - Sitarganj from Km. 32.500 to Km. 70.800 Pkg-2 of NH-30,Roads & Highways,nhai,"Multi-States (Uttar Pradesh, Uttarakhand)",1471.19,44.41,56.9,High,4 months past original date
618406,Up-gradation to 4-lane with Paved Shoulder of Jammu-Akhnoor road section of NH- 144A from Ganesh Vihar Km 6.000 to Khati Chowk Km 26.350 in UT of Jammu and Kashmir on EPC basis Pkg-3A,Roads & Highways,nhidcl,Jammu and Kashmir,322.49,92.5,56.9,High,"5.0y past original commissioning date; spend outruns works by 31pp; already rescheduled, 5.3y slip declared"
618722,6L access Controlled Greenfield Highway from Gogwan Jalalpur Shamli to Ranipur Barsi Saharanpur of Shamli -Ambala section Package-I Design Ch. Form km 00.600 to km 45.500,Roads & Highways,nhai,Uttar Pradesh,1247.55,68.2,56.8,High,14 months past original date
618391,"Construction for Mitigation Measures of 5 Nos. Landslides, 05 No. Sinking Zones and 01 No. Bridge from Ch. 450.00 to Ch. 468.00 18 Km. Length on NH-07 Package-III",Roads & Highways,nhidcl,Uttarakhand,250.33,88.12,56.8,High,7 months past original date
618336,Widening to 2 -Lane with Paved shoulder of Imphal to Jiribam section of NH-37 from Design Chainage 66.110 km to 101.280 Km Existing Chainage km 67.496 to km 103.557 on EPC Mode in Manipur PKG-4,Roads & Highways,nhidcl,Manipur,579.63,86.05,56.6,High,"2.6y past original commissioning date; already rescheduled, 3.0y slip declared"
618344,Widening to 2-lane with Hard shoulder of Churachandpur to Tuivai Section of NH- 102B from Design Chainage 69.875 Km to 121.769 Km in the State of Manipur on EPC mode Package-3,Roads & Highways,nhidcl,Manipur,673.27,85.84,56.6,High,"2.9y past original commissioning date; already rescheduled, 3.3y slip declared"
617967,Construction of Rudraprayag tunnel of length 900.30 MTR including approaches and one major bridge on river Alaknanda connecting NH-107/old-109 to NH-07old-58 on EPC mode in the state of Uttarakhand.,Roads & Highways,morth,Uttarakhand,251.88,99.0,56.5,High,12 months past original date
702808,Satna Sewerage Management and Treatment Infrastructure Project,Unknown,ministry of housing & urban affairs,Madhya Pradesh,215.89,96.0,56.5,High,"2.3y past original commissioning date; already rescheduled, 2.4y slip declared; cost already revised +13%"
617730,600 MW Khavda Solar Power Project,Unknown,nlc india limited [nlcil],Gujarat,3335.85,62.0,56.5,High,1 months past original date; needs 7.6%/month to hit current date
618370,Improvement and Widening to 2-lane with paved shoulder of road from Km 101.300 to km 127.319 Total Length 26.019 Km i.e. the Khowai Teliamura-Amarpur-Harina- Sabroom section of NH 208 in the state of Tripura on EPC under JICA ODA Loan Phase VI Package-1,Roads & Highways,nhidcl,Tripura,431.78,63.15,56.4,High,elevated risk on combined profile
618374,Improvement/Widening to 2-L with Paved Shoulder/ 4-Laning of NH-40 section from Km 151330 to Km 163400 design Km 63.530 to Km 71.520 including Dawki Bridge of length 368 m between Shillong-Dawki under JICA ODA Loan assistance Phase-II Pkg- 5 -Balance work,Roads & Highways,nhidcl,Meghalaya,284.21,42.91,56.4,High,spend outruns works by 17pp; needs 14.1%/month to hit current date
706759,Rampur Dumra-Tal-Rajendrapul - Addl bridge and doubling 14 km,Railways,cgm/civil ecr mor,Bihar,2535.13,95.0,56.4,High,19 months past original date
618609,Construction of 4L Flyover from MES College Junction to Bogmalo Junction on NH- 566 from Km. 7.106 to Km. 10.460 and 4L VUP at Queeny Nagar Junction from Km. 3.330 to Km. 4.550,Roads & Highways,nhai,Goa,316.28,59.18,56.4,High,elevated risk on combined profile
705628,Bondamunda - Ranchi 158.50 km,Railways,cao/c/ser ser mor,"Multi-States (Jharkhand, Odisha)",3029.04,95.0,56.3,High,13 months past original date
618655,2L PS of Roshni to Ashapur Section of NH-347B from Design KM Ch. 89.900 to 114.000 KM Package III of Betul Khandwa,Roads & Highways,nhai,Madhya Pradesh,120.75,98.85,56.2,High,elevated risk on combined profile
705375,Koderma-Tilaiya 68 km,Railways,cao/con/south/mhx ecr mor,"Multi-States (Bihar, Jharkhand)",2433.13,90.0,56.1,High,17 months past original date; cost already revised +50%
617271,Eastern Region Expansion Scheme-43 [ERES-43],Unknown,power grid corporation of india limited [powergrid],"Multi-States (Bihar, Odisha, West Bengal)",342.69,29.75,55.9,High,4 months past original date; needs 34.5%/month to hit current date
705492,Kadur-Chickmagalur-Sakleshpur 93 km,Railways,caoc/swr swr mor,Karnataka,1043.15,83.0,55.9,High,13 months past original date; cost already revised +26%
618654,4L Greenfield Rudhi to Deshgaon Pkg V of Betul-Khandwa/Deshgaon,Roads & Highways,nhai,Madhya Pradesh,469.68,63.79,55.8,High,9 months past original date
619003,Solan - Kaithlighat Section of NH-22 Now NH-5 from Km. 106.139 to Km.129.05,Roads & Highways,nhai,Himachal Pradesh,1519.53,90.11,55.8,High,"5.2y past original commissioning date; already rescheduled, 5.5y slip declared; cost already revised +72%"
617999,Widening to 2LPS from Km 67 to Km 115 on Kadur-Hosadurga section NH 173 in the state of Karnataka NH-173-KNT-2022-23-980 dated 13.03.2023,Roads & Highways,morth,Karnataka,471.62,69.54,55.8,High,2 months past original date
618255,Two laning with paved shoulders of Lambasingi to Paderusection of NH 516E,Roads & Highways,morth,Andhra Pradesh,358.05,56.69,55.8,High,8 months past original date; needs 5.4%/month to hit current date
705616,Jharsuguda - Bilaspur - 4th line 206 km,Railways,caoc/secr secr mor,"Multi-States (Chhattisgarh, Odisha)",2978.55,88.0,55.7,High,21 months past original date; cost already revised +39%
618702,4L of Addahole Near Gundya to Bantwal Cross section Pkg-02 from Design Km 270.270 to Design km 318.55 including flyover at Kalladka Town including approaches from Km. 311.57 to Km. 313.67 of NH-75 Old NH-48,Roads & Highways,nhai,Karnataka,1318.24,94.21,55.7,High,"2.7y past original commissioning date; spend outruns works by 16pp; already rescheduled, 3.4y slip declared"
618639,4L of Bilaspur to Urga km 0.00 to 70.2 of NH-130A,Roads & Highways,nhai,Chhattisgarh,2523.86,94.81,55.6,High,"2.3y past original commissioning date; already rescheduled, 2.8y slip declared; cost already revised +36%"
619130,Mahabalipuram - Pondicherry Pkg-II [Mugaiyur to Marakkanam],Roads & Highways,nhai,Tamil Nadu,1463.75,53.41,55.6,High,7 months past original date; cost already revised +31%; needs 5.8%/month to hit current date
618858,"Improvement and Up-Gradation of Existing Road to 4L PS from Km 88.750 to 123.650, from Start of Shahjahanpur Bypass to start of Shahabad bypass of NH 731Pkg.-2A",Roads & Highways,nhai,Uttar Pradesh,955.34,70.56,55.6,High,6 months past original date
618133,Strengthening and Widening of road Sakoli- Wadsa-Armori-Gadchiroli-Ashti- Allapalli - Sironcha National highway NH 353C in Km 262/00 to 321/00 including 16 minor Bridges and 2 Major Bridge Total length 59 Km section from repanpalli to sironcha in Gadchiroli Dist in the State of Maharashtra.,Roads & Highways,morth,Maharashtra,280.57,67.39,55.6,High,"2.2y past original commissioning date; already rescheduled, 2.8y slip declared"
705510,Bhadrak-Nergundi - 3rd line 80 km,Railways,cao/c/ecor ecor mor,Odisha,1600.0,87.0,55.5,High,20 months past original date; cost already revised +25%
617837,Siliguri Marketing Terminal [SMT] Capacity Augmentation Project,Unknown,numaligarh refinery limited,West Bengal,484.0,89.0,55.5,High,7 months past original date
618952,4L of Sahibganj - Manihari Ganga Bridge including Manihari Bypass,Roads & Highways,nhai,"Multi-States (Bihar, Jharkhand)",1978.01,87.02,55.4,High,"21 months past original date; spend outruns works by 15pp; already rescheduled, 3.0y slip declared"
618708,Widening/Development of Existing NH-85 from Km 0.000 to Km 124.636 section to 2L/LPS section in the state of Kerala on EPC Mode under Bharatmala Pariyojana,Roads & Highways,nhai,Kerala,1265.47,81.98,55.3,High,13 months past original date
705368,Araria-Supaul 92 km,Railways,cao/con/north/mhx ecr mor,Bihar,2621.05,40.0,55.3,High,"2.3y past original commissioning date; spend outruns works by 42pp; already rescheduled, 2.8y slip declared"
618883,Construction of Four Lane Highway form Ghazipur- Ballia-UP/Bihar State Border Greenfield section of NH-31 Package I [from Hridaipur km 0.000 to Shahapur km 42.500] on EPC Mode in the state of Uttar Pradesh.,Roads & Highways,nhai,Uttar Pradesh,1579.59,100.0,55.3,High,12 months past original date
705401,Murkongselek-Pasighat 26.15 km,Railways,cao/c-ii/nfr nfr mor,"Multi-States (Arunachal Pradesh, Assam)",1334.45,67.0,55.2,High,16 months past original date; cost already revised +207%; needs 6.6%/month to hit current date
705497,Wardha - Yavatmal Nanded Railway Line Project,Railways,central railways,Maharashtra,4030.69,47.0,55.1,High,spend outruns works by 54pp; cost already revised +17%; needs 10.5%/month to hit current date
705433,Dallirajhra- Rowghat New Railway Line - Phase I [95 km],Railways,rail vikas nigam limited,Chhattisgarh,1628.0,82.0,55.1,High,10 months past original date
705526,Samastipur-Darbhanga 38 km,Railways,cao/con/north/mhx ecr mor,Bihar,973.56,92.0,55.1,High,16 months past original date; cost already revised +88%
618668,4L of Chowka to Kaimaha near MP/UP Border section NH-34 from D. Ch. 145.000 to D. Ch. 197.266 excluding existing Chhatarpur bypass from D. Ch. 160.307 to D. Ch. 168.630 Package-4,Roads & Highways,nhai,"Multi-States (Madhya Pradesh, Uttar Pradesh)",846.68,49.18,55.1,High,needs 49.9%/month to hit current date
701719,Rehablitation in Junavadaj Area Smart City Project,Unknown,ministry of housing and urban affairs,Gujarat,539.0,98.5,55.0,High,"4.0y past original commissioning date; spend outruns works by 17pp; already rescheduled, 4.0y slip declared"
618823,4 laning of Barasat - Barajaguli Section of NH-12 from Km. 31.000 to Km. 48.679 in the district of North 24 - Parganas,Roads & Highways,nhai,West Bengal,346.39,43.52,55.0,High,5 months past original date
618293,"Construction of 2-Lane with paved shoulder of Kohima-Bypass Road connecting NH- 39New NH-02, NH-150New NH-02, NH-61New NH-29 and NH-39New NH-02 from design Km 0.00 to Km 10.500 in the State of Nagaland under SARDP-NE on EPC Mode Package-1 -Balance work",Roads & Highways,nhidcl,Nagaland,350.88,27.24,55.0,High,cost already revised +51%; needs 18.0%/month to hit current date
602579,Buxar Thermal Power Project [1320 MW],Unknown,satluj jal vidyut nigam [sjvn] thermal limited,Bihar,13756.56,95.01,55.0,High,"2.5y past original commissioning date; already rescheduled, 2.3y slip declared; cost already revised +32%"
618637,Bal. Works of Fagne Km. 510.000 to Maharashtra/Gujarat Border Km. 650.794,Roads & Highways,nhai,"Multi-States (Gujarat, Maharashtra)",1672.89,99.7,55.0,High,"3.8y past original commissioning date; already rescheduled, 4.3y slip declared"
705588,Janghai - Pratapgarh - Amethi 87 km,Railways,cao/c-ii/nr nr mor,Uttar Pradesh,1528.83,80.0,54.9,High,16 months past original date; cost already revised +112%
618590,Durg-Raipur-Arang Package - 2 from km. 44.50 to km. 92.23 near Khatti Village to near Aurang,Roads & Highways,nhai,Chhattisgarh,1561.97,73.96,54.9,High,14 months past original date
618606,Paravoor-Kottankulangara,Roads & Highways,nhai,Kerala,3200.24,71.2,54.8,High,"17 months past original date; spend outruns works by 18pp; already rescheduled, 2.1y slip declared"
618369,Improvement and Widening to 2-lane with paved shoulder of road from existing Km 438.170 Khowai Chowmuhani to existing Km 439.410 South Pulinpur of NH-08 and from design Km 0.000 South Pulinpur to design Km 36.00 near Rangamati of NH 208 on Khowai Teliamura- Harina section Total length 37.24 in the state of Tripura on EPC mode under JICA ODA Loan Phase VI Package-2,Roads & Highways,nhidcl,Tripura,657.21,60.7,54.8,High,elevated risk on combined profile
618164,Construction of four lane highway with paved shoulder from Km.74.700 to Km.112.950 of NH-731A i/c Yamuna Bridge on HAM in the state of Uttar Pradesh.,Roads & Highways,morth,Uttar Pradesh,1157.31,100.0,54.7,High,1 months past original date
612133,Transmission System for Evacuation of power from Rajasthan REZ Ph-IV [Part-1] [Bikaner Complex] Part D [Neemrana Bareilly Transmission Ltd],Unknown,power grid corporation of india limited [powergrid],"Multi-States (Rajasthan, Uttar Pradesh)",3271.0,73.45,54.6,High,7 months past original date
618697,4LPS Access Controlled Highway of Bellary Bypass Balance work from Ch. 254750 to Ch. 266837 and construction of 4LPS from Ch. 277.690 to Ch. 278.690 at D. Hirehal Village Balance work of NH 150A of Bellary Byrapura Section,Roads & Highways,nhai,Karnataka,284.05,38.97,54.5,High,elevated risk on combined profile
618514,6L of Kagal-Satara section from Km 658.000 to Km 725.000 of NH-48 Pkg-II,Roads & Highways,nhai,Maharashtra,317.4,90.12,54.5,High,19 months past original date
618628,Strengthening of Existing Alignment of Pandharpur Town Part Bypassed Section of NH 965 from KM 36.230 to KM 44.230 from Chh. Shivaji Maharaj Chowk to Wakhari,Roads & Highways,nhai,Maharashtra,87.59,69.25,54.5,High,9 months past original date; spend outruns works by 18pp
616858,"Construction of Field Gas Gathering Station at Baghjan area for collection, processing & transportation of natural Gas to be produced from Baghjan Field",Unknown,oil india limited,Assam,430.76,95.9,54.5,High,"2.3y past original commissioning date; already rescheduled, 2.7y slip declared"
618216,"Improvement/construction of existing CL-5 Road to NH Intermediate lane specification with hard shoulder from Km 133.000 to 166.000 net Length 33.000 kms of NH-505 Sumdo-Kaza-Gramphoo road in the state of Himachal Pradesh on EPC mode under project Deepak, BRO",Roads & Highways,morth,Himachal Pradesh,203.15,23.24,54.4,High,1 months past original date; only 23% built with planned time exhausted; needs 5.5%/month to hit current date
617409,Railway Manufacturing Unit,Railways,rvnl - ii,Telangana,521.36,91.0,54.4,High,elevated risk on combined profile
616616,"Sewer Networks, SPS and STP at Hajipur",Waste & Water,national mission for clean ganga,Bihar,305.19,95.0,54.4,High,13 months past original date; spend outruns works by 19pp
617931,Construction of ROB and its approaches in lieu of LC No. 10/B/T at Km 307.050 of NH-60.,Roads & Highways,morth,West Bengal,138.57,17.08,54.3,High,"11 months past original date; already rescheduled, 2.2y slip declared; only 17% built with planned time exhausted"
706811,NMDC Slurry Pipeline Project Phase-1,Unknown,national mineral development corporation limited [nmdc],Chhattisgarh,5427.0,95.8,54.3,High,"3.1y past original commissioning date; already rescheduled, 3.2y slip declared; cost already revised +87%"
618531,6L of Aurangabad to Bihar-Jharkhand border Chordaha section from km. 180.000 to km. 209.827 of NH-2 PKG-01,Roads & Highways,nhai,"Multi-States (Bihar, Jharkhand)",786.81,37.93,54.3,High,needs 12.3%/month to hit current date
705454,Chhota Udepur-Dhar 157 km,Railways,caocwr wr mor,"Multi-States (Gujarat, Madhya Pradesh)",1993.65,58.0,54.2,High,7 months past original date; spend outruns works by 35pp; cost already revised +11%
705253,Kurnool Coach Midlife Rehabilitation Project,Railways,south central railway [scr] - ii,Andhra Pradesh,560.72,75.01,54.2,High,"5.6y past original commissioning date; spend outruns works by 96pp; already rescheduled, 6.0y slip declared"
709753,Haldia Panagarh Pipeline Project,Unknown,hindustan petroleum corporation limited,West Bengal,1107.0,98.3,54.0,High,8 months past original date
609736,"Construction of Sikkim University Campus Phase-I Package-II at Yangang, South Sikkim",Education,sikkim university,Sikkim,340.55,96.5,54.0,High,18 months past original date
617882,"Setting up IT Infrastructure including Network Security and Hosting at AIIMS, New Delhi",Healthcare,pmssy and institute of national importance,Delhi,358.19,40.0,54.0,High,needs 29.5%/month to hit current date
617964,"Widening to Four Lane rigid pavement configuration from Km 90.00 to Km 100.800 on NH-96 Km 42.0 to Km 53.300 as per new NH-330,design length of 11.300 km under EPC mode in the state of Uttar Pradesh.",Roads & Highways,morth,Uttar Pradesh,309.63,31.09,54.0,High,needs 17.1%/month to hit current date
618459,Delhi-Vadodara Greenfield Alignment NH-148N Pkg-26 Ch.696890 to Ch.726390,Roads & Highways,nhai,Gujarat,1556.4,85.5,53.9,High,"23 months past original date; already rescheduled, 2.5y slip declared"
705495,Bagalkot-Kudachi 142 km,Railways,caoc/swr swr mor,Karnataka,1710.44,35.0,53.9,High,cost already revised +24%; needs 10.8%/month to hit current date
707039,Establishment of new GMC Gangtok,Healthcare,"medical education, ministry of health and family welfare",Sikkim,635.21,92.0,53.9,High,cost already revised +154%
611735,Transmission system for evacuation of power from REZ in Rajasthan 20GW under Phase-III Part J,Unknown,power grid corporation of india limited [powergrid],"Multi-States (Delhi, Rajasthan)",331.0,68.9,53.9,High,16 months past original date; needs 6.2%/month to hit current date
618348,Balance work of Widening to 2 Two lane with hard shoulder of Churachandpur to Tuivai section of NH-102B from km 130.000 to km 141.029 Package-4B in the State of Manipur on EPC Mode,Roads & Highways,nhidcl,Manipur,177.76,9.17,53.9,High,spend outruns works by 46pp; needs 22.5%/month to hit current date
701329,Petrochemical and Lube Integration Project at Gujarat Refinery,Unknown,indian oil corporation limited [iocl],Gujarat,17825.0,89.6,53.8,High,"23 months past original date; already rescheduled, 2.3y slip declared"
618399,Construction of Kishtwar bypass with 2 lane with paved shoulder from Design Km. 80.675 Dulhasti to km 95.550 Bandarkoot of 14.88 km & a link road to Kishtwar town from 0000 to 1.871 of length1.871 Km on Khellani - Kishtwar - Chattroo section in UT of Jammu and Kashmir on EPC Mode Pkg-4,Roads & Highways,nhidcl,Jammu and Kashmir,859.67,50.64,53.8,High,"2.9y past original commissioning date; already rescheduled, 3.8y slip declared"
709839,Daman Upside Development Project,Unknown,oil and natural gas corporation limited [ongc],Offshore,6406.9,92.9,53.8,High,9 months past original date; cost already revised +55%
618447,Construction of 2-Laning with Paved Shoulder of New Greenfield Alignment From Helipad near Menla at Km 82000 to Menla at Km 94030 of Rhenock-Menla Spur NH- 717B Package-IIIB on EPC Basis under SARDP-NE Phase 'A' in the State of Sikkim.,Roads & Highways,nhidcl,Sikkim,379.3,82.64,53.8,High,"2.4y past original commissioning date; already rescheduled, 3.2y slip declared"
617299,50 MW Wind Power Project,Unknown,nlc india limited,Gujarat,383.84,52.0,53.8,High,13 months past original date; spend outruns works by 35pp; needs 9.5%/month to hit current date
618234,Construction of a new 4-lane major bridge across river Kosi at Phulaut including Rehabilitation and upgradation of existing Birpur and Bihpur section of NH-106 from km 106.000 to km 136.000 to 2-lane with paved shoulders in the State of Bihar on EPC mode,Roads & Highways,morth,Bihar,1478.4,98.6,53.7,High,"2.1y past original commissioning date; already rescheduled, 2.7y slip declared"
612139,Transmission system for Evacuation of Additional 7 GW RE power from Khavda RE park under Phase-III Part B [Vataman Transmission Limited],Unknown,power grid corporation of india limited [powergrid],Gujarat,4231.0,72.12,53.7,High,7 months past original date; needs 5.5%/month to hit current date
618350,Improvement & widening of existing NH-08 to 4-lane with Paved Shoulder from Champak Nagar to Khayerpur section design Km 242500 to Km 261610 in the state of Tripura on EPC basis under NHO-NE,Roads & Highways,nhidcl,Tripura,920.66,48.3,53.7,High,needs 6.5%/month to hit current date
619220,Tumkur-Shimoga Pkg-III from Km 121.900 Banawara to Km 170.415 Bettadahalli of Old NH-206,Roads & Highways,nhai,Karnataka,1834.81,98.0,53.7,High,"3.3y past original commissioning date; already rescheduled, 3.8y slip declared; cost already revised +27%"
705610,"Renigunta 9.60 km, Wadi 7.60 km & Gooty 3.8 km - Bypass",Railways,cao/c/scor scor mor,"Multi-States (Andhra Pradesh, Tamil Nadu)",850.74,50.0,53.7,High,7 months past original date; cost already revised +182%
709859,SETTING UP OF PHYSICAL INFRASTRUCTURE FOR THE NATIONAL INSTITUTE OF COMMUNICATION FINANCE [NICF] AT GHITORNI,Telecommunication,national communication academy - finance [erstwhile nicf],Delhi,248.2,98.0,53.7,High,"6.4y past original commissioning date; already rescheduled, 6.6y slip declared"
705583,Anand Vihar-Tilak Bridge - 3rd & 4th line 9.77 km,Railways,caoc/nr nr mor,Delhi,701.88,23.0,53.7,High,"3.3y past original commissioning date; spend outruns works by 33pp; already rescheduled, 4.8y slip declared"
400006,Jharsuguda-Barpali-Sardega Ph II Works- Rail Connectivity for Coal Loading Bulb at Barpali.,Railways,south eastern railway [ser] - i,Odisha,808.99,44.0,53.5,High,9 months past original date; spend outruns works by 48pp; needs 11.1%/month to hit current date
706866,Sawaimadhopur - Bypass line 6.98 km Umbrella work PB57/2019-20/NR,Railways,caoc/nwr nwr mor,Rajasthan,239.0,72.0,53.5,High,4 months past original date
618517,4/6L of Bangalore - Pune Section of bypass connecting Dharwad - Hubli from km. 403.80 to km. 433.20,Roads & Highways,nhai,Karnataka,763.36,83.19,53.4,High,10 months past original date
618188,Rehabilitation and Up-gradation to 2 lane with paved shoulder configuration of Mahud Sangola road NH 965 G 159400 to 161900and 162400 to 183960 Design Chainage from km. 32/300 to km. 34/800 and km. 35/800 to km. 56/860 Rigid Pavement on EPC mode in the State of Maharashtra.,Roads & Highways,morth,Maharashtra,253.78,100.0,53.4,High,14 months past original date
705356,Ahmednagar - Beed - Parli - Vaijnath New Broad Gauge Line Railway Project [261.3 km],Railways,caoc/cr cr mor,Maharashtra,5942.48,93.0,53.4,High,cost already revised +134%
618739,4L Greenfield Alignment of Amas to Shivrampur from 0.000 Km. to 55.002 Km. of NH 119 D Pkg-I,Roads & Highways,nhai,Bihar,1427.43,54.8,53.4,High,"16 months past original date; already rescheduled, 2.3y slip declared"
612853,Gurdaspur Jammu Pipeline,Unknown,gas authority of india limited [gail],Punjab,521.9,91.1,53.3,High,elevated risk on combined profile
618847,Sattanathapuram to Nagapattinam from Km 123.800 to Km 179.555,Roads & Highways,nhai,"Multi-States (Puducherry, Tamil Nadu)",2899.77,85.6,53.3,High,"3.7y past original commissioning date; already rescheduled, 4.2y slip declared"
615333,Transmission System for Evacuation of Power from Rajasthan REZ Ph-IV [Part-2 5.5 GW] [Jaisalmer/Barmer Complex] Part D [SPV Name POWERGRID Beawar Mandsaur Transmission Limited],Unknown,power grid corporation of india limited [powergrid],"Multi-States (Madhya Pradesh, Rajasthan)",2227.0,49.31,53.1,High,needs 10.1%/month to hit current date
619140,6L of Naidupeta Junction - Turpukanupur Section from km 57.046 to km 91.927,Roads & Highways,nhai,Andhra Pradesh,965.58,53.7,53.1,High,9 months past original date
619074,6-laning of Krishnagiri Km.0.000 to Walajahpet Km.148.300 section on NH-46 under NHDP-V,Roads & Highways,nhai,Tamil Nadu,781.74,99.99,53.1,High,"12.6y past original commissioning date; already rescheduled, 12.7y slip declared"
702664,Kochi Metro Rail Phase 2 Development Project,Unknown,cspcc projects,Kerala,1957.05,41.2,53.1,High,needs 14.6%/month to hit current date
705635,Trivandrum- Kanyakumari,Railways,cao/cn/ers sr mor,"Multi-States (Kerala, Tamil Nadu)",3785.45,59.0,53.0,High,"16 months past original date; spend outruns works by 27pp; already rescheduled, 3.3y slip declared"
619212,6L Access Controlled Greenfield Highway of Julekal village to Dinnedevarapadu village from Km 242.200 to Km 280.400 Pkg-2,Roads & Highways,nhai,"Multi-States (Andhra Pradesh, Telangana)",1315.87,70.6,53.0,High,"18 months past original date; already rescheduled, 2.2y slip declared"
618299,Improvement/Up-gradation of existing 2-Lane Road to 4-Lane Divided Highway from Daili to Kuraopokpi section of Imphal-Kohima road NH-02 Design Chainage from Km 274610 to Km 287000 in the state of Manipur on EPC mode Pkg-4B,Roads & Highways,nhidcl,Manipur,268.98,76.63,53.0,High,1 months past original date
617256,Rebuilding of Coke Oven Battery No.7 & 8 at Bhilai Steel Plant,Unknown,steel authority of india limited [sail],Chhattisgarh,884.1,94.73,53.0,High,9 months past original date
702949,Jhansi Water Supply Infrastructure Phase-II Project,Unknown,ministry of housing & urban affairs,Uttar Pradesh,561.74,95.0,53.0,High,"3.0y past original commissioning date; already rescheduled, 3.1y slip declared"
618398,Up-gradation to 2-lane with Paved Shoulder from Km 20.300 to Km 29.030 of 8.730 Km length on Goha-Khellani section on NH-244 in UT of Jammu and Kashmir on EPC Mode Package II,Roads & Highways,nhidcl,Jammu and Kashmir,210.79,96.95,53.0,High,"4.2y past original commissioning date; already rescheduled, 4.2y slip declared"
400012,Kandla Gorakhpur LPG Pipeline,Energy Storage,indian oil corporation limited [iocl],Uttar Pradesh,10088.0,96.0,53.0,High,"4.6y past original commissioning date; already rescheduled, 4.8y slip declared"
709797,POL & LOBS Installations with Receipt Pipelines at Rasayani,Unknown,bharat petroleum corporation limited [bpcl],Maharashtra,2585.0,87.3,52.9,High,2 months past original date
618314,4-Laning of Dhanehari Lailapur / Vairengte section from Existing Chainage km 12920 to km 43000 of NH 306 Design Chainage km 20000 to km 49360 on Silchar - Vairengte Sairang road in the State of Assam under Bharatmala Pariyojna on EPC mode. Project Length 29.360 km under NHO-NE Package-2,Roads & Highways,nhidcl,Assam,1716.21,81.65,52.9,High,elevated risk on combined profile
703057,Patiala Water Supply Infrastructure Part-2 Project,Unknown,ministry of housing & urban affairs,Punjab,287.0,99.0,52.9,High,"2.7y past original commissioning date; already rescheduled, 2.8y slip declared"
619219,4L of Tumkur-Shimoga Pkg-II from Km 65.195 Karadi to Km 121.900 Banawara of NH-206,Roads & Highways,nhai,Karnataka,1989.89,99.98,52.9,High,"4.7y past original commissioning date; already rescheduled, 5.2y slip declared; cost already revised +32%"
618431,Construction of alternative highway to Gangtok in Sikkim via Bagrakot -Chuikhim- Nimbong -Kafer-Bakhim-Algarah-Rhenock in the State of West Bengal and from Rhenok-Rorathang-Pakyong along with spur from Aritar-Rolep-Menla in the State of Sikkim from Km 13.00 to Km 25.60 of Bagrakot -Kafer section of NH 717A on EPC Mode under Phase-A of SARDP-NE in the State of West Bengal PKG- IVB,Roads & Highways,nhidcl,West Bengal,295.97,97.73,52.8,High,"3.2y past original commissioning date; already rescheduled, 3.7y slip declared"
618714,6L Access Controlled Greenfield Highway from Nallacheruvu palli Ch. 96300 to Yerragudipadu Ch. 129000 of [NH-544G] Package-5,Roads & Highways,nhai,Andhra Pradesh,1095.78,67.05,52.8,High,5 months past original date
617302,Durgapur - Haldia Pipeline [Section-3B of JHBDPL Project],Unknown,gas authority of india limited [gail],West Bengal,2583.0,95.7,52.8,High,"5.6y past original commissioning date; already rescheduled, 5.8y slip declared; cost already revised +48%"
705506,3rd Line Manmad - Jalgaon [160 Kilometres],Railways,central railway [cr] - ii,Maharashtra,1870.0,100.0,52.8,High,19 months past original date; cost already revised +81%
617839,Capacity Augmentation of Kandla LPG Import Terminal [KLIT] from 0.6 MMTPA to 2.5 MMTPA,Energy Storage,indian oil corporation limited [iocl],Gujarat,304.4,68.0,52.8,High,elevated risk on combined profile
618075,Construction of two lane with paved shoulder from existing Km.0.000 to Km.55.610 design km. 0.000 to km. 54.048 of NH-124D,Roads & Highways,morth,Uttar Pradesh,773.58,77.0,52.7,High,5 months past original date
705498,Kalyan-Kasara - 3rd line 67.62 km,Railways,caoc/cr cr mor,Maharashtra,1395.5,73.0,52.7,High,cost already revised +76%; needs 5.4%/month to hit current date
589703,Implementation of Treatment System-2 Under ZLD at RSP (Steel Authority of India Limited (SAIL)),Unknown,unknown,Odisha,216.02,89.83,52.7,High,elevated risk on combined profile
618326,Widening/Improvement to 4-Lane with Paved Shoulder from KM 38500 to Km 51246 Design Chainage 38500 to 50959 with proposed Daboka Bypass of Daboka- Parokhaowa of NH 29 on EPC under NHO-NE Package-1,Roads & Highways,nhidcl,Assam,516.88,99.7,52.7,High,8 months past original date
705507,Itarsi-Nagpur bal. 280 km,Railways,caoc/cr cr mor,"Multi-States (Madhya Pradesh, Maharashtra)",2509.24,55.0,52.7,High,spend outruns works by 36pp
705458,Miyagam-Karjan-Dabhoi-Samlaya 96.46 km- Gauge conversion with electrification,Railways,caocwr wr mor,Gujarat,1015.07,34.0,52.6,High,spend outruns works by 46pp; cost already revised +110%; needs 13.1%/month to hit current date
705514,Jarapaada-Budhapank with flyover at Talcher Road - 3rd & 4th line 47 44 km,Railways,cao/c/ecor ecor mor,Odisha,928.54,25.0,52.6,High,"7.7y past original commissioning date; spend outruns works by 57pp; already rescheduled, 9.3y slip declared"
705617,Rajnandgaon-Nagpur - 3rd line 228 km,Railways,caoc/secr secr mor,"Multi-States (Chhattisgarh, Maharashtra)",3544.92,95.0,52.6,High,19 months past original date
616886,Delhi University Eastern Campus at Surajmal Vihar,Education,delhi university,Delhi,373.0,14.0,52.6,High,needs 28.5%/month to hit current date
605292,"Construction of Permanent Campus of Indian Institute of Management [IIM] Amritsar, Punjab, Phase-I",Education,"indian intitue of management, amritsar",Punjab,386.86,91.7,52.6,High,"3.1y past original commissioning date; already rescheduled, 3.4y slip declared; cost already revised +11%"
618741,4L Greenfield Alignment from Kalyanapur to Tal Dashraha of NH-119D Pkg-III,Roads & Highways,nhai,Bihar,1969.3,36.25,52.5,High,"17 months past original date; already rescheduled, 3.1y slip declared"
616615,"Sewer Network, SPS and STP at Begusarai",Waste & Water,national mission for clean ganga,Bihar,230.06,97.0,52.5,High,15 months past original date; spend outruns works by 17pp
704495,"502 Aspirational District Scheme in Four states - Bihar, Madhya Pradesh, Rajastha and Uttar Pradesh",Telecommunication,department of telecommunications [dot],"Multi-States (Bihar, Madhya Pradesh, Rajasthan, Uttar Pradesh)",228.94,99.59,52.4,High,"4.3y past original commissioning date; already rescheduled, 4.3y slip declared"
617984,"Gudivada Town 2 RoB, and Road improvement NH-165",Roads & Highways,morth,Andhra Pradesh,317.22,75.2,52.4,High,14 months past original date
705632,Vijayawada19.50 km & Kazipet10.65 km -Byepass line,Railways,cao/c/scor scor mor,"Multi-States (Andhra Pradesh, Telangana)",827.46,90.0,52.4,High,18 months past original date; cost already revised +28%
618222,Widening and Strengthening up gradation to 2 lane with paved shoulder from existing chainage Km 192.98 to Km 229.820 design chainage Km 162.800 to Km 198.18 under 31 BRTF on Akhnoor-Poonch Road NH-144A in the UT of Jammu and Kashmir under Project Sampark Border Roads Organisation BRO on EPC Mode Package-VIII Job No NH-144A-J&K-2022-2023-111,Roads & Highways,morth,Jammu and Kashmir,562.45,71.27,52.4,High,6 months past original date
618801,Construction of New Double Tier 4-lane Elevated Corridor from Chennai Port to Maduravoyal in Chennai District from Km -0342 to Km 20223 Package 1 from Km - 0342 to Km 4604,Roads & Highways,nhai,Tamil Nadu,1388.59,22.8,52.3,High,"2 months past original date; already rescheduled, 2.8y slip declared; only 23% built with planned time exhausted"
400010,"Construction of Terminal Building & Associated works at Leh Airport, Ladakh",Aviation & Aviation Infrastructure,airport authority of india [aai],Ladakh,640.0,88.0,52.3,High,"4.8y past original commissioning date; already rescheduled, 4.8y slip declared; cost already revised +33%"
618982,Talabira II & III OCP - FMC,Coal,nlc india limited [nlcil],Odisha,522.45,74.8,52.3,High,1 months past original date; needs 5.0%/month to hit current date
618800,Construction of New Double Tier 4L Elevated Corridor from Chennai Port to Maduravoyal in Chennai District from km -0.342 to Km 20.593 and Package II from Km 4.604 to Km 9.700,Roads & Highways,nhai,Tamil Nadu,1616.97,18.13,52.2,High,"2 months past original date; already rescheduled, 2.8y slip declared; only 18% built with planned time exhausted"
602181,"TEESTA-VI HE PROJECT, SIKKIM [500 MW], executed by LANCO TEESTA HYDRO POWER LIMITED [A wholly owned Subsidiary of NHPC LTD. acquired through NCLT]",Unknown,national hydroelectric power corporation limited [nhpc],Sikkim,5748.04,73.78,52.2,High,"2.3y past original commissioning date; already rescheduled, 5.5y slip declared"
618065,"Rehabilitation/Upgradation of existing Highway to 2LPS/4 lane of Dhawali to Rajoli from Design Km.149476 to 163476 existing Km.150000 to 164000, Pandhasala to Mohadongri from design Km.170476 to 181476 existing Km.171000 to 182000, Ambeshivni Fata to Bodli from design Km.183476 to 185476 existing Km.184000 to 186000 and Made Tukum to Gadchiroli from design Km.188476 to 189476 existing Km.188000 to 18900 having length 28 km of NH-930 of Dhawali to Gadchroli road in the",Roads & Highways,morth,Maharashtra,316.44,37.2,52.2,High,10 months past original date; needs 7.9%/month to hit current date
619142,Construction of 4-lane connectivity to Banbasa ICP at India Nepal border from NH-09 old NH-125 Sitarganj-Tanakpur at Km 40.00 near Jagbuda bridge under Bharatmala Priyojana of NH-109D on EPC mode in the State of Uttarakhand,Roads & Highways,nhai,Uttarakhand,237.01,75.24,52.2,High,"22 months past original date; spend outruns works by 15pp; already rescheduled, 2.6y slip declared"
701167,AIIMS Kashmir at Awantipora Jammu & Kashmir,Healthcare,pmssy and institute of national importance,Jammu and Kashmir,2570.19,79.0,52.2,High,7 months past original date; cost already revised +41%
705432,Sivok-Rangpo New Rail Line,Railways,indian railway construction international limited [ircon],"Multi-States (Sikkim, West Bengal)",11775.05,80.0,52.1,High,"11.2y past original commissioning date; already rescheduled, 12.6y slip declared; cost already revised +49%"
618202,Construction of 2 lane with paved shoulders Baramulla Bypass Greenfield bypass from existing Ch. Km 47020 to Km 56720 and Design Ch. From 48500 to 62600 Total length 14.100 km on road Srinagar Baramulla Uri NH-01 in the UT of Jammu & Kashmir under Project.Package-III,Roads & Highways,morth,Jammu and Kashmir,992.43,46.8,52.1,High,elevated risk on combined profile
400301,Multi Product Pipeline from Irugur to Devangonthi,Energy Storage,ministryofpetroleumnaturalgas,Tamil Nadu,1732.0,86.4,52.1,High,"9.4y past original commissioning date; already rescheduled, 9.6y slip declared; cost already revised +155%"
705667,Mathura-Jhansi - 3rd line 273.80 km,Railways,cmd / rvnl rvnl mor,"Multi-States (Madhya Pradesh, Rajasthan, Uttar Pradesh)",5960.76,94.0,52.0,High,"2.6y past original commissioning date; already rescheduled, 3.0y slip declared"
705373,Fatuah-Islampur incl. material modification for extension of new line from Neora to Daniawan Daniawan to Biharsharif Biharsharif to Barbigha Barbigha to Sheikhpura,Railways,cao/con/south/mhx ecr mor,Bihar,3259.35,95.0,52.0,High,"3.3y past original commissioning date; already rescheduled, 2.4y slip declared; cost already revised +121%"
705419,Gwalior-Sheorpurkalan with extension to Kota 284 km,Railways,cao/c/ncr ncr mor,Madhya Pradesh,3947.0,91.0,52.0,High,16 months past original date; cost already revised +35%
619106,4 Lane with PS from Des. Ch 182.300 to Des. Ch. 228.500 of Belgaum-Hungund- Raichur Section of NH 748 A Package-5,Roads & Highways,nhai,Karnataka,868.65,40.63,51.9,High,elevated risk on combined profile
616697,3rd & 4 th line Vadlapudi-Gate Jn. incl. tie line between Gangavaram Port- Visakhapatnam Steel Plant12.04 km PB73/2023-24/NR,Railways,cao/c/scor scor mor,Andhra Pradesh,154.28,87.0,51.8,High,1 months past original date
619131,Four Laning of Chettikulam to Natham section of NH-785,Roads & Highways,nhai,Tamil Nadu,823.93,99.75,51.8,High,"5.7y past original commissioning date; already rescheduled, 5.6y slip declared"
618483,Delhi-Amritsar-Katra Expressway Phase-I Pkg-II from Junction with Rohtak-Panipat road NH-709 near Rukhi Paani village to Junction with Jind-Panipat road NH-352A near Gangana village Km 34000 to Km 60800,Roads & Highways,nhai,Haryana,1792.53,99.89,51.7,High,"2.5y past original commissioning date; already rescheduled, 2.5y slip declared; cost already revised +17%"
618368,Improvement and Widening to 2-lane with paved shoulder of road from design Km 36.000 Rangamati to design Km 72.000 Pati Chhari Total length 36.000 Km on Teliamura to Harina section of NH 208 in the state of Tripura on EPC mode under JICA ODA Loan Phase VI Package-3,Roads & Highways,nhidcl,Tripura,670.9,14.7,51.7,High,needs 8.5%/month to hit current date
618709,4L of Left-Over Works of Hospet-Bellary -Karnataka/AP border from Km.280.080 Dec.Ch. to Km.375450Des.Ch. of NH-63 New-67,Roads & Highways,nhai,Karnataka,992.6,92.51,51.6,High,"14 months past original date; already rescheduled, 2.9y slip declared"
619010,Up-gradation to 2 lane with paved shoutders of Pawlrang - Rulchawm section- of NH- 102B of Aizawl - Imphal Economic Corridor from Existing Chainage km 72.030 to km 104.129 including 2.459 km re-alignment section from Tuivai River to Rulchawm connecting km 48.150 of NH-6 [Design Chainage km 68.170 to km 98.579] in the State of Mizoram under Bharatmala Pariyojna on EPC mode under NHO-NE Package-3 Keifang- Tuivai Pkg-3,Roads & Highways,nhidcl,Mizoram,500.88,99.52,51.6,High,14 months past original date
619139,Construction of New Double Tier 4L Elevated Corridor from Chennai Port to Maduravoyal in Chennai District from km -0.342 to Km 20.593 and Package III from Km 9.700 to Km 14.185,Roads & Highways,nhai,Tamil Nadu,1299.36,17.24,51.5,High,"2 months past original date; already rescheduled, 2.8y slip declared; only 17% built with planned time exhausted"
618489,Delhi-Amritsar-Katra Expressway Phase-I Pkg-IX from Junction with Ludhiana-Moga road NH-5 near Mullanpur Dakha to Junction with Jalandhar - Moga road NH-703 near Kang Sahibu village Km 260860 to km 303900,Roads & Highways,nhai,Punjab,2407.14,73.35,51.5,High,"24 months past original date; already rescheduled, 2.7y slip declared; cost already revised +30%"
618810,4L of existing Beas Baba Bakala - Dera Baba Nanak Section from start of Batala Bypass till intersection with Ajnala Gurdaspur Highway NH 354 near Dera Baba Nanak from Km. 31.300 to Km. 69.100 with Additional batala Bypass Pkg-II,Roads & Highways,nhai,Punjab,993.6,80.9,51.5,High,13 months past original date
701599,Mobile connectivity in Left Wing Extremism [LWE] affected areas-Phase2,Telecommunication,department of telecommunications [dot],"Multi-States (Andhra Pradesh, Bihar, Chhattisgarh, Jharkhand, Madhya Pradesh, Maharashtra, Odisha, Telangana, Uttar Pradesh, West Bengal)",604.6,89.98,51.4,High,"3.3y past original commissioning date; already rescheduled, 3.7y slip declared"
618602,6L of Thalikulam to Kodugallur section from km 369.015 to km 397.850 of NH - 66 old NH-17,Roads & Highways,nhai,Kerala,4302.06,95.05,51.4,High,"17 months past original date; already rescheduled, 2.3y slip declared"
606112,Tezpur University Projects,Education,tezpur university,Assam,153.71,97.98,51.3,High,"2.7y past original commissioning date; spend outruns works by 75pp; already rescheduled, 2.1y slip declared"
618448,Construction of 2-Laning with Paved Shoulder of New Greenfield Alignment From Chochenpheri at Km 52000 to Helipad near Menla at Km 82000 of Rhenock-Menla Spur NH-717B Package-IIIA on EPC Basis under SARDP-NE Phase 'A' in the State of Sikkim.,Roads & Highways,nhidcl,Sikkim,786.6,64.31,51.3,High,"2.6y past original commissioning date; already rescheduled, 3.4y slip declared"
705765,Gomoh - Flyover for down trains 20 km,Railways,cao/con/south/mhx ecr mor,Jharkhand,686.03,65.0,51.2,High,4 months past original date
618607,Kottankulangara- Start of Kollam Bypass,Roads & Highways,nhai,Kerala,3680.49,73.89,51.2,High,"21 months past original date; already rescheduled, 2.4y slip declared; cost already revised +29%"
705481,Ramganj Mandi-Bhopal 262 km,Railways,cpm/kota wcr mor,"Multi-States (Madhya Pradesh, Rajasthan)",5074.76,86.0,51.1,High,7 months past original date; cost already revised +67%
618787,"Upgradation to 4L PS from Bhimasar, Junction of NH-41 to Anjar- Bhuj upto Airport Junction from Km 0.000 to Km 65.478 of NH-341",Roads & Highways,nhai,Gujarat,1687.25,96.0,51.0,High,13 months past original date; cost already revised +23%
618601,6L of Kappirikkad to Thalikulam section from km 335.85 to km 369.015 of NH - 66 old NH-17,Roads & Highways,nhai,Kerala,4225.59,95.27,51.0,High,"18 months past original date; already rescheduled, 2.4y slip declared"
702734,Sewerage Management Scheme Part-3 Implementation,Unknown,ministry of housing & urban affairs,Haryana,278.01,88.0,50.9,High,"2.8y past original commissioning date; already rescheduled, 3.0y slip declared; needs 5.9%/month to hit current date"
618371,"Widening/Improvement to 4-Lane with Paved Shoulder configuration of existing single lane road from Srirampur near Bhairiguri Village to Kachukhana Harichara Paglagaunj Package-I of Srirampur - Dhubri Section of NH-127B from existing Km 0.000 to Km 28.050 Design Km 0.000 to Km 27.650, Design Length27.650 Km under JICA ODA Loan assistance Phase-V -Balance work",Roads & Highways,nhidcl,Assam,613.89,89.5,50.9,High,elevated risk on combined profile
705629,Narayangarh - Bhadrak - 3rd line 155 km,Railways,cao/c/ser ser mor,"Multi-States (Odisha, West Bengal)",3425.32,84.0,50.9,High,7 months past original date; cost already revised +43%
618482,Delhi-Amritsar-Katra Expressway Phase-I Pkg-I from Jussur Kheri on NH-KMP Expressway to Junction with Rohtak-Panipat road NH-709 near Rukhi Paani village Km 0000 to Km 34000,Roads & Highways,nhai,Haryana,2429.9,99.91,50.8,High,"2.6y past original commissioning date; already rescheduled, 2.6y slip declared; cost already revised +30%"
709848,MHN TCPP PGC BGC Project [MTPBP],Unknown,oil and natural gas corporation limited [ongc],Offshore,2354.23,95.6,50.7,High,2 months past original date
705496,Tumkur-Chitradurg-Davangere 199.7 km,Railways,caoc/swr swr mor,Karnataka,1801.01,22.0,50.7,High,"7.3y past original commissioning date; spend outruns works by 16pp; already rescheduled, 8.8y slip declared"
705511,Jagdalpur-Koraput 110.22 km,Railways,cao/c/ecor ecor mor,"Multi-States (Chhattisgarh, Odisha)",1547.38,90.0,50.7,High,"2.3y past original commissioning date; already rescheduled, 2.8y slip declared"
618937,4L of Nagpur-Katol Section from Km. 13.00 to Km. 62.900 of NH-353J,Roads & Highways,nhai,Maharashtra,1432.82,81.54,50.6,High,"2.7y past original commissioning date; already rescheduled, 3.4y slip declared; cost already revised +23%"
703586,Baiyyappanahalli-Hosur 48 km,Railways,m.d/kride swr mor,"Multi-States (Karnataka, Tamil Nadu)",1160.0,85.0,50.6,High,19 months past original date; cost already revised +133%
619068,Construction of Greenfield Connectivity to Jewar International Airport from DND- Faridabad-Ballabhgarh Bypass KMP Link - Spur to Delhi Mumbai Expressway,Roads & Highways,nhai,"Multi-States (Haryana, Uttar Pradesh)",3485.77,76.3,50.6,High,13 months past original date; cost already revised +19%
617403,SADULPUR - CHURU DOUBLING PROJECT,Railways,north western railway [nwr],Rajasthan,468.64,95.0,50.6,High,1 months past original date
618228,construction of a new 4 lane Parallel to existing MG Setu with its approaces from km 0.00 to km 14.500 across river Ganga on NH-19 at Patna in the state of Bihar.,Roads & Highways,morth,Bihar,2926.42,75.33,50.5,High,"22 months past original date; already rescheduled, 3.2y slip declared"
618543,4L of twin tube tunnel configuration including approaches from Marog to Digdol from Km.154.210 to Km.158.650 North Bound and from Km.155.940 to Km.160.260 South Bound of Ramban to Banihal Pkg-I of Old NH-1A New NH-44,Roads & Highways,nhai,Jammu and Kashmir,1034.3,30.5,50.4,High,"11 months past original date; already rescheduled, 2.3y slip declared"
619045,Construction of New Double Tier 4L Elevated Corridor from Chennai Port to Maduravoyal in Chennai District from km -0.342 to Km 20.593 and Package IV from Km 14.185 to Km 20.593,Roads & Highways,nhai,Tamil Nadu,1210.21,8.58,50.4,High,"2 months past original date; already rescheduled, 2.8y slip declared; only 9% built with planned time exhausted"
709857,"Planning, Engineering, Supply, Installation, Testing, Commissioning, Integration & Annual Maintenance of 4G mobile network at 1 Lakh sites on PAN India basis including Mumbai & Delhi LSA on turnkey basis under Phase IX.2 Project.",Telecommunication,bsnl,PAN India,24544.55,98.56,50.4,High,13 months past original date
617243,Replacement of Hot Leveller No.1 of Plate Mill at Bhilai Steel Plant,Unknown,steel authority of india limited [sail],Chhattisgarh,198.62,82.79,50.3,High,elevated risk on combined profile
702958,Lucknow Sewerage Management Infrastructure Project,Unknown,ministry of housing & urban affairs,Uttar Pradesh,173.21,95.0,50.2,High,"3.3y past original commissioning date; already rescheduled, 3.4y slip declared; cost already revised +22%"
618495,4/6L Access Control Expressway from Design Chainage Km 515.000 to 528.300 Kunjwani to Sidhra Section of NH-44 and from Design Chainage Km 550.900 to Km 566.520 Domel to Katra Section Phase II-Package XVII,Roads & Highways,nhai,Jammu and Kashmir,2894.74,66.74,50.2,High,"13 months past original date; already rescheduled, 2.4y slip declared"
618479,Bangalore Chennai Expressway Phase-III Package III Arakkonam to Kancheepuram from Km 204.500 to Km 230.000,Roads & Highways,nhai,Tamil Nadu,1525.1,53.56,50.2,High,"24 months past original date; already rescheduled, 3.4y slip declared"
618653,Loha-Waranga Section of NH-361 from km 187.800 to km 244.369,Roads & Highways,nhai,Maharashtra,3466.58,96.22,50.2,High,"5.3y past original commissioning date; already rescheduled, 5.8y slip declared; cost already revised +180%"
705598,Jhansi-Bina - 3rd line 152.57 km,Railways,cao/c/ncr ncr mor,"Multi-States (Madhya Pradesh, Uttar Pradesh)",2001.63,98.0,50.1,High,"4.3y past original commissioning date; already rescheduled, 4.0y slip declared"
400254,Sakri-Hasanpur 79 km,Railways,cao/con/north/mhx ecr mor,Bihar,802.45,80.0,50.1,High,"19 months past original date; already rescheduled, 2.2y slip declared"
606431,CONSTRUCTION OF PERMANENT CAMPUS FOR IIT PALAKKAD UNDER PHASE 1A,Education,indian institute of technology palakkad,Kerala,1217.4,86.5,50.1,High,"4.1y past original commissioning date; already rescheduled, 4.0y slip declared; cost already revised +21%"
709831,SOURCING OF BAUXITE ARRANGEMENT FOR 5TH STREAM ALUMINA REFINERY FROM SOUTH BLOCK MINING LEASE OF PANCHPATMAILI MINES,Unknown,national aluminium company limited [nalco],Odisha,483.0,93.18,50.1,High,14 months past original date
618620,"Additional works 2VUPs, MR-10 junction flyover and underpass in Six lane Indore- Dewas section of NH-52 in the state of Madhya Pradesh on EPC Mode",Roads & Highways,nhai,Madhya Pradesh,211.27,79.72,50.1,High,"24 months past original date; already rescheduled, 2.7y slip declared"
705793,Raising of speed to 160 kmph/200 kmph on existing New Delhi-Mumbai route incl. Vadodara-Ahmedabad,Railways,pce/wr,"Multi-States (Delhi, Gujarat, Madhya Pradesh, Maharashtra, Rajasthan)",8095.12,66.32,50.1,High,2.3y past original commissioning date; spend outruns works by 51pp; cost already revised +19%
618097,Guhagar - Rampur - 2L-PS - km 0/00 Guhagar to 26/230 Rampur and 40/00 Mirjoli to 53/600 Sati on NH-166E,Roads & Highways,morth,Maharashtra,407.2,91.89,50.1,High,"7.1y past original commissioning date; already rescheduled, 6.2y slip declared"
705663,Bangalore-Whitefield-Bangalore City-Krishnarajapuram 23.08 km - Quadrupling,Railways,cpm/gs/sbc swr mor,Karnataka,717.54,70.0,50.1,High,5 months past original date; cost already revised +46%
705513,Koraput-Singapur Road 164.56 km,Railways,cao/c/ecor ecor mor,Odisha,2462.17,56.0,50.0,Medium,spend outruns works by 29pp
619165,Thanamcherla-Jamandlapally 2LPS,Roads & Highways,nhai,Telangana,18.65,100.0,50.0,Medium,"3.4y past original commissioning date; already rescheduled, 3.8y slip declared"
707215,National Maritime Heritage Complex [NMHC] Phase-I,Unknown,indian port rail & ropeway corporation ltd. [iprcl],Gujarat,1238.05,79.87,49.9,Medium,cost already revised +116%
705358,Khurda Road-Bolangir 301 km,Railways,cao/c/ecor ecor mor,Odisha,6221.98,93.0,49.9,Medium,cost already revised +64%
618422,"Construction of 2-lane with hard shoulders of Merangkong-Tamlu-Mon road Wakching Twon portion on EPC basis from existing Chainage Km 59000 to Km 73640 [Design Km. 59000 to Km, 72450] Design length - 13.450 Km under SARDP-NE package-V Balance work",Roads & Highways,nhidcl,Nagaland,161.73,99.75,49.9,Medium,10 months past original date
705608,Jhansi-Khairar-Manikpur & Khirar-Bhimsen,Railways,north central railway,"Multi-States (Madhya Pradesh, Uttar Pradesh)",4330.0,73.0,49.9,Medium,4 months past original date
701127,Construction of New Passenger Terminal Building for Domestic Operations at Jodhpur Airport.,Aviation & Aviation Infrastructure,airport authority of india [aai],Rajasthan,480.0,100.0,49.8,Medium,4 months past original date
618740,4L Greenfield Alignment of Shivrampur to Ramnagar from Km. 55.002 to Km. 109.300 of NH 119 D Pkg-II,Roads & Highways,nhai,Bihar,1546.07,50.8,49.8,Medium,"12 months past original date; already rescheduled, 2.3y slip declared"
701597,Provision of 4G Mobile Services in Uncovered Villages of Arunachal Pradesh and 2 Districts of Assam,Telecommunication,department of telecommunications,"Multi-States (Arunachal Pradesh, Assam)",276.62,99.84,49.7,Medium,"3.2y past original commissioning date; already rescheduled, 3.4y slip declared"
618184,Construction of 2 Lane with paved shoulder from km 55.6 to km 90.7 existing chainages of NH-766C complete Realignment of 13.76 km with 2 major Bridges across Sharavathi Backwaters on EPC mode under Annual Plan 2022-23 in the state of Karnataka NH-766C-KNT-2022-23 dated 14.10.2022,Roads & Highways,morth,Karnataka,313.56,65.0,49.7,Medium,5 months past original date
618906,4L of Amritsar-Ghoman - Tanda - Una Section from Km 8.270 to Km 54.000 of NH- 503A Package-I,Roads & Highways,nhai,Punjab,1443.47,68.9,49.6,Medium,"2.1y past original commissioning date; already rescheduled, 2.7y slip declared; cost already revised +68%"
604852,"Grass-root Terminal at Mirzapur, Uttar Pradesh",Energy Storage,indian oil corporation limited [iocl],Uttar Pradesh,980.45,77.2,49.6,Medium,needs 5.6%/month to hit current date
709864,DCU Revamp Project,Unknown,numaligarh refinery limited,Assam,370.0,80.5,49.6,Medium,"24 months past original date; already rescheduled, 2.7y slip declared"
709750,Laying of new 28 inch Desal Water Pipeline and 10 inch Reject Water Pipeline between CPCL Manali Refinery and CPCL Desalination plant at Ennore,Unknown,chennai petroleum corporation limited [cpcl],Tamil Nadu,205.0,76.9,49.6,Medium,10 months past original date
617413,Mobile connectivity in Left Wing Extremism [LWE] affected areas-Phase 1 Upgradation,Telecommunication,department of telecommunications [dot],"Multi-States (Andhra Pradesh, Bihar, Chhattisgarh, Jharkhand, Madhya Pradesh, Maharashtra, Odisha, Telangana, Uttar Pradesh, West Bengal)",1884.6,99.31,49.5,Medium,14 months past original date
701602,"Provision of 4G based mobile services in 7,287 uncovered villages of 44 Aspirational District across 5 states of Andhra Pradesh, Chhattisgarh, Jharkhand, Maharashtra & Odisha",Telecommunication,department of telecommunications [dot],"Multi-States (Andhra Pradesh, Chhattisgarh, Jharkhand, Maharashtra, Odisha)",1448.61,81.47,49.4,Medium,"2.7y past original commissioning date; already rescheduled, 3.2y slip declared"
706836,Dedicatedtest track for RDSO Phase-2 34 km Umbrella work PB22/2019-20/NR,Railways,caoc/nwr nwr mor,Rajasthan,619.19,98.0,49.4,Medium,cost already revised +33%
618953,Umagaon-Saharsa Package-IV Koshi Bridge & approach Road - Bheja-Bakaur,Roads & Highways,nhai,Bihar,1223.94,92.4,49.4,Medium,"2.9y past original commissioning date; already rescheduled, 3.6y slip declared"
400223,Tiruchchirappalli-Nagore-Karaikal with extension of Nagapattinam-Velankani- Tiruthiraipundi incl. new material modification of Karaikal - Peralam 23 km new line,Railways,caoc/sr sr mor,"Multi-States (Puducherry, Tamil Nadu)",1748.55,80.0,49.4,Medium,"16 months past original date; already rescheduled, 3.0y slip declared; cost already revised +145%"
619184,"Rehabilitation and up-gradation and completion of balance works of the section from Km 107.760 km to 129.445 km After Middle strait to Humphrey, Km 130.600 to 138.300 After Humphrey to Kadamtala of NH-4 Intermediate/2-Lane with hard shoulder in the Union Territory of Andaman & Nicobar Islands on EPC basis Package- IIIA",Roads & Highways,nhidcl,Andaman & Nicobar,376.48,81.95,49.4,Medium,10 months past original date; cost already revised +81%
702665,Construction Bangalore Metro Rail Project Phase-2A & 2B,Unknown,bengaluru metro rail,Karnataka,14788.1,67.5,49.4,Medium,1 months past original date
618896,4L of Sannur to Bikarnakatte section from Km 691.350 to Km 736.362 of NH-169 Karkala - Mangalore Package-III,Roads & Highways,nhai,Karnataka,2038.71,76.1,49.4,Medium,"21 months past original date; already rescheduled, 2.5y slip declared; cost already revised +47%"
400192,Tubed Coal Mine,Coal,damodar valley corporation,Jharkhand,1581.0,37.0,49.3,Medium,2 months past original date; needs 12.5%/month to hit current date
618227,Development to 4/6-lanning of NH-31 New NH-10 with both side service roads from km 569.258 to km 581.030 end of AH-02 project on NH- 31 near Shivmandir to Sevoke Army Cantonment in districts of Darjeeling and Jalpaiguri in the state of West Bengal on EPC Mode Job No. 010/WB/2021-22/490,Roads & Highways,morth,West Bengal,1059.2,74.98,49.3,Medium,10 months past original date
618383,Widening and up-gradation to 2-lane with paved shoulder configuration and geometric improvements from km 339.00 to km 380.00 Siaha on Aizawl-Tuipang section under JICA ODA Loan assistance Phase-I Package-8,Roads & Highways,nhidcl,Mizoram,637.06,99.82,49.2,Medium,"2.8y past original commissioning date; already rescheduled, 2.8y slip declared"
618603,6L of Kodugallur to Edapppally section from km 397.750 to km 423.780 of NH - 66 old NH-17,Roads & Highways,nhai,Kerala,3606.2,71.11,49.2,Medium,"15 months past original date; already rescheduled, 2.1y slip declared"
618704,6L Flyover including RE Wall approaches with Flexible Pavement in the Elephant Corridor of Angul Sambalpur Section of NH-42 New NH-55 Km.202.533,Roads & Highways,nhai,Odisha,106.32,100.0,49.2,Medium,elevated risk on combined profile
618626,Four laning from Dive Ghat Km. 220.900 to Hadapsar Km. 234.150 of Mohol Alandi section Pkg VI of NH-965,Roads & Highways,nhai,Maharashtra,400.0,70.01,49.1,Medium,elevated risk on combined profile
611754,South Central Railway - Rail road over double line between Guntakal West-Mallapa Gate 9.64 km PB34/CR/2023-24,Railways,cao/c/scor scor mor,Andhra Pradesh,293.3,0.0,49.1,Medium,spend outruns works by 31pp
701991,Kalyan Station Precinct Imporvement Project,Unknown,ministry of housing and urban affairs,Maharashtra,723.7,85.0,49.1,Medium,"3.0y past original commissioning date; already rescheduled, 2.9y slip declared; cost already revised +21%"
705752,Gudha-Thathana Mithri - Construction of dedicated test track for testing and trial of rolling stocks and infrastructure components umbrella work PB23/2018-19/NR,Railways,caoc/nwr nwr mor,Rajasthan,540.0,95.0,49.0,Medium,elevated risk on combined profile
709865,Power Recovery Turbine [PRT] in PFCCU unit as an Energy Conservation Scheme,Unknown,numaligarh refinery limited,Assam,293.5,99.0,49.0,Medium,19 months past original date
618177,Pal Phata Phulambri - Khultabad 2LPS,Roads & Highways,morth,Maharashtra,227.19,95.29,49.0,Medium,"6.6y past original commissioning date; already rescheduled, 6.0y slip declared"
619127,4L of Greenfield Alignment from Km. 47.000 to Km. 89.210 of Balbhadarpur to Bela Nawda Section of NH-119D,Roads & Highways,nhai,Bihar,2118.46,30.41,49.0,Medium,"4 months past original date; already rescheduled, 2.0y slip declared"
612140,Transmission Scheme for Integration of Renewable Energy Zone [Phase II] in Koppal II [Phase A&B] and gadag II[Phase A] in Karnataka [POWERGRID KOPPAL GADAG TRANSMISSION LIMITED],Unknown,power grid corporation of india limited [powergrid],Karnataka,4445.0,95.95,48.9,Medium,7 months past original date
602195,Vishnugad Pipalkoti Hydro Electric Project [444 MW],Unknown,thdc india limited,Uttarakhand,6405.08,81.5,48.9,Medium,"3.6y past original commissioning date; already rescheduled, 5.5y slip declared; cost already revised +66%"
705728,Mumbai-Ahmedabad High Speed Rail Project- 508 km,Railways,national high speed rail corporation [nhsrc],"Multi-States (Dadra & Nagar Haveli and Daman & Diu, Gujarat, Maharashtra)",108000.0,62.16,48.9,Medium,"spend outruns works by 22pp; already rescheduled, 2.3y slip declared"
602184,Rammam-III HEPP [3x40 MW],Unknown,national thermal power corporation [ntpc],West Bengal,2865.56,57.86,48.8,Medium,"6.8y past original commissioning date; already rescheduled, 10.0y slip declared; cost already revised +107%"
602185,Tapovan-Vishnugad HEP [4x130 MW],Unknown,national thermal power corporation [ntpc],Uttarakhand,10907.3,76.07,48.8,Medium,"13.3y past original commissioning date; already rescheduled, 16.3y slip declared; cost already revised +266%"
619185,Rehabilitation and up-gradation and completion of balance work of section from Km 155.00 to Km 181.00 End of Jarwa to Rangat of NH -4 Total length 26 Km to Intermediate Lane/2-lane with hard shoulders in the UT of A&N Islands on EPC basis - Package-III.B Balance work,Roads & Highways,nhidcl,Andaman & Nicobar,333.12,50.15,48.8,Medium,9 months past original date; cost already revised +81%; needs 6.2%/month to hit current date
610315,IISER BERHAMPUR,Education,"indian institutes of science education and research, behrampur",Odisha,843.09,98.5,48.7,Medium,"5.3y past original commissioning date; already rescheduled, 5.3y slip declared"
604863,Development of Surface Facilities for production and evacuation of Crude Oil and Natural Gas from Nadua and East Khagorija,Unknown,oil india limited,Assam,726.93,94.4,48.7,Medium,"6.4y past original commissioning date; already rescheduled, 6.8y slip declared"
602593,Luhri Stage-I Hydro Electric Project [210 MW],Unknown,satluj jal vidyut nigam [sjvn] thermal limited,Himachal Pradesh,4345.31,52.13,48.6,Medium,"6 months past original date; already rescheduled, 4.3y slip declared; cost already revised +140%"
602582,Dhaulasidh Hydro Electric Project [66 MW],Unknown,satluj jal vidyut nigam [sjvn] thermal limited,Himachal Pradesh,1763.31,80.69,48.6,Medium,8 months past original date; cost already revised +156%
619092,4L of Jind-Gohana road Package-1 from km. 0.00 to km. 40.601 of NH-352 A under NHO,Roads & Highways,nhai,Haryana,1606.82,99.97,48.6,Medium,"4.0y past original commissioning date; already rescheduled, 4.0y slip declared; cost already revised +62%"
400047,Doubling of Lingaraj SILO connectivity of NTPC line and augmentation of NTPC exchange yard and NTPC Block Cabin.,Railways,east coast railway [ecor] - ii,Odisha,210.0,53.0,48.6,Medium,19 months past original date; needs 9.4%/month to hit current date
705766,Lalitpur - Birari with flyover at Lalitpur 15.80 km,Railways,cao/c/ncr ncr mor,Uttar Pradesh,356.1,85.0,48.6,Medium,19 months past original date; cost already revised +17%
619057,Construction of 4-Lane Badarpur Bypass from Design Chainage km 27300 at crossing with NH-6 Old NH-44 Near Siddeswar Pt.-I Village to Design Chainage km 38600 on NH-37 Old NH-44 at Kandigram Chaita Village on Silchar - Churaibari stretch in the State of Assam on EPC Mode under Bharatmala Pariyojana in Economic Corridors Silchar- Churaibari Pkg-3,Roads & Highways,nhidcl,Assam,574.26,71.09,48.6,Medium,elevated risk on combined profile
612877,Establishment of NIT Puducherry Permanent Campus [Phase-I and Phase-II],Education,"national institute of technology, puducherry",Puducherry,544.34,99.5,48.6,Medium,19 months past original date
705410,Nangal Dam-Talwara 83.74 km - New broad gauge line & taking over siding Mukerian- Talwara 29.16 km,Railways,caoc/nr nr mor,"Multi-States (Himachal Pradesh, Punjab)",4076.15,84.0,48.5,Medium,7 months past original date; cost already revised +102%
701171,AIIMS Bibinagar,Healthcare,pmssy and institute of national importance,Telangana,1365.95,87.58,48.5,Medium,1 months past original date; cost already revised +33%
612894,"Construction of Permanent Campus of Central University of Himachal Pradesh at Dehra, District - Kangra, [H.P.] on Engineering. Procurement and Construction [EPC Mode 1] Basis.",Education,"central university, himachal pradesh",Himachal Pradesh,300.45,86.0,48.5,Medium,20 months past original date; cost already revised +19%
612134,Transmission System for Evacuation of power from Rajasthan REZ Ph-IV [Part-1] [Bikaner Complex] Part A [Bikaner Neemrana Transmission Ltd],Unknown,power grid corporation of india limited [powergrid],Rajasthan,4741.0,79.39,48.4,Medium,7 months past original date
616691,"Upgradation & Extension of ESIC Hospital and Construction of PG Hostel / Staff Housing for ESIC Hospital at Andheri, Mumbai",Healthcare,employee's state insurance company [esic],Maharashtra,260.13,89.0,48.4,Medium,11 months past original date; needs 5.4%/month to hit current date
618365,Widening to 2 Lane with Hard shoulder of Akegwo-Avangkhu section of NH-202K for Package-III Design Chainage 69875 Km to 106816 Km in the State of Nagaland on EPC mode under NHO-NE,Roads & Highways,nhidcl,Nagaland,497.18,85.67,48.4,Medium,5 months past original date
618649,4 Lane with PS from Des. Ch 228.500 to Des. Ch. 273.400 of Belgaum-Hungund- Raichur Section of NH 748 A Package-6,Roads & Highways,nhai,Karnataka,1012.78,53.8,48.4,Medium,elevated risk on combined profile
612916,"Construction of permanent campus of Central University of Gujarat at Village kundhela, Dist. Vadodara, Gujarat.",Education,central university of gujarat,Gujarat,490.63,86.0,48.3,Medium,16 months past original date
619069,Satara Km 725.000 to Pune Km 865.350 of NH - 4 New NH - 48 in Maharashtra,Roads & Highways,nhai,Maharashtra,425.51,99.05,48.3,Medium,"4.2y past original commissioning date; already rescheduled, 4.6y slip declared; cost already revised +18%"
701324,Barauni Refinery Capacity Expansion from 6.0 to 9.0 MMTPA,Unknown,indian oil corporation limited [iocl],Bihar,16724.0,91.8,48.3,Medium,"3.2y past original commissioning date; already rescheduled, 3.7y slip declared; cost already revised +13%"
612789,"Development of additional RESA on either end on Runway 10-28 at Calicut Airport. Construction of embankment with slope protection, drainage system and associated works for additional RESA on either end on Runway 10-28",Aviation & Aviation Infrastructure,airport authority of india [aai],Kerala,484.57,65.8,48.3,Medium,10 months past original date; needs 6.8%/month to hit current date
617914,Upgradation and reconstruction of Shahpura-Dindori Section of NH 45 from Km 103.700 Design to Km 164.580 Design including 3 bypasses Total length 60.88km to Two lane with paved shoulder configuration along with One time improvement in 03 nos of bypassed built-up areas in a total length of 12.341 km in the State of Madhya Pradesh on EPC mode,Roads & Highways,morth,Madhya Pradesh,250.09,41.25,48.3,Medium,7 months past original date; needs 5.3%/month to hit current date
709817,4th line - Dadhapara-Belha 9.2 km PB72/NR/2022-23,Railways,caoc/secr secr mor,"Multi-States (Chhattisgarh, Maharashtra)",169.06,10.0,48.2,Medium,spend outruns works by 29pp; needs 22.3%/month to hit current date
705394,Teteliya-Byrnihat 21.5 km,Railways,cao/c-ii/nfr nfr mor,"Multi-States (Assam, Meghalaya)",1432.14,87.0,48.2,Medium,"14.7y past original commissioning date; already rescheduled, 15.6y slip declared"
618804,Dedicated Port road to Krishnapatnam Port Package-I from Km. 0.000 to Km. 18.000,Roads & Highways,nhai,Andhra Pradesh,341.36,80.19,48.2,Medium,"5.6y past original commissioning date; already rescheduled, 6.2y slip declared"
400261,Patratu Thermal Power Station Expansion Project Phase-I [3x800 MW],Unknown,national thermal power corporation [ntpc],Jharkhand,20302.0,92.0,48.2,Medium,"3.3y past original commissioning date; already rescheduled, 4.1y slip declared"
618426,Construction/Up gradation of Existing road to 2 Lane with Paved Shoulder including Geometric Improvement from Ranipool to Pakyong Balance work from Km 2.000 to 16.167 of NH-717-A on EPC basis under SARDP-NE Phase A in the State of Sikkim,Roads & Highways,nhidcl,Sikkim,380.94,87.03,48.2,Medium,"24 months past original date; already rescheduled, 2.4y slip declared; cost already revised +44%"
619064,Vadodara Mumbai Expressway Talsari to Karvad Phase IB - Pkg X [Km 103.400 to Km 128.000],Roads & Highways,nhai,"Multi-States (Dadra & Nagar Haveli and Daman & Diu, Gujarat, Maharashtra)",2652.24,36.23,48.1,Medium,"2.3y past original commissioning date; already rescheduled, 3.8y slip declared; cost already revised +39%"
400171,2G Ethanol Biorefinery at Bathinda,Unknown,hindustan petroleum corporation limited,Punjab,1421.46,95.9,48.0,Medium,"3.4y past original commissioning date; already rescheduled, 3.8y slip declared"
618635,6L of Pondavakkam to Kannigaipair from km 96.040 to km 116.100 of NH 716B Pkg- IV,Roads & Highways,nhai,Tamil Nadu,1359.81,44.53,48.0,Medium,"18 months past original date; already rescheduled, 2.9y slip declared"
618597,6L of Azhiyur-Vengalam from km. 189.200 to km. 230.400 of NH-66,Roads & Highways,nhai,Kerala,3898.46,60.07,48.0,Medium,"24 months past original date; already rescheduled, 3.7y slip declared; cost already revised +22%"
701170,AIIMS Rajkot,Healthcare,pmssy and institute of national importance,Gujarat,1195.0,94.0,48.0,Medium,4 months past original date
702760,Belgavi Improvement in Sewerage System Project,Unknown,ministry of housing & urban affairs,Karnataka,162.73,80.0,47.9,Medium,"3.0y past original commissioning date; already rescheduled, 2.9y slip declared"
612096,Construction of Balurghat-Hilli new BG Line,Railways,northeast frontier railway [nfr],West Bengal,1181.57,18.0,47.9,Medium,spend outruns works by 26pp; needs 10.3%/month to hit current date
701598,Provision of 4G based Mobile Services in Uncovered Villages and National Highways of Meghalaya,Telecommunication,department of telecommunications,Meghalaya,180.46,99.84,47.8,Medium,"4.3y past original commissioning date; already rescheduled, 4.3y slip declared"
618218,Rehabilitation & upgradation of existing road to 2-lane with hard shoulder from Joshimath km 0.00 to Saraithota km 29.725 road on NH-107B under Bharatmala Pariyojna on EPC mode in the state of Uttarakhand,Roads & Highways,morth,Uttarakhand,338.38,80.0,47.8,Medium,14 months past original date
618991,200 MW SPP part of 510 MW CPSU scheme,Unknown,nlc india limited [nlcil],Gujarat,1221.41,0.0,47.8,Medium,needs 19.9%/month to hit current date
618193,Widening of Existing Road to Two Lane with Paved Shoulder Configuration from Km 0.00 to 26.000 & Km 45.200 To 59.622 Of NH 365BB in the State of Andhra Pradesh Under Annual Plan 2023-24 through EPC Mode,Roads & Highways,morth,Andhra Pradesh,368.63,45.62,47.8,Medium,needs 10.8%/month to hit current date
701593,4G Services by BSNL,Telecommunication,department of telecommunications [dot],PAN India,19592.0,98.56,47.7,Medium,2.3y past original commissioning date
618091,Widening to two lane with paved shoulders from Km 0/000 to Km 45/946 of Nizampet- Narayankhed-bidar section of NH-161B in the state of Telangana under Annual Plan 2021-22 on EPC mode under NHO,Roads & Highways,morth,Telangana,512.98,46.0,47.7,Medium,5 months past original date; needs 6.8%/month to hit current date
609019,"HEFA projects on development of student hostels, playgrounds, departmental buildings, class room complex and other campus facilities in IIT Kharagpur",Education,"indian institute of technology, kharagpur",West Bengal,442.0,97.0,47.7,Medium,"3.3y past original commissioning date; already rescheduled, 3.8y slip declared"
618366,Widening to 2 Lane with Hard shoulder of Akegwo-Avangkhu section of NH-202K for Package-II Design Chainage 34795 Km to 69875 Km in the State of Nagaland on EPC mode under NHO-NE,Roads & Highways,nhidcl,Nagaland,442.54,58.5,47.6,Medium,5 months past original date
611961,Construction of IIT Bhubaneswar -Phase III,Education,"indian institute of technology, bhubaneshwar",Odisha,454.27,10.45,47.6,Medium,needs 22.2%/month to hit current date
702699,Muzaffarpur Storm Water Drainage Phase-I Project,Unknown,ministry of housing & urban affairs,Bihar,158.78,85.0,47.4,Medium,"2.7y past original commissioning date; already rescheduled, 2.7y slip declared"
400273,"Tarakeswar-Bishnupur with extension upto Dhaniakhali, Arambagh-Irphala, Irphala- Ghatal 11.2 km, Arambagh-Champadanga 23.3 km & Bishnupur-Uparsol 31.8 km and new material modification for Mynapur-Kamarpukur via Birsha 19 km",Railways,caoc/er er mor,West Bengal,1878.82,75.0,47.4,Medium,"7.3y past original commissioning date; already rescheduled, 6.9y slip declared; cost already revised +58%"
618182,Widening to Two lane with paved shoulders from 106/830 to 158/496 of Yellareddy- Rudrur Section of NH-765D in the state of Telangana on EPC mode under NHO under Annual plan 2022-23,Roads & Highways,morth,Telangana,499.88,68.9,47.4,Medium,elevated risk on combined profile
618675,Development of 6L of Basanwahi Marangpuri Section from km 99.500 to km 124.661 of NH-130-CD,Roads & Highways,nhai,Chhattisgarh,1303.63,70.73,47.4,Medium,9 months past original date
707229,"Integrated Command control Center [ICCC] - Construction and Development of Integrated Command Control Center with Security, Surveillance, ITMS, Connecting Port, Ship Service, Smart Solid Waste Management, Smart Public Transport System",Unknown,ministry of housing and urban affairs,Andaman & Nicobar,230.0,97.0,47.3,Medium,"3.2y past original commissioning date; already rescheduled, 2.4y slip declared"
611917,Poly Butadiene Rubber plant at Panipat,Unknown,indian oil corporation limited [iocl],Haryana,2531.44,90.1,47.3,Medium,16 months past original date; cost already revised +74%
617947,Arawali Kante section of NH-17New NH-66 4L PS from Km.241/300 to 281/300,Roads & Highways,morth,Maharashtra,1443.09,80.06,47.3,Medium,"6.7y past original commissioning date; already rescheduled, 6.3y slip declared; cost already revised +43%"
618596,6L of Taliparamba to Muzhappilangad from Km 134.650 to Km 170.6 of NH-66,Roads & Highways,nhai,Kerala,3557.65,83.7,47.2,Medium,"2.2y past original commissioning date; already rescheduled, 3.7y slip declared; cost already revised +31%"
706718,C/o NITB Imphal Airport,Aviation & Aviation Infrastructure,airport authority of india [aai],Manipur,499.0,53.14,47.2,Medium,"24 months past original date; already rescheduled, 2.4y slip declared; needs 9.3%/month to hit current date"
618920,Access Controlled Highway of 4 Lane with Paved Shoulders from TN/AP Border Design Chainage Km 6151 to Puttur Design Chainage Km 81540 of NH-716 & 6 Lane with Paved Shoulders from Mallavaram to Renigunta,Roads & Highways,nhai,Andhra Pradesh,1260.37,42.48,47.1,Medium,needs 7.2%/month to hit current date
701228,Kochi - Koottanad - Bangalore - Mangalore Pipeline Phase-II,Unknown,gas authority of india limited [gail],Tamil Nadu,5909.0,97.4,47.1,Medium,"13.6y past original commissioning date; already rescheduled, 13.8y slip declared; cost already revised +103%"
400220,Kharsia-Dharamjaygarh with Spur line [East Corridor-Phase 1],Railways,indian railway construction international limited [ircon],Chhattisgarh,3798.06,95.15,47.0,Medium,"7.8y past original commissioning date; already rescheduled, 8.3y slip declared; cost already revised +24%"
702810,Singrauli Sewerage Management and Treatment Infrastructure Project,Unknown,ministry of housing & urban affairs,Madhya Pradesh,438.1,90.0,47.0,Medium,"3.3y past original commissioning date; already rescheduled, 3.3y slip declared"
618617,6L Amritsar-Bathinda Greenfield section from village Tiba on NE-5A to Jn. with Moga Jalandhar road NH-703 near Dharamkot from km 0.000 to km 39.000 of NH-754A Pkg-1,Roads & Highways,nhai,Punjab,1549.32,72.41,47.0,Medium,"20 months past original date; already rescheduled, 3.1y slip declared; cost already revised +26%"
706775,BharatNet,Telecommunication,department of telecommunications [dot],PAN India,12709.0,99.98,46.9,Medium,2.9y past original commissioning date; spend outruns works by 284pp
615343,Provision of Dynamic Reactive Compensation at Khavda pooling Station 1 [KPS1] and Khavda Pooling station 3 [KPS3],Unknown,power grid corporation of india limited [powergrid],Gujarat,501.0,8.67,46.9,Medium,needs 22.6%/month to hit current date
618317,4-Laning of chhimluang-Kolasib from section pkg-4 of NH-306 & NH-6 existing chainage km 59700 to km 86000 design chainage km 61000 to km 77500 on Silchar- vairengte-sairang road in the state of Mizoram under Bharatmala Pariyojna on EPC mode Vairengte - Sairang Pkg-4,Roads & Highways,nhidcl,Mizoram,561.91,17.12,46.9,Medium,spend outruns works by 23pp; needs 16.5%/month to hit current date
618174,Rehabilitation and Upgradation to two lane with paved shoulder configuration of NH- 752G from Sakri to Pimpalner Section Design Ch km 0000 to Ch km 21411 in the state of Maharashtra on EPC Mode. Length 21.411 km.,Roads & Highways,morth,Maharashtra,226.58,100.0,46.8,Medium,elevated risk on combined profile
619138,Yekkambi-Haveri,Roads & Highways,nhai,Karnataka,309.9,24.7,46.7,Medium,"2.3y past original commissioning date; already rescheduled, 3.9y slip declared; only 25% built with planned time exhausted"
705512,Kottavalasa-Koraput 189.278 km,Railways,cao/c/ecor ecor mor,"Multi-States (Andhra Pradesh, Odisha)",3580.41,74.0,46.7,Medium,"4.3y past original commissioning date; already rescheduled, 6.0y slip declared; cost already revised +43%"
618316,4-Laning of Vairengte - Chhimluang section Package-3 of NH-306 from Existing Chainage km 43000 to Km 59700 Design Chainage km 46000 to km 60850 on Silchar - Vairengte- Sairang road in the State of Mizoram under Bharatmala Pariyojna under NHO-NE. Package-1&2 in Assam state,Roads & Highways,nhidcl,Mizoram,491.39,17.86,46.6,Medium,spend outruns works by 31pp; needs 16.3%/month to hit current date
604795,CBR 9 MMTPA Project,Unknown,chennai petroleum corporation limited [cpcl],Tamil Nadu,36354.0,10.2,46.6,Medium,13 months past original date; cost already revised +15%; only 10% built with planned time exhausted
705359,Talcher-Bimlagarh 154 km,Railways,cao/c/ecor ecor mor,Odisha,4546.84,56.0,46.6,Medium,"16 months past original date; already rescheduled, 4.0y slip declared; cost already revised +136%"
619181,Rehabilitation and Up gradation from 4 to 8 laning of Chandikhole Paradip Section of NH-53 Old NH 5A from Km.60.000 to Km.76.646 Package-4,Roads & Highways,nhai,Odisha,1009.92,36.02,46.6,Medium,cost already revised +14%
400275,Tindivanam-Nagari 179.2 km,Railways,caoc/sr sr mor,"Multi-States (Andhra Pradesh, Tamil Nadu)",3631.34,16.0,46.6,Medium,"9.8y past original commissioning date; spend outruns works by 16pp; already rescheduled, 11.5y slip declared"
618944,Hyderabad - Maneguda,Roads & Highways,nhai,Telangana,1218.49,24.2,46.5,Medium,cost already revised +27%; needs 7.6%/month to hit current date
701570,"Replacement and revamping of pipeline projects in oil jetty area, Kandla",Unknown,deendayal port trust [dpt],Gujarat,211.61,92.0,46.5,Medium,2.8y past original commissioning date; cost already revised +24%
615861,Indaram Opencast Project,Coal,singareni collieries company limited [sccl],Telangana,424.81,81.0,46.4,Medium,16 months past original date; spend outruns works by 15pp
611602,"Modernization of Chennai Airport, Phase II, Part 2",Aviation & Aviation Infrastructure,airport authority of india [aai],Tamil Nadu,1207.0,46.0,46.4,Medium,12 months past original date; needs 10.7%/month to hit current date
618364,"Widening to 2 Lane with Hard shoulder of Akegwo-Avangkhu section of NH-202K for Package-I Design Chainage 0000 Km to 34795 Km, in the State of Nagaland on EPC mode under NH O-NE",Roads & Highways,nhidcl,Nagaland,430.24,87.0,46.4,Medium,5 months past original date
617269,Transmission System for Strengthening to facilitate evacuation of power from Bhadla/Bikaner Complex,Unknown,power grid corporation of india limited [powergrid],Uttar Pradesh,212.81,12.07,46.4,Medium,1 months past original date; only 12% built with planned time exhausted; needs 17.5%/month to hit current date
709832,25.5 MW WIND POWER PROJECT AT KAYATHAR IN TAMILNADU,Unknown,national aluminium company limited [nalco],Tamil Nadu,166.0,70.0,46.4,Medium,16 months past original date
617979,"Rehabilitation, upgradation & widening of existing highway to 2L/4LPS Rigid Pavement of NH 160 section- Phaltan to Mhaisal near Karnataka Border including Tasgaon Bypass, from existing chainage Km 301/430 to Km 458/415 in the State of Maharashtra. Package-I starting from existing chainage Km 301/430 at Phaltan Village Junction of Phaltan Baramati Road Design Chainage -301/430km & ending at existing chainage Km 341/300 Dahiwadi Village Bus Stop Design chainage Km 340466km in the S",Roads & Highways,morth,Maharashtra,533.76,74.29,46.4,Medium,needs 6.4%/month to hit current date
705772,Mughalsarai - Allahabad - 3rd line 150 km,Railways,cao/c/ncr ncr mor,Uttar Pradesh,2649.44,77.0,46.4,Medium,elevated risk on combined profile
618146,Estimate for Improvement to two lane with paved shoulder from Ramnagar to Roseda from km 3.500 to 43.000 of NH 527 E on EPC mode in State of Bihar,Roads & Highways,morth,Bihar,495.16,39.0,46.4,Medium,3 months past original date; needs 6.8%/month to hit current date
709849,PRP-VIII Group B [NH & BS Asset],Unknown,oil and natural gas corporation limited [ongc],Offshore,3348.6,98.7,46.3,Medium,5 months past original date; cost already revised +31%
618319,"4-Laning of Sethawn - N. Kawnpui section Package-6 of NH-6 from Existing Chainage km 107850 to km 126315 Design Chainage km 95500 to km 111850 on Silchar- Vairengte- Sairang road, Vairengte - Sairang Pkg-6",Roads & Highways,nhidcl,Mizoram,595.65,6.72,46.3,Medium,spend outruns works by 25pp; needs 18.6%/month to hit current date
613808,MURAIDIH UG PROJECT,Coal,bccl - cil,Jharkhand,339.87,70.47,46.2,Medium,"12.2y past original commissioning date; already rescheduled, 12.7y slip declared; needs 5.9%/month to hit current date"
705453,"Dahod-Indore via Sardarpur, Jhabua & Dhar 200.97 km incl. material modification for change in alignment via Amjhera 4.82 km",Railways,caocwr wr mor,"Multi-States (Gujarat, Madhya Pradesh)",9217.23,57.0,46.2,Medium,cost already revised +1921%; needs 6.1%/month to hit current date
705639,Ernakulam-Kumbalam - Patch doubling 7.71 km,Railways,cao/cn/ers sr mor,Kerala,827.5,25.0,46.2,Medium,cost already revised +38%; needs 10.6%/month to hit current date
618307,Rehabilitation and up-gradation of road from km 16.077 to km 43.935 total length 27.858 km of Lalchara-Kanchanpur section via Shivbari on NH-44A to 2 lane with paved shoulder in the state of Tripura on EPC Mode Pkg-2 under BharatMala Pariyojana Manu-Simlung -2,Roads & Highways,nhidcl,Tripura,456.88,54.56,46.2,Medium,18 months past original date
617836,Coke Drum Structure Package,Unknown,numaligarh refinery limited,Assam,635.28,72.0,46.2,Medium,7 months past original date
618385,Rehabilitation and up-gradation of road from design km 25.250 to km 36.460 Total lengh 11.210 km of Kailashahar-Kurti Bridge section on NH-208A to 2-lane with paved shoulder on EPC basis under NHO Package-III- Balance Work,Roads & Highways,nhidcl,Tripura,174.43,53.14,46.1,Medium,4 months past original date
617251,Revamping of Air Pollution Control Systems of SP-1 at Durgapur Steel Plant,Unknown,steel authority of india limited [sail],West Bengal,196.4,34.58,46.1,Medium,2 months past original date; needs 13.0%/month to hit current date
701766,Green Building Development Project,Unknown,ministry of housing and urban affairs,Uttarakhand,206.0,40.3,46.1,Medium,"2.7y past original commissioning date; already rescheduled, 3.1y slip declared; cost already revised +36%"
705366,Hajipur-Sagauli via Vaishali 148.3 km,Railways,cao/con/north/mhx ecr mor,Bihar,3991.33,74.0,46.1,Medium,"6.3y past original commissioning date; already rescheduled, 7.3y slip declared; cost already revised +93%"
602096,Subansiri Lower HE Project [2000 MW],Unknown,national hydroelectric power corporation limited [nhpc],"Multi-States (Arunachal Pradesh, Assam)",26075.54,97.98,46.1,Medium,"15.8y past original commissioning date; already rescheduled, 16.5y slip declared; cost already revised +315%"
705490,Gadag - Wadi 252 km,Railways,caoc/swr swr mor,Karnataka,3668.17,35.0,46.1,Medium,spend outruns works by 26pp; cost already revised +29%
618591,"Construction of 6-lane flyover at Ainthapali junction and a 2-lane ROB LHS on NH-53 Earlier NH-6 in Sambalpur, on EPC mode in Odisha under NHO",Roads & Highways,nhai,Odisha,211.74,54.2,46.1,Medium,needs 9.1%/month to hit current date
617886,Widening of existing Single lane / Intermediate lane road to 2 lane from Km 101 to Km 125 of NH 61,Roads & Highways,morth,Nagaland,252.2,44.46,46.1,Medium,1 months past original date; needs 6.2%/month to hit current date
618416,"Improvement of existing road to 2 laning with Hard Shoulders of Maram -Peren section Package-1A, length- 22.340Km from Design Chainage 0.000 km to 22.340 km on NH-129A in the State of Manipur on EPC mode",Roads & Highways,nhidcl,Manipur,226.32,75.08,46.0,Medium,"3.6y past original commissioning date; already rescheduled, 4.2y slip declared"
705777,Bhandai - Flyover for Etawah bound down trains 10 km,Railways,cao/c/ncr ncr mor,Uttar Pradesh,250.18,11.0,46.0,Medium,5 months past original date; spend outruns works by 48pp; only 11% built with planned time exhausted
612898,Construction of Permanent Campus of National Institute of Technology Arunachal Pradesh,Education,"national institute of technology, arunachal pradesh",Arunachal Pradesh,592.61,80.0,46.0,Medium,elevated risk on combined profile
702793,Indore Water Supply Infrastructure Project,Unknown,ministry of housing & urban affairs,Madhya Pradesh,287.17,99.0,45.9,Medium,"3.3y past original commissioning date; already rescheduled, 3.3y slip declared"
619207,Start of Kollam Bypass - Kadambattukonam,Roads & Highways,nhai,Kerala,3309.06,81.8,45.9,Medium,"16 months past original date; already rescheduled, 2.3y slip declared; cost already revised +25%"
707045,Establishment of new GMC Mahasamund,Healthcare,"medical education, ministry of health and family welfare",Chhattisgarh,325.0,84.0,45.8,Medium,2 months past original date
616950,PRP-VIII [Group-A],Unknown,oil and natural gas corporation limited [ongc],Offshore,1486.4,60.2,45.8,Medium,5 months past original date
612883,Establishment of Permanent Campus of NIT SIkkim at Khamdong-Gangtok District,Education,nit sikkim,Sikkim,610.76,38.0,45.8,Medium,needs 12.3%/month to hit current date
702742,SAAP-3 Water Supply Infrastructure SAAP-3 Project,Unknown,ministry of housing & urban affairs,Jharkhand,159.31,67.0,45.7,Medium,"2.7y past original commissioning date; already rescheduled, 2.7y slip declared"
618879,Rehabilitation and Upgradation to 2L PS configuration & Strengthening of Padhar to Bijni section from Km 180.000 to Km 202.815 of NH-154 Pkg-VA,Roads & Highways,nhai,Himachal Pradesh,930.86,99.86,45.7,Medium,elevated risk on combined profile
709747,Bagodara Solar Power Project,Unknown,satluj jal vidyut nigam [sjvn] thermal limited,Gujarat,339.35,51.86,45.7,Medium,7 months past original date; spend outruns works by 57pp
613002,Redevelopment of Chennai Egmore Station,Railways,ministry of railways,Tamil Nadu,842.0,0.0,45.7,Medium,4 months past original date; spend outruns works by 40pp; only 0% built with planned time exhausted
617905,Construction of 4 lane ROB with approaches in lieu of LC No. RV-172 at km 176.00 of NH-201 present NH-26 at Kesinga including land acquisition in the state of Odisha on EPC mode under Annual Plan 2021-22,Roads & Highways,morth,Odisha,324.09,78.0,45.7,Medium,14 months past original date
705783,Ludhiana-Kila Raipur 19 km with freight line at Gill station,Railways,caoc/nr nr mor,Punjab,260.33,70.0,45.7,Medium,16 months past original date
618809,4L of Beas-Mehta-Batala-Dera Baba Nanak from intersection with Jalandhar-Amritsar Highway NH-3 near Beas till start of Batala Bypass near Village Acchhal from Km. 0.000 to Km. 31.300 Pkg-1,Roads & Highways,nhai,Punjab,966.99,68.2,45.7,Medium,13 months past original date; cost already revised +19%
618492,Delhi-Amritsar-Katra Expressway Phase-I Pkg-XII from Junction with Amritsar-Mehta- SriHargobindpur-Tanda road NH-503A near SriHargobindpur to Junction with Pathankot-Gurdaspur road NH-54 near Gurdaspur Km 362420 to km 397700,Roads & Highways,nhai,Punjab,1538.47,27.6,45.7,Medium,spend outruns works by 23pp; needs 6.6%/month to hit current date
705567,Burhwal - Gonda - 3rd line 61.72 km,Railways,caoc/ner ner mor,Uttar Pradesh,1307.62,100.0,45.6,Medium,16 months past original date; cost already revised +29%
701289,Capacity Expansion of Panipat Refinery from 15 to 25 MMTPA,Unknown,indian oil corporation limited [iocl],Haryana,36225.0,94.3,45.6,Medium,"22 months past original date; already rescheduled, 2.2y slip declared"
619099,6L Amritsar-Bathinda Greenfield section from Jn. with Moga Jalandhar road NH-703 near Dharamkot to Jn. with Bhagta Bhai Ka-Bhadaur Road near Dyalpura Bhai Ka from km 39.000 to km 93.000 of NH-754A Pkg-2,Roads & Highways,nhai,Punjab,2172.71,66.53,45.5,Medium,1 months past original date; cost already revised +21%
618618,6L Amritsar-Bathinda Greenfield section from Jn. with Bhagta Bhai Ka-Bhadaur Road near Dyalpura Bhai Ka to Jn. with Mandi Dabwali Bathinda Road on NH-54 near Sangat Kalan from km 93.000 to km 154.866 of NH-754A Pkg-3,Roads & Highways,nhai,Punjab,2677.23,74.0,45.5,Medium,1 months past original date; cost already revised +32%
705392,Dimapur-Kohima 88 km,Railways,cao/c-1/nfr nfr mor,"Multi-States (Assam, Nagaland)",15310.23,45.0,45.5,Medium,"16 months past original date; already rescheduled, 4.8y slip declared; cost already revised +130%"
618000,Widening to 2-Lane with Paved Shoulders from Km 116.800 to 149.070Design Changes on Hosadurga - Holalkere Section of NH-173 in the State of Karnataka on EPC mode under Annual Plan 2021-22 Job no. NH-173-KNT-2021-22-946,Roads & Highways,morth,Karnataka,147.39,100.0,45.4,Medium,"2.4y past original commissioning date; already rescheduled, 2.3y slip declared"
618921,4L of Kathlighat to Shakral Village from Km 128.835 to Km 146.300 of NH- 5 Shimla Bypass - Pkg I,Roads & Highways,nhai,Himachal Pradesh,2648.8,64.2,45.4,Medium,3 months past original date; cost already revised +55%
702746,Augmentation and Strenghthning of Urban Water Supply Phase 1 - SAAP 3,Unknown,ministry of housing & urban affairs,Jharkhand,278.28,81.0,45.4,Medium,"3.3y past original commissioning date; already rescheduled, 3.3y slip declared"
618209,Construction & up gradation of existing road to 2-Lane with paved shoulder from existing chainage km 468000 to km 489350 Design Chainage km 465150 to km 471500 of NH-07 Old NH-58 including Joshimath bypass on EPC mode in the state of Uttarakhand Length 6.35 km,Roads & Highways,morth,Uttarakhand,258.85,37.23,45.4,Medium,10 months past original date
400167,Redevelopment of Santhal Field [Onshore-Mehsana Asset],Unknown,oil and natural gas corporation limited [ongc],Gujarat,1162.56,96.8,45.2,Medium,4 months past original date
619206,6L of Perole Nileshwar town to Taliparamba from Km 94.248 to Km 134.650 of NH-66,Roads & Highways,nhai,Kerala,3867.66,86.65,45.2,Medium,"2.5y past original commissioning date; already rescheduled, 3.2y slip declared; cost already revised +27%"
705785,Lodhma-Piska - Link line bypassing Hatia / Ranchi with Y connection 17.2 km,Railways,cao/c/ser ser mor,Jharkhand,472.5,14.0,45.1,Medium,1 months past original date; spend outruns works by 59pp; only 14% built with planned time exhausted
702632,DMRTS Phase - IV [3 Priority Corridors],Unknown,delhi metro rail corporation limited [dmrc],Delhi,24948.65,83.46,45.1,Medium,16 months past original date
400141,Expansion of Alumina Refinery Plant with addition of 5th Stream having capacity enhancement of 1.0 Million Tonee Per Annum,Unknown,national aluminium company limited [nalco],Odisha,5677.4,95.64,45.1,Medium,"3.6y past original commissioning date; already rescheduled, 3.5y slip declared; cost already revised +38%"
612885,Construction and Developement of National Institute of Technology Meghalaya Permanent Campus at Sohra,Education,"national institute of technology, meghalaya",Meghalaya,429.7,97.5,45.1,Medium,"4.3y past original commissioning date; already rescheduled, 4.6y slip declared"
619042,"Construction of six lane Flyover at Katraj junction at Km, 3/880 of NH 548-DD Vadgaon - Katraj - Kondhwa - Mantarwadi Chowk - Loni Kalbhor - Theur Phata - Lonikand Road in Pune Dist of the State of Maharashtra. On Engineering Procurement and construction EPC Basis mode L.1.326 Km,",Roads & Highways,morth,Maharashtra,163.51,83.19,45.1,Medium,5 months past original date
400416,Shivpur-Kathautia New Rail [BG] Line [49 km] [Package II of Tori-Shivpur-Kathautia line],Unknown,ministry of coal,Jharkhand,2564.34,72.0,45.1,Medium,13 months past original date; cost already revised +42%
705480,"Lalitpur-Satna, Rewa-Singrauli & Mahoba-Khajuraho 541 km",Railways,ce/c-4/wcr wcr mor,"Multi-States (Madhya Pradesh, Uttar Pradesh)",8913.94,73.0,45.1,Medium,elevated risk on combined profile
617902,construction or By-pass road on NH-26 for Nabrangpur Town,Roads & Highways,morth,Odisha,168.95,38.0,45.1,Medium,needs 12.3%/month to hit current date
618552,Development of 6L Greenfield Jalandhar Bypass starting from Kahlwan NH-03 ending at Kang Sahbu NH-703 via Sarmastpur NH-44 - Madara NH-03 - Khajurla NH-44,Roads & Highways,nhai,Punjab,2167.39,56.7,45.1,Medium,"18 months past original date; already rescheduled, 2.4y slip declared; cost already revised +24%"
617946,Kashedi to Parshuram Ghat section of NH-66 from Km 161/600 - Km 205/400 - 4L PS,Roads & Highways,morth,Maharashtra,1142.62,97.5,45.0,Medium,"6.4y past original commissioning date; already rescheduled, 5.8y slip declared"
611751,Aurangabad-Ankai 98.25 km,Railways,caocon/scr scr mor,Maharashtra,960.64,0.0,45.0,Medium,7 months past original date; spend outruns works by 40pp; only 0% built with planned time exhausted
617913,6-laning of km 9.900 to km 19/948 Aramgarh to Shamshabad Section of Hyderabad- Bangalore section of NH-44 Under NHO EPC basis in the state of Telangana,Roads & Highways,morth,Telangana,300.7,92.62,45.0,Medium,"6.2y past original commissioning date; spend outruns works by 67pp; already rescheduled, 6.1y slip declared"
612132,Transmission Scheme for Evacuation of power from REZ in Rajasthan [20 GW] under Phase-III Part D Phase I [Sikar Khetri Transmission Ltd],Unknown,power grid corporation of india limited [powergrid],"Multi-States (Delhi, Haryana, Rajasthan)",2423.0,92.47,45.0,Medium,11 months past original date
615857,Naini Coal Mine,Coal,singareni collieries company limited [sccl],Odisha,494.3,80.0,45.0,Medium,4 months past original date; spend outruns works by 19pp
618522,Balance Works for six laning of Sriperumbudur to karaipettai section of NH-4 New NH- 48 from 37000 Existing Km 37000 to Km 71015 Existing Km 71000 in Tamilnadu on EPC mode underNHDP Phase-V,Roads & Highways,nhai,Tamil Nadu,411.16,38.26,44.9,Medium,needs 7.7%/month to hit current date
618942,Balance work of 2L PS from Km 30.800 to Km 70.800 and 2L with Rigid Carriageway from Km 70.800 to km 84.120 of Khanapur- KA/GOA Border section of NH-4A,Roads & Highways,nhai,"Multi-States (Goa, Karnataka)",149.44,84.7,44.9,Medium,"2.2y past original commissioning date; already rescheduled, 2.8y slip declared"
702741,Dhanbad Water Supply Infrastructure Project,Unknown,ministry of housing & urban affairs,Jharkhand,216.55,76.0,44.7,Medium,"3.3y past original commissioning date; already rescheduled, 3.3y slip declared"
619161,Access Controlled Highway of 4 Lane with Paved Shoulders from Tiruvallur Design Chainage Km 1756 to TN/AP Broder Design Chainage Km 6151 of NH-716 Chennai- Tirupati Package-1,Roads & Highways,nhai,Tamil Nadu,1247.7,46.31,44.7,Medium,needs 6.7%/month to hit current date
618204,Construction of realignment between Pandrass- Pashkyun Total length 27.10 km on road Zozila-Kargil -Leh NH-1 to 2 lane specifications i.e. Drass alignment 9.30 km Kharboo realignment 6.30 km & Kargil alignment 11.50 km under project Vijayak BRO in the UT of Ladakh on EPC Mode,Roads & Highways,morth,Jammu and Kashmir,426.15,54.89,44.7,Medium,"13 months past original date; already rescheduled, 2.1y slip declared"
617989,Construction of Major Bridge at Km.180.865 across river Krishna on NH 167 Hagari Jadcherla section,Roads & Highways,morth,Karnataka,187.61,69.0,44.6,Medium,"4.7y past original commissioning date; already rescheduled, 5.4y slip declared; cost already revised +19%"
604791,Numaligarh Refinery Expansion Project,Unknown,numaligarh refinery limited,Assam,25313.0,87.0,44.6,Medium,"24 months past original date; already rescheduled, 2.7y slip declared; cost already revised +105%"
701330,Mehsana-Bhatinda & Bhatinda-Jammu Natural Gas Pipeline,Unknown,indian oil corporation limited [iocl],Rajasthan,7392.0,90.2,44.4,Medium,2.1y past original commissioning date
547243,BharatNet Phase-II,Telecommunication,department of telecommunications,PAN India,22174.56,93.33,44.4,Medium,3.2y past original commissioning date
705457,Ratlam-Mhow-Khandwa-Akola 472.64 km including material modification for Fatehabad-Chandrawati Ganj-Ujjain 22.96 km and Rau-DADN doubling 9.40 km,Railways,caocwr wr mor,"Multi-States (Madhya Pradesh, Maharashtra)",13314.47,75.0,44.3,Medium,cost already revised +704%
618914,"4L Elevated Corridor and at-grade improvements from Design Ch0000 to Design Ch 19870 of Danapur Bihta Section, Design Ch0000 to Design Ch0231 connecting the existing RoB near Danapur station ,1.35 Km ramps and at-grade improvements to 4- lane section on Danapur side and Upgradation of existing Two lane carriageway to Four Lane carriageway from Design Ch19870 to Design Ch23500 of Bihta - Koilwar section",Roads & Highways,nhai,Bihar,2625.4,63.91,44.3,Medium,elevated risk on combined profile
706989,Establishment of new GMC West Garo Hills [Tura],Healthcare,"medical education, ministry of health and family welfare",Meghalaya,189.0,0.0,44.3,Medium,spend outruns works by 90pp
618493,Delhi-Amritsar-Katra Expressway Phase-I Spur-I from Jn. with Kapurthala - Sultanpur Lodhi Road NH-703A near Isharwal village to Jn. with Kapurthala - Tarn Taran road NH-703AA near Goinwal Sahib [Km 24000 to Km 41000 of Amritsar connectivity],Roads & Highways,nhai,Punjab,1519.6,34.79,44.2,Medium,3 months past original date
618454,"Earthwork in Formation, Road Work, Construction of Bridges, Blanketing, P. Way Linking works including Supply of P. Way Fittings and Track Ballast in connection with Construction of Railway Siding from Jogighopa Railway Station to MMLP at Jogighopa from Ch. 00 to 3760 on Item Rate basis Package -3, Railway Siding from Jogighopa Railway Station to MMLP",Roads & Highways,nhidcl,Assam,693.97,93.23,44.2,Medium,"4.1y past original commissioning date; already rescheduled, 2.3y slip declared"
618217,Improvement/construction of existing Class-5 Road to NH Intermediate lane specification with hard shoulder from existing Km 76/340 to 134/940 Design chainage from Km 76/300 to 133/000 net Length 56.700 kms of NH-505 Sumdo-Kaza- Gramphoo road in the state of Himachal Pradesh Package I,Roads & Highways,morth,Himachal Pradesh,244.15,62.28,44.2,Medium,2 months past original date
602532,Kiru HE Project,Unknown,national hydroelectric power corporation limited [nhpc],Jammu and Kashmir,5409.0,87.0,44.2,Medium,"2.8y past original commissioning date; already rescheduled, 3.3y slip declared; cost already revised +26%"
618636,Akkalkot MH/KN border New Greenfield corridor from Km 512.000 to Km 548.400 of NH-150C part of Akkalkot KN/TS Border section Package XIV,Roads & Highways,nhai,"Multi-States (Karnataka, Maharashtra)",1403.49,57.62,44.2,Medium,elevated risk on combined profile
400120,KG-DWN-98/2 Cluster - II Development Project - NELP Block,Unknown,oil and natural gas corporation limited [ongc],Andhra Pradesh,34012.0,96.9,44.1,Medium,"6.1y past original commissioning date; already rescheduled, 6.3y slip declared"
705391,Jiribam-Imphal 110 km,Railways,cao/c-iii/nfr nfr mor,Manipur,21886.0,78.0,44.1,Medium,"already rescheduled, 2.5y slip declared; cost already revised +53%"
400188,Redevelopment of Seven General Pool Residential Accommodation [GPRA] Colonies in Delhi,Unknown,national buildings construction corporation [nbcc],Delhi,32841.0,46.7,44.0,Medium,7 months past original date
618842,"2L PS Greenfield bypass lalganj ajhara, mohanganj and Raniganj on Raebareli - Jaunpur Section Design km 0.00 to Km 53177 of NH-31",Roads & Highways,nhai,Uttar Pradesh,1280.68,0.0,44.0,Medium,spend outruns works by 16pp; needs 19.9%/month to hit current date
615863,Venkatesh Khani Coal Mine,Coal,singareni collieries company limited [sccl],Telangana,484.5,97.0,44.0,Medium,4 months past original date
615858,Kalyanikhani Opencast Project,Coal,singareni collieries company limited [sccl],Telangana,384.32,77.0,44.0,Medium,4 months past original date
705494,Rayadurg-Tumkur via Kalyandurg 213 km,Railways,caoc/swr swr mor,"Multi-States (Andhra Pradesh, Karnataka)",4612.0,65.0,43.9,Medium,"10.8y past original commissioning date; already rescheduled, 12.4y slip declared; cost already revised +85%"
602098,"Construction of Permanent Campus for IIM Jammu Phase-1 at Jagti, Nagrota, Jammu, J&K",Education,"indian institute of management, jammu",Jammu and Kashmir,500.91,96.0,43.9,Medium,"3.1y past original commissioning date; already rescheduled, 2.4y slip declared; cost already revised +18%"
707049,Establishment of new GMC Panchmahal,Healthcare,"medical education, ministry of health and family welfare",Gujarat,663.5,88.0,43.8,Medium,4 months past original date; cost already revised +104%
618112,"Improvement and up-gradation of NH-227B 84 Kosi Parikrama Marg Package I, from km 228.920 Jagarnathpur to Km 235.960/0.000 MakhaudaDham to Km 29.000 Sarpur in the State of Uttar Pradesh on EPC basis",Roads & Highways,morth,Uttar Pradesh,912.5,8.0,43.8,Medium,needs 9.2%/month to hit current date
618595,6L of Chengala - Neeleshwaram from km. 56.200 to km. 93.468,Roads & Highways,nhai,Kerala,2538.06,90.82,43.8,Medium,"2.2y past original commissioning date; already rescheduled, 2.9y slip declared; cost already revised +45%"
618992,100 MW SPP part of SECI 150 MW Hybrid,Unknown,nlc india limited [nlcil],Gujarat,480.68,1.2,43.7,Medium,needs 19.7%/month to hit current date
619086,Chengapalli km 102.035 to Neelambur Km144.680 and Madukkarai Km 170.880 to Walayar K183.010 Package No. NS-2/BOT/TN-08,Roads & Highways,nhai,Tamil Nadu,285.55,100.0,43.7,Medium,"13.3y past original commissioning date; already rescheduled, 13.6y slip declared"
709778,Installation of new Biturox Unit along with allied facilities at Gujarat Refinery,Unknown,indian oil corporation limited [iocl],Gujarat,344.36,87.7,43.6,Medium,11 months past original date
701173,AIIMS Majra Rewari Haryana,Healthcare,ministry of health and family welfare,Haryana,1646.43,67.45,43.5,Medium,cost already revised +27%; needs 6.5%/month to hit current date
615346,Transmission System for Evacuation of Power from Rajasthan REZ Ph-IV [Part-2 5.5 GW] [Jaisalmer/Barmer Complex] Part C [SPV Name POWERGRID Mandsaur Transmission Limited],Unknown,power grid corporation of india limited [powergrid],Madhya Pradesh,2708.0,72.39,43.4,Medium,elevated risk on combined profile
400298,Nadikude-Srikalahasti 308.7 km,Railways,cao/c/scor scor mor,Andhra Pradesh,5906.03,2.0,43.4,Medium,spend outruns works by 41pp; cost already revised +155%
705237,Western Dedicated Freight Corridor,Railways,dfccil,"Multi-States (Gujarat, Haryana, Maharashtra, Rajasthan, Uttar Pradesh)",124005.0,96.0,43.2,Medium,"4.3y past original commissioning date; already rescheduled, 3.8y slip declared; cost already revised +143%"
617245,Katihar-Kumedpur & Katihar-Mukuria 64.5 km Umbrella work PB57/2019-20/NR,Railways,cao/c-ii/nfr nfr mor,"Multi-States (Bihar, West Bengal)",1961.0,65.0,43.2,Medium,cost already revised +108%
618728,6L Greenfield Varanasi-Ranchi-Kolkata Highway from junction with NH-19 & Varanasi Ring Road near Rewasa village to junction with Chandauli-Chainpur road near Khainti village from Km. 0.000 to Km. 27.000 - Pkg-1,Roads & Highways,nhai,"Multi-States (Bihar, Uttar Pradesh)",1564.15,47.63,43.1,Medium,needs 5.2%/month to hit current date
705385,Pirpainti - Jasidih 97 km,Railways,caoc/er er mor,"Multi-States (Bihar, Jharkhand)",2700.43,40.0,43.0,Medium,spend outruns works by 26pp
609996,Construction of Precast housing and hostels at IIT Hyderabad,Education,"indian institute of technology, hyderabad",Telangana,262.0,90.39,42.9,Medium,21 months past original date
705298,North Region Video Surveillance Project,Railways,rcil,PAN India,274.39,48.0,42.9,Medium,2.3y past original commissioning date
615336,Transmission system for evacuation of Power from REZ in Rajasthan [20 GW] under phase-III Part-D Phase-II,Unknown,power grid corporation of india limited [powergrid],Delhi,284.0,45.94,42.8,Medium,5 months past original date; needs 10.8%/month to hit current date
619029,Transmission System for Reliable Power Supply to Dholera,Unknown,power grid corporation of india limited [powergrid],Gujarat,319.42,35.2,42.8,Medium,4 months past original date; needs 12.9%/month to hit current date
606013,Additional Campus of NITPatna,Education,nit patna,Bihar,499.21,98.6,42.8,Medium,24 months past original date
618158,"Upgradation of Goras to Shyampur Road section of NH-552 Ext., from Design Chainge 48.400 to 111.800 Km Total length 63.40 km to two lane with paved shoulder configuration along with One time improvement of 8.91 km in the state of Madhya Pradesh on EPC mode",Roads & Highways,morth,Madhya Pradesh,416.96,16.52,42.8,Medium,needs 16.6%/month to hit current date
707059,Establishment of new GMC Mandla,Healthcare,"medical education, ministry of health and family welfare",Madhya Pradesh,325.0,45.0,42.7,Medium,3 months past original date
618292,Construction of 2-Lane with paved shoulder of Kohima-Bypass Road connecting New NH-02 and New NH-29 from Design Km 10.500 to design Km 21.000 [Design Length- 10.500 km] including TUNNEL of 500m at Ch. 11.000 in the state of Nagaland Under SARDP-NE on EPC Mode Package-2,Roads & Highways,nhidcl,Nagaland,277.44,69.76,42.7,Medium,"3.7y past original commissioning date; already rescheduled, 5.0y slip declared"
616612,Sewage Treatment Plant 50MLD and Sewerage Network 150 km in Kankarbagh Patna under Hybrid annuity based PPP mode Namami Gange Programme,Waste & Water,nmcg1,Bihar,578.89,55.0,42.7,Medium,7 months past original date
400280,Phase II extension of MRTS from Velachery to St Thomas Mount,Railways,ministry of railways,Tamil Nadu,734.01,99.9,42.6,Medium,12 months past original date
618872,4L PS from near Hunsur - KR Nagar Junction to near Yalachahalli village KR Nagara - Yelawala Road Junction fcrom Km 169.000 to Km 195.550 of NH-275 Pkg-IV,Roads & Highways,nhai,Karnataka,952.03,19.58,42.6,Medium,elevated risk on combined profile
618149,Widening to two lane with paved shoulders from Km 0.00 to 102.310 Design Chainage of NH-548B Murrum-Maharashtra Border in the State of Karnataka,Roads & Highways,morth,Karnataka,957.09,60.21,42.6,Medium,needs 6.6%/month to hit current date
617980,Construction of six lane elevated corridor from km 7.950 Uppal to km 14.200 of NH- 163 to De-Congest the urban limits of Hyderabad-Bhoopalapatnam section on EPC mode in the state of Telangana,Roads & Highways,morth,Telangana,626.76,54.26,42.5,Medium,"6.0y past original commissioning date; already rescheduled, 7.4y slip declared"
612851,"Phase 1B - Construction of Academic Block, Hostel, Residential Tower, Directors Residence and External Development works at National Institute of Technology, Delhi Campus on Engineering, Procurement and Construction basis",Education,national institute of technology delhi,Delhi,336.42,100.0,42.5,Medium,10 months past original date
705357,Baramati - Lonand 54 km,Railways,caoc/cr cr mor,Maharashtra,1790.5,60.0,42.4,Medium,cost already revised +1193%; needs 5.0%/month to hit current date
705493,Hubli-Ankola 167 km,Railways,caoc/swr swr mor,Karnataka,533.32,10.0,42.4,Medium,"21.3y past original commissioning date; spend outruns works by 25pp; already rescheduled, 25.0y slip declared"
602792,Gauge Conversion of Kendri-Dhamtari including Abhanpur - Rajim Branch line 67.20 Kms - 2nd Material Modification to Raipur Titlagarh doubling.,Railways,secr,Chhattisgarh,1171.0,100.0,42.3,Medium,17 months past original date
615862,Goleti Opencast Mine,Coal,singareni collieries company limited [sccl],Telangana,345.6,33.0,42.3,Medium,4 months past original date
618086,"Widening to Two Lane with Paved Shoulders from KB Cross to Chunchanahalli ie., Design Ch. 485240 Km Existing Km 494.000 to Design Ch. 523393 Km Existing km 533.152 & From Design Ch. 530393 Existing Km 540.175 to Design Ch. 534476 Existing Km 544.200 at Nelligere of NH-150A on EPC mode under Annual Plan 2022-23 NH-150A-KNT-2022-23-977 dated 08.03.2023",Roads & Highways,morth,Karnataka,617.28,48.5,42.3,Medium,needs 8.5%/month to hit current date
618036,Upgradation and reconstruction of existing intermediate lane to two Lane with paved shoulder configuration from km. 43.00 Barna River to km. 77.00 ken river length 34.00 km. on Gulganj-Amanganj-Pawai-Katni NH43 Extn. along with One time improvement in 01 no. of bypassed built-up area in a total length of 1.585 km in the state of Madhya Pradesh on EPCmode.,Roads & Highways,morth,Madhya Pradesh,315.55,43.0,42.2,Medium,needs 7.1%/month to hit current date
709826,SCREENING PLANT-III AT KIRANDUL,Unknown,national mineral development corporation limited [nmdc],Chhattisgarh,3062.39,83.42,42.2,Medium,6 months past original date; cost already revised +13%
615860,Godavarikhani Coal Mine - 5,Coal,singareni collieries company limited [sccl],Telangana,607.04,71.0,42.2,Medium,16 months past original date
709850,Borholla GGS Life Extension Project [BLEP],Unknown,oil and natural gas corporation limited [ongc],Assam,198.7,63.5,42.1,Medium,2 months past original date
619164,Belgaum-Khanapur Pkg I Km 0.000-Km 30.800 of NH-4A,Roads & Highways,nhai,Karnataka,1195.74,75.72,42.1,Medium,"4.8y past original commissioning date; already rescheduled, 5.5y slip declared"
400369,BINA KAKRI AMALGAMATION EXPANS,Coal,ncl - cil,"Multi-States (Madhya Pradesh, Uttar Pradesh)",836.42,92.05,42.1,Medium,"2.3y past original commissioning date; spend outruns works by 18pp; already rescheduled, 3.0y slip declared"
618355,"Construction of of 2 -Lane with paved shoulders road from Tamenglong-Tousem- Lisang-Mahur Road NH-137 starting near Dialong Village from km 10.000 at Dialong to km 31.430 near Old Tamenglong , near Barak River on EPC Mode Package-2",Roads & Highways,nhidcl,Manipur,483.87,95.28,42.1,Medium,"3.3y past original commissioning date; already rescheduled, 3.0y slip declared"
611949,Transmission system for evacuation of power from REZ in Rajasthan 20 GW under Phase-III part C1,Unknown,power grid corporation of india limited [powergrid],Rajasthan,1160.0,99.87,42.1,Medium,15 months past original date
706988,Establishment of new GMC Gondia,Healthcare,"medical education, ministry of health and family welfare",Maharashtra,189.0,40.14,42.0,Medium,spend outruns works by 20pp
706965,Establishment of new GMC Saran [Chhapara],Healthcare,"medical education, ministry of health and family welfare",Bihar,189.0,0.0,42.0,Medium,spend outruns works by 60pp
400232,Brundamal - Jharsuguda - Fly-over connection for joining down line 6.6 km,Railways,cao/c/ecor ecor mor,Odisha,296.51,55.0,42.0,Medium,needs 9.0%/month to hit current date
706966,Establishment of new GMC Samastipur,Healthcare,"medical education, ministry of health and family welfare",Bihar,189.0,0.0,42.0,Medium,spend outruns works by 60pp
618356,Construction of 2 -Lane with paved shoulders road from Tamenglong to Mahur in the state of Manipur from km 31.430 at Old Tamenglong to km 43.480 ending near Phelong on EPC Mode Package-3,Roads & Highways,nhidcl,Manipur,234.08,98.5,41.9,Medium,"3.6y past original commissioning date; already rescheduled, 3.3y slip declared"
613013,Establishment of NIT Nagaland,Education,nit nagaland,Nagaland,275.63,98.0,41.9,Medium,7 months past original date
612834,3rd & 4th line between Sarla - Sason 8 km PB73/2023-24/NR,Railways,cao/c/ecor ecor mor,Odisha,252.0,88.0,41.9,Medium,7 months past original date
617326,Implementation of Transmission Systems in the State of Jharkhand consisting of 400/220/132/33 kV transmission lines and substations under Jharkhand Consultancy Project,Unknown,power grid corporation of india limited [powergrid],Jharkhand,1842.25,96.4,41.9,Medium,4 months past original date
707017,Establishment of new GMC Jhanjharpur,Healthcare,"medical education, ministry of health and family welfare",Bihar,250.0,0.0,41.8,Medium,spend outruns works by 60pp
707018,Establishment of new GMC Siwan,Healthcare,"medical education, ministry of health and family welfare",Bihar,250.0,0.0,41.8,Medium,spend outruns works by 60pp
707016,Establishment of new GMC Sitamarhi,Healthcare,"medical education, ministry of health and family welfare",Bihar,250.0,0.0,41.8,Medium,spend outruns works by 60pp
707019,Establishment of new GMC Buxar,Healthcare,"medical education, ministry of health and family welfare",Bihar,250.0,0.0,41.8,Medium,spend outruns works by 60pp
611929,Maintenance cum workshop depot for Vande Bharat Sleeper Trains as per conditions under WTA 527,Railways,wpo/patna,Rajasthan,166.86,0.0,41.8,Medium,19 months past original date; only 0% built with planned time exhausted
618813,4L Access Controlled Greenfield Section Mancherial Warangal from Narva village at Design Ch. 3.834 Km to Puttapaka village at Design Ch. 35.300 Km Package-I,Roads & Highways,nhai,Telangana,1104.27,11.28,41.7,Medium,needs 5.9%/month to hit current date
618289,Construction and up gradation to 4-Lane of existing two lane with paved shoulder from Hapachara to Tulungia road of NH-117 of existing Km 0.00 to km 14.050 and Design Km 0.000 to km 14.660 under BMP on EPC mode,Roads & Highways,nhidcl,Assam,224.85,97.76,41.6,Medium,"3.6y past original commissioning date; already rescheduled, 3.2y slip declared"
602797,"Sainthia, Sitarampur, Mughalsarai, Allahabad & Etawah - Bypass 35 km",Railways,caoc/er er mor,"Multi-States (Uttar Pradesh, West Bengal)",797.94,15.0,41.6,Medium,cost already revised +73%; needs 10.6%/month to hit current date
618851,Pandoh bypass 221.305 to Takoli 242.000 of NH-21 in the state of Himachal Pradesh,Roads & Highways,nhai,Himachal Pradesh,4465.94,95.65,41.6,Medium,"4.8y past original commissioning date; already rescheduled, 5.5y slip declared; cost already revised +31%"
602223,Comprehensive Scheme for Strengthening of Transmission and Distribution [T&D] Systems [CSST&DS] in Arunachal Pradesh and Sikkim,Unknown,power grid corporation of india limited [powergrid],"Multi-States (Arunachal Pradesh, Sikkim)",9129.32,83.9,41.5,Medium,"7.6y past original commissioning date; already rescheduled, 8.3y slip declared; cost already revised +92%"
604853,"Indian Oil Technology Development and Deployment Centre at R&D Campus-II, Faridabad",Unknown,indian oil corporation limited [iocl],Haryana,3200.0,65.4,41.5,Medium,"3.6y past original commissioning date; already rescheduled, 4.6y slip declared; cost already revised +40%"
617985,Widening to two lane with paved shoulders from Km 0/0 to 64/020 Pamarru to Akiveedu,Roads & Highways,morth,Andhra Pradesh,588.65,74.41,41.4,Medium,"2.7y past original commissioning date; already rescheduled, 3.5y slip declared; cost already revised +11%"
705489,Madurai-Tuticorin via Aruppukkottai 143.5 km,Railways,caoc/sr sr mor,Tamil Nadu,2053.39,14.0,41.4,Medium,"5.0y past original commissioning date; already rescheduled, 9.5y slip declared; cost already revised +241%"
701346,North East Gas Grid,Unknown,indradhanush gas grid limited,Tripura,9265.0,88.2,41.4,Medium,"2.3y past original commissioning date; already rescheduled, 4.0y slip declared"
400168,"500 KTA PDHPP Project, Usar",Unknown,gas authority of india limited [gail],Maharashtra,11256.0,91.9,41.3,Medium,"15 months past original date; already rescheduled, 2.2y slip declared; cost already revised +28%"
618669,4 -Laning of MP/UP Border to Kabarai section of NH-34&35 from km 197.000 to km 242.991 Length 45.991 Km Sagar-Kabrai Package-5 under Bharat Mala Pariyojana EC in MP & UP on HAM,Roads & Highways,nhai,Uttar Pradesh,1425.43,61.77,41.3,Medium,needs 5.4%/month to hit current date
618650,4 Lane with PS from Des. Ch 89.900 to Des. Ch. 136.100 of Belgaum-Hungund- Raichur Section of NH-748A Package-3,Roads & Highways,nhai,Karnataka,1219.62,24.5,41.3,Medium,elevated risk on combined profile
618958,2L with ES of Yagyi - Kalewa section from Milepost 40/0 to Milepost 115/5 in Myanmar,Roads & Highways,nhai,Assam,1200.14,52.0,41.2,Medium,"3.1y past original commissioning date; already rescheduled, 4.1y slip declared"
617225,PCMC To Nigdi- Extension Of North South Corridor Of Phase-1,Unknown,maharashtra metro rail corporation limited [mmrcl],Maharashtra,960.18,49.12,41.2,Medium,needs 8.4%/month to hit current date
618433,Construction of Balance work of 2-Lane with PS of Joram Koloriang Road from existing Km122.600 to km138.00 [Design Km108.724 to Km123.714] in Arunachal Pradesh on EPC Mode under SARDP-NE Pkg-7,Roads & Highways,nhidcl,Arunachal Pradesh,184.89,99.69,41.2,Medium,"4.2y past original commissioning date; already rescheduled, 4.0y slip declared"
611927,Kurnool - Setting up facilities for coach midlife rehabilitation workshop,Railways,wpo/patna,Andhra Pradesh,560.72,65.0,41.1,Medium,2.6y past original commissioning date
617370,Doubling between Jaunpur Jn - Zaffarabad 6.28 km PB73/2023-24/NR,Railways,caoc/nr nr mor,Uttar Pradesh,237.38,22.0,41.0,Medium,cost already revised +31%; needs 12.9%/month to hit current date
944288,Super accelerated cooling system (Uniform Cooling) for high strength plates in Plate Mill at BSP (Steel Authority of India Limited (SAIL)),Unknown,unknown,Chhattisgarh,192.21,48.01,41.0,Medium,needs 10.3%/month to hit current date
617948,Kante - Wakad section of NH-66 4L PS from Km.281/300 to 332/200,Roads & Highways,morth,Maharashtra,2020.56,90.14,41.0,Medium,"6.7y past original commissioning date; already rescheduled, 6.0y slip declared; cost already revised +81%"
613015,Redevelopment of Chhatrapati Shivaji Maharaj Terminus [CSMT] and construction of associated infrastructure,Railways,rail land development authority,Maharashtra,1813.0,25.0,40.9,Medium,spend outruns works by 23pp; needs 9.4%/month to hit current date
705450,Jogbani-Biratnagar New Rail Line project,Railways,indian railway construction international limited [ircon],Bihar,486.0,86.5,40.9,Medium,"4.3y past original commissioning date; already rescheduled, 4.8y slip declared; cost already revised +21%"
705735,Solapur-Osmanabad - New line via Tuljapur 84.44 km umbrella work PB23/2018- 19/NR,Railways,caoc/cr cr mor,Maharashtra,1647.87,22.0,40.8,Medium,spend outruns works by 51pp; cost already revised +82%
616594,Interception & Diversion with Rehabilitation of sewerage scheme at Agra under Hybrid annuity based PPP model-Namami Gange Programme,Waste & Water,national mission for clean ganga,Uttar Pradesh,842.25,84.0,40.7,Medium,15 months past original date
613799,AMGAON OC RCE [1.0 MTY],Coal,secl - cil,Chhattisgarh,316.11,78.86,40.7,Medium,4 months past original date
618616,4L of Dhrol bypass section of NH-151A Approx. length 5.7 Km & widening upto 4 laning of missing link of Amran section of NH-151A Approx. length 6.55 Km from existing Ch. 42000 to 48500 of ongoing Dhrol-Bhadra-Pipaliya section of NH-151A,Roads & Highways,nhai,Gujarat,455.54,35.47,40.7,Medium,needs 9.1%/month to hit current date
709819,3rd & 4th line - Saragbundia & Madwarani 12.2 km PB72/NR/2022-23,Railways,caoc/secr secr mor,Chhattisgarh,167.64,10.0,40.6,Medium,needs 17.9%/month to hit current date
702637,Mumbai Metro Line 3,Unknown,mumbai metro rail corporation limited [mmrc],Maharashtra,37276.0,99.21,40.6,Medium,"3.3y past original commissioning date; already rescheduled, 2.4y slip declared; cost already revised +61%"
709752,HP-COAT [Crude to Olefins and Aromatics Technology] demo unit at Visakh Refinery,Unknown,hindustan petroleum corporation limited,Andhra Pradesh,220.0,94.0,40.6,Medium,"2.1y past original commissioning date; already rescheduled, 2.7y slip declared; cost already revised +38%"
615334,Transmission System for Evacuation of Power from Rajasthan REZ Ph-IV [Part-2 5.5 GW] [Jaisalmer/Barmer Complex] Part E [SPV Name POWERGRID Mewar Transmission Limited],Unknown,power grid corporation of india limited [powergrid],"Multi-States (Madhya Pradesh, Rajasthan)",3251.0,46.87,40.5,Medium,spend outruns works by 16pp; needs 5.9%/month to hit current date
707052,Establishment of new GMC Handwara [Distt. Kupwara],Healthcare,"medical education, ministry of health and family welfare",Jammu and Kashmir,325.0,0.0,40.5,Medium,spend outruns works by 53pp
618284,Widening/Improvement to 4-Lane with paved shoulder from Km 99930 to Km 143680 Design Chainage 96000 to 139750 of Paikan to Dhupdhara Sahar of Bilasipura- Guwahati Road on NH-17 in the state of Assam on EPC mode under Bharatmala Pariyojana in Economic Corridors Project Length 43.750km under NHO-NE Package- 8,Roads & Highways,nhidcl,Assam,1457.59,85.87,40.4,Medium,elevated risk on combined profile
607653,Ludhiana Mullanpur 21Km Doubling Railway project,Railways,cao/c/nr,Punjab,234.78,99.0,40.4,Medium,"2.1y past original commissioning date; already rescheduled, 2.7y slip declared"
616600,Interception and Diversion and STP works in Bhagalpur under Hybrid annuity based PPP mode-Namami Gange Programme,Waste & Water,national mission for clean ganga,Bihar,413.29,97.0,40.3,Medium,17 months past original date
400013,Saturation 4G mobile coverage of Uncovered Villages through USOF,Telecommunication,department of telecommunications [dot],PAN India,15392.84,87.7,40.2,Medium,"2.1y past original commissioning date; already rescheduled, 2.7y slip declared"
707020,Establishment of new GMC Jamui,Healthcare,"medical education, ministry of health and family welfare",Bihar,500.0,50.0,40.2,Medium,9 months past original date; cost already revised +100%
618201,"Widening and strengthening to 2 lane with paved shoulder from existing Ch. Km 56720 to Km 100820 and Design Ch. From Km 62600 to Km 106360 Total Length43.760 Km on SRINAGAR -BARAMULA URINH-01 in the UT of Jammu & Kashmir under project BEACON, Border Roads Organization BRO on EPC mode.",Roads & Highways,morth,Jammu and Kashmir,702.1,51.0,40.1,Medium,elevated risk on combined profile
707057,Establishment of new GMC Leh,Healthcare,"medical education, ministry of health and family welfare",Ladakh,325.0,0.0,40.1,Medium,spend outruns works by 39pp
707022,Establishment of new GMC Chaibasa [Singhbhum],Healthcare,"medical education, ministry of health and family welfare",Jharkhand,454.1,57.0,40.1,Medium,10 months past original date; cost already revised +82%
618166,Construction of 4-lane green field highway from Km. 35.000 to Km. 49.155 of NH- 731A with paved shoulders on Hybrid Annuity Mode in the state of Uttar Pradesh,Roads & Highways,morth,Uttar Pradesh,697.66,100.0,39.9,Medium,9 months past original date
618442,"Construction of Balance Work of the 4-Laning of the Section from Jorhat to Jhanji of NH-37 Old from Km 477.000 to Km 490800 13.800 Km, under SARDP- NE under EPC Mode in the state of Assam Pkg-III Road Works",Roads & Highways,nhidcl,Assam,358.72,100.0,39.9,Medium,23 months past original date
618106,Widening and Strengthening to 2/4 lane with paved shoulders of Mahabubnagar Chincholi section from Km 0/0 to Km 60/255 of NH-167N in the state of Telangana under Annual plan 2021-22 on EPC modepackage-I under NHO Job No.167N-TS- 2021-22-75,Roads & Highways,morth,Telangana,703.68,90.69,39.9,Medium,elevated risk on combined profile
618873,4L PS from near Yalachahalli village KR Nagara - Yelawala Road junction to Srirangapatna Bypass Near Paschima Vahini from km 195.550 to Km 214.535 of NH- 275 Pkg-V,Roads & Highways,nhai,Karnataka,1203.2,17.36,39.9,Medium,spend outruns works by 21pp
707067,Establishment of new GMC Mon,Healthcare,"medical education, ministry of health and family welfare",Nagaland,325.0,0.0,39.8,Medium,spend outruns works by 48pp
606479,Banaras Hindu University [ Kayakalp of Institute of Medical Sciences],Education,banaras hindu university,Uttar Pradesh,246.0,99.1,39.8,Medium,"3.8y past original commissioning date; already rescheduled, 4.8y slip declared"
619008,Rehabilitation and Up gradation of Charthana Jintur Section of NH 752 I Km 25100 to 47100 to 2 Lane with Paved Shoulder configuration Flexible Pavement in the state of Maharashtra on EPC mode. Reg- Resubmission of Annual Plan Estimate.,Roads & Highways,morth,Maharashtra,157.69,51.0,39.7,Medium,elevated risk on combined profile
618887,4L of Bettadahalli- Shivamogga section from Km.170.415 to km. 226.750 of NH-206 Tumkur- Shivamogga Pkg-IV,Roads & Highways,nhai,Karnataka,2545.11,84.25,39.7,Medium,"2.7y past original commissioning date; already rescheduled, 3.4y slip declared; cost already revised +22%"
705638,Kumbalam-Turavur - Patch doubling 15.59 km,Railways,cao/cn/ers sr mor,Kerala,1171.46,30.0,39.6,Medium,cost already revised +44%; needs 8.8%/month to hit current date
618088,Nandurshingote to Kolhar,Roads & Highways,morth,Maharashtra,325.79,41.93,39.6,Medium,needs 11.6%/month to hit current date
709840,"Restoration of Gas Terminal, Phase-I [Part-A], Hazira",Unknown,oil and natural gas corporation limited [ongc],Gujarat,249.43,97.6,39.6,Medium,17 months past original date
702628,Kanpur Metro Rail Project,Unknown,uttar pradesh metro rail corporation [upmrc],Uttar Pradesh,11076.48,83.0,39.5,Medium,"2.2y past original commissioning date; already rescheduled, 2.8y slip declared"
618377,Improvement/Widening to 2-L with Paved Shoulder/4-L from Km 81740 to Km 93490 design Km 0000 to Km 10670 of NH-40 New NH-106 & 206 section & 4-L from design Km 0.00 to Km 0.930 of NH-44 section between Shillong-Dawki under JICA ODA Loan assistance Phase-II -Balance Work Pkg-1,Roads & Highways,nhidcl,Meghalaya,351.12,100.0,39.5,Medium,9 months past original date
701399,Kudali Irrigation Project,Unknown,"department of water resources, river development & gr",Chhattisgarh,382.29,86.31,39.4,Medium,7 months past original date
702629,Agra Metro Rail Project,Unknown,uttar pradesh metro rail corporation [upmrc],Uttar Pradesh,8379.62,73.0,39.4,Medium,"2.2y past original commissioning date; already rescheduled, 3.1y slip declared"
705479,Wadsa-Gadchiroli 49.5 km,Railways,caoc/secr secr mor,Maharashtra,1880.61,69.0,39.3,Medium,elevated risk on combined profile
707086,Establishment of new GMC Rudrapur,Healthcare,"medical education, ministry of health and family welfare",Uttarakhand,325.0,95.0,39.3,Medium,elevated risk on combined profile
617372,Pradhankhunta Jn-Patherdih Bazar-Bhojudih 17.1 km Umbrella work PB57/2019- 20/NR,Railways,cao/con/south/mhx ecr mor,Jharkhand,349.22,60.0,39.3,Medium,elevated risk on combined profile
705444,Gevra Road-Pendra Road New Railway Line [135 km],Railways,indian railway construction international limited [ircon],Chhattisgarh,7448.52,83.36,39.2,Medium,"4.3y past original commissioning date; already rescheduled, 4.8y slip declared; cost already revised +50%"
618126,"Pre-Construction activities from Km 134.000 to Km 190.233 of NH-333A and Construction of 4 no. of Bypasses at Katoria, Lakhpura, Banka & Panjwara total length-14.359 Km to two lane with paved shoulders standard in State of Bihar.",Roads & Highways,morth,Bihar,479.37,58.75,39.2,Medium,needs 5.2%/month to hit current date
705244,Coach Production Factory Upgradation Project,Railways,cpm/icf,Tamil Nadu,520.0,0.0,39.2,Medium,4.6y past original commissioning date; spend outruns works by 37pp; only 0% built with planned time exhausted
619049,Khavda IVA Power Transmission Limited,Unknown,adani transmission limited,Gujarat,4500.0,70.0,39.1,Medium,elevated risk on combined profile
618397,Widening and Up-gradation to 2-Lane with Paved Shoulder of configuration and geometric improvement from Km 0.000 to Km 16.990 on Chenani Sudhmahadev section of NH-244 in UT of Jammu and Kashmir to be executed on EPC basis,Roads & Highways,nhidcl,Jammu and Kashmir,255.9,94.06,39.1,Medium,"5.7y past original commissioning date; already rescheduled, 5.1y slip declared"
707050,Establishment of new GMC Porbandar,Healthcare,"medical education, ministry of health and family welfare",Gujarat,618.98,81.0,39.0,Medium,22 months past original date; spend outruns works by 70pp; cost already revised +90%
618428,Realignment of NH-717A from Design Ch.0.00 Km 77.800 of NH-10 to Design Ch.2.00 Km 3.100 of NH-717A with two lane paved shoulder including Major Bridge of 680 m in the State of Sikkim on EPC Mode-COS work,Roads & Highways,nhidcl,Sikkim,380.94,100.0,38.9,Medium,"3.2y past original commissioning date; already rescheduled, 3.1y slip declared; cost already revised +44%"
618337,Widening to 2 -Lane with Paved shoulder of Imphal to Jiribam section of NH-37 from Design Chainage 33.000 km to 66.390 Km Existing Chainage from km 33.395 to km 67.496 on EPC Mode in Manipur PKG-3,Roads & Highways,nhidcl,Manipur,467.0,86.33,38.9,Medium,"3.3y past original commissioning date; spend outruns works by 41pp; already rescheduled, 3.0y slip declared"
618080,Improvement to two lane with paved shoulders of BH WB Border Amdabad Manihari section from design Km 0.000 to Km 23.945 of NH 131 A Total length 23.945 Km under EPC mode in the state of Bihar,Roads & Highways,morth,Bihar,353.27,7.5,38.8,Medium,needs 8.4%/month to hit current date
618040,Rehabilitation and Upgradation to Two lanes with Paved Shoulders configuration and Strengthening from Km 175.00 to Km 196.00 Gumkhal to Satpuli of NH-119 New NH- 534 in the State of Uttarakhand under NHO Annual Plan 2021-22 under EPC mode,Roads & Highways,morth,Uttarakhand,452.81,42.0,38.6,Medium,needs 9.6%/month to hit current date
701412,North Koel Reservoir Project,Unknown,"department of water resources, river development & gr","Multi-States (Bihar, Jharkhand)",2430.76,47.0,38.6,Medium,"5.3y past original commissioning date; already rescheduled, 6.3y slip declared; cost already revised +50%"
709777,Installation of Bitumen Manufacturing Unit along with allied facilities at Barauni Refinery,Unknown,indian oil corporation limited [iocl],Bihar,410.3,66.3,38.6,Medium,"15 months past original date; already rescheduled, 2.2y slip declared"
400048,Doubling of lines connecting the loading spurs in Talcher Yard.,Railways,east coast railway [ecor] - ii,Odisha,186.21,88.0,38.5,Medium,"19 months past original date; already rescheduled, 2.5y slip declared"
618221,Rehabilitation and upgradation to 2 lane with paved shoulder from existing chainage Km 166.100 to Km 192.98 design chainage Km 146.700 to Km 162.800 including construction of Bhimber Gali Tunnel Total Length of Tunnel 1.100 Km under 31 BRTF on Akhnoor-Poonch Roads on EPC mode NH-144A Package-VII,Roads & Highways,morth,Jammu and Kashmir,734.64,60.0,38.4,Medium,elevated risk on combined profile
617963,Rehabilitation and upgradation to four lane road from km 70.500 to km 78.600 of NH- 92 under EPC mode in the State of Uttar Pradesh,Roads & Highways,morth,Uttar Pradesh,351.78,39.0,38.4,Medium,cost already revised +19%; needs 10.1%/month to hit current date
709838,Commercial Polymer Flooding Project in Bechraji field,Unknown,oil and natural gas corporation limited [ongc],Gujarat,739.02,50.0,38.3,Medium,"20 months past original date; already rescheduled, 2.5y slip declared; cost already revised +19%"
400247,"Kalinarayanpur-Krishnanagar with Krishnanagar-Shantipur-Nabadwipghat - GC, Krishnanagar-Chartala, MM for Krishnanagar-Chapra-NL, Naihati-Ranaghat-3rd line, Nabadwipghat-Nabadwipdham upto BB loop 9.58 km, Ranaghat-Lalgola- strengthening bridge No.2",Railways,caoc/er er mor,West Bengal,2153.91,49.0,38.3,Medium,cost already revised +115%
615183,KHADIA EXPANSION [10 TO 16 MTP,Coal,ncl - cil,"Multi-States (Madhya Pradesh, Uttar Pradesh)",491.67,57.12,38.3,Medium,16 months past original date; spend outruns works by 20pp; needs 5.4%/month to hit current date
618690,"4 lanning of Aligarh Palwal section from km 0.00 to km 46.39 package -1 from khereshwar junction-kurana of NH33D , including khair & jattari bypass in the state of UP on HAM mode",Roads & Highways,nhai,Uttar Pradesh,1685.69,21.25,38.2,Medium,needs 9.9%/month to hit current date
400291,Kirandul-Jagdalpur 150 km,Railways,cao/c/ecor ecor mor,Chhattisgarh,1798.0,89.0,38.2,Medium,"6.3y past original commissioning date; already rescheduled, 7.1y slip declared; cost already revised +13%"
602525,"Pakal Dul [Drangdhuran] Hydroelectric Project, 1000 MW",Unknown,national hydroelectric power corporation limited [nhpc],Jammu and Kashmir,12728.0,82.05,38.2,Medium,"6.2y past original commissioning date; already rescheduled, 6.7y slip declared; cost already revised +57%"
619297,Upgradation of Existing Two Lane Carriageway to Two Lane Carriageway with Paved Shoulder from Ch. 665686 Existing Km. 665.686 in Khanpur Village in Vansda Taluka to Ch. 710470 Existing Km. 710.483 in Karvad Village in Vapi Taluka Length 44.784 Km Section of NH-56 in the State of Gujarat on EPC Mode,Roads & Highways,nhai,Gujarat,647.2,0.0,38.1,Medium,needs 16.5%/month to hit current date
613798,AMERA OC RCE [1.0 MTY],Coal,secl - cil,Chhattisgarh,335.97,42.47,38.1,Medium,4 months past original date
618718,6L Access Controlled Greenfield Highway from Kavulakuntla Ch. 196000 to Narayanmpet Ch. 203500Package-09,Roads & Highways,nhai,Andhra Pradesh,956.4,54.56,37.9,Medium,elevated risk on combined profile
612068,Jaipur Metro Phase 1D Project from Mansarovar to Ajmer Road Chauraha,Unknown,jaipur metro rail corporation,Rajasthan,204.81,12.48,37.9,Medium,4 months past original date
618358,Construction of 2 -Lane with paved shoulders road from Tamenglong to Mahur NH- 137 starting from km 80.630 near Mandeu to km 96.870 near Jiri River on EPC Mode Package-6,Roads & Highways,nhidcl,Manipur,311.18,86.87,37.9,Medium,"3.2y past original commissioning date; already rescheduled, 2.6y slip declared"
709785,Laying of Natural Gas Pipeline from Hazaribagh to Ranchi [HRPL],Unknown,indian oil corporation limited [iocl],Jharkhand,202.07,58.4,37.9,Medium,5 months past original date; needs 5.2%/month to hit current date
618390,"Construction, Operation & Maintenance of 2-L Bi-directional Silkyara Bend- Barkot Tunnel with escape passage including approaches Tunnel-4.531 & Approach road- 0.328 on Dharasu-Yamunotri section b/w Chainage 25.400km and 51.00km falling along NH-134 Old NH-94 on EPC mode",Roads & Highways,nhidcl,Uttarakhand,1383.78,76.03,37.8,Medium,"4.0y past original commissioning date; already rescheduled, 4.7y slip declared"
707044,Establishment of new GMC Korba,Healthcare,"medical education, ministry of health and family welfare",Chhattisgarh,322.85,55.0,37.8,Medium,needs 9.0%/month to hit current date
619107,4 Lane with PS from Des. Ch 136.100 to Des. Ch. 182.300 of Belgaum-Hungund- Raichur Section of NH-748A Package-4,Roads & Highways,nhai,Karnataka,1123.35,15.0,37.7,Medium,elevated risk on combined profile
618140,Widening to two/four lane with paved shoulders from Km.34.250 to Km.71.830 of NH- 365A on Kodad-Khammam-Kurvi road.,Roads & Highways,morth,Telangana,445.76,13.33,37.7,Medium,needs 14.3%/month to hit current date
618094,Pen to Khopoli 2LPS,Roads & Highways,morth,Maharashtra,369.39,86.3,37.7,Medium,"6.6y past original commissioning date; already rescheduled, 6.0y slip declared"
617272,Implementation of LILO of both circuits of 400KV vindhyachal PS-Sasan D/C Line at Hindalco Switchyard,Unknown,power grid corporation of india limited [powergrid],Madhya Pradesh,370.0,55.26,37.7,Medium,needs 8.9%/month to hit current date
618310,Widening/lmprovement to 4-L of Karimgani - sutarkandi section of NH 37 from design Ch 0020 Start of proposed Karimganj Bypass from NH -8 to design Chainage Km 14380 near Sutarkandi Spur Connectivity to Indo/Bangladesh Border on Silchar- Churaibari in the State of Assam on HAM Mode Package-7,Roads & Highways,nhidcl,Assam,791.79,41.88,37.6,Medium,needs 8.2%/month to hit current date
618235,Balance work of Rehabilitation and Up-gradation to 4-Lane configuration of Ras- Beawar Section Km 00.000 to km 30.050 of NH-158 in the State of Rajasthan under Green National Highway Corridor Project GNHCP.,Roads & Highways,morth,Rajasthan,278.1,56.2,37.5,Medium,needs 8.7%/month to hit current date
618357,Construction of 2 -Lane with paved shoulders road from Tamenglong to Mahur NH- 137 in Manipur starting from km 54.180 near Azuram to km 80.630 near Mandeu on EPC Mode Package 5,Roads & Highways,nhidcl,Manipur,477.86,84.87,37.5,Medium,"3.2y past original commissioning date; already rescheduled, 2.7y slip declared"
615865,Kakatiyakhani OC - 2 Project,Coal,singareni collieries company limited [sccl],Telangana,442.42,64.0,37.5,Medium,16 months past original date
617906,Up-gradation of Dhoraji-Jamkandorna-Kalavad Section of NH-927D from Design Chainage km 0/00 to km 58/115 to Two lane with PS configuration in the State of Gujarat on EPC,Roads & Highways,morth,Gujarat,291.19,35.0,37.4,Medium,cost already revised +18%; needs 10.8%/month to hit current date
701745,New Suburba Station Development Project,Unknown,ministry of housing and urban affairs,Maharashtra,262.76,48.0,37.4,Medium,4.0y past original commissioning date
618403,Construction of Intermediate Lane Road with hard shoulder from design Km 0.000 to Km 17.387 Total length 17.387 km of Hunli to Ithun Bridge section on NH-913 Frontier Highway in State of Arunachal Pradesh on EPC mode under NHO-NE,Roads & Highways,nhidcl,Arunachal Pradesh,275.5,56.18,37.3,Medium,needs 7.2%/month to hit current date
618412,Construction of i Connecting Road from Z-Morh Tunnel to Zojila Tunnel Road Length 18.475km and ii 14.150 Km long 2-L Bi-directional single tube Zoji-la Tunnel across Zojila Pass on Sonamarg - Kargil section from Km 82 to Km 118 of NH-01 under PMDP,Roads & Highways,nhidcl,Andhra Pradesh,6808.69,68.8,37.3,Medium,elevated risk on combined profile
400160,RAJRAPPA RCE OCP,Coal,ccl - cil,Jharkhand,510.85,75.61,37.3,Medium,"10.3y past original commissioning date; spend outruns works by 20pp; already rescheduled, 11.0y slip declared"
618414,Construction of Balance work for 2-lane with hard shoulder of Peren- Dimapur section on NH-129A from Design Km 126.775 to Km 146.208 Length 19.433 Km in the state of Nagaland on EPC mode under NHO-TSP Package-II,Roads & Highways,nhidcl,Nagaland,258.52,96.53,37.2,Medium,10 months past original date
616044,UKNI DEEP OC MINE -COST PLUS,Coal,wcl - cil,Maharashtra,237.06,94.57,37.2,Medium,"5.3y past original commissioning date; already rescheduled, 6.0y slip declared"
617919,Construction of 4 Nos Grade separtor between km. 281.000 to km. 307.600 km. 286.400 kumhari km. 299.000 Transport Nagar km. 302.000 Power House km. 304.000 Chandra Moura Chowk to km. 305.000 supeia of NH-53 old NH-06 Raipur - Durg 4 Lane on EPC mode in the state of chhattisgarh job NO. NH-53old NH-06 CG- 2017-18-56,Roads & Highways,morth,Chhattisgarh,349.03,97.9,37.1,Medium,"5.5y past original commissioning date; already rescheduled, 4.6y slip declared"
702635,Construction of Bangalore Metro Rail Project Phase 2.,Unknown,bengaluru metro rail,Karnataka,30695.12,95.8,37.1,Medium,"5.3y past original commissioning date; already rescheduled, 5.5y slip declared; cost already revised +16%"
615332,Transmission System for Evacuation of Power from Rajasthan REZ Ph-IV [Part-2 5.5 GW][Jaisalmer/Barmer Complex] Part B [SPV Name POWERGRID Sirohi Transmission Limited],Unknown,power grid corporation of india limited [powergrid],Rajasthan,3279.0,56.15,37.1,Medium,needs 5.5%/month to hit current date
702626,Indore Metro Rail Project,Unknown,madhya pradesh metro rail co limited [mpmrcl],Madhya Pradesh,7500.8,65.48,37.0,Medium,"3.7y past original commissioning date; already rescheduled, 6.1y slip declared"
400043,Laying of POL Pipelines in Common Corridor for proposed grass root terminal at Vallur [Chennai],Energy Storage,ministryofpetroleumnaturalgas,Tamil Nadu,829.0,81.0,36.9,Medium,2 months past original date
709818,4th line - Rajnandgaon-Dongarhgarh 31.2 km PB72/NR/2022-23,Railways,caoc/secr secr mor,Chhattisgarh,328.34,5.0,36.9,Medium,spend outruns works by 25pp; needs 15.7%/month to hit current date
701658,Krishnapatnam Node - Phase 1 - Roads and Services Development,Unknown,national industrial corridor development corporation,Andhra Pradesh,2139.44,47.77,36.7,Medium,needs 7.4%/month to hit current date
611930,Lara Super Thermal Power Project Stage-II [2 x 800 MW],Unknown,national thermal power corporation [ntpc],Chhattisgarh,16106.0,33.5,36.6,Medium,elevated risk on combined profile
611884,Doubling between Bhiwani - Dobh Bahali PB73/2023-24/NR,Railways,caoc/nwr nwr mor,Haryana,471.0,77.0,36.5,Medium,elevated risk on combined profile
618400,Construction & Upgradation to 2-lane with paved shoulder from Design Km 67.805 at the end of Km 83rd Tunnel near Dhrabshalla Ex. Km 83905 to Km 80.675 start of Kishtwar Bypass - Dulhasti Ex. Km 970751 of 12.870 Km length on chenani- Sudhmahadev-Goha Khellani-Kishtwar-vailoo-Donipawa-Ashajipora seition of NH-244 in the UT of J&K on EPC Mode under NHO-Gen Pkg-3,Roads & Highways,nhidcl,Jammu and Kashmir,398.51,98.55,36.5,Medium,"3.6y past original commissioning date; already rescheduled, 2.7y slip declared"
709847,Pipeline Network Project Rudrasagar,Unknown,oil and natural gas corporation limited [ongc],Assam,481.03,55.4,36.5,Medium,3 months past original date
617994,Rehabilitation and upgradation of NH-167 from design km 113.900 to 154.479 Mallepally Haliya section to two lane with paved shoulders on EPC mode in the stte of Telangana,Roads & Highways,morth,Telangana,257.61,88.22,36.5,Medium,"6.7y past original commissioning date; already rescheduled, 6.1y slip declared"
709779,Capacity Expansion of Digboi Refinery from 0.65 to 1.0 MMTPA,Unknown,indian oil corporation limited [iocl],Assam,740.0,60.1,36.5,Medium,4 months past original date
602961,Talcher Thermal Power Station Stage III [2 x 660 MW] Expansion,Unknown,national thermal power corporation [ntpc],Odisha,12543.0,55.0,36.5,Medium,elevated risk on combined profile
400045,Proposed 6 nos Road Over Bridge [ROB] at different locations under MCL Talcher Under Deposit Scheme.,Railways,east coast railway [ecor] - ii,Odisha,168.32,82.0,36.5,Medium,16 months past original date
618211,Improvement/construction of 2-lane with paved shoulder of Askote Llipulekh road from Tawaghat village to Budhi village design km. 56935 to km 95748 and from end of Tunnel portal to Kali Mandir design km 113828 to km. 133078 [total design length 58.063 km] under project Hirak of BRO in the state of Uttarakhand under Bharatmala Pariyojna on EPC Mode,Roads & Highways,morth,Uttarakhand,649.6,37.19,36.3,Medium,needs 5.2%/month to hit current date
617968,Construction & Widening Including Augustmuni Bypass Ch-16.545 to Ch - 19.890 to 2L/PS from Km 16.545-Km 33.130 & 45.980 -57.975 Augustmuni to Kund & Guptkashi to Sitapur on NH 109 in UK,Roads & Highways,morth,Uttarakhand,418.89,95.0,36.3,Medium,"6.4y past original commissioning date; already rescheduled, 4.1y slip declared"
604833,"Andheri Residential Towers, Mumbai",Energy Storage,indian oil corporation limited [iocl],Maharashtra,389.67,86.0,36.3,Medium,"14 months past original date; already rescheduled, 2.1y slip declared; cost already revised +39%"
618651,4 Lane with PS from Des. Ch 43.800 to Des. Ch. 89.900 of Belgaum-Hungund- Raichur Section of NH-748A Package-2,Roads & Highways,nhai,Karnataka,1293.94,58.7,36.2,Medium,elevated risk on combined profile
617179,Transmission Scheme for evacuation of Power from Ratle HEP [850 MW] & kiru [624 MW] Part B,Unknown,power grid corporation of india limited [powergrid],Jammu and Kashmir,218.6,1.7,36.1,Medium,needs 8.9%/month to hit current date
618736,4L Elevated corridor of Kalimandir-Dimna Chowk-Baliguma Jamshedpur Section of NH-33 New NH-18 from km 241940 to km 251961 Length 10.021 km,Roads & Highways,nhai,Jharkhand,832.2,49.5,36.1,Medium,needs 6.3%/month to hit current date
615335,Transmission System Strengthening for Interconnections of Bhadla-III & Bikaner III Complex [SPV Name POWERGRID BHADLA BIKANER TRANSMISSION LIMITED],Unknown,power grid corporation of india limited [powergrid],Rajasthan,1382.0,57.31,36.0,Medium,needs 5.3%/month to hit current date
709759,"Petrochemical evacuation marketing terminal at Barmer, Rajasthan",Energy Storage,hindustan petroleum corporation limited,Rajasthan,461.05,97.5,36.0,Medium,elevated risk on combined profile
617950,Construction of Srinivasapura Bypass from existing Km 453.890 Design Ch. 0000 to existing Km 461.450 Design Ch 10080 on NH-69 in the State of Karnataka Under NH O in EPC mode under Annual Plan 2022-23 NH-69-KNT-2022-23-966 dated 22.11.2022,Roads & Highways,morth,Karnataka,204.42,22.0,36.0,Medium,needs 12.9%/month to hit current date
617909,Construction of Rewa Bypass to 4-lane with paved shoulder along with service road from Ratahara Chowk to Chorhata Chowk Road section of NH-30 from km 00.000 to 19.200 in the State of Madhya Pradesh on Hybrid Annuity Mode HAM.,Roads & Highways,morth,Madhya Pradesh,648.05,50.0,36.0,Medium,needs 7.1%/month to hit current date
707058,Establishment of new GMC Rajgarh,Healthcare,"medical education, ministry of health and family welfare",Madhya Pradesh,325.0,86.0,36.0,Medium,2.2y past original commissioning date
617333,Construction of surface traingle between Bhadaura and new crossing station Karma Dildarnagar-Taraghat line 11.1 km PB72/NR/2022-23,Railways,cao/con/south/mhx ecr mor,"Multi-States (Bihar, Uttar Pradesh)",199.96,0.0,35.8,Medium,spend outruns works by 32pp; needs 14.2%/month to hit current date
618305,Widening/Improvement to 2 lane with earthen shoulder of Marrem Khullen to Jessami section of NH-202 of Imphal - Ukhrul - Jessami Economic Corridor from Design Chainage km 95.700 to km 140.180 in the State of Manipur on EPC mode under Bharatmala Pariyojana under NHO-NE Package-6,Roads & Highways,nhidcl,Manipur,554.66,26.22,35.7,Medium,needs 5.7%/month to hit current date
619108,4 Lane with PS from Des. Ch 0.000 to Des. Ch. 43.800 of Belgaum-Hungund-Raichur Section of NH-748A Package-1,Roads & Highways,nhai,Karnataka,1256.55,40.21,35.7,Medium,elevated risk on combined profile
618627,Construction of 7 Nos of Standalone safety structures/works at different locations on various NHs,Roads & Highways,nhai,Maharashtra,112.03,33.35,35.6,Medium,needs 11.0%/month to hit current date
611974,Western Railway- Samakhiali-Gandhidham Quadrupiling 53 km PB34/CR/2023-24,Railways,caocwr wr mor,Gujarat,1430.0,50.0,35.6,Medium,elevated risk on combined profile
709774,Revamping/ Augmentation of facilities at existing port terminal at Mangalore,Unknown,indian oil corporation limited [iocl],Karnataka,500.62,85.6,35.6,Medium,7 months past original date
619054,Development of Keshod Airport.,Aviation & Aviation Infrastructure,airport authority of india [aai],Gujarat,363.1,46.69,35.4,Medium,needs 8.8%/month to hit current date
618113,"Improvement and up-gradation of NH-227B 84 Kosi Parikrama Marg Package III, from Km.47.800 Gosaiganj to Km.73.300 Bikapur in the State of Uttar Pradesh on EPC basis.",Roads & Highways,morth,Uttar Pradesh,587.97,50.72,35.4,Medium,elevated risk on combined profile
701410,Relining of Rajasthan feeder and Sirhind Feeder canal,Unknown,department of water resources-pb,Punjab,2462.16,95.0,35.4,Medium,"5.1y past original commissioning date; already rescheduled, 5.0y slip declared; cost already revised +71%"
701386,Gosikhurd Project,Unknown,department of water resources-mh - ii,Maharashtra,12770.1,72.65,35.3,Medium,"6.6y past original commissioning date; spend outruns works by 40pp; already rescheduled, 8.5y slip declared"
618239,"Rehabilitation & Upgradation of NH214 New NH-216 from Km 34/230 to Km 84/550 Losari to Machavaram Section to two lane with paved shoulder in the state of Andhrapradesh under NHDP-IV through Engineering, Procurement& Construction EPC mode.",Roads & Highways,morth,Andhra Pradesh,459.37,98.6,35.2,Medium,"7.8y past original commissioning date; already rescheduled, 6.8y slip declared"
615186,SASTI EXPANSION OPENCAST,Coal,wcl - cil,Maharashtra,319.04,32.21,35.2,Medium,4 months past original date; spend outruns works by 16pp; needs 8.5%/month to hit current date
705933,Nimach-Ratlam 133 km,Railways,caocwr wr mor,Madhya Pradesh,1770.58,100.0,35.2,Medium,cost already revised +62%
400162,BLOCK B EXPANSION [3.5 TO 8.0,Coal,ncl - cil,Madhya Pradesh,998.71,51.31,35.1,Medium,"3.3y past original commissioning date; already rescheduled, 4.0y slip declared; needs 6.1%/month to hit current date"
618786,4L of Phagwara - Hoshiarpur,Roads & Highways,nhai,Punjab,1503.79,20.03,35.0,Medium,spend outruns works by 17pp; cost already revised +26%; needs 6.7%/month to hit current date
618423,Construction of 2-Lane with hard shoulders of Merangkong-Tamlu-Mon MTM Road from existing Km 20.456 to Km 41.065 Design Km. 20 to Km. 40.0 Design Length- 20.000 Km in the State of Nagaland under SARDP-NE Phase-A Pkg-2 Balance work,Roads & Highways,nhidcl,Nagaland,215.79,100.0,35.0,Medium,11 months past original date
618870,4L PS from near Hemmige Village Periyapatna - Hassan Road Jn. to near Hunsur - KR Nagar Jn section from Km. 144.900 to Km. 169.000 of NH-275 Pkg. III,Roads & Highways,nhai,Karnataka,1726.65,27.8,34.9,Medium,cost already revised +95%
709816,4th line - Bhilai-Bhilai nagar 8.8 km PB72/NR/2022-23,Railways,caoc/secr secr mor,"Multi-States (Chhattisgarh, Maharashtra)",177.34,3.0,34.9,Medium,spend outruns works by 17pp; needs 13.7%/month to hit current date
618129,"Construction of Kasrawad bypass, Selani bypass, Khargone bypass & Bistan bypass Total length. 31.950 km Section of NH-347 C to Two lane with paved shoulder configuration in the State of Madhya Pradesh on EPC mode.",Roads & Highways,morth,Madhya Pradesh,467.93,99.15,34.9,Medium,elevated risk on combined profile
615189,MAKARDHOKRA EXPN OC 4.9 MTY,Coal,wcl - cil,Maharashtra,361.87,12.2,34.9,Medium,4 months past original date; spend outruns works by 17pp; only 12% built with planned time exhausted
707087,Establishment of new GMC Pithoragarh,Healthcare,"medical education, ministry of health and family welfare",Uttarakhand,768.89,78.0,34.8,Medium,cost already revised +137%
616605,Pollution Abatement Works for River Kali Meerut under Meerut Municipality Interception & Diversion with STP,Waste & Water,national mission for clean ganga,Uttar Pradesh,690.71,57.0,34.7,Medium,"19 months past original date; already rescheduled, 2.2y slip declared; needs 5.4%/month to hit current date"
618438,"4-Laning of NH-37 Section between Demow to End of Moran Bypass From Km. 534.800 to Km. 561.700 including Emergency Landing Facility ELF under SARDP-NE, Phase 'A' in the State of Assam on EPC mode",Roads & Highways,nhidcl,Assam,385.57,100.0,34.7,Medium,24 months past original date; spend outruns works by 76pp
618308,Construction of 4-Lane Panchgram Bypass from Design Chainage km 15500 on NH- 37 Old NH-53 at Kalinagar Pt.-I Village to Design Chainage km 27300 at crossing with NH-6 Old NH-44 Near Siddeswar Pt.-I Village on Silchar - Churaibari stretch in the State of Assam on EPC Mode under Bharatmala Pariyojana in Economic Corridors Silchar- Churaibari Package-2,Roads & Highways,nhidcl,Assam,728.97,57.17,34.6,Medium,needs 5.4%/month to hit current date
617254,Replacement of remaining 04 sets of Battery Cyclones with 04 Nos. of ESPs in Sinter Plant-1 at Bokaro Steel Plant,Unknown,steel authority of india limited [sail],Jharkhand,260.37,53.15,34.6,Medium,1 months past original date; needs 5.2%/month to hit current date
709781,Revamping / Augmentation of Facilities at Mathura Bitumen Plant,Unknown,indian oil corporation limited [iocl],Uttar Pradesh,260.12,57.3,34.6,Medium,needs 8.5%/month to hit current date
701400,Thoubal Multipurpose Project,Unknown,water resources department-mn,Manipur,1822.24,99.0,34.5,Medium,"6.6y past original commissioning date; already rescheduled, 7.0y slip declared; cost already revised +26%"
611918,Kosamba- Umarpada 69.70 Km PB32/WR/2023-24,Railways,caocwr wr mor,Gujarat,468.0,31.0,34.5,Medium,needs 8.6%/month to hit current date
702625,Bhopal Metro Rail Project,Unknown,madhya pradesh metro rail co limited [mpmrcl],Madhya Pradesh,6941.4,62.7,34.5,Medium,"3.7y past original commissioning date; already rescheduled, 5.6y slip declared"
618871,4L PS from Near Guddehosur to Start of Kushalnagara Bypass to near Hemmige Village Periyapatna - Hassan Road Jn from Km. 122.200 to Km. 144.900 of NH-275 Pkg. II,Roads & Highways,nhai,Karnataka,896.42,14.53,34.5,Medium,spend outruns works by 22pp
616223,ADASA UG TO OC MINE,Coal,wcl - cil,Maharashtra,316.0,86.49,34.5,Medium,"2.3y past original commissioning date; already rescheduled, 3.0y slip declared"
615192,GOKUL EXTENSION OC MINE,Coal,wcl - cil,Maharashtra,309.58,8.44,34.4,Medium,4 months past original date; only 8% built with planned time exhausted; needs 11.5%/month to hit current date
400177,AMALGAMATED YEKONA I & YEKONA,Coal,wcl - cil,Maharashtra,727.28,80.77,34.3,Medium,16 months past original date
400174,"New Sinter Plant at BSL, SAIL",Unknown,steel authority of india limited [sail],Jharkhand,1752.3,64.26,34.3,Medium,cost already revised +69%
705774,Aligarh-Daud Khan - 3rd line 6.9 km & construction of flyover at Daud Khan,Railways,cao/c/ncr ncr mor,Uttar Pradesh,779.49,87.0,34.3,Medium,"18 months past original date; already rescheduled, 2.2y slip declared"
400426,Expansion of Malanjkhand Copper Project,Unknown,hindustan copper limited [hcl],Madhya Pradesh,3800.0,28.0,34.2,Medium,"6.2y past original commissioning date; already rescheduled, 8.9y slip declared; cost already revised +105%"
701391,Aruna Medium Irrigation Project,Unknown,department of water resources-mh - ii,Maharashtra,1472.14,100.0,34.2,Medium,"6.6y past original commissioning date; spend outruns works by 18pp; already rescheduled, 6.5y slip declared"
616879,Demo Bio-ATF Project,Unknown,mangalore refinery and petrochemicals limited,Karnataka,364.0,54.8,34.2,Medium,needs 7.5%/month to hit current date
709813,New BG line intersection 5 nos between Geratpur-Sanand & Botad-Ahmedabad 16.51 km PB29/NR/2022-23,Railways,caocwr wr mor,Gujarat,463.95,22.0,34.2,Medium,spend outruns works by 78pp; needs 5.2%/month to hit current date
701657,Tumakuru Node - Phase 1 - Roads and Services Development,Unknown,nicdc,Karnataka,1701.81,27.12,34.1,Medium,needs 5.2%/month to hit current date
618808,6L Elevated Kona Expressway from Km. 0.145 to Km. 7.337 of NH-117,Roads & Highways,nhai,West Bengal,1203.11,39.99,34.1,Medium,elevated risk on combined profile
612793,"Widening of basic strip at Western Side of Runway Chainage 80m to 920m i/c slope stabilization Measures [Balance work] of uphill and Improvement of Storm Water Drainage System at Pakyong Airport, Sikkim on design & build basis [EPC] with integrated 10 years maintenance.",Aviation & Aviation Infrastructure,airport authority of india [aai],Sikkim,323.26,36.14,34.0,Medium,1 months past original date; needs 5.8%/month to hit current date
618926,4L of Siwan- Masrakh section of Ram Janki Marg from Km 230.385 to Km 281.391 of NH-227A,Roads & Highways,nhai,Bihar,1927.04,10.97,34.0,Medium,"spend outruns works by 15pp; already rescheduled, 2.0y slip declared; cost already revised +35%"
603293,Badam Coal Mining project of NTPC,Coal,national thermal power corporation [ntpc],Jharkhand,784.0,67.86,34.0,Medium,cost already revised +56%
705761,Shimoga-Shikaripura-Ranebennur 103 km umbrella work PB23/2018-19/NR,Railways,caoc/swr swr mor,Karnataka,455.86,14.0,34.0,Medium,elevated risk on combined profile
618417,"Construction of 4-Lane with paved shoulder Agartala bypass Western side, length 25.402 km connecting NH-8 near Amtali to NH-108B near Lembuchhera in the state of Tripura on EPC basis under NHO-NE",Roads & Highways,nhidcl,Tripura,2026.05,9.2,33.9,Medium,needs 11.4%/month to hit current date
611669,NER Provision of Automatic Block Signalling on Gorakhpur Cantt[Excl] Chhapra Gramin & Burhwal Jn [Excl] Sitapur Jn section of high density routes,Railways,north eastern railway [ner],"Multi-States (Bihar, Uttar Pradesh)",380.47,25.0,33.7,Medium,spend outruns works by 43pp
701370,Borolia Irrigation Project,Unknown,"department of water resources, river development & gr",Assam,256.16,55.44,33.6,Medium,"3.6y past original commissioning date; already rescheduled, 3.2y slip declared"
619033,"1000 seater Boys hostel, 500 seater Girls hostel, 1.5 MLD Sewage Treatment Plant and Faculty Residence - 72 nos. Flats",Education,nit rourkela,Odisha,198.97,50.0,33.6,Medium,1 months past original date
618867,4L Kasganj-Badaun Section from Km. 123.100 to Km. 179.500 Pkg-III of NH530B,Roads & Highways,nhai,Uttar Pradesh,1936.61,40.0,33.5,Medium,elevated risk on combined profile
611509,"Koderma Thermal Power Station Phase II [2X800 MW] At Koderma, Jharkhand",Unknown,damodar valley corporation,Jharkhand,14358.0,14.3,33.5,Medium,elevated risk on combined profile
617216,South Central Railway- 3rd line between Gudur-Renigunta stations 83.17 km PB34/CR/2023-24,Railways,cao/c/scor scor mor,Andhra Pradesh,877.34,0.0,33.5,Medium,needs 12.5%/month to hit current date
611752,Doubling between Gooty-Pendakallu 29.225 km PB73/2023-24/NR,Railways,cao/c/scor scor mor,Andhra Pradesh,351.83,0.0,33.3,Medium,spend outruns works by 42pp; needs 12.5%/month to hit current date
611855,Nathdwara Mavli - Devgarh Madariya 82.542 km,Railways,caoc/nwr nwr mor,Rajasthan,1100.0,75.0,33.3,Medium,cost already revised +14%
616050,AMALGAMATED INDER-KAMPTEE DEEP,Coal,wcl - cil,Maharashtra,235.9,98.97,33.2,Medium,"2.3y past original commissioning date; already rescheduled, 3.0y slip declared"
702630,Surat Metro Rail Project,Unknown,gujarat metro rail corporation limited [gmrcl],Gujarat,12020.32,81.9,33.2,Medium,"2.3y past original commissioning date; already rescheduled, 3.0y slip declared"
617830,C2/C3 Vijaipur Pata Pipeline,Unknown,gas authority of india limited [gail],Madhya Pradesh,1792.0,73.0,33.1,Medium,elevated risk on combined profile
612748,"Construction of 100 bed ESI Hospital and Staff Quarters [32 Nos.] at Harohalli, Karnataka",Healthcare,employee's state insurance company [esic],Karnataka,150.92,28.1,33.1,Medium,needs 10.2%/month to hit current date
618891,4L PS from Kalar Bala Village to Nauni Chowk of NH 205 from Km 41.000 to Km 58.450,Roads & Highways,nhai,Himachal Pradesh,786.91,31.46,33.0,Medium,elevated risk on combined profile
615342,Augmentation of Transformation Capacity at jam Khambhaliya PS [GIS] [SPV Name POWERGRID Jam Khambhaliya Transmission Limited],Unknown,power grid corporation of india limited [powergrid],Gujarat,329.0,33.0,33.0,Medium,needs 7.4%/month to hit current date
618415,"Improvement of existing road to 2 laning with Hard Shoulders of Maram-Peren section Package-1B, length- 17.660 km from Design Chainage 22.340 km to 40.000 km on NH-129A in the State of Manipur on EPC mode",Roads & Highways,nhidcl,Manipur,188.36,100.0,33.0,Medium,"3.6y past original commissioning date; already rescheduled, 3.2y slip declared"
618119,Rehabilitation and up-gradation to 2-lane configuration of Bageshwar to Kangarchina road from km 129.600 to Km 161.600 Existing Chainage 136.00 to Km 169.00 of NH- 309Ain the State of Uttarakhand Package-IV under NHO Annual Plan 2021-22,Roads & Highways,morth,Uttarakhand,472.23,67.0,32.9,Medium,elevated risk on combined profile
701377,Upper Tunga Irrigation Project,Unknown,water resources-ka,Karnataka,1606.07,99.32,32.9,Medium,"6.6y past original commissioning date; already rescheduled, 6.3y slip declared; cost already revised +109%"
602535,"Ratle HE Project - 850 MW, Ratle Hydroelectric Power Corporation Limited.",Unknown,national hydroelectric power corporation limited [nhpc],Jammu and Kashmir,5281.94,31.53,32.9,Medium,"5 months past original date; already rescheduled, 2.8y slip declared"
618452,"2-laning of Zorinpui - Longmasu section of NH-502A from km 0.000 to km 28.244 in the State of Mizoram on EPC mode under NHO-NE, stretch of IMBR",Roads & Highways,nhidcl,Mizoram,781.85,4.71,32.8,Medium,needs 7.9%/month to hit current date
617986,Kurnool/Kadapa Border-Jammalamadugu section of NH-167K i.e. Design Ch. Km 248010 to km 269900 to 2,Roads & Highways,morth,Andhra Pradesh,292.63,95.77,32.8,Medium,elevated risk on combined profile
617270,Eastern Region Expansion Scheme-44 [ERES-44],Unknown,power grid corporation of india limited [powergrid],"Multi-States (Bihar, West Bengal)",408.94,1.5,32.8,Medium,2 months past original date; only 2% built with planned time exhausted; needs 7.0%/month to hit current date
618306,"Widening/Improvement to 2 lane with earthen shoulder of Choithar to Marrem Khullen section of NH-202 of Imphal Ukhrul Jessami Economic Corridor from Design Chainage km 53.110 to km 95.700 in the State of Manipur on EPC mode under Bharatmala Pariyojana, under NHO-NE Package-5",Roads & Highways,nhidcl,Manipur,564.05,14.5,32.7,Medium,spend outruns works by 16pp; needs 6.6%/month to hit current date
701398,Nardave Medium Irrigation Project,Unknown,department of water resources-mh - ii,Maharashtra,781.85,75.0,32.7,Medium,"6.6y past original commissioning date; spend outruns works by 38pp; already rescheduled, 6.5y slip declared"
707410,Integrated Multi Modal Logistics Hub at Nangal Chaudhary in Haryana - Other Trunk Infrastructure Development Phase 1,Logistics Infrastructure,nicdc,Haryana,763.0,60.0,32.7,Medium,"2.6y past original commissioning date; already rescheduled, 4.4y slip declared"
617249,Replacement of existing Grinders in CRM-I & II at Bokaro Steel Plant,Unknown,steel authority of india limited [sail],Jharkhand,211.94,62.05,32.7,Medium,needs 6.3%/month to hit current date
617214,"South Central Railway- Rail connectivity to Amaravati, Capital of Andhra Pradesh Errupalem- Amaravati- Namburu New line 57 km PB7/WR/2023-24",Railways,cao/c/scor scor mor,"Multi-States (Andhra Pradesh, Telangana)",2047.4,0.0,32.6,Medium,needs 12.5%/month to hit current date
615982,NILJAI EXPANSION DEEP OCP,Coal,wcl - cil,Maharashtra,319.75,79.83,32.6,Medium,"4.3y past original commissioning date; already rescheduled, 5.0y slip declared"
618367,Improvement and Widening to 2-lane with paved shoulder of road from design Km 72.000 Pati Chhari to design Km 107.654 Harina Total length 35.654 Km on Teliamura to Harina section of NH 208 in the state of Tripura on EPC mode under JICA ODA Loan Phase VI Package-4,Roads & Highways,nhidcl,Tripura,726.9,9.5,32.6,Medium,needs 8.2%/month to hit current date
618072,Widening to Existing single lane /intermediate lane to 2 lane from Km185.00 to Km 220.00 of NH-61 New NH-02 in the state of Nagaland.,Roads & Highways,morth,Nagaland,297.25,100.0,32.5,Medium,24 months past original date
619043,Capacity Augmentation in the stretch of DhulePimpalgaon section of NH60 Km. 261.720 to Km. 380.000 by Construction of Slip/Service Road on either side at various locations total length 30.30 Km LHSRHS and Flyover 2 x 30m at Sawadgaon Phata Km. 310.415,Roads & Highways,nhai,Maharashtra,341.63,5.1,32.5,Medium,needs 6.3%/month to hit current date
618194,Rehabilitation and upgradation of New NH 544DD from design Chainage Km. 56/000 to 102/20 of Kalyandrg - Molakalmuru Section,Roads & Highways,morth,Andhra Pradesh,285.29,98.52,32.4,Medium,"6.4y past original commissioning date; already rescheduled, 5.6y slip declared"
618956,Construction of Major Bridge over Baghmati and Lakhandei River along with Approaches from Design km.16.500 to km.21.500,Roads & Highways,nhai,Bihar,380.3,26.84,32.3,Medium,elevated risk on combined profile
615818,Jawahar Khani Open Cast Mine,Coal,singareni collieries company limited [sccl],Telangana,297.88,20.0,32.3,Medium,16 months past original date; only 20% built with planned time exhausted; needs 10.0%/month to hit current date
618066,Construction of Amethi bypass Part-II at km.30.050 of NH-931 under EPC mode in the state of Uttar Pradesh,Roads & Highways,morth,Uttar Pradesh,283.86,48.0,32.3,Medium,needs 7.4%/month to hit current date
619038,Construction/upgradation to 2-lane with paved shoulder from Design Km 95.55 Bandarkoot to Km. 111.06 Chattroo of 15.52 Km length on Khellani-Kishtwar-Chattroo section on NH-244 in UT of Jammu and Kashmir on EPC Mode Pkg-5,Roads & Highways,nhidcl,Jammu and Kashmir,497.09,99.97,32.2,Medium,"3.4y past original commissioning date; already rescheduled, 3.1y slip declared"
618236,Rehabilitation and Up-gradation of Dhindi - Digamarru section from Km 126/510 to Km 135/740 of NH -214 New NH -216 and digamarru -Losari section from Km 0/000 tp Km 34/230 of NH-214 A New Nh-216 to two lane with paved shoulder in the state of AP-NH,Roads & Highways,morth,Andhra Pradesh,288.76,100.0,32.0,Medium,"8.2y past original commissioning date; already rescheduled, 5.5y slip declared"
701411,Shahpur Kandi Dam Project,Unknown,department of water resources-pb,Punjab,2715.7,88.0,32.0,Medium,"4.1y past original commissioning date; already rescheduled, 4.0y slip declared; cost already revised +19%"
612072,Barejadi Nandej Geratpur - Sanand - 4th line 38.20 km,Railways,caocwr wr mor,Gujarat,961.67,23.0,31.9,Medium,spend outruns works by 34pp
618843,Construction of two lane with paved shoulders bypass to Mungrabadshapur town starting from near Kodahu at Km 47/225 of NH-319D and ending near Nauwadandi at Km 219/720 of NH-31 under NHO in the state of Uttar Pradesh on EPC mode,Roads & Highways,nhai,Uttar Pradesh,165.28,22.79,31.8,Medium,needs 9.7%/month to hit current date
607709,NORTH EASTERN REGION POWER SYSTEM IMPROVEMENT PROJECT [NERPSIP],Unknown,power grid corporation of india limited [powergrid],"Multi-States (Assam, Manipur, Meghalaya, Mizoram, Nagaland, Tripura)",6700.0,99.2,31.7,Medium,"7.6y past original commissioning date; already rescheduled, 8.3y slip declared; cost already revised +31%"
400116,Bargi Diversion Project Phase - III [km. 104 to km 154],Unknown,water resources-mp,Madhya Pradesh,1399.7,81.52,31.7,Medium,"6.6y past original commissioning date; spend outruns works by 81pp; already rescheduled, 7.0y slip declared"
619143,4L Access Controlled Greenfield Highway section on NH-163G Khammam Vijayawada from BrahmanapalliK village at Design Ch. 250.400 Km to Remidicherla village at Design Ch. 280.200 KmPackage-II,Roads & Highways,nhai,"Multi-States (Andhra Pradesh, Telangana)",862.58,25.78,31.6,Medium,needs 6.7%/month to hit current date
618963,Construction work of 4-laning of Shahganj bypass end to Badi Package-IV of NH-146B from design km 102.000 to design km 142.357 Design length 40.357 km,Roads & Highways,nhai,Madhya Pradesh,836.64,52.15,31.5,Medium,needs 6.0%/month to hit current date
612876,"Construction of Permanent Campus for NIT Mizoram at Lengpui, Aizawl",Education,nit mizoram,Mizoram,474.23,4.0,31.5,Medium,spend outruns works by 31pp
617252,Anand Nagar - Ghughuli via Maharajganj 53.37 km,Railways,caoc/ner ner mor,Uttar Pradesh,1501.1,12.0,31.4,Medium,spend outruns works by 47pp; cost already revised +57%
618318,4-Laning of Kolasib - Sethawn section Package-5 of NH-6 from Existing Chainage km 86000 to km 107850 Design Chainage km 77500 to km 95500 on silchar - vairengte - sairang road under Bharatmala Pariyojna on EPC mode under NHO-NE Vairengte - Sairang Pkg-5,Roads & Highways,nhidcl,Mizoram,720.4,11.86,31.4,Medium,spend outruns works by 24pp; needs 8.0%/month to hit current date
605155,Kwar HE Project,Unknown,national hydroelectric power corporation limited [nhpc],Jammu and Kashmir,4526.12,36.52,31.3,Medium,elevated risk on combined profile
612142,"Singrauli Super Thermal Power Project, Stage-III [2x800 MW]",Unknown,national thermal power corporation [ntpc],Uttar Pradesh,17195.0,25.0,31.2,Medium,elevated risk on combined profile
618585,6L of Gonde Km. 439.038 to Pimpri Sado Km. 459.905 section of NH-848 Old NH-3,Roads & Highways,nhai,Maharashtra,718.84,40.5,31.2,Medium,elevated risk on combined profile
618214,Rehabilitation and upgradation to 2 lane / 2 lane with paved shoulder configuration for design chainage km 107.347 to km 129.208 & km 133.878 to km 138.570 existing chainage km 110.000 to km 133.020 & km 137.330 to km 142.028 and land slide treatment at existing km 138.500 Design chainage km 134.970 of NH -94 on EPC mode under improvement to NH connectivity to Chardham in the state of Uttarakhand.,Roads & Highways,morth,Uttarakhand,346.5,100.0,31.2,Medium,"5.0y past original commissioning date; already rescheduled, 2.9y slip declared"
618393,"Construction for Mitigation Measures of 10 Nos. Landslides, 01 No. Sinking Zones and 1 No. of Minor Bridge in between at Ch. Km 368.00 to Km 433.00 on NH-07 on EPC Mode in Uttarakhand Package-1",Roads & Highways,nhidcl,Uttarakhand,216.68,99.97,31.1,Medium,7 months past original date
617188,"Sipat Super Thermal Power Project, Stage-III [1x800 MW]",Unknown,national thermal power corporation [ntpc],Chhattisgarh,9791.0,22.31,31.1,Medium,elevated risk on combined profile
618524,Construction of 6 lane elevated corridor including its approaches from Km. 629880 to Km. 634470 Design Chainage of NH-16 in Ranasthalam Town portion in the state of Andhra Pradesh on EPC Mode under NHO.,Roads & Highways,nhai,Andhra Pradesh,192.85,39.1,31.0,Medium,elevated risk on combined profile
618976,"Gadarwara Super Thermal Power Project, Stage-II [2x800 MW]",Unknown,national thermal power corporation [ntpc],Madhya Pradesh,20446.0,11.5,30.9,Medium,elevated risk on combined profile
618811,4L Access Controlled Greenfield Highway Section Mancherial Warangal from Pangidipalle village at Design Ch. 72.350 Km to Oorugonda village at Design Ch. 112.240 KmPackage-III,Roads & Highways,nhai,Telangana,1170.64,5.63,30.9,Medium,needs 5.2%/month to hit current date
400062,"Raghunathpur Thermal Power Station Phase II [2X660 MW] at Raghunathpur, Purulia, West Bengal",Unknown,damodar valley corporation,West Bengal,17673.0,13.0,30.8,Medium,elevated risk on combined profile
400022,Taranga Hill-Abu Road via Ambaji 116.65 km,Railways,caoc/nwr nwr mor,"Multi-States (Gujarat, Rajasthan)",3198.16,48.0,30.8,Medium,cost already revised +14%
618817,4L Access Controlled Greenfield Highway section on NH-163G Khammam Vijayawada from V. Venkatayapalem village at Design Ch. 220.480 Km to BrahmanapalliK village at Design Ch. 250.400 Km Package-I.,Roads & Highways,nhai,Telangana,1021.96,45.89,30.7,Medium,elevated risk on combined profile
618436,4-Laning of Jamugurihat to end of Biswanath Chariali By-Pass from Km 182.000 to Km 208.000 of NH-52 on EPC mode in state of Assam under SARDP-NE,Roads & Highways,nhidcl,Assam,599.0,100.0,30.6,Medium,"7.1y past original commissioning date; already rescheduled, 6.1y slip declared"
619160,Balance works in AP Portion and punch list items in TN & AP portion of NH-205,Roads & Highways,nhai,Andhra Pradesh,113.46,100.0,30.6,Medium,18 months past original date
618907,2L/4L of Hoshiarpur to Una section including Hoshiarpur Bypass of NH 503A,Roads & Highways,nhai,"Multi-States (Himachal Pradesh, Punjab)",481.88,26.43,30.6,Medium,spend outruns works by 27pp; needs 7.4%/month to hit current date
701376,"Subernarekha Multipurpose Project, Jharkhand",Unknown,department of water resources-jh,Jharkhand,9579.58,70.0,30.5,Medium,"6.6y past original commissioning date; already rescheduled, 6.3y slip declared; cost already revised +152%"
618437,"Construction of Balance Work of 4-Laning of NH-37 Section between End of Moran Bypass to Bogibeel junction near Lapetketa Km. 561.700-Km. 580.875 under SARDP- NE, Phase 'A' in the State of Assam on EPC mode Pkg-I Road works & Toll Plaza",Roads & Highways,nhidcl,Assam,274.34,100.0,30.4,Medium,16 months past original date
400321,NIGAHI EXPANSION [15 TO 25 MTP,Coal,ncl - cil,Madhya Pradesh,1729.68,53.73,30.4,Medium,"16 months past original date; already rescheduled, 3.0y slip declared"
701402,"Subernarekha Project, Odisha",Unknown,"department of water resources, river development & gr",Odisha,7023.19,95.5,30.4,Medium,"6.6y past original commissioning date; spend outruns works by 23pp; already rescheduled, 6.3y slip declared"
702627,Patna Metro Rail Project,Unknown,patna metro rail corporation ltd. [pmrcl],Bihar,13365.77,50.05,30.4,Medium,"2.4y past original commissioning date; already rescheduled, 3.3y slip declared"
618125,Rehabilitation and upgradation of NH 326A from km 0/0 to 41/979 excluding km 2/255 to 3/372 and km 36/820 to 38/275 Odisha border to Narasamapeta to two lane with paved Shoulders in the State of Andhra Pradesh under NHO on EPC Mode,Roads & Highways,morth,Andhra Pradesh,228.32,100.0,30.3,Medium,"6.3y past original commissioning date; already rescheduled, 5.6y slip declared"
400102,Sri Ram Sagar Project Stage - II,Unknown,irrigation and cad-tg,Telangana,949.87,97.0,30.2,Medium,"6.6y past original commissioning date; already rescheduled, 6.0y slip declared; cost already revised +29%"
701396,Lower Pedhi Project,Unknown,department of water resources-mh - ii,Maharashtra,1480.7,65.0,30.1,Medium,"6.6y past original commissioning date; spend outruns works by 142pp; already rescheduled, 6.5y slip declared"
616843,Ajmer-Chanderiya section 178.28 km Umbrella work PB57/2019-20/NR,Railways,caoc/nwr nwr mor,Rajasthan,1634.79,23.0,30.0,Medium,elevated risk on combined profile
618818,4L Access Controlled Greenfield Highway section on NH-163G Khammam Vijayawada from Remidicherla village at Design Ch. 280.200 Km to Jakkampudi village on NH-16 at Design Ch. 309.909 Km Package-III,Roads & Highways,nhai,"Multi-States (Andhra Pradesh, Telangana)",1225.14,5.8,29.9,Medium,needs 5.5%/month to hit current date
400148,AMADAND OCP[4.0MTY],Coal,secl - cil,Madhya Pradesh,869.44,75.15,29.7,Medium,"5.3y past original commissioning date; already rescheduled, 6.0y slip declared"
619293,Construction of 4 Lane Access Controlled Bypass for Dehradun on NH307 from Design Chainage km 0050 Jhajra on NH-07 to Design Chainage km 12220 Asharori on EPC Mode in the State of Uttarakhand under NHO,Roads & Highways,nhai,Uttarakhand,337.11,62.79,29.7,Medium,elevated risk on combined profile
618814,4L Access Controlled Greenfield Highway section on NH163G Warangal-Khammam from Oorugonda village in Hanamkonda District at Design Ch. 112.240 Km to Venkatpur village in Warangal District at Design Ch. 150.240 KmPackage-I,Roads & Highways,nhai,Telangana,1140.82,0.5,29.6,Medium,elevated risk on combined profile
701415,Polavaram Irrigation Project,Unknown,water resources-ap,Andhra Pradesh,55548.87,86.15,29.4,Medium,"4.2y past original commissioning date; already rescheduled, 3.9y slip declared; cost already revised +447%"
618812,4L Access Controlled Greenfield Section Mancherial Warangal from Puttapaka village at Design Ch. 35.300 Km to Pangidipalle village at Design Ch. 72.350 KmPackage-II,Roads & Highways,nhai,Telangana,1145.41,9.04,29.4,Medium,needs 5.3%/month to hit current date
618508,Construction of Additional Structures including Approaches in Vadodara Surat Section of NH48 between existing Km. 108.000 to Km. 250.000,Roads & Highways,nhai,Gujarat,907.39,48.73,29.3,Medium,elevated risk on combined profile
611495,Development of New Civil Enclave at Bagdogra Airport,Aviation & Aviation Infrastructure,airport authority of india [aai],West Bengal,1549.0,27.9,29.2,Medium,needs 9.0%/month to hit current date
615206,GANDHIGRAM UG MINE,Coal,wcl - cil,Madhya Pradesh,414.15,56.88,29.1,Medium,4 months past original date; needs 5.4%/month to hit current date
612845,Pachora-Jamner with extension upto Malkapur-Narrow gauge to broad gauge 84 km,Railways,caoc/cr cr mor,Maharashtra,2093.82,10.0,29.1,Medium,cost already revised +119%; needs 6.9%/month to hit current date
619051,"Nabinagar Super Thermal Power Project, Stage-II [3x800 MW]",Unknown,national thermal power corporation [ntpc],Bihar,29948.0,15.0,29.0,Medium,elevated risk on combined profile
701408,Madhya Ganga canal Phase-II,Unknown,irrigation & water resources-up,Uttar Pradesh,4417.21,82.39,29.0,Medium,"6.6y past original commissioning date; spend outruns works by 21pp; already rescheduled, 6.0y slip declared"
619145,Four Laning of Una to Kodinar from km. 180.478 to km. 221.610 Package-V,Roads & Highways,nhai,Gujarat,1126.66,100.0,28.9,Medium,"6.9y past original commissioning date; already rescheduled, 5.6y slip declared; cost already revised +28%"
617257,Rebuilding of Coke Oven Battery No.6 at Bokaro Steel Plant,Unknown,steel authority of india limited [sail],Jharkhand,627.31,68.07,28.9,Medium,elevated risk on combined profile
603945,Integrated Anandpur Barrage Project,Unknown,water resources-or,Odisha,2990.05,62.85,28.9,Medium,"6.6y past original commissioning date; spend outruns works by 31pp; already rescheduled, 6.5y slip declared"
701383,Waghur Project,Unknown,department of water resources-mh - ii,Maharashtra,1758.51,89.57,28.8,Medium,"6.6y past original commissioning date; already rescheduled, 6.3y slip declared; cost already revised +66%"
618455,Development of External Trunk Connectivity and Internal Infrastructure Works at Multi Model Logistics ParkMMLP at Jogighopa in the State of Assam on EPC Mode Package-I Road and Utility Works,Roads & Highways,nhidcl,Assam,693.97,100.0,28.8,Medium,"4.2y past original commissioning date; already rescheduled, 2.4y slip declared"
701404,Kanupur Irrigation Project,Unknown,irrigation and cad-tg,Odisha,2301.28,79.5,28.4,Medium,"6.6y past original commissioning date; spend outruns works by 42pp; already rescheduled, 6.5y slip declared"
619341,"Telangana Super Thermal Power Project , Stage-II [3 x 800 MW]",Unknown,national thermal power corporation [ntpc],Telangana,29344.85,0.97,28.4,Medium,elevated risk on combined profile
618311,Widening/lmprovement to 4-Lane with Paved shoulder for existing as well as Greenfield alignment of Badarpur Churaibari section of NH-8 from Design chainage 87.700 Chandkhira to Km. 106.500 Churaibari section Assam-Tripura border in the state of Assam on HAM Mode Package-6,Roads & Highways,nhidcl,Assam,870.0,40.99,28.4,Medium,needs 7.4%/month to hit current date
613800,JAGANNATHPUR OC RCE PROJECT,Coal,secl - cil,Chhattisgarh,459.49,96.15,28.4,Medium,16 months past original date
612186,350 Bedded [Upgradable to 500 beds] ESI Hospital at Sanand,Healthcare,employee's state insurance company [esic],Gujarat,558.12,28.0,28.3,Medium,4 months past original date; needs 7.2%/month to hit current date
619056,"Darlipali Super Thermal Power Project, Stage-II [1x800 MW]",Unknown,national thermal power corporation [ntpc],Odisha,11131.0,2.7,28.3,Medium,elevated risk on combined profile
612745,"Construction of 200 bed ESI Hospital at Bommasandra, Karnataka",Healthcare,employee's state insurance company [esic],Karnataka,278.0,35.0,28.2,Medium,needs 6.5%/month to hit current date
400115,Bargi Diversion Project Phase - IV [km. 154 to km 197],Unknown,water resources-mp,Madhya Pradesh,893.35,75.0,28.2,Medium,"6.6y past original commissioning date; spend outruns works by 16pp; already rescheduled, 6.3y slip declared"
400111,Kelo Irrigation Project,Unknown,water resources-ct,Chhattisgarh,727.04,73.0,28.2,Medium,"6.6y past original commissioning date; already rescheduled, 6.5y slip declared; cost already revised +58%"
705941,Bangalore Suburban Railway Project,Railways,karnataka rail infrastructure development company limited [k-ride],Karnataka,15767.0,20.02,28.0,Medium,"already rescheduled, 3.2y slip declared"
400424,GEVRA OC [70 MTY],Coal,secl - cil,Chhattisgarh,11816.4,78.48,28.0,Medium,"3.3y past original commissioning date; already rescheduled, 4.0y slip declared"
617069,Augmentation of Transformation Capacity at KPS1 [GIS] and KPS2 [GIS] [Phase-V Part B1 and Part B2 Scheme] [SPV Name- POWERGRID KPS1 and 2 Augmentation Transmission Limited],Unknown,power grid corporation of india limited [powergrid],Gujarat,466.0,37.0,27.9,Medium,needs 8.9%/month to hit current date
National Thermal Power Corporation [NTPC],"Meja Thermal Power Project, Stage-II ,",Unknown,3x800 mw,Uttar Pradesh,38358.0,0.02,27.8,Medium,elevated risk on combined profile
617829,LPG Bottling Plant at Mualkhang,Energy Storage,indian oil corporation limited [iocl],Mizoram,225.71,34.0,27.7,Medium,elevated risk on combined profile
618295,Improvement/Widening of New NH-217 Dainadubi-Darugiri section to Two lane with paved shoulder in Meghalaya from design Km 0000 to Km 40840 existing Km 8600 to Km 53000 of Old NH-62 under BMP Lot-1 Pkg-1B Meghalaya portion,Roads & Highways,nhidcl,Meghalaya,705.83,46.38,27.6,Medium,needs 6.7%/month to hit current date
618249,Widening to 4 lane from km. 108.50 to km 139.00 of NH-135A Pkg-II Jaunpur Akbarpur section on Hybrid Annuity Mode in the state of Uttar Pradesh,Roads & Highways,morth,Uttar Pradesh,1511.57,40.0,27.6,Medium,needs 7.5%/month to hit current date
616841,Pushkar - Merta Katyasani 51.346 km,Railways,caoc/nwr nwr mor,Rajasthan,799.64,7.0,27.6,Medium,"spend outruns works by 23pp; already rescheduled, 2.0y slip declared"
618922,4L of Shakral Village to Dhalli Section from Km 146.300 to Km 156.560 Shimla Bypass - Pkg II and Shimla connectivity from Km 0.000 to Km 0.725 of NH-5,Roads & Highways,nhai,Himachal Pradesh,2880.72,59.88,27.4,Medium,cost already revised +47%
400205,Sahjanwa - Dohrighat 81.17 km,Railways,caoc/ner ner mor,Uttar Pradesh,1319.75,1.0,27.4,Medium,spend outruns works by 54pp
706865,Chandorgaon-Cansaulim rail flyover 16 km Umbrella work PB57/2019-20/NR,Railways,caoc/swr swr mor,Goa,1892.0,0.0,27.3,Medium,elevated risk on combined profile
400231,NLC Talabira Thermal Power Project,Unknown,nlc india limited,Odisha,27212.96,4.1,27.2,Medium,elevated risk on combined profile
618790,Construction of four laning of Bakarpur- Manikpur road section starting from village Chitarsenpur km 0000 and terminating at SH-74 near Manikpur 38814 at NH-139W under Bharatmalapariyona,Roads & Highways,nhai,Bihar,1537.99,49.0,27.0,Medium,elevated risk on combined profile
400100,Sardar Gouthu Latchanna Thotapalli Barrage Project,Unknown,water resources-ap,Andhra Pradesh,1023.24,95.88,27.0,Medium,"6.6y past original commissioning date; already rescheduled, 6.5y slip declared; cost already revised +190%"
709815,4th line - Bhatapara-Hathband 8.8 km PB72/NR/2022-23,Railways,caoc/secr secr mor,"Multi-States (Chhattisgarh, Maharashtra)",177.03,3.0,26.9,Medium,needs 5.7%/month to hit current date
701405,J. Chokka Rao Devadula Lift Irrigation Scheme,Unknown,irrigation and cad-tg,Telangana,14730.0,87.7,26.9,Medium,"6.6y past original commissioning date; already rescheduled, 6.0y slip declared; cost already revised +80%"
615843,TETARIAKHAR OC,Coal,ccl - cil,Jharkhand,232.64,30.06,26.9,Medium,16 months past original date; needs 8.8%/month to hit current date
612066,Rajasthan Metro Rail Project Phase 1C from Badi Chaupar to Transport Nagar via Galta Gate,Unknown,jaipur metro rail corporation,Rajasthan,980.08,0.0,26.9,Medium,needs 11.1%/month to hit current date
400103,Indiramma Flood Flow Canal Project,Unknown,irrigation and cad-tg,Telangana,5940.09,92.0,26.8,Medium,"6.6y past original commissioning date; already rescheduled, 7.0y slip declared; cost already revised +346%"
400178,DINESH[MAKARDHOKRA-III] OC,Coal,wcl - cil,Maharashtra,822.88,40.63,26.7,Medium,spend outruns works by 56pp; needs 7.4%/month to hit current date
616671,Transmission System under ISTS for evacuation of Power from Kudankulam Unit-3&4 [2x1000 MW] [SPV Name POWERGRID Kudankulam Tarnsmission Limited],Unknown,power grid corporation of india limited [powergrid],Tamil Nadu,548.0,23.78,26.6,Medium,needs 9.5%/month to hit current date
705919,Agra Fort-Bandikui Doubling Line Project,Railways,cao/c/ncr,Rajasthan,1390.0,56.0,26.5,Medium,elevated risk on combined profile
400087,Redevelopment of Sobhasan Complex,Unknown,oil and natural gas corporation limited [ongc],Gujarat,1347.61,95.6,26.4,Medium,cost already revised +52%
612183,Development of New Civil Enclave at Bihta,Aviation & Aviation Infrastructure,airport authority of india [aai],Bihar,1413.0,4.15,26.3,Medium,needs 12.0%/month to hit current date
611971,Samni-Jambusar 24.08 km,Railways,caocwr wr mor,Gujarat,349.93,40.0,26.2,Medium,elevated risk on combined profile
612815,Nipania-Bhatapra 14.4 km 4th line PB72/NR/2022-23,Railways,caoc/secr secr mor,Chhattisgarh,170.49,3.0,26.2,Medium,needs 12.2%/month to hit current date
617224,Gorakhpur-Valmikinagar Doubling project,Railways,ner,"Multi-States (Bihar, Uttar Pradesh)",1120.0,32.0,26.2,Medium,elevated risk on combined profile
618816,4L Access Controlled Greenfield Highway section on NH-163G Warangal-Khammam from Thallasenkesa village at Design Ch. 189.650 km to V.Vekatayapalem village in Khammam District at Design Ch. 220.480 KmPackage-III,Roads & Highways,nhai,Telangana,1098.05,10.11,26.1,Medium,needs 7.5%/month to hit current date
611957,"Phase III A works at IIT Indore [03 Hostels, 01 Studio Apartment, 01 Housing, Heavy & Sophisticated lab complex, Academic POD and Infrastructure for center of excellence]",Education,"indian institute of technology, indore",Madhya Pradesh,496.28,67.5,26.0,Medium,elevated risk on combined profile
701372,Sardar Sarovar Project,Unknown,"narmada and water resources, water supply and kalpsar department-gj",Gujarat,33412.5,93.7,25.9,Medium,"6.6y past original commissioning date; already rescheduled, 6.3y slip declared; cost already revised +61%"
613793,SHYAMSUNDARPUR UG INCLUDING SA,Coal,ecl - cil,West Bengal,483.65,16.79,25.9,Medium,"4 months past original date; already rescheduled, 2.0y slip declared; only 17% built with planned time exhausted"
618159,"Construction of new 2 Lane with paved shoulders of NH Standards from km 0.080 to km 11.690 L11.610 km in Majuli and from km 19.715 to km 27.484 L 7.769 km in Jorhat on the newly declared NH 715K and construction of 1.10 km flyover on NH-715 with its approaches and service roads L1.10 km, Total Length 20.479 km in the State of Assam Job No. 715K/AS/2023-24/256",Roads & Highways,morth,Assam,382.1,6.7,25.9,Medium,needs 11.7%/month to hit current date
617250,Secondary Emission Control in Converters of SMS-II at Bokaro Steel Plant,Unknown,steel authority of india limited [sail],Jharkhand,207.13,55.91,25.9,Medium,elevated risk on combined profile
400187,INTEGRATED LAKHANPUR-BELPAHAR-,Coal,mcl - cil,Odisha,2434.75,82.9,25.7,Medium,elevated risk on combined profile
618252,"Improvement and Up-gradation to two Lane with Paved Shoulder/Four Lane configuration from existing Km 130.000 to Km 191.000 design km 131.500 to Km 188.735, Design length 57.235 Km of NH-227A near Barhalganj to Mehrauna Ghat in the state of Uttar Pradesh on Hybrid Annuity Model HAM basis",Roads & Highways,morth,Uttar Pradesh,1344.61,58.0,25.7,Medium,cost already revised +38%
612827,Flyover between Pendurthi-Simhachalam North to avoid surface crossing at Simhachalam 7.135 km PB73/2023-24/NR,Railways,cao/c/scor scor mor,Andhra Pradesh,183.65,21.0,25.6,Medium,needs 8.8%/month to hit current date
617364,Central Railway - Double chord line between Nilaje and Kopar 4.495 km PB34/CR/2023-24,Railways,caoc/cr cr mor,Maharashtra,205.0,15.0,25.5,Medium,elevated risk on combined profile
618738,6L Bridge and its approaches across River Ganga as Part of Patna Ring Road NH- 131G starting from Km 8.480 near Sherpur to Km 23.000 near Dighwara,Roads & Highways,nhai,Bihar,3351.62,22.05,25.4,Medium,elevated risk on combined profile
619328,ONGC-BP Redevelopment Phase-1 Scheme of Mumbai High Field,Unknown,oil and natural gas corporation limited [ongc],Maharashtra,3908.0,56.3,25.2,Medium,needs 5.5%/month to hit current date
609424,"Development of Container Terminal at Tuna-Tekra, Deendayal Port on BOT Basis Under PPP Mode",Unknown,deendayal port trust,Gujarat,4243.64,60.0,25.2,Medium,elevated risk on combined profile
611586,Sunni Dam Hydro Electric Project [382 MW],Unknown,satluj jal vidyut nigam [sjvn] thermal limited,Himachal Pradesh,4555.49,34.66,25.1,Medium,cost already revised +74%
618540,Construction of Ring Road around Kanpur from Ch.23.325 to Ch.32.090 Chaudhariya to Transganga Package-IIA,Roads & Highways,nhai,Uttar Pradesh,977.45,49.85,24.8,Low,elevated risk on combined profile
618359,Widening/Improvement to 4-Lane with Paved Shoulder from km 55000 Nagabang Gamsuk to km 82514 Oyan in the State of Assam and Arunachal Pradesh on EPC mode under Bharatmala Pariyojna of Length 27.514 Km Package-3,Roads & Highways,nhidcl,"Multi-States (Arunachal Pradesh, Assam)",665.47,96.7,24.7,Low,elevated risk on combined profile
615202,Capacity expansion of Deposit-14 and 14 NMZ at Kirandul,Metals & Mining,national mineral development corporation limited [nmdc],Chhattisgarh,1756.2,23.09,24.7,Low,elevated risk on combined profile
400204,"Bahraich - Khalilabad via Bhinga, Shravasti, Balrampur, Utraula, Domriyaganj, Mehdawal, Bansi 240.26 km",Railways,caoc/ner ner mor,Uttar Pradesh,4939.78,15.0,24.6,Low,spend outruns works by 19pp
618536,Construction of Ring Road around Kanpur from Ch.68.650 to Ch.93.209 Jarkala to Pakari Package-IV in State of Uttar Pradesh.,Roads & Highways,nhai,Uttar Pradesh,1192.16,39.2,24.5,Low,needs 5.5%/month to hit current date
615345,Transmission System for Evacuation of Power from Potential Renewable Energy Zone in Khavda area of Gujarat under Phase-IV [7GW] Part B [SPV Name POWERGRID South Olpad Transmission Limited],Unknown,power grid corporation of india limited [powergrid],Gujarat,4766.0,38.26,24.3,Low,elevated risk on combined profile
709842,"Kalol Redevelopment Project, Ahmedabad Asset",Unknown,oil and natural gas corporation limited [ongc],Gujarat,1487.41,66.0,24.3,Low,elevated risk on combined profile
617936,Widening to two/four lane with paved shoulder from Km.180.600 to Km.223.000 of NH-63 on Nizamabad-Jagadalpur road on EPC mode under NHO in the state of Telangana.,Roads & Highways,morth,Telangana,183.26,100.0,24.2,Low,7.3y past original commissioning date
618691,4 laning of Aligarh-Palwal Section from Km. 46.390 Design Chainage to Km. 69.110 Terminating at junction EPE Package-II from Kurana- Eastern Peripheral Expressway of NH-334D,Roads & Highways,nhai,"Multi-States (Haryana, Uttar Pradesh)",903.94,17.16,24.2,Low,needs 6.4%/month to hit current date
618707,Additional works under BM1 to ensure road safety under 6L of Bengaluru Mysuru Access control with close toll from Km.17.300 to Km.136.300 of NH-275,Roads & Highways,nhai,Karnataka,738.37,12.67,24.1,Low,elevated risk on combined profile
618966,Six laning with both sides Service Road of Ayodhya Bypass from Design Km 0000 near Ashram Tiraha on NH-46 to Km 16439 end at Ratnagiri Tiraha on Nh-146,Roads & Highways,nhai,Madhya Pradesh,1103.22,21.61,24.1,Low,needs 6.0%/month to hit current date
618246,Construction of New 4-Lane Bridge Parallel to existing Vikramashila Setufrom km 8920 to Km 13375including approach road 35m Naugachhia side &53 m Bhagalpur sideacross River Ganga on newly declared NH-131B at Bhagalpur in the State of Bihar,Roads & Highways,morth,Bihar,1110.23,52.6,24.1,Low,elevated risk on combined profile
616983,Kosamba Umarpada GC PROJECT,Railways,ministry of railways-,Gujarat,467.58,16.0,24.0,Low,needs 7.6%/month to hit current date
618244,Construction of Raebareli Ring Road Phase-2 with four Lane configuration for Raebareli City in the state of Uttar Pradesh on Hybrid Annuity Model HAM basis,Roads & Highways,morth,Uttar Pradesh,1273.72,55.0,24.0,Low,elevated risk on combined profile
619313,Setting up of 50 MW [plus/minus 5 percent] Wind Power Plant for Captive Consumption at MR,Energy Storage,bharat petroleum corporation limited [bpcl],Maharashtra,483.14,77.9,23.9,Low,elevated risk on combined profile
618954,Umagaon - Saharsa Package - I Combined Umagaon-Kaluahi0.000KM to 21.609Km of NH227LSaharghat-Rahika0.000 Km to 26.130KM of NH227JRahika-Rampatti 0.00 KM to 15.00KM of NH527ABideshwarsthan-Bheja0.000KM to 25.915KM of NH527A.,Roads & Highways,nhai,Bihar,1703.02,23.78,23.9,Low,cost already revised +16%; needs 6.4%/month to hit current date
618766,Up-gradation to Four Lane with Paved Shoulder configuration of the highway starting from existing km 88.400 Savali Vihir to km 163.400 start of Ahmednagar bypass Design Length 75.000 km section of NH-160 in the State of Maharashtra under Bharatmala Pariyojana on EPC Mode,Roads & Highways,nhai,Maharashtra,617.93,48.55,23.7,Low,needs 5.7%/month to hit current date
400101,Gundlakamma project,Unknown,water resources-ap,Andhra Pradesh,697.39,98.3,23.7,Low,"6.6y past original commissioning date; already rescheduled, 7.3y slip declared; cost already revised +75%"
613802,KANCHAN OC EXP,Coal,secl - cil,Madhya Pradesh,371.04,58.2,23.7,Low,"4 months past original date; already rescheduled, 2.0y slip declared"
705741,Jeypore - Navarangpur 38 km,Railways,cao/c/ecor ecor mor,Odisha,747.91,1.0,23.7,Low,elevated risk on combined profile
611970,Samlaya-Timba Road 53.53 km,Railways,caocwr wr mor,Gujarat,670.17,25.0,23.6,Low,elevated risk on combined profile
616842,LUNI- SAMDARI- BHILDI DOUBLING,Railways,north western railway [nwr],"Multi-States (Gujarat, Rajasthan)",3085.59,36.0,23.6,Low,needs 5.3%/month to hit current date
707051,Establishment of new GMc Udhampur,Healthcare,"medical education, ministry of health and family welfare",Jammu and Kashmir,325.0,75.0,23.4,Low,elevated risk on combined profile
618215,"Improvement/construction of existing CL-5 Road to NH Intermediate lane specification with hard shoulder from Km 166.000 to 203.77 net Length 37.770 kms of NH-505 Sumdo-Kaza-Gramphoo road in the state of Himachal Pradesh on EPC mode under project Deepak, BRO",Roads & Highways,morth,Himachal Pradesh,194.0,22.26,23.4,Low,needs 7.1%/month to hit current date
617804,Mechanization of Berth No.14 for handling Containers and other cargo on DBFOT basis - Phase II,Unknown,new mangalore port authority,Karnataka,153.23,95.0,23.4,Low,elevated risk on combined profile
701574,Deepening and Optimization of Inner Harbour facilities including development of Western Dock on BOT basis to handle Cape size vessels,Unknown,paradip port trust [ppt],Odisha,3004.63,76.0,23.3,Low,elevated risk on combined profile
705742,Jeypore - Malkangiri 130 km,Railways,cao/c/ecor ecor mor,Odisha,2343.64,6.0,23.3,Low,spend outruns works by 25pp
602182,Dibang Multipurpose Project,Unknown,national hydroelectric power corporation limited [nhpc],Arunachal Pradesh,31876.39,17.93,23.3,Low,elevated risk on combined profile
617422,Bodwad Parisar Sinchan Yojna,Unknown,department of water resources-mh,Maharashtra,1923.81,49.6,23.2,Low,elevated risk on combined profile
618076,Improvement and Widening two lannig with paved Shoulder of NH 127B from km 31.500 Goeragre to km 63.224 Package-II in state of Meghalaya,Roads & Highways,morth,Meghalaya,350.67,4.5,23.1,Low,needs 9.6%/month to hit current date
900874,Jhajha - Batia 20 km Umbrella work PB23/2018-19/NR,Railways,cao/con/south/mhx ecr mor,Bihar,588.18,0.0,23.0,Low,elevated risk on combined profile
617210,Tirupati-Pakala-Katpadi Doubling 104.39 Km Item83/NR/2024-25,Railways,cao/c/scor scor mor,"Multi-States (Andhra Pradesh, Tamil Nadu)",1215.56,0.0,22.9,Low,elevated risk on combined profile
617182,Augmentation of Banaskantha [Raghanesda] PS [GIS] [POWERGRID Banaskantha Transco Limited],Unknown,power grid corporation of india limited [powergrid],Gujarat,172.0,42.0,22.9,Low,needs 7.3%/month to hit current date
617304,"Setting up of LPG Plant with Rail Unloading Facility at Hathua, Dist. Gopalganj, Bihar",Unknown,bharat petroleum corporation limited [bpcl],Bihar,340.15,56.0,22.8,Low,needs 5.5%/month to hit current date
619311,Kalai-II Hydro Electric Project [1200 MW],Unknown,thdc india limited,Arunachal Pradesh,14105.83,0.0,22.8,Low,elevated risk on combined profile
616699,Multi tracking of Son Nagar-Andal 374.53 rkm & 814.38 tkm PB34/ECOR/2023-24,Railways,cao/con/south/mhx ecr mor,"Multi-States (Bihar, Jharkhand, Uttar Pradesh, West Bengal)",12333.57,3.0,22.6,Low,elevated risk on combined profile
615340,TRANSMISSION SYSTEM FOR EVACUATION OF POWER FROM RAJASTHAN REZ PH-IV [PART-3/ 6 GW] [BIKANER COMPLEX] PART B [SPV Name POWERGRID Siwani Transmission Limited],Unknown,power grid corporation of india limited [powergrid],"Multi-States (Haryana, Rajasthan)",5357.0,36.53,22.6,Low,needs 8.0%/month to hit current date
617923,Construction of Daspalla Bypass from km 195.250 To 200.635 of NH-57 including land acquisition in the state of Odisha on EPC mode under Annual Plan 2022-23.,Roads & Highways,morth,Odisha,155.97,25.0,22.5,Low,needs 7.5%/month to hit current date
617883,"Redevelopment of Residential colonies at Ayur Vigyan Nagar and West Ansari Nagar campuses of AIIMS, New Delhi",Healthcare,pmssy and institute of national importance,Delhi,4441.0,57.0,22.4,Low,elevated risk on combined profile
400023,Construction of New BG line between Hassan to Belur [27 Km],Railways,south western railway [swr] - ii,Karnataka,749.0,0.5,22.4,Low,elevated risk on combined profile
617239,Narkatiaganj-Raxaul-Sitamarhi-Darbhanga & Sitamarhi-Muzaffarpur Sections doubling 256 km Umbrella work PB57/2019-20/NR,Railways,cao/con/north/mhx ecr mor,Bihar,4079.96,0.0,22.3,Low,elevated risk on combined profile
701338,City Gas Distribution Maharashtra Natural Gas Limited,Unknown,gas authority of india limited [gail],Karnataka,5535.0,47.0,22.3,Low,spend outruns works by 34pp
616694,Flyover between Siju & Paradeep coaching yard 7 km PB73/2023-24/NR,Railways,cao/c/ecor ecor mor,Odisha,200.77,0.0,22.2,Low,spend outruns works by 28pp
400154,EPR PUNDI OCP,Coal,ministry of coal,Jharkhand,639.6,11.24,22.2,Low,needs 11.1%/month to hit current date
617938,Rehabilitation And Upgradation to four lane with paved shoulder configuration from km 24350 to km 61875 Jawale - Borgaon Kale of NH-63 in the State of Maharashtra on EPC mode under Annual Plan 2024-25 Total length - 37.525 Km.,Roads & Highways,morth,Maharashtra,574.18,20.0,22.2,Low,needs 10.0%/month to hit current date
617405,Jamnagar Transmission Limited,Unknown,adani transmission limited,Gujarat,4000.0,24.0,22.1,Low,needs 5.4%/month to hit current date
617832,Koderma-Barkakana Arigada 133 Km,Railways,cao/con/south/mhx ecr mor,Jharkhand,2887.11,0.0,22.1,Low,elevated risk on combined profile
617215,Doubling between Parbhani-Parli Vaijnath stations 64.71 km PB34/CR/2023-24,Railways,caocon/scr scr mor,Maharashtra,769.93,1.0,22.1,Low,spend outruns works by 22pp
400172,CHITRA EAST OC,Coal,ecl - cil,Jharkhand,513.99,53.03,22.0,Low,"4 months past original date; already rescheduled, 2.0y slip declared"
615339,Transmission system for evacuation of power from Rajasthan REZ Ph-IV [Part- 3/6GW] [Bikaner complex] Part A [SPV Name POWERGRID Bikaner IV Transmission Limited],Unknown,power grid corporation of india limited [powergrid],"Multi-States (Haryana, Punjab, Rajasthan)",5969.0,33.3,22.0,Low,needs 7.4%/month to hit current date
701530,Ken-Betwa Linking Development Project,Unknown,"department of water resources, river development,","Multi-States (Madhya Pradesh, Uttar Pradesh)",21030.0,0.0,21.9,Low,spend outruns works by 41pp
617971,Up-gradation to Two/Four lane with paved shoulder Configuration of Kondagaon- Narayanpur from design ch. 0.00 - 48.693 Design Length 47.493 Km. 1.20 Km. retained on NH-130D under EPC mode in the State Chhattisgarh.,Roads & Highways,morth,Chhattisgarh,322.4,70.0,21.9,Low,elevated risk on combined profile
611945,Petlad-Bhadran 22.5 km,Railways,caocwr wr mor,Gujarat,307.12,32.0,21.8,Low,elevated risk on combined profile
618538,Construction of Ring Road around kanpur from Ch.51.200 to Ch. 68.650 Badarka to Harbanch-Uchti Pkg-III,Roads & Highways,nhai,Uttar Pradesh,1126.75,34.8,21.7,Low,needs 5.4%/month to hit current date
612513,"Construction of 100 Bedded ESI Hospital at Duburi, Odisha.",Healthcare,employee's state insurance company [esic],Odisha,164.6,7.2,21.7,Low,needs 8.4%/month to hit current date
707046,Establishment of new GMC Kanker,Healthcare,"medical education, ministry of health and family welfare",Chhattisgarh,325.0,45.0,21.6,Low,needs 6.9%/month to hit current date
618981,810 MW Solar Power Project - Rajasthan,Unknown,nlc india limited [nlcil],Rajasthan,4147.07,0.0,21.6,Low,elevated risk on combined profile
619225,Installation of Compression facility at GAIL Usar,Unknown,gas authority of india limited [gail],Maharashtra,260.2,0.0,21.5,Low,needs 11.1%/month to hit current date
611943,New BG line between Naliya - Jakhau Port 24.88 Km,Railways,caocwr wr mor,Gujarat,410.26,5.0,21.4,Low,elevated risk on combined profile
619270,"Upgradation of 6 laned Jaipur- Kishangarh section of NH-48 from km 274100 to 363885 involving construction of flyovers and Service road in Rajasthan On Engineering, Procurement & Construction EPC Mode",Roads & Highways,nhai,Rajasthan,910.91,0.0,21.4,Low,elevated risk on combined profile
618511,Upgradation & rehabilitation of Service Roads on both sides in urban areas of Pune City on PuneSatara section of NH48,Roads & Highways,nhai,Maharashtra,388.78,24.08,21.3,Low,needs 6.9%/month to hit current date
619314,Pipeline Replacement Project- PRP-IX,Unknown,oil and natural gas corporation limited [ongc],Offshore,6175.0,23.5,21.1,Low,needs 7.7%/month to hit current date
706854,Boridand-Ambikapur 118.81 km Umbrella work PB57/2019-20/NR,Railways,caoc/secr secr mor,Chhattisgarh,1576.72,38.0,21.1,Low,cost already revised +15%
618287,"Widening/Improvement to 4-Lane with paved Shoulder from Ch. 25.633 Km to Ch. 52.470 Km Design Ch. 21.850 Km to Ch.48.670 Km for Package-2 of Bilasipura- Guwahati road NH-17 Section Near Mowatari, before Chapar Bypass to Tulungia junction with NH-17 in the state of Assam on HAM mode under NHO-NE Package-2",Roads & Highways,nhidcl,Assam,1338.61,12.45,21.0,Low,needs 8.0%/month to hit current date
615344,Transmission System for Evacuation of Power from Rajasthan REZ Ph-IV [Part-2 5.5GW] [Jaisalmer/Barmer Complex] Part H1 [POWERGRID KURAWAR TRANSMISSION LIMITED],Unknown,power grid corporation of india limited [powergrid],Madhya Pradesh,3674.0,47.9,20.9,Low,elevated risk on combined profile
400180,BONJEMEHARI EXPANSION OCP,Coal,eastern coal fields limited [ecl],West Bengal,570.11,17.13,20.8,Low,"4 months past original date; already rescheduled, 4.0y slip declared; only 17% built with planned time exhausted"
615188,NEW MAJRI UG TO OC 3 MTY COST,Coal,wcl - cil,Maharashtra,402.27,24.17,20.8,Low,needs 9.5%/month to hit current date
619024,Mahan Transmission Limited,Unknown,adani transmission limited,Madhya Pradesh,3125.32,30.0,20.6,Low,needs 7.8%/month to hit current date
618506,"Construction of Additional Structures, Improvement of Service Road & Maintenance of Six Lane Gurgaon-Jaipur Section of NH-48 old NH-8 between km 42700 to km 107100 in the State of Haryana",Roads & Highways,nhai,Haryana,240.02,61.38,20.6,Low,elevated risk on combined profile
400173,MOHANPUR EXPANSION OC -PHASE I,Coal,eastern coal fields limited [ecl],West Bengal,888.99,31.52,20.5,Low,"4 months past original date; already rescheduled, 4.0y slip declared"
616839,Gunupur - Therubali new line 73.62 km,Railways,cao/c/ecor ecor mor,Odisha,1165.73,0.0,20.5,Low,elevated risk on combined profile
619196,Change of service of existing Mundra-Panipat Pipeline [Panipat - Churwa section] from Crude oil to Product,Unknown,indian oil corporation limited [iocl],"Multi-States (Gujarat, Haryana, Rajasthan)",359.0,43.3,20.5,Low,needs 6.3%/month to hit current date
709812,Nadiad-Petlad 37.26 km,Railways,caocwr wr mor,Gujarat,461.91,30.0,20.4,Low,elevated risk on combined profile
618101,Kondamodu to Perecherla Section Design Ch. Km 000 to Km 49917 of NH-167AG to to 4LPS,Roads & Highways,morth,Andhra Pradesh,881.61,37.95,20.4,Low,needs 6.9%/month to hit current date
616701,Lumding-Furkating section 140 km Umbrella work PB57/2019-20/NR,Railways,cao/c-1/nfr nfr mor,Assam,2123.7,1.0,20.4,Low,needs 5.2%/month to hit current date
618724,6L Greenfield Varanasi-Ranchi-Kolkata Highway from Anarbansalea village to Sagrampur village From KM. 151200 to KM. 184700Package-7,Roads & Highways,nhai,"Multi-States (Bihar, Jharkhand)",1723.42,28.16,20.3,Low,needs 6.5%/month to hit current date
615199,KOLGAON EXPANSION DEEP OC MINE,Coal,wcl - cil,Maharashtra,198.71,3.93,20.3,Low,needs 12.0%/month to hit current date
618574,Balance Works of 4L of NH-31D from Km. 113.200 to Km. 154.854 Package-II A Ghoshpukur-Salsalabari Section,Roads & Highways,nhai,West Bengal,962.31,61.1,20.1,Low,elevated risk on combined profile
616227,3rd line between Chandil - Anara- Damodar section 121.26 km,Railways,cao/c/ser ser mor,"Multi-States (Jharkhand, West Bengal)",1932.01,0.0,20.1,Low,elevated risk on combined profile
709851,Integrated Development of 4 Contract Areas under DSF-II,Unknown,oil and natural gas corporation limited [ongc],Offshore,6183.79,47.4,20.0,Low,needs 5.8%/month to hit current date
616857,Doubling between Motumari Vishnupuram 88.81 km and Rail over Rail RoR at Motumari 10.877 Km,Railways,cao/c/scor scor mor,"Multi-States (Andhra Pradesh, Telangana)",1595.55,22.0,19.9,Low,elevated risk on combined profile
617404,North Western Railway - New line between Ramdevra and Pokhran via Bhairav Gufa - Kailash Tekri 13.38 Km PB30/NR/2025-26,Railways,caoc/nwr nwr mor,Rajasthan,189.21,3.0,19.6,Low,spend outruns works by 27pp
706837,Pradhan Kuntha Jn Line Doubling Project,Railways,east central railway [ecr] - i,Jharkhand,349.22,72.0,19.6,Low,elevated risk on combined profile
619295,Four/Six laning of Bhaniyawala-Jollygrant-Rishikesh spur section of NH-07 from Km. 0.000 to Km 19.780,Roads & Highways,nhai,Uttarakhand,664.92,0.0,19.5,Low,needs 6.2%/month to hit current date
613801,MAHAMAYA OCP [1.50 MTY],Coal,secl - cil,Chhattisgarh,410.26,54.6,19.5,Low,"4 months past original date; already rescheduled, 2.0y slip declared"
619009,Upgradation to Two Lane with Paved Shoulders from Km 0.000 to Km 41.920 Green Field Alignment of Gowrelly to Valigonda Section of NH-930P in the State of Telangana on EPC Mode under Annual Plan 2022-23,Roads & Highways,morth,Telangana,690.33,0.0,19.5,Low,elevated risk on combined profile
618962,4L of Budhni to Shahganj Bypass End Package-III of NH-146B from Km. 73.750 to Km. 102.000,Roads & Highways,nhai,Madhya Pradesh,770.21,28.28,19.3,Low,needs 5.5%/month to hit current date
617391,Augmentation of Transformation Capacity at Bhuj-II PS [GIS],Unknown,power grid corporation of india limited [powergrid],Gujarat,488.29,7.2,19.3,Low,needs 8.4%/month to hit current date
613804,RPR TAWA-III UG 0.84 MTY,Coal,wcl - cil,Madhya Pradesh,314.09,17.78,19.2,Low,needs 10.3%/month to hit current date
618775,Ara Bypass,Roads & Highways,nhai,Bihar,226.32,25.78,19.0,Low,needs 8.2%/month to hit current date
611698,240MW Heo HE Project,Unknown,north eastern electric power corporation limited,Arunachal Pradesh,1938.85,6.58,18.8,Low,elevated risk on combined profile
707419,IMC at Prayagraj,Unknown,national industrial corridor development corporation,Uttar Pradesh,658.0,27.79,18.8,Low,needs 6.6%/month to hit current date
617213,"Varanasi- Pt. Deen Dayal Upadhyaya - Multitracking 15 km, including construction of a new Rail- cum- Road Bridge across Ganga River",Railways,cao/c-ii/nr nr mor,Uttar Pradesh,2464.46,5.0,18.8,Low,elevated risk on combined profile
617068,"Augmentation of Transformation Capacity by 3x500 MVA, 400/220 KV ICTS [6th-8th] and 1x1500 MVA, 765/400 KV ICT [4th] at Bidar PS [SPV Name- POWERGRID Bidar Augmentation Transmission Limited]",Unknown,power grid corporation of india limited [powergrid],Karnataka,288.0,18.75,18.7,Low,needs 7.4%/month to hit current date
617231,East Central Railway - Construction of Bulb line at Nabinagar Ankorah 17.49Km PB45/ECoR/2024-25.,Railways,cao/con/south/mhx ecr mor,Bihar,611.74,0.0,18.6,Low,elevated risk on combined profile
618016,"Upgradation of Ambikapur Ramanujganj - Garhwa Road NH 343 of Package-I, Rajpuri Khurd Village to Padih Village section from existing km 7.830 to km 57.650 Design Ch. 13.700 to Ch. 62.700 of total length 49.00 km to two lane with paved shoulders under EPC mode in the state of Chhattisgarh",Roads & Highways,morth,Chhattisgarh,397.44,28.07,18.6,Low,needs 7.2%/month to hit current date
611699,186 MW Tato-I H E Project,Unknown,north eastern electric power corporation limited,Arunachal Pradesh,1750.07,5.6,18.6,Low,elevated risk on combined profile
617181,"Augmentation at Fatehgarh-II PS, Fatehgarh-IV PS [Section-II] and Barmer-I PS [POWERGRID Fatehgarh Barmer Augmentation Transmission Limited]",Unknown,power grid corporation of india limited [powergrid],Rajasthan,404.0,17.2,18.3,Low,needs 7.5%/month to hit current date
618250,Construction of 6-Lane Elevated / Extra Dose Cable Bridge on River Ganga parallel to & Western side of Digha-Sonepur Rail cum-Road Bridge of NH 139W in the State of Bihar,Roads & Highways,morth,Bihar,3064.45,18.66,18.2,Low,elevated risk on combined profile
702668,Chennai Metro Rail Phase-II Development Project,Unknown,chennai metro rail limited [cmrl],Tamil Nadu,63246.0,55.73,18.2,Low,elevated risk on combined profile
616933,Lube Modernization & Bottom Upgradation Project at Mumbai Refinery,Unknown,hindustan petroleum corporation limited,Maharashtra,6008.0,14.1,18.2,Low,cost already revised +28%
618402,"Construction of Intermediate Lane with Hard Shoulder of Hunli to Hayuliang from Design Km 0.000 to Km 53.000 Design Length 53.000 km, Greenfield Section of Frontier Highway NH-913 in the State of Arunachal Pradesh on EPC Mode Package-I",Roads & Highways,nhidcl,Arunachal Pradesh,1262.43,19.13,18.1,Low,elevated risk on combined profile
617806,Transmission System for Integration of Ananthapur 2 REZ Phase 1 for 4.5 GW. SPV Name Anantapuram 2 REZ Transmission Ltd,Unknown,sterlite power,"Multi-States (Andhra Pradesh, Karnataka)",4535.99,64.0,18.0,Low,elevated risk on combined profile
617801,Provision of ICT Augmentation & Bus Reactor at Bhuj-II PS,Unknown,power grid corporation of india limited [powergrid],Gujarat,581.74,7.2,18.0,Low,needs 8.4%/month to hit current date
619105,6L Access Controlled Ludhiana-Bathinda Greenfield highway from Jn. with Moga- Barnala Road NH-703 near village Tallewal to Jn. with Delhi-Katra Expressway NE-5 near Ludhiana village Ballowal from Km 30.300 to Km 75.543 of NH-754AD Pkg-2,Roads & Highways,nhai,Punjab,1564.66,25.55,17.9,Low,spend outruns works by 20pp; needs 5.3%/month to hit current date
618551,Greenfield connectivity from Govindsar village on Delhi Amritsar Katra Expressway to Talwara village on NH-44 Pathankot by-pass,Roads & Highways,nhai,Punjab,690.47,29.01,17.8,Low,needs 5.9%/month to hit current date
618977,"Development of New Greenfield Airport at Bundi, Kota Rajasthan.",Aviation & Aviation Infrastructure,airport authority of india [aai],Rajasthan,1507.0,13.6,17.8,Low,needs 5.4%/month to hit current date
611716,700 MW Tato-II HE Project,Unknown,north eastern electric power corporation limited,Arunachal Pradesh,8146.21,6.59,17.7,Low,elevated risk on combined profile
618768,Four laning of Agra-Aligarh Section from Km. 0.000 Junction of NH-34 Aligarh Km 144.60 to Km. 28.000 near Asroi village in Hathras of NH-509 Package-I,Roads & Highways,nhai,Uttar Pradesh,1309.08,3.96,17.7,Low,spend outruns works by 20pp
619026,KPSIII HVDC Transmission Limited,Unknown,adani transmission limited,Gujarat,19000.0,1.0,17.4,Low,elevated risk on combined profile
618212,"STABILIZATION OF LAND SLIDE AND SLOPE PROTECTION AT KM 11.00 TO KM 11.08, 29,730 KM TO 30,060 KM, 30,400 KM TO 31,060 KM, 34,750 KM TO 35,300 KM, 38,950 KM TO 39,030 KM & 39,460 KM TO 39,540 KM TWO LOC CLUBBED, KM 40,400 TO KM 40,650, KM 43,500 KM 43,680, 52,460 RISHIKESH - DHARASU ROAD NH-94 ON EPC MODE IN THE STATE OF UTTARAKHAND. NOSE OF LAND SLIDE - 12 NOS",Roads & Highways,morth,Uttarakhand,197.26,22.0,17.3,Low,needs 8.7%/month to hit current date
617908,Bemetara Bypass NH 30,Roads & Highways,morth,Chhattisgarh,161.96,42.0,17.2,Low,needs 6.4%/month to hit current date
617327,Thane Integral Ring Metro Rail Project,Unknown,maharashtra metro rail corporation limited [mmrcl],Maharashtra,12200.1,10.04,17.2,Low,elevated risk on combined profile
618931,4L PS from Ch. 179.780 in Bitada/Movi Village to Ch. 208.900 in Nasarpore Village of NH-56 Pkg-V,Roads & Highways,nhai,Gujarat,566.96,10.08,17.2,Low,needs 5.6%/month to hit current date
618881,4L PS bijni to mandi section from Km 202.815 to Km 208.000 of NH-20 New NH-154 of Pathankot-Mandi Package-VB,Roads & Highways,nhai,Himachal Pradesh,1112.39,35.3,17.1,Low,elevated risk on combined profile
618898,Balance Works for Four laning of Vikravandi to Sethiyathope section from Km 0.0 to Km 65.96 of NH-45C in Tamil Nadu under NHDP Phase-IV on EPC mode,Roads & Highways,nhai,Tamil Nadu,834.46,37.62,17.1,Low,needs 5.7%/month to hit current date
617803,Transmission System Strengthening at Davanagere for Integration of RE Generation [SPV Name - POWERGRID Davanagere Power Transmission Limited],Unknown,power grid corporation of india limited [powergrid],Karnataka,379.0,2.5,17.0,Low,needs 7.0%/month to hit current date
618028,"Construction of Bypass at Kuknoor, Yelburga, Gajendragada of Bhanapur Gaddanakeri section of NH-367 in the State of Karnataka under NHO on EPC mode under Annual Plan 2022-23. NH-367-KNT-2022-23-973 dated 08.02.2023",Roads & Highways,morth,Karnataka,333.96,36.0,16.9,Low,needs 5.8%/month to hit current date
Jaipur Metro Rail Corporation,Jaipur Metro Rail Project Phase 2,Unknown,prahladpura to todi mod,Rajasthan,13037.66,1.79,16.9,Low,elevated risk on combined profile
619187,"Slope protection and landslide mitigation at 4 vulnerable locations km 1.950 to Km 2.100, km 11.100 to 11.450, km 22.435 to km 22.485 and km 22.610 to km 22.680 within Sevoke-Rangpo section of NH-10 old NH-31A in Darjeeling & Kalimpong district in the State of West Bengal on EPC mode",Roads & Highways,nhidcl,West Bengal,152.27,34.47,16.8,Low,needs 6.0%/month to hit current date
612878,Bangalore Metro Rail Project - PHASE-3,Unknown,bengaluru metro rail,Karnataka,15611.0,3.8,16.8,Low,elevated risk on combined profile
618754,Upgradation of 2L/4L with Paved Shoulder of Shirwal-Lonand Section from KM 159900 To KM 188025 of NH-965DD Section I and 2L With Paved Shoulder of Lonand-Satara Section from KM 51500 To KM 96246 Of NH-965D Section II in Satara District in the State of Maharashtra on EPC Mode under NHO-,Roads & Highways,nhai,Maharashtra,307.24,43.57,16.8,Low,needs 5.1%/month to hit current date
615347,TRANSMISSION SYSTEM FOR EVACUATION OF POWER FROM POTENTIAL RENEWABLE ENERGY ZONE IN KHAVDA AREA OF GUJARAT UNDER PHASE-V [8 GW] PART A [SPV Name POWERGRID West Central Transmission Limited],Unknown,power grid corporation of india limited [powergrid],"Multi-States (Gujarat, Maharashtra)",24819.0,18.56,16.7,Low,elevated risk on combined profile
618737,Grade separated Interchanges at Km. 113.730 junction with Ranchi Hazaribagh Road & Km. 139.225 junction with Ranchi Jamshedpur road on 4L Ranchi Bypass of NH-33,Roads & Highways,nhai,Jharkhand,5.58,0.0,16.6,Low,spend outruns works by 89pp; needs 5.9%/month to hit current date
617922,Construction of Jharsuguda Bypass including Land acqusition on NH-49 from km 258.636 to km 283.300 design chainage 258.636 to km 289.876 under NHO in Annual Plan 2022-23 for the state of Odisha Job No.NH-49-OD-2022-23-655,Roads & Highways,morth,Odisha,587.1,25.0,16.6,Low,needs 6.3%/month to hit current date
613787,Jamrani Dam Multipurpose Project,Unknown,irrigation-uk,Uttarakhand,2584.1,26.22,16.5,Low,spend outruns works by 24pp
619223,Petro Resid Fluidized Catalytic Cracking [PRFCC] Unit and its associated facilities at Mumbai Refinery,Unknown,bharat petroleum corporation limited [bpcl],Maharashtra,13626.0,7.2,16.5,Low,elevated risk on combined profile
617945,Balance work of NH-66 from design Km 84/00 to Km 87/100 Indapur Bypass and Km 91/600 to Km 99/100 Mangaon Bypass to four lane with paved shoulder in State of Maharashtra under NHO on EPC Mode.,Roads & Highways,morth,Maharashtra,354.21,67.16,16.5,Low,elevated risk on combined profile
619316,"Group Gathering Station, Lakwagaon",Unknown,oil india limited,Assam,495.59,7.8,16.4,Low,needs 6.1%/month to hit current date
616695,Construction of Paradeep- Badabandha 3rd & 4th line 18.51 km PB34/ECOR/2023-24,Railways,cao/c/ecor ecor mor,Odisha,300.15,7.0,16.4,Low,elevated risk on combined profile
616588,Buramara - Chakulia 59.96 km PB9/SECR/2023-24,Railways,cao/c/ser ser mor,"Multi-States (Jharkhand, Odisha, West Bengal)",1459.13,2.0,16.3,Low,elevated risk on combined profile
617978,"Rehabilitation, upgradation & widening of existing highway to 2L/4LPS Rigid Pavement of NH 160 section- Phaltan to Mhaishal near Karnataka Border including Tasgaon Bypass, from existing chainage Km 301/430 to Km 458/415 in the State of Maharashtra- Package-II & Package III combined- starting from existing chainage Km 341/300 to Km 394/130 and design chainage Km 340/250 at Dahiwadi Village to Km 392/950 ending at Vita Village in the State of Maharashtra on EPC Mode.",Roads & Highways,morth,Maharashtra,631.76,85.0,16.2,Low,elevated risk on combined profile
616586,Bangriposi - Gorumahisani 85.60 km PB9/SECR/2023-24,Railways,cao/c/ser ser mor,"Multi-States (Odisha, West Bengal)",2269.49,2.0,16.2,Low,elevated risk on combined profile
618932,Construction of 6 lane Indore western bypass from km 0000 to Km 34000 Pkg -l in the State of Madhya Pradesh on Hybrid Annuity Mode under NHO,Roads & Highways,nhai,Madhya Pradesh,1472.68,27.6,16.0,Low,spend outruns works by 17pp
618206,Widening and Strengthening of Rafiabad-Kupwara-Chowkibal-Tangdhar-Chamkot NH- 701 road from design Ch. From 0000 to 51000 to two lanes with paved shoulders under Project Beacon in the UT of Jammu & Kashmir on EPC mode Package-I.,Roads & Highways,morth,Jammu and Kashmir,1404.94,41.7,15.9,Low,needs 5.8%/month to hit current date
617951,Construction of Chintamani Bypass from Design Ch.0000 Existing Ch.428880 to Design Ch.15400 Existing Ch.444010 on NH-69 in the State of Karnataka in EPC Mode under NHO Annual Plan 2022-23. NH-69-KNT-2022-23-989 dated 24.03.2023,Roads & Highways,morth,Karnataka,314.55,14.0,15.9,Low,needs 7.2%/month to hit current date
615338,TRANSMISSION SYSTEM FOR EVACUATION OF POWER FROM RAJASTHAN REZ PH -IV [PART-2 5.5 GW] [JAISALMER/BARMER COMPLEX] PART F [SPV Name POWERGRID BARMER I TRANSMISSION LIMITED],Unknown,power grid corporation of india limited [powergrid],Rajasthan,2735.0,47.28,15.8,Low,elevated risk on combined profile
618185,Widening to 2LPS from Km 0.000 to 37.850 Except Ex. Km 24.45 to 27.20 of NH-766c Byndoor-Ranebennur Section in the state of Karnataka on EPC Mode under Annual Plan 2022-23 NH-766C-KNT-2022-23-969 dated 30.12.2022,Roads & Highways,morth,Karnataka,394.95,12.0,15.8,Low,needs 6.8%/month to hit current date
618047,"Widening, Reconstruction & Up-gradation to 2 lane with Paved Shoulder/Four Lane configuration for the work of Ahmednagar to Sabalkhed & Ashti to Chinchpur Section of NH-561 from Design km 2915 to km 37728 & Design km 55100 to km 70000 in the State of Maharashtra on EPC mode. Length 49.713 km",Roads & Highways,morth,Maharashtra,657.16,88.56,15.7,Low,elevated risk on combined profile
619022,"Metro connectivity from Millennium City Centre to Cyber City with Spur to Dwarka Expressway, Gurugram.",Unknown,gurugram metro rail limited [gmrl],Haryana,5452.72,10.05,15.7,Low,needs 7.5%/month to hit current date
619025,RAJASTHAN PART I POWER TRANSMISSION LIMITED,Unknown,adani transmission limited,"Multi-States (Madhya Pradesh, Rajasthan, Uttar Pradesh)",25000.0,10.0,15.7,Low,elevated risk on combined profile
618150,Rehabilitation and Up-gradation of i. Deogaon phata to Digras phata Ch. 0/000 to 15/000 & Selu to Borgavhan Ch 20/900 to 35/800 [Length 29.9km] ii. Injegaon Dhamoni to Pohner Phata Ch.58/200 to Ch. 83/700 [Length25.5 km] and iii. Pohner phata to Pathri Design Ch. 42/700 to 58/200 [Length 15.5 km] sections of NH-548B to Two lane with paved shoulder configuartion in the state of Maharashtra on EPC mode Total project length 70.9 Km.,Roads & Highways,morth,Maharashtra,761.83,15.0,15.6,Low,needs 8.5%/month to hit current date
615185,AMALGAMATED DHANKASA & JAMUNIA,Coal,wcl - cil,Madhya Pradesh,399.2,67.13,15.6,Low,elevated risk on combined profile
618769,Walajahpet/Ranipet to TN/AP Border Section of from Km.106.800 to Km.133.36 NH-4,Roads & Highways,nhai,"Multi-States (Andhra Pradesh, Tamil Nadu)",1214.7,15.58,15.5,Low,needs 6.0%/month to hit current date
617920,Widening and Strengthening to 2LPS including LA from km 318.970 to 353.450 Balikuda-Mulkani Section of NH-55 under NHO in Annual Plan 2022-23 in the State of Odisha. Job No. NH-55-OD-2022-23-656,Roads & Highways,morth,Odisha,511.54,3.0,15.5,Low,needs 8.8%/month to hit current date
707420,Gaya Integrated Manufacturing Cluster IMC in Bihar,Unknown,national industrial corridor development corporation,Bihar,1339.02,5.0,15.5,Low,elevated risk on combined profile
617807,Inter-regional [NR-WR] Transmission System strengthening to relieve the loading of 765 kV Vindhyachal-Varanasi D/c line,Unknown,power grid corporation of india limited [powergrid],"Multi-States (Bihar, Uttar Pradesh)",2368.0,6.38,15.4,Low,needs 6.2%/month to hit current date
616221,"Extension of Aqua Line Metro Corridor from Noida Sector-142 station to Botanical Garden, Noida of Noida Metro Rail Corporation",Unknown,noida metro rail corporation ltd. [nmrcl],Uttar Pradesh,2254.35,0.0,15.3,Low,elevated risk on combined profile
618886,Road Safety Improvement of Critical Junctions on MuzaffarnagarHaridwar Section of NH-334 from Km 143000 to Km 196000,Roads & Highways,nhai,"Multi-States (Uttar Pradesh, Uttarakhand)",0.1,22.64,15.2,Low,spend outruns works by 42057pp; needs 5.2%/month to hit current date
478482,Stamp Charge Battery No.7 Coke Dry Cooling Plant at RSP (Steel Authority of India Limited (SAIL)),Unknown,unknown,Odisha,1064.55,0.0,15.0,Low,elevated risk on combined profile
618262,Construction of Deoria Bypass from existing Km. 27.140 to existing Km. 46.780 Design Km. 49.109 on NH727A Design length 21.969 Km. to four lane with paved shoulder configuration under Hybrid Annuity Mode HAM in the State of Uttar Pradesh,Roads & Highways,morth,Uttar Pradesh,1734.7,10.0,15.0,Low,needs 7.5%/month to hit current date
618373,"Construction of 4-Lane Bridge including approaches over River Brahmaputra between Dhubri on North Bank,Assam and Phulbari on south Bank,Meghalaya on NH-127B under JICA ODA Loan assistance Phase-III",Roads & Highways,nhidcl,Assam,4997.04,77.14,15.0,Low,elevated risk on combined profile
618930,4L PS from Ch. 94.030 in Jabugam Village to Ch. 132.320 in Dhamasiya Village of NH-56 Pkg-III,Roads & Highways,nhai,Gujarat,898.0,25.82,14.9,Low,elevated risk on combined profile
618309,Widening/lmprovement to 4-Laning and Greenfield alignment with Paved shoulder of Silchar-Badarpur Churaibari section of NH-37 & NH-8 from Design chainage 38.600 End point of proposed Badarpur Bypass to Km. 62.800 Start point of proposed Nilambazar/Cheragi Bypass in the state of Assam on HAM Mode Package-4,Roads & Highways,nhidcl,Assam,1319.55,23.07,14.9,Low,needs 5.9%/month to hit current date
617988,Sangameswaram - Atmakuru section from Km 96 to Km 124 & Velegodu- Nandyal section including Nandyal Bypass from Km 143/6 to 185/9 NH-167K,Roads & Highways,morth,Andhra Pradesh,644.14,41.98,14.9,Low,elevated risk on combined profile
618207,Widening to 2-lane with Hard Shoulder configuration of Mana Ch. 0.00 to Mana Pass Ch. 50.987 road on NH-07 under Bharatmala Pariyojna in the state of Uttarakhand under Annual Plan 2022-23 length 50.987,Roads & Highways,morth,Uttarakhand,573.96,21.03,14.8,Low,elevated risk on combined profile
400142,Pachwara South Coal Block,Coal,nlc india limited,Jharkhand,2242.9,87.0,14.8,Low,elevated risk on combined profile
611963,"Construction & Development of Infrastructural Facilities in the main campus of NIT Uttarakhand at Sumari, Pauri Garhwal",Education,national institute of technology uttarakhand,Uttarakhand,650.85,63.0,14.8,Low,elevated risk on combined profile
425828,Stamp Charge Battery No.12 Coke Dry Cooling Plant at IISCO Steel Plant (Steel Authority of India Limited (SAIL)),Unknown,unknown,West Bengal,706.51,11.87,14.8,Low,elevated risk on combined profile
709754,"Construction of LPG Facilities at Kamardanga, Assam",Energy Storage,hindustan petroleum corporation limited,Assam,156.36,83.8,14.7,Low,elevated risk on combined profile
619191,Kanpur LPG Bottling Plant,Unknown,bharat petroleum corporation limited [bpcl],Uttar Pradesh,202.0,62.5,14.7,Low,elevated risk on combined profile
619028,Augmentation of 1x500 MVA 400/220kV ICT [3rd] at Thrissur VSC HVDC Station in Kerala,Unknown,power grid corporation of india limited [powergrid],Kerala,173.14,1.5,14.7,Low,needs 5.8%/month to hit current date
617808,Inter-Regional Strengthening between SR Grid and WR Grid,Unknown,power grid corporation of india limited [powergrid],"Multi-States (Karnataka, Maharashtra)",1007.0,3.0,14.6,Low,needs 6.5%/month to hit current date
618985,Pune Metro Rail Project Phase-2 Line-4 Kharadi to Khadakwasla with Spur Line 4A Nal Stop - Warje - Manikbaug,Unknown,maharashtra metro rail corporation limited [mmrcl],Maharashtra,9857.85,1.51,14.6,Low,elevated risk on combined profile
505491,Installation of 140 TPH Walking Beam type Reheating Furnace in Plate Mill at BSP (Steel Authority of India Limited (SAIL)),Unknown,unknown,Chhattisgarh,268.36,0.0,14.5,Low,elevated risk on combined profile
709798,Ethylene Cracker Project at Bina Refinery including downstream Petrochemical Plants and expansion of Refinery,Unknown,bharat petroleum corporation limited [bpcl],Madhya Pradesh,43367.0,33.5,14.4,Low,elevated risk on combined profile
618939,Construction of Standalone Flyover cum ROB from Design Ch.66.600 to Design Ch.68.800 in Gadchandur Town on NH-353B,Roads & Highways,nhai,Maharashtra,107.76,40.11,14.3,Low,elevated risk on combined profile
613008,Construction of Permanent Campus of Central Tribal University of Andhra Pradesh Phase-1,Education,central tribal university of andhra pradesh,Andhra Pradesh,305.0,44.5,14.3,Low,needs 5.0%/month to hit current date
618137,Rehabilitation and Up-gradation of Jarud - Sirsala section of NH-361F km 59500 to km11500 to Two lane with paved shoulder/ Four Lane in the state of Maharashtra on EPC mode Length 55.5 Km.,Roads & Highways,morth,Maharashtra,540.35,68.23,14.3,Low,elevated risk on combined profile
617242,Installation of New Bar Mill at Durgapur Steel Plant,Unknown,steel authority of india limited [sail],West Bengal,2115.44,67.5,14.3,Low,elevated risk on combined profile
617877,Phase B Construction of Permanent Campus of IIT Bhilai,Education,"indian institute of technology, bhilai",Chhattisgarh,1188.97,0.0,14.2,Low,elevated risk on combined profile
619228,Transmission System Strengthening for integration of additional RE Potential at Davanagere [0.25 GW] and Bellary [2.75 GW],Unknown,power grid corporation of india limited [powergrid],Karnataka,1111.0,1.0,14.1,Low,needs 5.2%/month to hit current date
618725,6L Greenfield Varanasi-Ranchi-Kolkata Highway from Pachmon village to Anarbansalea village From KM. 116000 to KM. 151200 Package-6,Roads & Highways,nhai,Bihar,1920.21,24.8,14.1,Low,needs 5.4%/month to hit current date
618243,Construction of Basti Ring Road Phase-I with 4L configuration for Basti City in the state of Uttar Pradesh on HAM mode,Roads & Highways,morth,Uttar Pradesh,1138.72,36.67,13.8,Low,needs 5.8%/month to hit current date
709755,"Setting up of new rail fed POL facility at Kamardanga, Assam",Energy Storage,hindustan petroleum corporation limited,Assam,384.04,87.5,13.8,Low,elevated risk on combined profile
618572,Binnaguri Bypass-Descoped portion of Ghoshpukur-Dhupguri Section of NH-31Dpkg-1,Roads & Highways,nhai,West Bengal,306.02,3.67,13.8,Low,needs 6.0%/month to hit current date
635651,"New Product Testing Laboratory for NPM, SPP & NHSM at RSP (Steel Authority of India Limited (SAIL))",Unknown,unknown,Odisha,155.26,71.75,13.7,Low,elevated risk on combined profile
617878,Phase B of Construction of Permanent Campus of IIT Palakkad,Education,indian institute of technology palakkad,Kerala,1527.0,0.0,13.5,Low,elevated risk on combined profile
617206,Delhi Metro Rail Phase-IV [Rithala - Kundli Corridor],Unknown,delhi metro rail corporation limited [dmrc],"Multi-States (Delhi, Haryana)",6230.99,5.36,13.4,Low,elevated risk on combined profile
618127,Construction of 2- Lane with paved shoulder from km 56.45 Dharampur More to 93.050 Pakur of NH-333A in the State of Jharkhand on EPC mode,Roads & Highways,morth,Jharkhand,255.73,15.0,13.4,Low,needs 8.5%/month to hit current date
616672,System Strengthening at Koppal-II and GadagII for integration of RE generation projects [SPV Name POWERGRID Koppal Gadag Augmentation Transmission Limited],Unknown,power grid corporation of india limited [powergrid],Karnataka,1354.0,38.07,13.4,Low,needs 5.6%/month to hit current date
701668,Development of Palakkad Node under extension of CBIC to Kochi,Unknown,national industrial corridor development corporation,Kerala,3805.0,5.3,13.2,Low,elevated risk on combined profile
619221,Realignment of Rudrapur-Kathgodam Section of NH-87 New NH-109 From Design Chainage 000 Existing Chainage Km.54050 To Design Chainage 7875 Existing Chainage Km.61550 Due To Proposed Expansion Of Pantnagar Airport in the state of Uttarakhand.,Roads & Highways,nhai,Uttarakhand,252.97,0.0,13.1,Low,needs 7.1%/month to hit current date
619031,Delhi Metro Rail Phase V A,Unknown,delhi metro rail corporation limited [dmrc],Delhi,12014.91,5.65,13.1,Low,elevated risk on combined profile
317725,Amended BharatNet Program - OD,Telecommunication,department of telecommunications,PAN India,1713.0,0.0,13.1,Low,elevated risk on combined profile
938832,Amended BharatNet Program - RJ,Telecommunication,department of telecommunications,PAN India,2839.0,0.0,13.0,Low,elevated risk on combined profile
Department of Telecommunications,Amended BharatNet Program - UP,Telecommunication,east,Uttar Pradesh,5008.0,7.65,12.9,Low,elevated risk on combined profile
619005,Construction of bypass around Chatra Town on NH-22 old NH-99 in the state of Jharkhand under EPC Mode,Roads & Highways,morth,Jharkhand,199.2,13.0,12.8,Low,elevated risk on combined profile
618561,Improving the Alignment of Thoppur Ghat Section from Km 158.500 to Km 165.100 in Dharmapuri - Salem Section of NH-44,Roads & Highways,nhai,Tamil Nadu,731.09,47.84,12.8,Low,elevated risk on combined profile
616670,Transmission System for evacuation of Power from Rajasthan REZ Ph-IV [Part-4 3.5 GW] Part A [SPV name POWERGRID Ghiror Transmission Limited],Unknown,power grid corporation of india limited [powergrid],"Multi-States (Rajasthan, Uttar Pradesh)",5846.0,40.71,12.7,Low,needs 5.4%/month to hit current date
701113,"Development of Lal Bahadur Shastri International airport, Varanasi including C/o New Terminal Building, Apron Extension, Runway Extension, PTT and allied works.",Aviation & Aviation Infrastructure,airport authority of india [aai],Uttar Pradesh,2869.65,33.0,12.7,Low,needs 5.6%/month to hit current date
175860,"Amended BharatNet Program - MP, DD and DNH",Telecommunication,department of telecommunications,PAN India,4943.0,8.4,12.7,Low,elevated risk on combined profile
364934,Stamp Charge Battery No.12 By-product Plant at IISCO Steel Plant (Steel Authority of India Limited (SAIL)),Unknown,unknown,West Bengal,999.46,18.72,12.6,Low,elevated risk on combined profile
619204,"Capacity Augmentation in the stretch of Pimpri Sado Vadape section of NH848 Km. 460900 to Km. 537000 by Construction of Slip/Service Road on either side at various locations total length 25.140 Km LHSRHS, Flyover 2 x 25m at Borivali Junction Km. 528550 & LVUP 1 x 15m at Sherekarpada Km. 528800",Roads & Highways,nhai,Maharashtra,372.03,1.0,12.6,Low,needs 6.6%/month to hit current date
617186,Rajasthan REZ Ph-V [Part-1- 4 GW] [Sirohi/Nagaur] Complex [Rajasthan V Power Transmission Limited],Unknown,power grid corporation of india limited [powergrid],"Multi-States (Madhya Pradesh, Rajasthan)",5028.0,34.03,12.5,Low,needs 6.0%/month to hit current date
701662,IMC Rajpura - Patiala Development Project,Unknown,national industrial corridor development corporation,Punjab,1367.72,3.4,12.5,Low,elevated risk on combined profile
617412,"Construction of One Tower of Office Complex and another Tower of Residential quarters i/c internal water supply, sanitary installation and all development and bulk services, Horticulture works on EPC Mode-I basis i/c comprehensive operation and maintenance of Civil, E&M services for 7 years after completion of original construction work for Ranga Reddy, Secunderabad, Medchal, AuditI, Audit-II Commissionerates of Central Tax at Khajaguda, Serilingampally, Hyderabad.",Construction,central public works department - cpwd,Telangana,644.0,26.0,12.5,Low,needs 5.3%/month to hit current date
738679,Stamp Charge Battery No.7 Battery Proper at RSP (Steel Authority of India Limited (SAIL)),Unknown,unknown,Odisha,2584.41,54.16,12.5,Low,elevated risk on combined profile
701661,Development of IMC Khurpia Farms under AKIC Project,Unknown,national industrial corridor development corporation,Uttarakhand,1265.37,3.23,12.4,Low,elevated risk on combined profile
619312,Bulk Loading Hub- Kanpur,Unknown,bharat petroleum corporation limited [bpcl],Uttar Pradesh,186.0,62.5,12.4,Low,elevated risk on combined profile
617727,Orvakal Industrial Area,Unknown,nicdc,Andhra Pradesh,2786.0,16.22,12.3,Low,elevated risk on combined profile
617184,Transmission Scheme for integration of Davanagere/ Chitradurga and Bellary REZ in Karnataka [POWERGRID Chitradurga Bellary REZ Transmission Limited],Unknown,power grid corporation of india limited [powergrid],Karnataka,3453.0,23.01,12.3,Low,needs 5.5%/month to hit current date
124199,Amended BharatNet Program - HR,Telecommunication,department of telecommunications,PAN India,837.0,0.0,12.2,Low,elevated risk on combined profile
240484,Amended BharatNet Program - AS,Telecommunication,department of telecommunications,PAN India,832.0,0.0,12.2,Low,elevated risk on combined profile
976009,"Amended BharatNet Program - ARP, NGL, MNP",Telecommunication,department of telecommunications,PAN India,1168.0,0.61,12.0,Low,elevated risk on combined profile
437130,"Amended BharatNet Program - J&K, LAD",Telecommunication,department of telecommunications,PAN India,1621.0,8.28,12.0,Low,elevated risk on combined profile
617912,Construction of 6 lane flyover from Khapari ROB to Mihan Interchange design chainage km 8760 to 11450 L- 2.69 km and upgradation of existing 4L PS road to 6LPS with service road by flexible pavement design chainage km 11450 to 14500 L- 3.05 [total project length 5.74 km] in section of Nagpur - Hyderabad NH-44 Old NH-7 in Nagpur district in the state of Maharashtra on HAM mode.,Roads & Highways,morth,Maharashtra,619.55,8.24,12.0,Low,needs 6.1%/month to hit current date
946208,Amended BharatNet Program - SKM,Telecommunication,department of telecommunications,PAN India,160.0,0.0,11.9,Low,elevated risk on combined profile
617246,Up-gradation of Blast Furnace No. 3 at Durgapur Steel Plant,Unknown,steel authority of india limited [sail],West Bengal,758.09,62.17,11.9,Low,elevated risk on combined profile
618869,"Construction of 4/6 lane Highway of Southern Bareilly Bypass, starting at Ch. 237000 of NH 530 near Jhumka chauraha, Dhantiya village and ending at Ch. 267000 of NH 30 near Invertis University including Trumpet Interchange",Roads & Highways,nhai,Uttar Pradesh,1869.59,16.4,11.8,Low,spend outruns works by 17pp; cost already revised +67%
709795,"City Gas Distribution Projects at Lakhimpur Kheri , Sitapur, Bahraich, Shravasti,Balrampur, Siddharth Nagar & Maharajganj districts",Unknown,bharat petroleum corporation limited [bpcl],Uttar Pradesh,16654.0,19.8,11.8,Low,elevated risk on combined profile
618187,"Rehabilitation and upgradation of Salon - Jais - Jagdishpur Road section of NH-931A, from design Chainage km 0.000 to km 5.740 to four lane divided carriageway and from design Chainage km 5.740 to km 53.500 to two lane with paved Total length km 53.500 along with One time improvement in 04 no's of realigned/bypassed built-up areas in a total length of 9.732 km in the state of Uttar Pradesh on EPC mode",Roads & Highways,morth,Uttar Pradesh,947.15,9.06,11.8,Low,needs 6.1%/month to hit current date
618734,6L Greenfield Varanasi- Ranchi- Kolkata Highway from junction with NH-320 in Lepo village to Kamlapur villageJH/WB border from km 358.500 to km 387.200 Pkg -13,Roads & Highways,nhai,"Multi-States (Jharkhand, West Bengal)",1319.18,24.76,11.7,Low,cost already revised +14%; needs 5.4%/month to hit current date
108841,"Amended BharatNet Program - KTK, GOA, PY",Telecommunication,department of telecommunications,PAN India,3742.0,8.15,11.6,Low,elevated risk on combined profile
660056,Amended BharatNet Program - KL,Telecommunication,department of telecommunications,PAN India,765.0,1.63,11.6,Low,elevated risk on combined profile
601812,Development of Zaheerabad Node under Hyderabad Nagpur Industrial Corridor,Unknown,national industrial corridor development corporation,Telangana,2360.0,4.87,11.6,Low,elevated risk on combined profile
462136,"Amended BharatNet Program - MGH, MZM, TRP",Telecommunication,department of telecommunications,PAN India,768.0,0.0,11.6,Low,elevated risk on combined profile
603210,Development of Jodhpur Pali Marwar Industrial Area JPMIA in Rajasthan,Unknown,national industrial corridor development corporation,Rajasthan,921.66,6.32,11.5,Low,elevated risk on combined profile
618934,Guwahati Ring Road in the State of Assam,Roads & Highways,nhai,Assam,5729.47,0.0,11.5,Low,elevated risk on combined profile
617729,Kopparthy Industrial Area,Unknown,nicdc,Andhra Pradesh,2136.0,5.39,11.4,Low,elevated risk on combined profile
618151,Widening to 4LPS of NH-548B from Km 118.450 Near Shirguppi to Km 128.450 Near Ankali in the State of Karnataka under NH O on EPC Mode Under Annual Plan 2022- 23 NH-548B-KNT-2022-23-982,Roads & Highways,morth,Karnataka,1084.29,0.0,11.4,Low,elevated risk on combined profile
618791,4L PS under NH configuration of Manikpur-Sahebganj of NH-139W,Roads & Highways,nhai,Bihar,1538.76,27.5,11.4,Low,elevated risk on combined profile
618933,Construction of 6 lane Indore western bypass from km 34000 to Km 64000 Pkg-II in the state of Madhya Pradesh on Hybrid Annuity Mode under NHO,Roads & Highways,nhai,Madhya Pradesh,1430.56,17.5,11.4,Low,spend outruns works by 29pp
618568,4/6L Southern Ayodhya Bypass from Km 5.000 to Km 37.172 starting near Km. 112.540 and ending at Km. 153.281 of NH-27,Roads & Highways,nhai,Uttar Pradesh,1983.05,39.5,11.4,Low,elevated risk on combined profile
618971,Pune Metro Rail Project Phase-2 Corridor 2A Vanaz to Chandani Chowk and Corridor 2B Ramwadi to Wagholi/Vitthalwadi,Unknown,maharashtra metro rail corporation limited [mmrcl],Maharashtra,3626.24,2.4,11.4,Low,elevated risk on combined profile
617997,Widening of existing 2 lane to 4 lane with paved shoulder from Designed km 25.15 to km 56.70 Except Km 52.70 to 53.50 of NH-169 Nellisara Camp to Thirthahalli of NH- 169 on Shimoga-Mangalore section in the state of Karnataka on EPC mode under Annual plan 2022-23 NH-169-KNT-2022-23-978 dated 08.03.2023,Roads & Highways,morth,Karnataka,538.71,6.0,11.3,Low,elevated risk on combined profile
618321,Construction of 4-Laning of West Serawlg-Sairang section of NH-6 from Existing Chainage km 142000 to km 158900 Design Chainage km 123400 to km 136260 on Silchar - Vairengte - Sairang road in the State of Mizoram under Bharatmala Pariyojna on EPC mode under NHO-NE Package-8,Roads & Highways,nhidcl,Mizoram,875.79,13.95,11.3,Low,spend outruns works by 19pp
400151,NORTH URIMARI EXPANSION OCP,Coal,ministry of coal,Jharkhand,634.3,68.9,11.3,Low,spend outruns works by 25pp
617338,Stamp Charge Battery No.12 Battery Proper at IISCO Steel Plant,Unknown,steel authority of india limited [sail],West Bengal,2518.39,27.66,11.3,Low,elevated risk on combined profile
617226,Pune Metro Phase-1 Extension line towards south from Swargate to Katraj,Unknown,maharashtra metro rail corporation limited [mmrcl],Maharashtra,2954.53,9.04,11.3,Low,elevated risk on combined profile
834015,Stamp Charge Battery No.12 By-product Plant at RSP (Steel Authority of India Limited (SAIL)),Unknown,unknown,Odisha,1140.07,22.59,11.0,Low,elevated risk on combined profile
618866,"Four Lane Highway from Chandan Nagar Existing Km. 59.025 of NH 530B/Design Km. 179.5000 to Bareilly BypassStartExisting Km. 59.025 of NH 530B/Design Km. 218.000 Section of NH 530B, in the State of Uttar Pradesh on HAM Mode under NH0",Roads & Highways,nhai,Uttar Pradesh,1112.44,34.5,11.0,Low,elevated risk on combined profile
618882,Construction of additional 3-Lane Bridge over River Ganga for connection between Buxar and Bharauli on NH-922 in the State of Uttar Pradesh and Bihar on Hybrid Annuity Mode,Roads & Highways,nhai,"Multi-States (Bihar, Uttar Pradesh)",444.92,22.26,11.0,Low,elevated risk on combined profile
618189,Widening to two lane with paved shoulder of NH-73New spur road Ujire - Dharmasthala - Periyashanthi in the State of Karnataka under NHO on HAM Mode Job No. NH-73Spur-KNT-2023-24-996,Roads & Highways,morth,Karnataka,613.65,25.18,11.0,Low,elevated risk on combined profile
618525,Construction of flyover at Gammon Junction at Km.903.265 on NH16 including vent at Diwancheruvu junction at Km.902.308 Blackspot ID No.AP03299 in Andhra Pradesh on EPC mode under NHO,Roads & Highways,nhai,Andhra Pradesh,223.29,18.9,10.9,Low,needs 5.4%/month to hit current date
619226,Provision of four bitumen tanks with capacity of 5 TMT each at Visakh Refinery,Unknown,hindustan petroleum corporation limited,Andhra Pradesh,258.34,20.2,10.9,Low,elevated risk on combined profile
618542,4L of existing Wayul Ganderbal Pandach Soura section of old NH-1 as a part of Srinagar Ring Road Phase IIA,Roads & Highways,nhai,Jammu and Kashmir,827.98,0.02,10.8,Low,spend outruns works by 32pp
618672,4-lanning of Gyaraspur to Rahatgarh section of NH-146 from Design Ch. 88361 to Ch 124470 in the state of MP on HAM mode,Roads & Highways,nhai,Madhya Pradesh,592.44,35.25,10.7,Low,elevated risk on combined profile
618107,Upgradation of Mehsana-Visnagar-vadnagar-Kheralu-Idar section from km 0/00 to 81/300 of NH 168G Mehsana to Idar in the State of GujaratTotal Length 81.300 Km on Hybrid Annuity Mode HAM,Roads & Highways,morth,Gujarat,1155.21,23.0,10.6,Low,elevated risk on combined profile
619052,LUCKNOW METRO RAIL PROJECT PHASE-1B EAST WEST CORRIDOR,Unknown,uttar pradesh metro rail corporation [upmrc],Uttar Pradesh,5801.05,2.0,10.5,Low,elevated risk on combined profile
618539,Construction of Ring Road Kanpur from Ch. 32.090 to Ch.51.200 Transganaga to Sathara Package-II B,Roads & Highways,nhai,Uttar Pradesh,1106.92,20.4,10.5,Low,needs 5.7%/month to hit current date
618404,Construction of lntermediate Lane Road with hard shoulder from design chainage Km 0.000 to Km 53.040 Existing Length68.500 Km & Total Design length 53.04 km of Tato to Monigong section of NH-913 Frontier Highway on Nafra Bomdila to Vijaynagar along China border in state of Arunachal pradesh on EPC mode,Roads & Highways,nhidcl,Arunachal Pradesh,625.61,22.81,10.5,Low,spend outruns works by 20pp
618312,Widening/lmprovement to 4-Lane with Paved Shoulder from existing road and Greenfield alignment form Design Ch. 62.800 start of proposed Nilambazar/Cheragi Bypass to Design Ch. 87.700 near Chandkhira Village of NH-8 on Silchar-Churaibari in the state of Assam on HAM Mode Package-5,Roads & Highways,nhidcl,Assam,1258.13,14.04,10.4,Low,needs 5.7%/month to hit current date
617185,Transmission System for Integration of Kurnool-IV REZ Phase-I [for 4.5 GW] [POWERGRID Kurnool-IV Transmission Limited],Unknown,power grid corporation of india limited [powergrid],"Multi-States (Andhra Pradesh, Karnataka)",5550.0,28.77,10.3,Low,needs 5.1%/month to hit current date
619032,JAYANT EXPN. [20 TO 38 MTPA],Coal,ncl - cil,Madhya Pradesh,25560.48,2.1,10.3,Low,elevated risk on combined profile
618641,4 Lane of CG/JH Border-Gumla from km 0.000 to km 32.370 of NH-43 in the State of Jhrkhand,Roads & Highways,nhai,Jharkhand,1325.8,9.76,10.3,Low,elevated risk on combined profile
618405,"Construction of Intermediate Lane of Pango to Jorging Road from 0000 to Design Km Design Km 40000 Design Length 40.00 Km, Pkg-l, Greenfield Alignment in the State of Arunachal Pradesh on EPC mode Pkg-1",Roads & Highways,nhidcl,Arunachal Pradesh,898.19,39.86,10.3,Low,needs 5.0%/month to hit current date
618667,4L of near Satai Ghat to Chowka section of NH-34 from D. Ch. 89.875 to D. Ch. 145.000 Package-3,Roads & Highways,nhai,Madhya Pradesh,882.21,38.26,10.3,Low,elevated risk on combined profile
618567,4/6L of Northern Ayodhya Bypass starting Km. 112.540 and ending Km. 139.928 north of existing NH-27 part-1 and part-2 south of NH-27 from km 0.000 to km 5.000.,Roads & Highways,nhai,Uttar Pradesh,1834.25,33.53,10.1,Low,elevated risk on combined profile
618948,4L of NH-80 section of Mirza Chauki to Farakka section from existing km 190.00 to design km 200.75 junction at km 3.100 of NH 133 B and from existing km 260.00 to existing km 283.00 design km 274.133 in the state of Jharkhand package - II,Roads & Highways,nhai,"Multi-States (Jharkhand, West Bengal)",782.18,8.65,10.1,Low,spend outruns works by 20pp; needs 5.1%/month to hit current date
618726,6L Greenfield Varanasi-Ranchi-Kolkata Highway from junction with Chandauli- Chainpur Road near Khainti village to junction with Bhabhua-Adhaura road near Palka village from Km. 27.000 to Km. 54.000 Pkg-2,Roads & Highways,nhai,Bihar,1341.52,26.77,10.1,Low,elevated risk on combined profile
618593,Balance work of Rehabilitation and Upgradation to four laning of Baharagora Singhara section of NH-49 from Km.229.727 to Km.238.990 Length 9.263 Km. including construction of five nos. of Elephant Underpasses EUP and fourteen nos. of Animal Underpasses AUP inside the buffer zone of Similipal Tiger Reserve Area in Bangriposi Ghat section in the State of Odisha on EPC Mode,Roads & Highways,nhai,Odisha,163.07,9.95,10.0,Low,needs 5.6%/month to hit current date
619298,Construction of 6 Lane Elevated corridor from KM 612582 to KM 617540 including construction of Service Roads in Kolhapur City on NH -48 in the State of Maharashtra on EPC mode under NHO,Roads & Highways,nhai,Maharashtra,1039.0,0.0,10.0,Low,elevated risk on combined profile
618727,6L Greenfield Varanasi-Ranchi-Kolkata Highway from junction with Bhabhua-Adhaura road in Bhairopur village to Konki village From KM. 54.000 to KM. 90.000Pkg-3,Roads & Highways,nhai,Bihar,1711.44,26.31,10.0,Low,elevated risk on combined profile
709799,Setting up Polypropylene Unit at Kochi Refinery,Unknown,bharat petroleum corporation limited [bpcl],Kerala,4850.0,45.2,9.9,Low,elevated risk on combined profile
619156,4 Laning of Paramakudi to Ramanathapuram Section of NH-87 Old NH-49,Roads & Highways,nhai,Tamil Nadu,1853.16,0.0,9.9,Low,elevated risk on combined profile
665021,Amended BharatNet Program - UKD,Telecommunication,department of telecommunications,PAN India,1821.0,20.54,9.9,Low,elevated risk on combined profile
617288,MANIKPUR OC EXPANSION PROJECT,Coal,secl - cil,Chhattisgarh,382.61,21.29,9.9,Low,spend outruns works by 15pp
617279,Transmission System for evacuation of power from Mahan Energen Limited Generating Station in Madhya Pradesh [SPV Name - POWERGRID MEL Power Transmission Limited],Unknown,power grid corporation of india limited [powergrid],Madhya Pradesh,558.0,18.47,9.9,Low,elevated risk on combined profile
618705,"4L Godibandha to Ballhar Chhak, Ballhar Chhak to Banarpal & Banarpal to Start of Angul bypass at Km.314.130 to Km.321.035 of NH53, at Km.75.200 to Km.84.000 of NH149 & at Km.84.000 to Km.86.100 of NH55",Roads & Highways,nhai,Odisha,973.12,5.4,9.9,Low,spend outruns works by 19pp
701172,AIIMS Darbhanga,Healthcare,pmssy and institute of national importance,Bihar,2006.07,1.12,9.9,Low,elevated risk on combined profile
618619,Bypass on Western side of Gwalior City,Roads & Highways,nhai,Madhya Pradesh,998.95,0.0,9.9,Low,spend outruns works by 20pp; needs 5.5%/month to hit current date
707069,Establishment of new GMC Kapurthala,Healthcare,"medical education, ministry of health and family welfare",Punjab,550.0,0.0,9.8,Low,cost already revised +69%
619030,Inter-Regional Strengthening between SR Grid and ER Grid,Unknown,power grid corporation of india limited [powergrid],"Multi-States (Andhra Pradesh, Odisha)",2722.5,3.0,9.8,Low,elevated risk on combined profile
618805,6L Connectivity to Port Road from Sabbavaram Sheelanagar-NH516C,Roads & Highways,nhai,Andhra Pradesh,977.33,7.2,9.8,Low,elevated risk on combined profile
618021,Up-gradation of Pichhore- Dinara section of NH-346 from Km 292.750 to 334.550 to two lane with paved shoulders in the state of Madhya Pradesh on EPC mode,Roads & Highways,morth,Madhya Pradesh,425.97,36.85,9.7,Low,needs 5.7%/month to hit current date
618832,4L from Km 55.00 Kuru to Km 95.400 Udaipura on NH-75 Sec-I,Roads & Highways,nhai,Jharkhand,1274.82,11.1,9.7,Low,elevated risk on combined profile
619251,Construction of two lane with paved shoulder of Ghatol Bypass from km 133.250 to km 140.950 of NH-56 old NH No. 113 on EPC mode in the State of Rajasthan.,Roads & Highways,morth,Rajasthan,170.49,17.0,9.7,Low,needs 5.9%/month to hit current date
619224,Augmentation of DUPL-DPPL Pipeline,Unknown,gas authority of india limited [gail],Maharashtra,844.0,8.2,9.6,Low,elevated risk on combined profile
617926,Construction of new 4 lane major bridge with approaches on Sabarmati River near Dharoi at Km. 82/00 to 86/00 Design length 3.300 km on NH-58 in the State of Gujarat on Hybrid Annuity Mode HAM,Roads & Highways,morth,Gujarat,398.4,53.0,9.6,Low,elevated risk on combined profile
612781,Rebuilding of COB 4 at Durgapur Steel Plant,Unknown,steel authority of india limited [sail],West Bengal,916.78,37.19,9.6,Low,elevated risk on combined profile
618688,Outer Ring Road of Jabalpur Town from Amjhar Road including Airport Connectivity to barela Pkg-V,Roads & Highways,nhai,Madhya Pradesh,539.9,32.38,9.5,Low,elevated risk on combined profile
618535,Construction of Six lane elevated flyover including reconstruction/rehabilitation of existing pavement from Km 406100 to Km 411150 Length 5.05 Km at Gobindpur area in the Barwa Adda Panagarh section of NH-19 from Km.398.240 to Km.521.120 including Panagarh Bypass in the State of Jharkhand on EPC Mode.,Roads & Highways,nhai,Jharkhand,442.52,19.91,9.5,Low,elevated risk on combined profile
617802,Augmentation of Transformation Capacity and Implementation of Line Bays at Mandsaur S/S for RE Interconnection [SPV Name- POWERGRID Mandsaur I RE Transmission Limited],Unknown,power grid corporation of india limited [powergrid],Madhya Pradesh,319.0,4.8,9.5,Low,elevated risk on combined profile
617827,"Pipeline Rehabilitation Project, Phase-II",Unknown,oil india limited,Assam,680.0,29.0,9.5,Low,elevated risk on combined profile
476006,Amended BharatNet Program - HP,Telecommunication,department of telecommunications,PAN India,1292.0,23.18,9.5,Low,elevated risk on combined profile
210914,Amended BharatNet Program - WB & ANI,Telecommunication,department of telecommunications,PAN India,1674.0,15.13,9.5,Low,elevated risk on combined profile
617822,ATF Pipeline from BPCLs Malkapur POL Installation to Hyderabad International airport,Unknown,bharat petroleum corporation limited [bpcl],Telangana,215.0,29.1,9.4,Low,needs 5.1%/month to hit current date
615820,TIKAK EXTENSION OCP,Coal,invalid co.,Assam,159.77,89.73,9.3,Low,elevated risk on combined profile
171218,Amended BharatNet Program - PB,Telecommunication,department of telecommunications,PAN India,1245.0,26.58,9.3,Low,elevated risk on combined profile
618646,4L of Pathalgaon-Kunkuri-CG/JH Border section of NH-43 from Km. 00.000 to Km.104.250,Roads & Highways,nhai,Chhattisgarh,3147.07,0.0,9.3,Low,elevated risk on combined profile
617207,Delhi Metro Rail Phase-IV [2 Corridors],Unknown,delhi metro rail corporation limited [dmrc],Delhi,8399.81,4.31,9.3,Low,elevated risk on combined profile
617828,Siliguri-Jhapa Pipeline Project,Unknown,indian oil corporation limited [iocl],West Bengal,267.0,16.5,9.3,Low,elevated risk on combined profile
619172,MADANNAGAR OCP 12 MTY - MDO,Coal,secl - cil,Chhattisgarh,1859.19,0.0,9.3,Low,elevated risk on combined profile
914467,Amended BharatNet Program - BR,Telecommunication,department of telecommunications,PAN India,1550.0,17.76,9.3,Low,elevated risk on combined profile
617416,"Revised Jharia Master Plan for Dealing with Fire, Subsidence & Rehabilitation of affected families in Jharia Coalfield- Reg.",Coal,bharat coking coal limited [bccl],Jharkhand,5940.47,34.0,9.3,Low,elevated risk on combined profile
618148,Widening to 4LPS of NH-548B from Km 80.000 Near Murgundi to Km 140.200 Near Chikkodi excluding length from Km 118.450 to Km 128.450 in the State of Karnataka under NH O on EPC Mode under Annual Plan 2022-23 - Package 1 NH-548B-KNT- 2022-23-979 dated 09.03.2023,Roads & Highways,morth,Karnataka,785.79,0.0,9.3,Low,elevated risk on combined profile
617838,Augmentation of CCKPL and IDPL Pipelines capacity along with setting up of Palakkad TOP,Unknown,bharat petroleum corporation limited [bpcl],Kerala,1130.0,48.8,9.2,Low,elevated risk on combined profile
618260,"Construction of Salempur bypass to 4LPS from km 64.000 of NH-727A Km 171.00 of Sonauli Balia Marg, old SH-01, near Mahadahan Chauraha to km 61.500 of NH-727B Km 178.500 of Sonauli Balia Marg, old SH-01, near near Ahirauli Village under Hybrid Annuity Mode HAM in the State of Uttar Pradesh",Roads & Highways,morth,Uttar Pradesh,1348.06,35.0,9.2,Low,elevated risk on combined profile
617974,Rehabilitation and upgradation of 2 lane with paved shoulder from existing km. 195.175 to km. 220.000 Design Chainage km71.300 to Km. 95.947 Excluding existing chainage Km 200.300 to Km 202.400 Design chainage Km 76.400 to Km 78.400 on Dharasu to Yamunotri Road of NH- 134 Old NH-94,Roads & Highways,morth,Uttarakhand,344.73,53.74,9.2,Low,elevated risk on combined profile
400166,SIARMAL OCP,Coal,mahanadi coalfields limited [mcl],Odisha,5194.95,61.04,9.1,Low,elevated risk on combined profile
619171,RPR FOR DURGAPUR OCP 10 MTY,Coal,secl - cil,Chhattisgarh,2415.91,0.01,9.0,Low,elevated risk on combined profile
617898,New construction of Major Bridge with Approaches from Km 0.000 to 1.200 Madhopur -Badabanta section of NH-20 under NHO in Annual Plan 2022-23 in the State of Odisha,Roads & Highways,morth,Odisha,199.5,0.0,9.0,Low,needs 6.7%/month to hit current date
618648,"Development of 6-lane Greenfield Southern Ludhiana Bypass from intersection with NH-44 near Village Rajgarh to intersection with Delhi Katra Expressway NE-5 near Village Ballowal, km 0000 to km 25240",Roads & Highways,nhai,Punjab,1424.55,5.79,8.9,Low,elevated risk on combined profile
619053,RPR FOR RAMPUR BATURA OCP,Coal,secl - cil,Madhya Pradesh,1604.69,0.3,8.9,Low,elevated risk on combined profile
619300,Construction of Four Lane Nagpur-Katol section of NH-353J including Mitigation Structures from Design Ch. 37000 to Ch. 45990 Tiger Corridor-I Mitigation Structures from Design Ch. 37000 to Ch. 45990 Tiger Corridor-I in the State of Maharashtra on EPC Mode,Roads & Highways,nhai,Maharashtra,300.68,0.0,8.9,Low,needs 5.9%/month to hit current date
619227,Network Expansion Scheme in Maharashtra for removal of Transmission constraints in Pune Region-I [765/400kV AIS Pune East],Unknown,power grid corporation of india limited [powergrid],Maharashtra,1420.0,3.92,8.8,Low,elevated risk on combined profile
615918,RPR OF BHANEGAON OC,Coal,wcl - cil,Maharashtra,405.2,16.06,8.8,Low,elevated risk on combined profile
619027,WRNES Talegaon Power Transmission Limited,Unknown,adani transmission limited,Maharashtra,2000.0,5.0,8.8,Low,needs 5.3%/month to hit current date
617221,"Construction of Girls Hostel 400 seater, Boys Hostel 600 seater, Academic Block, International Hostel 100 seater, VC Residence and Purchase of Equipment",Education,central university of punjab,Punjab,210.99,58.0,8.8,Low,elevated risk on combined profile
618661,4L from km 0.000 to 42.040 Bhopal Ratnaigiri Tiraha to Vidisha Morikodi,Roads & Highways,nhai,Madhya Pradesh,1038.18,20.23,8.7,Low,elevated risk on combined profile
618004,Construction of Bhabhua Bypass from Ch. 10800Design Ch. 10800 to Ch. 19860 Design Ch. 18150 and Chand Bypass from Ch. 38060 Design Ch. 36250 to Ch. 40460 Design Ch. 38650 and widening of existing road to 2 - lane with Paved shoulder from Ch. 40460 Design Ch. 38650 to Ch. 46860 Design Ch. 45050 of NH-219 Total length- 16.150 Kmunder EPC mode in the state of Bihar,Roads & Highways,morth,Bihar,179.86,2.0,8.7,Low,needs 5.8%/month to hit current date
619253,Construction of 4 lane Bypass to Nalgonda Town lrorn Km 000 Existing Ch. 181590 to Km 14.00 Existing Ch. 28/685 ol Nakrekal to Nagarjunsagar Section of NH -565 in the State of Telangara on EPC under Annual Plan 2024 -25,Roads & Highways,morth,Telangana,516.17,55.62,8.7,Low,elevated risk on combined profile
618729,6 Lane Greenfield Varanasi- Ranchi- Kolkata Highway from Donoreshan village to junction with NH-20 in Bongabar village from km 288.600 to km 325.500 Pkg -11,Roads & Highways,nhai,Jharkhand,1856.12,0.0,8.7,Low,elevated risk on combined profile
617918,"Widening and Strengthening of existing S/L, I/L, & D/L to 2 Lane with PS from Km 256/455 to 256/503, 256/820 to 256/960, 265/760 to 266/010, 266/010 to 266/800, 270/975 to 271/055, 276/460 to 276/560, 276/560 to 276/700, 276/700 to 277/480, 285/780 to 288/290, 288/290 to 291/050 and construction of 3 Nos. of Bypass from Km 266/800 to 267/300, 270/025 to 270/975, & 284/700 to 285/780 on NH-53 under NHO in Annual Plan 2022-23 for the State of Odisha.",Roads & Highways,morth,Odisha,174.21,0.0,8.6,Low,needs 5.9%/month to hit current date
617375,North Eastern Region Expansion Scheme-XXIII [NERES-XXIII],Unknown,power grid corporation of india limited [powergrid],Arunachal Pradesh,209.38,3.89,8.6,Low,needs 5.0%/month to hit current date
618288,"Widening/lmprovement to 4-Lane with Paved Shoulder from Ch.5.580 Km to Ch.25.633 Km Design Ch.0.000 Km to Ch.17.737km Km 901.100 to Km 921.145 of old NH-31 of Bilasipara- Guwahati road NH-17 Section Near Chirakuta to near Mowatari, before Chapar Bypass in the state ol Assam on HAM mode Package-1",Roads & Highways,nhidcl,Assam,1081.15,35.0,8.5,Low,elevated risk on combined profile
617987,Nandyala-Kurnool/Kadapa Border section of NH-167K i.e. Km 186/000 to Km 250/000Design Ch.186000 to 248010 to 2LPS,Roads & Highways,morth,Andhra Pradesh,691.81,49.71,8.4,Low,elevated risk on combined profile
618733,6L Greenfield Varanasi- Ranchi- Kolkata Highway from junction with NH-20 in Bongabar village to junction with NH-30 in Lepo village from km 325.500 to km 358.500 Pkg -12,Roads & Highways,nhai,Jharkhand,1525.52,0.1,8.4,Low,elevated risk on combined profile
618797,"Widening Strengthening of 2-Lane with Paved Shoulder from MyajlarJaisalmer from Design Chainage 0000 to 98350 Section of NH-11 & SundraMyajlarAmbasingh ki Dhani Road from Design Chainage 46000 to 81601, part of MunabaoTanot Road Section of NH-70 along with Strengthening/Widening of Existing Connection of NH-70 & NH-11 of length 0.914 km in the State of Rajasthan under NHO on Hybrid Annuity Mode",Roads & Highways,nhai,Rajasthan,927.02,21.22,8.4,Low,elevated risk on combined profile
702658,Nagpur Metro Rail Phase II Development Project,Unknown,maharashtra metro rail corporation limited [mmrcl],Maharashtra,6708.0,42.11,8.4,Low,elevated risk on combined profile
618320,Construction of 4-Laning of N. Kawnpui N. Mualvum Mualkhang via Khamrang Village section Package-7 of NH-6 from Existing Chainage km 127200 to km 142000 Design Chainage km 111850 to km 123400 on Silchar - Vairengte - Sairang road in the State of Mizoram on EPC mode,Roads & Highways,nhidcl,Mizoram,866.32,18.9,8.3,Low,elevated risk on combined profile
618067,"Rehabilitation & Up-gradation from design Km. 0.000 to Km. 69.280 of NH-931 Pratapgarh - Amethi - Gauriganj -Musafirkhana to two lane with paved shoulder on Engineering, Procurement & Construction EpC mode in the State of Uttar Pradesh",Roads & Highways,morth,Uttar Pradesh,1086.3,9.32,8.3,Low,needs 5.7%/month to hit current date
618731,6 Lane Greenfield Varanasi- Ranchi- Kolkata Highway from Chatra to junction with NH- 100 in Deoria village from km 222.000 to km 253.000 Pkg -9,Roads & Highways,nhai,Jharkhand,1418.16,0.0,8.3,Low,elevated risk on combined profile
400353,DHUPTALA OC [SASTI UG TO OC ],Coal,wcl - cil,Maharashtra,711.01,19.02,8.3,Low,elevated risk on combined profile
619294,Road Safety Improvement of existing four lane section of Dehradun-Lal Tappar-Nepali Farm Section of NH-7 and Nepali Farm-Motichur NH-34 on EPC Mode in Uttarakhand under NHO.,Roads & Highways,nhai,Uttarakhand,388.19,5.13,8.3,Low,elevated risk on combined profile
617287,KUSMUNDA OC EXPANSION PROJECT,Coal,secl - cil,Chhattisgarh,4516.88,23.75,8.3,Low,elevated risk on combined profile
616253,BLOCK E OCP,Coal,bccl - cil,Jharkhand,5850.83,4.18,8.2,Low,elevated risk on combined profile
619061,Construction of 4 lane with PS Idar-Badoli bypass section from design km 81/300 to km 95/500 of NH 168G in the State of Gujarat,Roads & Highways,morth,Gujarat,705.09,7.0,8.1,Low,elevated risk on combined profile
619271,Construction of Elevated Corridor at Kherwara Town on Udaipur Ratanpur Shamlaji Section of NH-48 in Udaipur District in the State of Rajasthan on EPC mode,Roads & Highways,nhai,Rajasthan,363.89,0.0,8.1,Low,elevated risk on combined profile
709771,"City Gas Distribution Project at Beed, Jalgaon and Jalna Districts",Unknown,indian oil corporation limited [iocl],Maharashtra,865.0,3.4,8.1,Low,elevated risk on combined profile
618964,4 Laning of Sandalpur to Nasrullaganj Pkg-1 section of NH-146B Length 43.2 Km.,Roads & Highways,nhai,Madhya Pradesh,1425.98,11.57,8.0,Low,elevated risk on combined profile
619102,4 L of China Orampadu-Renigunta section of NH-716 Package-II of Kadapa- Renigunta section,Roads & Highways,nhai,Andhra Pradesh,1500.11,2.25,7.9,Low,elevated risk on combined profile
618662,4L Vidisha Gyaraspur section of NH-146 from Design Chainage km 59475 existing chainage km 81240 to Design Chainage km 88361 existing chainage km 110.315,Roads & Highways,nhai,Madhya Pradesh,980.2,12.25,7.9,Low,elevated risk on combined profile
619347,Balance Work Estimate of Rehabilitation and Up-gradation of NH- 43 from Km. 468.600 to Km. 531.250 Pathalgaon to kunkuri Section to two-lane with paved shoulder in the State of Chhattisgarh on SBD mode under NHO under Annual plan 2025-26,Roads & Highways,morth,Chhattisgarh,201.16,0.0,7.9,Low,elevated risk on combined profile
400165,SUBHADRA OCP,Coal,mcl - cil,Odisha,1693.81,46.57,7.9,Low,spend outruns works by 32pp
618053,Muddanur to B. Kothapalli section of NH-716G from Km. 0/000 to Km. 56/500 56.500 Km in the State of Andhra Pradesh on EPC mode Job no. 741,Roads & Highways,morth,Andhra Pradesh,1019.97,33.55,7.9,Low,needs 5.1%/month to hit current date
618961,4 Lane Inner Ring Road around Allahabad City Pkg-1 Prayagraj Southern Bypass 34.400 43.200,Roads & Highways,nhai,Uttar Pradesh,498.97,24.55,7.9,Low,elevated risk on combined profile
615184,SAONER UG MINE -1 EXPANSION 1.,Coal,wcl - cil,Maharashtra,228.64,69.33,7.8,Low,elevated risk on combined profile
709792,"City Gas Distribution Projects at Darbhanga, Madhubani, Supaul, Sitamarhi and Sheohar districts",Unknown,bharat petroleum corporation limited [bpcl],Bihar,3638.0,33.6,7.6,Low,elevated risk on combined profile
618584,4L of Kishanganj - Bahadurganj section from Km. 0.000 to Km. 23.649 & interchange at Start Point Length - 1.200 Km of NH-27,Roads & Highways,nhai,"Multi-States (Bihar, West Bengal)",855.56,20.14,7.6,Low,elevated risk on combined profile
618445,Construction of 2-Laning with hard shoulders of Demwe-Brahmakund section of NH- 13 from Ch.0.00 km to 18.464 km on EPC under SARDP-NE NHO-NE -Balance Work,Roads & Highways,nhidcl,Arunachal Pradesh,353.9,19.57,7.6,Low,elevated risk on combined profile
617183,Transmission system strengthening at Kurnool- III PS for integration of additional RE generation projects [POWERGRID Kurnool III PS RE Transmission Limited],Unknown,power grid corporation of india limited [powergrid],Andhra Pradesh,2886.0,43.89,7.6,Low,elevated risk on combined profile
709770,City Gas Distribution Project at Pathankot District,Unknown,indian oil corporation limited [iocl],Punjab,151.0,2.0,7.5,Low,elevated risk on combined profile
618671,4-lanning of Rahatgarh to Berkhedi section of NH-146 from Design Ch 124470 to Ch. 134.549,Roads & Highways,nhai,Madhya Pradesh,342.69,14.6,7.5,Low,needs 5.0%/month to hit current date
618294,Improvement and Widening of National Highway No. 127B Darugiri - Songsak - Williamnagar Junction Section to two lane with paved shoulder from design Km 0000 to Km 36635 Design length 36.635 Km existing Km 112000 to Km 151060 of NH-1278 under Bharatmala Pariyojana Lot-1 Pkg-1B Meghalaya portion,Roads & Highways,nhidcl,Meghalaya,801.07,26.8,7.5,Low,needs 5.2%/month to hit current date
618324,Construction of 2-lane Aizawl Bypass from km 15.200 to km 34.500 Package-3 on Sairang - Phaibawk section of NH-6 in the State of Mizoram under Bharatmala Pariyojna on EPC Mode under NHO-NE,Roads & Highways,nhidcl,Mizoram,720.72,15.1,7.5,Low,elevated risk on combined profile
619299,Construction of a 6-Lane Elevated Corridor from Km 593766 to Km 596620 Including Construction of Service Roads in Kagal City on NH-48 in the State of Maharashtra on EPC Mode.,Roads & Highways,nhai,Maharashtra,357.99,0.0,7.4,Low,elevated risk on combined profile
618052,Gorantla - Hindupur section from Km 120/300 to 165/000 of NH716G in the State of Andhra Pradesh,Roads & Highways,morth,Andhra Pradesh,808.7,37.7,7.4,Low,elevated risk on combined profile
618730,6 Lane Greenfield Varanasi- Ranchi- Kolkata Highway from Deoria village to Donoreshan village from km 253.000 to km 288.600 Pkg -10,Roads & Highways,nhai,Jharkhand,1546.27,5.65,7.4,Low,elevated risk on combined profile
618950,Construction of Bypass to NH-114A Connecting NH-333 and NH-133 Deoghar Bypass from design km 0.000 to design Km 49.000,Roads & Highways,nhai,Jharkhand,1565.47,12.0,7.4,Low,elevated risk on combined profile
709772,"City Gas Distribution Project at East Mednipore, West Mednipore & Jhargram Districts",Unknown,indian oil corporation limited [iocl],West Bengal,609.0,3.0,7.4,Low,elevated risk on combined profile
400138,CHANDRAGUPT OCP,Coal,ccl - cil,Jharkhand,973.5,25.11,7.3,Low,spend outruns works by 54pp
400139,KOTRE BASANTPUR PACHMO OCP,Coal,ministry of coal,Jharkhand,625.4,45.78,7.3,Low,spend outruns works by 27pp
613794,PARASEA-BELBAID UG PROJECT,Coal,ecl - cil,West Bengal,389.1,22.26,7.3,Low,elevated risk on combined profile
617278,KOLARPIMPRI EXPANSION OC [2.5,Coal,wcl - cil,Maharashtra,630.37,0.4,7.2,Low,elevated risk on combined profile
400354,DIPKA EXPANSION OCP [40 MTY],Coal,secl - cil,Chhattisgarh,5241.4,39.34,7.0,Low,spend outruns works by 17pp
618633,4L of Kadapa China Orampadu section of NH-716 Package I of Kadapa-Renigunta section,Roads & Highways,nhai,Andhra Pradesh,1732.66,5.01,7.0,Low,elevated risk on combined profile
400185,GOPALJI KANIHA OCP [10 TO 30 M,Coal,mcl - cil,Odisha,6107.87,35.8,7.0,Low,elevated risk on combined profile
709786,"Augmentation/ Revamping of Dimapur Depot, Dimapur",Unknown,indian oil corporation limited [iocl],Nagaland,227.62,43.0,7.0,Low,elevated risk on combined profile
400392,BHARATPUR RE-ORGANIZATION OCP,Coal,mcl - cil,Odisha,2838.86,53.54,7.0,Low,elevated risk on combined profile
618120,construction of Four-Lane of chausa-Buxar Bypass from Km 45.000 to Km 65.915 Package - 2 in the State of Bihar on EPC Mode.,Roads & Highways,morth,Bihar,1060.16,4.0,7.0,Low,needs 5.3%/month to hit current date
707070,Establishment of new GMC Hoshiarpur,Healthcare,"medical education, ministry of health and family welfare",Punjab,374.75,5.0,7.0,Low,cost already revised +15%
618742,"Construction of 6-lane Greenfield corridor from Ramnagar to Kacchi Dargah NH-119D from Km 109700 to Km 122300, including widening of the existing NH-31 from Km 196700 to Km 198600, as part of the Amas-Darbhanga.",Roads & Highways,nhai,Bihar,1113.46,0.8,6.9,Low,elevated risk on combined profile
618253,Construction of missing link from Birhu to Lathiani from Km 35/550 Design chainage Km 0.000 to Km 42/800 Design Chainage Km 8.153on NH-503A including Lathiani Bridge on back water of Govindsagar and its approaches in Himachal Pradesh.,Roads & Highways,morth,Himachal Pradesh,896.86,0.0,6.9,Low,elevated risk on combined profile
618264,"Widening and Strengthening to two Lane with Paved Shoulder/Four Lane with paved shoulder configuration from km. 61.500 of NH-727B near Nawalpur km 178.500 of Sonauli Balia Marg, Old SH-01 i.e. end point of Salempur Bypass to km. 106.495 of NH-727B near Sikanderpur under EPC mode",Roads & Highways,morth,Uttar Pradesh,2061.86,41.0,6.9,Low,elevated risk on combined profile
709793,"City Gas Distribution Projects at Gopalganj, Siwan, West Champaran, East Champaran and Deoria districts",Unknown,bharat petroleum corporation limited [bpcl],Bihar,3919.0,30.3,6.8,Low,elevated risk on combined profile
616254,Visakh Raipur Pipeline Project,Unknown,hindustan petroleum corporation limited,"Multi-States (Chhattisgarh, Odisha)",2212.0,38.4,6.8,Low,elevated risk on combined profile
619055,SAONER-III EXPN UG MINE 1.54,Coal,wcl - cil,Maharashtra,444.42,0.0,6.8,Low,elevated risk on combined profile
616229,AMAL GONDEGAON GHATROHANA EXPN,Coal,wcl - cil,Maharashtra,668.54,2.55,6.7,Low,elevated risk on combined profile
709773,"City Gas Distribution Project at Jammu, Udhampur, Reasi, Samba and Kathua Districts",Unknown,indian oil corporation limited [iocl],Jammu and Kashmir,538.0,0.6,6.7,Low,elevated risk on combined profile
617819,"City Gas Distribution [CGD] Project in Kondagaon, Bastar, Sukma, Narayanpur, Bijapur & Dantewada GA",Unknown,gail gas,Chhattisgarh,557.04,2.2,6.7,Low,elevated risk on combined profile
619194,"Construction of Four Lane Gola Flyover at Km 99.850 of NH 730 Major Junction with State Highways -93 of Engineering, Procurement and Construction EPC mode in the State of Uttar Pradesh.",Roads & Highways,morth,Uttar Pradesh,168.05,12.0,6.6,Low,needs 5.9%/month to hit current date
619321,Balance work of widening to two laning/re-alignment and geometric improvement from Km. 11000 to Km. 114618 with rectification of damaged stretches and provision of protection works in vulnerable location of NH-44 in the State of Mizoram.,Roads & Highways,morth,Mizoram,170.96,2.0,6.6,Low,elevated risk on combined profile
618331,lmprovement to 4-Lane with Paved Shoulder from existing km 260000 Design Ch.4560 km to existing km Ch.233000 D. Ch.24560 of Silchar near Nutan Dayapur village - Budha Nagar Section Length-20.00 Km of NH-37 under Package Silchar- Jiribam Pkg-1 in the state of Assam on HAM Mode,Roads & Highways,nhidcl,Assam,957.95,47.27,6.6,Low,elevated risk on combined profile
618116,lmprovement and Up-gradation from Km. 73.300 Bikapur to Km.140.960 Patranga of NH-227B 84 Kosi Parikrama Marg to 2LPS along with Parikrama Path,Roads & Highways,morth,Uttar Pradesh,1679.75,40.45,6.5,Low,elevated risk on combined profile
619039,"Balance Works of Rehabilitation and Up gradation of NH-43 New NH-30 from Krn 162120 to Krn 173500 Length 11.380 Km. Keshkal Bypass 4-Lane with Paved shoulder in the State Of Chhattisgarh under NHDP-IV through Engineering, Procurement & Construction EPC Basis",Roads & Highways,morth,Chhattisgarh,307.96,0.0,6.5,Low,elevated risk on combined profile
618313,Widening/lmprovement of Existing 2 lane to 4-Laning of Karimganj-Silchar section of NH-37 from Design Ch 0.000 near Silchar ISBT to Design Ch 15.970 near Kalinagar Pt I on NH-37 in Assam on HAM Mode Pkg-1,Roads & Highways,nhidcl,Assam,1181.55,41.26,6.4,Low,elevated risk on combined profile
709791,City Gas Distribution Projects at Alipurduar and Cooch Behar,Unknown,bharat petroleum corporation limited [bpcl],West Bengal,1017.0,43.8,6.4,Low,elevated risk on combined profile
618732,6L Greenfield Varanasi- Ranchi- Kolkata Highway from Sonepurbigha village to junction with NH- 22 Chatra Bypass near Chatra from km 184.700 to km 222.000Pkg - 8,Roads & Highways,nhai,"Multi-States (Bihar, Jharkhand)",1728.17,3.94,6.4,Low,elevated risk on combined profile
616230,PARASCOLE JAMBAD OCP,Coal,ecl - cil,West Bengal,1193.55,0.23,6.4,Low,elevated risk on combined profile
618251,"Improvement and Up gradation to four lane with Paved shoulder configuration from Existing Km 0000 to Km 39500 design km 0500 to Km 40342, Design length km of NH 227A near Mehrauna GhatUP Bihar Border to Siwan on the state of Bihar on Hybrid Annuity Model HAM basis",Roads & Highways,morth,Bihar,1661.25,9.07,6.4,Low,elevated risk on combined profile
618041,Rehabilitation and upgrading to two lanes with paved shoulders and Strengthening of Kotdwar-Pauri-Srinagar road section from Km 232.00 to 274.470 on NH-119 New 534 Paidul to Srinagar in the State of Uttarakhand on EPC Mode under NHO Annual Plan 2021-22.,Roads & Highways,morth,Uttarakhand,299.31,2.0,6.3,Low,needs 5.8%/month to hit current date
709796,City Gas Distribution Projects at the Nilgiris and Erode districts,Unknown,bharat petroleum corporation limited [bpcl],Tamil Nadu,3685.0,25.5,6.3,Low,elevated risk on combined profile
618892,"4 Lane with Paved Shoulder from Dareota Village to Kalar Bala NH 205, Design Chainage -Km 33185 to Km 41000, Design Length-7.815 Km Package-IIB",Roads & Highways,nhai,Himachal Pradesh,992.85,0.68,6.2,Low,elevated risk on combined profile
615191,KATKONA RO UG MINE,Coal,secl - cil,Chhattisgarh,329.21,2.01,6.2,Low,spend outruns works by 17pp
617890,Construction of Champawat Bypass with two lane with paved shoulder configuration starting from existing chainage 121.700 to existing chainage 129.450 Design Length 9.847 of NH-125 in District-Champawat in the state of Uttrakhand on EPC mode.,Roads & Highways,morth,Uttarakhand,220.89,8.5,6.2,Low,needs 5.4%/month to hit current date
615916,AMLG GAURI PAUNI EXPANSION OC,Coal,wcl - cil,Maharashtra,1225.21,4.21,6.2,Low,elevated risk on combined profile
619265,Rehabilitation & Upgradation of Thorrur to Nehru Nagar section to Two Lane with Paved shoulders from Km 109/420 to Km 178/500 of NH 930P in the state of Telangana on EPC mode under Annual Plan 2022-2023,Roads & Highways,morth,Telangana,675.45,0.0,6.1,Low,elevated risk on combined profile
617233,WAGHODA UG MINE [1.02 MTY],Coal,wcl - cil,Maharashtra,379.3,0.11,6.1,Low,elevated risk on combined profile
615919,N. EXTN. MUNGOLI NIRGUDA D OCP,Coal,wcl - cil,Maharashtra,1024.91,27.92,6.1,Low,elevated risk on combined profile
615331,GADEGAON OC 3 MTY,Coal,wcl - cil,Maharashtra,497.41,2.19,6.1,Low,spend outruns works by 17pp
617937,Udgir Raavi Degloor Aadampur phata to Sagroli fata,Roads & Highways,morth,Maharashtra,809.77,12.0,6.1,Low,elevated risk on combined profile
618534,Construction of Six lane elevated flyover including reconstruction/rehabilitation of existing pavement from Km 426230 to Km 430500 Length 4.27 Km at Nirsa in the Barwa Adda Panagarh section of NH-19 from Km.398.240 to Km.521.120 including Panagarh Bypass in the State of Jharkhand on EPC Mode.,Roads & Highways,nhai,Jharkhand,470.75,0.0,6.1,Low,elevated risk on combined profile
619014,"lmprovement and Widening to 2 lane with paved Shoulder of NH-15 old NH-52 from Existing Km 770.600 Design Km 24.819 to Existing km 805.750 Design Km 59.885 Kamlang T-Junction to Chowkham, Existing Length 35.150 Km, Design Length-35.066 Km in the state of Arunachal Pradesh on EPC mode Pkg-2",Roads & Highways,nhidcl,Arunachal Pradesh,316.73,15.06,6.0,Low,elevated risk on combined profile
616225,CHUPERBHITA SIMLONG OCP MDO 6,Coal,ecl - cil,Jharkhand,979.08,0.05,5.9,Low,elevated risk on combined profile
616233,BALABHADRA OCP,Coal,mcl - cil,Odisha,978.44,18.93,5.9,Low,spend outruns works by 28pp
618176,Rehabilitation and upgradation from ch km 50/200 to 56/800 and km 62/600 to 100/403 of Kolde to Visarwadi Near Junction with NH-6 section of NH 752G total length 44.40 to two-lane with paved shoulder / four lanes in the State of Maharashtra on EPC mode.,Roads & Highways,morth,Maharashtra,349.08,35.45,5.8,Low,elevated risk on combined profile
618247,Construction of 4 lane Mirzapur bypass including bridge over river Ganga from km 0.000 to km 15.000 of NH 135A in the State of Uttar Pradesh on HAM Mode.,Roads & Highways,morth,Uttar Pradesh,1708.62,7.0,5.8,Low,elevated risk on combined profile
617943,4-laning of Navelim to Cuncolim Section of NH-66 from Km 554.245 to Km 561.480 on HAM Mode,Roads & Highways,morth,Goa,746.75,0.0,5.8,Low,elevated risk on combined profile
709794,"City Gas Distribution Projects at Fazilka [except area already authorized], Ganganagar and Hanumangarh districts",Unknown,bharat petroleum corporation limited [bpcl],Rajasthan,3207.0,31.1,5.8,Low,elevated risk on combined profile
618401,"Construction of Intermediate Lane with Hard Shoulder of Hunli to Hayuliang Package- III from design Km 60.000 to Km 121.500 Design Length 61.500 km, Greenfield Section of Frontier Highway NH-913 in the State of Arunachal Pradesh on EPC Mode Pkg-3",Roads & Highways,nhidcl,Arunachal Pradesh,1418.67,1.7,5.7,Low,elevated risk on combined profile
617927,Widening to 2LPS between Km 0/0 to 56/0 Khokhara Gujarat Border Vijayanagar Antrasuba Mathasur road of NH 58 in the State of Gujarat,Roads & Highways,morth,Gujarat,699.19,36.0,5.7,Low,elevated risk on combined profile
615330,BALLARPUR NORTH WEST OC MINE,Coal,wcl - cil,Maharashtra,360.81,5.35,5.6,Low,elevated risk on combined profile
616226,INTEGRATED KULDA GARJANBAHAL O,Coal,mcl - cil,Odisha,3563.5,10.43,5.5,Low,elevated risk on combined profile
617818,"City Gas Distribution [CGD] Project in Gajapati, Kandhamal, Boudh, & Sonepur GA",Unknown,gail gas,Odisha,514.91,5.8,5.4,Low,elevated risk on combined profile
612816,ITAPARA OCP,Coal,eastern coal fields limited [ecl],West Bengal,929.1,8.41,5.4,Low,elevated risk on combined profile
400150,RPR MAGADH EXP OCP,Coal,ministry of coal,Jharkhand,6964.33,39.42,5.4,Low,elevated risk on combined profile
400156,EPR AMRAPALI OCP,Coal,ccl - cil,Jharkhand,4983.57,43.69,5.3,Low,elevated risk on combined profile
400183,BALARAM EXPANSION OCP,Coal,mahanadi coalfields limited [mcl],Odisha,3504.21,62.06,5.2,Low,elevated risk on combined profile
615821,TIRAP OCP,Coal,invalid co.,Assam,289.46,5.0,5.2,Low,spend outruns works by 32pp
618848,Construction of Underpass beneath airport runway on NH-31 old NH-56 for proposed expansion of runway of Babatpur Airport Varanasi,Roads & Highways,nhai,Uttar Pradesh,649.44,22.0,5.2,Low,needs 5.6%/month to hit current date
618160,"Construction of 2 lane Major Bridge including approaches over Brahmaputra between Majuli on North Bank and Jorhat on South Bank from km. 11.690 to km. 19.715 length of bridge 6,812.5m Package - II on NH-715K in the state of Assam Job no. 715/AS/2020-21/213",Roads & Highways,morth,Assam,1019.17,3.25,5.1,Low,needs 5.7%/month to hit current date
619004,"Construction of Dubrajpur Bypass with 4-lane configuration of length 5.676 km on NH- 60 new NH-14 from design chainage 0.00 existing km 316.135 on NH-60 to design chainage 5.676 existing km 320.980 on NH-60 in the district of Birbhum, West Bengal under Annual Plan 2022-23 in EPC Mode- reg. Job. No. 014-WB-2022- 23/518 .",Roads & Highways,morth,West Bengal,560.79,8.0,5.1,Low,needs 5.4%/month to hit current date
617764,North Dhadu Western Part OCP,Coal,nlc india limited [nlcil],Jharkhand,1354.2,40.0,5.1,Low,elevated risk on combined profile
615190,SINGHORI DEEP OC MIN 2.0 MTY,Coal,wcl - cil,Maharashtra,335.75,9.64,5.1,Low,elevated risk on combined profile
618323,Construction of Twin Tube Uni-directional Aizawl Bypass Tunnel of 2.5 km and its approaches of 2.1 km from km 10.600 to km 15.200 on Sarrang - Phaibawk section of NH-6 in the State of Mizoram on EPC Mode under NHO-NE Package-2,Roads & Highways,nhidcl,Mizoram,1313.28,0.0,5.1,Low,elevated risk on combined profile
615822,SIRKA OC,Coal,ccl - cil,Jharkhand,183.18,56.47,5.0,Low,elevated risk on combined profile
400018,HURA C OCP,Coal,eastern coal fields limited [ecl],Jharkhand,859.41,63.3,5.0,Low,elevated risk on combined profile
400186,TILABONI UG,Coal,ecl - cil,West Bengal,749.07,12.14,5.0,Low,elevated risk on combined profile
400033,BHATADI EXPANSION OC,Coal,wcl - cil,Maharashtra,580.61,34.25,5.0,Low,elevated risk on combined profile
615195,SHARDA UG MINE,Coal,wcl - cil,Madhya Pradesh,166.25,9.39,4.9,Low,elevated risk on combined profile
617916,Work of 6 laning/Construction of elevated corridor from km 0/0 to 10/170 Narol Junction to Sarkhej junction including 4 lane Shastri Bridge on Sabarmati river on NH 47 in the State of Gujarat on HAM mode,Roads & Highways,morth,Gujarat,1295.39,35.0,4.8,Low,elevated risk on combined profile
615194,URDHAN EXPANSION OC COST PLUS,Coal,wcl - cil,Madhya Pradesh,206.88,2.02,4.7,Low,spend outruns works by 22pp
618162,"Improvement and up-gradation to 2LPS of NH-227B 84-Kosi Parikrama Marg PackageVI, Design Km 160200 Bahuvan Madar Majha to Km 224040 Jagarnathpur under HAM",Roads & Highways,morth,Uttar Pradesh,2008.7,20.0,4.7,Low,elevated risk on combined profile
619007,Upgradation of Sarvardewla to Pal MP/MH Border Road section of NH-347 C from Design Chainge km 81.600 to 137.400 Total length 55.80 km to two lane with paved shoulder configuration along with One time improvement of 1 .95 km in the State of Madhya Pradesh on EPC mode.,Roads & Highways,morth,Madhya Pradesh,461.23,0.0,4.7,Low,needs 5.5%/month to hit current date
618114,"Improvement and up-gradation of NH-227B 84 Kosi Parikrama Marg PackageV, from Design Km.140.960 Patranga to Km.160.200 Bahuvan Madar Majha on EPC mode in the State of Uttar Pradesh",Roads & Highways,morth,Uttar Pradesh,1192.33,4.0,4.6,Low,elevated risk on combined profile
618248,Widening to 4 lane from km. 139.00 to km 179.20 of NH-135A Pkg-III Jaunpur Akbarpur section and Akbarpur bypass on Hybrid Annuity Mode in the state of Uttar Pradesh.,Roads & Highways,morth,Uttar Pradesh,1653.15,22.0,4.6,Low,elevated risk on combined profile
618038,Construction of Shopian Bypass on NH-444 taking off from existing chainage Km 36500 and re-joining at km 47588 of existing Chainage New Design Ch. From km 28000 to km 36925 as 2- lane with paved shoulder in the UT of Jammu & Kashmir on EPC mode.,Roads & Highways,morth,Jammu and Kashmir,224.44,3.0,4.6,Low,needs 5.4%/month to hit current date
616231,BHUBANESWARI EXPN OCP 50 MTY,Coal,mcl - cil,Odisha,5366.27,34.03,4.5,Low,elevated risk on combined profile
619248,"lmprovement and Widening to 2-lane with Paved Shoulder of NH-13 & 15 Old NH-52 from Existing Km 745.60 Design Km 0.000 to Existing km 770.600 Design Km 24.819 Brahmakund T-junction to Kamlang T-Junction, Existing Length 25.00 Km, Design Length 24.819 Km in the state of Arunachal Pradesh on EPC mode Pkg-1",Roads & Highways,nhidcl,Arunachal Pradesh,441.41,14.69,4.5,Low,elevated risk on combined profile
400153,EPR ROHINI - KARKETTA OCP,Coal,ministry of coal,Jharkhand,995.57,24.02,4.5,Low,elevated risk on combined profile
618039,Widening to 2 Lane from Existing Chainage Km 74.700 Km 100.660 Design Chainage Km 53.365 to Km 78.785 on NH- 507 in the State of Uttarakhand.,Roads & Highways,morth,Uttarakhand,346.82,31.75,4.5,Low,elevated risk on combined profile
400149,BAROUD OC EXPANSION [3.0-10.0M,Coal,secl - cil,Chhattisgarh,2309.8,55.95,4.5,Low,elevated risk on combined profile
618267,Widening/Upgradation to four lane configuration of Shahjahanpur-Bisalpur section from km 0.00 to km 47.026 of NH-731K on Hybrid Annuity Mode in the state of Uttar Pradesh.,Roads & Highways,morth,Uttar Pradesh,1590.2,0.0,4.4,Low,elevated risk on combined profile
400181,NAKRAKONDA KUMARDIH- B OCP,Coal,ecl - cil,West Bengal,502.67,28.58,4.3,Low,elevated risk on combined profile
618044,Upgradation of Shahdol- Sagartola Section of NH 543 from km 0000 to km 69400 to 2 lane with paved shoulders under Hybrid Annuity Mode HAM in the State of Madhya Pradesh,Roads & Highways,morth,Madhya Pradesh,851.4,0.0,4.3,Low,elevated risk on combined profile
400074,KARO EXPANSION OCP,Coal,ccl - cil,Jharkhand,849.31,23.28,4.2,Low,elevated risk on combined profile
400136,SANGHMITRA OC,Coal,ccl - cil,Jharkhand,2660.0,16.77,4.2,Low,elevated risk on combined profile
615917,GAURIDEEP/GAURI CENTRAL OCP 7.,Coal,wcl - cil,Maharashtra,973.07,2.31,4.2,Low,elevated risk on combined profile
616234,PELMA OC MDO,Coal,secl - cil,Chhattisgarh,1725.04,23.75,4.2,Low,elevated risk on combined profile
615187,RPR OF VISHNUPURI UG TO OC,Coal,wcl - cil,Madhya Pradesh,220.62,11.2,4.1,Low,elevated risk on combined profile
613803,JHIRIA WEST OCP [1.5 MTY],Coal,secl - cil,Madhya Pradesh,366.94,41.29,4.1,Low,elevated risk on combined profile
615914,GHONSA EXPANSION DEEP OC MINE,Coal,wcl - cil,Maharashtra,184.71,12.98,4.0,Low,elevated risk on combined profile
400144,PORDA CHIMTAPANI OCP [10 MTY],Coal,secl - cil,Chhattisgarh,2310.12,11.81,4.0,Low,elevated risk on combined profile
400312,JHANJRA EXPANSION UG,Coal,eastern coal fields limited [ecl],West Bengal,1210.12,52.04,3.9,Low,elevated risk on combined profile
617893,Construction of additional major Bridge with 4- lane configuration of length 1.48 km on NH-60 NH-14 over River Kangshabati from Km. 117.770 to Km 119.250 and additional major Bridge with 4- lane configuration of length 0.900 km on NH-60 NH- 14 over River Shilabati from Km. 173.220 to Km 174.120 in the district of Paschim Medinipur of West Bengal under Annual Plan for FY 2023-24 on EPC mode. Job No 014-W8-2023-24/527 .,Roads & Highways,morth,West Bengal,304.83,0.0,3.9,Low,elevated risk on combined profile
617941,4-Laning from End of Zuari approaches to Start of Margao Bypass section of NH-66 from Km 536.800 to Km 543.450,Roads & Highways,morth,Goa,398.25,1.0,3.8,Low,needs 5.2%/month to hit current date
400315,SONEPUR BAZARI EXPANSION OCP [,Coal,eastern coal fields limited [ecl],West Bengal,5365.88,18.5,3.5,Low,elevated risk on combined profile
615349,TAPIN SOUTH EXPN,Coal,ccl - cil,Jharkhand,230.41,23.67,3.5,Low,elevated risk on combined profile
400352,JHARKHAND-LAIYO OCP,Coal,ministry of coal,Jharkhand,654.87,32.45,3.3,Low,elevated risk on combined profile
616232,HINGULA II OC EXPN PH III 15 M,Coal,mcl - cil,Odisha,1561.85,33.55,3.1,Low,elevated risk on combined profile
400073,KONAR EXPANSION OCP,Coal,ccl - cil,Jharkhand,674.65,50.78,3.1,Low,elevated risk on combined profile
611864,AMALAGAMATED NTST KUJAMA OCP 8.5MTY (Bharat Coking Coal Limited (BCCL)),Coal,unknown,Jharkhand,4011.85,31.16,2.8,Low,elevated risk on combined profile
616236,JARANGDIH EXPN. OCP 1.5 MTY,Coal,ccl - cil,Jharkhand,372.06,32.99,2.6,Low,elevated risk on combined profile
400155,EPR ASHOK OC,Coal,ministry of coal,Jharkhand,2821.07,27.74,2.2,Low,elevated risk on combined profile
