State,Sector,Sl No,Project Name,Agency Name,Project Code,Date of Approval (MM/YYYY),Date of Commissioning Original,Date of Commissioning Revised,Date of Commissioning Anticipated,Cost Original,Cost Revised,Cost Anticipated,Cumulative Expenditure in Rs. Crore,Physical Progress (%)
ANDAMAN AND NICOBAR ISLANDS,CIVIL AVIATION,1,"CONSTRUCTION OF NEW INTEGRATED TERMINAL BUILDING AT VSI AIRPORT, PORTBLAIR",AAI,N04000073,10/2013,9/2018,May-23,6/2023,417.23,707.73,707.73,698.8,100
ANDAMAN AND NICOBAR ISLANDS,RAILWAYS,2,LUDHIANA KILA RAIPUR (19 KMS) WITH FREIGHT LINE AT GILL STATION ON LDH-JHL SECTION,NR,N22000584,3/2019,3/2025,N.A.,3/2025,235.72,N.A.,235.72,0,0
ANDAMAN AND NICOBAR ISLANDS,ROAD TRANSPORT AND,3,CONSTRUCTION OF MAJOR BRIDGE OVER MIDDLE STRAIT CREEK BETWEEN KM. 106.590 TO KM. 107.762 OF NH 223 (,NHIDCL,N24000744,3/2015,1/2022,N.A.,2/2026,262.97,N.A.,262.97,92.73,41.55
ANDAMAN AND NICOBAR ISLANDS,ROAD TRANSPORT AND,4,"2 LANE WITH HARD SHOLDER , REHABILITATION AND UP GRADATION OF SECTION FROM KM 242.0 TO KM 298.0 OF N",NHIDCL,N24000745,3/2017,12/2019,Mar-23,7/2024,409.85,N.A.,409.85,214.23,89.07
ANDAMAN AND NICOBAR ISLANDS,ROAD TRANSPORT AND,5,REHABILITATION AND UP GRADATION OF SECTION FROM KM 107.760 TO KM 129.445 (AFTER MIDDLE STRAIT TO HUM,NHIDCL,N24000748,2/2018,9/2020,Jan-23,8/2025,391,N.A.,391,170.37,57.55
ANDAMAN AND NICOBAR ISLANDS,ROAD TRANSPORT AND,6,REHABILITATION AND UP GRADATION OF SECTION FROM KM 206.00 TO KM 242.00 (NIMBUTALA TO AUSTIN CREEK) O,NHIDCL,N24000749,3/2018,9/2020,Nov-22,9/2024,234.27,N.A.,234.27,126.5,76.86
ANDAMAN AND NICOBAR ISLANDS,ROAD TRANSPORT AND,7,Rehabilitation and up gradation to 2 lane with paved shoulder configuration from existing km. 122.00,MoRTH,N24000820,11/2017,11/2019,N.A.,11/2019,237.8,N.A.,238,222.13,97.46
ANDAMAN AND NICOBAR ISLANDS,ROAD TRANSPORT AND,8,RECONSTRUCTION WITH GEOMETRIC IMPROVEMENT OF EXISTING 2 LANE/INTERMEDIATE LANE TO 2LANE WITH PAVED S,MoRTH,N24000821,11/2017,11/2019,N.A.,11/2019,257.34,N.A.,238,214.9,100
ANDAMAN AND NICOBAR ISLANDS,ROAD TRANSPORT AND,9,AJANTHA TO BULDHANA,MoRTH,N24001008,2/2017,7/2019,N.A.,12/2023,401,401,401,260.08,97
ANDHRA PRADESH,CIVIL AVIATION,10,EXT AND STR. OF EXISTING RUNWAY 08/26 AT TIRUPATI AIRPORT,AAI,N04000089,8/2017,2/2020,Dec-21,1/2024,177.1,N.A.,177.1,143.08,100
ANDHRA PRADESH,CIVIL AVIATION,11,C/O OF NITB AND ASSOCIATED WORK AT VIJAYAWADA AIRPORT,AAI,N04000091,4/2020,3/2023,N.A.,6/2025,611.8,N.A.,611.8,291.31,50
ANDHRA PRADESH,CIVIL AVIATION,12,RAJAHMUNDRY AIRPORT: CONSTRUCTION OF NEW DOMESTIC TERMINAL BUILDING AND MISCELLANEOUS WORKS INCLUD,AAI,N04000103,12/2022,8/2025,N.A.,8/2025,347.15,N.A.,347.15,35.8,23
ANDHRA PRADESH,CIVIL AVIATION,13,KADAPPA AIRPORT- CONSTRUCTION OF NEW DOMESTIC TERMINAL BUILDING AND MISCELLANEOUS WORKS INCLUDING MA,AAI,N04000106,3/2023,1/2026,N.A.,1/2026,265.91,N.A.,265.91,11.05,7
ANDHRA PRADESH,DEPARTMENT OF,14,CONSTRUCTION OF PERMANENT CAMPUS FOR INDIAN INSTITUTE OF TECHNOLOGY TIRUPATI AT MERLAPAKA VILLAGE YE,CPWD EDUCATION,N42000005,2/2019,6/2020,N.A.,6/2020,655.34,N.A.,655.34,366.21,95
ANDHRA PRADESH,DEPARTMENT OF,15,"CONSTRUCTION OF PERMANENT CAMPUS FOR IISER AT JANGALAPALLI VILLAGE, YERPEDU MANDAL, CHITTOOR DISTRIC",CPWD EDUCATION,N42000007,9/2019,9/2022,N.A.,6/2024,588.72,656.39,656.39,666.18,100
ANDHRA PRADESH,PETROLEUM,16,VISAKH REFINERY MODERNISATION PROJECT,HPCL,N16000235,7/2016,7/2020,Jul-22,8/2024,20928,26264,26264,25921.72,98.4
ANDHRA PRADESH,PETROLEUM,17,KG-DWN-98-2 CLUSTER II DEVELOPMENT PROJECT,ONGC,N16000247,3/2016,6/2020,Mar-25,3/2025,34012,N.A.,34012,29969.67,92.1
ANDHRA PRADESH,PETROLEUM,18,REVAMPING OF FACILITIES AT VIZAG TERMINAL,IOCL,N16000343,4/2018,4/2022,Mar-25,3/2025,355,N.A.,355,237.5,76.7
ANDHRA PRADESH,PETROLEUM,19,SWRO II WITH LLPH FACILITIES,HPCL,N16000378,9/2019,7/2020,N.A.,11/2024,196.26,196.26,196.26,147.53,86.8
ANDHRA PRADESH,PETROLEUM,20,HP CRUDE TO OLEFINS AND AROMATICS TECHNOLOGY DEMO UNIT AT VISAKH REFINERY,HPCL,N16000432,9/2021,6/2024,N.A.,6/2025,160,N.A.,160,10.07,40
ANDHRA PRADESH,PETROLEUM,21,"CGD PROJECT AT KURNOOL, GUNTUR AND PRAKASAM DISTRICTS",IOCL,N16000485,3/2022,3/2030,N.A.,3/2030,1420,N.A.,1420,101.92,4.7
ANDHRA PRADESH,PETROLEUM,22,MULTI-PRODUCT PIPELINE FROM KRISHNAPATNAM COASTAL INSTALLATION TO THE PROPOSED INSTALLATION AT HYDER,BPCL,N16000499,9/2019,3/2025,N.A.,10/2025,1932,N.A.,1932,1437.21,62.5
ANDHRA PRADESH,POWER,23,TRANSMISSION SCHEME FOR SOLAR ENERGY ZONE IN ANANTHPURAM (2500MW) AND KURNOOL (1000MW),PGCIL,N18000380,9/2023,3/2025,N.A.,9/2025,1249,N.A.,1249,73.81,6
ANDHRA PRADESH,RAILWAYS,24,KOTLPALLI-NARASAPUR (NL) (SCR),SCR,220100265,12/2001,3/2009,N.A.,3/2027,1045.2,N.A.,2500.98,1150.74,0
ANDHRA PRADESH,RAILWAYS,25,NADIKUDE-SRI KALAHASTI,SCR,N22000286,4/2011,3/2021,N.A.,5/2027,2288.7,N.A.,3122.35,1650.8,0
ANDHRA PRADESH,RAILWAYS,26,GUNTUR-GUNTAKAL,SCR,N22000368,4/2016,3/2022,N.A.,12/2025,3631,N.A.,3887.48,3036.61,0
ANDHRA PRADESH,RAILWAYS,27,VIJAYAWADA-GUDUR,RVNL,N22000369,4/2015,12/2023,N.A.,12/2024,3246.26,N.A.,6238.67,5614.6,84
ANDHRA PRADESH,RAILWAYS,28,KOTTAVALSA - KORAPUT DOUBLING,ECOR,N22000377,4/2015,3/2022,N.A.,N.A.,2499.71,N.A.,2499.71,1642.27,66
ANDHRA PRADESH,RAILWAYS,29,"PENUKONDA-DHARMAVARAM, EXCL. DHARMAVARAM (41.5 KM)",SWR,N22000555,4/2019,3/2026,N.A.,2/2025,294.67,307.66,307.66,107.69,40
ANDHRA PRADESH,RAILWAYS,30,MALUGUR-PALASAMUDRAM (17.98 KM) (PB#29/NR/2022-23),SWR,N22000556,9/2022,12/2025,N.A.,12/2026,323.14,342.41,342.41,39.46,12
ANDHRA PRADESH,RAILWAYS,31,DOUBLING BETWEEN GOOTY- PENDAKALLU (29.225),SCR,N22000585,3/2023,3/2027,N.A.,3/2027,351.83,N.A.,351.83,0,0
ANDHRA PRADESH,RAILWAYS,32,VIJAYAWADA KAZIPET BYEPASS LINE,SCR,N22000586,4/2016,12/2025,N.A.,12/2025,226.72,N.A.,226.72,150.4,55
ANDHRA PRADESH,RAILWAYS,33,RENIGUNTA WADI GOOTY - BYPASS,SCR,N22000587,4/2016,12/2025,N.A.,12/2025,302,N.A.,302,118.98,50
ANDHRA PRADESH,ROAD TRANSPORT AND,34,REHABILITATION AND UPGRADATION OF EXISTING NH- 565 FROM KM.86.057 TO 133.922 OF NAGARJUNASAGAR DAM T,MoRTH,N24000282,1/2014,11/2014,N.A.,5/2024,195.45,N.A.,385.97,294.95,96.96
ANDHRA PRADESH,ROAD TRANSPORT AND,35,REHABILITATION AND UPGRADATION OF NH-219 FROM KM 58-600 TO KM 140-750 IN THE STATE OF ANDHRA PRADES,MoRTH,N24000301,3/2015,10/2015,May-21,5/2021,271.45,N.A.,271.45,238.23,100
ANDHRA PRADESH,ROAD TRANSPORT AND,36,REHABILITATION AND UPGRADATION OF NH-42 FROM KM 4-350 TO KM 75-600,MoRTH,N24000422,3/2015,9/2015,Aug-17,5/2018,309.01,N.A.,309.01,0,100
ANDHRA PRADESH,ROAD TRANSPORT AND,37,CONSTRUCTION OF SIX LANING OF DEDICATED PORT ROAD TO KRISHNAPATNAM PORT (PACKAGE-I) KM 0+000 TO KM 1,NHAI,N24000811,3/2018,12/2020,Dec-22,12/2024,314.43,N.A.,348.72,85.61,62.1
ANDHRA PRADESH,ROAD TRANSPORT AND,38,FOUR LANING OF 5.122 KM OF NH9(NEW NH 65) FROM KM 269.900(DESIGN CH0.0) TO KM 275/622(DESIGN CH 5.12,MoRTH,N24000928,10/2015,12/2015,Dec-19,1/2021,333.21,N.A.,353.43,342.71,100
ANDHRA PRADESH,ROAD TRANSPORT AND,39,REHABILITATION AND UPGRADATION OF NH219(NEW NH42) FROM KM 244.930 TO 299.775 (MADANAPALLI PUNGANURU,MoRTH,N24000929,9/2016,2/2017,Jan-22,2/2022,372.68,N.A.,309.37,274.76,100
ANDHRA PRADESH,ROAD TRANSPORT AND,40,REHABILITATION AND UPGRADATION OF EXISTING NH- 167 FROM KM 14.900 TO KM 70.00 (DESIGN CH.14.900 TO 69,MoRTH,N24000931,11/2016,5/2017,N.A.,11/2024,290.15,N.A.,236.16,205.02,89.86
ANDHRA PRADESH,ROAD TRANSPORT AND,41,REHABILITATION AND UPGRADATION OF NH-340 FROM KM 0/0 TO KM 60/380 (DESIGN CH. 0/000 TO 60/025 EXCLUD,MoRTH,N24000932,1/2017,8/2017,Jul-22,7/2022,319.28,N.A.,319.28,241.94,100
ANDHRA PRADESH,ROAD TRANSPORT AND,42,REHABILITATION AND UPGRADATION OF NEW NH- 544DD FROM DESIGN CHAINAGE KM 56.00 TO 102.20 OF KALYANDURG,MoRTH,N24000937,3/2018,8/2018,N.A.,8/2024,289.67,290,285.29,254.19,97.5
ANDHRA PRADESH,ROAD TRANSPORT AND,43,REHABILITATION AND UPGRADATION OF NH565 FROM EXISTING KM 361.330(DORNALA T JUNCTION) TO KM 420.800(P,MoRTH,N24000963,1/2018,8/2018,Dec-21,12/2021,418.03,386.99,386.99,365.55,100
ANDHRA PRADESH,ROAD TRANSPORT AND,44,CONSTRUCTION OF TIMMAPURAM TO GURJANAPALLE SECTION FROM KM 26.150 TO 41.161 OF NH- 214(NH216)(KAKINAD,MoRTH,N24000964,8/2016,1/2017,N.A.,5/2025,350.61,N.A.,411.18,457.55,97.83
ANDHRA PRADESH,ROAD TRANSPORT AND,45,CONSTRUCTION OF 2L+PS FROM PASARLAPUDI-DHINDI (105/700 TO 127.500 OF NH-214) OF NH-216,MoRTH,N24000969,1/2017,9/2017,N.A.,12/2024,263.45,N.A.,263.45,241.91,83.5
ANDHRA PRADESH,ROAD TRANSPORT AND,46,6-LANING OF VIJAYAWADA BYPASS FROM CHINNA AVUTUPALLI (DESIGN CH.0+000) TO GOLLAPUDI (DESIGN CH. 30+0,NHAI,N24001300,11/2019,2/2021,Aug-23,10/2024,1226.88,1569.68,1581.24,1438.66,95.66
ANDHRA PRADESH,ROAD TRANSPORT AND,47,6-LANING OF VIJAYAWADA BYPASS FROM GOLLAPUDI (DESIGN CH. 30+000) TO CHINNAKAKANI (DESIGN CH. 47+881),NHAI,N24001301,11/2019,1/2024,N.A.,7/2024,1601.1,N.A.,1601.1,1154.69,73.75
ANDHRA PRADESH,ROAD TRANSPORT AND,48,REHABILITATION AND UPGRADATION TO 2-LANE WITH PAVED SHOULDERS CONFIGURATION OF PADERU- GONDIGUDA SECT,MoRTH,N24001386,8/2020,3/2021,N.A.,8/2024,222.61,N.A.,222.61,143.53,76
ANDHRA PRADESH,ROAD TRANSPORT AND,49,CONSTRUCTION OF 4 LANE ACCESS CONTROLLED NEW GREENFIELD HIGHWAY SECTION OF NH 365BG FROM RECHARLA VI,NHAI,N24001476,9/2021,9/2022,Sep-24,3/2025,517.05,N.A.,655.06,497.68,60.44
ANDHRA PRADESH,ROAD TRANSPORT AND,50,CONSTRUCTION OF 4 LANE ACCESS CONTROLLED NEW GREENFIELD HIGHWAY SECTION OF NH-365BG (KHAMMAM-DEVARAP,NHAI,N24001477,9/2021,9/2022,Sep-24,3/2025,622,N.A.,817.91,469.48,52.04
ANDHRA PRADESH,ROAD TRANSPORT AND,51,6L OF CHILKARARUPET BYPASS FROM KM. 357.400 TO KM. 371.920 OF NH-16,NHAI,N24001817,2/2019,3/2023,Oct-24,10/2024,757.45,N.A.,757.45,471.32,75.26
ANDHRA PRADESH,ROAD TRANSPORT AND,52,6L OF PONDAVAKKAM TO KANNIGAIPAIR FROM KM 96.040 TO KM 116.100 OF NH 716B (PKG- IV),NHAI,N24001818,2/2021,1/2025,N.A.,1/2025,818.73,N.A.,1105,249.98,12.99
ANDHRA PRADESH,ROAD TRANSPORT AND,53,6L OF VEERA KAVERI RAJA PURAM TO PONDAVAKKAM FROM KM 61.380 TO KM 96.040 OF NH 716B (PKG-III),NHAI,N24001819,3/2021,1/2025,N.A.,1/2025,1102.63,N.A.,1303,729.05,70
ANDHRA PRADESH,ROAD TRANSPORT AND,54,6L OF VARADHARAJULA TO KUMARAJAPET FROM KM 0.000 TO KM 43.800 OF NH-716B (PKG- I),NHAI,N24001820,2/2021,12/2024,N.A.,12/2024,1484.83,N.A.,1768,860.89,53.43
ANDHRA PRADESH,ROAD TRANSPORT AND,55,BANGALORE CHENNAI EXPRESSWAY (PHASE-II PKG-III) FROM KM.127.000 TO KM 156.000 (BANGARUPALEM TO GUDIP,NHAI,N24001821,11/2020,10/2024,N.A.,10/2024,1137.74,N.A.,1289,760.64,70.12
ANDHRA PRADESH,ROAD TRANSPORT AND,56,BANGALORE CHENNAI EXPRESSWAY (PHASE-II PKG-I) FROM KM.71.000 TO KM 96.000 (BETHAMANGALA IN THE STATE,NHAI,N24001822,12/2020,10/2024,N.A.,10/2024,1075.27,N.A.,1307,657.86,53.2
ANDHRA PRADESH,ROAD TRANSPORT AND,57,4L OF MADANAPALLE TO PILERU SECTION FROM KM 0.000 TO KM 55.900 OF NH-71(PACKAGE-I) - N/05060/01002/A,NHAI,N24001823,1/2022,1/2025,Jan-23,1/2025,1852.12,N.A.,1787,525.31,59.5
ANDHRA PRADESH,ROAD TRANSPORT AND,58,RENIGUNTA - POYYA - NAIDUPETA KM 124.60 TO KM 183.4 OF NH 71 - N/04027/06001/AP,NHAI,N24001824,3/2020,1/2024,Dec-24,12/2024,1863.09,N.A.,2238,1058.87,90
ANDHRA PRADESH,ROAD TRANSPORT AND,59,6L KANTAKAPALLE ? SABBAVARAM SECTION OF NH- 130CD ROAD FROM KM 445.100 TO KM 464.662 (PKG-4),NHAI,N24001836,2/2021,10/2024,N.A.,10/2024,824.29,N.A.,924,376.15,61
ANDHRA PRADESH,ROAD TRANSPORT AND,60,6L JAKKUVA ? KORLAM SECTION OF NH-130CD ROAD FROM KM 396.800 TO KM 421.100 (PKG 2),NHAI,N24001837,2/2021,3/2024,Jul-24,9/2024,663.6,N.A.,768,305.52,84.5
ANDHRA PRADESH,ROAD TRANSPORT AND,61,6L ALURU - JAKKUVA SECTION OF NH-130CD ROAD FROM KM 365.033 TO KM 396.800 (PKG. 1),NHAI,N24001838,2/2021,3/2024,N.A.,3/2025,922.5,N.A.,1128.68,361.03,68.02
ANDHRA PRADESH,ROAD TRANSPORT AND,62,6L ACCESS CONTROLLED GREENFIELD HIGHWAY FROM KODUR 0.000 KMS TO VANAVOLU 24.300 KMS OF NH 544G PACKA,NHAI,N24001841,12/2022,9/2025,N.A.,2/2026,912.94,N.A.,912.94,118.93,13.5
ANDHRA PRADESH,ROAD TRANSPORT AND,63,6L ACCESS CONTROLLED GREENFIELD HIGHWAY FROM VANAVOLU 24.300 KM. TO VANKARAKUNTA 45.700 KM. OF NH 5,NHAI,N24001842,12/2022,11/2025,N.A.,11/2025,750.81,N.A.,750.81,53.99,10.28
ANDHRA PRADESH,ROAD TRANSPORT AND,64,6L ACCESS CONTROLLED GREENFIELD HIGHWAY FROM VANKARAKUNTA 45.700 KM. TO ODULAPALLE 72.000 KM. OF NH,NHAI,N24001843,12/2022,11/2025,N.A.,11/2025,992.89,N.A.,992.89,59.46,8.24
ANDHRA PRADESH,ROAD TRANSPORT AND,65,6L ACCESS CONTROLLED GREENFIELD HIGHWAY FROM ODULAPALLE 72.000 KM. TO NALLACHERUVUPALLI 96.300 KM.,NHAI,N24001844,12/2022,10/2025,N.A.,10/2025,1058.9,N.A.,1058.9,131.27,10.77
ANDHRA PRADESH,ROAD TRANSPORT AND,66,6L ACCESS CONTROLLED GREENFIELD HIGHWAY FROM NALLACHERUVU PALLI 96.300 KM. TO YERRAGUDIPADU 129.000,NHAI,N24001845,2/2023,10/2025,N.A.,10/2025,1253.24,N.A.,1253.24,70.84,3.5
ANDHRA PRADESH,ROAD TRANSPORT AND,67,6L ACCESS CONTROLLED GREENFIELD HIGHWAY FROM YERRAGUDIPADU 129.000 KM. TO AUDIREDDIPALLE 160.000 KM.,NHAI,N24001846,2/2023,10/2025,N.A.,10/2025,1200.42,N.A.,1200.42,57.64,1.5
ANDHRA PRADESH,ROAD TRANSPORT AND,68,6L ACCESS CONTROLLED GREENFIELD HIGHWAY FROM AUDIREDDIPALLE 160.000 KM. TO MALLAPALLE 176.000 KM. PA,NHAI,N24001847,1/2023,11/2025,N.A.,11/2025,956.14,N.A.,956.14,57.22,7.2
ANDHRA PRADESH,ROAD TRANSPORT AND,69,6L ACCESS CONTROLLED GREENFIELD HIGHWAY FROM MALLAPALLE 176.000 KM. TO KAVULAKUNTLA 196.000 KM. PACK,NHAI,N24001848,2/2023,10/2025,N.A.,10/2025,909.02,N.A.,909.02,59.96,4
ANDHRA PRADESH,ROAD TRANSPORT AND,70,4L PS MYDUKUR BADVEL FROM KM 585.820 TO KM 630.960 SECTION OF NH 67,NHAI,N24001849,5/2022,7/2025,N.A.,9/2025,1063.72,N.A.,1063.72,310.6,31.34
ANDHRA PRADESH,ROAD TRANSPORT AND,71,CONSTRUCTION OF 4-LANE HIGHWAY FROM SAMARLAKOTA TO ACHAMPETA JUNCTION (FROM KM. 0.000 TO KM. 12.250,NHAI,N24001856,5/2023,8/2025,N.A.,8/2025,648.75,N.A.,648.75,92.07,26.58
ANDHRA PRADESH,ROAD TRANSPORT AND,72,4 LANING OF BATHALAPALLI TO MUDIGUBBA SECTION (DESIGN CHAINAGE KM. 96.300 TO 129.300) INCLUDING BATH,MoRTH,N24001931,3/2022,2/2025,N.A.,2/2025,536,N.A.,536,393.81,92
ANDHRA PRADESH,ROAD TRANSPORT AND,73,2L+PS FROM KM. 0+000 TO KM. 32+000 (MUDIGUBBA TO PUTTAPARTHI) OF NH-342,MoRTH,N24001932,3/2022,9/2024,N.A.,9/2024,401.72,N.A.,401.72,161.11,60
ANDHRA PRADESH,ROAD TRANSPORT AND,74,MULAKALACHERUVU TO MADANAPALLE SECTION OF NH42 FROM KM 202.050 TO KM 245.640 EXCLUDING RETAINED STRE,MoRTH,N24001933,12/2021,12/2024,N.A.,12/2024,480.1,N.A.,480.1,443.87,78
ANDHRA PRADESH,ROAD TRANSPORT AND,75,NH440 RAYACHOTY TOVEMPALLI 2LPS,MoRTH,N24001934,12/2021,5/2024,N.A.,5/2024,439.82,N.A.,439.82,193.63,26
ANDHRA PRADESH,ROAD TRANSPORT AND,76,4 LANE WITH PAVED SHOULDER FROM KM 0.000 TO KM 51.119 OF TADIPATRI TO MUDDANUR OF NH67,MoRTH,N24001935,3/2022,8/2025,N.A.,8/2025,724.17,N.A.,724.17,321.81,59
ANDHRA PRADESH,ROAD TRANSPORT AND,77,NH165 FROM KM 0.000 TO KM 64.020 PAMARRU TO AKIVEEDU SECTION TO TWO LANE WITH PAVED SHOULDERS,MoRTH,N24001939,3/2020,9/2023,N.A.,12/2024,529.24,N.A.,529.24,291.44,43.8
ANDHRA PRADESH,ROAD TRANSPORT AND,78,2LPS FROM KM36.400 TO KM. 107.224 OF NH167BG FROM DUTTALUR TO KAVALI SECTION,MoRTH,N24001942,3/2021,7/2024,N.A.,7/2024,423.67,N.A.,423.67,228.15,58
ANDHRA PRADESH,ROAD TRANSPORT AND,79,NH167B FROM KM 99.103 CS PURAM TO KM 143.320 MALAKONDA TO 2LPS,MoRTH,N24001949,12/2021,3/2024,N.A.,12/2025,277.3,N.A.,277.3,137.09,73.78
ANDHRA PRADESH,ROAD TRANSPORT AND,80,NH167B FROM KM.143.320 MALAKONDA TO 189.050 SINGARAYAKONDA ON NH 16 TO TWO LANE WITH PAVED SHOULDERS,MoRTH,N24001950,3/2021,2/2025,N.A.,2/2025,369.81,N.A.,369.81,227.23,78.38
ANDHRA PRADESH,ROAD TRANSPORT AND,81,NH167AD FROM MACHERLA TO DACHEPALLI FROM KM.0.000 TO 43.659 TO 2LPS,MoRTH,N24001951,1/2022,1/2025,N.A.,1/2025,403.22,N.A.,403.22,262.08,70
ANDHRA PRADESH,ROAD TRANSPORT AND,82,NH 167 B KADAPA NELLORE BORDER TO CSPURAM I.E. FROM KM 58.635 TO KM 99.409,MoRTH,N24001952,3/2022,8/2025,N.A.,8/2025,285.5,N.A.,285.5,98.67,44.46
ANDHRA PRADESH,ROAD TRANSPORT AND,83,NH-30-BHADRACHALAM TO KONTA SECTION 2LPS,MoRTH,N24001953,12/2021,9/2024,N.A.,9/2024,388.71,N.A.,388.71,166.78,0
ANDHRA PRADESH,ROAD TRANSPORT AND,84,WIDENING TO 2LPS OF RAMPACHODAVARAM - KOYYURU SECTION OF NH516E FROM KM.43.700 TO KM 113.820,MoRTH,N24001954,3/2022,1/2025,N.A.,1/2025,568.12,N.A.,568.12,272.44,72.48
ANDHRA PRADESH,ROAD TRANSPORT AND,85,GUDIWADA TOWN 2 LANE ROB AND ROAD IMPROVEMENT OF NH165 IN REPLACEMENT OF LC NO 3ESPL3 AT KM 231.700,MoRTH,N24001955,3/2022,5/2025,N.A.,5/2025,317.22,N.A.,317.22,113.06,33
ANDHRA PRADESH,ROAD TRANSPORT AND,86,2LPS FROM GONDIGUDA TO ARAKU BHALLAGUDA KM 27.480 TO KM 51.772 SECTION OF NH 516E,MoRTH,N24001956,8/2020,9/2023,N.A.,12/2024,296.66,N.A.,296.66,216.41,79
ANDHRA PRADESH,ROAD TRANSPORT AND,87,2LPS OF KOYYURU TO CHAPRATHIPALEM SECTION OF NH 516E,MoRTH,N24001957,8/2020,7/2024,N.A.,7/2024,349.29,N.A.,349.29,138.22,49
ANDHRA PRADESH,ROAD TRANSPORT AND,88,2LPS OF CHAPRATHIPALEM TO LAMBASINGI SECTION OF NH 516E,MoRTH,N24001958,8/2020,10/2024,N.A.,10/2024,311.22,N.A.,311.22,100.84,40
ANDHRA PRADESH,ROAD TRANSPORT AND,89,4 LANE FROM KM 56.400 TO KM 120.300 FROM B.KOTHAPALLI JUNCTION TO GORANTLA OF NH 716G,MoRTH,N24001959,3/2022,9/2025,N.A.,9/2025,839.98,N.A.,839.98,175.11,32
ANDHRA PRADESH,ROAD TRANSPORT AND,90,4L GREENFIELD ROAD CONNECTING NORTH AND SOUTH INDUSTRIAL CLUSTER OF KHANDALERU CREEK NEAR KRISHNAPAT,NHAI,N24001979,8/2022,9/2025,N.A.,9/2025,609.43,N.A.,609.43,25.24,13.48
ANDHRA PRADESH,ROAD TRANSPORT AND,91,4 LANING OF NH 544D FROM EXISTING KM 346.300 OF NH 44 (DESIGN CHAINAGE KM 0.000) TO KM 39.380 (DESIG,NHAI,N24001980,10/2022,7/2025,N.A.,7/2025,907.76,N.A.,907.76,220.2,41.7
ANDHRA PRADESH,ROAD TRANSPORT AND,92,CONSTRUCTION OF SIX LANING OF NAIDUPETA JUNCTION - TURPUKANUPUR SECTION FROM KM.57+046 TO KM.91+927,NHAI,N24001981,7/2022,10/2025,N.A.,10/2025,1398.84,N.A.,1398.84,58.68,3.03
ANDHRA PRADESH,ROAD TRANSPORT AND,93,4L PS FROM KURNOOL (EXISTING KM. 5.400 OF NH- 40/DESIGN KM.0.000) TO MANDLEM (EXISTING KM.38.000/DESI,NHAI,N24001982,3/2023,10/2025,N.A.,10/2025,827.39,N.A.,827.39,214.02,61.38
ANDHRA PRADESH,ROAD TRANSPORT AND,94,4 LANING FROM EXISTING KM 39.380 (DESIGN CH. 37.000) TO KM 74.450 (DESIGN CH. 69.000) OF MUCHUKOTA ?,NHAI,N24001983,10/2022,8/2025,N.A.,8/2025,972.63,N.A.,1055.23,181.56,32.59
ANDHRA PRADESH,ROAD TRANSPORT AND,95,4L PS FROM MANDLEM (EXISTING KM. 38.000/DESIGN KM.30.600) TO ATMAKUR (EXISTING KM.73.000/DESIGN KM 6,NHAI,N24001984,3/2023,10/2025,N.A.,10/2025,887.28,N.A.,887.28,107.91,20.55
ANDHRA PRADESH,ROAD TRANSPORT AND,96,BANGALORE CHENNAI EXPRESSWAY (PHASE-II PKG-II) FROM KM.96.000 TO KM 127.000 (BAIREDDYPALLE TO BANGAR,NHAI,N24001985,3/2021,6/2025,N.A.,6/2025,1942.94,2171,2171,800.79,34.7
ANDHRA PRADESH,ROAD TRANSPORT AND,97,4L OF PILERU TO KALUR SECTION FROM KM 55.900 TO KM 92.800 AND KM 94.500 TO KM 95.717,NHAI,N24001986,10/2023,4/2025,N.A.,4/2025,1047.32,N.A.,1047.32,221.87,42.15
ANDHRA PRADESH,ROAD TRANSPORT AND,98,"CONSTRUCTION OF 1 NOS ROB, 2 NOS VUPS, SERVICE ROADS, PROVISION OF LIGHTING AND CONSTRUCTION OF OTHE",NHAI,N24001987,6/2023,12/2024,N.A.,12/2024,152.05,N.A.,152.05,74.35,44.66
ANDHRA PRADESH,ROAD TRANSPORT AND,99,6L OF CHITTOOR TO THATCHUR FROM KUMARAJAPET TO VEERA KAVERI RAJA PURAM FROM KM 43.800 TO KM 61.380 O,NHAI,N24001988,2/2021,10/2025,N.A.,10/2025,591.99,703,703,165.71,27.89
ANDHRA PRADESH,ROAD TRANSPORT AND,100,CONSTRUCTION OF 4 LANE ACCESS CONTROLLED HIGHWAY FROM CHILLAKURU CROSS ROAD TO TURPUKANUPUR KM 0+000,NHAI,N24002033,7/2022,12/2025,N.A.,12/2025,909.47,N.A.,909.47,97.03,7.71
ANDHRA PRADESH,ROAD TRANSPORT AND,101,COMPLETION OF BALANCE WORKS PENDING IN BIT AND PIECES (INCOMPLETE STRETCH AT 7 LOCATIONS) AND LISTED,NHAI,N24002103,9/2022,1/2025,N.A.,1/2025,166.52,N.A.,166.52,43.74,0
ANDHRA PRADESH,ROAD TRANSPORT AND,102,6L ACCESS CONTROLLED GREENFIELD HIGHWAY FROM NARAYANMPET (CH. 203+500) TO CHANDRASEKHARPURAM (CH. 22,NHAI,N24002122,2/2024,2/2026,N.A.,2/2026,813.66,N.A.,813.66,11.72,5.65
ANDHRA PRADESH,ROAD TRANSPORT AND,103,6L ACCESS CONTROLLED GREENFIELD HIGHWAY FROM CHANDRASEKHARAPURAM (CH. 228+000) TO POLAVARAM (CH. 260,NHAI,N24002123,2/2024,2/2026,N.A.,2/2026,1292.65,N.A.,1292.65,27.33,4.23
ANDHRA PRADESH,ROAD TRANSPORT AND,104,6L ACCESS CONTROLLED GREENFIELD HIGHWAY FROM POLAVARAM (CH. 260+000) TO MARRIPUDI (CH. 285+500) OF [,NHAI,N24002124,2/2024,2/2026,N.A.,2/2026,747.29,N.A.,747.29,42.83,5.01
ANDHRA PRADESH,ROAD TRANSPORT AND,105,6L ACCESS CONTROLLED GREENFIELD HIGHWAY FROM MARRIPUDI (CH. 285+500) TO SOMAVARAPPADU (CH. 314+600),NHAI,N24002125,2/2024,2/2026,N.A.,2/2026,976.4,N.A.,976.4,55.64,9
ANDHRA PRADESH,ROAD TRANSPORT AND,106,6L ACCESS CONTROLLED GREENFIELD HIGHWAY FROM SOMAVARAPPADU (CH.314.600) TO MUPPAVARAM (CH.343+240) O,NHAI,N24002126,2/2024,2/2026,N.A.,2/2026,1103.89,N.A.,1103.89,54.54,0.51
ANDHRA PRADESH,ROAD TRANSPORT AND,107,4-LANE WITH PAVED SHOULDERS FROM KM 32/0 TO KM 79/650 (DESIGN CHAINAGE KM 32+000 TO KM 78+760) PUTTA,MoRTH,N24002139,3/2023,12/2025,N.A.,12/2025,1318.57,N.A.,1318.57,234,0
ANDHRA PRADESH,ROAD TRANSPORT AND,108,SOMAYAJULAPALLI ? DHONE SECTION OF NH ? 340B FROM KM.0/0 TO 56/200 [DESIGN CH. KM 0/00 TO KM 53/33],MoRTH,N24002140,4/2023,12/2025,N.A.,12/2025,629.73,N.A.,629.73,151.37,37.85
ANDHRA PRADESH,ROAD TRANSPORT AND,109,2 LANE WITH PAVED SHOULDER CONFIGURATION FROM SEETHARAMAPURAM TO DUTTALURU SECTION OF NH- 167 BG FROM,MoRTH,N24002141,6/2023,7/2025,N.A.,7/2025,364.07,N.A.,364.07,87.55,52.28
ANDHRA PRADESH,ROAD TRANSPORT AND,110,2-LANE WITH PAVED SHOULDER CONFIGURATION OF LAMBASINGI TO PADERU SECTION (KM 205+000 TO KM 253+974),MoRTH,N24002142,8/2023,11/2025,N.A.,11/2025,361.24,N.A.,361.24,7.91,5
ANDHRA PRADESH,ROAD TRANSPORT AND,111,BYPASS ROAD TO ADONI TOWN CONNECTING NH-167 (HAGARI - JADCHARLA ROAD) FROM KM.62/700 TO 71/400 IN KU,MoRTH,N24002143,8/2023,2/2026,N.A.,2/2026,361.24,N.A.,361.24,19.47,16.67
ANDHRA PRADESH,ROAD TRANSPORT AND,112,VODAREVU-CHILAKALURIPET SECTION (DESIGN CHAINAGE 0+00 TO 47+000) OF NH-167A (PACKAGE-I),MoRTH,N24002144,8/2023,2/2026,N.A.,2/2026,1064.24,N.A.,1064.24,171.43,11.52
ANDHRA PRADESH,ROAD TRANSPORT AND,113,TADIPATRI BYPASS (KM 0+000 TO KM 6+285) OF 4-LANE ON NH- 67 IN ANANTAPURAMU,MoRTH,N24002145,11/2023,3/2026,N.A.,3/2026,159.66,N.A.,159.66,32.76,27
ANDHRA PRADESH,ROAD TRANSPORT AND,114,KURNOOL/KADAPA BORDER- JAMMALAMADUGU SECTION OF NH-167K I.E. DESIGN CH. KM 248+010 TO KM 269+900,MoRTH,N24002146,11/2023,11/2025,N.A.,11/2025,292.63,N.A.,292.63,0,0
ANDHRA PRADESH,ROAD TRANSPORT AND,115,DORNALA TO KUNTA JUNCTION FROM DESIGN CHAINAGE KM 244+000 TO 267+990 SECTION OF NH-765 (PACKAGE-2),MoRTH,N24002147,12/2022,1/2024,N.A.,3/2026,244.83,N.A.,244.83,17.23,13
ANDHRA PRADESH,ROAD TRANSPORT AND,116,PADERU BYPASS (KM 0+000 TO KM 13+000) OF 2- LANE WITH PAVED SHOULDER ON NH-516E,MoRTH,N24002148,3/2023,3/2024,N.A.,2/2026,244.43,N.A.,244.43,0,0
ANDHRA PRADESH,ROAD TRANSPORT AND,117,DAVUALAPALLY TO MALLAPALEM SECTION {DESIGN CH. KM 133+922 TO KM 154+216 (EXISTING CH. KM 133+922 TO,MoRTH,N24002149,1/2024,2/2024,N.A.,2/2026,393.61,N.A.,393.61,41.66,0
ANDHRA PRADESH,WATER RESOURCES,118,POLAVARAM IRRIGATION PROJECT,PPA,N30000002,2/2009,3/2020,N.A.,3/2024,10151.04,N.A.,55548.87,21504.24,77
ARUNACHAL PRADESH,CIVIL AVIATION,119,CONSTRUCTION OF NEW GREEN FIELD AIRPORT AT HOLLONGI ITANAGAR ARUNACHAL PRADESH,AAI,N04000092,2/2019,8/2022,Dec-24,12/2024,645.63,N.A.,712.15,662.01,97.72
ARUNACHAL PRADESH,POWER,120,SUBANSIRI LOWER H.E.P (8X250 MW) (NHPC),NHPC,180100221,9/2003,9/2010,N.A.,5/2026,6285.33,N.A.,21247.54,21684.58,93.49
ARUNACHAL PRADESH,POWER,121,DIBANG MULTIPURPOSE PROJECT 2880 MW ARUNACHAL PRADESH,NHPC,N18000362,2/2023,2/2032,N.A.,2/2032,31876.39,N.A.,31876.39,2477.5,12.41
ARUNACHAL PRADESH,ROAD TRANSPORT AND,122,TWO LANING OF JORAM KOLORIANG ROAD (NH 713) ON EPC BASIS FROM DESIGN KM. 138+000 TO KM. 154+036 [EX,NHIDCL,N24000683,2/2017,11/2023,Mar-24,10/2024,180.57,244.1,180.57,154.17,90.01
ARUNACHAL PRADESH,ROAD TRANSPORT AND,123,CONSTRUCTION OF TWO LANE WITH PAVED SHOULDERS OF JORAM KOLORIANG ROAD (NH 713) ON EPC BASIS FROM EXI,NHIDCL,N24000685,2/2017,4/2022,Nov-23,11/2023,167.28,N.A.,167.28,144.91,100
ARUNACHAL PRADESH,ROAD TRANSPORT AND,124,CONSTRUCTION OF 2 LANING OF EXISTING HUNLI-ANINI ROAD ON EPC BASIS FROM DESIGN KM 106.200 TO KM 120.,NHIDCL,N24000944,12/2016,1/2020,Jan-23,9/2023,200.44,200.44,200.44,161.25,100
ARUNACHAL PRADESH,ROAD TRANSPORT AND,125,CONSTRUCTION OF 2-LANE ROAD WITH PAVED SHOULDERS FROM KM16.00 OF ROING-HUNLI SECTION TO KM 21.500 OF,NHIDCL,N24000946,3/2017,3/2022,Dec-23,7/2025,1718.59,1718.59,1718.59,662.35,68.55
ARUNACHAL PRADESH,ROAD TRANSPORT AND,126,CONSTRUCTION OF 2 LANING OF EXISTING HUNLI-ANINI ROAD ON EPC BASIS FROM DESIGN KM 53.500 TO KM 92.50,NHIDCL,N24000948,9/2016,12/2019,Mar-23,8/2024,568.92,568.92,568.92,508.65,99.74
ARUNACHAL PRADESH,ROAD TRANSPORT AND,127,TWO-LANING OF HAYULIANG? HAWAI BYPASS ROAD ON EPC BASIS FROM DESIGN KM. 51.825 TO KM. 63.131 EXISTI,NHIDCL,N24000979,1/2017,5/2023,May-23,3/2025,256.66,N.A.,256.66,0,63.59
ARUNACHAL PRADESH,ROAD TRANSPORT AND,128,CONSTRUCTION OF 2-LANING WITH HARD SHOULDERS OF ARROWA-KHUPA-HAYULIANG SECTION OF NH-113 FROM CH.68.,NHIDCL,N24001244,8/2020,4/2022,Feb-25,2/2025,301.06,N.A.,301.06,136.15,57.58
ARUNACHAL PRADESH,ROAD TRANSPORT AND,129,CONSTRUCTION OF 2-LANING WITH HARD SHOULDERS OF DEMWE-BRAHMAKUND SECTION OF NH-13 FROM CH.0.00 KM TO,NHIDCL,N24001245,9/2020,5/2022,Oct-22,3/2024,353.9,N.A.,353.9,41.82,25.38
ARUNACHAL PRADESH,ROAD TRANSPORT AND,130,CONSTRUCTION OF 2 LANE ROAD OF POTIN TO PANGIN SECTION OF NH 13 FROM KM 77.95 TO KM 117.56 (PACKAGE,MoRTH,N24001291,3/2019,3/2027,N.A.,3/2027,421.48,N.A.,421.48,365.83,99.53
ARUNACHAL PRADESH,ROAD TRANSPORT AND,131,CONSTRUCTION OF 2 LANE ROAD OF POTIN TO PANGIN SECTION OF NH 13 FROM KM 117.56 TO KM 163.59 (PACKAGE,MoRTH,N24001292,3/2019,3/2027,N.A.,3/2027,543.05,N.A.,600,568.3,98.99
ARUNACHAL PRADESH,ROAD TRANSPORT AND,132,CONSTRUCTION OF 2 LANE ROAD OF POTIN TO PANGIN SECTION OF NH 13 FROM KM 206.66 TO KM 247.05 (PACKAGE,MoRTH,N24001293,3/2019,3/2027,N.A.,3/2027,486.7,N.A.,486.7,474.23,97.71
ARUNACHAL PRADESH,ROAD TRANSPORT AND,133,CONSTRUCTION OF 2 LANE ROAD OF POTIN TO PANGIN SECTION OF NH 13 FROM KM 163.59 TO KM 206.66 (PACKAGE,MoRTH,N24001297,3/2019,3/2027,N.A.,3/2027,450.65,N.A.,450.65,361.48,91.24
ARUNACHAL PRADESH,ROAD TRANSPORT AND,134,TADADEGE - HENKAR,NHIDCL,N24001315,2/2021,3/2023,Jun-24,9/2024,550.45,N.A.,550.45,113.92,44.01
ARUNACHAL PRADESH,ROAD TRANSPORT AND,135,LADDA - BASAI,NHIDCL,N24001316,2/2021,4/2023,Jan-25,3/2025,445.96,N.A.,445.96,108.64,45.72
ARUNACHAL PRADESH,ROAD TRANSPORT AND,136,DOGINALA - GAU,NHIDCL,N24001320,12/2020,9/2022,N.A.,12/2024,242.3,N.A.,242.3,21.47,17.81
ARUNACHAL PRADESH,ROAD TRANSPORT AND,137,BALANCE WORK 2-LANING OF LALPUL MANMAO CHANGLANG ROAD (NH-215) ON EPC MODE IN THE STATE OF ARUNACH,MoRTH,N24001372,2/2021,3/2024,Dec-24,12/2024,588.09,N.A.,588.09,437.34,88
ARUNACHAL PRADESH,ROAD TRANSPORT AND,138,4-LANING OF ITANAGAR TO BANDARDEWA SECTION OF NH- 415 FROM KM 51+700 TO KM 59+199 (PACKAGE-C) ON EPC,MoRTH,N24001374,6/2020,3/2027,N.A.,3/2027,437.6,N.A.,437.6,355.51,96.7
ARUNACHAL PRADESH,ROAD TRANSPORT AND,139,4 LANING OF ITANAGAR TO BANDARDEWA SECTION OF NH- 415 FROM KM 40+430 TO KM 51+735 (PACKAGE B) ON EPC,MoRTH,N24001375,6/2020,3/2027,N.A.,3/2027,496.47,N.A.,496.47,132.31,33.4
ARUNACHAL PRADESH,ROAD TRANSPORT AND,140,JORAM ? KOLORIANG ROAD FROM EXISTING KM 50.050 TO KM 70.00 (PKG-3),NHIDCL,N24001390,8/2020,4/2022,Aug-24,7/2024,228.71,N.A.,228.71,96.05,95.85
ARUNACHAL PRADESH,ROAD TRANSPORT AND,141,JORAM ? KOLORIANG ROAD FROM EXISTING KM 70.00 TO KM 88.700 (PKG-4),NHIDCL,N24001391,8/2020,4/2022,Feb-24,8/2024,294.04,N.A.,294.04,144.03,97.89
ARUNACHAL PRADESH,ROAD TRANSPORT AND,142,JORAM ? KOLORIANG ROAD FROM EXISTING KM104.850 TO KM 122.60 (PKG-6),NHIDCL,N24001392,8/2020,4/2022,Jul-23,7/2023,199.03,N.A.,199.03,101.75,98.88
ARUNACHAL PRADESH,ROAD TRANSPORT AND,143,JORAM ? KOLORIANG ROAD FROM EXISTING KM122.600 TO KM138.00 (PKG-7),NHIDCL,N24001393,8/2020,4/2022,Feb-24,11/2024,184.88,N.A.,184.88,95.52,93.71
ASSAM,CIVIL AVIATION,144,CONSTRUCTION OF NEW INTEGRATED TERMINAL BUILDING AT LGBI AIRPORT GUWAHATI,AAI,N04000083,12/2016,3/2021,N.A.,3/2025,1142,N.A.,2333,1222.05,62.02
ASSAM,HEALTH AND FAMILY WELFARE,145,"ALL INDIA INSTITUTE OF MEDICAL SCIENCE AT GUWAHATI, ASSAM",HITES,N21000027,5/2017,5/2021,Apr-23,11/2024,875,873.92,860,757.66,98.79
ASSAM,PETROLEUM,146,DEVELOPMENT OF SURFACE FACILITIES FOR PRODUCTION AND EVACUATION OF CRUDE OIL AND NATURAL GAS FROM NA,OIL,N16000331,1/2018,2/2020,Dec-23,12/2024,543.91,N.A.,670.9,491.56,93.69
ASSAM,PETROLEUM,147,NUMALIGARH REFINERY EXPANSION PROJECT 6 MMTPA REFINARY,NRL,N16000379,1/2019,10/2024,N.A.,12/2025,12366,N.A.,18968,11673.84,61.1
ASSAM,PETROLEUM,148,NUMALIGARH REFINERY EXPANSION PROJECT COIT AND PIPELINES,NRL,N16000394,1/2019,10/2024,N.A.,9/2025,10228,N.A.,9058,7951.3,75.4
ASSAM,PETROLEUM,149,EXPANSION OF GUWAHATI REFINERY FROM 1 TO 1.2 MMTPA ALONG WITH INSTALLATION OF CATALYTIC REFORMING UN,IOCL,N16000414,5/2021,10/2023,Feb-25,2/2025,412,509.84,509.84,339.77,76.3
ASSAM,PETROLEUM,150,"GAS ASSISTED GRAVITY DRAINAGE SCHEME, KASOMARIGAON",ONGC,N16000433,8/2021,2/2023,Jun-24,7/2024,218.38,N.A.,218.38,140.06,82.7
ASSAM,PETROLEUM,151,"REVAMPING OF FACILITIES AT EXISTING GUWAHATI TERMINAL, ASSAM",IOCL,N16000441,3/2022,7/2026,Sep-26,9/2026,277,N.A.,277,151.35,47.7
ASSAM,PETROLEUM,152,UPGRADATION OF FACILITIES OF NUMALIGARH-SILIGURI PRODUCT PIPELINE (NSPL) FOR TRANSPORTATION OF ADDIT,OIL,N16000449,6/2021,12/2024,N.A.,12/2024,860,N.A.,860,271.1,80.9
ASSAM,PETROLEUM,153,"PROJECT TO CONSTRUCT A FIELD GAS GATHERING STATION AT BAGHJAN AREA FOR COLLECTION,PROCESSING",OIL,N16000450,12/2020,7/2024,Mar-24,12/2024,430.76,N.A.,430.76,221.68,70.12
ASSAM,PETROLEUM,154,CAPACITY EXPANSION OF DIGBOI REFINERY FROM 0.65 TO 1.0 MMTPA,IOCL,N16000457,6/2022,10/2025,N.A.,3/2026,768,N.A.,768,57.44,17.7
ASSAM,PETROLEUM,155,"CONSTRUCTION OF LPG FACILITIES AT KAMARDANGA, ASSAM",HPCL,N16000484,3/2023,7/2027,Jul-27,7/2027,156.36,156.36,156.36,1.08,1
ASSAM,PETROLEUM,156,"SETTING UP OF NEW RAIL FED POL FACILITY AT KAMARDANGA, ASSAM",HPCL,N16000494,3/2023,12/2026,Jul-27,7/2027,384.04,N.A.,384.04,29.05,2
ASSAM,PETROLEUM,157,POWER RECOVERY TURBINE IN PFCCU,NRL,N16000510,3/2023,7/2025,N.A.,7/2025,293.5,N.A.,293.5,18.59,78
ASSAM,PETROLEUM,158,DCU REVAMP PROJECT,NRL,N16000511,8/2021,3/2025,N.A.,10/2025,370,N.A.,370,125.76,30.4
ASSAM,PETROLEUM,159,PIPELINE NETWORK PROJECT RUDRASAGAR,ONGC,N16000528,1/2023,4/2026,N.A.,4/2026,344.99,N.A.,344.99,108.32,30.1
ASSAM,RAILWAYS,160,BONGAIGAON-GOALPARA- GUWAHATI (176 KM),NFR,N22000388,4/2015,3/2022,N.A.,3/2027,2232.32,N.A.,4155.65,3375.94,90.5
ASSAM,ROAD TRANSPORT AND,161,4 LANING OF JORHAT TO JHANJI SECTION FROM KM. 453.00 TO KM. 491.08 (DESIGN KM 403.200 TO KM 454.240),NHIDCL,N24000319,6/2015,8/2023,N.A.,12/2024,437.39,N.A.,437.39,278.97,17.58
ASSAM,ROAD TRANSPORT AND,162,FOUR LANING OF JHANJHI JN TO DEMOW SECTION FROM KM. 491.050 TO KM. 535.250(DESIGN KM 490.800 TO KM 5,NHIDCL,N24000320,6/2015,3/2024,N.A.,7/2024,463.49,N.A.,463.49,367.87,31.56
ASSAM,ROAD TRANSPORT AND,163,4 LANING FROM JAMUGURI TO BISWANATH CHARIALI FROM KM 182 TO KM 208 OF NH-52,NHIDCL,N24000431,1/1991,6/2019,Jun-19,10/2024,520.01,N.A.,520.01,297.99,90.01
ASSAM,ROAD TRANSPORT AND,164,4 LANING FROM RANGAGARA TO KALIABHOR TINALI FROM KM 297.00 TO KM 315.315 OF NH-37 ON EPC BASIS.,NHIDCL,N24000438,12/2015,12/2018,Jul-21,10/2024,289.99,N.A.,289.99,232.56,87.42
ASSAM,ROAD TRANSPORT AND,165,4 LANING OF NH-37 SECTION BETWEEN DEMOW TO END OF MORAN BYPASS (FROM KM. 534.800 TO KM. 561.700) O,NHIDCL,N24000582,1/2016,1/2016,N.A.,12/2024,294.17,N.A.,294.17,295.65,38.69
ASSAM,ROAD TRANSPORT AND,166,4 LANING OF NH 37 SECTION BETWEEN END OF MORAN BYPASS TO BOGIBEEL JUNCTION NEAR LAPETKETA (KM. 561,NHIDCL,N24000583,1/2016,12/2021,N.A.,12/2021,252,N.A.,330.3,146.28,0
ASSAM,ROAD TRANSPORT AND,167,FOUR LANING OF BALACHERA- HARANGAJAO SECTION OF NH- 54 (EXT) FROM KM 275.00 TO KM 244.000 IN THE STATE,NHIDCL,N24000902,10/2017,6/2020,Dec-23,4/2024,818,887.68,887.68,873.61,100
ASSAM,ROAD TRANSPORT AND,168,4-LANING OF HAPACHARA - TULUNGIA SECTION,NHIDCL,N24001246,3/2020,12/2022,N.A.,8/2024,220.2,N.A.,220.2,213.87,97.76
ASSAM,ROAD TRANSPORT AND,169,WIDENING/IMPROVEMENT TO 4- LANE WITH PAVED SHOULDER FROM CH.75.330KM TO CH.88.00KM (DESIGN CH.71.800,NHIDCL,N24001248,8/2020,4/2022,N.A.,7/2024,208.84,N.A.,208.84,175.24,100
ASSAM,ROAD TRANSPORT AND,170,2-LANING OF CHURACHANDPUR TUIVAI SECTION OF NH-102B (PKG- IB),NHIDCL,N24001269,3/2020,3/2022,Dec-23,12/2024,216.49,241.52,216.49,104.36,79.05
ASSAM,ROAD TRANSPORT AND,171,4-L DHUBRI PHULBARI BRIDGE WITH APPROACH ROAD,NHIDCL,N24001326,11/2020,9/2028,N.A.,9/2028,4997.04,N.A.,4997.04,1984.19,50.13
ASSAM,ROAD TRANSPORT AND,172,2-LANING FROM YAINGANGPOKPI TO FINCH CORNER (PKG-I),NHIDCL,N24001331,3/2020,6/2022,N.A.,4/2025,261.13,N.A.,261.13,64.96,54.59
ASSAM,ROAD TRANSPORT AND,173,2-LANING FROM YAINGANGPOKPI TO FINCH CORNER (PKG-II),NHIDCL,N24001332,3/2020,6/2022,May-24,4/2025,217.5,N.A.,217.5,84.36,64.15
ASSAM,ROAD TRANSPORT AND,174,TWO- LANE WITH PAVED SHOULDER CONFIGURATION OF IMPHAL - MOREH SECTION OF NH-39 FROM KM 330 TO KM 350,NHIDCL,N24001333,9/2019,5/2023,N.A.,5/2023,761.54,820.56,761.54,430.31,100
ASSAM,ROAD TRANSPORT AND,175,DABOKA KATHKATI PACKAGE-5,NHIDCL,N24001366,3/2021,1/2023,N.A.,9/2024,288.85,N.A.,288.85,203.93,84.06
ASSAM,ROAD TRANSPORT AND,176,TULUNGIA-JOGIGHOPA-PAIKAN ROAD PKG-7,NHIDCL,N24001368,3/2021,1/2024,N.A.,10/2025,286.72,N.A.,286.72,78.41,27.29
ASSAM,ROAD TRANSPORT AND,177,CONSTRUCTION OF 2-LANE MAJOR BRIDGE INCLUDING APPROACHESOVER BRAHMAPUTRA BETWEEN MAJULI ON NORTH BAN,MoRTH,N24001408,2/2021,7/2025,N.A.,7/2025,925.47,N.A.,925.47,321.15,30.05
ASSAM,ROAD TRANSPORT AND,178,"6L FLYOVER AT BORAGAON, GORCHUK, LOKHRA AND BASISTHA JUNCTION ON GUWAHATI BYPASS SECTION FROM KM 146",NHAI,N24001432,12/2021,8/2024,Mar-24,8/2024,300,N.A.,300,297.62,100
ASSAM,ROAD TRANSPORT AND,179,JOGIGHOPA BRIDGE,NHIDCL,N24001434,8/2021,11/2024,N.A.,12/2026,746.76,N.A.,746.76,284.82,56.71
ASSAM,ROAD TRANSPORT AND,180,DABOKA KATHKATI PACKAGE-6,NHIDCL,N24001450,9/2021,7/2024,N.A.,12/2024,625.64,N.A.,625.64,439.56,74.01
ASSAM,ROAD TRANSPORT AND,181,DIBRUGARH-LAHOAL-CHABUA BYPASS PACKAGE-1,NHIDCL,N24001451,3/2022,7/2024,N.A.,8/2024,215.27,N.A.,215.27,132.62,90
ASSAM,ROAD TRANSPORT AND,182,DIBRUGARH-LAHOAL-CHABUA BYPASS PACKAGE-2,NHIDCL,N24001452,4/2022,7/2024,N.A.,8/2024,170.95,N.A.,170.95,113.06,95
ASSAM,ROAD TRANSPORT AND,183,DABOKA KATHKATI PACKAGE-7,NHIDCL,N24001537,11/2021,7/2024,N.A.,10/2024,204.1,N.A.,204.1,119.1,73.09
ASSAM,ROAD TRANSPORT AND,184,FOUR LANING OF SRIRAMPUR- DHUBRI PKG-2,NHIDCL,N24001544,3/2022,1/2025,N.A.,1/2025,909.02,N.A.,909.02,365.55,73.02
ASSAM,ROAD TRANSPORT AND,185,"6L STANDALONE FLYOVERS AT RAHA, DEMOW, BORGHAT, KATHIATALI JUNCTIONS AND ROB AT JAGIROAD ON STRETCHE",NHAI,N24001545,8/2022,12/2022,N.A.,6/2024,175,N.A.,175,178.56,96.85
ASSAM,ROAD TRANSPORT AND,186,BALANCE WORK OF 4L OF NARIMBANGLO?JATINGA JUNCTION- HARANGAJO ROAD SECTION FROM KM 0.000 TO KM 49.23,NHAI,N24001547,3/2022,1/2026,N.A.,1/2026,1909.98,N.A.,1909.98,380.63,41.82
ASSAM,ROAD TRANSPORT AND,187,"6L STANDALONE FLYOVERS AT BONGAIGAON, CHAPAGURI, PATHSALA, SIMLAGURI CHOWK AND BAIHATA BYPASS JUNCTI",NHAI,N24001548,3/2022,6/2024,N.A.,12/2024,457.72,N.A.,457.72,226.24,83
ASSAM,ROAD TRANSPORT AND,188,SHRIRAMPUR (KM. 0.000) TO KOCHUGAON (KM. 30.000) OF BIJNI TO ASSAM./WEST BENGAL BORDER SECTION OF NH,NHAI,N24001549,7/2017,4/2020,Jul-24,7/2024,442.23,N.A.,442.23,265.19,100
ASSAM,ROAD TRANSPORT AND,189,SRIRAMPUR - DHUBRI PKG-1,NHIDCL,N24001831,3/2022,2/2025,N.A.,12/2025,613.89,N.A.,613.89,17.09,9.23
ASSAM,ROAD TRANSPORT AND,190,DIBRUGARH-LAHOAL-CHABUA BYPASS PACKAGE-3,NHIDCL,N24001832,1/2023,5/2025,N.A.,5/2025,458.59,N.A.,458.59,120.34,34.75
ASSAM,ROAD TRANSPORT AND,191,CONSTRUCTION OF MANGALDOI BYPASS (NH-15) STARTING AT CH 26+400 AND TERMINATING AT CH 41+505 UNDER RA,MoRTH,N24001840,3/2022,4/2025,N.A.,4/2025,535.03,N.A.,535.03,4.07,7.5
ASSAM,ROAD TRANSPORT AND,192,WIDENING AND UPGRADATION TO TWO LANES WITH PAVED SHOULDERS ROAD FROM TAMENGLONG TO MAHUR (NH- 137) I,NHIDCL,N24001969,3/2023,8/2025,N.A.,8/2025,904.04,N.A.,904.04,265.15,32.93
ASSAM,ROAD TRANSPORT AND,193,WIDENING AND UPGRADATION TO TWO LANES WITH PAVED SHOULDERS ROAD FROM TAMENGLONG TO MAHUR (NH- 137) IN,NHIDCL,N24001970,3/2023,8/2025,N.A.,8/2025,860.37,N.A.,860.37,254.63,28.5
ASSAM,ROAD TRANSPORT AND,194,WIDENING AND UPGRADATION TO TWO LANES WITH PAVED SHOULDERS ROAD FROM TAMENGLONG TO MAHUR (NH- 137) IN,NHIDCL,N24001971,3/2023,8/2025,N.A.,8/2025,890.33,N.A.,890.33,306.97,25.47
ASSAM,ROAD TRANSPORT AND,195,WIDENING/IMPROVEMENT TO 4- LANE WITH PAVED SHOULDER FROM KM 0+800 (KANDULIJAN GAON) TO KM 27+701 (SI,NHIDCL,N24001972,3/2023,4/2026,N.A.,4/2026,609.16,N.A.,609.16,162.4,47.6
ASSAM,ROAD TRANSPORT AND,196,WIDENING/IMPROVEMENT TO 4- LANE WITH PAVED SHOULDER FROM KM 27+701 (SIMEN CHAPORI) TO KM 55+000 (NAG,NHIDCL,N24001973,3/2023,2/2026,N.A.,2/2026,562.05,N.A.,562.05,145.35,45.78
ASSAM,ROAD TRANSPORT AND,197,BILASIPURA-GUWAHATI ROAD PKG-8,NHIDCL,N24002021,3/2023,12/2026,N.A.,12/2026,1457.59,N.A.,1457.59,257.45,16.58
ASSAM,ROAD TRANSPORT AND,198,BILASIPURA-GUWAHATI ROAD PKG-9,NHIDCL,N24002022,3/2023,6/2026,N.A.,6/2026,1000.27,N.A.,1000.27,198.55,8.13
ASSAM,ROAD TRANSPORT AND,199,BILASIPURA-GUWAHATI ROAD PKG-10,NHIDCL,N24002023,3/2023,6/2026,N.A.,6/2026,1264.9,N.A.,1264.9,254.13,8.9
ASSAM,ROAD TRANSPORT AND,200,DABOKA BYPASS OF DABOKA - PAROKHAOWA PKG -1,NHIDCL,N24002024,1/2023,11/2025,N.A.,11/2025,516.88,N.A.,516.88,112.32,32.68
ASSAM,ROAD TRANSPORT AND,201,2 LANE WITH PAVED SHOULDER FROM KM 16+900 (BOGAPANI) TO KM 27+150 (GOLAI GAON) ON EXISTING DIBRUGARH,NHIDCL,N24002025,1/2023,12/2025,N.A.,12/2025,356.65,N.A.,356.65,113.59,3.15
ASSAM,ROAD TRANSPORT AND,202,2 LANE WITH PAVED SHOULDER FROM KM 27+150 (GOLAI GAON) TO KM 47+682 (LEDO) ON EXISTING DIBRUGARH TO,NHIDCL,N24002026,3/2023,12/2025,N.A.,12/2025,643.42,N.A.,643.42,64.67,6.55
ASSAM,ROAD TRANSPORT AND,203,DEVELOPMENT OF EXTERNAL TRUNK CONNECTIVITY AND INTERNAL INFRASTRUCTURE WORKS AT MULTI MODEL LOGISTIC,NHIDCL,N24002030,2/2020,3/2022,N.A.,10/2024,592.06,N.A.,592.06,291.45,93.87
ASSAM,ROAD TRANSPORT AND,204,SILCHAR VAIRENGTE SAIRANG ROAD PKG-1,NHIDCL,N24002127,2/2023,7/2026,N.A.,7/2026,1256.9,N.A.,1256.9,304.39,10.92
ASSAM,ROAD TRANSPORT AND,205,SILCHAR VAIRENGTE SAIRANG ROAD PKG-2,NHIDCL,N24002128,3/2023,8/2026,N.A.,8/2026,1716.21,N.A.,1716.21,695.23,25.05
ASSAM,ROAD TRANSPORT AND,206,FOUR LANNING OF BADARPUR BYPASS FROM DESIGN CHAINAGE KM 27+300 AT CROSSING WITH NH-6,NHIDCL,N24002129,2/2023,8/2026,N.A.,8/2026,574.26,N.A.,574.26,168.16,17.29
ASSAM,ROAD TRANSPORT AND,207,TAMENGLONG- MAHUR ROAD PKG-7,NHIDCL,N24002130,12/2023,3/2026,N.A.,3/2026,846.82,N.A.,846.82,268.54,27.77
BIHAR,CIVIL AVIATION,208,"CONSTRUCTION OF NEW DORNESTIC TERMINAL BUILDING AND OTHER STRUCTURES, PHASE I AND II",AAI,N04000082,5/2018,10/2022,Dec-24,12/2024,1216.9,N.A.,1216.9,757.77,76.18
BIHAR,DEPARTMENT OF HIGHER EDUCATION,209,CONSTRUCTION OF ACADEMIC AND RESIDENTIAL COMPLEX UNDER PHASE-II FOR THE CAMPUS OF IIT PATNA,CPWD EDUCATION,N28000100,2/2016,6/2017,Jan-24,1/2024,496.18,496,460,390.15,100
BIHAR,DEPARTMENT OF HIGHER EDUCATION,210,PERMANENT CAMPUS FOR IIM BODH GAYA,CPWD EDUCATION,N42000009,9/2018,9/2020,N.A.,N.A.,375,N.A.,375,327.75,98.9
BIHAR,PETROLEUM,211,BARAUNI REFINERY CAPACITY EXPANSION FROM 6.0 TO 9.0 MMTPA,IOCL,N16000386,1/2020,4/2023,Dec-24,12/2025,14810,N.A.,14810,9384.39,78.3
BIHAR,PETROLEUM,212,"CGD PROJECT AT KHAGARIA, SAHARSA AND MADHEPURA",IOCL,N16000423,6/2019,12/2029,Mar-30,3/2030,163,N.A.,163,81.32,22.7
BIHAR,PETROLEUM,213,INSTALLATION OF BITUMEN MANUFACTURING UNIT ALONG WITH ALLIED FACILITIES AT BARAUNI,IOCL,N16000453,1/2022,4/2025,N.A.,4/2025,389,N.A.,389,21.76,10.8
BIHAR,PETROLEUM,214,CITY GAS DISTRIBUTION PROJECTS AT GOPALGANJ SIWAN WEST CHAMPARAN EAST CHAMPARAN AND DEORIA DISTRICTS,BPCL,N16000523,12/2022,6/2030,N.A.,6/2030,3919,N.A.,3919,173.92,12.3
BIHAR,PETROLEUM,215,"CITY GAS DISTRIBUTION PROJECTS AT DARBHANGA, MADHUBANI, SUPAUL, SITAMARHI AND SHEOHAR DISTRICTS",BPCL,N16000524,12/2022,3/2030,N.A.,3/2030,3638,N.A.,3638,200.73,11.5
BIHAR,POWER,216,BARH STPP(3X660MW) NTPC,NTPC,180100242,2/2005,10/2011,Jul-23,11/2024,8692.97,21312.11,21312.11,22311.28,90
BIHAR,POWER,217,BUXAR THERMAL POWER PLANT (1320 MW),SJVN,N18000194,3/2019,1/2024,N.A.,2/2025,10439.09,N.A.,10439.09,9717.66,80.97
BIHAR,RAILWAYS,218,"JAYANAGAR-DARBHANGA- NARKATIA GANJ(GC),ECR",ECR,220100240,4/1997,3/2012,N.A.,12/2023,324.73,967.29,1250,1227.77,99
BIHAR,RAILWAYS,219,KHAGARIA-KUSHESHWAR ASTHAN (NL) (ECR),ECR,220100257,4/1997,,N.A.,12/2026,162.87,614.45,614.45,440.31,50
BIHAR,RAILWAYS,220,"HAJIPUR-SUGAULI VIA VAISHALI (NL), ECR",ECR,220100303,4/2003,,N.A.,12/2024,528.65,2087.36,2087.36,1946.41,48
BIHAR,RAILWAYS,221,"NEW B.G. LINE FROM ARARIA TO GALGALIA (THAKURGUNG), NEFR",NFR,N22000087,9/2006,3/2019,N.A.,3/2025,532.87,2132.03,4415.08,2689.36,77
BIHAR,RAILWAYS,222,SAKRI-HASANPUR ROAD (NL),ECR,N22000171,4/1999,,N.A.,3/2027,325,735.2,735.2,576.27,78
BIHAR,RAILWAYS,223,ARARIA-SUPAUL (NL),ECR,N22000177,4/2008,,N.A.,1/2025,1605.17,1605.17,1605.17,1313.96,26
BIHAR,RAILWAYS,224,SAKRI-NIRMALI AND JHANJHARPUR-LAUKAHABAZAR AND SAHARSA-FORBESGANJ (GC),ECR,N22000180,4/2004,,N.A.,6/2024,372.14,1470.5,2350,2480.05,97
BIHAR,RAILWAYS,225,JAYNAGAR-BIJALPURA INCLUDING EXTENSION BIJALPURA-BARDIBAS(NEPAL) GC,ECR,N22000181,4/2009,3/2020,N.A.,3/2026,548,548,783.83,544.31,78
BIHAR,RAILWAYS,226,SAMASTIPUR-DARBANGHA,ECR,N22000329,5/2015,,N.A.,3/2025,380,519.33,519.33,515.14,62
BIHAR,RAILWAYS,227,KIUL - GAYA DOUBLING PROJECT,ECR,N22000349,12/2015,3/2020,N.A.,9/2024,1200.2,1200.2,1771.07,1673.71,96
BIHAR,RAILWAYS,228,RAMPUR DUMRA - TAL - RAJENDRAPUL DOUBLING INCLUDING GANGA BRIDGE,ECR,N22000350,12/2015,3/2020,N.A.,5/2025,1491.47,1491.47,1600,1569.68,77
BIHAR,RAILWAYS,229,SAGAULI VALMIKINAGAR DOUBLING 109.7 KM,ECR,N22000472,4/2016,3/2021,N.A.,12/2024,744.04,1215.54,1215.54,1365.54,85
BIHAR,RAILWAYS,230,MUZAFFARPUR SAGAULI DOUBLING 100.60 KM,ECR,N22000473,4/2016,3/2021,N.A.,9/2024,731.64,1185.73,1300,1333.69,80
BIHAR,RAILWAYS,231,"FATUHA-ISLAMPUR INCL. MM FOR EXTENSION OF NEW LINE FORM BIHARSHARIF-BARBIGHA, DANIYAWAN-BIHARSHARIF,",ECR,N22000476,4/1991,,N.A.,12/2024,329.39,803.09,2722.16,2440.84,90
BIHAR,RAILWAYS,232,DARBHANGA - BYPASS LINE CONNECTING SHISHO HALT AND KAKARGHATI EXCL DARBHANGA YARD (7.64 KM),ECR,N22000523,6/2019,6/2025,N.A.,9/2024,983.62,253.23,415,368.28,80
BIHAR,RAILWAYS,233,BARAUNI- BACHWARA 3RD AND 4TH LINE,ECR,N22000524,7/2022,7/2027,N.A.,6/2025,486,N.A.,486,64.7,30
BIHAR,RAILWAYS,234,JHAJHA - BATIA (UMBRELLA WORK PB#23/2018-19/NR),ECR,N22000526,2/2019,6/2028,N.A.,3/2027,496.47,N.A.,496.47,2.34,0
BIHAR,RAILWAYS,235,SONENAGAR BYE PASS LINE FROM CHIRALAPOTHU TO BAGHA BISHUNPUR,ECR,N22000528,10/2022,10/2027,N.A.,6/2025,234,223.69,223.69,10.37,0
BIHAR,RAILWAYS,236,KATIHAR-KUMEDPUR & KATIHAR- MUKURIA (64.5 KM) (UMBRELLA WORK PB#57/2019-20/NR),NFR,N22000570,8/2022,8/2027,N.A.,8/2027,745,N.A.,745,0,0
BIHAR,ROAD TRANSPORT AND,237,PATNA-MUZZAFFARPUR,NHAI,N24000165,8/2010,2/2013,Jun-24,8/2024,671.3,N.A.,671.3,1830.13,97.15
BIHAR,ROAD TRANSPORT AND,238,4-LANNING OF CHAPRA-HAJIPUR,NHAI,N24000187,1/2011,7/2013,Apr-25,4/2025,575,N.A.,575,539.51,84.56
BIHAR,ROAD TRANSPORT AND,239,REHABILITATION AND UPGRADING TO 2 LANES/2 LANE WITH PAVED SHOULDERS CONFIGURATION OF BIRPUR - BIHPUR,MoRTH,N24000382,1/1991,2/2019,Dec-24,12/2024,675,780.77,780.77,678.26,85.69
BIHAR,ROAD TRANSPORT AND,240,FOUR OF SIMARIA - KHAGARIA SECTION OF NH-31,NHAI,N24000480,12/2015,4/2019,Jul-22,12/2024,1041.1,567,639.58,553.73,97.08
BIHAR,ROAD TRANSPORT AND,241,FOUR LANING OF BAKHTIYARPUR - MOKAMA SECTION OF NH-31,NHAI,N24000507,12/2015,12/2019,N.A.,5/2024,1167.45,N.A.,1182.94,707.88,93.67
BIHAR,ROAD TRANSPORT AND,242,REHABILITATION AND UPGRADING TO 2 LANES/2 LANE WITH PAVED SHOULDERS (KM 40 TO KM 219.945) OF NH-104,MoRTH,N24000531,1/1991,11/2008,Aug-24,8/2024,319.68,503.28,503.28,430.14,98.75
BIHAR,ROAD TRANSPORT AND,243,CONSTRUCTION OF REHABILITATION AND UPGRADING TO 2 LANES/2 LANE(FOR LOT-I-KM 40.00 TO KM 65.400 AND K,MoRTH,N24000576,2/2016,5/2016,Aug-24,8/2024,178.85,225.06,278.54,232.61,98.35
BIHAR,ROAD TRANSPORT AND,244,"PROCUREMENT, AND CONSTRUCTION OF REHABILITATION AND UPGRADING TO 2 LANES/2 LANE(FOR LOT-III-KM 156.5",MoRTH,N24000578,2/2016,5/2016,Aug-24,8/2024,553.3,706.39,706.39,607.49,98
BIHAR,ROAD TRANSPORT AND,245,FOUR LANING OF GAYA-HISUA- RAJGIRI-NALANDA-BIHARSHARIF SECTION (KM0.00 TO 92.935) ON NH-82 IN BIHAR,MoRTH,N24000579,1/2014,10/2016,Aug-24,8/2024,1408.85,2138.16,2138.16,1694.22,95.78
BIHAR,ROAD TRANSPORT AND,246,TWO-LANNING WITH PAVED SHOULDER OF MAHSHKUNT- SAHARSA-PURNEA SECTION FROM EXISTING KM.89.020 (DESIGN,NHAI,N24000665,3/2017,3/2020,Mar-25,3/2025,672.89,736.01,830.31,566.83,73.47
BIHAR,ROAD TRANSPORT AND,247,SIX LANNING OF AUNTA- SIMARIA(GANGA BRIDGE WITH APPROACH ROADS) SECTION OF NH-31,NHAI,N24000696,8/2017,2/2022,Aug-23,10/2024,950.64,1161,1168.33,965.7,82.68
BIHAR,ROAD TRANSPORT AND,248,CONSTRUCTION OF NEW LINK (NH-133B) FROM KM 0/00 (KM 200/87 OF SAHIBANJ BYPASS) IN JHARKHAND TO KM 15,NHAI,N24000714,12/2017,10/2024,Oct-24,4/2025,2598,N.A.,1962.5,1239.17,67.71
BIHAR,ROAD TRANSPORT AND,249,REHABILITATION AND UPGRADATION OF TWO LANING OF MAHESHKHUNT - SAHARSA - PURNEA SECTION PKG - I,NHAI,N24000723,1/2018,12/2021,Dec-19,3/2025,573.7,644.5,726.99,452.2,75.06
BIHAR,ROAD TRANSPORT AND,250,DEVELOPMENT OF NEWLY DECLARED NH-527C FROM MAJHAULI TO CHAROUT SECTION TO 2 LANE WITH PAVED SHOULDER,NHAI,N24000813,3/2018,11/2021,Dec-24,12/2024,496.2,470.18,537.17,366.24,84.99
BIHAR,ROAD TRANSPORT AND,251,CONSTRUCTION OF A NEW 4 LANE MAJOR BRIDGE ACROSS RIVER KOSI AT PHULAUT INCLUDING RHABILITATION AND,MoRTH,N24000943,9/2018,6/2024,Feb-26,2/2026,1478.4,N.A.,1478.4,792.77,56.8
BIHAR,ROAD TRANSPORT AND,252,CONSTRUCTION OF A NEW 4 LANE BRIDGE PARALLEL TO EXISTING MG SETU WITH ITS APPROACHES FROM KM 0.00,MoRTH,N24001201,2/2019,9/2024,Feb-26,2/2026,2926.42,N.A.,2926.42,970.95,46
BIHAR,ROAD TRANSPORT AND,253,BALANCE WORK OF 4- LANING OF PATNA-GAYA-DOBHI SECTION (KM. 0.00 TO KM. 127.217) OF NH-83 IN THE STAT,NHAI,N24001303,10/2013,12/2020,Dec-24,12/2024,649.9,N.A.,750,711.53,98.3
BIHAR,ROAD TRANSPORT AND,254,BALANCE WORK OF 4- LANING OF PATNA-GAYA-DOBHI SECTION (KM. 39.00 TO KM. 83.00) OF NH-83 IN THE STATE,NHAI,N24001304,10/2013,11/2020,Dec-24,12/2024,446.97,598.48,740.5,638.8,96.3
BIHAR,ROAD TRANSPORT AND,255,BALANCE WORK OF 4- L ANING OF PATNA-GAYA-DOBHI SECTION (KM.83.00 TO KM. 127.217) OF NH-83 IN THE STA,NHAI,N24001305,10/2013,11/2020,Dec-24,12/2024,464.09,605.53,765.12,698.25,97.3
BIHAR,ROAD TRANSPORT AND,256,CONSTRUCTION OF 2 LANE BRIDGE ACROSS RIVER KOSI WITH APPROACH ROAD FROM BHEJA TO BAKAUR SECTION OF N,NHAI,N24001371,10/2019,8/2023,Dec-24,12/2024,1101.99,N.A.,1101.99,762.04,62.57
BIHAR,ROAD TRANSPORT AND,257,4L GREENFIELD ALIGNMENT FROM KALYANAPUR TO TAL DASHRAHA OF NH-119D (PKG-III),NHAI,N24001697,2/2023,2/2025,N.A.,2/2025,1358,N.A.,1358,146.66,11.5
BIHAR,ROAD TRANSPORT AND,258,FOUR LANING OF MUNGER TO MIRZACHAUKI (NH-80) SECTION FROM NEAR RASULPUR TO MIRZACHAUKI (DESIGN CH,NHAI,N24001698,8/2022,8/2024,N.A.,8/2024,1198.02,N.A.,1198.02,0,0
BIHAR,ROAD TRANSPORT AND,259,CONSTRUCTION OF 4 LANE ELEVATED SECTION AND AT- GRADE IMPROVEMENTS AT BEGUSARAI TOWN SECTION OF NH-3,NHAI,N24001699,3/2022,12/2024,N.A.,12/2024,312.58,N.A.,312.58,128.79,52.88
BIHAR,ROAD TRANSPORT AND,260,SIX LANNING OF AURANGABAD TO BIHAR/JHARKHAND BORDER SECTION OF NH-19 (OLD NH-2) FROM KM. 209.827 TO,NHAI,N24001700,12/2021,3/2024,Dec-24,12/2024,552.55,553,553,414.79,47.47
BIHAR,ROAD TRANSPORT AND,261,FOUR LANING OF MUNGER TO MIRZACHAUKI (NH-80) SECTION FROM START OF EXISTING BHAGALPUR BYPASS TO RASU,NHAI,N24001701,4/2022,4/2024,N.A.,4/2024,1769.5,N.A.,1769.5,0,0
BIHAR,ROAD TRANSPORT AND,262,CONSTRUCTION OF 4 LANE ELEVATED HIGHWAY AND AT- GRADE IMPROVEMENTS AT GOPALGANJ TOWN FROM DESIGN CH:,NHAI,N24001702,12/2021,9/2024,N.A.,9/2024,184.9,185,185,155.74,84.28
BIHAR,ROAD TRANSPORT AND,263,6 L OF AURANGABAD TO BIHAR- JHARKHAND BORDER (CHORDAHA) SECTION FROM KM. 180.000 TO KM. 209.827 OF N,NHAI,N24001703,2/2022,5/2025,N.A.,5/2025,786.81,787,787,0,0
BIHAR,ROAD TRANSPORT AND,264,FOUR LANING OF MUNGER TO MIRZACHAUKI (NH-80) SECTION FROM KHARIA VILLAGE JUNCTION TO START OF EXISTI,NHAI,N24001704,3/2021,3/2024,Dec-24,12/2024,1020.84,N.A.,1020.84,84.78,0
BIHAR,ROAD TRANSPORT AND,265,FOUR LANING OF MUNGER TO MIRZACHAUKI (NH-80) SECTION FROM MUNGER TO KHARIA VILLAGE JUNCTION DESIGN C,NHAI,N24001705,3/2022,3/2024,Dec-24,12/2024,1485.66,N.A.,1485.66,0,0
BIHAR,ROAD TRANSPORT AND,266,4 LANING OF GALGALIA - BAHADURGANJ SECTION FROM KM 0.000 TO KM 49.000 (PACKAGE-I) OF NH-327E.,NHAI,N24001706,3/2021,1/2024,Aug-24,8/2024,1097.18,1097,1097,518.04,99
BIHAR,ROAD TRANSPORT AND,267,4 LANING OF BAHADURGANJ ARARIA SECTION FROM KM 49.000 TO KM 94.000 (PACKAGE- II) OF NH-327E,NHAI,N24001707,3/2021,1/2024,Sep-24,9/2024,1143.46,1143.46,1143.46,487.45,94.61
BIHAR,ROAD TRANSPORT AND,268,BAKHTIYARPUR RAJAULI PKG-III FROM KM 101.630 TO KM 152.520 NH20,NHAI,N24001708,9/2020,6/2024,N.A.,8/2024,2156.22,N.A.,2156.22,2134.67,96.43
BIHAR,ROAD TRANSPORT AND,269,BAKHTIYARPUR RAJAULI PKG-II FROM KM 54.405 TO KM 101.630 NH20,NHAI,N24001709,9/2020,4/2023,Dec-24,12/2024,897.45,N.A.,1090,1037.63,97.85
BIHAR,ROAD TRANSPORT AND,270,4 LANING FROM KM. 34.600 TO KM. 79.970 and 2LPS FROM KM. 79.970 TO KM. 82.000 OF NARENPUR - PURNEA S,NHAI,N24001710,9/2020,3/2023,Aug-24,8/2024,2334.68,2494.2,2494.2,913.7,99.2
BIHAR,ROAD TRANSPORT AND,271,6L OF KANHAULI RAMNAGAR PATNA RING ROAD PKG I FROM KM 0.000 TO KM 39.160 OF SH78 NEW NH131G,NHAI,N24001711,9/2020,3/2023,Dec-24,8/2024,939.43,N.A.,939.43,370.62,99.3
BIHAR,ROAD TRANSPORT AND,272,FOUR LANING OF PARARIA TO MOHANIA SECTION OF NH 319 (OLD NH 30) FROM KM. 54+530 (DESIGN CHAINAGE) TO,NHAI,N24001712,8/2020,7/2023,Dec-24,12/2024,690,N.A.,690,770.73,98.45
BIHAR,ROAD TRANSPORT AND,273,BALANCE WORK OF TWO LANING WITH PAVED SHOULDER OF PIPRAKOTHI?MOTIHARI- RAXAUL SECTION OF NH-28A FRO,NHAI,N24001715,12/2018,10/2020,N.A.,1/2024,333.6,466.59,461.41,460.38,100
BIHAR,ROAD TRANSPORT AND,274,IMPROVEMENT TO TWO LANE WITH PAVED SHOULDERS OF NH 122B FROM KM 29.730 TO KM 72.348 IN STATE OF BIH,MoRTH,N24001870,2/2022,11/2024,Mar-25,3/2025,624.43,N.A.,624.43,155.52,60
BIHAR,ROAD TRANSPORT AND,275,WIDENING AND STRENTHENING FROM KM 70.15 TO KM 121.025 OF NH-80,MoRTH,N24001875,3/2021,1/2025,Mar-25,3/2025,477.54,N.A.,477.54,201.92,54.74
BIHAR,ROAD TRANSPORT AND,276,WIDENING and STRENTHENING FROM KM132.895 TO KM 190.15 NH-80,MoRTH,N24001876,3/2021,3/2024,Jun-25,6/2025,566.15,N.A.,566.15,137.59,30
BIHAR,ROAD TRANSPORT AND,277,CONSTRUCTION OF NEW 4- LANE BRIDGE (PARALLEL TO EXISTING VIKRAMASHILA SETU)FROM KM 8+920 TO KM 13+375,MoRTH,N24001877,7/2020,5/2027,N.A.,5/2027,1110.23,N.A.,1110.23,221.36,18
BIHAR,ROAD TRANSPORT AND,278,IMPROVEMENT TO TWO LANE WITH PAVED SHOULDERS OF NH-319A FROM KM 0 TO KM 45 IN STATE OF BIHAR UNDER,MoRTH,N24001878,2/2022,12/2024,Mar-25,3/2025,427.29,N.A.,427.29,118.13,55.68
BIHAR,ROAD TRANSPORT AND,279,CONSTRUCTION OF PROPOSED 4_LANE REVELGUNJ BYPASS NH- 19 IN THE STATE OF BIHAR ON EPC MODE CONNECTING,MoRTH,N24001879,3/2022,7/2025,N.A.,7/2025,295.24,N.A.,295.24,31.83,24
BIHAR,ROAD TRANSPORT AND,280,CONSTRUCTION OF 6- LANE BRIDGE AND ITS APPROACHES ACROSS RIVER GANGA AS PART OF PATNA RING ROAD (NH-,NHAI,N24002062,3/2023,9/2027,N.A.,9/2027,3012.27,N.A.,3012.27,0,0
BIHAR,ROAD TRANSPORT AND,281,BALANCE WORK - WB-10 (GANDAK BRIDGE) KM 402.00 TO KM 440.00 (DEVANPUR - KOTWA),NHAI,N24002063,12/2021,1/2024,N.A.,6/2025,210.05,N.A.,210.05,89.41,68.58
BIHAR,ROAD TRANSPORT AND,282,PERMANENT RECTIFICATION OF 3 NOS. OF BLACK SPOTS IN PROJECT HIGHWAY NH-27 OF U.P BORDER - DEWAPUR -,NHAI,N24002064,12/2022,12/2025,N.A.,12/2025,381.8,N.A.,381.8,0,8.13
BIHAR,ROAD TRANSPORT AND,283,4L GREENFIELD ALIGNMENT OF AMAS TO SHIVRAMPUR FROM 0.000 KM. TO 55.002 KM. OF NH 119 D (PKG-I),NHAI,N24002065,2/2022,3/2025,N.A.,3/2025,1390.92,N.A.,1390.92,150.71,5.89
BIHAR,ROAD TRANSPORT AND,284,4L GREENFIELD ALIGNMENT OF SHIVRAMPUR TO RAMNAGAR FROM KM. 55.002 TO KM. 109.300 OF NH 119 D (PKG-I,NHAI,N24002066,2/2022,7/2025,N.A.,7/2025,1494.31,N.A.,1494.31,38.28,4.59
BIHAR,ROAD TRANSPORT AND,285,IMPROVEMENT OF 2 LANE WITH PAVED SHOULDER OF STRETCH FROM BIKRAMGANJ DAWATH MELAYABAGH NAWANAGR -DUM,MoRTH,N24002133,3/2021,3/2025,N.A.,6/2025,178.63,N.A.,178.63,42.74,36
BIHAR,URBAN DEVELOPMENT,286,PATNA METRO RAIL CORPORATION LIMITED,PATNA METRO RAI,N28000148,2/2019,6/2024,N.A.,9/2024,13365.77,N.A.,13925.5,2637.05,37.72
BIHAR,WATER RESOURCES,287,SEWER NETWORK SPS AND STP BEGUSARAI,BUIDCO,N30000026,3/2018,7/2021,Dec-19,9/2024,230.06,N.A.,230.06,221.39,95
BIHAR,WATER RESOURCES,288,I AND D AND STP WORKS FOR BHAGALPUR,BUIDCO,N30000027,10/2017,9/2020,Nov-20,10/2024,254.13,413.29,413.29,116.3,80
BIHAR,WATER RESOURCES,289,I AND D AND STP AT CHAPPRA,BUIDCO,N30000028,11/2018,12/2020,N.A.,8/2023,236.15,N.A.,236.15,142.08,100
BIHAR,WATER RESOURCES,290,SEWER NETWORKS SPS AND STP HAJIPUR,BUIDCO,N30000035,3/2018,8/2021,Mar-18,9/2024,305.19,N.A.,305.19,310.39,89
BIHAR,WATER RESOURCES,291,"SEWER NETWORKS, SPS AND STP, MUNGER",BUIDCO,N30000036,3/2018,10/2021,Mar-18,12/2023,294.02,350.79,294.02,365.58,100
BIHAR,WATER RESOURCES,292,SEWERAGE SYSTEM WITH SEWER NETWORK PATNA BEUR,BUIDCO,N30000037,12/2014,3/2020,N.A.,6/2020,225.77,N.A.,398.9,363.79,100
BIHAR,WATER RESOURCES,293,SAIDPUR SEWER NETWORK PATNA,BUIDCO,N30000039,4/2015,1/2021,N.A.,1/2021,268.63,N.A.,431.21,480.25,100
BIHAR,WATER RESOURCES,294,SEWERAGE SCHEME AT PAHARI ZONE V PATNA,BUIDCO,N30000040,5/2017,4/2021,May-17,4/2021,356.37,364,356.37,304.62,100
BIHAR,WATER RESOURCES,295,SEWERAGE TREATMENT PLANT AT PAHARI PATNA,BUIDCO,N30000043,5/2017,11/2020,May-17,11/2020,191.62,N.A.,191.62,119.23,100
BIHAR,WATER RESOURCES,296,SEWERAGE SYSTEM WITH SEWER NETWORK PATNA KARMALICHAK,BUIDCO,N30000044,3/2017,5/2021,Mar-17,5/2021,277.42,253.98,277.42,345.95,100
BIHAR,WATER RESOURCES,297,SEWERAGE SYSTEM AND STP FOR KANKARBAG ZONE PATNA,BUIDCO,N30000050,8/2017,6/2022,N.A.,9/2024,578.89,453.83,578.89,134.46,45
BIHAR,WATER RESOURCES,298,"SEWERAGE SYSTEM AND STP FOR DIGHA ZONE, PATNA",BUIDCO,N30000051,8/2017,6/2022,N.A.,9/2024,824,734.09,824,354.66,47
CHHATTISGARH,COAL,299,GEVRA EXPANSION OCP (SECL) (35-70) MTY,SECL,060100093,6/2010,3/2023,N.A.,3/2025,11816.4,N.A.,11816.4,5926.12,77
CHHATTISGARH,COAL,300,KUSMUNDA EXPN.OCP(SECL)(15- 50)MTY,SECL,N06000008,8/2013,3/2023,N.A.,3/2025,7612.33,N.A.,7612.33,4471.29,81
CHHATTISGARH,COAL,301,PELMA OCP(15.00MTY),SECL,N06000045,11/2014,3/2023,N.A.,3/2030,1624.59,N.A.,1624.59,13.65,16
CHHATTISGARH,COAL,302,KARTALI (EAST) OCP (2.50 MTY),SECL,N06000076,7/2008,3/2014,N.A.,3/2026,178.44,N.A.,178.44,15.92,18
CHHATTISGARH,COAL,303,CHHAL OC SEAM -III (6.00 MTY),SECL,N06000104,12/2013,3/2022,Mar-25,3/2025,610.63,N.A.,610.63,561.76,81
CHHATTISGARH,COAL,304,AMERA OC RCE,SECL,N06000123,2/2015,3/2018,Mar-26,3/2026,335.97,N.A.,335.97,173.32,42
CHHATTISGARH,COAL,305,AMGAON OPENCAST PROJECT RCE,SECL,N06000135,7/2015,3/2020,Mar-26,3/2026,316.1,N.A.,316.1,187.44,56
CHHATTISGARH,COAL,306,DURGAPUR OPENCAST PROJECT,SECL,N06000136,2/2015,3/2023,Mar-26,3/2026,916.24,N.A.,916.24,19.54,18
CHHATTISGARH,COAL,307,MADANNAGAR OPENCAST PROJECT,SECL,N06000140,10/2015,3/2024,N.A.,3/2030,1875.32,N.A.,1875.32,0,5
CHHATTISGARH,COAL,308,VIJAY WEST OPENCAST PROJECT,SECL,N06000158,5/2017,3/2026,N.A.,3/2026,976.95,N.A.,976.95,0,4
CHHATTISGARH,COAL,309,MAHAMAYA OPENCAST PROJECT,SECL,N06000164,5/2018,3/2026,N.A.,3/2026,410.26,N.A.,410.26,178.85,37
CHHATTISGARH,COAL,310,JHIRIA WEST OPENCAST PROJECT,SECL,N06000166,11/2018,3/2026,N.A.,3/2026,389.97,N.A.,366.94,29.94,36
CHHATTISGARH,COAL,311,BAROUD OC EXPANSION (3-10 MTY),SECL,N06000197,8/2020,3/2029,N.A.,3/2029,2309.8,N.A.,2309.8,843.82,38
CHHATTISGARH,COAL,312,JAMPALI OCP RCE,SECL,N06000198,5/2020,3/2024,Mar-25,3/2025,278.64,N.A.,278.64,207.6,71
CHHATTISGARH,COAL,313,PORDA CHIMTAPANI OCP (10 MTY),SECL,N06000199,12/2020,3/2029,N.A.,3/2029,2310.12,N.A.,2310.12,41.58,10
CHHATTISGARH,COAL,314,DIPKA OC EXPANSION 40 MTY,SECL,N06000200,12/2020,3/2029,N.A.,3/2029,5241.4,N.A.,5241.4,2567.48,26
CHHATTISGARH,COAL,315,JAGANNATHPUR OC RCE (3.0 MTY),SECL,N06000232,7/2016,3/2020,Mar-05,3/2025,459.49,N.A.,459.49,254.37,92
CHHATTISGARH,DEPARTMENT OF HIGHER EDUCATION,316,"C/O PERMANENT CAMPUS OF IIT BHILAI AT KUTHELABHATA, DURG CHHATTISGARH, STAGE I PHASE I.",CPWD EDUCATION,N28000141,3/2020,7/2022,N.A.,7/2022,808.62,N.A.,808.62,640.7,99.2
CHHATTISGARH,PETROLEUM,317,AUGMENTATION OF FACILITIES AT THE EXISTING RAIPUR DEPOT,HPCL,N16000413,3/2021,3/2024,Mar-25,3/2025,456,N.A.,456,321.9,77.4
CHHATTISGARH,POWER,318,WESTERN REGION EXPANSION SCHEME XXV,PGCIL,N18000350,2/2023,11/2023,N.A.,9/2024,385.84,N.A.,385.84,84.71,32
CHHATTISGARH,POWER,319,TRANSMISSION SYSTEM ASSOCIATED WITH WESTERN REGION EXPANSION SCHEME XXVII,PGCIL,N18000354,3/2023,9/2024,N.A.,9/2024,271.69,N.A.,271.69,56.64,41
CHHATTISGARH,POWER,320,TRANSMISSION SYSTEM ASSOCIATED WITH WESTERN REGION EXPANSION SCHEME- XXVIII AND XXIX,PGCIL,N18000355,3/2023,3/2025,N.A.,3/2025,260.3,N.A.,260.3,49.69,52
CHHATTISGARH,POWER,321,"LARA SUPER THERMAL POWER PROJECT, STAGE-II (2X800 MW)",BHEL,N18000381,8/2023,6/2028,N.A.,6/2028,15530,N.A.,15530,709.38,0
CHHATTISGARH,RAILWAYS,322,KIRANDUL - JAGDALPUR DOUBLING,ECOR,N22000318,12/2012,3/2020,N.A.,3/2024,1160,N.A.,1440,1415.07,87.5
CHHATTISGARH,RAILWAYS,323,JHARSUGUDA-BILASPUR 4TH LINE,SECR,N22000484,4/2015,3/2021,Dec-23,12/2024,1973,2135.34,2135.34,1998.74,80
CHHATTISGARH,RAILWAYS,324,KHARSIA DHARAMJAIGARH WITH SPUR LINE EAST CORRIDOR-PHASE I,IRCON,N22000489,4/2013,9/2018,N.A.,12/2024,3055,3438.39,3438.39,3041.21,92.6
CHHATTISGARH,RAILWAYS,325,Gauge conversion of Raipur(Kendri)- Dhamtari and Abhanpur-Rajim branch (67.20 km),SECR,N22000572,7/2011,10/2024,N.A.,10/2024,1171.3,N.A.,1171.3,452.13,40
CHHATTISGARH,RAILWAYS,326,NIPANIA-BHATAPRA (14.4 KM) 4TH LINE (PB#72/NR/2022-23),SECR,N22000573,9/2022,12/2026,N.A.,12/2026,170.49,N.A.,170.49,0.1,0
CHHATTISGARH,RAILWAYS,327,4TH LINE - BHATAPARA- HATHBAND (8.8 KM) (PB#72/NR/2022-23),SECR,N22000574,12/2022,12/2026,N.A.,12/2026,177.03,N.A.,177.03,0.21,0
CHHATTISGARH,RAILWAYS,328,4TH LINE - BHILAI-BHILAI NAGAR (8.8 KM) (PB#72/NR/2022-23),SECR,N22000575,9/2022,9/2026,N.A.,9/2026,169.06,N.A.,177.34,0.63,0
CHHATTISGARH,RAILWAYS,329,4TH LINE - DADHAPARA-BELHA (9.2 KM) (PB#72/NR/2022-23),SECR,N22000576,9/2022,9/2026,N.A.,9/2026,169.06,N.A.,169.06,0.22,0
CHHATTISGARH,RAILWAYS,330,4TH LINE - RAJNANDGAON- DONGARHGARH (31.2 KM) (PB#72/NR/2022-23),SECR,N22000577,9/2022,9/2026,N.A.,9/2026,328.34,N.A.,328.34,0.37,0
CHHATTISGARH,RAILWAYS,331,3RD AND 4TH LINE - SARAGBUNDIA AND MADWARANI,SECR,N22000579,9/2022,9/2026,N.A.,9/2026,167.64,N.A.,167.64,0,0
CHHATTISGARH,RAILWAYS,332,DOUBLING OF BORIDAND - AMBIKAPUR ( SURAJPUR),SECR,N22000580,6/2022,6/2030,N.A.,6/2030,1376.2,N.A.,775.82,37.77,5
CHHATTISGARH,RAILWAYS,333,DALLIRAJHARA - ROWGHAT (95 KM) {PART OF DALLIRAJHARA- JAGDALPUR (235 KM)},RVNL,N22000602,3/2008,6/2025,N.A.,6/2025,631.78,N.A.,1627.56,1323.64,84
CHHATTISGARH,RAILWAYS,334,CHIRIMIRI-NAGPUR HALT,SECR,N22000616,10/2018,6/2030,N.A.,6/2030,241,N.A.,241,0,0
CHHATTISGARH,ROAD TRANSPORT AND,335,REHABILITATION AND UPGRADATION OF NH 43 KANKER TO BEDMA SECTION KM. 130 TO 180,MoRTH,N24001217,1/2016,8/2016,N.A.,12/2024,497.14,572.66,572.66,357.91,56.27
CHHATTISGARH,ROAD TRANSPORT AND,336,REHABILITATION AND UPGRADATION OF NH 111 FROM KM 163.400 TO 215.800 SHIVNAGAR TO AMBIKAPUR SECTION,MoRTH,N24001218,11/2015,6/2017,N.A.,7/2024,335.32,397.32,335.32,345.52,100
CHHATTISGARH,ROAD TRANSPORT AND,337,REHABILITATION AND UPGRADATION OF NH 200 FROM KM 178.944 TO 241.553 BANARI VILLAGE TO MASANIA KALA V,MoRTH,N24001219,1/2016,9/2016,N.A.,7/2024,476.2,610.18,543.73,501.42,100
CHHATTISGARH,ROAD TRANSPORT AND,338,REHABILITATION AND UPGRADATION OF NH 78 FROM KM 373.505 TO 469.300 AMBIKAPUR TO PATHALGAON SECTION,MoRTH,N24001221,1/2016,10/2016,N.A.,8/2024,624.98,731.5,731.5,604.79,99
CHHATTISGARH,ROAD TRANSPORT AND,339,REHABILITATION AND UPGRADATION OF NH 78 FROM KM 469.000 TO 531.000 PATTHALGAON TO KUNKURI,MoRTH,N24001222,3/2016,7/2016,N.A.,12/2024,452.94,N.A.,435.61,286.9,61
CHHATTISGARH,ROAD TRANSPORT AND,340,CONSTRUCTION OF 4 NOS GRADE SEPARATOR BETWEEN KM. 281.000 TO KM 307.600 KM. 286.400 KUMHARI KM. 299.,MoRTH,N24001227,3/2018,1/2019,N.A.,8/2024,349.03,N.A.,349.03,316.52,97.55
CHHATTISGARH,ROAD TRANSPORT AND,341,UPGRADATION AND WIDENING OF BILASPUR TO MUNGELI SECTION NH-130A,MoRTH,N24001228,11/2017,5/2019,N.A.,9/2024,188.8,N.A.,188.8,136.81,97
CHHATTISGARH,ROAD TRANSPORT AND,342,DEVELOPMENT OF SIX LANE SARGI-BASANWAHI OF NH 130 CD FROM KM.42+800 TO 99+500 UNDER RAIPUR VISAKHAPA,NHAI,N24001588,12/2021,1/2025,N.A.,9/2025,1470.73,N.A.,1470.73,504.46,50.42
CHHATTISGARH,ROAD TRANSPORT AND,343,DEVELOPMENT OF SIX LANE JHANKI SARGI OF NH 130 CD FROM KM.0+000 TO 42+800 UNDER RAIPUR VISAKHAPATTNA,NHAI,N24001593,11/2021,9/2024,N.A.,6/2025,1368.19,N.A.,1368.19,782.5,70.35
CHHATTISGARH,ROAD TRANSPORT AND,344,4 LANE OF BILASPUR TO URGA PROJECT (KM 0.00 TO KM 70.2) OF NH-130A,NHAI,N24001611,4/2020,3/2024,N.A.,9/2025,1855.59,2523.86,2523.86,388.19,66.01
CHHATTISGARH,ROAD TRANSPORT AND,345,UP GRADATION OF NH 930 SHERPAR TO KOHKA FROM KM 67.880 TO KM 114.860 TO TWO LANE WITH PAVED SHOULDER,MoRTH,N24001917,3/2020,5/2024,N.A.,11/2024,278.97,N.A.,278.97,148.59,70
CHHATTISGARH,ROAD TRANSPORT AND,346,UPGRADATION OF NH 930 JHALMALA TO SHERPER FROM NH KM 30.600 TO KM 67.800 TO TWOFOUR LANE WITH PAVED,MoRTH,N24001918,12/2020,8/2023,Jul-24,7/2024,222.86,N.A.,222.86,168.98,100
CHHATTISGARH,ROAD TRANSPORT AND,347,UP GRADATION OF NH 130C ABHANPUR TO PAUND FROM NK KM 0.000 TO KM. 40.380 TO TWO LANE WITH PAVED SHOU,MoRTH,N24001919,12/2020,9/2023,Nov-24,11/2024,193.16,N.A.,193.16,73.42,60.22
CHHATTISGARH,ROAD TRANSPORT AND,348,UPGRADATION OF NH 130A MUNGELI TO PONDI FROM NH KM. 51.600 TO KM. 77.870 KM. 80.970 TO 96.970 TO 2,MoRTH,N24001920,3/2021,9/2024,N.A.,9/2024,218.57,N.A.,218.57,91.45,65.27
CHHATTISGARH,ROAD TRANSPORT AND,349,DEVELOPMENT OF SIX LANE BASANWAHI-MARANGPURI OF NH 130 CD FROM KM.99+500 TO 124+661 UNDER RAIPUR VIS,NHAI,N24002017,3/2022,10/2025,N.A.,9/2026,1307.16,N.A.,1307.16,81.25,8.05
CHHATTISGARH,ROAD TRANSPORT AND,350,CONSTRUCTION OF 6 LANE DURG RAIPUR ARANG BYPASS PKG 1 SECTION OF NH 53 FROM CH 0.000 TO CH 44.50,NHAI,N24002045,6/2022,7/2025,N.A.,7/2025,1828,N.A.,1828,318.96,8.7
CHHATTISGARH,ROAD TRANSPORT AND,351,CONSTRUCTION OF 6 LANE DURG RAIPUR ARANG BYPASS PKG 2 SECTION OF NH 53 FROM CH 44+500 TO CH.92+230 I,NHAI,N24002046,6/2022,5/2025,N.A.,5/2025,1958.94,1959,1958.94,585.16,22.1
CHHATTISGARH,STEEL,352,NMDC SLURRY PIPE LINE PROJECT - PHASE-1,NMDC,N12000124,11/2015,6/2023,Jul-24,3/2026,2907,N.A.,2907,2045.06,62.06
CHHATTISGARH,STEEL,353,SCREENING PLANT-III AT KIRANDUL,NMDC,N12000127,3/2021,8/2024,N.A.,1/2026,2092.97,2718.84,2718.84,1181.15,61.58
CHHATTISGARH,STEEL,354,CONSTRUCTION OF RESIDENTIAL TOWERS AT BIOM KIRANDUL COMPLEX,NMDC,N12000130,7/2021,11/2024,N.A.,1/2026,282.44,N.A.,282.44,99.84,37
CHHATTISGARH,STEEL,355,"REPLACEMENT OF CONVERTER VESSELS, TRUNNION RINGS, SUPPORT SYSTEM AND INSTALLATION OF SECONDARY EMISS",SAIL,N12000131,10/2023,6/2026,N.A.,6/2026,471.83,N.A.,471.83,35.04,1
CHHATTISGARH,STEEL,356,REBUILDING OF COKE OVEN BATTERY NO.7 AND 8 OF BHILAI STEEL PLANT,SAIL,N12000134,11/2023,10/2025,N.A.,10/2025,884.1,N.A.,884.1,214.01,36.04
CHHATTISGARH,URBAN DEVELOPMENT,357,CONSTRUCTION729 QUARTERS (TYPE II-180 TYPE III-364 TYPE IV- 112 TYPE V-68 TYPE-VI-5 SHOPS COMMUNI,CPWD,N28000149,5/2019,9/2020,Oct-24,10/2024,299.97,299.97,299.97,240,79
DELHI,CIVIL AVIATION,358,"CONSTRUCTION OF COMBINED OPERATIONAL OFFICES FOR DGCA, BCAS, AAIB, AERA AND AAI AT SAFDARJUNG AIRPOR",AAI,N04000076,11/2016,4/2020,Apr-24,4/2024,303.8,374.98,374.98,327.61,100
DELHI,DPIIT,359,INDIA INTERNATIONAL CONVENTION AND EXPO CENTRE,IICC FOR DPIIT,N40000002,11/2017,12/2019,N.A.,6/2024,4773,N.A.,5401,4709.75,95.4
DELHI,FINANCE,360,"C/O RESIDENTIAL COMPLEX BUILDING FOR CENTRAL BOARD OF INDIRECT TAXES AND CUSTOMS AT SECTOR-9, DWARKA",NPCC,N07000001,7/2018,4/2022,N.A.,4/2022,228.5,N.A.,220.27,176.28,85
DELHI,HOME AFFAIRS,361,ESTABLISHMENT OF CENTRAL ARMED POLICE FORCE INSTITUTE OF MEDICAL SCIENCES(CAPFIMS) AT NEW DELHI,CPWD FOR MHA,N28000071,10/2013,10/2019,N.A.,8/2024,1219.21,2091.53,2091.53,1868.99,99
DELHI,HOME AFFAIRS,362,CONSTRUCTION OF HEADQUARTER BUILDING OF CRPF AT LODHI ROAD NEW DELHI,CPWD FOR MHA,N45000002,6/2019,7/2022,N.A.,5/2025,277.35,N.A.,277.35,88.12,52
DELHI,RAILWAYS,363,ANAND VIHAR-TILAK BRIDGE 3RD AND 4TH LINE,NR,N22000281,4/2012,,N.A.,9/2023,295.68,N.A.,419,133.78,30
DELHI,ROAD TRANSPORT AND,364,SIX LANE ACCESS CONTROLLED OF DELHI SAHARANPUR HIGHWAY FROM AKSHARDHAM NH 9 JUNCTION TO DELHI UP BOR,NHAI,N24001771,6/2020,12/2024,N.A.,12/2024,1479.22,N.A.,1479.22,1491.26,97
DELHI,ROAD TRANSPORT AND,365,6L ACCESS CONTROLLED HIGHWAY FROM DND MAHARANI BAGH JN. WITH JAITPUR PUSHTA ROAD OF NH 148NA FROM,NHAI,N24001773,5/2020,7/2024,N.A.,12/2024,1467.44,N.A.,1942.89,912.61,77.98
DELHI,ROAD TRANSPORT AND,366,DEVELOPMENT OF 6L UER-II (PACKAGE-I) (NH-1 NEAR BAKOLI TILL KARALA KANJHAWALA ROAD) FROM KM. (-)0.70,NHAI,N24001777,7/2020,10/2023,N.A.,9/2024,2171.8,N.A.,2171.8,958.13,98.9
DELHI,ROAD TRANSPORT AND,367,DEVELOPMENT OF 4L UER II [PACKAGE - V] (SPUR TO BAHADURGARH BYPASS) (NH- 10) FROM KM. 0.00 TO KM.7.30,NHAI,N24001778,7/2020,10/2023,N.A.,6/2024,801.46,N.A.,801.46,382.03,98.78
DELHI,ROAD TRANSPORT AND,368,DWARKA EXPRESSWAY FROM KM -0.600 TO KM 5.300 - PKG-I (SHIVMURTI CHOWK-RUB NEAR DWARKA SECTOR 21),NHAI,N24001779,3/2018,9/2022,N.A.,9/2024,2507,N.A.,3030.73,1155.7,83.81
DELHI,ROAD TRANSPORT AND,369,8L OF DWARKA EXPRESSWAY PKG-II (RUB NEAR DWARKA SECTOR 21-DL/HR BORDER) FROM 5.300 KM.TO 9.500 KM. O,NHAI,N24001781,1/2018,10/2021,N.A.,8/2024,2067.67,N.A.,2160,1496.49,93.7
DELHI,ROAD TRANSPORT AND,370,DEVELOPMENT OF 6L UER II [PACKAGE - II] (KARALA KANJHAWALA ROAD TILL NANGLOI - NAJAFGARH ROAD) FROM,NHAI,N24001825,7/2020,10/2023,N.A.,8/2024,1894.96,N.A.,1894.96,741.88,83.25
DELHI,TELECOMMUNICATIONS,371,SETTING UP PHYSICAL INFRASTRUCTURE FOR THE NATIONAL INSTITUTE OF COMMUNICATION FINANCE(NICF) AT GHIT,CPWD FOR TELECO,N28000115,10/2014,3/2018,N.A.,9/2024,248.2,N.A.,248.2,213.22,98
DELHI,URBAN DEVELOPMENT,372,DELHI MRTS PHASE-III,DMRC,N28000056,9/2011,3/2016,Aug-21,8/2021,38585,N.A.,40180.91,40482.45,99.99
DELHI,URBAN DEVELOPMENT,373,REDEVELOPMENT OF GPRA COLONY AT NAUROJI NAGAR,NBCC,N28000105,7/2016,,N.A.,8/2024,2694,N.A.,2694,2375.93,98
DELHI,URBAN DEVELOPMENT,374,REDEVELOPMENT OF GENERAL POOL RESIDENTIAL COLONY AT SRINIWASPURI NEW DELHI PHASE-I,CPWD,N28000128,10/2016,7/2021,N.A.,6/2024,1180,N.A.,1100.8,36.69,2
DELHI,URBAN DEVELOPMENT,375,REDEVELOPMENT OF GPRA AT KASTURBA NAGAR PHASE I,CPWD,N28000129,10/2016,3/2022,N.A.,6/2024,1128,N.A.,1128,499.28,39
DELHI,URBAN DEVELOPMENT,376,DELHI METRO PHASE IV THREE PRIORITY CORRIDORS,DMRC,N28000135,7/2019,3/2025,N.A.,3/2026,24948.65,N.A.,24948.65,12352.82,52.5
DELHI,URBAN DEVELOPMENT,377,DELHI METRO RAIL EXTENSION FROM NAJAFGARH TO DHANSA BUS STAND,DMRC,N28000136,5/2017,12/2020,Nov-22,11/2022,565,N.A.,565,521.45,100
DELHI,URBAN DEVELOPMENT,378,"CONSTRUCTION OF 184 MULTI STORIED FLATS FOR HON'BLE MPS AT BKS MARG, NEW DELHI",CPWD,N28000153,1/2022,11/2024,May-25,5/2025,646.52,N.A.,646.52,211.74,53
DELHI,URBAN DEVELOPMENT,379,REDEVELOPMENT OF GPRA AT NETAJI NAGAR NEW DELHI PACKAGE 2,NBCC,N28000156,10/2016,3/2024,N.A.,9/2024,1536.72,N.A.,1536.72,243.71,71
DELHI,WATER RESOURCES,380,CONSTRUCTION OF 564 MLD 124 MGD WASTE WATER TREATMENT PLANT WITH EFFLUENT STANDARDS OF BOD ? 10MG/L,DJB,N30000014,3/2017,12/2022,N.A.,9/2024,665.78,N.A.,665.78,782.51,96
DELHI,WATER RESOURCES,381,REHABILITATION AND UP- GRADATION OF PHASE I STP 182 MLD R2,DJB,N30000015,5/2016,12/2021,N.A.,9/2023,211.79,223.7,211.79,208.71,100
DELHI,WATER RESOURCES,382,REHABILITATION AND UPGRADATION OF KONDLI PHASE I STP 45 MLD PHASE II STP 114 MLD AND PHASE III S,DJB,N30000016,5/2016,2/2022,Sep-23,9/2023,239.11,314.71,239.11,268.13,100
DELHI,WATER RESOURCES,383,CONSTRUCTION OF 318 MLD WWTP WITH 10 YEARS O AND M AT CORONATION PILLAR DELHI,DJB,N30000017,12/2018,1/2021,N.A.,N.A.,515.07,N.A.,515.07,388.08,100
DELHI,WATER RESOURCES,384,7 NOS PRIORITIZED STPS 1 NO. SPS AND PERIPHERAL SEWERS IN COMMAND AREA OF NAJAFHARH DRAIN DHANSA TO,DJB,N30000018,5/2017,5/2020,N.A.,5/2020,344.81,N.A.,344.81,0,0
GOA,CIVIL AVIATION,385,EXTENSION OF EXISTING INTEGRATED TERMINAL BUILDING AND ALLIED WORKS AT GOA AIRPORT.,AAI,N04000095,11/2017,9/2021,N.A.,3/2025,255.69,N.A.,255.69,62.74,49
GOA,DEPARTMENT OF HIGHER EDUCATION,386,"CONSTRUCTION OF PERMANENT CAMPUS FOR NATIONAL INSTITUTE OF TECHNOLOGY GOA AT CUNCOLIM, GOA.",CPWD EDUCATION,N42000002,5/2019,8/2021,Jun-24,12/2024,303.9,390.4,390.4,360,99
GOA,PETROLEUM,387,"UPGRADING IPSHEM TO WORLD CLASS FACILITY OF ONGC, GOA",ONGC,N16000502,3/2023,6/2024,N.A.,11/2024,325.53,N.A.,325.53,259.3,98.3
GOA,ROAD TRANSPORT AND HIGHWAYS,388,CONSTRUCTION OF BRIDGE INCLUDING APPROACHES ACROSS RIVER ZUARI ON NH-17 (NH-66) ON PANJIM-MANGALORE,MoRTH,N24000444,10/2015,,Sep-23,9/2023,936.4,N.A.,936.4,770.9,100
GOA,ROAD TRANSPORT AND HIGHWAYS,389,WIDENING TO 4/6/8 LANES OF EXISTING NH-17 FROM KM 522/615 (NEAR GMC) TO KM 530/850 JOINING NEW ZUIAR,MoRTH,N24000516,12/2015,,N.A.,12/2023,819.95,N.A.,819.95,504.65,99
GOA,ROAD TRANSPORT AND HIGHWAYS,390,MOPA AIRPORT,MoRTH,N24001458,12/2021,4/2022,Sep-24,9/2024,1183.16,N.A.,1183.16,1106.3,97
GUJARAT,ATOMIC ENERGY,391,KAKRAPAR ATOMIC POWER PROJECT - 3 AND 4,NPCIL,N02000010,10/2009,12/2015,N.A.,3/2024,11459,22517,22517,21479,100
GUJARAT,CIVIL AVIATION,392,"C/O NEW GREENFIELD AIRPORT AT HISSAR, RAJKOT, GUJARAT",AAI,N04000088,1/2018,8/2022,May-24,9/2024,1405,N.A.,1405,1257.86,99.75
GUJARAT,CIVIL AVIATION,393,"EXTENSION OF TERMINAL BUILDING, PTT, APRON AND CAR PARK AT SURAT AIRPORT.",AAI,N04000093,8/2018,2/2021,N.A.,10/2024,353.25,N.A.,353.25,337.3,97
GUJARAT,CIVIL AVIATION,394,"DEVELOPMENT OF NEW GREENFIELD AIRPORT AT DHOLERA, AHMEDABAD (GUJARAT). PHASE-1.",AAI,N04000099,6/2022,12/2025,N.A.,12/2025,1305,1143.95,1143.95,204.95,24
GUJARAT,PETROLEUM,395,REDEVELOPMENT OF SANTHAL FIELD,ONGC,N16000279,2/2017,3/2026,N.A.,3/2026,1162.56,N.A.,1162.56,1093.53,89.4
GUJARAT,PETROLEUM,396,ACRYLICS OR OXO-ALCOHOL PROJECT AT GUJARAT REFINERY,IOCL,N16000382,11/2019,5/2023,Mar-24,12/2024,5251,5894,5894,4131.93,97.8
GUJARAT,PETROLEUM,397,PETROCHEMICAL AND LUBE INTEGRATION PROJECT AT GUJARAT REFINERY,IOCL,N16000409,9/2020,8/2024,N.A.,12/2025,18936,N.A.,18936,8348.89,73.4
GUJARAT,PETROLEUM,398,AUGUMENTATION OF SALAYA MATHURA CRUDE OIL PIPELINE SYSTEM,IOCL,N16000411,10/2020,8/2023,Nov-24,11/2024,1614,N.A.,1614,987.25,89.46
GUJARAT,PETROLEUM,399,REDEVELOPMENT OF LINCH FIELD,ONGC,N16000428,4/2021,3/2025,N.A.,7/2025,631.03,860.04,860.04,244.49,48.2
GUJARAT,PETROLEUM,400,REDEVELOPMENT OF SOBHASAN COMPLEX,ONGC,N16000431,8/2021,2/2026,N.A.,2/2026,885.63,1286.67,1286.67,364.57,29.8
GUJARAT,PETROLEUM,401,COMMERCIAL POLYMER FLOODING PROJECT IN BECHRAJI FIELD,ONGC,N16000444,1/2022,11/2024,N.A.,11/2024,621.4,N.A.,621.4,95.46,19.8
GUJARAT,PETROLEUM,402,INSTALLATION OF NEW BITUMEN UNIT ALONG WITH ALLIED FACILITIES AT GUJARAT,IOCL,N16000454,1/2022,9/2024,N.A.,8/2025,328,N.A.,328,21.84,15
GUJARAT,PETROLEUM,403,"RESTORATION OF GAS TERMINAL, PHASE-I (PART-A), HAZIRA PLANT",ONGC,N16000477,5/2022,2/2025,N.A.,2/2025,249.43,N.A.,249.43,81.35,73.8
GUJARAT,PETROLEUM,404,KALOL REDEVELOPMENT PROJECT,ONGC,N16000481,8/2022,3/2027,N.A.,3/2027,1487.41,N.A.,1487.41,686.75,47
GUJARAT,PETROLEUM,405,CONSTRUCTION OF TWO PRODUCED WATER TREATMENT PLANTS (PWTP) AT BECHARAJI AND SOBHASAN INSTALLATION OF,ONGC,N16000482,7/2021,7/2024,N.A.,9/2024,320.2,N.A.,187.61,127.3,86.8
GUJARAT,PETROLEUM,406,OLD PIPE LINE REPLACEMENT (OPRP) GROUP-A,ONGC,N16000483,7/2021,7/2025,N.A.,7/2025,173.03,N.A.,169.84,112.65,72.4
GUJARAT,PETROLEUM,407,"REVAMPING OF SV STATIONS, GAS TERMINAL AND KRIBHCO TERMINAL",ONGC,N16000514,11/2022,8/2026,N.A.,8/2026,837.34,N.A.,837.34,21.84,14.8
GUJARAT,POWER,408,GUJARAT 200 MW (GUVNL TENDER),NTPC,N18000295,1/2021,7/2022,N.A.,7/2022,842.27,N.A.,842.27,494.8,0
GUJARAT,POWER,409,"150 MW SOLAR PV PROJECT IN GUJARAT (LIMBDI, MESANKA AND RADHANPUR)",NTPC,N18000296,5/2021,9/2022,N.A.,9/2022,674.92,N.A.,674.92,457.9,0
GUJARAT,POWER,410,Bagodara Solar Power Project,SJVN,N18000297,5/2021,10/2022,N.A.,9/2024,339.35,N.A.,339.35,330.05,72
GUJARAT,POWER,411,DAYAPAR WIND ENERGY PROJECT 150MW,NTPC,N18000319,11/2021,5/2023,N.A.,6/2024,937.8,N.A.,937.8,690.34,0
GUJARAT,POWER,412,DAYAPAR WIND ENERGY PROJECT 200MW,NTPC,N18000345,7/2022,3/2025,N.A.,3/2025,1316.02,N.A.,1316.02,207.34,0
GUJARAT,POWER,413,KHAWDA 1255MW SOLAR PROJECT (KHAWDA SOLAR PARK),NTPC,N18000346,9/2022,9/2024,N.A.,9/2024,7179.54,N.A.,7179.54,916.13,0
GUJARAT,POWER,414,BHUJ SOLAR 300MW (TRANCHE- IV WIND SOLAR HYBRID),NTPC,N18000349,11/2022,3/2024,N.A.,6/2024,1442.6,N.A.,1442.6,80.6,0
GUJARAT,POWER,415,ESTABLISHMENT OF KHAVDA POOLING STATION 3 (KPS3) IN KHAVDA RE PARK,PGCIL,N18000357,3/2023,12/2024,N.A.,2/2025,922.3,N.A.,922.3,177.17,20
GUJARAT,POWER,416,TRANSMISSION NETWORK EXPANSION IN GUJARAT ASSOCIATED WITH INTEGRATION OF RE PROJECTS FROM KHAVDA POT,PGCIL,N18000358,3/2023,3/2025,N.A.,3/2025,815.12,N.A.,815.12,7.79,22
GUJARAT,POWER,417,"KHAVDA-2, GUJARAT- ESTABLISHMENT OF KHAVDA POOLING STATION-2 (KPS2) IN KHAVDA RE PARK",PGCIL,N18000359,3/2023,12/2024,N.A.,2/2025,966.79,N.A.,966.79,88.02,21
GUJARAT,POWER,418,"KHAVDA PHASE-II-PART B, GUJARAT- TRANSMISSION SCHEME FOR EVACUATION OF 4.5 GW RE INJECTION AT KHAVDA",PGCIL,N18000360,3/2023,3/2025,N.A.,3/2025,1167.55,N.A.,1167.55,376.14,20
GUJARAT,POWER,419,"KHAVDA PHASE-II-PART C, GUJARAT- TRANSMISSION SCHEME FOR EVACUATION OF 4.5 GW RE INJECTION AT KHAVDA",PGCIL,N18000361,3/2023,3/2025,N.A.,3/2025,2820.99,N.A.,2820.99,152.1,18
GUJARAT,POWER,420,KHAVDA 1200MW (4X300MW) IN KHAVDA RE PARK,NTPC,N18000365,6/2023,12/2024,N.A.,12/2024,6283.81,N.A.,6283.81,383.77,0
GUJARAT,POWER,421,DAYAPAR WIND- III (HYBRID TRANCHE-V),NTPC,N18000366,5/2023,1/2025,N.A.,5/2025,1095.01,N.A.,1095.01,119.46,0
GUJARAT,POWER,422,TS FOR EVACUATION OF POWER FROM POTENTIAL RE ZONE IN KHAVDA AREA OF GUJARAT UNDER PH-IV PART E3,PGCIL,N18000383,7/2023,7/2025,N.A.,7/2025,334,N.A.,334,0,0
GUJARAT,POWER,423,TS FOR EVACUATION OF ADDITIONAL 7GW RE POWER FROM KHAVDA RE PARK UNDER PHASE-III PART B [VATAMAN TRA,PGCIL,N18000384,12/2023,12/2025,N.A.,12/2025,3752,N.A.,3752,86.92,0
GUJARAT,RAILWAYS,424,BHUJ-NALIYA(GC) WITH EXTENSION FROM NALIYA TO VAYOR (WR),WR,N22000123,4/2008,3/2012,Sep-26,9/2026,318.24,1531.55,1531.55,920.62,80
GUJARAT,RAILWAYS,425,MIYAGAM-KARJAN-DABHOI- SAMLAYA (GC),WR,N22000142,4/2011,,Oct-25,10/2025,844.1,844.1,844.1,526.73,41
GUJARAT,RAILWAYS,426,ANAND GODHRA DOUBLING PROJECT 79 KMS,WR,N22000504,4/2017,3/2020,Dec-24,12/2024,692.25,692.26,692.26,472.21,87
GUJARAT,RAILWAYS,427,MEHSANA PALANPUR DOUBLING PROJECT 65.10 KMS,WR,N22000505,4/2018,3/2024,N.A.,12/2024,537.31,537.31,537.31,564.48,96
GUJARAT,RAILWAYS,428,4TH LINE BETWEEN BAREJADI NANDEJ (GERATPUR)- SANAND (38.20 KM) (AHMEDABAD BYPASS).,WR,N22000532,2/2023,3/2027,Feb-27,2/2027,961.67,961.67,961.67,6.81,2
GUJARAT,RAILWAYS,429,QUADRUPLING BETWEEN GANDHIDHAM - ADIPUR WITH Y CONNECTION AT ADIPUR FOR PROVIDING DIRECT ENTRY TOWAR,WR,N22000533,2/2023,12/2025,Oct-25,10/2025,152.44,152.44,152.44,5.83,2
GUJARAT,RAILWAYS,430,MEHSANA-PALANPUR (65.1 KM),WR,N22000534,9/2020,9/2026,Aug-24,8/2024,529.3,N.A.,537.31,173.56,90
GUJARAT,RAILWAYS,431,RAJKOT-KANALUS (111.20 KM),WR,N22000535,10/2021,10/2026,Jun-25,6/2025,1011.72,1080.57,1080.57,526.52,50
GUJARAT,RAILWAYS,432,HIMMATNAGAR-KHEDBRAHMA (54.83 KM),WR,N22000537,6/2022,2/2030,Feb-25,2/2025,354.99,482.42,482.42,203.74,40
GUJARAT,RAILWAYS,433,PETLAD-BHADRAN (22.5 KM),WR,N22000538,5/2022,5/2030,N.A.,12/2025,202.5,307.12,307.12,37.39,4
GUJARAT,RAILWAYS,434,NADIAD-PETLAD (37.26 KM),WR,N22000539,5/2022,6/2030,N.A.,12/2025,335.34,461.91,461.91,43.64,5
GUJARAT,RAILWAYS,435,SAMLAYA-TIMBA ROAD (53.53 KM),WR,N22000540,2/2023,3/2030,N.A.,10/2025,401.48,670.17,670.17,68.98,7
GUJARAT,RAILWAYS,436,SAMNI-JAMBUSAR (24.08 KM),WR,N22000541,5/2022,3/2030,Apr-25,4/2025,216.72,349.93,349.93,57.31,9
GUJARAT,RAILWAYS,437,VIJAPUR-AMBLIYASAN (41.53 KM),WR,N22000547,5/2022,3/2030,Feb-25,2/2025,309.81,415.38,415.38,198.38,60
GUJARAT,RAILWAYS,438,ADRAJ MOTI-VIAJAPUR (39.75 KM),WR,N22000548,5/2022,5/2030,N.A.,5/2030,296.54,N.A.,296.54,0,0
GUJARAT,RAILWAYS,439,KALOL-KADI-KATOSAN ROAD (37.23 KM),WR,N22000549,6/2022,6/2027,Aug-24,8/2024,279.23,346.94,346.94,147.86,87
GUJARAT,RAILWAYS,440,NEW BG LINE BETWEEN NALIYA- JAKHAU PORT,WR,N22000550,2/2023,1/2028,Sep-26,9/2026,410.46,410.46,410.46,10.18,0
GUJARAT,RAILWAYS,441,NEW BG LINE INTERSECTION (5 NOS) BETWEEN GERATPUR- SANAND & BOTAD-AHMEDABAD (16.51 KM) (PB#29/NR/202,WR,N22000551,10/2022,10/2027,N.A.,10/2027,437.21,N.A.,437.21,0,0
GUJARAT,RAILWAYS,442,TARANGA HILL ABU ROAD VIA AMBAJI NEW LINE,NWR,N22000592,7/2022,7/2030,N.A.,12/2026,1695.82,N.A.,2798.16,624.92,8
GUJARAT,RAILWAYS,443,JUNAGARH -VISAVADAR (42.28) KM,RVNL,N22000600,6/2022,12/2026,N.A.,12/2026,492.83,N.A.,492.83,0,0
GUJARAT,RAILWAYS,444,MODASA- SHAMLAJI NEW LINE ( MM OF AHMEDABAD- HIMMATNAGAR-UDAIPUR (299.2 KM)),WR,N22000622,9/2012,3/2027,Mar-25,3/2025,261.68,261.68,261.68,180.87,30
GUJARAT,RAILWAYS,445,NATHDWARA-NEW NATHDWARA NEW LINE ( MM OF AJMER- CHITTAURGARH-UDAIPUR),WR,N22000623,6/2013,6/2025,N.A.,6/2025,166.33,N.A.,166.33,50.58,18
GUJARAT,ROAD TRANSPORT AND,446,FOUR LANING OF BHAVNAGAR- TALAJA SECTION OF NH-8E FROM KM. 7.090 TO KM. 53.585 (DESIGN CH FROM KM. 6.,NHAI,N24000567,5/2016,8/2019,N.A.,2/2024,998.18,N.A.,998.18,802.04,100
GUJARAT,ROAD TRANSPORT AND,447,FOUR LANING OF KAGAVADAR - UNA SECTION OF NH-8E FROM KM 139.915 TO KM 180.478 (PACKAGE-IV) IN THE ST,NHAI,N24000569,5/2016,9/2019,May-24,10/2024,723.64,N.A.,723.64,559.44,95.98
GUJARAT,ROAD TRANSPORT AND,448,FOUR LANING OF UNA TO KODINAR OF NH-8E FROM KM. 180.478 TO KM 221.610 (PACKAGE-V) IN THE STATE OF GU,NHAI,N24000570,5/2016,8/2019,N.A.,7/2024,763.08,N.A.,763.08,505.35,94.05
GUJARAT,ROAD TRANSPORT AND,449,4-LANNING OF KODINAR TO VERAVAL SECTION OF NH-8E FROM KM 221.610 TO KM 263.000,NHAI,N24000592,7/2016,7/2020,N.A.,10/2024,829.97,N.A.,829.97,449.25,92.2
GUJARAT,ROAD TRANSPORT AND,450,SIX LANNING FROM KM. 401.200 TO 494.410 OF NH-8 ON HYBRID ANNUITY MODE UNDER NHDP- V(PKG VI)REG.,NHAI,N24000649,1/2017,12/2020,Jun-25,6/2025,1251.11,1527.75,1527.75,683.63,83.84
GUJARAT,ROAD TRANSPORT AND,451,CONSTRUCTION OF EIGHT LANE VADODARA KIM EXPRESSWAY FROM KM 254.430 TO KM 279.000 (KIM TO ANKLESHWAR,NHAI,N24000834,3/2018,10/2021,Sep-24,9/2024,1161.39,1404,1404,418.51,39.17
GUJARAT,ROAD TRANSPORT AND,452,CONSTRUCTION OF MISSING LINKS (SINGLE LANE) IN LAKHPAT GADULI HAJIPIR ODMA KHAVDA DHOLAVIRA MAUVANA,MoRTH,N24000925,10/2018,11/2020,Sep-24,9/2024,400.76,394.44,394.44,287.39,87
GUJARAT,ROAD TRANSPORT AND,453,CONSTRUCTION OF ROB WITH APPROACHES IN LIEU OF L C NO 165 OF AHMEDABAD PALANPUR BETWEEN RAILWAY STAT,MoRTH,N24001427,6/2020,4/2023,Sep-24,9/2024,166.21,N.A.,166.21,98.65,93
GUJARAT,ROAD TRANSPORT AND,454,CONSTRUCTION OF FOUR LANE EXPRESSWAY FROM START OF SARDAR PATEL RING ROAD TO SINDHREJ VILLAGE (CH. 0,NHAI,N24001443,5/2020,3/2024,Aug-24,9/2024,690.3,929.95,929.95,683.63,76.8
GUJARAT,ROAD TRANSPORT AND,455,CONSTRUCTION OF FOUR LANE EXPRESSWAY FROM START OF SINDHREJ VILLAGE (CH. 22.00 TO CH. 48.52) SECTION,NHAI,N24001444,5/2020,1/2024,Aug-24,10/2024,882,N.A.,882,737.57,70.6
GUJARAT,ROAD TRANSPORT AND,456,CONSTRUCTION OF FOUR LANE EXPRESSWAY FROM START OF VEJALLKA VILLAGE TO START OF DSIR ZONE OF AHMEDAB,NHAI,N24001445,5/2020,7/2023,Aug-24,8/2024,691.52,903.85,903.85,699.69,81.5
GUJARAT,ROAD TRANSPORT AND,457,CONSTRUCTION OF FOUR LANE EXPRESSWAY FROM START OF DSIR ZONE OF AHMEDABAD DISTRICT TO ADHELAI VILLAG,NHAI,N24001446,5/2020,12/2023,Aug-24,8/2024,894,1210.06,1210.06,833.4,76.96
GUJARAT,ROAD TRANSPORT AND,458,DELHI VADODARA GREENFIELD ALIGNMENT SECTION OF NH 148N PACKAGE 26,NHAI,N24001515,9/2020,2/2024,N.A.,1/2025,1542.02,N.A.,1542.02,700.09,45.61
GUJARAT,ROAD TRANSPORT AND,459,DELHI VADODARA GREENFIELD ALIGNMENT SECTION OF NH 148N PACKAGE 27,NHAI,N24001516,9/2020,2/2024,Aug-24,8/2024,1185.69,N.A.,1185.69,817.78,78.36
GUJARAT,ROAD TRANSPORT AND,460,DELHI VADODARA GREENFIELD ALIGNMENT SECTION OF NH 148N PACKAGE 30,NHAI,N24001518,11/2019,9/2023,N.A.,10/2024,1669.56,N.A.,1669.56,944.75,87.09
GUJARAT,ROAD TRANSPORT AND,461,DELHI VADODARA GREENFIELD ALIGNMENT SECTION OF NH 148N PACKAGE 28,NHAI,N24001519,9/2020,11/2023,N.A.,9/2024,1198.55,N.A.,1198.55,791.21,85.29
GUJARAT,ROAD TRANSPORT AND,462,DELHI VADODARA GREENFIELD ALIGNMENT SECTION OF NH 148N PACKAGE 31,NHAI,N24001520,11/2019,5/2024,N.A.,11/2024,1604.06,N.A.,1604.06,1219.1,95.73
GUJARAT,ROAD TRANSPORT AND,463,UP-GRADATION TO 4-LANE WITH PAVED SHOULDER OF BHIMASAR JUNCTION OF NH-41 TO ANJAR BHUJ UPTO AIRPORT,NHAI,N24001785,3/2022,6/2025,N.A.,6/2025,1373.06,1085,1373.06,435.81,58.59
GUJARAT,ROAD TRANSPORT AND,464,CONSTRUCTION OF EIGHT LANE ACCESS CONTROLLED EXPRESSWAY FROM KM 103.400 TO KM 128.000 OF VADODARA MU,NHAI,N24001786,3/2021,3/2024,N.A.,3/2025,1259,N.A.,1910,137.93,15.02
GUJARAT,ROAD TRANSPORT AND,465,CONSTRUCTION OF EIGHT LANE ACCESS CONTROLLED EXPRESSWAY FROM KM 217.500 TO KM 254.430 OF VADODARA MU,NHAI,N24001788,7/2020,12/2023,N.A.,6/2024,2271.86,N.A.,3916,518.25,74.55
GUJARAT,ROAD TRANSPORT AND,466,CONSTRUCTION OF EIGHT LANE EXPRESSWAY FROM KM 190.000 TO KM 217.500 GANDEVA TO ENA SECTION OF VADODA,NHAI,N24001789,7/2020,8/2023,N.A.,6/2024,1710.3,N.A.,1927,362.81,68.11
GUJARAT,ROAD TRANSPORT AND,467,SANCHORE - SANTALPUR FROM KM 67.000- KM 99.000 OF NH- 754K (AJ-RGBS-PACKAGE-3),NHAI,N24001790,2/2020,8/2023,Dec-24,8/2024,752.3,N.A.,766.2,451.11,98.14
GUJARAT,ROAD TRANSPORT AND,468,SANCHORE - SANTALPUR FROM KM 4.888 - KM 35.000 OF NH-754K (AJ-RGBS-PACKAGE-1),NHAI,N24001791,2/2020,6/2023,Mar-24,5/2024,606.51,N.A.,657,453.89,98.99
GUJARAT,ROAD TRANSPORT AND,469,4L OF BAL WORKS OF TALAJA - MAHUVA FROM 54.990 KM. TO 100.450 KM. OF OLD NH-8E (PACKAGE-II),NHAI,N24001792,3/2021,9/2022,N.A.,8/2024,536.03,N.A.,536.03,444.87,97.41
GUJARAT,ROAD TRANSPORT AND,470,4L OF BAL WORKS OF MAHUVA TO KAGVADAR FROM 100.450 KM. TO 140.470 KM. OF NH-8E (PKG- III),NHAI,N24001793,3/2021,9/2022,N.A.,8/2024,485.75,N.A.,485.75,380.69,97.01
GUJARAT,ROAD TRANSPORT AND,471,SANCHORE - SANTALPUR FROM KM 99.000- KM 130.073 OF NH- 754K (AJ-RGBS-PACKAGE-4),NHAI,N24001794,2/2020,3/2023,Dec-24,8/2024,778.15,N.A.,785.67,539.42,99.24
GUJARAT,ROAD TRANSPORT AND,472,4L KODINAR - VERAVAL (PACKAGE VI) FROM KM. 222.400 TO KM. 230.00 (KODINAR BYPASS) OF NH-8E (NH 51 NE,NHAI,N24001827,3/2022,3/2023,N.A.,7/2024,162.73,N.A.,162.73,131.79,95.3
GUJARAT,ROAD TRANSPORT AND,473,UPGRADATION AND STRENGTHENING TO 2 LANE PS FROM KM 95/500 TO KM 129/775 OF NH 168 G IDAR BHILODA SA,MoRTH,N24002014,9/2022,12/2023,Dec-25,12/2025,237.28,N.A.,237.28,0.59,0
GUJARAT,ROAD TRANSPORT AND,474,UPGRADATION TO 4L PS DIVIDED CARRIAGEWAY FROM PATAN (NEAR RAJPUR) TO GOJARIYA FROM KM 52.000 TO KM 1,NHAI,N24002034,12/2021,3/2025,N.A.,3/2025,1181.34,1181,1181.34,307.69,45.22
GUJARAT,ROAD TRANSPORT AND,475,WIDENING TO 6L OF EXISTING 4L JETPUR - GONDAL - RAJKOT SECTION FROM KM. 117.600 TO KM. 185.00 ON NH-,NHAI,N24002035,9/2023,9/2025,N.A.,9/2025,2070.44,N.A.,2070.44,130.84,8.5
GUJARAT,ROAD TRANSPORT AND,476,UPGRADATION OF DHORAJI JAMKANDORNA KALAVAD SECTION OF NH 927D FROM DESIGN CHAINAGE KM 00 TO KM 58.11,MoRTH,N24002117,10/2022,2/2024,Feb-26,2/2026,246.6,291,291,29.33,15
GUJARAT,ROAD TRANSPORT AND,477,UPGRADATION TO TWO LANE WITH PAVED SHULDER CONFIGUARATION FROM KM 00 TO 47 OF NH 351 MAHUVA TO BADHA,MoRTH,N24002118,12/2022,2/2024,Aug-25,8/2025,173.06,N.A.,219,0.15,0
GUJARAT,URBAN DEVELOPMENT,478,AHMEDABAD METRO RAIL PROJECT PHASE 1,MEGA,N28000122,11/2014,12/2018,N.A.,8/2024,10773,N.A.,12924.55,12265.77,99.75
GUJARAT,URBAN DEVELOPMENT,479,AHMEDABAD METRO RAIL PROJECT PHASE II,MEGA,N28000137,3/2019,3/2024,N.A.,12/2024,5384.17,N.A.,5384.17,3247.55,69.86
GUJARAT,URBAN DEVELOPMENT,480,SURAT METRO RAIL PROJECT,MEGA,N28000138,3/2019,3/2024,N.A.,10/2025,12020.32,N.A.,12020.32,5116.18,49.9
HARYANA,HEALTH AND FAMILY WELFARE,481,"ALL INDIA INSTITUTE OF MEDICAL SCIENCES AT MANETHI, HARYANA.",HITES,N21000032,3/2019,3/2023,Mar-26,3/2026,1294.34,1294.34,1294.34,97.69,1.66
HARYANA,HOME AFFAIRS,482,"C/o separate family accommodation (Phase-I) on EPC basis for SSB at Faridabad (Haryana)""",CPWD FOR MHA,N28000147,1/2020,10/2023,Oct-24,10/2024,166.98,167,166.98,98.45,85
HARYANA,PETROLEUM,483,R and D CAMPUS II AT FARIDABAD,IOCL,N16000375,6/2019,12/2022,Jul-25,7/2025,2281.94,3219.94,3219.94,1524.66,59.7
HARYANA,PETROLEUM,484,CAPACITY EXPANSION OF PANIPAT REFINERY FROM 15 TO 25 MMTPA,IOCL,N16000412,2/2021,9/2024,Dec-25,12/2025,34627,38231,38231,12342.72,68.1
HARYANA,PETROLEUM,485,POLY BUTADIENE RUBBER PLANT AT PANIPAT,IOCL,N16000458,3/2022,3/2025,N.A.,12/2025,1459,2102.79,2102.79,297.12,34.6
HARYANA,RAILWAYS,486,DOUBLING BETWEEN BHIWANI- DOBH BAHALI,NWR,N22000604,2/2023,2/2028,N.A.,2/2026,471.06,N.A.,471.06,28.54,15
HARYANA,RAILWAYS,487,DOUBLING BETWEEN REWARI- KATHUWAS (27.73 KM),NWR,N22000606,2/2023,6/2027,N.A.,6/2025,352.41,N.A.,352.41,20.25,3
HARYANA,ROAD TRANSPORT AND,488,CONSTRUCTION OF 8 LANE DWARKA EXPRESSWAY (NH- 248BB PACKAGE IV FROM RAIL OVER BRIDGE (ROB) TILL END P,NHAI,N24000835,3/2018,12/2020,Dec-24,3/2024,1484.3,N.A.,2182.41,1237.02,100
HARYANA,ROAD TRANSPORT AND,489,"CONSTRUCTION OF 4-LANE NH- 344P-PACKAGE-4 (FROM KM 0+000 TO KM 29+600, 29.6KM), STARTING FROM BAWANA",NHAI,N24001532,11/2021,11/2023,Jan-24,8/2024,694,1918,1500,1682.82,99.2
HARYANA,ROAD TRANSPORT AND,490,CONSTRUCTION OF 4-LANE GREEN FIELD DELHI-AMRITSAR- KATRA EXPRESSWAY (NE-05) FROM JUSSUR KHERI ON KMP,NHAI,N24001533,11/2020,12/2023,N.A.,10/2024,1690.23,N.A.,2010.17,1206.08,92.5
HARYANA,ROAD TRANSPORT AND,491,CONSTRUCTION OF FOUR-LANE GREENFIELD DELHI-AMRITSAR- KATRA EXPRESSWAY FROM JUNCTION WITH ROHTAK-PANIP,NHAI,N24001534,12/2020,1/2024,Apr-24,8/2024,1334.04,N.A.,1334,923.3,90.85
HARYANA,ROAD TRANSPORT AND,492,4-LANING OF GOHANA-SONIPAT (PKG-2) SECTION FROM KM 40.601 TO KM 78.837 (LENGTH = 38.236KM) OF NH-352,NHAI,N24001535,7/2020,7/2022,May-24,10/2024,899,1882.46,1882.46,1123.98,90.95
HARYANA,ROAD TRANSPORT AND,493,FOUR LANING OF JIND GOHANA GREENFIELD ALIGNMENT PACKAGE 1 IN THE STATE OF HARYANA UNDER HYBRID ANNUI,NHAI,N24001536,7/2020,7/2022,N.A.,10/2024,817,1605,1605,1025.56,94.4
HARYANA,ROAD TRANSPORT AND,494,CONSTRUCTION OF FOUR LANE GREENFIELD PROJECT OF DELHI-AMRITSAR-KATRA EXPRESSWAY (PHASE-I PKG-III) F,NHAI,N24001633,12/2020,12/2023,Jun-24,6/2024,1430.88,N.A.,1430.88,1015.47,94.75
HARYANA,ROAD TRANSPORT AND,495,CONSTRUCTION OF FOUR LANE GREENFIELD PROJECT OF DELHI-AMRITSAR-KATRA EXPRESSWAY (PHASE-I PKG-IV) FRO,NHAI,N24001634,1/2021,12/2023,Oct-24,10/2024,1306.95,N.A.,1306.95,942.24,94.41
HARYANA,ROAD TRANSPORT AND,496,4 LANING OF JAGADHRI TAJEWALA ROAD SECTION OF NH 907 (OLD NH 73A) UNDER NH(O) (PKG 1) IN THE STATE O,NHAI,N24001635,3/2022,2/2025,N.A.,2/2025,1269.5,N.A.,1269.5,167,43
HARYANA,ROAD TRANSPORT AND,497,SIX LANNING OF MANDI DABWALI (PUNJAB/HARYANA BORDER)- CHAUTALA ROAD SECTION FROM PROPOSED MANDI DABW,NHAI,N24001672,1/2021,1/2024,Apr-24,4/2024,864.27,864,864.27,533.44,99.96
HARYANA,ROAD TRANSPORT AND,498,4- LANING OF ROHTAK-JIND SECTION FROM KM. 307+000 TO KM. 347+800 OF NH-71 AND CONNECTING LINK FROM K,NHAI,N24001673,3/2020,3/2023,Nov-24,11/2024,510.97,N.A.,510.97,529,86.7
HARYANA,ROAD TRANSPORT AND,499,CONSTRUCTION OF GURGAON - PATAUDI - REWARI SECTION OF NH-352W (DESIGN LENGTH 46.11 KM) AS FEEDER ROU,NHAI,N24001774,12/2020,11/2023,N.A.,6/2024,1524.03,N.A.,1524.03,1059.96,55.2
HARYANA,ROAD TRANSPORT AND,500,CONSTRUCTION OF PROPOSED REWARI BYPASS (DESIGN LENGTH 14.4 KM) NH-11 AS A FEEDER ROUTE IN THE STATE,NHAI,N24001775,2/2020,1/2023,Dec-24,12/2024,808.31,N.A.,958,804.26,99
HARYANA,ROAD TRANSPORT AND,501,DWARKA EXPRESSWAY PKG-III (DELHI/HR BORDER TO START OF ROB GURUGRAM),NHAI,N24001780,1/2018,11/2020,Dec-24,3/2024,2228,N.A.,2228,1411.27,100
HARYANA,ROAD TRANSPORT AND,502,CONSTRUCTION OF 8LANE EXPRESSWAY NE4 STARTING BEFORE KMP EXPRESSWAY AND ENDS AT CH. 47+000 NEAR KHAN,NHAI,N24001783,11/2018,9/2021,N.A.,8/2024,2252.75,N.A.,2252.75,1223.07,99.95
HARYANA,ROAD TRANSPORT AND,503,CONSTRUCTION OF EIGHT LANE EXPRESSWAY STARTING AT CH. 47+000 NEAR KHANPUR GHATI AND ENDS AT HARYANA,NHAI,N24001784,11/2018,9/2021,N.A.,8/2024,1935.61,N.A.,1935.61,856.41,99.9
HARYANA,ROAD TRANSPORT AND,504,UPGRADATION OF EXISTING 4 LANE ISMAILABAD-AMBALA SECTION (KM. 0+000 TO KM 42+500) (PART OF AMBALA-KO,NHAI,N24002037,1/2023,12/2025,N.A.,12/2025,609.32,609,609,38.09,15
HARYANA,ROAD TRANSPORT AND,505,CONSTRUCTION OF 6-LANE GREENFIELD KARNAL RING ROAD STARTING FROM NH-44 NEAR VILLAGE SHAMGARH (DESIGN,NHAI,N24002038,11/2022,8/2025,N.A.,8/2025,1691.45,1998,1998,590.5,22
HARYANA,ROAD TRANSPORT AND,506,CONSTRUCTION OF 6-LANE GREENFIELD AMBALA RING ROAD STARTING FROM JUNCTION WITH SHAMLI- AMBALA SECTION,NHAI,N24002039,2/2023,10/2025,N.A.,10/2025,1088.64,1178,1178,316.25,27.23
HARYANA,ROAD TRANSPORT AND,507,DEVELOPMENT OF SIX-LANE ACCESS CONTROLLED HIGHWAY FROM RANIPUR BARSI (SAHARANPUR DISTRICT) TO ADHOYA,NHAI,N24002040,4/2022,5/2025,N.A.,5/2028,1554.21,N.A.,1554.21,385.25,35
HARYANA,ROAD TRANSPORT AND,508,DEVELOPMENT OF SIX-LANE ACCESS CONTROLLED HIGHWAY FROM ADHOYA MUSALMANA (AMBALA DISTRICT) TO SADOPUR,NHAI,N24002041,4/2022,5/2025,N.A.,5/2025,1491.71,N.A.,1491.71,586.2,33
HARYANA,ROAD TRANSPORT AND,509,CONSTRUCTION OF 4-LANING OF BHIWANI HANSI ROAD SECTION OF NH 148B (DESIGN LENGTH 42.934 KM) UNDER BH,NHAI,N24002042,11/2022,12/2025,N.A.,12/2025,1322.13,N.A.,1322.13,38.5,33.54
HARYANA,ROAD TRANSPORT AND,510,CONSTRUCTION OF 4-LANE GREENFIELD JALBEHRA - SHAHBAD SECTION OF NH ? 152G FROM KM 0+000 TO KM 22+850,NHAI,N24002043,3/2022,6/2025,N.A.,6/2025,927.22,N.A.,927.22,352.51,49.67
HARYANA,ROAD TRANSPORT AND,511,4L AMBALA - KALAAMB FROM KM. -0.800 TO KM. 33.015 OF OLD NH-72,NHAI,N24002044,6/2023,6/2025,N.A.,6/2025,629.16,N.A.,629.16,106,66
HARYANA,ROAD TRANSPORT AND,512,6L ACCESS CONTROLLED HIGHWAY FROM JN WITH JAITPUR PUSHTA ROAD TO JN WITH SECTOR 62/65 DIVIDING ROAD,NHAI,N24002047,5/2020,8/2023,N.A.,9/2024,1328.07,2346,2346,1078.73,94.41
HARYANA,ROAD TRANSPORT AND,513,CONSTRUCTION OF GREENFIELD CONNECTIVITY TO JEWAR INTERNATIONAL AIRPORT FROM DND FARIDABAD BALLABHGAR,NHAI,N24002048,7/2022,6/2025,N.A.,6/2025,2414.67,2898,2898,951.92,20.8
HIMACHAL PRADESH,DEPARTMENT OF HIGHER EDUCATION,514,ESTABLISHMENT OF PERMANENT CAMPUS PHASE 1 OF IIM SIRMAUR,CPWD EDUCATION,N42000008,9/2018,6/2022,Dec-24,4/2024,392.51,N.A.,446.43,292.46,87
HIMACHAL PRADESH,DEPARTMENT OF HIGHER EDUCATION,515,CONSTRUCTION OF PERMANENT CAMPUSES OF CENTRAL UNIVERSITY OF HIMACHAL PRADESH AT DEHRA AND DHARAMSHAL,CPWD,N42000011,3/2021,8/2022,Nov-24,11/2024,512.37,512.37,512.37,90.51,48
HIMACHAL PRADESH,HEALTH AND FAMILY WELFARE,516,CONSTRUCTION OF 300 BEDDED HOSPITAL AND TEACHING BLOCK IN DR YS PARMAR GMC AT NAHAN HIMACHAL PRADESH,CPWD FOR HEALTH,N28000127,12/2018,6/2021,Aug-26,8/2026,260,371.78,371.78,46.24,7
HIMACHAL PRADESH,POWER,517,PARBATI HEP (4X200 MW) (NHPC) II,NHPC,180100210,9/2002,9/2009,N.A.,12/2024,3919.59,N.A.,12160,11705.29,97.73
HIMACHAL PRADESH,POWER,518,LUHRI HYDROELECTRIC PROJECT (STAGE1),SJVN,N18000279,11/2020,1/2026,N.A.,1/2026,1810.56,N.A.,1810.56,1493.14,50.99
HIMACHAL PRADESH,POWER,519,DHAULASIDH HYDROELECTRIC PROJECT (66 MW),SJVN,N18000291,10/2020,11/2025,N.A.,11/2025,687.97,N.A.,687.97,665.17,59.09
HIMACHAL PRADESH,POWER,520,SUNNI DAM HYDRO ELECTRIC PROJECT,SJVN,N18000344,1/2023,4/2028,N.A.,4/2028,2614.51,N.A.,2614.51,705.68,23.86
HIMACHAL PRADESH,RAILWAYS,521,BHANUPALI-BILASPUR BERI NL,RVNL,N22000273,4/2008,12/2026,N.A.,3/2025,2966.99,N.A.,6753.42,5190.99,0
HIMACHAL PRADESH,ROAD TRANSPORT AND,522,FOUR LANNING OF NERCHOWK- PANDOH BYPASS SECTION OF NH-21(PACKAGE-I KM 190.000 TO KM 221.305) UNDER NH,NHAI,N24000613,9/2016,7/2020,N.A.,8/2024,1273.71,N.A.,1478.61,1383,90.39
HIMACHAL PRADESH,ROAD TRANSPORT AND,523,"FOUR LANING OF SOLAN- KAITHLIGHAT SECTION OF NH- 22 (NOW NH-5) FROM KM 106.139 TO KM 129.050, ON EPC M",NHAI,N24000852,3/2018,5/2021,Dec-24,12/2024,478.74,N.A.,1514.46,1349.59,83
HIMACHAL PRADESH,ROAD TRANSPORT AND,524,REHABILITATION AND UPGRADATION TO 2-LANE/2- LANE WITH PAVED SHOULDERS/4-LANE CONFIGURATION OF PAONTA,MoRTH,N24001381,8/2020,4/2021,N.A.,6/2024,272.98,N.A.,272.98,132.82,97
HIMACHAL PRADESH,ROAD TRANSPORT AND,525,REHABILITATION AND UPGRADATION TO 2-LANE CONFIGURATION OF HEWNA- ASHYARI SECTION (KM 25.000 TO KM 50.,MoRTH,N24001382,8/2020,3/2021,N.A.,7/2024,242.8,N.A.,242.8,81.08,82
HIMACHAL PRADESH,ROAD TRANSPORT AND,526,REHABILITATION AND UPGRADATION TO INTERMEDIATE LANE CONFIGURATION OF SHRI KYARI- GUMMA SECTION (KM 75,MoRTH,N24001383,8/2020,4/2021,N.A.,4/2021,349.2,N.A.,349.2,239.34,100
HIMACHAL PRADESH,ROAD TRANSPORT AND,527,REHABILITATION AND UPGRADATION TO 2-LANE CONFIGURATION OF ASHYARI- SHRI KYARI SECTION (KM 50.000 TO K,MoRTH,N24001422,2/2021,9/2021,N.A.,7/2024,345.89,N.A.,345.89,147.63,80
HIMACHAL PRADESH,ROAD TRANSPORT AND,528,REHABILITATION AND UPGRADATION TO 2-LANE CONFIGURATION OF HAMIRPUR- KARNOHAL SECTION (KM 141.000 TO K,MoRTH,N24001447,8/2020,12/2024,N.A.,12/2024,371.93,N.A.,371.93,30.75,12.5
HIMACHAL PRADESH,ROAD TRANSPORT AND,529,REHABILITATION AND UPGRADATION TO 2-LANE CONFIGURATION OF KALWAHAN- MANDI SECTION (KM 208.950 TO KM 2,MoRTH,N24001470,8/2020,4/2025,N.A.,4/2025,314.32,N.A.,314.32,9.45,0
HIMACHAL PRADESH,ROAD TRANSPORT AND,530,REHABILITATION AND UPGRADING FROM 2 L TO 4 L FROM BHANGBAR(NEAR RANITAL) TO KANGRA BYPASS SECTION OF,NHAI,N24001808,3/2021,12/2024,Dec-24,12/2024,1322.95,1442.47,1442.47,761.69,75.87
HIMACHAL PRADESH,ROAD TRANSPORT AND,531,CONVERSION OF PARTIALLY EXCAVATED ESCAPE TUNNEL TO UNIDIRECTIONAL TWO LANE TUNNEL (INCLUDING CONSTRU,NHAI,N24001809,5/2022,3/2024,Dec-24,12/2024,469.95,N.A.,280,265.33,94.09
HIMACHAL PRADESH,ROAD TRANSPORT AND,532,4L SUNDER NAGAR BYPASS FROM KM173.900 TO KM 179.600 OF NH-21 IN THE STATE OF HP,NHAI,N24001810,2/2022,6/2024,N.A.,6/2024,190.6,N.A.,163,103.48,100
HIMACHAL PRADESH,ROAD TRANSPORT AND,533,4L OF MO - SIHUNI FROM KM. 42.00 TO KM. 51.00 OF OLD NH- 20 (NEW NH-154) (PACKAGE-IB),NHAI,N24001811,4/2021,6/2024,N.A.,9/2024,583.93,704.3,704.3,144.68,97.06
HIMACHAL PRADESH,ROAD TRANSPORT AND,534,4L OF HP/PUNJAB BO4L OF HP/PUNJAB BORDER - MO FROM KM. 11.00 TO KM. 42.00 OF OLD NH-20 (NEW NH-154),NHAI,N24001812,3/2021,5/2024,N.A.,12/2025,1002.11,1361.79,1361.79,188.74,40.9
HIMACHAL PRADESH,ROAD TRANSPORT AND,535,4L OF END OF PINJORE BYPASS - BADDI - NALAGARH SECTION (KM. 4.200 TO KM. 35.370) OF NH21A,NHAI,N24001813,7/2021,9/2024,N.A.,9/2024,1692.05,N.A.,1692.05,942.14,21.6
HIMACHAL PRADESH,ROAD TRANSPORT AND,536,IMPROVEMENT/CONSTRUCTION OF EXISTING CLASS-5 ROAD TO NH INTERMEDIATE LANE SPECIFICATION WITH HARD SH,BRO,N24001915,3/2021,6/2026,N.A.,6/2026,230.54,N.A.,230.54,0,19
HIMACHAL PRADESH,ROAD TRANSPORT AND,537,IMPROVEMENT/CONSTRUCTION OF EXISTING CLASS 5 ROAD TO NH INTERMEDIATE LANE SPECIFICATION WITH HARD SH,BRO,N24001916,3/2021,5/2026,N.A.,5/2026,314.67,N.A.,314.67,0,22
HIMACHAL PRADESH,ROAD TRANSPORT AND,538,PKG NAME: 4L OF KATHLIGHAT TO SHAKRAL VILLAGE FROM KM 128.835 TO KM 146.300 OF NH- 5 (SHIMLA BYPASS,NHAI,N24002049,3/2022,4/2026,N.A.,4/2026,1703.48,2278,2278,651.98,14.5
HIMACHAL PRADESH,ROAD TRANSPORT AND,539,REHABILITATION AND UPGRADATION TO 4L CONFIGURATION and STRENGTHENING OF SIHUNI TO RAJOL FROM KM 51.0,NHAI,N24002050,2/2022,9/2025,N.A.,9/2025,696.65,698.46,698.46,289.09,30.2
HIMACHAL PRADESH,ROAD TRANSPORT AND,540,CONSTRUCTION OF NEW 2 LANE WITH PAVED SHOULDER OF HAMIRPUR BYPASS (PACKAGE IVA) OF NH-88 (NEW NH-103,NHAI,N24002051,7/2022,10/2025,N.A.,10/2025,739.39,N.A.,739.39,268.67,41.33
HIMACHAL PRADESH,ROAD TRANSPORT AND,541,REHABILITATION AND UP- GRADATION OF EXISTING ROAD TO 2L PS FROM END OF HAMIRPUR BYPASS (NEAR CHILBAHA,NHAI,N24002052,2/2022,4/2025,N.A.,4/2025,1146.19,N.A.,1146.19,864.45,41.81
HIMACHAL PRADESH,URBAN DEVELOPMENT,542,CONSTRUCTION OF PERMANENT CAMPUS OF CENTRAL UNIVERSITY OF HIMACHAL PRADESH AT DEHRA AND JADRANGAL (D,CPWD,N28000154,4/2022,11/2024,N.A.,11/2024,512.34,N.A.,512.34,0,0
JAMMU AND KASHMIR,CIVIL AVIATION,543,JAMMU - CONSTRUCTION OF NEW CIVIL ENCLAVE,AAI,N04000107,7/2022,6/2026,N.A.,6/2026,861.37,N.A.,861.37,39.41,6
JAMMU AND KASHMIR,DEPARTMENT OF HIGHER EDUCATION,544,CONSTRUCTION OF PERMANENT CAMPUS OF IIM JAMMU (PHASE 1),CPWD EDUCATION,N28000130,3/2019,7/2022,Aug-24,8/2024,424.93,500.91,500.91,467.62,98
JAMMU AND KASHMIR,DEPARTMENT OF HIGHER EDUCATION,545,CONSTRUCTION OF PERMANENT CAMPUS IIT JAMMU (PHASE 1C),CPWD EDUCATION,N28000131,1/2018,4/2023,Jun-24,9/2024,676,1148.68,1144.68,64.75,94
JAMMU AND KASHMIR,HEALTH AND FAMILY WELFARE,546,"CONSTRUCTION OF AIIMS AT JAMMU VIJAYPUR, SAMBA JAMMU AND KASHMIR",CPWD FOR HEALTH,N21000029,3/2019,9/2023,Aug-24,8/2024,1404,1642,1642,1377.23,99.25
JAMMU AND KASHMIR,HEALTH AND FAMILY WELFARE,547,C/O AIIMS AT AWANTIPORA (KASHMIR) JAMMU AND KASHMIR,CPWD FOR HEALTH,N28000150,3/2019,9/2025,Jan-25,11/2025,1828,1577,1577,1045.92,53
JAMMU AND KASHMIR,PETROLEUM,548,SETTING UP A COMMON USER PETROLEUM TERMINAL AT JAMMU FOR RE-SITEMENT OF EXISTING DEPOTS OF PSU OMCS,BPCL,N16000500,4/2021,3/2025,N.A.,3/2025,676.89,N.A.,676.89,438.99,40
JAMMU AND KASHMIR,PETROLEUM,549,CGD PROJECT AT JAMMU DISTRICTS,IOCL,N16000527,3/2022,3/2032,N.A.,3/2032,538,N.A.,538,4.07,0.2
JAMMU AND KASHMIR,POWER,550,PAKAL DUL HYDRO ELECTRIC PROJECT (1000 MW),CVPPPL,N18000172,10/2014,4/2020,Jul-25,9/2026,8112.12,N.A.,8112.12,4635.41,54.97
JAMMU AND KASHMIR,POWER,551,KIRU HYDRO ELECTRIC PROJECT,CVPPPL,N18000278,3/2019,8/2024,N.A.,9/2026,4287.59,N.A.,4287.59,1682.19,38.67
JAMMU AND KASHMIR,POWER,552,RATLE HE PROJECT,NHPC,N18000324,2/2021,2/2026,N.A.,12/2026,5281.94,N.A.,5281.94,729.42,14.01
JAMMU AND KASHMIR,POWER,553,KWAR HE PROJECT,CVPPPL,N18000363,5/2022,11/2026,N.A.,12/2027,4526.12,N.A.,4526.12,694.47,11.71
JAMMU AND KASHMIR,RAILWAYS,554,"UDHAMPUR-SRINAGAR- BARAMULLA (NL),NR",NR,220100133,3/1995,11/2002,Nov-24,11/2024,2500,37012.26,41000,40093.21,99
JAMMU AND KASHMIR,ROAD TRANSPORT AND,555,FOUR LANING OF UDHAMBUR - RAMBAN SECTION OF NH-1A,NHAI,N24000488,12/2015,12/2018,Sep-24,9/2024,2136.97,2644,2644,2362.99,99.5
JAMMU AND KASHMIR,ROAD TRANSPORT AND,556,CONSTRUCTION OF STAND ALONE RING ROAD/ BYPASS AROUND JAMMU CITY IN THE STATE OF J AND K ON EPC MODE,NHAI,N24000717,12/2017,7/2021,Aug-24,8/2024,1471.75,1471.75,1903.98,1590.02,96.53
JAMMU AND KASHMIR,ROAD TRANSPORT AND,557,UP-GRADATION TO 4-LANE WITH PAVED SHOULDER OF JAMMU- AKHNOOR ROAD SECTION OF NH-144A FROM GANESH VIHA,NHIDCL,N24000868,3/2018,7/2021,Aug-23,10/2024,253.44,N.A.,253.44,177.63,77.52
JAMMU AND KASHMIR,ROAD TRANSPORT AND,558,"CONSTRUCTION, OPERATION AND MAINTENANCE OF Z-MORH TUNNEL INCLUDING APPROACHES ON NH-01 SRINAGAR-SONA",NHIDCL,N24001253,12/2019,12/2023,N.A.,7/2024,2680.42,N.A.,2680.42,0,95.05
JAMMU AND KASHMIR,ROAD TRANSPORT AND,559,CONSTRUCTION OF (I) CONNECTING ROAD FROM Z- MORH TUNNEL TO ZOJILA TUNNEL AND (II) 14.150 KM LONG BI-D,NHIDCL,N24001256,8/2020,9/2026,N.A.,9/2026,6808.69,N.A.,6808.69,3013.84,49.92
JAMMU AND KASHMIR,ROAD TRANSPORT AND,560,UP-GRADATION TO 2-LANE WITH PAVED SHOULDER FROM KM 12.850 TO KM20.300 OF 7.450KM LENGTH ON GOHA-KHEL,NHIDCL,N24001264,7/2020,4/2022,Mar-24,12/2024,228.39,N.A.,228.39,61.78,84.17
JAMMU AND KASHMIR,ROAD TRANSPORT AND,561,UP-GRADATION TO 2-LANE WITH PAVED SHOULDER FROM KM 20.300 TO KM 29.030 OF 8.730 KM LENGTH ON GOHA-K,NHIDCL,N24001266,7/2020,4/2022,Nov-23,11/2024,210.79,N.A.,210.79,60.55,85.75
JAMMU AND KASHMIR,ROAD TRANSPORT AND,562,KHELLANI-KHANABAL PKG-1,NHIDCL,N24001323,3/2021,9/2022,Aug-23,9/2024,486.45,N.A.,486.45,115.47,93.69
JAMMU AND KASHMIR,ROAD TRANSPORT AND,563,KHELLANI-KHANABAL PKG-3,NHIDCL,N24001341,3/2021,12/2022,Jul-24,10/2024,398.51,N.A.,398.51,75.26,90.05
JAMMU AND KASHMIR,ROAD TRANSPORT AND,564,DONIPAWA TO ASHAJIPORA BYPASS PKG-7,NHIDCL,N24001342,3/2021,12/2022,N.A.,7/2024,260.4,N.A.,260.4,191.88,93.8
JAMMU AND KASHMIR,ROAD TRANSPORT AND,565,KHELLANI-KHANABAL PKG-2,NHIDCL,N24001394,7/2021,2/2023,N.A.,12/2025,512.43,N.A.,512.43,62.19,47.77
JAMMU AND KASHMIR,ROAD TRANSPORT AND,566,KHELLANI-KHANABAL PKG-4,NHIDCL,N24001395,7/2021,8/2023,Jul-24,12/2025,859.67,N.A.,859.67,133.59,31.29
JAMMU AND KASHMIR,ROAD TRANSPORT AND,567,KHELLANI-KHANABAL PKG-5,NHIDCL,N24001396,7/2021,2/2023,Jul-24,6/2025,497.09,N.A.,497.09,126.44,65.08
JAMMU AND KASHMIR,ROAD TRANSPORT AND,568,GOHA-KHELLANI PKG-3,NHIDCL,N24001397,2/2021,3/2023,Mar-24,11/2024,431.28,N.A.,431.28,270.61,81.65
JAMMU AND KASHMIR,ROAD TRANSPORT AND,569,BALANCE WORKS OF FOUR LANING FROM RAMBAN KM 151.00 TO BANIHAL KM 187.00 OF NH-1A (NOW NH-44) WITH VA,NHAI,N24001472,9/2021,12/2023,Jul-24,7/2024,811.19,N.A.,811.19,753.13,38
JAMMU AND KASHMIR,ROAD TRANSPORT AND,570,CONSTRUCTION OF FOUR LANE RINGROAD BYPASS SRINAGAR CITY,NHAI,N24001511,3/2021,2/2024,Aug-24,6/2025,2919.96,N.A.,2919.96,2056.49,52.8
JAMMU AND KASHMIR,ROAD TRANSPORT AND,571,FOUR LANING OF JAMMU- AKHNOOR PKG-1,NHIDCL,N24001543,7/2022,1/2025,N.A.,1/2025,245.34,N.A.,245.34,42.75,28.6
JAMMU AND KASHMIR,ROAD TRANSPORT AND,572,DELHI-AMRITSAR-KATRA EXPRESSWAY (PHASE-II PKG- XVI) EXISTING JAKH (VIJAYPUR)- KUNJWANI SECTION OF NH-4,NHAI,N24001550,9/2021,9/2024,Sep-25,9/2025,1821.72,1917.32,1917.32,698.31,51.63
JAMMU AND KASHMIR,ROAD TRANSPORT AND,573,DELHI-AMRITSAR-KATRA EXPRESSWAY (PHASE-II PKG- XIV) FROM JUNCTION WITH PATHANKOT-GURDASPUR ROAD (NH-5,NHAI,N24001551,10/2021,9/2024,Jul-25,7/2025,3044.02,3044.02,3044.02,1220.91,42.12
JAMMU AND KASHMIR,ROAD TRANSPORT AND,574,DELHI-AMRITSAR-KATRA EXPRESSWAY (PHASE-II PKG- XV) [JUNCTION WITH HIRANAGAR ROAD NEAR VILLAGE GURHA B,NHAI,N24001552,10/2021,9/2024,Jul-25,7/2025,2714.95,2714.95,2714.95,1447.45,61.05
JAMMU AND KASHMIR,ROAD TRANSPORT AND,575,CORRIDOR EFFICIENCY IMPROVEMENT INCLUDING REMOVAL OF BLACK SPOTS IN LAKHANPUR - SAMBA SECTION OF NH-,NHAI,N24001619,8/2022,6/2024,Jun-25,6/2025,200.05,200.05,208.92,93.03,37.5
JAMMU AND KASHMIR,ROAD TRANSPORT AND,576,CONSTRUCTION OF TUNNELS/VIADUCTS AT IDENTIFIED SLIDING/SLIP ZONES AT KM 130.550 TO KM.130.750; KM.,NHAI,N24001620,9/2021,10/2023,Dec-24,12/2024,442.14,N.A.,442.14,228.08,19.88
JAMMU AND KASHMIR,ROAD TRANSPORT AND,577,"4L OF KM.165.092 TO KM.171.855 (NORTH BOUND) AND FROM KM.166.895 TO KM.173.638 (SOUTH BOUND), EXCL.",NHAI,N24001621,7/2021,8/2024,Aug-24,8/2024,614.48,N.A.,614.48,132.57,7
JAMMU AND KASHMIR,ROAD TRANSPORT AND,578,4L TWIN TUBE TUNNEL INCLUDING APPROACHES FROM DIGDOL TO KHUNI NALLAH (NORTH BOUND CONNECTING WITH EX,NHAI,N24001622,7/2021,6/2024,Jun-25,6/2025,1401.87,N.A.,1401.87,430.06,0
JAMMU AND KASHMIR,ROAD TRANSPORT AND,579,BANIHAL BYPASS (DELINKED FROM SRINAGAR - BANIHAL) FROM KM. 187.00 TO KM. 189.350,NHAI,N24001623,1/2020,1/2024,Dec-24,12/2024,336.01,N.A.,336.01,163.15,34
JAMMU AND KASHMIR,ROAD TRANSPORT AND,580,CONSTRUCTION OF EMERGENCY LANDING FACILITY FROM KM. 246.60 TO KM. 249.70 ON SRINAGAR - BANIHAL SECTI,NHAI,N24001624,7/2019,10/2020,Apr-23,9/2024,157.05,N.A.,157.05,133.22,100
JAMMU AND KASHMIR,ROAD TRANSPORT AND,581,4L OF TWIN TUBE TUNNEL CONFIGURATION INCLUDING APPROACHES FROM MAROG TO DIGDOL (FROM KM.154.210 TO K,NHAI,N24001627,7/2021,2/2025,Feb-25,2/2025,1912.17,N.A.,1912.17,37.21,0
JAMMU AND KASHMIR,ROAD TRANSPORT AND,582,JAMMU - AKHNOOR SECTION OF NH 144A PKG-3B,NHIDCL,N24001833,7/2022,3/2025,N.A.,3/2025,198.28,N.A.,198.28,51.76,44.54
JAMMU AND KASHMIR,ROAD TRANSPORT AND,583,REHABILITATION AND UPGRADATION TO 2 LANE WITH PAVED SHOULDER FROM EXISTING CHAINAGE KM 102 TO KM 13,BRO,N24001897,3/2021,7/2024,N.A.,7/2024,642.24,N.A.,642.24,423.6,82.27
JAMMU AND KASHMIR,ROAD TRANSPORT AND,584,REHABILITATION AND UPGRADATION TO 2 LANE WITH PAVED SHOULDER FROM EXISTING CHAINAGE KM 30.000 TO K,BRO,N24001898,7/2020,11/2024,N.A.,11/2024,272.49,N.A.,272.49,163.15,76.97
JAMMU AND KASHMIR,ROAD TRANSPORT AND,585,REHABILITATION AND UPGRADATION TO 2 LANE WITH PAVED SHOULDER FROM EXISTING CHAINAGE KM 134.95 TO KM,BRO,N24001899,2/2021,7/2024,N.A.,7/2024,395.25,N.A.,395.25,179.6,50.47
JAMMU AND KASHMIR,ROAD TRANSPORT AND,586,REHABILITATION AND UPGRADATION TO 2 LANE WITH PAVED SHOULDER FROM EXISTING CHAINAGE KM 49.150 TO KM,BRO,N24001900,3/2020,8/2024,N.A.,8/2024,796.97,N.A.,796.97,432.4,73.01
JAMMU AND KASHMIR,ROAD TRANSPORT AND,587,REHABILITATION AND UPGRADATION TO 2 LANE WITH PAVED SHOULDER FROM EXISTING CHAINAGE KM 64.535 TO K,BRO,N24001901,3/2020,9/2023,N.A.,9/2024,152.93,N.A.,152.93,98.08,75
JAMMU AND KASHMIR,ROAD TRANSPORT AND,588,CONSTRUCTION OF TWIN TUBE TUNNELS ON JAMMU KASHMIR RING ROAD (NH-244A) BETWEEN DESIGN CH. 50+600 TO,NHAI,N24001926,3/2023,6/2025,N.A.,6/2025,939.86,N.A.,939.86,184.12,31.09
JAMMU AND KASHMIR,ROAD TRANSPORT AND,589,"CONSTRUCTION OF 4 LANE WITH PAVED SHOULDER FROM (DESIGN CH. 14+200 TO 24+400), (DESIGN CH. 35+300 TO",BRO,N24001998,6/2022,8/2025,N.A.,8/2025,832.46,N.A.,823.46,252.09,17
JAMMU AND KASHMIR,ROAD TRANSPORT AND,590,2L NH-1 FROM KM 8.660 TO KM 33.775 (SUMBAL TO WAYUL) TO 4L DUAL CARRIAGEWAY NH STANDARD AS PART OF S,NHAI,N24002059,9/2022,6/2026,N.A.,6/2026,1183.6,N.A.,1183.6,105.96,1
JAMMU AND KASHMIR,ROAD TRANSPORT AND,591,DELHI AMRITSAR KATRA EXPRESSWAY (PHASE-II PKG XVIII) DEVELOPMENT AND UPGRADATION OF FOUR LANE ACCESS,NHAI,N24002060,3/2023,11/2025,N.A.,11/2025,1107,N.A.,1107,77.75,9.4
JAMMU AND KASHMIR,ROAD TRANSPORT AND,592,4/6L ACCESS CONTROL EXPRESSWAY FROM DESIGN CHAINAGE KM 515.000 TO 528.300 (KUNJWANI TO SIDHRA SECTIO,NHAI,N24002061,8/2022,6/2025,N.A.,6/2025,2474.47,N.A.,2675.93,705.62,16
JAMMU AND KASHMIR,ROAD TRANSPORT AND,593,REHABILITATION AND UPGRADATION TO 2 LANE WITH PAVED SHOULDER FROM DESIGN CHAINAGE KM 162.800 TO KM,BRO,N24002119,10/2022,1/2026,N.A.,1/2026,562.45,N.A.,562.45,17.26,4
JHARKHAND,COAL,594,CHURI BENTI UG (0.81 MTY),CCL,N06000083,8/2007,3/2011,N.A.,9/2024,163.51,N.A.,163.51,133.35,84.4
JHARKHAND,COAL,595,RAJRAPPA RCE OCP ( 3.0 MTY),CCL,N06000087,12/2009,3/2016,N.A.,3/2025,510.85,N.A.,510.85,488.31,74.5
JHARKHAND,COAL,596,KARMA OCP (1.0MTY),CCL,N06000088,6/2009,3/2014,N.A.,9/2024,162.46,N.A.,162.46,95.92,75
JHARKHAND,COAL,597,MURAIDIH UG TURN-KEY PROJECT,BCCL,N06000096,2/2011,4/2014,N.A.,1/2026,339.88,N.A.,339.88,151.19,70
JHARKHAND,COAL,598,MOONIDIH XV SEAM UG,BCCL,N06000098,8/2011,3/2019,N.A.,2/2026,1230.27,N.A.,1230.27,590.45,80
JHARKHAND,COAL,599,MADHUBAND NLW WASHERY,BCCL,N06000126,8/2010,5/2014,N.A.,11/2023,289.45,N.A.,302,299.73,100
JHARKHAND,COAL,600,HURA - C OC (3 MTY),ECL,N06000143,10/2015,3/2022,Mar-29,3/2029,359.69,859.41,859.41,330.16,52
JHARKHAND,COAL,601,CHITRA EAST (RCE) OCP,ECL,N06000169,8/2018,3/2024,Mar-26,3/2026,513.98,N.A.,513.98,180.87,51
JHARKHAND,COAL,602,TETARIAKHAR EXPANSION OCP,CCL,N06000186,11/2019,3/2023,N.A.,3/2025,243.52,N.A.,243.52,44.35,46.6
JHARKHAND,COAL,603,PACHWARA SOUTH COAL BLOCK,NLC,N06000193,7/2013,9/2028,N.A.,9/2028,2242.92,2242.9,2242.9,198.85,43
JHARKHAND,COAL,604,PATHERDIH 2.5 NLW COAL WASHERY,BCCL,N06000194,10/2015,4/2018,N.A.,6/2025,243,N.A.,334.27,113.87,40
JHARKHAND,COAL,605,REVISED PROJECT REPORT MAGADH EXPANSION OCP,CCL,N06000216,8/2020,3/2028,N.A.,3/2028,7254.37,N.A.,7254.37,1116.4,19
JHARKHAND,COAL,606,EXPANSION PROJECT AMRAPALI OCP,CCL,N06000217,8/2020,3/2028,N.A.,3/2028,5136.15,N.A.,5136.15,683.4,19
JHARKHAND,COAL,607,UCE OF EPR OF NORTH URIMARI OCP,CCL,N06000218,7/2021,3/2026,N.A.,3/2026,778.8,N.A.,778.8,683.05,75
JHARKHAND,COAL,608,KOTRE BASANTPUR PACHMO OCP,CCL,N06000237,8/2020,3/2032,N.A.,3/2032,861.06,625.4,625.4,362.06,38
JHARKHAND,COAL,609,CHANDRAGUPT OCP,CCL,N06000238,8/2020,3/2032,N.A.,3/2032,973.5,N.A.,973.5,7.95,12.4
JHARKHAND,COAL,610,SIRKA OCP,CCL,N06000239,5/2020,3/2025,N.A.,3/2025,222.82,N.A.,222.82,139.31,60
JHARKHAND,COAL,611,JHARKHAND LAIYO OCP,CCL,N06000240,8/2020,3/2031,N.A.,3/2031,764.57,N.A.,764.57,145.8,20
JHARKHAND,COAL,612,EPR TAPIN SOUTH OCP,CCL,N06000241,11/2020,3/2025,N.A.,3/2025,230.41,N.A.,230.41,18.14,18.3
JHARKHAND,COAL,613,EPR PUNDI OCP,CCL,N06000242,11/2020,3/2027,N.A.,3/2027,713.35,N.A.,713.35,236.57,39
JHARKHAND,COAL,614,EPR ROHINI KARKATA OCP,CCL,N06000243,1/2021,3/2028,N.A.,3/2028,1020.42,N.A.,1020.42,82.92,11.7
JHARKHAND,COAL,615,EXPANSION OF KONAR OCP,CCL,N06000245,1/2022,3/2032,N.A.,3/2032,799.34,N.A.,799.34,374.05,32
JHARKHAND,COAL,616,EXPANSION OF KARO OCP,CCL,N06000246,1/2022,3/2026,N.A.,3/2026,908.47,N.A.,908.47,145.14,17.2
JHARKHAND,COAL,617,EXPANSION OF ASHOK OCP,CCL,N06000247,5/2021,3/2028,N.A.,3/2028,2898.28,N.A.,2898.28,175.01,12.1
JHARKHAND,DEPARTMENT OF HIGHER EDUCATION,618,2000 BOYS HOSTEL(1000 DOUBLE BEDDED ROOM) AT ISM DHANBAD,CPWD EDUCATION,N28000067,9/2012,3/2016,N.A.,3/2016,171.86,N.A.,171.86,174.93,0
JHARKHAND,PETROLEUM,619,DEVELOPMENT PLAN OF CBM - BOKARO BLOCK,ONGC,N16000239,12/2015,3/2023,Mar-24,3/2025,823.27,1137.79,1137.79,1045.05,83.1
JHARKHAND,PETROLEUM,620,DEVELOPMENT OF JHARIA CBM BLOCK (PHASE-1),ONGC,N16000445,11/2019,1/2024,Mar-24,12/2024,431,N.A.,431,162.19,55.6
JHARKHAND,PETROLEUM,621,LAYING OF NATURAL GAS PIPELINE FROM HAZARIBAGH TO RANCHI,IOCL,N16000480,3/2023,2/2026,N.A.,2/2026,202.07,N.A.,202.07,45.05,32.3
JHARKHAND,PETROLEUM,622,CGD PROJECT IN BIHAR JHARKHAND,HPCL,N16000497,6/2022,6/2030,N.A.,6/2030,1377,N.A.,1377,169.11,15.9
JHARKHAND,POWER,623,NORTH KARANPURA STPP (3X660 MW),NTPC,N18000177,2/2014,6/2019,Oct-22,12/2024,16242.9,N.A.,17007,15361.62,85
JHARKHAND,POWER,624,PATRATU STPP-I (3X800MW),NTPC,N18000275,11/2017,3/2023,N.A.,11/2025,17112,N.A.,17112,13151.45,68
JHARKHAND,POWER,625,BADAM COAL MINING PROJECT,NTPC,N18000367,2/2019,10/2024,N.A.,10/2024,501.79,N.A.,501.79,40.35,0
JHARKHAND,POWER,626,KERANDARI COAL MINING PROJECT,NTPC,N18000370,9/2015,11/2019,N.A.,4/2023,1553,N.A.,2804,0,0
JHARKHAND,RAILWAYS,627,"KODERMA-TILAIYA (NL), ECR",ECR,220100305,4/2002,,N.A.,3/2025,459.91,1625.87,1700,1724.69,70
JHARKHAND,RAILWAYS,628,BONDAMUNDA RANCHI DOUBLING,SER,N22000396,3/2016,3/2021,N.A.,6/2026,1724.2,3029.04,3029.04,2100.56,77
JHARKHAND,RAILWAYS,629,LODHMA TO PISKA LINK LINE BY PASSING HATIA/RANCHI WITH Y CONNECTION (17.2 KM),SER,N22000508,4/2018,6/2022,N.A.,6/2026,428.65,N.A.,472.5,267.38,2
JHARKHAND,RAILWAYS,630,DOUBLING OF PRADHANKHUNTA JN - PATHERDIH BAZAR-BHOJUDIH,ECR,N22000529,11/2022,11/2027,N.A.,11/2027,202,349.22,349.22,5.26,0
JHARKHAND,RAILWAYS,631,KHARAGPUR-ADITYAPUR - 3RD LINE (132 KM),RVNL,N22000595,12/2015,3/2025,N.A.,6/2024,1116,N.A.,3270.07,2875.04,98
JHARKHAND,RAILWAYS,632,3RD LINE BETWEEN DHANBAD SONNAGAR,RVNL,N22000599,11/2016,3/2026,N.A.,3/2026,8975,N.A.,7906.38,4630.47,90
JHARKHAND,RAILWAYS,633,GARHWA ROAD - RAIL OVER RAIL,ECR,N22000610,3/2017,3/2024,N.A.,3/2025,262.71,N.A.,262.71,188.79,73
JHARKHAND,RAILWAYS,634,GOMOH - FLYOVER FOR DOWN TRAINS,ECR,N22000611,1/2018,12/2025,N.A.,12/2025,487.73,N.A.,487.73,265.39,16
JHARKHAND,ROAD TRANSPORT AND,635,FOUR LANING OF BARHI - KODERMA SECTION OF NH - 31,NHAI,N24000725,1/2018,11/2021,Aug-24,8/2024,273.46,N.A.,276.17,244.92,95
JHARKHAND,ROAD TRANSPORT AND,636,SIX LANING OF BIHAR - JHARKHAND BORDER (CHORDAHA) TO GORHAR SECTION,NHAI,N24000726,1/2018,11/2021,Jun-25,6/2025,1155.16,N.A.,950.49,629.74,69
JHARKHAND,ROAD TRANSPORT AND,637,4-LANING OF LOHA - WARANGA SECTION OF NH-361 FROM KM. 187.800 TO KM. 244.369 (DESIGN LENGTH 56.569 K,NHAI,N24000854,3/2018,3/2021,Dec-24,12/2024,1005.08,1073.1,1073.1,699.05,81
JHARKHAND,ROAD TRANSPORT AND,638,WIDENING TO 2 LANE WITH PAVED SHOULDERS AND GEOMETRIC IMPROVEMENT OF NH-114A FROM KM 141 TO KM 184 I,MoRTH,N24001216,12/2016,9/2021,Jun-24,6/2024,196,N.A.,196,163.97,90
JHARKHAND,ROAD TRANSPORT AND,639,HARIHARGANJ TO PARWA MODE SECTION FROM KM 23.284 TO KM 57.049 OF NH-98,NHAI,N24001589,9/2020,3/2024,Dec-24,12/2024,755.26,N.A.,1039,542.24,82.5
JHARKHAND,ROAD TRANSPORT AND,640,4L FROM KM 196.87 (SANKHA) TO KM 219.6 (KHAJURI) ON NH- 75 [REHLA / GARHWA BYPASS],NHAI,N24001590,9/2020,10/2023,Dec-24,12/2024,748.99,N.A.,903,801.11,99.98
JHARKHAND,ROAD TRANSPORT AND,641,ELEVATED CORRIDOR IN RANCHI CITY FROM KM 0.00 TO KM 3.260 OF NH-75 INCLUDING DOWN RAMP ON NH-23 FROM,NHAI,N24001594,2/2022,1/2025,N.A.,1/2025,534.73,N.A.,534.73,0,59.96
JHARKHAND,ROAD TRANSPORT AND,642,4L OF PALMA TO GUMLA SECTION OF NH23 FROM KM. 26.00 TO KM. 89.170 ON HAM MODE IN THE STATE OF JHARKH,NHAI,N24001595,8/2020,3/2024,N.A.,10/2024,1034,1699.48,1699.48,41.5,79.24
JHARKHAND,ROAD TRANSPORT AND,643,4L OF MIRZA CHAUKI TO FARKKA SECTION OF NH80 FROM KM 215.00 TO KM 260.00 ON HAM MODE IN THE STATE OF,NHAI,N24001596,11/2021,7/2023,N.A.,6/2024,1302.72,N.A.,1302.72,797.33,52.85
JHARKHAND,ROAD TRANSPORT AND,644,BALANCE WORK OF RANCHI- MAHULIA SECTION OF NH-33 FROM KM 113.730 (VIKAS) TO KM 140.000 (RAMPUR) (PKG-,NHAI,N24001597,1/2019,12/2020,Jul-24,7/2024,466.55,518,466.55,0,99.25
JHARKHAND,ROAD TRANSPORT AND,645,FOUR LANING WITH PAVED SHOULDER OF SECTION FROM KM 53.600 (GOLA ON NH-320) TO KM 81.446 (ORMANJHI ON,NHAI,N24001854,6/2023,6/2025,N.A.,6/2025,1214.93,1324.95,1324.95,594.54,32.13
JHARKHAND,ROAD TRANSPORT AND,646,WIDENING TO 2-LANE WITH PAVED SHOULDER FROM KM 0.00 TO 44.00 (KURU-GHAGHRA SECTION) OF NH-143A INCLU,MoRTH,N24001922,2/2020,8/2023,Jun-24,6/2024,153.01,N.A.,153.01,83.6,96.3
JHARKHAND,ROAD TRANSPORT AND,647,WIDENING AND STRENGTHENING OF EXISTING PAVEEMNT TO TWO LANE WITH PAVED SHOULDERS FROM KM 116.00 TO K,MoRTH,N24001923,1/2022,7/2024,N.A.,7/2024,315.21,N.A.,315.21,59.59,50
JHARKHAND,ROAD TRANSPORT AND,648,WIDENING AND STRENGTHENING TO TWO LANE WITH PAVED SHOULDER/TWO LANE+ PAVED SHOULDER WITH SERVICE ROA,MoRTH,N24001924,3/2022,8/2025,N.A.,8/2025,514.22,N.A.,514.22,0,0
JHARKHAND,ROAD TRANSPORT AND,649,WIDENING AND STRENGTHENING/RECONSTRUC TION TO TWO LANE WITH PAVED SHOULDER/ TWO LANE WITH PAVED SHOUL,MoRTH,N24001925,3/2022,8/2025,N.A.,8/2025,423.18,N.A.,423.18,0.11,0
JHARKHAND,ROAD TRANSPORT AND,650,FOUR LANING OF KHAJURI TO WYNDHAMGANJ FROM KM 219.600 TO KM 260.483 ON NH-75 PKG SEC-V ON HAM,NHAI,N24002053,4/2022,9/2025,N.A.,9/2025,1232,1343,1400,342.75,44.4
JHARKHAND,ROAD TRANSPORT AND,651,FOUR LANING OF BHOGU TO SANKHA FROM KM 147.450 TO KM 196.870 ON NH-75 PKG SEC- III,NHAI,N24002054,10/2022,11/2025,N.A.,11/2025,1390.77,1391,1600,163.6,49.72
JHARKHAND,ROAD TRANSPORT AND,652,FOUR LANING OF BASUKINATH- DEOGHAR SECTION OF NH-114A FROM KM 85.081 TO KM 130.240 UNDER NHDP PHASE-I,NHAI,N24002055,3/2023,12/2025,N.A.,12/2025,1444.94,N.A.,1444.94,0,0
JHARKHAND,ROAD TRANSPORT AND,653,BHARATMALA PARIYOJANA OF BOKARO JAINA MORE - GOLA SECTION OF NH-320 FROM KM. 21.110 TO KM. 53.600 IN,NHAI,N24002056,6/2020,6/2025,N.A.,6/2025,964.64,N.A.,964.64,362.33,21.97
JHARKHAND,ROAD TRANSPORT AND,654,FOUR LANING OF MEHGAMA HANSDIHA SECTION OF NH-33 FROM EXISTING KM 41.900 TO 93.000 IN THE STATE OF J,NHAI,N24002057,12/2022,5/2025,N.A.,5/2025,1443.77,N.A.,1443.77,0,0
JHARKHAND,STEEL,655,NEW SINTER PLANT AT BOKARO STEEL PLANT,SAIL,N12000095,3/2015,10/2017,Dec-21,8/2026,1034.01,N.A.,1034.01,871.37,51.72
JHARKHAND,STEEL,656,REVAMPING OF OLD SUB SYSTEM OF BLAST FURNACE 3 AT BOKARO STEEL PLANT,SAIL,N12000129,9/2023,7/2025,N.A.,7/2025,513.82,N.A.,513.82,66.26,30
JHARKHAND,STEEL,657,REBUILDING OF COKE OVEN BATTERY NO.6 OF BOKARO STEEL PLANT,SAIL,N12000133,11/2023,11/2026,N.A.,11/2026,627.31,N.A.,627.31,45.51,12
JHARKHAND,STEEL,658,REPLACEMENT OF REMAINING 04 NOS. OF BATTERY CYCLONES WITH 04 NOS. OF ESPS IN SINTER PLANT-1 AT BSL,BOKARO STEEL PL,N12000135,3/2024,6/2026,N.A.,6/2026,260.37,N.A.,260.37,0,0
KARNATAKA,CIVIL AVIATION,659,BELAGAVI AIRPORT- EXPANSION OF TERMINAL BUILDING AND ASSOCIATED WORKS,AAI,N04000105,6/2023,2/2026,N.A.,2/2026,322.45,N.A.,322.45,32.43,8.75
KARNATAKA,CIVIL AVIATION,660,HUBBALI AIRPORT - CONSTRUCTION OF NEW DOMESTIC TERMINAL BUILDING AND MISCELLANEOUS WORKS,AAI,N04000108,6/2023,2/2026,N.A.,1/2026,320.47,N.A.,320.47,9.11,6
KARNATAKA,DEPARTMENT OF HIGHER EDUCATION,661,"CONSTRUCTION OF PERMANENT CAMPUS FOR INDIAN INSTITUTE OF TECHNOLOGY, DHARWAD (PHASE 1A)",CPWD EDUCATION,N42000006,7/2019,3/2022,Oct-22,3/2023,851,851,851,885.26,100
KARNATAKA,DEPARTMENT OF HIGHER EDUCATION,662,ADDITIONAL INFRASTRUCTURE AT IISC BANGALORE SH RCC MONOLITHIC FOR MEN WOMEN HOSTEL,CPWD,N42000010,8/2021,2/2024,N.A.,8/2024,316.25,N.A.,316.25,322.44,0
KARNATAKA,PETROLEUM,663,CONSTRUCTION OF 80000MT LPG CAVERN AT MANGALORE,HPCL,N16000369,12/2018,12/2022,Sep-24,9/2024,854,854,854,588.74,86.8
KARNATAKA,PETROLEUM,664,DEVANGONTHI MARKETING TERMINAL,MANGALORE REFIN,N16000401,6/2020,6/2023,Mar-24,8/2024,200,304,304,255.87,93.62
KARNATAKA,PETROLEUM,665,"REVAMPING, AUGMENTATION OF FACILITIES AT EXISTING PORT TERMINAL AT MANGALORE",IOCL,N16000437,1/2022,7/2025,Dec-25,12/2025,463,500.62,500.62,160.81,55.1
KARNATAKA,PETROLEUM,666,POWER SYSTEM UPGRADATION PROJECT,MANGALORE REFIN,N16000509,10/2023,2/2026,N.A.,2/2026,385,N.A.,385,57.52,25.17
KARNATAKA,POWER,667,TS FOR INTRGRATION OF RE ZONE (PHASE II) IN KOPPAL II (PHASE A&B) AND GADAG II (PHASE A) IN KARNATAK,PGCIL,N18000385,12/2023,12/2025,N.A.,12/2025,2889,N.A.,2889,0,0
KARNATAKA,POWER,668,"TS FOR SOLAR ENERGY ZONE IN BIDAR (2500MW), KARNATAKA [BIDAR TRANSMISSION LTD]",PGCIL,N18000388,2/2024,2/2026,N.A.,2/2026,2148,N.A.,2148,0,3
KARNATAKA,RAILWAYS,669,TUMKUR-CHITRADURGA- DAVENGERE NL,SWR,N22000256,4/2011,,N.A.,12/2027,1801.01,N.A.,1801.01,290.41,11
KARNATAKA,RAILWAYS,670,BAGALKOT-KUDACHI NL,SWR,N22000258,4/2010,3/2016,N.A.,12/2026,986.3,1378,1378,523.52,33
KARNATAKA,RAILWAYS,671,HOSPET-HUBLI-LONDA- VASCODAGAMA DL,RVNL,N22000297,4/2010,3/2023,N.A.,12/2026,2127,N.A.,3692.6,3481.82,86
KARNATAKA,RAILWAYS,672,GADAG-WADI NL,SWR,N22000299,4/2013,12/2018,N.A.,12/2027,2841.84,N.A.,2841.84,1135.28,28
KARNATAKA,RAILWAYS,673,MARIKUPPAM - KUPPAM,SWR,N22000308,4/2012,3/2016,N.A.,6/2026,279.54,296.72,296.72,92.54,14
KARNATAKA,RAILWAYS,674,KADUR CHIKMAGALUR SAKLESHPUR NEW LINE (93 KM),SWR,N22000486,3/1996,3/2017,N.A.,12/2025,644.78,825.31,825.31,573.52,66
KARNATAKA,RAILWAYS,675,BAIYYAPPANAHALLI-HOSUR (48 KM),NCRTC,N22000542,4/2019,3/2026,N.A.,3/2026,375.67,N.A.,375.67,0,0
KARNATAKA,RAILWAYS,676,YESHVANTHPUR- CHANNASANDRA (21.7 KM),NCRTC,N22000543,4/2019,3/2026,N.A.,3/2026,169.65,N.A.,169.65,71.75,0
KARNATAKA,RAILWAYS,677,BELGAUM-DHARWAD VIA KITTUR (73.10 KM) (UMBRELLA WORK PB#22/2019-20/NR),SWR,N22000557,9/2020,3/2026,N.A.,12/2027,1590.8,927.42,927.42,0.36,0
KARNATAKA,RAILWAYS,678,HASSAN (ALUR) - BELUR (32 KM) (UMBRELLA WORK PB#23/2018- 19/NR),SWR,N22000558,6/2019,4/2028,N.A.,12/2027,663.03,748.85,748.85,0.34,1
KARNATAKA,RAILWAYS,679,SHIMOGA-SHIKARIPURA- RANEBENNUR (UMBRELLA WORK PB#23/2018-19/NR),SWR,N22000559,9/2019,12/2027,N.A.,12/2027,1453.73,994.47,994.47,62.29,5
KARNATAKA,RAILWAYS,680,BANGALORE-WHITEFIELD- BANGALORE CITY- KRISHNARAJAPURAM QUADRUPLING,SWR,N22000621,3/2018,3/2025,N.A.,6/2025,492.87,N.A.,492.87,124.03,46
KARNATAKA,ROAD TRANSPORT AND,681,STRENGTHENING AND WIDENING TO TWO LANE WITH PAVED SHOULDERS FROM KM.106.00 TO 153.00 OF NH-218 BIJAP,MoRTH,N24000334,3/2015,11/2015,Aug-24,8/2024,165.67,N.A.,165.67,126.47,99
KARNATAKA,ROAD TRANSPORT AND,682,4-LANING OF GOA/KARNATAKA BORDER-KUNDAPUR SECTION,NHAI,N24000462,5/2014,8/2016,Dec-24,12/2024,1655.01,2639,2639,1822.06,97.8
KARNATAKA,ROAD TRANSPORT AND,683,4-LANNING EXISTING KM 189.700 TO 237.00] HASSAN TO MARANAHALLY,NHAI,N24000552,3/2016,3/2019,Dec-23,3/2025,701.4,591.86,701.4,426.15,77
KARNATAKA,ROAD TRANSPORT AND,684,HOSPET-BELLARY-KARNATAKA AP BORDER,NHAI,N24000603,8/2016,3/2019,May-25,5/2025,1167.42,N.A.,1224.01,750.79,72.95
KARNATAKA,ROAD TRANSPORT AND,685,TWO/FOUR LANNING OF BRT TIGER RESERVE BOUNDARY TO BANGALORE SECTION OF NH- 209(EXISTING CHAINAGE FROM,NHAI,N24000622,9/2016,8/2019,Jun-24,8/2024,950.69,1487.46,2525.02,1888.83,95.61
KARNATAKA,ROAD TRANSPORT AND,686,WIDENING TO TWO LANE WITH PAVED SHOULDER FROM KM 544.200 TO KM 594.000 OF NH- 150A HOSMANE CROSS ? PA,MoRTH,N24001156,1/2017,9/2017,May-23,5/2023,166.67,N.A.,264.34,192.08,100
KARNATAKA,ROAD TRANSPORT AND,687,IMPROVEMENTS AND RECONSTRUCTION TO TWO LANE WITH PAVED SHOULDERS FROM KM 243.20 TO KM 290.20 OF NH,MoRTH,N24001157,8/2016,2/2017,Jul-24,7/2024,175.5,N.A.,241.6,189.72,90
KARNATAKA,ROAD TRANSPORT AND,688,RECONSTRUCTION TO TWO LANE WITH PAVED SHOULDERS FROM DS. CH. 442+180 (EX. KM 448.00) TO DS. CH.485+2,MoRTH,N24001158,3/2018,6/2019,Dec-23,12/2023,159.97,N.A.,242.61,113.15,100
KARNATAKA,ROAD TRANSPORT AND,689,WIDENING TO TWO LANE WITH PAVED SHOULDERS FROM KM 20.150 TO KM 40.00 OF BC ROAD KOTTIGEHARA SECTION,MoRTH,N24001159,1/2018,7/2018,N.A.,3/2022,159.7,N.A.,159.7,142.88,100
KARNATAKA,ROAD TRANSPORT AND,690,WIDENING TO TWO LANE WITH PAVED SHOULDER FROM KM 194.900 TO KM 243.200 OF NH- 234 BANAVARA-HULIYAR,MoRTH,N24001160,9/2017,10/2018,Apr-22,4/2022,191.6,N.A.,191.6,112.03,100
KARNATAKA,ROAD TRANSPORT AND,691,WIDENING TO TWO LANE WITH PAVED SHOULDERS FROM 24.600 TO 70.063 OF MUDIGERE TO KADUR SECTION OF NH-,MoRTH,N24001161,12/2017,1/2019,Apr-22,4/2022,297.3,N.A.,318.28,280.25,100
KARNATAKA,ROAD TRANSPORT AND,692,IMPROVEMENT AND RECONSTRUCTION TO TWO LANE WITH PAVED SHOULDERS FROM KM 489.845 (NEW KM.58.125) AN,MoRTH,N24001162,3/2018,10/2018,Nov-22,11/2022,325.86,N.A.,386.41,356.78,100
KARNATAKA,ROAD TRANSPORT AND,693,WIDENING TO 2 LANE WITH PAVED SHOULDERS FROM KM 0 TO 54 OF NH-50 UNDER EPC MODE IN THE STATE OF KARN,MoRTH,N24001164,10/2016,3/2017,Jul-22,7/2022,396.96,N.A.,396.96,329.58,100
KARNATAKA,ROAD TRANSPORT AND,694,WIDENING TO 2 LANE WITH PAVED SHOULDERS FROM KM 34.00 TO 70.900 OF NH-150 UNDER EPC MODE IN THE STAT,MoRTH,N24001165,11/2016,3/2017,Oct-21,10/2021,314.9,N.A.,314.9,233.95,100
KARNATAKA,ROAD TRANSPORT AND,695,WIDENING TWO LANE WITH PAVED SHOULDERS FROM FROM KM.56.00 TO 106.00 OF NH- 218 (218-KNT-2014-15-775),MoRTH,N24001166,3/2015,1/2016,N.A.,7/2024,159.12,N.A.,159.12,127.72,98
KARNATAKA,ROAD TRANSPORT AND,696,ESTIMATE FOR WIDENING TWO LANE TO FOUR LANE FROM FROM KM.129.00 TO 144.00 OF NH-63 ANKOLA-GOOTY SECT,MoRTH,N24001168,5/2018,5/2018,Dec-23,12/2023,171.6,N.A.,171.6,134.81,100
KARNATAKA,ROAD TRANSPORT AND,697,WIDENING TO TWO LANE WITH PAVED SHOULDER FROM KM 4.40 TO KM 56.00 OF NH-218 BIJAPURA-HUBLI SECTION U,MoRTH,N24001172,1/2017,8/2017,N.A.,6/2022,291.49,N.A.,291.49,238.77,100
KARNATAKA,ROAD TRANSPORT AND,698,CONSTRUCTION OF MAJOR BRIDGE AT KM 180.865 ACROSS RIVER KRISHNA ON NH-167 HAGARI ? JADERCELA SECTION,MoRTH,N24001173,2/2017,5/2019,N.A.,10/2025,157.32,188,187.61,62.31,60
KARNATAKA,ROAD TRANSPORT AND,699,WIDENING TO 2-LANE WIH PAVED SHOULDER FROM KM. 544.20 TO 594.00 (HOSAMANE CROSS TO PANDAVAPURA) SECT,MoRTH,N24001387,1/2017,9/2017,May-23,5/2023,264.34,N.A.,264.34,201.07,100
KARNATAKA,ROAD TRANSPORT AND,700,CONSTRUCTION OF MAJOR BRIDGE ACROSS SHARAVATHI BACKWATERS AND APPROCHES BETWEEN AMBARGODU AND KALASA,MoRTH,N24001388,3/2019,12/2019,Nov-24,11/2024,423.15,N.A.,423.15,284.58,82
KARNATAKA,ROAD TRANSPORT AND,701,4L OF ADDAHOLE TO BANTWAL CROSS SECTION INCLUDING FLYOVER AT KALLADKA TOWN,NHAI,N24001425,3/2021,11/2021,Mar-25,3/2025,1100.88,1713.98,1713.98,885.44,63
KARNATAKA,ROAD TRANSPORT AND,702,4L OF ADDAHOLE TO BANTWAL CROSS SECTION,NHAI,N24001426,3/2021,10/2021,Sep-24,9/2024,317.9,576.32,576.32,330.28,94.5
KARNATAKA,ROAD TRANSPORT AND,703,6L FROM SANKESHWAR BYPASS TO MH KNT BORDER FROM KM. 555.017 TO KM. 592.853 OF NH-48 (PKG II),NHAI,N24001598,1/2022,4/2025,Apr-25,4/2025,1388.7,1388.7,1388.7,289.33,44.1
KARNATAKA,ROAD TRANSPORT AND,704,BELAKERI PORT TO KUMTA - SIRSI ROAD FROM KM 0.00 - KM 4.265 OF BELEKERI PORT ROAD LINK RD. AND KM 4.,NHAI,N24001599,3/2018,12/2022,Jun-25,6/2025,440.16,N.A.,440.16,300.76,63.75
KARNATAKA,ROAD TRANSPORT AND,705,BANGALORE/TN BORDER TO HOSKOTE,NHAI,N24001674,2/2023,2/2025,N.A.,2/2025,1240.6,N.A.,1240.6,559.19,45.1
KARNATAKA,ROAD TRANSPORT AND,706,6L OF MH/KN BORDER (NIMBAL VILLAGE) TO KN/TS BORDER (SINGNODI VILLAGE) FROM KM. 162.5 TO KM. 203.100,NHAI,N24001675,11/2022,5/2025,N.A.,5/2025,1732.73,N.A.,1732.73,540.34,95.07
KARNATAKA,ROAD TRANSPORT AND,707,6L OF MH/KN BORDER (NIMBAL VILLAGE) TO KN/TS BORDER (SINGNODI VILLAGE) FROM KM. 26.000 TO KM. 97.000,NHAI,N24001676,12/2022,6/2025,N.A.,6/2025,2718.46,N.A.,2718.46,274.9,29.96
KARNATAKA,ROAD TRANSPORT AND,708,BALANCE WORK OF 2L PS FROM KM 30.800 TO 70.800 AND 2L WITH RIGID CARRIAGEWAY FROM 70.800 TO KM 84.12,NHAI,N24001677,11/2022,5/2024,May-24,5/2024,226.76,226.76,226.76,70.45,50.04
KARNATAKA,ROAD TRANSPORT AND,709,6L FROM BELGAUM TO SANKESHWAR BYPASS FROM KM 515.000 TO KM 555.017 OF NH 48,NHAI,N24001679,10/2022,4/2025,Apr-25,4/2025,1479.3,1479.3,1479.3,381.27,55.42
KARNATAKA,ROAD TRANSPORT AND,710,4L OF SANNUR TO BIKARNAKATTE SECTION FROM KARKALA TO MANGALORE,NHAI,N24001680,3/2021,10/2024,Jun-25,6/2025,1409.68,N.A.,1409.68,770.97,41.57
KARNATAKA,ROAD TRANSPORT AND,711,TUMKUR - NELAMANGALA(6L),NHAI,N24001681,8/2022,8/2025,Dec-25,12/2025,2032.15,2032.15,2032.15,156.64,42
KARNATAKA,ROAD TRANSPORT AND,712,UPGRADATION 2/4 LANE NH CONNECTIVITY UNDER SAGARMALA SCHEME SH 2 HAVERI YEKAMBI SH 69 YEKAMBI KUMTA,NHAI,N24001682,3/2022,3/2024,Jan-25,1/2025,294.62,N.A.,294.62,31.76,12.8
KARNATAKA,ROAD TRANSPORT AND,713,AURAD - BIDAR KM 0.00 TO KM 45.878,NHAI,N24001683,9/2021,4/2023,Dec-24,12/2024,912.37,N.A.,424.16,326.36,97.08
KARNATAKA,ROAD TRANSPORT AND,714,4L OF CHANNARAYAPATNA BYPASS AND HASSAN BYPASS WITH STRUCTURES IN DEVIHALLI -HASSAN SECTION,NHAI,N24001684,9/2020,1/2023,Sep-20,3/2025,688,602.09,688,463.14,75
KARNATAKA,ROAD TRANSPORT AND,715,CONSTRUCTION OF 4 LANE BANGALORE -CHENNAI EXPRESSWAY FROM KM 53.500 TO KM 71.000 SECTION OF NE-7 (BA,NHAI,N24001685,1/2021,1/2024,May-24,8/2024,1069,N.A.,1067.89,827.38,99.78
KARNATAKA,ROAD TRANSPORT AND,716,FOUR LANING OF BANAVARA TO BETTADAHALLI SECTION FROM KM. 119+790 (DESIGN KM. 121+900) TO KM. 166+100,NHAI,N24001686,3/2021,3/2023,Oct-24,10/2024,1065.06,1444.5,1444.5,156.06,88.44
KARNATAKA,ROAD TRANSPORT AND,717,FOUR LANING OF BETTADAHALLI TO SRIRAMPURA SECTION FROM KM. 166+100 (DESIGN KM. 170+415) TO KM. 217+0,NHAI,N24001687,10/2021,10/2023,Mar-25,3/2025,1331.77,2082.98,2082.98,314.09,67.37
KARNATAKA,ROAD TRANSPORT AND,718,CONSTRUCTION OF 4 LANE BANGALORE-CHENNAI EXPRESSWAY FROM KM 0.000 TO KM 26.400 NE-7(ALONG WITH 0.700,NHAI,N24001688,10/2020,9/2023,Mar-24,8/2024,3184,N.A.,2867.98,1164.41,97.57
KARNATAKA,ROAD TRANSPORT AND,719,CONSTRUCTION OF 4 LANE BANGALORE - CHENNAI EXPRESSWAY FROM KM 26.400 TO KM 53.500 SECTION OF NE-7 (M,NHAI,N24001689,12/2020,9/2023,Mar-24,8/2024,1745,N.A.,1595.2,1251.74,98.44
KARNATAKA,ROAD TRANSPORT AND,720,CHALLAKERE TO HARIYUR SECTION FROM KM 358.500 TO KM 414.205 OF NH150 A,NHAI,N24001690,1/2021,1/2023,Dec-23,3/2025,1167.52,1157,1167.52,945.99,85.35
KARNATAKA,ROAD TRANSPORT AND,721,FOUR LANING OF KARADI TO BANAVARA SECTION FROM KM. 66+540 (DESIGN KM. 65+195) TO KM. 119+790 (DESIGN,NHAI,N24001691,10/2019,10/2021,Oct-24,10/2024,1225.24,1505.85,1505.85,74.98,93.17
KARNATAKA,ROAD TRANSPORT AND,722,BALANCE WORK OF CONTSRUCTION OF TWO/FOUR LANE WITH PAVED SHOULDER FROM KM. 54.370 TO KM. 101.400 (BI,MoRTH,N24001936,3/2021,3/2023,Jul-24,7/2024,344.79,N.A.,344.79,10,90
KARNATAKA,ROAD TRANSPORT AND,723,BALANCE WORK OF REHABILITATION AND UPGRADING TO 2LANE/2LANE WITH PAVED SHOULDER CONFIGURATION AND ST,MoRTH,N24001937,2/2023,2/2024,Feb-25,2/2025,398.48,N.A.,398.48,5,50
KARNATAKA,ROAD TRANSPORT AND,724,"CONSTRUCTION OF ELEVATED CORRIDOR FROM KM. 135.650 TO 136.300 ON 63, FROM KM. 249 TO KM. 250.050 ON",MoRTH,N24001938,6/2021,6/2024,Jun-25,6/2025,298,N.A.,298,10.7,52
KARNATAKA,ROAD TRANSPORT AND,725,WIDENING TO 2 LANE WITH PAVED SHOULDERS FROM DESIGN KM 103.200 (EXISTING KM 103.200) TO DESIGN KM 11,MoRTH,N24001940,1/2023,1/2026,Sep-25,9/2025,166.58,N.A.,166.58,3.54,0
KARNATAKA,ROAD TRANSPORT AND,726,WIDENING TO 4 LANE FROM KM. 133.00 TO 158.04 (DESIGN CHAINAGE KM. 130.88 TO 155.145) (SHIRUR CROSS T,MoRTH,N24001941,1/2023,1/2025,Jan-25,1/2025,350.69,N.A.,350.69,10,56
KARNATAKA,ROAD TRANSPORT AND,727,WIDENING TO TWO LANE WITH PAVED SHOULDERS FROM KM. 33.13 TO KM. 40.23 AND KM. 52.00 TO KM. 71.00 (EX,MoRTH,N24001943,9/2022,3/2024,Jan-25,1/2025,172.98,N.A.,172.98,6.48,65
KARNATAKA,ROAD TRANSPORT AND,728,WIDENING TO INTERMEDIATE/TWO LANE TO 2 LANE WITH PAVED SHOULDER FROM EXISTING CHANAGES KM 112.750 TO,MoRTH,N24001944,1/2023,6/2024,Jul-24,7/2024,255.88,N.A.,255.88,60.99,78
KARNATAKA,ROAD TRANSPORT AND,729,WIDENING TO 2 LANE WITH PAVED SHOULDERS FROM KM 116.800 TO 149.070(DESIGN CHANGES) ON HOSADURGA HOL,MoRTH,N24001945,8/2022,2/2024,Dec-24,12/2024,170.34,N.A.,170.34,4.25,72
KARNATAKA,ROAD TRANSPORT AND,730,"WIDENING TO 2 LANES WITH PAVED SHOULDERS FROM KM 24.400 TO 27.270, 40.500 TO 41.900, 84.300 TO 88.20",MoRTH,N24001946,11/2022,11/2024,Nov-24,11/2024,218.93,N.A.,218.93,10,95
KARNATAKA,ROAD TRANSPORT AND,731,WIDENING TO EXISTING 2 LANE WITH PAVED SHOULDER TO 4 LANE WITH PAVED SHOULDER FROM DESIGN KM 153.00,MoRTH,N24001947,2/2023,2/2025,Feb-25,2/2025,177.94,N.A.,177.94,6.66,47
KARNATAKA,ROAD TRANSPORT AND,732,WIDENING TO 4 LANE FROM KM 51.60 TO 76.20 (HEBRI TO PARKALA) AND FROM KM 85.20 TO 88.90 (KARAVALI JU,MoRTH,N24001948,10/2022,10/2024,Dec-24,12/2024,355.72,N.A.,355.72,11.32,60
KARNATAKA,ROAD TRANSPORT AND,733,FOUR LANING OF LEFT OVER WORKS OF HOSPET BELLARY KARNATAKA/ AP BORDER FROM KM.280.080 TO KM. 375.450,NHAI,N24001989,3/2023,5/2025,N.A.,5/2025,830.28,N.A.,830.28,357.16,42.41
KARNATAKA,ROAD TRANSPORT AND,734,DEVELOPMENT OF 6 LANE ACCESS CONTROLLED GREENFIELD HIGHWAY FROM KM. 97.000 TO KM. 162.500 MARADGI S,NHAI,N24001993,12/2022,10/2025,N.A.,10/2025,1589,N.A.,1589,319.5,40.25
KARNATAKA,ROAD TRANSPORT AND,735,4/6L OF BANGALORE - PUNE SECTION OF BYPASS CONNECTING DHARWAD - HUBLI FROM KM. 403.80 TO KM. 433.20,NHAI,N24001994,5/2022,3/2023,N.A.,9/2025,1135.39,N.A.,1135.39,223.03,42.1
KARNATAKA,ROAD TRANSPORT AND,736,BALANCE WORK OF CONSTRUCTION OF TWO/FOUR LANE WITH PAVED SHOULDER FROM KM 422.000 TO 523.600 ( CHITR,MoRTH,N24002011,12/2021,6/2024,Dec-24,12/2024,516.96,N.A.,516.96,19.93,70
KARNATAKA,ROAD TRANSPORT AND,737,WIDENING TO TWO LANE WITH PAVED SHOULDERS FROM KM 40.00 TO KM 75.00 (EXISTING CHAINAGES) OF MANGALOR,MoRTH,N24002012,3/2023,3/2025,Mar-25,3/2025,718.52,N.A.,718.52,24.81,23
KARNATAKA,ROAD TRANSPORT AND,738,CONSTRUCTION OF TWO LANE WITH PAVED SHOULDER FROM KM.0 TO KM. 80 ON NH 548B (VIJAYAPURA-SANKESWAR SE,MoRTH,N24002013,3/2021,2/2022,Oct-24,10/2024,766.64,N.A.,766.64,13.55,75
KARNATAKA,URBAN DEVELOPMENT,739,BANGALORE METRO RAIL PROJECT PHASE-2,BMRCL,N28000058,2/2014,2/2021,N.A.,3/2025,26405.14,N.A.,26405.14,20936.29,89
KARNATAKA,URBAN DEVELOPMENT,740,BANGALORE METRO RAIL PROJECT LIMITED. PHASE. 2A AND 2B,BMRCL,N28000151,6/2021,6/2026,N.A.,6/2026,14788.1,N.A.,14788.1,2424.04,30
KERALA,CIVIL AVIATION,741,CALICUT AIRPORT - DEVELOPMENT OF ADDITIONAL RESA ON EITHER END ON RUNWAY 10-28 AT CALICUT AIRPORT,AAI,N04000111,6/2023,9/2025,N.A.,9/2025,323.98,N.A.,323.98,0,1
KERALA,DEPARTMENT OF HIGHER EDUCATION,742,"C/O PERMANENT CAMPUS OF IIT PALAKKAD PHASE IA AT PUDESSERY VILLAGE,KANJIKODE WEST, DISTRICT PALAKKA",CPWD EDUCATION,N28000140,7/2019,3/2021,Mar-23,11/2025,753.63,N.A.,753.63,412.37,66
KERALA,HEALTH AND FAMILY WELFARE,743,C/O NEW HOSPITAL BLOCK FOR SREE CHITRA TIRUNAL INSTITIUTE OF MEDICAL SCIENCE AND TECHNOLOGY (SCTIMST,CPWD FOR HEALTH,N28000112,9/2017,3/2020,May-24,9/2024,150.29,N.A.,162,147.65,99
KERALA,PETROLEUM,744,REPLACEMENT AND EXTENSION OF JETTY PIPELINES AT KOCHI REFINERY,BPCL,N16000508,3/2023,3/2026,N.A.,3/2026,621.87,N.A.,621.87,62.16,52.3
KERALA,PETROLEUM,745,SETTING UP POLYPROPYLENE UNIT AT KOCHI REFINERY,BPCL,N16000530,12/2023,10/2027,N.A.,10/2027,4460,N.A.,4460,6.12,3.2
KERALA,RAILWAYS,746,TRIVANDRUM-KANYAKUMARI DOUBLING,SR,N22000399,2/2015,,Dec-26,12/2026,1431.9,3785.45,3785.45,3027.76,30
KERALA,RAILWAYS,747,TURAVUR-AMBALAPUZHA DOUBLING,SR,N22000400,2/2015,,N.A.,3/2025,1000,N.A.,1416.49,1.63,0
KERALA,RAILWAYS,748,ERNAKULAM-KUMBALAM - PATCH DOUBLING (7.71 KM),SR,N22000619,12/2010,3/2028,Jul-26,7/2026,600.82,595.39,595.39,270.03,0.5
KERALA,RAILWAYS,749,KUMBALAM-THURAVUR - PATCH DOUBLING (15.59 KM),SR,N22000620,12/2011,8/2023,Sep-26,9/2026,812.85,802.8,802.8,258.21,0.5
KERALA,ROAD TRANSPORT AND,750,4-LANNING OF THALSERRY - MAHE BYPASS,NHAI,N24000704,9/2017,5/2020,Nov-23,2/2024,1124.11,1567.73,1567.73,1520.33,100
KERALA,ROAD TRANSPORT AND,751,6-LANING OF KOZHIKODE BYPASS (CALICUT BYPASS) (I.E. VENGALAM JN. TO RAMANATTUKARA JN.) SECTION OF NH,NHAI,N24000784,2/2018,2/2023,Dec-24,12/2024,1424.77,1862.77,1862.77,671.16,72.95
KERALA,ROAD TRANSPORT AND,752,WIDENING TO 2 LANES WITH PAVED SHOULDERS FROM KM.87/000 TO 133/720 (NATTUKAL TO THANAU JN. IN PALAKK,MoRTH,N24001369,2/2017,8/2017,Mar-22,8/2024,294.28,296.53,296.53,285.3,98
KERALA,ROAD TRANSPORT AND,753,WIDENING TO 2-LANE WITH PAVED SHOULDERS FROM KM 119/017 TO KM 161/300 ON NH 85 (OLD NH 49),MoRTH,N24001370,2/2017,9/2017,Jan-23,8/2024,380.76,372.87,372.87,337.83,100
KERALA,ROAD TRANSPORT AND,754,CONSTRUCTION OF 6 LANE ELEVATED CORRIDOR ALONG WITH DEVELOPMENT OF EXISTING 4 LANE ROAD AT GROUND LE,NHAI,N24001648,8/2022,1/2026,N.A.,1/2026,2429.52,N.A.,2429.52,416.43,29.21
KERALA,ROAD TRANSPORT AND,755,SIX LANING OF PARAVOOR(DESIGN KM. 417+000) TO KOTTUKULANGARA(DESIGN KM. 454+500) SECTION OF NEW NH-6,NHAI,N24001649,12/2021,2/2025,Feb-25,2/2025,3273.61,N.A.,3273.61,403.91,42.55
KERALA,ROAD TRANSPORT AND,756,SIX LANING OF KADAMBATTUKONAM TO KAZHAKKOOTTAM SECTION OF NH-66(OLD NH-47) FROM KM. 517+250 TO KM.54,NHAI,N24001650,12/2021,1/2025,Aug-25,8/2025,3635.64,N.A.,3635.64,267.95,35
KERALA,ROAD TRANSPORT AND,757,SIX LANING OF THURAVOOR (DESIGN KM. 378+612) TO PARAVOOR (DESIGN KM.417+000) SECTION OF NEW NH-66 (O,NHAI,N24001651,9/2021,9/2024,Mar-26,9/2024,2878.97,N.A.,2878.97,328.17,25.05
KERALA,ROAD TRANSPORT AND,758,6L MINOR BRIDGE (PALOLI PALAM) AT KM. 203.160 and MAJOR BRIDGE (MORAD) AT KM. 204.895 AND ALLIED WOR,NHAI,N24001652,3/2020,6/2022,Feb-24,8/2024,210.37,216.94,216.94,198.1,99.4
KERALA,ROAD TRANSPORT AND,759,SIX LANING FROM KODUNGALLUR TO EDAPALLY SECTION OF NH ?66 (OLD NH-17) FROM DESIGN CHAINAGE 397+750 (,NHAI,N24001653,11/2021,4/2025,N.A.,4/2025,3565.82,N.A.,3064.11,1897,41.6
KERALA,ROAD TRANSPORT AND,760,SIX LANING OF START OF KOLLAM BYPASS (KM.486+000) KADAMBATTUKONAM (KM.517+250) SECTION OF NEW NH-66,NHAI,N24001654,6/2021,3/2025,Feb-25,2/2025,2641.37,N.A.,2641.37,370.74,49.02
KERALA,ROAD TRANSPORT AND,761,SIX LANING FROM KAPPIRIKKAD TO THALIKULAM SECTION OF NH ? 66 (OLD NH-17) FROM DESIGN CH. 335+850 (EX,NHAI,N24001655,6/2021,2/2025,N.A.,2/2025,3606,3946.56,3946.56,2969.86,47.76
KERALA,ROAD TRANSPORT AND,762,SIX LANING FROM THALIKULAM TO KODUNGALLUR SECTION OF NH ? 66 (OLD NH-17) FROM DESIGN CH.369+015 (EX.,NHAI,N24001656,6/2021,3/2025,N.A.,3/2025,2595,N.A.,4009.57,2916.74,41.04
KERALA,ROAD TRANSPORT AND,763,SIX LANING OF KOTTUKULANGARA (DESIGN KM. 454+500) TO START OF KOLLAM BYPASS (DESIGN KM. 486+000) SEC,NHAI,N24001657,6/2021,10/2024,Dec-25,12/2025,2842.14,N.A.,2842.14,379.04,54.9
KERALA,ROAD TRANSPORT AND,764,SIX LANING OF RAMANATTUKARA JUNCTION TO START OF VALANCHERY BYPASS SECTION OF NH-66 (OLD NH-17) FROM,NHAI,N24001658,1/2021,7/2024,Mar-25,3/2025,4265.42,N.A.,4728.4,3234.02,75.1
KERALA,ROAD TRANSPORT AND,765,SIX LANING FROM START OF VALANCHERY BYPASS TO KAPPIRIKKAD-SECTION OF NH- 66(OLD NH-17) FROM DESIGN CH,NHAI,N24001659,2/2021,7/2024,Mar-25,3/2025,3375.31,3824.07,3824.07,2108.79,81.2
KERALA,ROAD TRANSPORT AND,766,SIX LANING OF THALIPARAMBHA- MUZHAPILANGAD SECTION FROM KM 137.900 TO KM. 170.600 OF NH-17 (NEW NH,NHAI,N24001660,8/2020,2/2024,Nov-21,8/2025,2714.6,3319.41,2714.6,1691.38,57.53
KERALA,ROAD TRANSPORT AND,767,6L OF AZHIYUR-VENGALAM FROM KM. 189.200 TO KM. 230.400 OF NH-66,NHAI,N24001661,10/2020,4/2024,May-25,5/2025,3219.47,3713.14,3713.14,2067.17,43.66
KERALA,ROAD TRANSPORT AND,768,SIX LANING OF KT/KL BORDER (THALAPPDY) TO CHENGALA SECTION OF NH17 (NEW NH-66) FROM CH. 17.200 TO CH,NHAI,N24001662,5/2020,5/2024,Nov-21,3/2025,1981.07,2467.68,1981.07,1366.16,73.4
KERALA,ROAD TRANSPORT AND,769,SIX LANING OF NEELESHWARAM TO THALIPARAMBHA SECTION FROM CH. 94+540 (EXISTING KM 96+450) TO CH. 134+,NHAI,N24001663,6/2020,4/2024,Oct-21,12/2024,3041.65,3799.76,3041.65,2023.42,50.11
KERALA,ROAD TRANSPORT AND,770,SIX LANING OF CHENGALA TO NEELESHWARAM SECTION OF NH-17 (NEW NH-66) FROM CH. 56+200 (EXISTING KM 57+,NHAI,N24001664,6/2020,4/2024,Oct-21,12/2024,1746.45,2377.88,1746.45,1125.92,56.21
KERALA,ROAD TRANSPORT AND,771,WIDENING/DEVELOPMENT OF EXISTING NH-85 FROM KM 0.000 TO KM 124.636 SECTION TO 2L/@L+PS SECTION IN TH,NHAI,N24002074,8/2022,6/2025,N.A.,6/2025,1231.74,N.A.,1231.74,71.34,16.2
KERALA,URBAN DEVELOPMENT,772,KOCHI METRO RAIL PROJECT,KMRCL,N28000081,7/2012,7/2017,Sep-20,9/2020,5181.79,N.A.,6218.14,6059.17,100
KERALA,URBAN DEVELOPMENT,773,KOCHI METRO RAIL PROJECT PHASE II FROM JLN STADIUM TO INFOPARK VIA KAKKANAD,KMRCL,N28000158,7/2018,11/2026,N.A.,11/2026,1957.05,N.A.,1957.05,88.69,0
KERALA,URBAN DEVELOPMENT,774,KOCHI METRO RAIL PROJECT PHASE IB SECTION FROM S N JUNCTION TO THRIPUNITHURA,KMRCL,N28000159,6/2019,9/2023,N.A.,N.A.,355.7,448,448.33,129.81,0
LADAKH,CIVIL AVIATION,775,CONSTRUCTION OF TERMINAL BUILDING AND ASSOCIATED WORKS AT LEH AIRPORT,AAI,N04000078,7/2018,9/2021,Oct-24,3/2025,480.33,N.A.,640,344.56,57.45
LADAKH,ROAD TRANSPORT AND HIGHWAYS,776,KARGIL-ZANSKR PACKAGE-1,NHIDCL,N24001343,3/2021,1/2023,Dec-24,10/2025,384.23,N.A.,384.23,95.01,51.59
LADAKH,ROAD TRANSPORT AND HIGHWAYS,777,KARGIL-ZANSKR PACKAGE-2,NHIDCL,N24001344,3/2021,1/2023,Nov-23,10/2025,404.89,N.A.,404.89,123.4,47.15
LADAKH,ROAD TRANSPORT AND HIGHWAYS,778,KARGIL-ZANSKR PACKAGE-3,NHIDCL,N24001345,8/2020,1/2023,Jun-24,11/2024,381.01,N.A.,381.01,148.8,59.09
LADAKH,ROAD TRANSPORT AND HIGHWAYS,779,KARGIL-ZANSKR PACKAGE-8,NHIDCL,N24001348,3/2021,1/2023,Aug-24,11/2024,398.37,N.A.,398.37,151.03,66.06
LADAKH,ROAD TRANSPORT AND HIGHWAYS,780,CONSTRUCTION OF REALIGNMENT BETWEEN PANDRASS- PASHKYUN (TOTAL LENGTH 27.10 KM) ON ROAD ZOZILA-KARGIL,BRO,N24001999,11/2021,6/2025,N.A.,6/2025,426.14,N.A.,426.14,27.99,14.74
MADHYA PRADESH,CIVIL AVIATION,781,UPGRADATION OF JABALPUR AIRPORT,AAI,N04000087,6/2016,6/2021,N.A.,7/2024,412.24,N.A.,412.24,400.25,100
MADHYA PRADESH,CIVIL AVIATION,782,DEVELOPMENT OF GWALIOR AIRPORT PHASE 01,AAI,N04000098,10/2021,8/2023,Jun-24,7/2024,446.12,N.A.,446.12,426.21,100
MADHYA PRADESH,COAL,783,AMRITDHARA OC PROJECT,SECL,N06000122,2/2015,3/2023,N.A.,3/2027,481.6,N.A.,481.6,0,15
MADHYA PRADESH,COAL,784,RAJNAGAR OCP RPR (1.70 MTY),SECL,N06000124,12/2014,3/2021,Mar-26,3/2026,357.8,N.A.,357.8,81.25,41
MADHYA PRADESH,COAL,785,KANCHAN OC EXPANSION,SECL,N06000125,12/2014,3/2021,Mar-26,3/2026,371.04,N.A.,371.04,130.25,47
MADHYA PRADESH,COAL,786,BATURA HIGHWALL PROJECT,SECL,N06000134,7/2015,3/2022,N.A.,3/2025,231.92,N.A.,231.92,2.75,23
MADHYA PRADESH,COAL,787,AMADAND OPENCAST EXPANSION PROJECT,SECL,N06000148,3/2016,3/2021,Mar-27,3/2027,869.44,N.A.,869.44,248.22,64
MADHYA PRADESH,COAL,788,DUDHICHUA EXPANSION OCP (10 TO 20 MTPA),NCL,N06000162,11/2017,3/2022,N.A.,12/2024,1255.17,N.A.,1255.17,1232.55,96.58
MADHYA PRADESH,COAL,789,GANDHIGRAM UG MINE,WCL,N06000183,8/2019,3/2026,N.A.,3/2026,414.16,N.A.,414.16,24.98,28
MADHYA PRADESH,COAL,790,BLOCK-B EXPANSION OPENCAST PROJECT,NCL,N06000184,7/2019,3/2023,N.A.,3/2025,998.71,N.A.,998.71,353.27,25.91
MADHYA PRADESH,COAL,791,NIGAHI EXPANSION OCP (15 TO 25 MTPA),NCL,N06000196,11/2020,3/2025,N.A.,3/2025,1729.68,N.A.,1729.68,623.31,39.85
MADHYA PRADESH,COAL,792,BATURA WEST OC PROJECT (0.80 MTY),SECL,N06000207,3/2021,3/2028,N.A.,3/2029,496.28,N.A.,496.28,0,2
MADHYA PRADESH,COAL,793,RAMPUR BATURA OC (4.0 MTY),SECL,N06000233,7/2019,3/2026,N.A.,3/2026,1248.93,N.A.,1248.93,464.78,44
MADHYA PRADESH,COAL,794,TAWA III UG MINE,WCL,N06000250,12/2021,3/2027,N.A.,3/2027,324.25,N.A.,324.25,12.32,9
MADHYA PRADESH,COAL,795,AMALGAMATED DHANKASA JAMUNIA UG (1.84 MTY),WCL,N06000257,9/2022,3/2027,N.A.,3/2027,497.01,N.A.,497.01,160.98,42
MADHYA PRADESH,COAL,796,VISHNUPURI UG TO OC,WCL,N06000260,11/2022,3/2029,N.A.,3/2029,227.65,N.A.,227.65,7.02,7
MADHYA PRADESH,COAL,797,URDHAN OC,WCL,N06000265,7/2022,3/2031,N.A.,3/2031,228.42,N.A.,228.42,27.67,9
MADHYA PRADESH,COAL,798,SHARDA UG,WCL,N06000266,7/2022,3/2028,N.A.,3/2028,200.16,N.A.,200.16,34.4,11
MADHYA PRADESH,PETROLEUM,799,ETHYLENE CRACKER PROJECT AT BINA REFINERY INCLUDING DOWNSTREAM PETROCHEMICAL PLANTS AND EXPANSION OF,BPCL,N16000518,5/2023,5/2028,N.A.,5/2028,43367,N.A.,43367,188.5,5.5
MADHYA PRADESH,POWER,800,OMKARESHWAR FLOATING SOLAR POWER PROJECT (90 MW),SJVN,N18000342,11/2022,4/2024,N.A.,8/2024,646.17,N.A.,646.17,591.2,95
MADHYA PRADESH,POWER,801,SHAJAPUR 325MW SOLAR PV PROJECT,NTPC,N18000348,6/2022,3/2024,N.A.,3/2024,1530.49,N.A.,1530.49,590.76,0
MADHYA PRADESH,RAILWAYS,802,"RAMGANJMUNDI-BHOPAL (NL),WCR",WCR,220100314,4/2001,3/2021,Dec-25,12/2025,424.6,3032.46,5125.16,2869.28,68
MADHYA PRADESH,RAILWAYS,803,RATLAM-MHOW-KHANDWA- AKOLA (GC),WR,N22000120,4/2008,3/2022,Mar-26,3/2026,3503.69,5677.8,6203.51,3708.51,79
MADHYA PRADESH,RAILWAYS,804,KATNI - SINGRAULI DOUBLING PROJECT,WCR,N22000351,12/2015,3/2020,N.A.,10/2024,1763.93,N.A.,2445.3,2666.92,99
MADHYA PRADESH,RAILWAYS,805,KATNI-BINA 3RD LINE (263 KM),WCR,N22000415,6/2016,3/2022,Jun-24,6/2024,2478.23,N.A.,2938,1279.35,40
MADHYA PRADESH,RAILWAYS,806,KATNI GRADE SEPARATOR/BYE PASS,WCR,N22000416,8/2016,3/2022,N.A.,9/2024,582.13,N.A.,1247.64,1096.23,0
MADHYA PRADESH,RAILWAYS,807,ANUPPUR-KATNI,SECR,N22000485,4/2015,12/2021,Dec-23,12/2024,1370,1680,2311.02,1571.64,74
MADHYA PRADESH,RAILWAYS,808,NIMACH BADI SADRI NEW LINE PROJECT,WR,N22000503,4/2017,3/2022,N.A.,3/2026,495.18,N.A.,495.18,128.86,20
MADHYA PRADESH,RAILWAYS,809,NIMACH-RATLAM (133 KM),WR,N22000536,10/2021,10/2027,Mar-25,3/2025,910,1095.88,1095.88,670.22,57
MADHYA PRADESH,RAILWAYS,810,POWARKHEDA - JUJHARPUR - SINGLE LINE FLYOVER IN UP DIRECTION (15.89 KM),WCR,N22000552,12/2016,3/2024,N.A.,3/2024,199.63,N.A.,199.63,0,0
MADHYA PRADESH,RAILWAYS,811,SATNA - REWA (50 KM),WCR,N22000554,11/2015,3/2026,N.A.,3/2026,500,N.A.,500,0,72
MADHYA PRADESH,RAILWAYS,812,INDORE BUDNI (INDORE JABALPUR),RVNL,N22000601,9/2018,9/2030,N.A.,9/2030,4340,N.A.,7393.75,1004.86,12
MADHYA PRADESH,ROAD TRANSPORT AND,813,UMARIYA TO SHAHDOL SECTION OF NH-78 IN MADYA PRADESH KM 68/4 TO 142/200,MoRTH,N24000513,3/2015,8/2017,Dec-23,12/2024,511.83,N.A.,511.83,485.18,93.06
MADHYA PRADESH,ROAD TRANSPORT AND,814,BALANCE WORK FOR FOUR LANING OF ITARSI TO BETUL SECTION OF NH69 FROM KM 63.000 TO KM 137.00 (DESIGN,NHAI,N24000709,12/2017,2/2020,N.A.,8/2024,950.27,N.A.,786.43,626.33,98.44
MADHYA PRADESH,ROAD TRANSPORT AND,815,2L+PS OF THIKRI ANJAD SECTION OF NH-347B,MoRTH,N24000892,11/2017,7/2018,N.A.,9/2023,249.05,N.A.,249.05,221.19,100
MADHYA PRADESH,ROAD TRANSPORT AND,816,CONSTRUCTION OF EIGHT LANE ACCESS CONTROLLED EXPRESSWAY CARRIAGEWAY FROM BANI VILLAGE TO BARDAWADI V,NHAI,N24001212,12/2017,11/2022,Dec-24,12/2024,656.98,N.A.,840,1103,98.51
MADHYA PRADESH,ROAD TRANSPORT AND,817,CONSTRUCTION OF EIGHT LANE ACCESS CONTROLLED EXPRESSWAY CARRIAGEWAY FROM RAJASTHAN/MP BORDER TO JODM,NHAI,N24001214,12/2017,12/2022,Dec-24,12/2024,217.96,N.A.,884,2298,99.21
MADHYA PRADESH,ROAD TRANSPORT AND,818,4LBERKHEDI TO GODPEHRA NH- 44,NHAI,N24001614,2/2022,11/2024,N.A.,11/2024,524.84,N.A.,524.84,2124.95,34.5
MADHYA PRADESH,ROAD TRANSPORT AND,819,4L OF SAGAR - MOHARI FROM KM.8 TO KM.50 (PKG-I),NHAI,N24001615,3/2021,4/2024,May-24,8/2024,790.78,N.A.,790.78,1310.81,45.12
MADHYA PRADESH,ROAD TRANSPORT AND,820,2L PS OF SATNA - MAIHAR SECTION OF NH-135BG FROM KM 80.800 TO KM 120.125,NHAI,N24001616,1/2021,10/2023,N.A.,8/2024,428.04,N.A.,428.04,345.36,98.65
MADHYA PRADESH,ROAD TRANSPORT AND,821,KATNI BYPASS FROM KM. 359.50 TO KM. 378.50,NHAI,N24001618,9/2019,9/2022,N.A.,12/2024,194.4,N.A.,194.4,167.43,84.2
MADHYA PRADESH,ROAD TRANSPORT AND,822,4L OF UJJAIN TO BADNAWAR FROM KM 26.900 TO KM 96.00 OF NH-752D,NHAI,N24001756,10/2020,10/2024,N.A.,10/2024,1352.56,N.A.,1480.94,784.8,87.73
MADHYA PRADESH,ROAD TRANSPORT AND,823,4L OF SUHAGADI TO BARDIYA AMRA FROM KM. 89.200 TO KM. 135.351 OF NH-752D (PKG-III),NHAI,N24001758,1/2020,10/2024,N.A.,6/2024,823.05,N.A.,823.05,368.5,98.72
MADHYA PRADESH,ROAD TRANSPORT AND,824,4L OF CHANDESARA TO KHEDAKHAJURIYA FROM KM. 0.000 TO (-) 750 AND KM 0.000 TO KM 41.400 OF NH-752D,NHAI,N24001759,1/2020,6/2024,Dec-24,12/2024,909.84,N.A.,909.84,384.11,67.73
MADHYA PRADESH,ROAD TRANSPORT AND,825,4L OF HARDA - BETUL (PKG-II) FROM KM. 30.00 TO KM.81.00 [TEMAGAON TO CHICHOLI],NHAI,N24001761,2/2023,2/2025,N.A.,2/2025,520.28,N.A.,520.28,325.97,83.14
MADHYA PRADESH,ROAD TRANSPORT AND,826,INDORE - HARDA (PKG-III) [NANASA TO PIDGAON SECTION FROM KM 95.000 TO KM 142.445],NHAI,N24001762,10/2021,1/2024,Dec-24,12/2024,1146.22,N.A.,1146.22,544.06,78.74
MADHYA PRADESH,ROAD TRANSPORT AND,827,4L OF HARDA - BETUL (PKG-I) FROM KM.0 TO KM.30 [HARDA - TEMAGAON],NHAI,N24001763,9/2021,9/2023,Jul-24,7/2024,774.16,N.A.,893.08,463.8,100
MADHYA PRADESH,ROAD TRANSPORT AND,828,4L OF HARDA - BETUL (PKG-III) FROM KM. 81.00 TO KM.121.248 [CHICHOLI - BETUL],NHAI,N24001764,9/2021,9/2023,Jul-24,7/2024,814.04,N.A.,947.29,468.91,99.95
MADHYA PRADESH,ROAD TRANSPORT AND,829,"ADDITIONAL WORKS (2VUPS, MR- 10 JUNCTION FLYOVER AND UNDERPASS) IN SIX LANE INDORE-DEWAS SECTION OF N",NHAI,N24001765,8/2022,7/2024,N.A.,7/2024,207.77,N.A.,207.77,39.47,32.19
MADHYA PRADESH,ROAD TRANSPORT AND,830,INDORE - HARDA (PKG-I) [INDORE TO RAGHAV GARH FROM KM. 0.25 TO KM. 26.903],NHAI,N24001766,1/2022,10/2024,N.A.,10/2024,1011.29,N.A.,1011.29,145.17,30.21
MADHYA PRADESH,ROAD TRANSPORT AND,831,4L OF INDORE - BOREGAON (PKG-III) [BALWARA TO DHANGAON] FROM KM. 42.260 TO KM. 82.660 OF NH347BG AND,NHAI,N24001767,1/2021,4/2024,N.A.,4/2024,1001.69,N.A.,1001.69,448.33,76
MADHYA PRADESH,ROAD TRANSPORT AND,832,BALANCE WORK OF 4L OF INDORE-GUJARAT/MP BORDER FROM KM 106.210 TO KM 115.250 (START AND END POINT OF,NHAI,N24001768,8/2019,4/2023,N.A.,11/2023,323.51,N.A.,323.51,48.2,100
MADHYA PRADESH,ROAD TRANSPORT AND,833,DHANGAON - BORGAON SECTION (KM 81.000 TO KM 139.000) [INDORE - EDLABAD PKG IV],NHAI,N24001769,11/2018,8/2023,Aug-24,8/2024,831,N.A.,831,840.3,99.8
MADHYA PRADESH,ROAD TRANSPORT AND,834,4L OF OBEDULLGANJ - BUDNI SECTION FROM KM. 8.400 TO KM. 20.700 IN RATANPANI WILDLIFE AREA OF NH - 69,NHAI,N24001770,2/2022,3/2024,Dec-24,12/2024,417.51,N.A.,417.51,210.58,69.46
MADHYA PRADESH,ROAD TRANSPORT AND,835,2- LANE WITH PAVED SHOULDERS OF HINOTIYA TO MEHULWA FROM DESIGN KM 27+000 9OF EXISTING SH-19 KM 26+5,NHAI,N24001921,8/2021,9/2025,N.A.,9/2025,581.65,592.03,581.65,107.8,19.15
MADHYA PRADESH,ROAD TRANSPORT AND,836,"CONSTRUCTION OF MIHONA BYPASS, LAHAR BYPASS, DABOH BYPASS and BHANDER BYPASS (TOTAL LENGTH 20.60 KM)",MoRTH,N24001962,3/2022,12/2024,N.A.,12/2024,179.19,N.A.,179.19,75.91,60
MADHYA PRADESH,ROAD TRANSPORT AND,837,UPGRADATION OF NASRULLAGANI-REHTI-BUDHNI SCCTION TO 2-LANE WITH PAVED SHOULDER FROM KM 0+150 TO KM,MoRTH,N24001963,12/2021,10/2024,N.A.,3/2025,305.12,N.A.,305.12,73.8,17
MADHYA PRADESH,ROAD TRANSPORT AND,838,UPGRADATION and WIDENING OF JHARKHEDA- BERASIA - DHOLKHEDI FROM DESIGN KM 0+000 TO KM 87+900 (DESIGN,MoRTH,N24001964,3/2022,5/2025,N.A.,5/2025,365.21,N.A.,365.21,151.39,64
MADHYA PRADESH,ROAD TRANSPORT AND,839,"REHABILITATION AND UPGRADATION OF KURWAI?MUNGAOLI?CHANDERI ROAD SECTION OF NH-346, FROM DESIGN CHAIN",MoRTH,N24001965,3/2022,2/2025,N.A.,2/2025,386.49,N.A.,386.49,103.75,32
MADHYA PRADESH,ROAD TRANSPORT AND,840,BALANCE WORK FOR REHABILITATION AND UP- GRADATION OF SIDHI- SINGRAULI FROM KM 82.400 TO KM 187.993 SEC,MoRTH,N24001966,12/2020,4/2023,May-23,12/2024,529.44,N.A.,529.44,165.6,45.69
MADHYA PRADESH,ROAD TRANSPORT AND,841,4L GREENFIELD RUDHI TO DESHGAON (PKG V OF BETUL- KHANDWA/DESHGAON) - N/04015/06003/MP,NHAI,N24001967,11/2018,10/2025,N.A.,10/2025,521.21,N.A.,521.21,52.23,10.86
MADHYA PRADESH,ROAD TRANSPORT AND,842,REHABILITATION AND UPGRADATION TO 2-LANE WITH PAVED SHOULDER CONFIGURATION OF JIRAPUR- SUSNER-MP-RJ B,MoRTH,N24002018,1/2022,3/2025,N.A.,3/2025,239.72,232.22,232.22,129.45,68.35
MADHYA PRADESH,ROAD TRANSPORT AND,843,UPGRADATION OF DINDORI- SAGARTOLA-KABICHABUTRA (MP-CG BORDER) SECTION OF NH -45 FROM KM 0+00(DESIGN),MoRTH,N24002019,1/2022,9/2025,N.A.,9/2025,329.14,319.09,319.09,111.42,23.5
MADHYA PRADESH,ROAD TRANSPORT AND,844,"CONSTRUCTION OF KAITHI- PADARIA KALA BYPASS, PATNA- TAMOLI BYPASS, JASO BYPASS , NAGOD BYPASS (TOTAL L",MoRTH,N24002020,3/2022,10/2025,N.A.,10/2025,158.36,158,158.36,37.78,2
MADHYA PRADESH,ROAD TRANSPORT AND,845,BALANCE WORK OF 4L OF NAURADEHI SANCTUARY DE- SCOPED STRETCH OF HIRAN RIVER TO SINDOOR RIVER FROM KM.,NHAI,N24002067,1/2021,7/2023,N.A.,12/2024,178.18,N.A.,178.18,161.64,80.82
MADHYA PRADESH,ROAD TRANSPORT AND,846,CONSTRUCTION OF 4-LANE FROM BARELA TO MANEGAON SECTION OF NH-30 FROM DESIGN CH. 2.900 TO DESIGN CH.,NHAI,N24002068,12/2022,3/2025,N.A.,3/2025,652.33,N.A.,652.33,212.34,39.69
MADHYA PRADESH,ROAD TRANSPORT AND,847,CONSTRUCTION OF ADDITIONAL 3 LANE WITH PAVED SHOULDER (DESIGN LENGTH 8.87 KM) AS REALIGNMENT OF BAKA,NHAI,N24002069,7/2022,12/2024,N.A.,12/2024,209.29,N.A.,209.29,113.25,85.28
MADHYA PRADESH,ROAD TRANSPORT AND,848,INDORE - EDLABAD (PKG-II) [TEJAJINAGAR TO BALWARA],NHAI,N24002070,1/2022,1/2025,N.A.,1/2025,1162.8,N.A.,1162.8,422.46,67.02
MADHYA PRADESH,ROAD TRANSPORT AND,849,CONSTRUCTION OF (I) 4-LANE HIGHWAY FROM VIDISHA TO HINOTIYA FROM KM. 0.000 TO KM. 27.000 (LENGTH=27,NHAI,N24002077,9/2022,12/2025,N.A.,12/2025,1000.63,N.A.,1000.63,96.16,10.01
MADHYA PRADESH,SOCIAL JUSTICE,850,CENTRE FOR DISABILITY SPORTS,CPWD,N38000001,2/2019,3/2024,N.A.,3/2024,170.99,N.A.,170.99,73.8,74
MADHYA PRADESH,URBAN DEVELOPMENT,851,BHOPAL METRO RAIL,MPMRCL,N28000124,11/2018,2/2023,Dec-27,12/2027,6941.4,N.A.,6941.4,2242.03,27.46
MADHYA PRADESH,URBAN DEVELOPMENT,852,INDORE METRO RAIL,MPMRCL,N28000125,11/2018,2/2023,Dec-27,12/2027,7500.8,N.A.,7500.8,2943.2,43.27
MAHARASHTRA,CIVIL AVIATION,853,"CONSTRUCTION OF NEW INTEGRATED TERMINAL BUILDING, RECONSTRUCTION OF OLD TERMINAL BUILDING, MODIFICAT",AAI,N04000079,3/2017,4/2021,N.A.,12/2023,475.39,N.A.,520,505.22,100
MAHARASHTRA,CIVIL AVIATION,854,"EXTENSION OF RUNWAY WITH BLAST PAD, RESA, TAXIWAY, APRON, GSE AREA, ISOLATION BAY, NEW DOMESTIC TERM",AAI,N04000096,6/2017,12/2020,N.A.,4/2024,255.68,N.A.,265,262.56,100
MAHARASHTRA,COAL,855,AMALGAMATED YEKONA-I YEKONA-II,WCL,N06000132,8/2015,3/2025,N.A.,3/2025,727.28,N.A.,727.28,534.87,86
MAHARASHTRA,COAL,856,UKNI DEEP OC,WCL,N06000179,11/2018,3/2021,Mar-25,3/2025,318.14,N.A.,318.14,253.27,91
MAHARASHTRA,COAL,857,BELLORA-NAIGAON DEEP OC,WCL,N06000180,11/2018,3/2021,Mar-25,3/2025,252.71,N.A.,252.71,122.94,56
MAHARASHTRA,COAL,858,GHONSA EXPANSION DEEP OC,WCL,N06000205,3/2021,3/2028,N.A.,3/2028,241.72,N.A.,241.72,59.3,6
MAHARASHTRA,COAL,859,SASTI EXPANSION OC,WCL,N06000206,8/2020,3/2026,N.A.,3/2026,371.59,N.A.,371.59,105.64,24
MAHARASHTRA,COAL,860,DHUPTALA OC(SASTI UG TO OC),WCL,N06000209,2/2019,3/2028,N.A.,3/2028,720.87,N.A.,720.87,179.54,33
MAHARASHTRA,COAL,861,ADASA UG TO OC (1.50 MTY),WCL,N06000219,11/2018,3/2024,Mar-25,3/2025,333.43,N.A.,333.43,223.17,78
MAHARASHTRA,COAL,862,DINESH (MAKARDHOKDA-III) OC (8.0 MTY),WCL,N06000222,2/2020,3/2027,N.A.,3/2027,1184.33,N.A.,1184.33,849.44,48
MAHARASHTRA,COAL,863,AMALGAMATED INDER-KAMPTEE DEEP OC (3.20 MTY),WCL,N06000226,9/2018,3/2024,Mar-25,3/2025,313.34,N.A.,313.34,205.45,87
MAHARASHTRA,COAL,864,MUNGOLI NIRGUDA EXTENSION (DEEP) OC,WCL,N06000231,11/2020,3/2026,N.A.,3/2026,826.8,N.A.,826.8,518.85,52
MAHARASHTRA,COAL,865,SAONER UG MINE I EXPANSION,WCL,N06000251,1/2022,3/2028,N.A.,3/2028,253.51,N.A.,253.51,111.68,27
MAHARASHTRA,COAL,866,SINGHORI DEEP OC,WCL,N06000252,5/2022,3/2029,N.A.,3/2029,421.84,N.A.,421.84,115.89,16
MAHARASHTRA,COAL,867,MAKARDHOKDA I EXPANSION OC,WCL,N06000253,6/2022,3/2026,N.A.,3/2026,497.06,N.A.,497.06,144.88,12
MAHARASHTRA,COAL,868,BHATADI EXPANSION OC,WCL,N06000254,2/2020,3/2028,N.A.,3/2028,729.86,N.A.,729.86,159.12,17
MAHARASHTRA,COAL,869,NEW MAJARI UG TO OC (3.0 MTY),WCL,N06000255,5/2019,3/2027,N.A.,3/2027,496.38,N.A.,496.38,143.72,27
MAHARASHTRA,COAL,870,BHANEGAON OC (1.15MTY),WCL,N06000256,9/2022,3/2028,N.A.,3/2028,494.6,N.A.,494.6,99.87,7
MAHARASHTRA,COAL,871,GOKUL EXPANSION OC,WCL,N06000264,4/2021,3/2026,N.A.,3/2026,456.95,N.A.,456.95,148.57,7
MAHARASHTRA,COAL,872,KOLGAON EXPANSION (DEEP) OC,WCL,N06000267,1/2023,3/2027,N.A.,3/2027,206.19,N.A.,206.19,7.75,5
MAHARASHTRA,COAL,873,AMALGAMATED GAURI PAUNI EXPANSION OC,WCL,N06000271,3/2024,3/2030,N.A.,3/2030,1428.25,N.A.,1428.25,203.03,17
MAHARASHTRA,DEPARTMENT OF HIGHER EDUCATION,874,"CONSTRUCTION OF IITB RESEARCH PARK AT IIT BOMBAY, POWAI, MUMBAI",CPWD EDUCATION,N28000117,1/2018,7/2020,Nov-23,2/2024,223.37,275,230,141.16,100
MAHARASHTRA,HEALTH AND FAMILY WELFARE,875,500 BEDDED HOSPITAL INCLUDING 50 SUPERSPECIALITY BEDS FOR ESIC AT PUNE,CPWD,N21000033,7/2022,9/2025,N.A.,9/2025,429.25,N.A.,429.25,44.36,0
MAHARASHTRA,PETROLEUM,876,LIFE EXTENSION OF WALL PLATFORMS OF MUMBAI HIGH AND HEERA FIELDS,ONGC,N16000213,12/2015,4/2018,Dec-23,5/2026,3190.69,3375.9,3375.9,2961.86,87.6
MAHARASHTRA,PETROLEUM,877,MUMBAI HIGH NORTH REDEVELOPMENT PHASE-IV,ONGC,N16000358,4/2019,3/2022,Jun-24,2/2025,3228.8,3976.67,3976.67,3913.3,98.6
MAHARASHTRA,PETROLEUM,878,SETTING UP 500KTPA PROPANE DEHYDROGENATION INTEGRATED WITH POLYPROPYLENE UNIT ALONG WITH OFFSITE AND,GAIL,N16000430,5/2019,4/2025,Oct-25,10/2025,8797,11256,11256,4435.88,70.9
MAHARASHTRA,PETROLEUM,879,PIPELINE REPLACEMENT PROJECT - VII,ONGC,N16000436,1/2022,5/2024,Jan-25,1/2025,3183.58,N.A.,3645.23,3416.52,99
MAHARASHTRA,PETROLEUM,880,DEBOTTLENECKING AND AUGMENTATION OF CRYOGENIC FACILITIES AT URAN LPG IMPORT TERMINAL,BPCL,N16000442,4/2021,6/2024,N.A.,4/2025,1164.69,N.A.,1164.69,578.26,49.1
MAHARASHTRA,PETROLEUM,881,EXPANSION OF CRYOGENICS GROUP BY SETTING UP NEW MANUFACTURING FACILITY,IOCL,N16000446,9/2021,10/2023,May-24,5/2024,378,N.A.,378,120.07,39.08
MAHARASHTRA,PETROLEUM,882,CONSTRUCTION OF LUBE OIL BLENDING AND FILLING PLANT AT RASAYANI,BPCL,N16000452,5/2022,3/2024,N.A.,9/2024,423.39,N.A.,423.39,181.27,63
MAHARASHTRA,PETROLEUM,883,ATF PIPELINE FROM JAWAHARLAL NEHRU PORT TRUST (JNPT) TO NAVI MUMBAI INTERNATIONAL AIRPORT (NMIA),IOCL,N16000456,9/2022,8/2025,N.A.,8/2025,165,N.A.,165,40.16,46.77
MAHARASHTRA,PETROLEUM,884,DAMAN UPSIDE DEVELOPMENT PROJECT (DUDP) IN TAPTI DAMAN BLOCK,ONGC,N16000470,6/2022,10/2025,N.A.,2/2026,4144.41,5726.03,5726.03,1.21,5.4
MAHARASHTRA,PETROLEUM,885,"CGD PROJECT AT BEED, JALGAON AND JALNA DISTRICTS",IOCL,N16000487,3/2022,3/2030,N.A.,9/2031,865,N.A.,865,42.33,1.3
MAHARASHTRA,PETROLEUM,886,ANDHERI RESIDENTIAL TOWERS MUMBAI,IOCL,N16000503,6/2017,5/2025,N.A.,5/2025,281.35,N.A.,281.35,81,36.9
MAHARASHTRA,PETROLEUM,887,CONSTRUCTION OF ADDITIONAL TANKAGES AND ALLIED FACILITIES AT JNPT TERMINAL,IOCL,N16000504,4/2022,10/2024,Aug-26,8/2026,341.43,N.A.,341.43,188.94,22.1
MAHARASHTRA,PETROLEUM,888,INSTALLATION OF INDEPENDENT DE- AROMATIZED SOLVENTS PRODUCTION FACILITIES AT MUMBAI REFINERY,BPCL,N16000507,3/2023,7/2025,N.A.,7/2025,405,N.A.,405,54.78,43.8
MAHARASHTRA,PETROLEUM,889,PART REPLACEMENT PIPELINE PROJECT (PRPP),ONGC,N16000515,11/2022,5/2024,Dec-24,12/2024,1219.48,N.A.,1145.1,0,33.6
MAHARASHTRA,PETROLEUM,890,POL AND LOBS INSTALLATIONS WITH RECEIPT PIPELINES AT RASAYANI,BPCL,N16000519,5/2023,5/2026,N.A.,5/2026,2585,N.A.,2585,93.77,16
MAHARASHTRA,PETROLEUM,891,MHN TCPP PGC BGC PROJECT (MTPBP),ONGC,N16000526,2/2024,5/2026,N.A.,5/2026,2329.45,N.A.,2354.23,70.11,12.3
MAHARASHTRA,POWER,892,BIKANER SOLAR POWER PROJECT,SJVN,N18000335,4/2022,5/2024,N.A.,3/2025,5491.89,532,5491.89,2701.37,68
MAHARASHTRA,POWER,893,TS FOR EVACUATION OF 7GW RE INJECTION AT KHAVDA PS UNDER PHASE-IV PART E4,PGCIL,N18000377,11/2023,7/2025,N.A.,7/2025,224,N.A.,224,0,0
MAHARASHTRA,RAILWAYS,894,AHMEDNAGAR-PARLI VAIJNATH(NL) CR,CR,220100181,2/1997,3/2021,N.A.,12/2025,2271.5,N.A.,4805.17,4072.18,84
MAHARASHTRA,RAILWAYS,895,MUMBAI URBAN TRANSPORT PROJECT PHASE-II,MRTP,N22000092,4/2008,3/2014,N.A.,3/2014,5300,N.A.,918.53,7135.77,21
MAHARASHTRA,RAILWAYS,896,WARDHA-NANDED MAHARASHTRA,CR,N22000231,4/2008,3/2023,N.A.,12/2026,3168.29,N.A.,3445.48,2394.71,47
MAHARASHTRA,RAILWAYS,897,KALYAN-KASARA 3RD LINE,CR,N22000233,4/2011,3/2021,N.A.,12/2025,792.89,N.A.,792.89,700.54,50
MAHARASHTRA,RAILWAYS,898,WARDHA-SEWAGRAM NGP 3RD LINE,CR,N22000250,4/2012,3/2022,N.A.,3/2025,540.02,N.A.,540.02,547.33,72
MAHARASHTRA,RAILWAYS,899,WARDHA-BALHARSHAH - 3RD LINE (132 KM),CR,N22000356,2/2015,3/2022,N.A.,3/2025,1272.19,N.A.,1384.72,1021.24,67
MAHARASHTRA,RAILWAYS,900,ITARSI-NAGPUR (BAL.) - 3RD LINE (267 KM),CR,N22000358,2/2015,3/2023,N.A.,3/2027,2449.91,N.A.,2449.91,1254.93,42
MAHARASHTRA,RAILWAYS,901,PUNE-MIRAJ-LONDA (467 KM),CR,N22000359,2/2015,3/2024,N.A.,6/2024,3627.47,3627,6463.49,3737.52,84
MAHARASHTRA,RAILWAYS,902,DAUND - MANMAD (236 KM),CR,N22000360,2/2016,3/2023,N.A.,12/2024,1876,N.A.,2081.27,2056.27,86
MAHARASHTRA,RAILWAYS,903,MANMAD - JALGAON - 3RD LINE (160 KM),CR,N22000361,2/2016,3/2022,N.A.,12/2024,1035.16,N.A.,1035.16,1219.08,75
MAHARASHTRA,RAILWAYS,904,WARDHA - NAGPUR - 4TH LINE (76 KM),CR,N22000362,2/2016,3/2023,N.A.,3/2025,637.95,N.A.,637.95,717.11,70
MAHARASHTRA,RAILWAYS,905,RAJNANDGAON - NAGPUR - 3RD LINE (SECR),SECR,N22000420,9/2016,3/2023,Dec-23,12/2025,1908.51,2753.05,3544.25,2714.42,80
MAHARASHTRA,RAILWAYS,906,MUMBAI CENTRAL VIRAR VADODARA AHMEDABAAD TRAIN PROTECTION SYSTEM 500 RKM,WR,N22000434,3/2010,,N.A.,3/2024,265.88,N.A.,311.36,0,0
MAHARASHTRA,RAILWAYS,907,WADSA-GADHCHIROLI NEW LINE (52.36 KM),SECR,N22000480,6/2018,12/2021,N.A.,12/2026,229,N.A.,1886.05,462.93,20
MAHARASHTRA,RAILWAYS,908,PACHORA-JAMNER WITH EXTENSION UPTO MALKAPUR NG TO BG,CR,N22000511,8/2022,8/2027,N.A.,3/2027,955,N.A.,955.39,56.34,0
MAHARASHTRA,RAILWAYS,909,SOLAPUR-TULJAPUR- OSMANABAD (UMBRELLA WORK),CR,N22000513,1/2019,3/2028,N.A.,3/2027,904.92,N.A.,904.92,954.11,5
MAHARASHTRA,RAILWAYS,910,DHULE (BORVIHIR)-NARDANA (UMBRELLA WORK),CR,N22000514,1/2019,3/2026,N.A.,12/2026,492.76,N.A.,492.76,149.6,5
MAHARASHTRA,RAILWAYS,911,KALYAN-MURBAD VIA ULHASNAGAR (UMBRELLA WORK),CR,N22000515,2/2023,3/2027,N.A.,3/2026,836.12,N.A.,836.12,5.28,0
MAHARASHTRA,RAILWAYS,912,BARAMATI - LONAND,CR,N22000615,2/1999,3/2027,N.A.,3/2026,736.44,N.A.,736.44,518.52,50
MAHARASHTRA,RAILWAYS,913,MUMBAI URBAN TRANSPORT PROJECT IIIA,MRVC,N22000627,4/2019,3/2025,N.A.,12/2027,33690,N.A.,33690,846.83,0
MAHARASHTRA,RAILWAYS,914,NAGPUR- NAGBHIR RAILWAY LINE GAUGE CONVERSION PROJECT,MRIDC,N22000629,10/2019,6/2024,N.A.,6/2024,1400,N.A.,1400,0,74
MAHARASHTRA,ROAD TRANSPORT AND,915,REHABILITATION AND UPGRADATION OF END OF AHMEDNAGAR BYPASS TO KHARWANDI KASAR SECTION OF NH-222 FROM,MoRTH,N24000332,1/2015,,N.A.,N.A.,225.81,N.A.,225.81,167.96,0
MAHARASHTRA,ROAD TRANSPORT AND,916,"CONSTRUCTION OF FLYOVER AT KM.544.650 INCLUDING ROB ,SERVICE ROADS ,FOOTPATH FOR RCC DRAINS ON URBAN",NHAI,N24000442,12/2015,3/2019,Nov-23,10/2024,649.5,N.A.,649.5,574.08,86.22
MAHARASHTRA,ROAD TRANSPORT AND,917,NAGPUR RING ROAD PACKAGE- 1,NHAI,N24000558,3/2016,7/2019,Jul-23,8/2024,546,N.A.,546,526.26,100
MAHARASHTRA,ROAD TRANSPORT AND,918,NAGPUR RING ROAD PACKAGE- 2,NHAI,N24000560,3/2016,7/2019,Mar-24,9/2024,591.66,N.A.,591.66,575.54,90.2
MAHARASHTRA,ROAD TRANSPORT AND,919,4-LANNING OF NH17 AND NEW NO. NH66 FROM KM 161/600 TO 205/400 UNDER HYBRID ANNUITY MODE,MoRTH,N24000584,3/2016,,N.A.,12/2023,1142.62,1907.03,1142.62,1056.08,95.17
MAHARASHTRA,ROAD TRANSPORT AND,920,4-LANNING OF NH17 AND NEW NO. NH66 FROM KM 241/300 TO 281/300 UNDER HYBRID ANNUITY MODE,MoRTH,N24000585,3/2016,,N.A.,N.A.,1101.58,N.A.,1101.58,608.53,65.22
MAHARASHTRA,ROAD TRANSPORT AND,921,CONSTRUCTION OF NEW 4- LANE BRIDGE ACROSS VARSOVA CREEK AND ITS APPROACHES WITH INTERCHANGE IN THE ST,NHAI,N24000655,3/2017,3/2020,Dec-24,12/2024,247.02,N.A.,157.49,83.6,97.46
MAHARASHTRA,ROAD TRANSPORT AND,922,4-LANNING OF BODHRE-DHULE SECTION(KM 390.000 TO 452.800),NHAI,N24000656,3/2017,3/2020,Jul-22,7/2024,744.64,N.A.,1007,380.66,74.89
MAHARASHTRA,ROAD TRANSPORT AND,923,4-LANNING OF WARANGA- MAHAGAON SECTION(KM 253.7000 TO 320.580),NHAI,N24000659,3/2017,3/2017,May-21,10/2024,1059.73,1071,1071,878.19,82.04
MAHARASHTRA,ROAD TRANSPORT AND,924,CONSTRUCTION OF 8 LANING OF EXISTING 4 LANE VADAPE TO THANE FROM KM 539.202 TO KM 563.000 SECTION OF,NHAI,N24000851,3/2018,7/2021,N.A.,9/2024,1162.92,1182.87,1182.87,371.48,52
MAHARASHTRA,ROAD TRANSPORT AND,925,SARSAM TO KOTHARI,MoRTH,N24001002,2/2016,7/2019,N.A.,12/2023,545.64,N.A.,545.64,232.64,93.68
MAHARASHTRA,ROAD TRANSPORT AND,926,AKOLA TO AKOT,MoRTH,N24001003,1/2017,6/2019,N.A.,12/2023,313.95,N.A.,313.95,270.26,99
MAHARASHTRA,ROAD TRANSPORT AND,927,DIGRAS DARWAH KARANJA,MoRTH,N24001013,1/2017,6/2019,N.A.,12/2023,391.06,391,391.06,287.6,92.76
MAHARASHTRA,ROAD TRANSPORT AND,928,DAHEGAON TO KUHI,MoRTH,N24001017,1/2017,6/2019,N.A.,12/2023,228.89,229,228.89,154.82,99
MAHARASHTRA,ROAD TRANSPORT AND,929,BHANDARA TO GHOTITOK,MoRTH,N24001018,1/2017,6/2019,N.A.,6/2019,392.83,393,392.83,274.75,100
MAHARASHTRA,ROAD TRANSPORT AND,930,AMDI TO SAONER,MoRTH,N24001021,1/2017,6/2019,N.A.,12/2023,396.91,397,396.91,289.79,98.69
MAHARASHTRA,ROAD TRANSPORT AND,931,WADI TO ASOLA,MoRTH,N24001022,1/2017,9/2019,N.A.,12/2023,363.82,364,363.82,154.65,93.15
MAHARASHTRA,ROAD TRANSPORT AND,932,WAKAN PALI KHOPOLI,MoRTH,N24001026,1/2017,5/2019,N.A.,10/2023,376.19,N.A.,376.19,118.74,99.15
MAHARASHTRA,ROAD TRANSPORT AND,933,SHAHPUR PATGAON SECTION I,MoRTH,N24001027,1/2018,12/2019,N.A.,3/2024,150.79,N.A.,150.79,81.14,70.66
MAHARASHTRA,ROAD TRANSPORT AND,934,AHMADPUR TO PIMPLA,MoRTH,N24001029,1/2017,8/2019,N.A.,12/2023,422.38,N.A.,422.38,269.59,83
MAHARASHTRA,ROAD TRANSPORT AND,935,PIMPLA TO MANJARSUMBHA,MoRTH,N24001030,1/2017,8/2019,N.A.,12/2023,595.77,N.A.,595.77,357.73,89.6
MAHARASHTRA,ROAD TRANSPORT AND,936,MANSAR TO SALAIKHURD,MoRTH,N24001035,1/2018,12/2019,N.A.,11/2023,418.36,N.A.,418.36,263.13,98.86
MAHARASHTRA,ROAD TRANSPORT AND,937,JINTUR TO PARBHANI,MoRTH,N24001039,1/2017,,N.A.,12/2023,356.66,N.A.,356.66,209.48,80.48
MAHARASHTRA,ROAD TRANSPORT AND,938,JAHIRABAD TO LATUR,MoRTH,N24001040,1/2017,11/2019,N.A.,11/2023,461.96,N.A.,461.96,329.59,99
MAHARASHTRA,ROAD TRANSPORT AND,939,SHIROD SHAHPURER TO NANDED,MoRTH,N24001041,1/2017,7/2019,N.A.,12/2023,211.34,N.A.,211.34,136.33,99.9
MAHARASHTRA,ROAD TRANSPORT AND,940,SALAIKHURD TO TIRORA,MoRTH,N24001042,1/2018,12/2019,N.A.,12/2023,415.25,415.25,415.25,274.02,7.99
MAHARASHTRA,ROAD TRANSPORT AND,941,NILAJPHATA TO BHANDARA,MoRTH,N24001043,1/2018,5/2020,N.A.,12/2023,420.63,421,420.63,219.4,71
MAHARASHTRA,ROAD TRANSPORT AND,942,RALEGAON TO RAMTIRTH,MoRTH,N24001046,1/2017,7/2019,N.A.,8/2023,210.81,N.A.,210.81,210.81,96.5
MAHARASHTRA,ROAD TRANSPORT AND,943,MEHKAR TO AJISPUR,MoRTH,N24001048,1/2017,7/2019,N.A.,8/2023,232.77,N.A.,232.77,151.6,100
MAHARASHTRA,ROAD TRANSPORT AND,944,VITA TO NAGAJ,MoRTH,N24001050,3/2018,12/2019,N.A.,12/2023,304.58,305,304.58,154.68,68.39
MAHARASHTRA,ROAD TRANSPORT AND,945,KARAD PATAN CHIPLUN GUHAGAR,MoRTH,N24001057,2/2017,6/2019,N.A.,10/2023,407.19,407,407.19,323.02,89.97
MAHARASHTRA,ROAD TRANSPORT AND,946,KARWANDI TO RAJURI,MoRTH,N24001058,3/2018,12/2019,N.A.,3/2024,276.95,277,276.95,160.94,92.06
MAHARASHTRA,ROAD TRANSPORT AND,947,PALPHATA TO PHULAMBARI,MoRTH,N24001060,3/2018,12/2019,N.A.,12/2023,227.19,227,227.19,141.92,95
MAHARASHTRA,ROAD TRANSPORT AND,948,CHIKALI TO DHAD,MoRTH,N24001061,3/2018,12/2019,N.A.,3/2024,189.46,189,189.46,133.07,97.76
MAHARASHTRA,ROAD TRANSPORT AND,949,DHAD BHOKARDAN TO BHOKARDHAN SILLOD,MoRTH,N24001062,3/2018,12/2019,N.A.,3/2024,336.21,336,336.21,236.11,99.82
MAHARASHTRA,ROAD TRANSPORT AND,950,PARBHANI TO GANGKHED,MoRTH,N24001065,3/2018,12/2019,N.A.,10/2023,238.19,238,238.19,194.54,99
MAHARASHTRA,ROAD TRANSPORT AND,951,NANDED TO JALKOT,MoRTH,N24001069,12/2017,9/2019,N.A.,9/2019,456.93,457,456.93,278.22,0
MAHARASHTRA,ROAD TRANSPORT AND,952,KOTHARI TO DHANORA,MoRTH,N24001073,9/2018,8/2020,N.A.,8/2020,301.38,301,301.38,240.32,96.32
MAHARASHTRA,ROAD TRANSPORT AND,953,OSMANNAGAR TO KUNDRAL,MoRTH,N24001075,9/2017,8/2020,N.A.,12/2023,344.25,344,344.25,194.72,95.63
MAHARASHTRA,ROAD TRANSPORT AND,954,PUNE TO MALE VILLAGE,MoRTH,N24001078,3/2018,12/2019,N.A.,12/2023,228.31,N.A.,228.31,100.97,93.83
MAHARASHTRA,ROAD TRANSPORT AND,955,ARDHAPUR TO HIMAYATNAGAR,MoRTH,N24001079,12/2017,6/2020,N.A.,12/2023,426.06,426,426.06,271.4,96
MAHARASHTRA,ROAD TRANSPORT AND,956,MALE VILLAGE TO PUNE RAIGARH DISTRICT BORDER,MoRTH,N24001080,3/2018,12/2019,N.A.,10/2023,256.15,N.A.,256.15,126.62,98
MAHARASHTRA,ROAD TRANSPORT AND,957,HIMAYATNAGAR TO PHULSAWANGI,MoRTH,N24001081,3/2018,12/2019,N.A.,12/2023,294.87,295,294.87,183.17,89.99
MAHARASHTRA,ROAD TRANSPORT AND,958,PUNE RAIGARH DISTRICT BORDER TO MANGAON,MoRTH,N24001082,3/2018,12/2019,N.A.,12/2023,223.46,N.A.,223.46,123.46,100
MAHARASHTRA,ROAD TRANSPORT AND,959,KOLDE TO KHETIYA,MoRTH,N24001090,1/2017,7/2019,N.A.,12/2023,509.18,N.A.,509.18,283.13,94.81
MAHARASHTRA,ROAD TRANSPORT AND,960,SATARA TO MHASWAD,MoRTH,N24001092,1/2017,7/2019,N.A.,12/2023,653.46,N.A.,653.46,369.62,76.76
MAHARASHTRA,ROAD TRANSPORT AND,961,SATARA MURVAD PILLOV PANDHARPUR,MoRTH,N24001095,1/2017,,N.A.,6/2024,388.44,N.A.,388.44,240.05,88.16
MAHARASHTRA,ROAD TRANSPORT AND,962,SELDOH TO PANVAR,MoRTH,N24001097,7/2018,5/2020,N.A.,5/2020,404.33,404,404.33,140.65,0
MAHARASHTRA,ROAD TRANSPORT AND,963,MHASWAD TO TEMBHURNI,MoRTH,N24001099,1/2017,7/2019,N.A.,12/2023,488.6,N.A.,488.6,279.42,76.5
MAHARASHTRA,ROAD TRANSPORT AND,964,KURUDWADI TO PANDHARPUR,MoRTH,N24001101,1/2017,7/2019,N.A.,11/2023,307.63,N.A.,307.63,232.57,96.27
MAHARASHTRA,ROAD TRANSPORT AND,965,PANDHARPUR TO SANGOLA,MoRTH,N24001102,7/2017,7/2019,N.A.,12/2023,218.38,N.A.,218.38,182.63,99.78
MAHARASHTRA,ROAD TRANSPORT AND,966,CHIMUR TO WARORA,MoRTH,N24001105,11/2016,3/2019,N.A.,3/2019,467.7,N.A.,467.7,235.04,100
MAHARASHTRA,ROAD TRANSPORT AND,967,PEN TO KHOPOLI,MoRTH,N24001106,3/2018,3/2018,N.A.,1/2024,301.39,302,301.39,170.12,82.07
MAHARASHTRA,ROAD TRANSPORT AND,968,PANCHARAL TO MANDANGHAR,MoRTH,N24001107,7/2018,5/2020,N.A.,5/2020,381.08,302,381.08,45.66,0
MAHARASHTRA,ROAD TRANSPORT AND,969,KOLHA TO NASRATPUR,MoRTH,N24001111,4/2016,4/2019,N.A.,8/2024,281.78,282,281.78,77.83,0
MAHARASHTRA,ROAD TRANSPORT AND,970,NASRATPUR TO BARASGAON,MoRTH,N24001112,7/2016,9/2019,N.A.,3/2024,406.54,407,406.54,274.3,80.7
MAHARASHTRA,ROAD TRANSPORT AND,971,BARASGAON TO RAHATEE,MoRTH,N24001113,7/2016,9/2018,N.A.,12/2023,289.11,290,289.11,232.56,99
MAHARASHTRA,ROAD TRANSPORT AND,972,INDAPUR TO VADPALE,MoRTH,N24001114,1/2017,12/2019,N.A.,3/2024,1202.52,1656.94,1202.52,1450.82,61.42
MAHARASHTRA,ROAD TRANSPORT AND,973,PAITHAN TO SHIRUR,MoRTH,N24001122,3/2017,6/2019,N.A.,3/2024,341.8,N.A.,341.8,226.19,78.6
MAHARASHTRA,ROAD TRANSPORT AND,974,SHIRUR TO KHARDA,MoRTH,N24001123,2/2017,6/2019,N.A.,12/2023,381.77,N.A.,381.77,199.48,83.93
MAHARASHTRA,ROAD TRANSPORT AND,975,AURANGABAD TO SILLOD,MoRTH,N24001124,2/2017,6/2019,N.A.,12/2023,456.32,541.93,456.32,355.54,94.07
MAHARASHTRA,ROAD TRANSPORT AND,976,SILLOD TO FARDAPUR,MoRTH,N24001125,2/2017,6/2019,N.A.,12/2023,337.46,432.98,337.46,335.3,91.56
MAHARASHTRA,ROAD TRANSPORT AND,977,FARDAPUR TO JALGAON,MoRTH,N24001126,2/2017,6/2019,N.A.,6/2019,456.45,N.A.,456.45,427.43,89.88
MAHARASHTRA,ROAD TRANSPORT AND,978,KUMBHARI PHTA TO DEULGAON RAJA,MoRTH,N24001127,2/2017,6/2019,N.A.,2/2024,406.51,N.A.,406.51,340.26,86.45
MAHARASHTRA,ROAD TRANSPORT AND,979,BHOGAN KHURD TO KASHEDI,MoRTH,N24001132,9/2017,6/2021,N.A.,12/2023,743.21,743,743.21,911.64,88.69
MAHARASHTRA,ROAD TRANSPORT AND,980,KANTE TO WAKED,MoRTH,N24001134,3/2016,11/2019,N.A.,12/2024,1230.02,1230,1230.02,791.8,0
MAHARASHTRA,ROAD TRANSPORT AND,981,PARLI PIMPLA DAHIGUDA,MoRTH,N24001138,2/2017,6/2019,N.A.,8/2023,205.72,206,205.72,85.71,100
MAHARASHTRA,ROAD TRANSPORT AND,982,WARDHA TO ARVI,MoRTH,N24001150,2/2018,4/2020,N.A.,12/2023,313.58,N.A.,313.58,230.41,96
MAHARASHTRA,ROAD TRANSPORT AND,983,MOHOL TO WAKHARI PACKAGE1 SANT DNYANESHWAR MAHARAJ PALKHI MARG SECTION OF NH965,NHAI,N24001377,2/2019,1/2022,Aug-23,8/2023,731.89,731.99,731.99,684.03,0.5
MAHARASHTRA,ROAD TRANSPORT AND,984,WAKHARI TO KHUDUS PACKAGE2 SANT DNYANESHWAR MAHARAJ PALKHI MARG SECTION OF NH965,NHAI,N24001378,2/2019,1/2022,Jun-23,6/2023,362.46,372.46,372.46,346.15,0.7
MAHARASHTRA,ROAD TRANSPORT AND,985,KHUDUS TO DHARAMPURI PACKAGE 3 SANT DNYANESHWAR MAHARAJ PALKHI MARG SECTION OF NH965,NHAI,N24001379,2/2019,1/2022,Aug-23,8/2023,594.75,594.75,613.75,585.2,0.5
MAHARASHTRA,ROAD TRANSPORT AND,986,UPGRADATION OF ADHALGAON- JAMKHED SECTION OF NH-548 D FROM KM 132/600 TO KM 195/375 TO TWO LANE WITH,MoRTH,N24001448,11/2021,2/2022,N.A.,2/2022,223.35,N.A.,223.35,209.36,0
MAHARASHTRA,ROAD TRANSPORT AND,987,REPANPALLI TO SIRONCHA,MoRTH,N24001468,3/2022,6/2022,N.A.,N.A.,282.07,N.A.,282.07,34.65,0
MAHARASHTRA,ROAD TRANSPORT AND,988,TUNNEL AT KHAMBATAKI GHAT SECTION AND ITS APPROACHES FROM EXISTING KM. 771.730 TO EXISTING KM. 782.0,NHAI,N24001486,2/2019,2/2022,Nov-24,11/2024,493,N.A.,493,374.15,71.02
MAHARASHTRA,ROAD TRANSPORT AND,989,DHARAMPURI-LONAND FROM KM. 117.00 TO 166.40 (PKG-IV) ON MOHOL-ALANDI SECTION,NHAI,N24001488,9/2021,9/2023,Oct-24,10/2024,618.45,N.A.,618.45,582.77,89.8
MAHARASHTRA,ROAD TRANSPORT AND,990,6L OF KAGAL-SATARA SECTION FROM KM 658.000 TO KM 725.000 OF NH-48 (PKG-II),NHAI,N24001493,12/2022,12/2024,N.A.,12/2024,1749.86,N.A.,1749.86,1231,53.8
MAHARASHTRA,ROAD TRANSPORT AND,991,4L OF RATNAGIRI - KOLHAPUR SECTION OF NH-166 FROM KM 0.000 TO KM 19.769 AND KM 31.000 TO KM 67.140 (,NHAI,N24001495,11/2022,11/2024,N.A.,11/2024,930,N.A.,930,534.1,57.45
MAHARASHTRA,ROAD TRANSPORT AND,992,PATAS-VASUNDE PHATA - BARAMATI BYPASS,NHAI,N24001501,9/2021,9/2023,Jul-23,7/2023,531.86,532.41,532.41,520.71,0.5
MAHARASHTRA,ROAD TRANSPORT AND,993,4L OF BARAMATI TO INDAPUR (PKG-II) FROM KM. 41.400 TO KM. 84.550 OF NH-965G (SAINT TUKARAM MARG),NHAI,N24001502,9/2021,9/2023,Mar-24,12/2024,624.45,580.15,580.15,398.06,2
MAHARASHTRA,ROAD TRANSPORT AND,994,4L OF INDAPUR TO TONDLE (PKG-III) FROM KM.84.550 TO KM. 131.00 OF NH-965G (SAINT TUKARAM MARG),NHAI,N24001503,9/2021,9/2023,Mar-24,8/2024,667.66,666.21,666.21,510.09,9
MAHARASHTRA,ROAD TRANSPORT AND,995,VADODARA MUMBAI EXPRESSWAY (PHASE II - PKG XI) [KM. 77.000 TO KM. 103.400] (GANJAD - TALSARI),NHAI,N24001504,5/2022,5/2024,Jan-25,1/2025,1260,N.A.,1260,463.45,84.01
MAHARASHTRA,ROAD TRANSPORT AND,996,VADODARA MUMBAI EXPRESSWAY (PHASE II - PKG XII) [KM. 50.700 TO KM. 77.000] (MASVAN - GANJAD),NHAI,N24001505,3/2022,3/2024,Oct-24,10/2024,1549.02,N.A.,1549.02,526.31,51
MAHARASHTRA,ROAD TRANSPORT AND,997,VADODARA MUMBAI EXPRESSWAY (PHASE II - PKG XIII) [KM. 26.582 TO KM. 50.700] (SHIRSAD - MASVAN),NHAI,N24001506,2/2022,2/2024,Jun-25,6/2025,2747,N.A.,2747,929.38,60.75
MAHARASHTRA,ROAD TRANSPORT AND,998,VADODARA MUMBAI EXPRESSWAY (PHASE II - PKG XIV) [KM. 3.000 TO KM. 20.200 OF SPUR] (SHIRSAD - AKLOLI),NHAI,N24001507,11/2022,5/2024,Aug-25,8/2025,1124,N.A.,1124,299.43,43.65
MAHARASHTRA,ROAD TRANSPORT AND,999,VADODARA MUMBAI EXPRESSWAY (PHASE II - PKG XVI) [KM. 43.000 TO KM. 69.800 OF SPUR] (AMNE - BHOJ),NHAI,N24001508,11/2022,10/2024,N.A.,10/2024,1450,N.A.,1450,545.51,62
MAHARASHTRA,ROAD TRANSPORT AND,1000,VADODARA MUMBAI EXPRESSWAY (PHASE II - PKG XV) [KM. 20.200 TO KM. 43.000 OF SPUR] (AKLOLI - AMNE),NHAI,N24001521,11/2022,10/2024,Apr-25,4/2025,990,N.A.,990,296.63,50.1
MAHARASHTRA,ROAD TRANSPORT AND,1001,6L OF KAGAL-SATARA SECTION FROM KM 592.240 TO KM 658.000 OF NH-48 (PKG-I),NHAI,N24001546,1/2023,1/2025,N.A.,1/2025,1025.2,N.A.,1025.2,641.13,37.01
MAHARASHTRA,ROAD TRANSPORT AND,1002,BALANCE WORKS OF 4L PANVEL- INDAPUR SECTION OF NH-66 (OLD NH-17) FROM KM 42.300 (KASU) TO KM 84.600 (,NHAI,N24001607,10/2022,5/2024,N.A.,5/2024,332,N.A.,332,185.45,42.44
MAHARASHTRA,ROAD TRANSPORT AND,1003,VADODARA MUMBAI EXPRESSWAY (PHASE II - PKG XVII) [KM. 69.800 TO KM. 79.783 OF SPUR] (BHOJ - MORBE),NHAI,N24001608,9/2021,7/2025,N.A.,7/2025,2208.68,N.A.,2208.68,357.45,44.33
MAHARASHTRA,ROAD TRANSPORT AND,1004,BALANCE WORK OF 4 LANING OF PANVEL TO INDAPUR SECTION OF NH-66(OLD NH- 17) FROM KM 0.000 (PANVEL) TO,NHAI,N24001609,1/2023,12/2023,Dec-24,12/2024,151.26,N.A.,151.26,103.31,64.64
MAHARASHTRA,ROAD TRANSPORT AND,1005,4L OF EXISTING 2/4L STRETCH FROM LONAND TO DIVE GHAT (KM 166.400 TO KM 220.900 ) OF MOHOL ? ALANDI S,NHAI,N24001610,1/2022,5/2024,Oct-24,10/2024,1833.73,N.A.,1833.73,389.12,74.65
MAHARASHTRA,ROAD TRANSPORT AND,1006,FOUR LANING OF AURANGABAD- PAITHAN SECTION OF NH-752E ON EPC MODE IN THE STATE OF MAHARASHTRA .,NHAI,N24001795,10/2022,7/2024,N.A.,8/2024,490.4,N.A.,289,229.13,70
MAHARASHTRA,ROAD TRANSPORT AND,1007,4L OF RAJURA-KORPANA- ADILABAD ROAD UPTO M.S. BORDER FROM KM 32.910 TO KM 89.090 OF NH-353B,NHAI,N24001796,3/2022,10/2024,Apr-25,4/2025,1013.33,1013.33,1111.33,335.26,56.6
MAHARASHTRA,ROAD TRANSPORT AND,1008,6L OF WAINGANGA BRIDGE - BHANDARA (INCLUDING BHANDARA BYPASS) SECTION FROM KM 485.000 TO KM 499.800,NHAI,N24001797,10/2021,1/2024,N.A.,12/2024,815.77,N.A.,815.77,606.55,90.87
MAHARASHTRA,ROAD TRANSPORT AND,1009,4L MITIGATION MEASURE STRUCTURES ON CH/MH BORDER TO WAINGANGA BRIDGE SECTION OF NH-53,NHAI,N24001798,2/2021,11/2023,N.A.,11/2024,540.21,N.A.,540.21,411.57,94.12
MAHARASHTRA,ROAD TRANSPORT AND,1010,4L OF NAGPUR-KATOL SECTION FROM KM. 13.00 TO KM. 62.900 OF NH-353J,NHAI,N24001799,2/2021,10/2023,N.A.,12/2024,1166.96,N.A.,1251,1029.62,80
MAHARASHTRA,ROAD TRANSPORT AND,1011,BAL. WORKS OF FAGNE (KM. 510.000) TO MAHARASHTRA/GUJARAT BORDER (KM. 650.794),NHAI,N24001804,12/2019,9/2022,Jun-24,6/2024,1654.07,N.A.,980,835.19,91.76
MAHARASHTRA,ROAD TRANSPORT AND,1012,4L OF RATNAGIRI - KOLHAPUR SECTION FROM KM 67.140 TO KM 112.340 OF NH-166 (PKG ? II),NHAI,N24001834,5/2023,5/2025,N.A.,5/2025,839,N.A.,839,391.49,35.5
MAHARASHTRA,ROAD TRANSPORT AND,1013,4L OF RATNAGIRI - KOLHAPUR SECTION FROM KM 112.340 TO KM 145.300 OF NH-166 (PKG?III),NHAI,N24001835,5/2023,5/2025,N.A.,5/2025,986,N.A.,986,346.65,35.12
MAHARASHTRA,ROAD TRANSPORT AND,1014,REHABILITATION AND UP- GRADATION TO 4 LANE ROAD WITH PAVED SHOULDER CONFIGURATION OF SECTION FROM UND,MoRTH,N24001880,3/2022,7/2025,N.A.,7/2025,778.18,N.A.,778.18,135.78,27.35
MAHARASHTRA,ROAD TRANSPORT AND,1015,REHABLITATION AND UPGRADATION OF AMBOLI JUNCTION (DESIGN CH. 71+530) TO AJARA (DESIGN CH.100+835) SE,MoRTH,N24001881,6/2021,11/2024,N.A.,11/2024,574,N.A.,574,574,0
MAHARASHTRA,ROAD TRANSPORT AND,1016,CONSTRUCTION OF NEW FOUR LANE BYPASS TO PARBHANI CITY (PARWA TO ASOLA) KM 463/265 TO KM 481/180 (DES,MoRTH,N24001882,3/2022,10/2024,N.A.,10/2024,496.64,N.A.,496.64,0,8
MAHARASHTRA,ROAD TRANSPORT AND,1017,CONSTRUCTION OF 4 LANE FLYOVER AT NAGPUR RTO CHOWK TO NAGPUR UNIVERSITY CAMPUS FROM CH 2/250 TO 5/10,MoRTH,N24001883,3/2021,3/2024,N.A.,4/2024,478.83,N.A.,478.83,233.48,65
MAHARASHTRA,ROAD TRANSPORT AND,1018,REHABILITATION AND UPGRADATION OF SATANA TO MANGRUL (CHANDWAD) SECTION OF NH752 G DESIGN CH: KM 64.0,MoRTH,N24001884,3/2023,5/2025,N.A.,5/2025,428.8,N.A.,428.8,54.11,30.69
MAHARASHTRA,ROAD TRANSPORT AND,1019,REHABILITATION AND UP- GRADATION OF JINTUR- SHIRAD SHAHAPUR SECTION KM 258.300 TO KM 306.300 [DESIGN,MoRTH,N24001885,2/2023,12/2024,N.A.,12/2024,414.81,N.A.,414.81,0,0
MAHARASHTRA,ROAD TRANSPORT AND,1020,DEVELOPMENT/WIDENING OF TALEGAON ? CHAKAN ? SHIKRAPUR ? NHAVARA SECTION OF NH 548DG (NHAVARA TO CHOU,MoRTH,N24001886,10/2022,8/2024,N.A.,8/2024,304.68,N.A.,304.68,97.09,58.78
MAHARASHTRA,ROAD TRANSPORT AND,1021,REHABILITATION AND UPGRADATION OF BHOKARDAN TO KUMBHARI FATA DESIGN CH. (KM 13+500 TO 17+00) AND RAJ,MoRTH,N24001887,8/2022,6/2024,N.A.,6/2024,291.37,N.A.,291.37,102.94,78.44
MAHARASHTRA,ROAD TRANSPORT AND,1022,"UP-GRADATION OF TIRORA- GONDIA, STATE HIGHWAY FROM EXISTING KM 163+213 (ON SH- 335, TIRORA) TO KM 191+",MoRTH,N24001888,8/2021,4/2023,N.A.,5/2024,288.14,N.A.,288.14,63.01,46.31
MAHARASHTRA,ROAD TRANSPORT AND,1023,2 LANE + PS PIMPLNER TO SATANA -[DESIGN CHAINAGE KM 21.427 TO 64.00 ] OF NH-752G],MoRTH,N24001889,9/2019,7/2021,N.A.,N.A.,277.81,N.A.,277.81,148.68,0
MAHARASHTRA,ROAD TRANSPORT AND,1024,REHABILITATION AND UPGRADATION OF PARLI TO SIRSALA SECTION OF NH-361F (KM 136+700 TO 115+000) (LENGT,MoRTH,N24001890,2/2023,12/2024,N.A.,12/2024,261.82,N.A.,261.82,70.59,46
MAHARASHTRA,ROAD TRANSPORT AND,1025,BALANCE WORK OF REHABILITATION AND UP- GRADATION TO NH-166F FROM MAHAD JUNCTION (AT KM 123/400 ON NH-,MoRTH,N24001891,7/2021,11/2023,N.A.,3/2024,256.54,N.A.,256.54,80.1,59.66
MAHARASHTRA,ROAD TRANSPORT AND,1026,REHABILITATION AND UPGRADATION OF SHIRAPUR JUNCTION TO SHIVAJI CHOWK (DESIGN CHAINAGE KM. 130+00 TO,MoRTH,N24001892,2/2023,12/2024,N.A.,12/2024,245.61,N.A.,245.61,43.39,32.5
MAHARASHTRA,ROAD TRANSPORT AND,1027,SHEWALI (SAKRI) - NANDURBAR,MoRTH,N24001893,9/2022,4/2024,N.A.,7/2024,232.59,N.A.,232.59,97.7,78
MAHARASHTRA,ROAD TRANSPORT AND,1028,2 LANE + PS ASTHAMODE - TIVATYAL [DESIGN CH. KM 24.300 - 62.00] [KM 134.98-172.95 OF NH-63],MoRTH,N24001894,9/2019,7/2021,N.A.,12/2023,228.82,N.A.,228.82,144.54,95.44
MAHARASHTRA,ROAD TRANSPORT AND,1029,REHABILATION AND UPGRADATION TO TWO LANES WITH PAVED SHOULDER CONFIGURATION FROM WATUR TO CHARTHANA,MoRTH,N24001895,11/2021,9/2023,N.A.,12/2023,228.01,N.A.,228.01,103.01,99
MAHARASHTRA,ROAD TRANSPORT AND,1030,UPGRADATIOBN AND REHABILITATION OF SECTION OF NH 361 F FROM PARLI (00/000) TO GANGAKHED (30/400) TO,MoRTH,N24001896,11/2021,9/2023,N.A.,4/2024,224.44,N.A.,224.44,75.34,45.63
MAHARASHTRA,ROAD TRANSPORT AND,1031,REHABILITATION AND UP- GRADATION OF SABALKHED TO ASHTI SECTION FROM KM 37+900 TO KM 55+100 AND CHINCH,MoRTH,N24001902,12/2022,9/2024,N.A.,9/2024,213.32,N.A.,213.32,20,34
MAHARASHTRA,ROAD TRANSPORT AND,1032,REHABILITATION AND UP- GRADATION OF MUDKHED TO NANDED SECTION FROM KM. 372+000 TO KM 388+400 OF NH 16,MoRTH,N24001903,8/2022,4/2025,N.A.,4/2025,206.54,N.A.,206.54,21.36,0
MAHARASHTRA,ROAD TRANSPORT AND,1033,KOPARGAON TO SAVALI VIHIR SECTION,MoRTH,N24001904,9/2022,7/2024,N.A.,7/2024,195.38,N.A.,195.38,29.59,19.76
MAHARASHTRA,ROAD TRANSPORT AND,1034,"CONSTRUCTION OF MAJOR BRIDGE ACROSS MANJRA RIVER NEAR YESGI VILLAGE @ KM, 166/500 ON NH 63 TQ BILOLI",MoRTH,N24001905,10/2021,8/2023,N.A.,12/2023,188.69,N.A.,188.69,111.26,95.8
MAHARASHTRA,ROAD TRANSPORT AND,1035,UP-GRADATION TO 4 LANING OF DAULTABAD T-POINT TO MALIWADA [FROM DESIGN KM.0.000 TO KM 4.000] AND UPG,MoRTH,N24001906,8/2022,3/2024,N.A.,3/2024,185.59,N.A.,185.59,63.56,48
MAHARASHTRA,ROAD TRANSPORT AND,1036,"CONSTRUCTION OF SIX LANE FLYOVER AT KATRAJ JUNCTION AT KM, 3/880 OF NH 548-DD (VADGAON - KATRAJ - KO",MoRTH,N24001907,6/2021,2/2024,N.A.,3/2024,169.15,N.A.,169.15,36.94,35.96
MAHARASHTRA,ROAD TRANSPORT AND,1037,UPGRADATION OF EXHISTING 2 LANE FLEXIBLE PAVEMENT TO 2 LANE PAVED SHOULDERS RIGID PAVEMENT FROM DESI,MoRTH,N24001908,12/2021,5/2024,N.A.,5/2024,167.97,N.A.,167.97,35.28,36.76
MAHARASHTRA,ROAD TRANSPORT AND,1038,"STRENGTHING AND WIDINING OF EXISTING CARRIAGEWAY TO 10 M IN KM, 156/160 TO 229/160 (TEMBHURNI - KUSL",MoRTH,N24001909,11/2021,6/2024,N.A.,6/2024,157.72,N.A.,157.72,55.38,90.41
MAHARASHTRA,ROAD TRANSPORT AND,1039,REHABILITATION AND UPGRADATION OF JAMKHED TO SAUTADA SECTION OF NH548 D (FROM KM 195.375 TO KM 208.7,MoRTH,N24001910,9/2022,7/2024,N.A.,7/2024,157.62,N.A.,157.62,13.86,17.03
MAHARASHTRA,ROAD TRANSPORT AND,1040,PANGAON TO DHARMAPURI AND PARALI TO INJEGAON 2L+PS,MoRTH,N24001911,3/2018,7/2024,N.A.,12/2023,152.03,N.A.,152.03,81.35,97.57
MAHARASHTRA,ROAD TRANSPORT AND,1041,4L OF INDORA CHOWK TO PACHPAOLI AND AGRASEN CHOWK - ASHOKA CHOWK,NHAI,N24002071,3/2023,6/2026,N.A.,6/2026,998.27,N.A.,998.27,93.3,13.23
MAHARASHTRA,ROAD TRANSPORT AND,1042,IMPROVEMENT OF EXISTING ALIGNMENT OF PANDHARPUR TOWN PART BYPASSED SECTION FROM WAKHARI TO LORD VITT,NHAI,N24002072,7/2022,10/2025,N.A.,10/2025,150.21,150.21,150.21,12.74,15.86
MAHARASHTRA,ROAD TRANSPORT AND,1043,STRENGTHENING OF 6-LANE PIMPALGAON-NASHIK-GONDE (KM. 380 - KM. 440) SECTION OF NH-3 IN MAHARASHTRA U,NHAI,N24002137,2/2024,3/2025,N.A.,3/2025,175,N.A.,175,9.91,6
MAHARASHTRA,URBAN DEVELOPMENT,1044,MUMBAI METRO LINE 3 (COLABA- BANDRA-SEEPZ),MMRCL,N28000086,7/2013,3/2020,N.A.,12/2023,23136,N.A.,37276,23687.33,87.2
MAHARASHTRA,URBAN DEVELOPMENT,1045,PUNE METRO RAIL PROJECT (PHASE 1),MMRC,N28000121,12/2016,11/2021,Aug-24,8/2024,11420,13656.22,13656.22,12330,99.8
MAHARASHTRA,URBAN DEVELOPMENT,1046,NAGPUR METRO RAIL PROJECT PHASE II,NMRCL,N28000155,12/2022,12/2027,N.A.,12/2027,6708,N.A.,6708,197.54,10.1
MAHARASHTRA,URBAN DEVELOPMENT,1047,PCMC NIGDI PROJECT EXTENSION OF CORRIDOR 1 OF PUNE METRO PHASE 1,MMRC,N28000157,10/2023,1/2027,N.A.,1/2027,910.18,N.A.,910.18,0,1.5
MAHARASHTRA,WATER RESOURCES,1048,PROTECTION OF MAJULI ISLAND FROM FLOOD AND EROSION OF RIVER BRAHMAPUTRA,BPB,N30000001,3/2017,12/2019,Aug-24,12/2023,233.57,N.A.,233.57,217.42,
MANIPUR,CIVIL AVIATION,1049,"CONSTRUCTION OF NEW INTEGRATED TERMINAL BUILDING, CONTROL TOWER CUM TECHNICAL BLOCK, APRON, LINK TAX",AAI,N04000100,11/2021,7/2024,Dec-25,12/2025,499,N.A.,499,96.21,31.64
MANIPUR,RAILWAYS,1050,JIRIBAM TO IMPHAL (TUPUI)(NL)(NEFR),NFR,220100288,4/2003,3/2011,Dec-26,12/2026,4454.17,12274.06,19517.7,14636.68,79.5
MANIPUR,ROAD TRANSPORT AND,1051,2-LANING OF CHURACHANDPUR TUIVAI SECTION OF NH-102B (PKG- 2A),NHIDCL,N24001270,3/2020,6/2022,Dec-23,12/2024,292.24,N.A.,292.24,127.86,85.33
MANIPUR,ROAD TRANSPORT AND,1052,2-LANING OF CHURACHANDPUR TUIVAI SECTION OF NH-102B (PKG- 2B),NHIDCL,N24001271,6/2020,8/2022,N.A.,12/2024,365.53,N.A.,365.53,156.31,77.36
MANIPUR,ROAD TRANSPORT AND,1053,2-LANING OF CHURACHANDPUR TUIVAI SECTION OF NH-102B (PKG- 4A),NHIDCL,N24001272,3/2020,6/2022,N.A.,12/2024,167.95,204.12,167.95,88.05,69.89
MANIPUR,ROAD TRANSPORT AND,1054,2-LANING OF CHURACHANDPUR TUIVAI SECTION OF NH-102B (PKG- 4B),NHIDCL,N24001273,7/2020,8/2022,N.A.,12/2024,177.76,N.A.,177.76,89.67,80.53
MANIPUR,ROAD TRANSPORT AND,1055,IMPROVEMENT/UPGRADATION OF EXISTING 2-LANE TO 4-LANE DIVIDED HIGHWAY FROM TAPHOU KUKI TO DAILI SECTI,NHIDCL,N24001274,8/2020,4/2022,N.A.,8/2025,379.39,N.A.,379.39,189.78,45.88
MANIPUR,ROAD TRANSPORT AND,1056,IMPROVEMENT/UPGRADATION OF EXISTING 2-LANE TO 4-LANE DIVIDED HIGHWAY FROM DAILI TO KURAOPOKPI SECTIO,NHIDCL,N24001275,8/2020,4/2022,N.A.,12/2025,268.98,N.A.,268.98,22.08,0
MANIPUR,ROAD TRANSPORT AND,1057,IMPROVEMENT/UPGRADATION OF EXISTING 2-LANE TO 4-LANE DIVIDED HIGHWAY FROM KURAOPOKPI TO SEKMAI SECTI,NHIDCL,N24001276,8/2020,4/2022,N.A.,12/2025,228.97,N.A.,228.97,0,0
MANIPUR,ROAD TRANSPORT AND,1058,MARIAM - PEREN PKG-1A,NHIDCL,N24001349,2/2021,12/2022,N.A.,2/2025,226.32,N.A.,226.32,82.91,61.41
MANIPUR,ROAD TRANSPORT AND,1059,MARIAM - PEREN (PKG 1B),NHIDCL,N24001350,2/2021,12/2022,N.A.,9/2024,188.36,N.A.,188.36,120.27,94.92
MANIPUR,ROAD TRANSPORT AND,1060,MARIAM - PEREN PKG-2B,NHIDCL,N24001351,2/2021,12/2022,N.A.,3/2024,232.26,N.A.,232.26,156.93,100
MANIPUR,ROAD TRANSPORT AND,1061,IMPHAL ? MOREH PACKAGE- 3,NHIDCL,N24001352,3/2021,12/2022,N.A.,8/2024,259.31,N.A.,259.31,144.94,100
MANIPUR,ROAD TRANSPORT AND,1062,IMPHAL - KHONGSANG PKG-2,NHIDCL,N24001353,3/2021,12/2022,Nov-23,2/2025,195.14,N.A.,195.14,59.99,49.8
MANIPUR,ROAD TRANSPORT AND,1063,TAMENGLONG - MAHUR PKG-3,NHIDCL,N24001354,3/2021,12/2022,N.A.,12/2024,234.08,N.A.,234.08,139.45,90.34
MANIPUR,ROAD TRANSPORT AND,1064,IMPHAL ? MOREH (PACKAGE 4),NHIDCL,N24001399,3/2021,1/2023,N.A.,5/2024,277.99,N.A.,277.99,146.35,100
MANIPUR,ROAD TRANSPORT AND,1065,SENAPATI- IMPHAL PKG-5B,NHIDCL,N24001400,3/2021,1/2023,N.A.,8/2025,211.7,N.A.,211.7,29,29.51
MANIPUR,ROAD TRANSPORT AND,1066,IMPHAL - KHONGSANG PKG-3,NHIDCL,N24001401,7/2021,3/2023,Feb-24,12/2024,467,N.A.,467,181.65,74
MANIPUR,ROAD TRANSPORT AND,1067,TAMENGLONG - MAHUR PKG-1,NHIDCL,N24001402,7/2021,3/2023,Oct-23,1/2025,185.8,N.A.,185.8,112.31,92.65
MANIPUR,ROAD TRANSPORT AND,1068,TAMENGLONG - MAHUR PKG-2,NHIDCL,N24001403,7/2021,3/2023,May-24,2/2025,483.87,N.A.,483.87,278.89,91.03
MANIPUR,ROAD TRANSPORT AND,1069,TAMENGLONG - MAHUR PKG-4,NHIDCL,N24001404,7/2021,3/2023,Sep-23,2/2025,198.77,N.A.,198.77,110.09,85.12
MANIPUR,ROAD TRANSPORT AND,1070,CHURACHANPUR TUIVAI PKG-3,NHIDCL,N24001405,7/2021,10/2023,Feb-24,6/2025,673.27,N.A.,673.27,339.37,72.4
MANIPUR,ROAD TRANSPORT AND,1071,TAMENGLONG - MAHUR PKG-5,NHIDCL,N24001436,8/2021,5/2023,Dec-23,2/2025,477.86,N.A.,477.86,235.67,80.3
MANIPUR,ROAD TRANSPORT AND,1072,TAMENGLONG - MAHUR PKG-6,NHIDCL,N24001437,9/2021,5/2023,Oct-23,4/2025,311.18,N.A.,311.18,171.57,72.7
MANIPUR,ROAD TRANSPORT AND,1073,MARAM - PEREN PKG-3,NHIDCL,N24001439,8/2021,5/2023,N.A.,10/2024,467.41,N.A.,467.41,235.67,90.03
MANIPUR,ROAD TRANSPORT AND,1074,IMPHAL - KHONGSANG PKG-4,NHIDCL,N24001453,8/2021,12/2023,N.A.,2/2025,579.63,N.A.,579.63,131.58,51.98
MANIPUR,ROAD TRANSPORT AND,1075,CONSTRUCTION OF 2-LANING WITH HARD SHOULDER ROAD OF UKHRUL - TOLOI - TADUBI SECTION OF NH-102A FROM,NHIDCL,N24001473,9/2021,2/2024,N.A.,4/2025,310.76,N.A.,310.76,110.92,75.96
MANIPUR,ROAD TRANSPORT AND,1076,IMPHAL - KHONGSANG PKG-5,NHIDCL,N24001538,12/2021,5/2024,N.A.,3/2025,410.68,N.A.,410.68,105.71,50.78
MANIPUR,ROAD TRANSPORT AND,1077,IMPHAL - KHONGSANG PKG-6,NHIDCL,N24001539,12/2021,2/2025,N.A.,11/2025,504.76,N.A.,504.76,95.59,40.68
MANIPUR,ROAD TRANSPORT AND,1078,AKASH BRIDGE - JESSAMI SECTION PKG-2,NHIDCL,N24001540,3/2022,2/2025,N.A.,2/2025,152.11,N.A.,152.11,51.41,70.28
MANIPUR,ROAD TRANSPORT AND,1079,CONSTRUCTION OF 2-LANING WITH HARD SHOULDER ROAD OF UKHRUL - TOLOI - TADUBI SECTION OF NH-102A FROM,NHIDCL,N24001974,9/2021,1/2025,N.A.,1/2025,315.56,N.A.,315.56,53.46,43.9
MANIPUR,ROAD TRANSPORT AND,1080,LMPHAL TO JIRIBAM PKG-7,NHIDCL,N24002028,1/2023,12/2025,N.A.,12/2025,760.16,N.A.,760.16,63.8,27.18
MANIPUR,ROAD TRANSPORT AND,1081,UKHRUL TOLOI TADUBI PKG-2,NHIDCL,N24002131,3/2023,2/2026,N.A.,2/2026,578.98,N.A.,578.98,38.52,20.67
MEGHALAYA,DEPARTMENT OF HIGHER EDUCATION,1082,CONSTRUCTION AND DEVELOPMENT OF NATINAL INSTITUTE OF TECHNOLOGY MEGHALAYA PERMANENT CAMPUS AT SOHRA,RITES OF HIGHER,N42000001,9/2013,9/2014,Jul-24,7/2024,484.32,429.7,429.7,270.55,71.85
MEGHALAYA,DONER,1083,"CONSTRUCTION OF INTERNATIONAL CENTRE FOR PERFORMING ARTS AND CULTURE,SHILONG IN MEGALAYA UNDER NLCPR",HSCL FOR DONER,N12000103,4/2014,9/2017,N.A.,9/2017,151.33,N.A.,151.33,148.33,98.5
MEGHALAYA,RAILWAYS,1084,NEW BG LINE FROM BYRNIHAT TO SHILLONG,NFR,N22000205,4/2010,3/2021,N.A.,N.A.,906.46,1202.33,8324.28,269.8,2
MEGHALAYA,ROAD TRANSPORT AND,1085,WIDENING TO 2-LANE WITH GEOMETRIC IMPROVEMENTS OF TURA DALU ROAD UNDER JICA FUNDING FROM KM 85.000 T,NHIDCL,N24000771,4/2017,9/2021,Jul-23,3/2025,553.51,610.09,553.51,339.95,66.61
MEGHALAYA,ROAD TRANSPORT AND,1086,IMPROVEMENT/WIDENING TO 2- LANE WITH EARTHEN SHOULDERS FROM RANIKOR TO NONGJRI EXISTING CHAINAGE FROM,NHIDCL,N24000903,3/2019,3/2022,Dec-23,12/2023,306.28,N.A.,306.28,233.49,100
MEGHALAYA,ROAD TRANSPORT AND,1087,IMPROVEMENT/WIDENING TO 2- L WITH PAVED SHOULDER FROM (DESIGN KM 0.00 TO KM 10.670) / 4-LANING FROM (,NHIDCL,N24001313,11/2020,12/2023,Oct-25,10/2025,351.12,N.A.,351.12,216.06,20
MEGHALAYA,ROAD TRANSPORT AND,1088,IMPROVEMENT/WIDENING TO 2- LANE WITH PAVED SHOULDER FROM (DESIGN KM 10.670 TO KM 37.550) BETWEEN SHIL,NHIDCL,N24001314,11/2020,12/2023,N.A.,8/2026,525.68,N.A.,525.68,368.59,10.4
MEGHALAYA,ROAD TRANSPORT AND,1089,IMPROVEMENT/WIDENING TO 2- LANE WITH PAVED SHOULDER FROM (DESIGN KM 45.760 TO KM 63.530) BETWEEN SHIL,NHIDCL,N24001334,11/2020,12/2023,N.A.,4/2026,445.51,N.A.,445.51,191.35,3
MEGHALAYA,ROAD TRANSPORT AND,1090,IMPROVEMENT/WIDENING TO 2- LANE WITH PAVED SHOULDER / 4-LANING FROM (DESIGN KM 63.530 TO KM 71.520) B,NHIDCL,N24001335,11/2020,12/2023,N.A.,11/2026,284.21,N.A.,284.21,45.46,0.3
MEGHALAYA,ROAD TRANSPORT AND,1091,RANIKOR-MAHESHKHOLA- BAGHMARA (RMB) PKG-4 (KANAI- RONGARA),NHIDCL,N24001339,10/2020,4/2022,Jun-24,12/2024,157.86,146.92,157.86,145.57,97.49
MEGHALAYA,ROAD TRANSPORT AND,1092,RANIKOR-MAHESHKHOLA- BAGHMARA (RMB) PKG-3,NHIDCL,N24001360,3/2021,12/2022,Jun-24,11/2024,260.21,N.A.,260.21,195.81,86.38
MEGHALAYA,ROAD TRANSPORT AND,1093,REHABILITATION AND UPGRADATION OF NONGSTOIN TO WAHKAJI SECTION OF PROJECT ROAD KM 0.000 TO KM 43.06,MoRTH,N24001441,8/2020,2/2022,Sep-24,9/2024,302.88,N.A.,302.88,209.63,93
MEGHALAYA,ROAD TRANSPORT AND,1094,REHABITITATION AND UP GRADATION OF NONGSTOIN- RAMBRAI-KYRSHAI ROAD UP TO MEGHALAYA-ASSAM BORDER FROM,NHIDCL,N24001474,9/2021,5/2024,N.A.,1/2025,359.86,N.A.,359.86,215.22,77.9
MEGHALAYA,ROAD TRANSPORT AND,1095,RANIKOR- MAHESHKHOLA- BAGHMARA PKG-2,NHIDCL,N24001541,11/2021,6/2024,N.A.,12/2024,283.5,N.A.,283.5,195.48,70.19
MIZORAM,RAILWAYS,1096,"BHAIRABI SAIRONG, NL, NEFR",NFR,N22000100,4/2008,3/2014,N.A.,7/2025,2393.47,5021.45,8213.72,7404.29,93
MIZORAM,ROAD TRANSPORT AND,1097,WIDENING AND UP-GRADATION TO 2-LANE WITH PAVED SHOULDER CONFIGURATION AND GEOMETRIC IMPROVEMENTS FRO,NHIDCL,N24000857,4/2017,4/2023,Mar-24,11/2024,519.09,785.65,785.65,649.4,88
MIZORAM,ROAD TRANSPORT AND,1098,WIDENING AND UP-GRADATION TO 2-LANE WITH PAVED SHOULDER CONFIGURATION AND GEOMETRIC IMPROVEMENTS FRO,NHIDCL,N24000858,4/2017,7/2023,May-24,7/2024,640.07,990.88,1286.35,1189.51,99
MIZORAM,ROAD TRANSPORT AND,1099,WIDENING AND UP-GRADATION TO 2-LANE WITH PAVED SHOULDER CONFIGURATION AND GEOMETRIC IMPROVEMENTS FRO,NHIDCL,N24000859,4/2017,6/2023,Mar-24,3/2024,642.96,988.23,988.23,729.59,99.5
MIZORAM,ROAD TRANSPORT AND,1100,WIDENING AND UP-GRADATION TO 2-LANE WITH PAVED SHOULDER CONFIGURATION AND GEOMETRIC IMPROVEMENTS FRO,NHIDCL,N24000861,4/2017,4/2023,Nov-23,12/2024,473.18,688.25,688.25,514.74,83.5
MIZORAM,ROAD TRANSPORT AND,1101,WIDENING AND UP-GRADATION TO 2-LANE WITH PAVED SHOULDER CONFIGURATION AND GEOMETRIC IMPROVEMENTS FRO,NHIDCL,N24000862,4/2017,4/2023,Oct-23,12/2024,537.82,789.05,789.05,741.92,90
MIZORAM,ROAD TRANSPORT AND,1102,WIDENING AND UP-GRADATION TO 2-LANE WITH PAVED SHOULDER CONFIGURATION AND GEOMETRIC IMPROVEMENTS FRO,NHIDCL,N24000863,4/2017,6/2023,Feb-24,12/2024,518.53,906.76,906.76,783.27,87
MIZORAM,ROAD TRANSPORT AND,1103,WIDENING AND UP-GRADATION TO 2-LANE WITH PAVED SHOULDER CONFIGURATION AND GEOMETRIC IMPROVEMENTS FRO,NHIDCL,N24000864,4/2017,4/2024,Jul-24,12/2024,404.29,750.32,750.32,579.84,82
MIZORAM,ROAD TRANSPORT AND,1104,WIDENING AND UP-GRADATION TO 2-LANE WITH PAVED SHOULDER CONFIGURATION AND GEOMETRIC IMPROVEMENTS FRO,NHIDCL,N24000865,4/2017,9/2023,May-24,12/2024,428.11,746.39,746.39,579.7,87
MIZORAM,ROAD TRANSPORT AND,1105,CONSTRUCTION OF CHHIATHLANG -SERCHHIP BYPASS (PKG-1) ON AIZAWL- TUIPANG SECTION OF NH-54,NHIDCL,N24001277,9/2020,10/2022,Apr-24,6/2024,275.02,247.25,247.25,231.19,99.73
MIZORAM,ROAD TRANSPORT AND,1106,CONSTRUCTION OF TWO LANE WITH PAVED SHOULDER OF SELLING-DULTE SECTION OF NH- 06 (PKG-I),NHIDCL,N24001278,3/2020,7/2022,Jan-24,6/2024,206.88,219.33,219.33,205.59,97.01
MIZORAM,ROAD TRANSPORT AND,1107,CONSTRUCTION OF TWO LANE WITH PAVED SHOULDER OF SELLING-DULTE SECTION OF NH- 06 (PKG-III),NHIDCL,N24001281,3/2020,7/2022,Mar-24,6/2024,292.24,331.17,331.17,286.46,88
MIZORAM,ROAD TRANSPORT AND,1108,CONSTRUCTION OF TWO LANE WITH PAVED SHOULDER OF SELLING-DULTE SECTION OF NH- 06 (PKG-IV),NHIDCL,N24001283,3/2020,7/2022,Jan-24,1/2024,281.78,253.41,253.41,237.91,100
MIZORAM,ROAD TRANSPORT AND,1109,DULTE- KWALKULH - CHAMPAI PKG.1,NHIDCL,N24001355,3/2021,12/2022,Mar-24,3/2024,374.39,374.39,374.39,292.14,100
MIZORAM,ROAD TRANSPORT AND,1110,DULTE- KWALKULH - CHAMPAI PKG.2,NHIDCL,N24001356,3/2021,12/2022,Apr-24,4/2024,233.25,233.25,233.25,178.37,100
MIZORAM,ROAD TRANSPORT AND,1111,DULTE- KWALKULH - CHAMPAI PKG.3,NHIDCL,N24001357,3/2021,6/2023,Jan-24,1/2024,674.71,674.71,674.71,589.25,100
MIZORAM,ROAD TRANSPORT AND,1112,TLABUNG - LUNGLEI PKG-A,NHIDCL,N24001358,3/2021,12/2022,Dec-24,12/2025,698.44,698.45,698.45,371.93,40
MIZORAM,ROAD TRANSPORT AND,1113,TLABUNG - LUNGLEI PKG-B,NHIDCL,N24001359,3/2021,1/2023,Dec-24,12/2025,740.58,740.58,740.58,268.65,40
MIZORAM,ROAD TRANSPORT AND,1114,KEIFANG - TUVAI PKG-1,NHIDCL,N24001440,9/2021,5/2023,Jun-24,1/2025,492.94,492.94,492.94,353.98,84.44
MIZORAM,ROAD TRANSPORT AND,1115,UP-GRADATION TO 2-LANE WITH PAVED SHOULDERS OF NGOPA - PAWLRANG SECTION OF NH 102B OF AIZAWL - IMPHA,NHIDCL,N24001975,9/2021,2/2025,N.A.,2/2026,523.78,N.A.,523.78,200.2,36
MIZORAM,ROAD TRANSPORT AND,1116,KEIFANG - TUVAI PKG-3,NHIDCL,N24002027,12/2021,2/2025,N.A.,5/2026,500.88,N.A.,500.88,108.5,31
MULTI STATE,COAL,1117,NILJAI EXPANSION (DEEP) OC (3.5 MTY),WCL,N06000154,8/2016,3/2022,Mar-25,3/2025,319.76,319.76,319.76,281.4,98
MULTI STATE,COAL,1118,DURGAPUR EXTENSION (DEEP) OC (3.0 MTY),WCL,N06000157,2/2017,3/2021,Mar-25,3/2025,328,N.A.,328,321.43,96
MULTI STATE,COAL,1119,BINA KAKRI AMALGAMATION OCP 14 MTPA,NCL,N06000192,8/2020,3/2024,N.A.,3/2025,836.42,N.A.,836.42,649.16,53.43
MULTI STATE,DPIIT,1120,NATIONAL INDUSTRIAL CORRIDOR PROJECT,DMIC FOR DPIIT,N40000001,9/2011,3/2027,Mar-27,3/2027,20084,20084,20084,9718.22,50.99
MULTI STATE,PETROLEUM,1121,KOCHI-KOOTTANAD- BANGALORE-MANGALORE PIPELINE PHASE-II,GAIL,N16000285,6/2009,12/2012,Nov-24,3/2025,2915,5909,5909,3987.9,90
MULTI STATE,PETROLEUM,1122,SRIKAKULAM ANGUL PIPELINE PROJECT,GAIL,N16000388,9/2019,7/2022,Sep-24,9/2024,2658.34,N.A.,2658.34,1939,90.8
MULTI STATE,PETROLEUM,1123,DHAMRA HALDIA PIPELINE PROJECT,GAIL,N16000391,3/2020,11/2022,Mar-25,3/2025,1030.65,N.A.,1030.65,757.8,83.8
MULTI STATE,PETROLEUM,1124,MUMBAI NAGPUR JHARSUGUDA PIPELINE PROJECT,GAIL,N16000398,6/2020,5/2023,Oct-24,10/2024,7844.25,N.A.,7844.25,5606.9,88.2
MULTI STATE,PETROLEUM,1125,CGD PROJECT AT NAWADA AND KODERMA DISTRICTS,IOCL,N16000426,6/2019,12/2029,Mar-30,3/2030,169,N.A.,169,70.76,17.9
MULTI STATE,PETROLEUM,1126,NORTH EAST GAS GRID,IGGL,N16000439,11/2020,3/2024,Mar-25,3/2025,9265,9265,9265,5462.03,82.76
MULTI STATE,PETROLEUM,1127,GURDASPUR JAMMU PIPELINE,GAIL,N16000531,7/2023,7/2026,Jul-26,7/2026,521.92,521.92,521.92,3.5,11.9
MULTI STATE,POWER,1128,ESTABLISHMENT OF FIBER OPTIC COMMUNICATION SYSTEM IN NR UNDER FIBER OPTIC EXPANSION PROJECT (ADDITIO,PGCIL,N18000184,3/2015,3/2018,N.A.,9/2024,197.4,N.A.,197.4,161.89,96
MULTI STATE,POWER,1129,COMPREHENSIVE SCHEME FOR THE STRENGHTENING OF THE TRANSMISSION AND DISTRIBUTION SYSTEM IN A P,PGCIL,N18000249,12/2014,12/2018,Mar-25,3/2025,4754.42,9129.32,9129.32,6684.4,76.9
MULTI STATE,POWER,1130,NORTH EASTERN REGION POWER SYSTEM IMPROVEMENT PROJECT (NERPSIP) FOR SIX (6) STATES,PGCIL,N18000250,12/2014,12/2018,Mar-25,12/2024,5111.33,6700,6700,4910.84,94.9
MULTI STATE,POWER,1131,HVDC BIPOLE LINK BETWEEN WR AND SR -NORTH TRICHUR - SCHEME -II AC SYSTEM STRENGTHENING AT PUGALUR EN,PGCIL,N18000264,8/2017,2/2020,Apr-23,9/2025,1931.39,2635.55,2635.55,1962.64,99
MULTI STATE,POWER,1132,NORTH EASTERN REGION STRENGTHENING SCHEME-XII,PGCIL,N18000316,5/2021,3/2023,N.A.,8/2024,576.42,576.42,576.42,417.96,99
MULTI STATE,POWER,1133,TS FOR EVACUATION OF POWER FROM PAKALDUL HEP IN CHENAB VALLEY HEPS - LTA SYSTEM,PGCIL,N18000328,2/2022,4/2025,N.A.,4/2025,318.12,N.A.,318.12,139.55,83
MULTI STATE,POWER,1134,TRANSMISSION SYSTEM STRENGTHENING FOR SRINAGAR-LEH TRANSMISSION SYSTEM,PGCIL,N18000330,3/2022,12/2024,N.A.,12/2024,288.71,N.A.,288.71,66.79,37
MULTI STATE,POWER,1135,TRANSMISSION SYSTEM STRENGTHENING SCHEME FOR EVACUATION OF POWER FROM SOLAR ENERGY ZONES IN RAJASTHA,PGCIL,N18000331,2/2022,9/2023,N.A.,12/2024,359.47,N.A.,359.47,177.07,57
MULTI STATE,POWER,1136,TRANSMISSION SYSTEM STRENGTHENING SCHEME FOR EVACUATION OF POWER FROM SOLAR ENERGY ZONES IN RAJASTHA,PGCIL,N18000332,5/2022,11/2023,N.A.,12/2024,1666,N.A.,1666,1245.12,80
MULTI STATE,POWER,1137,TRANSMISSION NETWORK EXPANSION IN GUJARAT TO INCREASE ATC FROM ISTS: PART B,PGCIL,N18000337,7/2022,6/2023,N.A.,12/2024,4546.26,N.A.,4546.26,2028.05,58
MULTI STATE,POWER,1138,TRANSMISSION NETWORK EXPANSION IN GUJARAT TO INCREASE ATC FROM ISTS: PART C,PGCIL,N18000338,7/2022,3/2025,N.A.,3/2025,186.19,N.A.,186.19,58.13,53
MULTI STATE,POWER,1139,SYSTEM STRENGTHENING SCHEME FOR EASTERN AND NORTH EASTERN REGION,PGCIL,N18000343,10/2022,10/2025,N.A.,10/2025,307.87,N.A.,307.87,61.61,51
MULTI STATE,POWER,1140,TRANSMISSION SYSTEM FOR KURNOOL WIND ENERGY ZONE SOLAR ENERGY ZONE (AP) PART- A PART B,PGCIL,N18000352,3/2023,11/2024,N.A.,11/2024,3546.94,N.A.,3546.94,931.24,35
MULTI STATE,POWER,1141,ER WR TRANSMISSION LIMITED,PGCIL,N18000353,3/2023,3/2025,N.A.,3/2025,281.16,N.A.,281.16,24.44,24
MULTI STATE,RAILWAYS,1142,"NANGALDAM-TALWARA(NL),NR",NR,220100188,3/1981,7/2012,N.A.,11/2024,450,N.A.,2017.96,1190.75,0
MULTI STATE,RAILWAYS,1143,"LALITPUR-SATNA-REWA- SINGRULI NL, (NCR)",WCR,220100232,9/1998,5/2008,N.A.,3/2025,247.66,N.A.,8248.5,2500.34,67
MULTI STATE,RAILWAYS,1144,CHHAPRA-BALLIA UP,NER,N22000134,3/2013,1/2019,N.A.,2/2025,295,954,954,967.6,92
MULTI STATE,RAILWAYS,1145,CHOTTAUDEPUR-DHAR(NL),WR,N22000138,4/2007,3/2022,Dec-26,12/2026,1347.26,1793.63,1793.63,1414.28,58
MULTI STATE,RAILWAYS,1146,"DAHOD-INDORE VIA SARDARPUR, JHABUA AND DHAR (NL)",WR,N22000139,4/2007,3/2022,Feb-28,2/2028,1640.04,1873.1,2873.11,1951.89,58
MULTI STATE,RAILWAYS,1147,GWALIOR-SEOPURKALA WITH EXTENSION TO KOTA (GC),NCR,N22000148,4/2011,3/2022,N.A.,12/2024,2912.96,N.A.,3845.6,1024.32,0
MULTI STATE,RAILWAYS,1148,DHOLPUR-SIRMUTTRA WITH EXTENSION TO GANGAPURCITY AND MOHARI-TANTPUR AND TANPUR-BANSI PAHARPUR,NCR,N22000158,4/2010,,Dec-26,12/2026,2030.5,746.83,746.83,61.78,19
MULTI STATE,RAILWAYS,1149,NEW BONGAIGAON-RANGIA- KAMAKGHYA DOUBLING,NFR,N22000183,4/2013,3/2019,N.A.,8/2024,1798,N.A.,2832.35,2992.22,87
MULTI STATE,RAILWAYS,1150,NEW BG LINE FROM BALURGHAT TO HILLY NFR,NFR,N22000206,4/2010,3/2020,N.A.,3/2027,242.22,N.A.,1208.73,386.7,5
MULTI STATE,RAILWAYS,1151,NEW BG LINE FROM JAGBANI TO BIRATNAGAR,NFR,N22000207,4/2010,,N.A.,3/2023,241.52,N.A.,401.65,343.3,85.42
MULTI STATE,RAILWAYS,1152,MURKONGSELEK-PASIGHAT NL,NFR,N22000208,4/2011,3/2020,N.A.,3/2025,414.84,N.A.,1265.16,525.85,30
MULTI STATE,RAILWAYS,1153,MADURAI-TUTICORIN VIA ARUPPUKKOTTAI,SR,N22000215,4/2011,3/2019,Dec-27,12/2027,120.7,N.A.,2053.39,342.13,14
MULTI STATE,RAILWAYS,1154,PIRPAINTI-JASIDIH,ER,N22000219,4/2013,3/2022,Mar-28,3/2028,915.98,N.A.,2137.81,794.28,45
MULTI STATE,RAILWAYS,1155,KAZIPET-VIJAYAWADA 3RD LINE WITH ELECTRIFICATION,SCR,N22000261,4/2012,3/2023,N.A.,3/2025,1856.95,N.A.,1952.68,1267.8,0
MULTI STATE,RAILWAYS,1156,DEOBAND (MUZAFFARNAGAR)- ROORKEE NL,NR,N22000274,4/2007,,N.A.,2/2024,336.91,N.A.,791.39,572.99,40
MULTI STATE,RAILWAYS,1157,RAYADURGA-TUMKUR NL,SWR,N22000279,4/2007,,N.A.,2/2027,2062.3,2495.59,2495.59,1393.73,60
MULTI STATE,RAILWAYS,1158,PHULERA - DIGANA DOUBLING,NWR,N22000326,5/2015,3/2020,Apr-24,4/2024,600,N.A.,701.81,724.88,100
MULTI STATE,RAILWAYS,1159,HOTGI-KUDGI-GADAG,SWR,N22000333,3/2015,3/2019,N.A.,6/2025,1614.59,1877.81,2458.87,2352.18,88
MULTI STATE,RAILWAYS,1160,KAZIPET-BALHRSHA,SCR,N22000367,4/2015,3/2021,N.A.,1/2025,2063.03,N.A.,2909,2540.39,0
MULTI STATE,RAILWAYS,1161,MUMBAI AHMEDABAD HIGH SPEED RAIL PROJECT,NHSRCL,N22000463,12/2015,12/2023,N.A.,8/2027,108000,N.A.,108000,63130,45.36
MULTI STATE,RAILWAYS,1162,WESTERN DEDICATED FREIGHT CORRIDOR,DFCC,N22000464,11/2007,3/2020,N.A.,3/2020,16592,51101,51101,47476,81
MULTI STATE,RAILWAYS,1163,CHANDIGARH-BADDI,NR,N22000467,4/2007,3/2023,N.A.,6/2025,328.14,N.A.,1540.14,482.67,10
MULTI STATE,RAILWAYS,1164,NARAYANGARH TO BHADRAK 3RD LINE (155 KM),SER,N22000506,3/2019,5/2023,N.A.,12/2025,1866.31,N.A.,1866.31,1563.76,52
MULTI STATE,ROAD TRANSPORT AND HIGHWAYS,1165,VARANASI-AURANGABAD KM.786 TO KM.978.40,NHAI,N24000182,9/2011,3/2014,N.A.,9/2024,2848,N.A.,3241.56,3901.66,85.25
MULTI STATE,ROAD TRANSPORT AND HIGHWAYS,1166,4/6L OF SPUR TO HARIDWAR (GREENFIELD) FROM KM. 0.000 TO KM. 49.000,NHAI,N24001628,11/2021,2/2025,N.A.,2/2025,2155.95,N.A.,2155.95,1026,41.01
MULTI STATE,ROAD TRANSPORT AND HIGHWAYS,1167,6L WITH ACCESS CONTROL PROVISION SAHARANPUR BYPASS TO GANESHPUR SECTION FROM 13.89 KM TO 41.820 KM O,NHAI,N24001629,4/2022,11/2024,N.A.,11/2024,796.65,N.A.,796.65,234.99,50.5
MULTI STATE,SHIPPING AND PORTS,1168,JAL MARG VIKAS PROJECT,IWAI,N25000072,1/2018,3/2023,Dec-25,12/2025,5369.18,4633.81,5061.15,3026.67,59.39
MULTI STATE,TELECOMMUNICA,1169,NETWORK FOR SPECTRUM,DOT,N26000101,3/2012,7/2015,Sep-23,8/2024,13334,34953.45,34953.45,22626.69,97.7
MULTI STATE,TELECOMMUNICA,1170,PHASE-I OF CONSOLIDATION OF EXISTING CDR DATA CENTERS AND NIB-P3 DATA CENTERS WITH STATE OF THE ART,BSNL,N26000114,3/2020,6/2021,Nov-21,10/2024,461.42,461.42,461.42,159.98,81
MULTI STATE,TELECOMMUNICA,1171,SUPER EDGE ROUTERS FOR BSNL INTERNET PROTOCOL - MULTI PROTOCOL LEBEL SWITCHING (IPMPLS) NETWORK and,BSNL,N26000115,3/2023,3/2024,Jul-24,7/2024,185.27,N.A.,239.6,146.93,100
MULTI STATE,TELECOMMUNICA,1172,MPLS-IP BASED ACCESS AND AGGREGATION NETWORK (MAAN) IN BSNL ALONG WITH TEST AND MEASURING EQUIPMENT,BSNL,N26000116,5/2023,8/2024,N.A.,8/2024,645.13,N.A.,645.13,184.7,57.86
MULTI STATE,TELECOMMUNICA,1173,PLANNIN ENGINEERING SUPPLY INSTALLATION TESTING COMMISSIONING INTEGARTION and ANNUAL MAINTENANCE OF,BSNL,N26000117,6/2023,6/2025,N.A.,6/2025,24544.55,N.A.,24556.35,2696.09,22.25
MULTI STATE,TELECOMMUNICA,1174,OPTICAL TRANSPORT NETWORK (OTN) PH-4 IN BSNL,BSNL,N26000118,2/2024,8/2025,N.A.,8/2025,810.99,N.A.,810.99,0,0
MULTI STATE,URBAN DEVELOPMENT,1175,DELHI GHAZIABAD MEERUT RRTS CORRIDOR,NCRTC,N28000134,3/2019,6/2025,N.A.,6/2025,30274,N.A.,30274,21810.99,79.2
NAGALAND,PETROLEUM,1176,"AUGMENTATION OF DIMAPUR DEPOT, DIMAPUR",IOCL,N16000529,8/2023,11/2027,N.A.,11/2027,227.62,N.A.,227.62,0,2.1
NAGALAND,RAILWAYS,1177,NEW LINE FROM DIMAPUR TO ZUBZA(KOHIMA) NATIONAL PROJECT (NEFR),NFR,N22000124,4/2006,3/2015,N.A.,12/2029,2326.52,6663.2,6663.2,3584.63,53
NAGALAND,ROAD TRANSPORT AND,1178,FOUR LANING OF DIMAPUR KOHIMA ROAD FROM DESIGN KM 123.840 TO KM 138.775 (EXISTING KM 124.100 TO KM 1,NHIDCL,N24000686,3/2016,9/2019,Nov-22,12/2024,373.07,534.41,534.41,382.5,99.81
NAGALAND,ROAD TRANSPORT AND,1179,FOUR LANING OF EXISTING DIMAPUR KOHIMA ROAD FROM DESIGN KM 152.490 TO KM 166.700 (EXISTING KM 156.00,NHIDCL,N24000688,3/2016,8/2022,Sep-25,9/2025,429.52,794.74,794.74,279.04,81.54
NAGALAND,ROAD TRANSPORT AND,1180,(I) CONSTRUCTION OF FOUR/SIX LANING FROM KM 132.375 TO KM 158.058 (TOTAL NEW ALIGNMENT LENGTH OF 20.,NHIDCL,N24000752,2/2017,9/2020,Feb-23,12/2024,387,688.12,688.12,387.5,99.32
NAGALAND,ROAD TRANSPORT AND,1181,(II) CONSTRUCTION OF DIMAPUR BYPASS (ASSAM PORTION) OF 4/6 LANE PAVEMENT ON EPC BASIS FROM EXISTING,NHIDCL,N24000753,3/2018,11/2022,Aug-24,12/2024,500.09,698.81,698.81,365.22,94.4
NAGALAND,ROAD TRANSPORT AND,1182,CONSTRUCTION OF TWO LANE WITH HARD SHOULDERS OF CHAKABAMA-ZUNHEBOTO ROAD FROM EXISTING KM 52.370 TO,NHIDCL,N24000756,3/2018,9/2022,Jan-23,7/2024,285.68,N.A.,285.68,174.28,99.9
NAGALAND,ROAD TRANSPORT AND,1183,CONSTRUCTION OF TWO LANE WITH HARD SHOULDERS OF MERANGKONG-TAMLU-MON ROAD FROM EXISTING KM 20.456 TO,NHIDCL,N24000763,3/2018,12/2021,Aug-22,8/2025,215.79,N.A.,215.79,100.83,21.47
NAGALAND,ROAD TRANSPORT AND,1184,CONSTRUCTION OF TWO LANE WITH HARD SHOULDERS OF MERANGKONG-TAMLU-MON ROAD FROM EXISTING KM 60.345 TO,NHIDCL,N24000765,3/2018,9/2018,Jun-23,9/2025,323.98,N.A.,323.98,78.61,16.03
NAGALAND,ROAD TRANSPORT AND,1185,CONSTRUCTION OF 2 LANE WITH PAVED SHOULDER FROM KM. 168 TO 183.783 (YESEMYONG TO UNGER) ON MOKOKCHUN,MoRTH,N24001179,3/2017,11/2020,Feb-23,2/2023,217.35,N.A.,217.35,214.18,100
NAGALAND,ROAD TRANSPORT AND,1186,WIDENING OF EXISTING SINGLE/INTERMEDIATE LANE ROAD TO 2 LANE ROAD FROM KM. 83.00 TO KM 101.00 ON NH-,MoRTH,N24001180,3/2019,12/2022,Jan-23,1/2023,237.51,N.A.,237.51,201.2,100
NAGALAND,ROAD TRANSPORT AND,1187,CONSTRUCTION OF 2-LANE WITH PAVED SHOULDER OF KOHIMA-BYPASS ROAD FROM DESIGN KM10.500 TO 21.00KM [D,NHIDCL,N24001255,9/2020,10/2022,Apr-24,9/2024,277.44,N.A.,277.44,160.81,62.14
NAGALAND,ROAD TRANSPORT AND,1188,CONSTRUCTION OF 2-LANE WITH PAVED SHOULDER OF KOHIMA-BYPASS ROAD FROM DSIGN KM32.0 TO KM43.454 [DES,NHIDCL,N24001258,8/2020,4/2022,Apr-23,2/2025,202.36,N.A.,202.36,70.06,26.96
NAGALAND,ROAD TRANSPORT AND,1189,UPGRADATION OF EXISTING ROAD TO 2-LANE WITH PAVED SHOULDER FROM KOHIMA TO MAO FROM KM 185.540 TO KM,NHIDCL,N24001259,9/2020,4/2022,May-24,2/2025,315.63,N.A.,315.63,95.84,74.23
NAGALAND,ROAD TRANSPORT AND,1190,2 LANING OF KOHIMA - JESSAMI SECTION (PACKAGE I),NHIDCL,N24001280,3/2020,6/2022,Mar-23,9/2023,320.97,N.A.,320.97,182.21,100
NAGALAND,ROAD TRANSPORT AND,1191,2 LANING OF KOHIMA - JESSAMI SECTION (PACKAGE II),NHIDCL,N24001282,3/2020,6/2022,N.A.,1/2026,355.79,N.A.,355.79,109.24,0.39
NAGALAND,ROAD TRANSPORT AND,1192,2 LANING OF KOHIMA - JESSAMI SECTION (PACKAGE III),NHIDCL,N24001284,3/2020,6/2022,Jun-23,6/2024,361.53,365.42,365.42,189.26,97.12
NAGALAND,ROAD TRANSPORT AND,1193,2-LANING OF CHANGTONGYA TO LONGLENG ROAD OF NH-702 (PKG-I),NHIDCL,N24001286,3/2020,6/2022,Oct-22,6/2023,278.95,N.A.,278.95,166.29,100
NAGALAND,ROAD TRANSPORT AND,1194,2 LANING OF KOHIMA - JESSAMI SECTION (PACKAGE V),NHIDCL,N24001287,4/2020,12/2021,Nov-25,11/2025,330.8,N.A.,330.8,103.14,53.32
NAGALAND,ROAD TRANSPORT AND,1195,CHANGTONGYA TO LONGLENG ROAD PKG-2,NHIDCL,N24001389,3/2020,6/2022,Sep-22,1/2025,206.53,N.A.,206.53,113.29,99.4
NAGALAND,ROAD TRANSPORT AND,1196,PEREN-DIMAPUR SECTION PKG- 2,NHIDCL,N24001406,7/2021,3/2023,Sep-25,9/2025,258.52,N.A.,258.52,62.78,55.43
NAGALAND,ROAD TRANSPORT AND,1197,PEREN-DIMAPUR PKG-5,NHIDCL,N24001407,2/2021,3/2023,N.A.,3/2023,207.33,N.A.,207.33,0,0
NAGALAND,ROAD TRANSPORT AND,1198,MERANGKONG-TAMLU-MON (MTM) PKG-5,NHIDCL,N24001438,7/2021,12/2023,N.A.,9/2025,161.73,N.A.,161.73,43.05,23.24
NAGALAND,ROAD TRANSPORT AND,1199,WIDENING OF EXISTING SINGLE LANE / INTERMEDIATE LANE ROAD TO 2 LANE FROM KM 101 TO KM 125 OF NH 61 I,MoRTH,N24001465,6/2020,9/2024,Jun-26,6/2026,252.19,N.A.,252.19,0.28,0
NAGALAND,ROAD TRANSPORT AND,1200,WIDENING TO EXISTING SINGLE LANE /INTERMEDIATE LANE TO 2 LANE FROM KM185.00 TO KM 220.00 OF NH-61 (N,MoRTH,N24001466,3/2021,7/2024,Mar-25,3/2025,297.24,N.A.,297.24,109.13,55
NAGALAND,ROAD TRANSPORT AND,1201,WIDENING TO EXISTING SINGRE/INTERMEDIATE RANE TO 2 LANE FROM KM 135 TO KM 147 AND FROM KM 156.00 TO,MoRTH,N24001467,3/2021,2/2024,Feb-25,2/2025,226.44,N.A.,226.44,108.52,76.42
NAGALAND,ROAD TRANSPORT AND,1202,CONSTRUCTION OF 2 LANE WITH HARD SHOULDER FROM DESIGN CHAINAGE KM 283.000 TO KM 325.440 (5- LEGGED J,NHIDCL,N24001475,3/2022,12/2024,N.A.,12/2024,605.36,N.A.,605.36,203.99,75.42
NAGALAND,ROAD TRANSPORT AND,1203,WIDENING OF EXISTING SINGLE LANE ROAD TO INTERMEDIATE LANE ROAD FROM MOKOKCHUNG TO CHARE VIA DIKHU I,MoRTH,N24001855,2/2021,6/2025,Jun-25,6/2025,192.93,N.A.,192.93,53.4,50.65
NAGALAND,ROAD TRANSPORT AND,1204,PEREN-DIMAPUR PKG-3,NHIDCL,N24001912,2/2021,6/2025,N.A.,6/2025,177.77,199.02,199.02,10.65,17.69
NAGALAND,ROAD TRANSPORT AND,1205,WIDENING TO 2 LANE WITH HARD SHOULDER OF AKEGWO- AVANGKHU SECTION OF NH- 202K FOR PACKAGE-I (DESIGN CH,NHIDCL,N24001976,12/2022,2/2026,N.A.,2/2026,430.24,N.A.,430.24,25.39,15.78
NAGALAND,ROAD TRANSPORT AND,1206,WIDENING TO 2 LANE WITH HARD SHOULDER OF AKEGWO- AVANGKHU SECTION OF NH- 202K FOR PACKAGE-II (DESIGN C,NHIDCL,N24001977,12/2022,2/2026,N.A.,2/2026,442.54,N.A.,442.54,7.11,10.52
NAGALAND,ROAD TRANSPORT AND,1207,WIDENING TO 2 LANE WITH HARD SHOULDER OF AKEGWO- AVANGKHU SECTION OF NH- 202K FOR PACKAGE-III (DESIGN,NHIDCL,N24001978,12/2022,2/2026,N.A.,2/2026,497.18,N.A.,497.18,43.78,23.5
ODISHA,COAL,1208,BASUNDHARA (WEST) OC EXTN(7.00 MTY),MCL,N06000112,5/2014,3/2019,N.A.,3/2027,479.15,N.A.,479.15,264.67,62
ODISHA,COAL,1209,SIARMAL OCP (40.00MTY),MCL,N06000113,2/2021,3/2029,N.A.,3/2029,5194.96,N.A.,3386.76,3390.99,42.5
ODISHA,COAL,1210,GARJANBAHAL OCP,MCL,N06000117,11/2014,3/2021,N.A.,3/2026,1375.38,N.A.,1375.38,822.11,58
ODISHA,COAL,1211,INTEGRATED LAKHANPUR- BELPAHAR-LILARI OCP,MCL,N06000167,5/2018,3/2027,N.A.,3/2027,2434.75,N.A.,2434.75,1781.77,51
ODISHA,COAL,1212,REORGANISATION OF BHARATPUR OCP EXPANSION,MCL,N06000171,11/2018,3/2029,N.A.,3/2029,2838.87,N.A.,2838.87,1592.61,44
ODISHA,COAL,1213,TALABIRA II AND III OCP,NLC,N06000189,7/2017,1/2027,N.A.,1/2027,2401.07,N.A.,2401.07,1264.53,51.4
ODISHA,COAL,1214,NAINI COAL MINE,SCCL,N06000203,3/2020,3/2024,N.A.,3/2026,494.3,N.A.,494.3,491.33,35
ODISHA,COAL,1215,BHUBANESWARI EXPANSION OCP,MCL,N06000227,3/2024,3/2031,N.A.,3/2031,6321.73,N.A.,3145.45,1077.02,18
ODISHA,COAL,1216,GOPALJI-KANIHA OCP,MCL,N06000229,4/2022,3/2028,N.A.,3/2028,6107.87,N.A.,8416.19,1594.26,16.5
ODISHA,COAL,1217,BALARAM EXPANSION OCP,MCL,N06000230,8/2020,3/2029,N.A.,3/2029,3504.21,N.A.,3504.21,897.65,49
ODISHA,COAL,1218,KULDA EXPANSION OCP- 15 MTY,MCL,N06000248,6/2014,3/2018,N.A.,3/2026,348.16,N.A.,348.16,196.72,62
ODISHA,COAL,1219,SUBHADRA OCP,MCL,N06000249,5/2021,3/2029,Mar-29,3/2029,1693.81,N.A.,1693.81,1132.19,39
ODISHA,COAL,1220,RPR OF HINGULA -II EXPANSION PH-III,MCL,N06000261,12/2022,3/2029,N.A.,3/2029,2264.68,N.A.,2264.68,1000.42,39
ODISHA,COAL,1221,NLC TALABIRA THERMAL POWER PROJECT (PHASE-1: 3 X 800 MW),NLC,N06000270,1/2024,5/2029,N.A.,5/2029,27213,N.A.,27213,960.52,1.51
ODISHA,DEPARTMENT OF HIGHER EDUCATION,1222,INDIAN INSTITUTE OF SCIENCE EDUCATION AND RESEARCH BERHAMPUR,CPWD EDUCATION,N28000126,1/2019,3/2022,N.A.,11/2024,790.79,N.A.,790.79,653.28,93
ODISHA,MINES,1223,5TH STREAM ALUMINA REFINERY EXPANSION PROJECT,NALCO,N10000010,12/2014,4/2021,Sep-25,9/2025,4103,5677.4,5677.4,3096.93,66.04
ODISHA,MINES,1224,UTKAL D AND E COAL BLOCK,NALCO,N10000011,5/2016,1/2020,Nov-23,3/2024,534,N.A.,1021.97,750.5,73.43
ODISHA,MINES,1225,CONVERSION OF FLAT BOTTOM SETTLERS AND WASHERS WITH A SINGLE TRAIN OF HRDS AND DCWS IN STREAMS 1 AND,NALCO,N10000012,12/2015,11/2020,Sep-25,9/2025,355,581,581,108.93,12.6
ODISHA,MINES,1226,SOURCING OF BAUXITE ARRANGEMENT FOR 5TH STREAM ALUMINA REFINERY FROM SOUTH BLOCK MINING LEASE OF PAN,NALCO,N10000013,11/2017,4/2021,May-25,5/2025,483,483,483,326.09,84.13
ODISHA,MINES,1227,POTTANGI BAUXITE MINES,NALCO,N10000016,5/2018,12/2024,N.A.,5/2025,1437,N.A.,1381,641.34,46.44
ODISHA,MINES,1228,CONSTRUCTION OF RED MUD POND - II AT NALCO DAMANJODI ODISHA,NALCO,N10000017,9/2019,3/2023,May-24,5/2024,225.79,44.87,270.66,5,100
ODISHA,PETROLEUM,1229,ADDITIONAL STORAGE TANKS AT PARADIP,IOCL,N16000361,11/2018,9/2021,Dec-24,12/2024,462.3,543,543,457.19,94.3
ODISHA,PETROLEUM,1230,Fuel Quality Upgradation Project at Paradip Refinery,IOCL,N16000362,5/2019,8/2021,Dec-24,12/2024,3361,N.A.,3361,2699.07,97.7
ODISHA,PETROLEUM,1231,INSTALLATION OF STANDBY SRU TRAIN OF 525 TPD ALONGWITH INCINERATOR AT PARADIP REFINERY,IOCL,N16000368,6/2019,9/2022,Dec-24,12/2024,427.1,427.1,427.1,292.88,93.1
ODISHA,PETROLEUM,1232,INTEGRATED PARA XYLENE (PX) AND PURIFIED TEREPHTHALIC ACID (PTA) PROJECT AT PARADIP REFINERY,IOCL,N16000396,7/2020,1/2024,Apr-25,4/2025,13805,N.A.,13805,6452.79,84.1
ODISHA,POWER,1233,EASTERN REGION EXPANSION SCHEME XXIX,PGCIL,N18000351,3/2023,11/2025,N.A.,11/2025,524.04,N.A.,524.04,293.17,48
ODISHA,POWER,1234,TALCHER THERMAL POWER PROJECT STAGE III(2X660 MW),NTPC,N18000364,8/2022,5/2027,N.A.,5/2027,11844,N.A.,11844,1405.09,8.4
ODISHA,RAILWAYS,1235,KHURDA ROAD- BOLANGIR(NL)ECOR,ECOR,220100284,4/1994,3/2009,Dec-26,12/2026,2923.13,3791.66,5089.37,3946.47,76
ODISHA,RAILWAYS,1236,TALCHER- BIMALAGARH(NL)(ECOR),ECOR,220100328,4/2005,6/2021,N.A.,3/2026,810.78,N.A.,1928.07,1436.2,35
ODISHA,RAILWAYS,1237,BHADRAK - NERGUNDI 3RD LINE,ECOR,N22000316,3/2013,10/2020,N.A.,10/2025,843.04,1284.39,1284.39,1051.37,70
ODISHA,RAILWAYS,1238,JAGADALPUR-KORAPUT DOUBLING,ECOR,N22000376,4/2015,3/2022,N.A.,N.A.,1547.38,N.A.,1547.38,1170.47,88
ODISHA,RAILWAYS,1239,KORAPUT - SINGAPUR ROAD DOUBLING,ECOR,N22000379,4/2015,3/2022,Mar-26,3/2026,2361.74,2361.74,2361.74,1480.95,66
ODISHA,RAILWAYS,1240,JARAPADA - BUDHAPANK WITH FLY OVER AT TALCHER ROAD 3RD AND 4TH LINE,ECOR,N22000380,4/2015,11/2018,N.A.,3/2025,701.61,N.A.,810.02,179.43,25
ODISHA,RAILWAYS,1241,BUDHAPANK - SALEGAON VIA RAJATGARH 3RD AND 4TH LINE.,ECOR,N22000381,4/2015,12/2018,N.A.,7/2025,1172.92,2087.43,2087.43,1513.07,70
ODISHA,RAILWAYS,1242,VIZIANAGARAM -SAMABALPUR 3RD LINE,RVNL,N22000409,1/1991,12/2024,N.A.,12/2026,2335.67,N.A.,4803.16,4620.71,73
ODISHA,RAILWAYS,1243,EXECUTION OF RAIL CONNECTIVITY PROJECT FOR COAL TRANSPORTATION IN ODISHA FOR MCRL,IRCON,N22000418,4/2016,3/2020,N.A.,12/2025,5200,N.A.,5200,0,17.4
ODISHA,RAILWAYS,1244,JEYPORE MALKANGIRI NEW LINE,ECOR,N22000516,2/2018,7/2033,N.A.,7/2033,642.69,N.A.,642.69,154.32,0.1
ODISHA,RAILWAYS,1245,JEYPORE NABARANGPUR NEWLINE,ECOR,N22000517,7/2017,7/2028,N.A.,7/2028,499.99,N.A.,747.91,0,0
ODISHA,RAILWAYS,1246,TALCHER - ANGUL NEW LINE WITH Y CONNECTION AT TALCHER,ECOR,N22000518,7/2018,12/2026,N.A.,12/2026,278.96,495,494.62,0,0
ODISHA,RAILWAYS,1247,KODINGAMALI BAUXITE MINES TO SINGARAM RAILWAY STATION,ECOR,N22000519,8/2022,8/2027,N.A.,8/2027,190.9,N.A.,190.9,10,0
ODISHA,RAILWAYS,1248,GANDHAMARDAN IRON ORE MINES TO GOALDIH STATION,ECOR,N22000520,9/2022,9/2027,N.A.,9/2027,189.93,N.A.,189.93,0,0
ODISHA,RAILWAYS,1249,BRUNDAMAL-JHARSUGUDA- FLYOVER CONNECTION FOR JOINING DN LINE,ECOR,N22000521,12/2009,12/2026,N.A.,12/2026,48.44,297,297,0,0
ODISHA,RAILWAYS,1250,BAGHUAPAL FLY OVER (20 KM),ECOR,N22000522,8/2019,8/2027,N.A.,8/2027,183,N.A.,183,0,0
ODISHA,RAILWAYS,1251,ROURKELA-BONDAMUNDA A- CABIN 5TH LINE (10 KM) (UMBRELLA WORK PB#57/2019- 20/NR),SER,N22000571,9/2022,9/2026,N.A.,3/2026,209.75,N.A.,244.99,32.55,8
ODISHA,ROAD TRANSPORT AND,1252,DEVELOPMENT OF FOUR LANNING OF ANGUL- SAMBALPUR SECTION OF NATIONAL HIGHWAY NH-42 (NEW NH-55 IN THE S,NHAI,N24000619,9/2016,8/2019,N.A.,10/2024,2510.04,N.A.,2510.04,1104.98,96
ODISHA,ROAD TRANSPORT AND,1253,REHABILITATION AND UPGRADATION OF CUTTACK ANGUL SECTION OF NH-42 (NEW NH-55) TO 4 LANE (KM. 0+400 TO,NHAI,N24000715,12/2017,7/2020,N.A.,12/2024,686.65,565,686.65,559.26,86
ODISHA,ROAD TRANSPORT AND,1254,REHABILITATION AND UP- GRADATION OF EXISTING 2- LANE TO 4 LANE OF DUBURI (KM 388.376) TO CHANDIKHOLE (,NHAI,N24000733,1/2018,8/2022,N.A.,2/2025,633.68,492.83,633.68,560.38,80
ODISHA,ROAD TRANSPORT AND,1255,REHABILITATION AND UP- GRADATION OF EXISTING 2- LANE TO FOUR LANE FROM TALCHAR TO END OF KAMAKHYANAG,NHAI,N24000734,1/2018,8/2021,N.A.,8/2024,614.48,503.3,757.12,664.48,98
ODISHA,ROAD TRANSPORT AND,1256,REHABILITATION AND UPGRADATION OF CUTTACK- ANGUL SECTION TO 4 LANE (KM 60.20) TO (KM 112.0) PKG II ON,NHAI,N24000736,1/2018,9/2020,N.A.,12/2024,686.65,504.09,1015.16,435.85,79
ODISHA,ROAD TRANSPORT AND,1257,REHABILITATION AND UPGRADATION OF SIX LANING OF BHADRAK BALESHWAR SECTION (KM 136.50) TO (KM 199.141,NHAI,N24000738,1/2018,9/2021,N.A.,3/2025,999,1152.7,1152.7,339.23,76.4
ODISHA,ROAD TRANSPORT AND,1258,REHABILITATION AND UP- GRADATION TO 4-LANING OF RAJAMUNDA-BARKOTE SECTION OF NH-23 (NEW NH NO. 143) (,NHAI,N24000739,1/2018,6/2021,Dec-24,12/2024,503.88,609.03,609.03,536.89,91.1
ODISHA,ROAD TRANSPORT AND,1259,WIDENING TO 2LPS FROM 0/0 TO 119/0 OF NH-157 IN THE STATE OF ODISHA.,MoRTH,N24000912,8/2016,2/2017,Sep-24,9/2024,287.7,5.96,293.66,272.95,95.73
ODISHA,ROAD TRANSPORT AND,1260,WIDENING TO 2LPS FROM 239/9 TO 294/3 OF NH-57 (NAYAGARH TO KHURDA) IN THE STATE OF ODISHA,MoRTH,N24000914,12/2016,8/2018,Sep-24,9/2024,223.5,N.A.,223.5,220.5,92
ODISHA,ROAD TRANSPORT AND,1261,WIDENING TO 2LPS FROM 269/30 TO 328/20 OF NH-49 IN THE STATE OF ODISHA,MoRTH,N24000917,3/2018,8/2018,Oct-24,10/2024,199.16,N.A.,199.16,155.44,97.88
ODISHA,ROAD TRANSPORT AND,1262,BALANCE WORK OF PANIKOILI RIMULI SECTION OF NEW NH-20 FROM KM 0.00 TO KM. 163.000,NHAI,N24001647,8/2020,3/2022,N.A.,8/2024,200,154.73,154.73,137.04,100
ODISHA,ROAD TRANSPORT AND,1263,6L GREENFIELD KANDILI - ALURU SECTION OF NH-130-CD ROAD FROM KM 342+500 TO KM 365+033 (PACKAGE-OD-8,NHAI,N24001665,12/2021,10/2024,N.A.,8/2025,1592,1592,1592,746.07,53.44
ODISHA,ROAD TRANSPORT AND,1264,6L GREENFIELD BARAJA - KANDILI SECTION OF NH- 130-CD ROAD FROM KM 338+500 TO KM 342+500 (PACKAGE-OD,NHAI,N24001666,12/2021,9/2024,N.A.,10/2025,714,714,714,341.9,54.42
ODISHA,ROAD TRANSPORT AND,1265,6L GREENFIELD KALIAGURA ? BAUNSAGUAR SECTION OF NH- 130-CD ROAD FROM KM 249+000 TO KM 293+000 (PACKAG,NHAI,N24001667,9/2021,5/2024,N.A.,10/2025,1734,1734,1734,968.9,68.39
ODISHA,ROAD TRANSPORT AND,1266,6L OF BADAKUMARI - KARKI SECTION FROM KM 179.000 TO KM 226.500 OF NH-130-CD (PACKAGE ? OD-3),NHAI,N24001668,3/2021,4/2024,N.A.,3/2025,1249,N.A.,1249,403,68.7
ODISHA,ROAD TRANSPORT AND,1267,6L OF DHANARA - HATIBENA SECTION FROM KM 124.611 TO KM 146.50 OF NH-130-CD (PACKAGE ? OD-1),NHAI,N24001669,2/2021,3/2024,N.A.,3/2025,586,N.A.,586,185.26,60.9
ODISHA,ROAD TRANSPORT AND,1268,6L OF KARKI ? KALIAGURA SECTION FROM KM 226.500 TO KM 249.000 OF NH-130-CD (PACKAGE ? OD-4),NHAI,N24001670,2/2021,3/2024,N.A.,12/2024,593,N.A.,593,250.22,83.88
ODISHA,ROAD TRANSPORT AND,1269,6L OF HATIBENA - BADAKUMARI SECTION FROM KM 146.50 TO KM 179.00 OF NH-130-CD (PACKAGE ? OD-2),NHAI,N24001671,2/2021,3/2024,N.A.,10/2024,925,N.A.,925,396.59,94.91
ODISHA,ROAD TRANSPORT AND,1270,6L GREENFIELD BAUNSAGUAR - BARAJA SECTION OF NH-130-CD ROAD FROM KM 293+000 TO KM 338+500 (PACKAGE ?,NHAI,N24001678,8/2021,6/2024,N.A.,6/2025,1460,1460,1460,768.36,72.9
ODISHA,ROAD TRANSPORT AND,1271,CONSTRUCTION OF ROAD FROM KM 0/0 TO 72/0 OF NH-26 SUCH AS 4 LANE FROM KM 0/0 TO 21/0 (BARGARH TO BAR,MoRTH,N24001857,6/2020,12/2023,Dec-24,12/2024,414.24,N.A.,414.24,250.41,80
ODISHA,ROAD TRANSPORT AND,1272,WIDENING AND STRENGTHENING TO 2L+PS INCLUDING LA OF KANDARPUR- BALIKUDA FROM KM 277/500 TO 318/970 OF,MoRTH,N24001858,3/2022,6/2025,Jun-25,6/2025,499.79,N.A.,499.79,218.62,48.2
ODISHA,ROAD TRANSPORT AND,1273,CONSTRUCTION OF BYPASS ON NH-59 FROM KM 336/350 TO 349/910 (13.56 KM) NEAR BERHAMPUR TOWN INCLUDING,MoRTH,N24001859,3/2021,3/2024,Mar-25,3/2025,196.94,N.A.,196.94,63.67,34.29
ODISHA,ROAD TRANSPORT AND,1274,CONSTRUCTION OF BYPASS TO NAYAGARH TOWN FROM KM 235.469 TO 252.482 OF NH-57 INCLUDING LAND ACQUISITI,MoRTH,N24001860,1/2022,4/2025,Apr-25,4/2025,300.33,N.A.,300.33,159.82,47.32
ODISHA,ROAD TRANSPORT AND,1275,CONSTRUCTION OF BYPASS TO KHORDHA TOWN FROM KM 294/000 TO 300/300 ON NH-57 INCLUDING LA IN THE STATE,MoRTH,N24001861,2/2022,11/2024,Mar-25,3/2025,157.49,N.A.,157.49,59.32,15.75
ODISHA,ROAD TRANSPORT AND,1276,CONSTRUCTION OF BYPASS ROAD TO BALANGIR TOWN FROM KM 72/400 (DESING KM 0/0) TO KM 79/800 (DESIGN KM,MoRTH,N24001862,2/2022,10/2025,Nov-25,11/2025,238.78,N.A.,238.78,9.89,20
ODISHA,ROAD TRANSPORT AND,1277,"CONSTRUCTION OF 5 HL BRIDGES AT KM 379/000 (PANGAM), KM 439/400 (POTTERU), KM 444/237 (KONGURUKONDA)",MoRTH,N24001863,3/2021,6/2024,Jun-26,6/2026,154.05,N.A.,154.05,47.47,22
ODISHA,ROAD TRANSPORT AND,1278,CONSTRUCTION OF FOUR LANE ROB AND ITS APPROACHES IN LIEU OF EXISTING LEVEL CROSSING NO. RV-71 AT KM,MoRTH,N24001864,11/2021,6/2025,Jun-25,6/2025,154.49,N.A.,154.49,45.22,15.75
ODISHA,ROAD TRANSPORT AND,1279,CONSTRUCTION OF 4 LANE ROB WITH APPROACHES IN LIEU OF LC NO. RV-172 AT KM 176.00 OF NH-201 (PRESENT,MoRTH,N24001865,12/2021,5/2025,May-25,5/2025,324.09,N.A.,324.09,70.05,15
ODISHA,ROAD TRANSPORT AND,1280,REHABILITATION AND UP GRADATION FROM 4 TO 8 LANING OF CHANDIKHOLE PARADIP SECTION OF NH 53 FROM KM.,NHAI,N24002078,12/2023,12/2025,N.A.,12/2025,711,N.A.,711,71.79,14.22
ODISHA,ROAD TRANSPORT AND,1281,REHABILITATION AND UP GRADATION FROM 4 TO 8 LANING OF CHANDIKHOLE PARADIP SECTION OF NH 53 FROM KM,NHAI,N24002079,12/2023,12/2025,N.A.,12/2025,742.25,N.A.,742.25,122.14,18.89
ODISHA,ROAD TRANSPORT AND,1282,REHABILITATION AND UP GRADATION FROM 4 TO 8 LANING OF CHANDIKHOLE PARADIP SECTION OF NH 53 FROM KM,NHAI,N24002080,12/2023,12/2025,N.A.,12/2025,762.75,N.A.,762.75,38.1,19.12
ODISHA,ROAD TRANSPORT AND,1283,3L MAJOR BRIDGE OVER RIVER BRAHMANI AT KM. 401.250 (DUBURI CHANDIKHOLE SECTION) OF NH 200 (NEW NH 5,NHAI,N24002081,8/2022,1/2025,N.A.,6/2025,153.61,N.A.,153.61,0,13
ODISHA,ROAD TRANSPORT AND,1284,WIDENING AND STRENGTHENLNG TO 2L+PS FROM KM 0.000 TO 40.000 (DHAUGAON- PODAMARI SECTION) OF NH 326 I,MoRTH,N24002135,3/2022,2/2026,Feb-26,2/2026,186.52,186.52,186.52,12.15,12
ODISHA,ROAD TRANSPORT AND,1285,WIDENING AND STRENGTHENING TO 4L+PS/2L+PS FROM KM 0.000 TO 35.800 (KUAKHIA - MANGALPUR SECTION) OF N,MoRTH,N24002136,3/2022,2/2026,Feb-26,2/2026,636.1,N.A.,636.1,19.26,5.96
ODISHA,STEEL,1286,REBUILDING OF COKE OVEN BATTERY-2 ALONGWITH AUGMENTATION OF COKE HANDLING AND GAS HANDLING FACILITY,SAIL,N12000122,11/2020,5/2023,N.A.,8/2024,377.18,N.A.,377.18,394.67,85.69
ODISHA,STEEL,1287,INSTALLATION OF 4TH SLAB CASTER ALONG WITH ITS AUXILIARIES AND A NEW LADLE FURNACE IN SMS-II AT RSP,SAIL,N12000125,1/2022,5/2025,N.A.,5/2025,970.18,N.A.,970.18,393.38,57.61
PUNJAB,DEPARTMENT OF HIGHER EDUCATION,1288,"CONSTRUCTION OF PERMANENT CAMPUS OF INDIAN INSTITUTE OF MANAGEMENT (IIM) AMRITSAR, PUNJAB.",CPWD EDUCATION,N28000142,10/2019,5/2022,N.A.,12/2024,348.24,N.A.,348.24,268.34,84
PUNJAB,PETROLEUM,1289,"SECOND GENERATION ETHANOL BIOREFINERY PROJECT, BATHINDA, PUNJAB",HPCL,N16000402,5/2020,2/2023,Jul-24,7/2024,1421.46,N.A.,1421.46,1014.38,94
PUNJAB,PETROLEUM,1290,BHATINDA SANGRUR PIPELINE,HPCL,N16000440,11/2021,5/2024,N.A.,2/2025,367,N.A.,367,273.74,81.9
PUNJAB,PETROLEUM,1291,CGD PROJECT AT PATHANKOT DISTRICT,IOCL,N16000488,3/2022,3/2030,N.A.,9/2033,151,N.A.,151,7.72,1.5
PUNJAB,RAILWAYS,1292,"MANSA-BHATINDA (PHASE-I), INCL. NEW MATERIAL MODIFICATION FOR RAMA MANDI (RAMAN) - SADA SINGHWALA VI",NR,N22000502,6/2009,8/2016,N.A.,8/2025,404,N.A.,404,190,60
PUNJAB,RAILWAYS,1293,LUDHIANA MULLANPUR DOUBLING,NR,N22000589,9/2020,3/2025,N.A.,3/2025,82.99,N.A.,235,0,0
PUNJAB,RAILWAYS,1294,RAJPURA-BHATINDA (172.64 KM),MEGA,N22000597,6/2017,3/2024,N.A.,3/2024,1775.73,N.A.,1775.73,0,0
PUNJAB,RAILWAYS,1295,FEROZPUR - PATTI (25.72 KM),NR,N22000614,4/2017,3/2027,N.A.,3/2027,299.74,N.A.,299.74,0,0
PUNJAB,ROAD TRANSPORT AND,1296,CONSTRUCTION OF PARTIALLY ACESS CONTROLLED FOUR LANE ELEVATED HIGHWAY BETWEEN SAMRALA CHOWK (DESIGN,NHAI,N24000662,3/2017,3/2020,Aug-24,8/2024,754.54,808.6,808.6,800.29,99.4
PUNJAB,ROAD TRANSPORT AND,1297,WIDENING AND PAVED SHOULDER OF TOHANA (IN HARYANA) PUNJAB/HARYANA BORDER TO MOONAK-JAKHAL- BUDHLADA,MoRTH,N24000907,3/2018,8/2020,N.A.,7/2024,293.1,N.A.,315,306.6,100
PUNJAB,ROAD TRANSPORT AND,1298,JALANDHAR-HOSHIARPUR SECTION OF NH-70 [NEW NH NO. 3] FROM EXISTING KM 11.400 TO KM 49.200,MoRTH,N24000909,10/2017,10/2019,N.A.,12/2025,1069.59,N.A.,1069.59,739.08,44
PUNJAB,ROAD TRANSPORT AND,1299,REHABILITATION AND UP GRADATION TO 2 LANE WITH PAVED SHOULDER OF NH-703A FROM MAKHU (DESIGN CH 0 000,MoRTH,N24000910,3/2018,11/2020,N.A.,6/2024,170.57,192.48,150,104.98,78.7
PUNJAB,ROAD TRANSPORT AND,1300,REHABILITATION AND UPGRADATION TO 2 LANE WITH PAVED SHOULDER OF MOGA (DESIGN CH 0.000) TO MAKHU (DES,MoRTH,N24000941,3/2018,8/2020,N.A.,8/2020,293.64,N.A.,293.64,295.46,100
PUNJAB,ROAD TRANSPORT AND,1301,DELHI-AMRITSAR-KATRA EXPRESSWAY (PHASE-I PKG-VI) FROM JUNCTION WITH PATIALA- SAMANA-PATRAN ROAD (SH-1,NHAI,N24001414,12/2020,1/2024,May-24,7/2024,733,908.28,908.28,868.44,95.33
PUNJAB,ROAD TRANSPORT AND,1302,DELHI-AMRITSAR-KATRA EXPRESSWAY FROM JUNCTION WITH PATIALA-BATHINDA ROAD (NH-7) NEAR BHAWANIGARH TO,NHAI,N24001415,12/2020,4/2024,Jul-24,7/2024,881,N.A.,881,855.25,88.44
PUNJAB,ROAD TRANSPORT AND,1303,DELHI-AMRITSAR-KATRA EXPRESSWAY FROM JUNCTION WITH LUDHIANA-MALERKOTLA ROAD (SH-11) NEAR BHOGIWAL VI,NHAI,N24001416,12/2020,1/2024,Mar-25,3/2025,989.66,N.A.,989.66,319.95,30.83
PUNJAB,ROAD TRANSPORT AND,1304,DELHI-AMRITSAR-KATRA EXPRESSWAY FROM JUNCTION WITH LUDHIANA-MOGA ROAD (NH-5) NEAR MULLANPUR DAKHA TO,NHAI,N24001417,12/2020,4/2024,Jul-24,7/2024,1234.4,N.A.,1234.4,744.28,56.84
PUNJAB,ROAD TRANSPORT AND,1305,DELHI-AMRITSAR-KATRA EXPRESSWAY FROM CH.KM 303+900 TO KM 319+400 OF MAIN EXPRESSWAY) AND AMRITSAR CO,NHAI,N24001418,12/2020,4/2024,Jul-24,7/2024,1094.46,N.A.,1094.46,745.94,57.75
PUNJAB,ROAD TRANSPORT AND,1306,DELHI-AMRITSAR-KATRA EXPRESSWAY (PHASE-I PKG-XI) FROM JUNCTION WITH JALANDHAR - KAPURTHALA ROAD (NH-,NHAI,N24001419,2/2021,4/2024,Nov-24,11/2024,1269.96,N.A.,1269.96,584.69,41.97
PUNJAB,ROAD TRANSPORT AND,1307,DELHI-AMRITSAR-KATRA EXPRESSWAY (PHASE-I PKG-XII) FROM JUNCTION WITH AMRITSAR-MEHTA- SRIHARGOBINDPUR-,NHAI,N24001420,2/2021,4/2024,N.A.,4/2024,853.66,N.A.,853.66,68.71,10.22
PUNJAB,ROAD TRANSPORT AND,1308,"FOUR LANING OF EXISTING 2 LANE SECTION FROM MALOUT (DESIGN KM 44.500, EXISTING KM 80.200 OF NH-07) V",NHAI,N24001514,1/2021,1/2024,May-24,8/2024,1060.29,N.A.,1060.29,975.55,98
PUNJAB,ROAD TRANSPORT AND,1309,4/6L GREENFIELD LUDHIANA RUPNAGAR HIGHWAY FROM JUNCTION WITH NE 05 VILLAGR NEAR TO MANEWAL (LUDHIANA,NHAI,N24001630,7/2021,2/2025,N.A.,2/2025,1501.02,N.A.,1501.02,265,58
PUNJAB,ROAD TRANSPORT AND,1310,6L OF IT CITY CHOWK TO KURALI CHANDIGARH ROAD,NHAI,N24001631,3/2021,10/2024,N.A.,10/2024,1525.31,N.A.,1525.31,265,65
PUNJAB,ROAD TRANSPORT AND,1311,CONSTRUCTION OF FOUR LANE GREENFIELD PROJECT OF DELHI-AMRITSAR-KATRA EXPRESSWAY (PHASE-I PKG-V) FROM,NHAI,N24001632,1/2021,5/2024,N.A.,12/2024,1741.86,N.A.,1741.86,1113.71,72.5
PUNJAB,ROAD TRANSPORT AND,1312,CONSTRUCTION OF FOUR/SIX LANE GREENFIELD LUDHIANA ? RUPNAGAR NATIONAL HIGHWAY NO. NH-205K UNDER BHAR,NHAI,N24001636,5/2021,12/2024,Dec-24,12/2024,1368.91,1368.91,1368.91,163.58,15.31
PUNJAB,ROAD TRANSPORT AND,1313,DEVELOPMENT OF 6 LANE JALANDHAR BYPASS FROM KAHLWAN NATIONAL HIGHWAY 03 DESIGN KM 0.00 ENDING AT K,NHAI,N24001637,3/2021,1/2025,N.A.,1/2025,1754.84,N.A.,1754.84,923.44,23.1
PUNJAB,ROAD TRANSPORT AND,1314,4L GREENFIELD A. MALOUT BYPASS FROM CH. KM 44.500 TO CH. KM 35.500 ON NH-07 AND CH. KM 0.000 TO KM 6,NHAI,N24001638,11/2021,7/2024,Jul-24,7/2024,646.42,646.42,646.42,481.67,90
PUNJAB,ROAD TRANSPORT AND,1315,FOUR LANING OF MOGA TO BAJAKHANA LAMBWALI SECTION OF 105B GREENFIELD ALIGNMENT FROM DESIGN CHAINAGE,NHAI,N24001639,5/2020,12/2024,Jun-25,6/2025,864.23,864.23,864.23,434.88,30
PUNJAB,ROAD TRANSPORT AND,1316,6L AMRITSAR BATHINDA GREENFIELD SECTION FROM VILLAGE TIBA ON NE 5A TO JN. WITH MOGA JALANDHAR ROAD N,NHAI,N24001640,3/2021,11/2024,N.A.,11/2024,1229.38,N.A.,1229.38,635.28,27
PUNJAB,ROAD TRANSPORT AND,1317,DELHI AMRITSAR KATRA EXPRESSWAY PHASE I SPUR III FROM JUNCTION WITH AMRITSAR JALANDHAR ROAD NH3 NEAR,NHAI,N24001641,3/2021,10/2024,N.A.,10/2024,1641.75,N.A.,1641.75,164.43,21.35
PUNJAB,ROAD TRANSPORT AND,1318,FOUR LANING OF AMRITSAR BYPASS FROM NEW TARN TARAN ROAD TO AJNALA ROAD FROM DESIGN KM. 0.750 TO DESI,NHAI,N24001642,2/2021,8/2024,N.A.,8/2024,1474.77,N.A.,1474.77,384.91,61
PUNJAB,ROAD TRANSPORT AND,1319,4L OF AMRITSAR GHOMAN TANDA UNA SECTION FROM KM 8.270 TO KM 54.000 OF NH 503A PACKAGE I,NHAI,N24001643,12/2020,6/2024,Jun-25,6/2025,857.91,N.A.,857.91,105.75,30.52
PUNJAB,ROAD TRANSPORT AND,1320,AMRITSAR AIRPORT JUNCTION RAMDAS FROM KM. 100.835 TO KM. 139.813 PKG IV,NHAI,N24001644,12/2020,9/2023,Sep-24,9/2024,524.88,416.58,416.58,157.14,69
PUNJAB,ROAD TRANSPORT AND,1321,4L OF MALOUT-MANDI DABWALI SECTION PKG-01 DANEWALA AT KM 7.000 TO MANDI DABWALI AT KM 29.500 OF NH-0,NHAI,N24001645,12/2020,6/2023,Feb-24,2/2024,366.85,366.85,366.85,519.77,100
PUNJAB,ROAD TRANSPORT AND,1322,UP-GRADATION TO TWO LANE WITH PAVED SHOULDER CONFIGURATION OF NH-354 SECTION ARIFKES-FEROZEPUR- MUKTS,MoRTH,N24001960,3/2021,10/2023,N.A.,4/2025,263.19,N.A.,220,30,21
PUNJAB,ROAD TRANSPORT AND,1323,WORK OF WIDENING/UPGRADATION OF 2- LANE WITH PAVED SHOULDER OF SRI MUKTSAR SAHIB TO MALOUT ROAD FROM,MoRTH,N24001961,3/2022,10/2023,N.A.,4/2025,152.58,N.A.,152.58,33.45,20
PUNJAB,ROAD TRANSPORT AND,1324,6L OF JODHPUR ROMANA (BATHINDA) - MANDI DABWALI (PUNJAB HARYANA BORDER) SECTION OF NH-54 FROM KM. 0.,NHAI,N24002075,12/2020,8/2025,Aug-25,8/2025,757.13,757,757,246.51,82
PUNJAB,ROAD TRANSPORT AND,1325,6L AMRITSAR-BATHINDA GREENFIELD SECTION FROM JN. WITH BHAGTA BHAI KA- BHADAUR ROAD NEAR DYALPURA BHAI,NHAI,N24002076,3/2021,10/2025,Oct-25,10/2025,2029.17,2029,2029,84.23,17
PUNJAB,ROAD TRANSPORT AND,1326,6L ACCESS CONTROLLED LUDHIANA-BATHINDA GREENFIELD HIGHWAY FROM JN. WITH AMRITSAR-BATHANDA GREENFIELD,NHAI,N24002091,6/2021,9/2025,Sep-25,9/2025,906.51,906.51,906.51,134.05,24.31
PUNJAB,ROAD TRANSPORT AND,1327,6-LANE AMRITSAR-BATHINDA GREENFIELD SECTION OF NH- 754A FROM JUNCTION WITH MOGA JALANDHAR ROAD (NH-70,NHAI,N24002092,3/2021,10/2025,N.A.,10/2025,1801.37,N.A.,1801.37,725.63,10.85
PUNJAB,ROAD TRANSPORT AND,1328,6L OF AMBALA-CHANDIGARH GREENFIELD SECTION FROM KM. 0.000 TO KM. 25.000 WITH 4L SPUR TO LALRU FROM K,NHAI,N24002098,3/2022,10/2025,N.A.,10/2025,1641.66,N.A.,1641.66,65,25
PUNJAB,ROAD TRANSPORT AND,1329,4L OF EXISTING BEAS ? BABA BAKALA - DERA BABA NANAK SECTION FROM START OF BATALA BYPASS TILL INTERSE,NHAI,N24002100,10/2021,6/2025,N.A.,6/2025,1003.38,N.A.,1003.38,207.34,57.96
PUNJAB,ROAD TRANSPORT AND,1330,4L OF BEAS-MEHTA-BATALA- DERA BABA NANAK FROM INTERSECTION WITH JALANDHAR-AMRITSAR HIGHWAY (NH-3) NEA,NHAI,N24002101,8/2021,6/2025,N.A.,6/2025,809.51,N.A.,809.51,114.83,35.23
PUNJAB,ROAD TRANSPORT AND,1331,DELHI-AMRITSAR-KATRA EXPRESSWAY (PHASE-I SPUR-I) FROM JN. WITH KAPURTHALA - SULTANPUR LODHI ROAD (NH,NHAI,N24002102,1/2020,4/2026,N.A.,4/2026,2165.23,N.A.,2165.23,106.96,12.76
RAJASTHAN,ATOMIC ENERGY,1332,RAJASTHAN ATOMIC POWER PROJECT -7 AND 8 (2X700 MW),NPCIL,N02000027,10/2009,12/2016,N.A.,12/2026,12320,22924,22924,18713,91.83
RAJASTHAN,CIVIL AVIATION,1333,CONSTRUCTION OF NEW TERMINAL BUILDING AT JODHPUR AIRPORT,AAI,N04000101,5/2022,11/2024,N.A.,1/2025,480,N.A.,480,102.23,43
RAJASTHAN,CIVIL AVIATION,1334,UDAIPUR AIRPORT- CONSTRUCTION OF NEW INTEGRATED PASSENGER TERMINAL BUILDING,AAI,N04000104,6/2023,3/2026,N.A.,3/2026,887,N.A.,887,100.09,20.72
RAJASTHAN,COAL,1335,NLCIL 300 MW SOLAR POWER PROJECT (PART OF 510 MW CPSU SCHEME),NLC,N06000269,3/2023,9/2024,N.A.,9/2024,1813,N.A.,1813,365.04,21.96
RAJASTHAN,PETROLEUM,1336,NEW MUNDRA-PANIPAT CRUDE OIL PIPELINE,IOCL,N16000435,12/2021,10/2024,Dec-24,12/2024,9028,N.A.,9028,5466.8,62.22
RAJASTHAN,PETROLEUM,1337,"CGD PROJECT AT JHUNJHUNU, SIKAR AND NAGAUR DISTRICTS",IOCL,N16000489,3/2022,3/2030,N.A.,3/2031,575,N.A.,575,108.28,6.7
RAJASTHAN,PETROLEUM,1338,"CGD PROJECT IN TONK, SAWAI MADHOPUR, DAUSA, KARAULI",HPCL,N16000496,3/2022,3/2030,N.A.,3/2030,1751,N.A.,1751,169.28,18.2
RAJASTHAN,PETROLEUM,1339,SETTING UP OF PETROCHEMICAL EVACUATION MARKETING TERMINAL (PEMT) AT BARMER,HPCL,N16000512,12/2023,12/2026,N.A.,12/2026,461.05,N.A.,461.05,8.19,11
RAJASTHAN,PETROLEUM,1340,RAJASTHAN REFINERY PROJECT,HPCLRRL(JV,N16000513,10/2017,10/2022,Mar-25,3/2025,43129,72937,72937,48000.79,80.8
RAJASTHAN,PETROLEUM,1341,CGD PROJECTS AT FAZILKA (EXCEPT AREA ALREADY AUTHORIZED) GANGANAGAR AND HANUMANGARH DISTRICTS,BPCL,N16000520,12/2022,6/2030,N.A.,6/2030,3207,N.A.,3207,161.97,16.2
RAJASTHAN,POWER,1342,SAMBHU KI BHURJ-II SOLAR 300MW,NTPC,N18000286,3/2020,9/2021,N.A.,9/2024,1782,N.A.,1782,1279.42,0
RAJASTHAN,POWER,1343,ANTA SOLAR 90 MW,NTPC,N18000292,1/2021,3/2022,N.A.,3/2022,382.22,N.A.,382.22,497.17,0
RAJASTHAN,POWER,1344,BHENSARA 320 MW,NTPC,N18000293,1/2021,7/2022,N.A.,7/2022,1221.73,N.A.,1221.73,719.49,0
RAJASTHAN,POWER,1345,CHHATTARGARH 150 MW,NTPC,N18000294,2/2021,7/2022,Mar-24,3/2024,599.99,N.A.,599.99,243.12,0
RAJASTHAN,POWER,1346,TRANSMISSION SYSTEM STRENGTHENING SCHEME FOR EVACUATION OF POWER FROM SOLAR ENERGY ZONES IN RAJASTHA,PGCIL,N18000300,5/2021,9/2022,N.A.,8/2024,1184.88,N.A.,1184.88,840.52,97
RAJASTHAN,POWER,1347,TRANSMISSION SYSTEM STRENGTHENING SCHEME FOR EVACUATION OF POWER FROM SOLAR ENERGY ZONES IN RAJASTHA,PGCIL,N18000305,6/2021,12/2022,N.A.,8/2024,713.82,N.A.,713.82,658.99,99
RAJASTHAN,POWER,1348,TRANSMISSION SYSTEM STRENGTHENING SCHEME FOR EVACUATION OF POWER FROM SOLAR ENERGY ZONES IN RAJASTHA,PGCIL,N18000306,6/2021,12/2022,N.A.,12/2024,1562,N.A.,1562,1123.15,81
RAJASTHAN,POWER,1349,TRANSMISSION SYSTEM STRENGTHENING SCHEME FOR EVACUATION OF POWER FROM SOLAR ENERGY ZONES IN RAJASTHA,PGCIL,N18000307,6/2021,12/2022,N.A.,12/2024,1006,N.A.,1006,870.61,94
RAJASTHAN,POWER,1350,NOKH PLOT-1 SOLAR PV PROJECT 245MW,NTPC,N18000320,3/2022,8/2023,N.A.,9/2024,1352.71,N.A.,1352.71,359.51,0
RAJASTHAN,POWER,1351,NOKH PLOT-2 SOLAR PV PROJECT 245MW,NTPC,N18000321,3/2022,8/2023,N.A.,9/2024,1409.52,N.A.,1409.52,632.99,0
RAJASTHAN,POWER,1352,NOKH PLOT-3 SOLAR PV PROJECT 245MW,NTPC,N18000322,3/2022,8/2023,N.A.,9/2024,1426.94,N.A.,1426.94,362.86,0
RAJASTHAN,POWER,1353,BHADLA-II 500MW SOLAR PV PROJECT,NTPC,N18000347,6/2022,3/2024,N.A.,12/2024,2598.92,N.A.,2598.92,468.43,0
RAJASTHAN,POWER,1354,TRANSMISSION SYSTEM SCHEME FOR EVACUATION OF POWER FROM REZ RAJASTHAN (8.1 GW) UNDER PHASE-II PART,PGCIL,N18000356,3/2023,9/2024,N.A.,12/2024,1433.28,N.A.,1433.28,455.17,40
RAJASTHAN,POWER,1355,300 MW SOLAR POWER PROJECT UNDER CPSU SCHEME,NHPC,N18000368,5/2022,11/2023,N.A.,3/2025,1677.12,N.A.,1677.12,710.97,58
RAJASTHAN,POWER,1356,TRANSMISSION SYSTEM FOR EVACUATION OF POWER FROM RAJASTHAN REZ PHASE-IV PART- I (BIKANER COMPLEX) PAR,PGCIL,N18000372,6/2023,1/2025,N.A.,12/2024,202.39,N.A.,202.39,0.84,48
RAJASTHAN,POWER,1357,"TS FOR EVACUATION OF POWER FROM REZ IN RAJASTHAN (20GW) UNDER PHASE-III, PART E1",PGCIL,N18000373,8/2023,2/2025,N.A.,2/2025,688.74,N.A.,688.74,0,18
RAJASTHAN,POWER,1358,TS FOR EVACUATION POWER FROM REZ IN RAJASTHAN (20GW) UNDER PHASE-III PART H,PGCIL,N18000374,10/2023,4/2025,N.A.,4/2025,2211,N.A.,2211,183.03,12
RAJASTHAN,POWER,1359,TS FOR EVACUATION POWER FROM REZ IN RAJASTHAN (20GW) UNDER PHASE-III PART C1,PGCIL,N18000375,10/2023,4/2025,N.A.,4/2025,1796,N.A.,1796,255.38,11
RAJASTHAN,POWER,1360,TS FOR EVACUATION POWER FROM REZ IN RAJASTHAN (20GW) UNDER PHASE-III PART B1,PGCIL,N18000376,9/2023,4/2025,N.A.,4/2025,2191,N.A.,2191,332.06,12
RAJASTHAN,POWER,1361,TS FOR EVACUATION POWER FROM REZ IN RAJASTHAN (20GW) UNDER PHASE-III PART J,PGCIL,N18000378,12/2022,3/2025,N.A.,3/2025,331,N.A.,331,7.66,26
RAJASTHAN,POWER,1362,TS FOR EVACUATION POWER FROM REZ IN RAJASTHAN (20GW) UNDER PHASE-III PART E2,PGCIL,N18000379,11/2023,6/2025,N.A.,6/2025,428,N.A.,428,0,1
RAJASTHAN,POWER,1363,TS FOR EVACUATION OF POWER FROM RAJASTHAN REZ PH-IV (PART-1) [BIKANER COMPLEX] PART A [BIKANER III N,PGCIL,N18000386,12/2023,12/2025,N.A.,12/2025,2998,N.A.,2998,81.58,3
RAJASTHAN,POWER,1364,TS FOR EVACUATION OF POWER FROM RAJASTHAN REZ PH-IV (PART-1) [BIKANER COMPLEX] PART D [NEEMRANA II B,PGCIL,N18000387,12/2023,12/2025,N.A.,12/2025,2056,N.A.,2056,121.6,8
RAJASTHAN,POWER,1365,TS FOR EVACUATION OF POWER FROM REZ IN RAJASTHAN (20GW) UNDER PH- III PART D [SIKAR KHETRI TRANSMISSI,MEGA,N18000389,2/2024,8/2025,N.A.,8/2025,2000,N.A.,2000,0,0
RAJASTHAN,RAILWAYS,1366,"DAUSA-GANGAPUR CITY(NL),NWR",NWR,220100184,2/1997,2/2019,N.A.,3/2024,410.08,N.A.,1020,1048.09,100
RAJASTHAN,RAILWAYS,1367,AGRA FORT-BANDIKUI,NCR,N22000553,6/2022,6/2027,May-26,5/2026,1389.81,987.83,987.83,0.24,10
RAJASTHAN,RAILWAYS,1368,GUDHA THATHANA MITHRI TEST TRACK FOR RDSO,NWR,N22000593,4/2019,3/2025,N.A.,3/2025,528.48,N.A.,528.48,312.72,60
RAJASTHAN,RAILWAYS,1369,DEDICATED TEST TRACK FOR RDSO (PHASE II),NWR,N22000594,11/2021,11/2026,N.A.,12/2024,466.42,N.A.,466.42,526.1,70
RAJASTHAN,RAILWAYS,1370,DOUBLING BETWEEN CHURU- RATANGARH (42.81 KM),NWR,N22000605,2/2023,2/2028,N.A.,1/2026,422.6,N.A.,422.6,62.69,35
RAJASTHAN,RAILWAYS,1371,SAWAIMADHOPUR - BYPASS LINE (6.98 KM) (UMBRELLA WORK PB#57/2019-20/NR),NWR,N22000607,12/2022,6/2026,N.A.,12/2025,304,239.54,239.54,58.07,15
RAJASTHAN,RAILWAYS,1372,GC OF NATHDWARA - DEVGARH MADARIYA (82.5KM),NWR,N22000608,1/2023,6/2028,N.A.,1/2027,968.92,N.A.,968.92,134.16,10
RAJASTHAN,ROAD TRANSPORT AND,1373,SIX-LANNING OF GREENFIELD PROPOSED UDAIPUR BYPASS PKG-IV,NHAI,N24000691,4/2017,4/2020,Jul-24,7/2024,894,N.A.,929.32,915.67,100
RAJASTHAN,ROAD TRANSPORT AND,1374,FOUR LANING OF DANGIAWAS (KM 96.595 TO NH-112) TO JAJIWAL (KM 283.500 OF NH 65 NAGAUR ROAD) SECTIO,NHAI,N24000711,12/2017,12/2020,Jul-24,7/2024,1308.73,N.A.,1308.73,656.1,99.6
RAJASTHAN,ROAD TRANSPORT AND,1375,CONSTRUCTION/ UP-GRATION OF FOUR/TWO LANE WITH PAVED SHOULDER OF NH68 FROM TANOT-RAMGARH BHADASAR-JA,NHAI,N24000795,2/2018,4/2021,Aug-24,8/2024,741.86,649,649,672.53,96
RAJASTHAN,ROAD TRANSPORT AND,1376,UP-GRADATION TO TWO LANING WITH PAVED SHOULDER OF AJMER-NAGAUR SECTION BY EXECUTING BALANCE WORK FRO,MoRTH,N24001241,3/2020,10/2022,Dec-24,12/2024,255.23,N.A.,255.23,250,94
RAJASTHAN,ROAD TRANSPORT AND,1377,4L+PS OF RAS-BEAWAR SECTION (KM 0.00 TO KM 30.00) OF NH-158 (GNHCP) WORLD BANK. PKG-I.,MoRTH,N24001409,7/2020,3/2024,N.A.,9/2024,319.09,N.A.,319.09,138.67,43.31
RAJASTHAN,ROAD TRANSPORT AND,1378,4L+PS OF NH -58 FROM BEAWAR- GOMTI (OLD CH KM 58.245 TO KM. 108.600) PKG-I.,MoRTH,N24001411,12/2020,10/2023,N.A.,6/2024,379.23,N.A.,379.23,227.12,86.48
RAJASTHAN,ROAD TRANSPORT AND,1379,4L+PS OF NH -58 FROM BEAWAR- GOMTI (OLD CH KM 108.600 TO KM 144 KM 158.419 TO KM 173.300 PKG-II.,MoRTH,N24001412,12/2020,10/2023,N.A.,6/2024,339.65,N.A.,339.65,207.23,93
RAJASTHAN,ROAD TRANSPORT AND,1380,2L+PS FROM KM 148/170 TO 211 /100 (DEVAL- DUNGARPUR- HIRATA - VARDA-SAGWARA) SECTION OF NH-927A. PKG-,MoRTH,N24001413,2/2021,1/2024,N.A.,5/2024,240.99,N.A.,240.99,233.39,94.13
RAJASTHAN,ROAD TRANSPORT AND,1381,2L+PS FOR WORK OF NH-325 (BALOTRA TO SANDERAO VIA JALORE) BY CONSTRUCTION OF BYPASSES:(1) ASOTRA- BR,MoRTH,N24001527,12/2021,5/2024,N.A.,12/2024,411.4,N.A.,411.4,143.61,48
RAJASTHAN,ROAD TRANSPORT AND,1382,WIDENING OF PACHPADRA- BAGUNDI SECTION TO 4 LANE FROM KM 73/60 TO 95/70 OF NH- 25 ON EPC MODE IN THE,MoRTH,N24001528,1/2022,12/2024,N.A.,12/2024,194.88,N.A.,194.88,104.69,51
RAJASTHAN,ROAD TRANSPORT AND,1383,44 LANE DIVIDED CARRIAGEWAY OF BARMER BYPASS OF NH-15 (NEW NH-68) IN THE STATE OF RAJASTHAN ON EPC M,MoRTH,N24001529,12/2021,8/2024,N.A.,8/2024,451.66,N.A.,451.66,401.78,96
RAJASTHAN,ROAD TRANSPORT AND,1384,UPGRADATION TO TWO LANE PAVED SHOULDER OF KOTHUN- LALSOT-KAROLI-DHOLPUR ROAD NH-23 (OLD NH-11B) IN TH,MoRTH,N24001530,12/2021,9/2024,N.A.,9/2024,150.11,N.A.,150.11,56.33,58
RAJASTHAN,ROAD TRANSPORT AND,1385,UPGRADATION AND REHABILITATION TO TWO LANE WITH PAVED SHOULDER OF BARMER GHAGARIYA SECTION FROM KM 0,MoRTH,N24001531,3/2022,8/2024,N.A.,8/2024,304.87,N.A.,304.87,289.31,100
RAJASTHAN,ROAD TRANSPORT AND,1386,4L GREENFIELD SPUR FROM DELHI-VADODARA GREENFIELD EXPRESSWAY NEAR BANDIKUI TO JAIPUR,NHAI,N24001557,3/2022,11/2024,Dec-24,12/2024,1636.15,N.A.,1636.15,659.06,76.25
RAJASTHAN,ROAD TRANSPORT AND,1387,4L OF KARWAR (KM. 281.980 OF NH-62 NAGAUR ROAD) TO DANGIYAVAS OF JODHPUR RING ROAD (PKG-II),NHAI,N24001558,11/2021,8/2024,Oct-24,10/2024,736.75,N.A.,736.75,205.79,73.1
RAJASTHAN,ROAD TRANSPORT AND,1388,2L PS SRIGANGANAGAR TO RAISINGHNAGAR (DESIGN CHAINAGE -0.500 KM TO DESIGN CHAINAGE 101.000 KM) (PACK,NHAI,N24001559,9/2021,6/2024,Dec-24,12/2024,672.35,N.A.,672.35,349.49,89.01
RAJASTHAN,ROAD TRANSPORT AND,1389,SANGARIYA (NEAR CHAUTALA)- RASISAR (NEAR BIKANER) (PHASE-I) (AJ/SR-PACKAGE-2),NHAI,N24001560,2/2019,10/2023,May-24,5/2024,755.16,N.A.,755.16,942.82,100
RAJASTHAN,ROAD TRANSPORT AND,1390,DEOGARH (NEAR DHANDHANIYA)- RAJASTHAN/GUJARAT BORDER (PHASE-I) (AJ/DRGB-PACKAGE-8),NHAI,N24001561,10/2019,10/2023,Jul-24,7/2024,839.63,N.A.,839.63,211.09,100
RAJASTHAN,ROAD TRANSPORT AND,1391,SANGARIYA (NEAR CHAUTALA)- RASISAR (NEAR BIKANER) (PHASE-I) (AJ/SR-PACKAGE-1),NHAI,N24001562,2/2019,10/2023,May-24,5/2024,738.9,N.A.,738.9,899.87,100
RAJASTHAN,ROAD TRANSPORT AND,1392,DEOGARH (NEAR DHANDHANIYA)- RAJASTHAN/GUJARAT BORDER (PHASE-I) (AJ/DRGB-PACKAGE-6),NHAI,N24001563,10/2019,8/2023,Aug-24,8/2024,846.59,N.A.,846.59,143.69,97.8
RAJASTHAN,ROAD TRANSPORT AND,1393,DEOGARH (NEAR DHANDHANIYA)- RAJASTHAN/GUJARAT BORDER (PHASE-I) (AJ/DRGB-PACKAGE-7),NHAI,N24001564,10/2019,7/2023,Aug-24,8/2024,662.08,N.A.,662.08,101.05,96.5
RAJASTHAN,ROAD TRANSPORT AND,1394,DELHI-VADODARA GREENFIELD ALIGNMENT (NH-148N) (PKG-11) (CH. 319.400 TO CH. 331.030) [HARDEOGANJ VILL,NHAI,N24001566,11/2019,5/2023,Jul-24,7/2023,1640.1,N.A.,1640.1,1159.13,100
RAJASTHAN,ROAD TRANSPORT AND,1395,DELHI-VADODARA GREENFIELD ALIGNMENT (NH-148N) (PKG-10) (CH. 292.950 TO CH. 319.400) [END OF INTERCHA,NHAI,N24001567,11/2019,10/2022,Nov-24,11/2024,1272.97,N.A.,1272.97,588.51,82.56
RAJASTHAN,ROAD TRANSPORT AND,1396,DELHI-VADODARA GREENFIELD ALIGNMENT (NH-148N) (PKG-14) (CH. 388.420 TO CH. 419.000) [JUNCTION WITH N,NHAI,N24001568,11/2019,5/2023,Aug-24,8/2024,1119.35,N.A.,1119.35,1433.58,99.8
RAJASTHAN,ROAD TRANSPORT AND,1397,DELHI-VADODARA GREENFIELD ALIGNMENT (NH-148N) (PKG-12) (CH. 331.030 TO CH. 359.170) [MAJOR BRIDGE ON,NHAI,N24001569,11/2019,3/2023,Jun-24,6/2024,1425.02,N.A.,1425.02,1365.31,100
RAJASTHAN,ROAD TRANSPORT AND,1398,DELHI-VADODARA GREENFIELD ALIGNMENT (NH-148N) (PKG-13) (CH. 359.170 TO CH. 388.420) [JUNCTION WITH S,NHAI,N24001571,11/2019,12/2023,Jul-24,7/2024,1341.36,N.A.,1341.36,1073.16,99.55
RAJASTHAN,ROAD TRANSPORT AND,1399,DELHI-VADODARA GREENFIELD ALIGNMENT (NH-148N) (PKG-16) (CH. 427.300 TO CH.452.420) [MAJOR BRIDGE OVE,NHAI,N24001572,11/2019,1/2023,Jan-24,1/2024,952.57,N.A.,952.57,892.27,100
RAJASTHAN,ROAD TRANSPORT AND,1400,DELHI-VADODARA GREENFIELD ALIGNMENT (NH-148N) (PKG-09) (CH. 247.310 TO CH. 292.950) [JUNCTION WITH M,NHAI,N24001573,11/2019,12/2022,Aug-24,8/2024,1658.06,N.A.,1658.06,180.39,99.9
RAJASTHAN,ROAD TRANSPORT AND,1401,DELHI-VADODARA GREENFIELD ALIGNMENT (NH-148N) (PKG-15) (CH. 419.000 TO CH.427.300) [JUNCTION WITH NH,NHAI,N24001612,7/2020,1/2024,Sep-25,9/2025,1788.69,N.A.,1788.69,798.73,63
RAJASTHAN,ROAD TRANSPORT AND,1402,"CONSTRUCTION OF TWO LANE WITH PAVED SHOULDER FOR FATEHPUR BYPASS, MANDAWA BYPASS AND JHUNJHUNU BYPAS",MoRTH,N24001866,3/2022,8/2024,N.A.,8/2024,186.29,N.A.,186.29,142.69,64
RAJASTHAN,ROAD TRANSPORT AND,1403,UPGRADATION OF TWO LANE PAVED SHOULDER FROM SHAHPURA TO THANAGAZI OF NH-248A ON EPC MODE IN THE STAT,MoRTH,N24001867,3/2022,7/2024,N.A.,7/2024,174.34,N.A.,174.34,104.08,60
RAJASTHAN,ROAD TRANSPORT AND,1404,Sagwara Bypass and Garhi- Partapur Bypass of NH- 927A in the State of Rajasthan.,MoRTH,N24001868,3/2022,8/2025,N.A.,8/2025,187.65,N.A.,187.65,66.57,29
RAJASTHAN,ROAD TRANSPORT AND,1405,UPGRADATION AND REHABILITATION TO TWO LANE WITH PAVED SHOULDER OF GHAGARIYA- MUNABAO SECTION FROM KM,MoRTH,N24001869,12/2022,8/2025,N.A.,8/2025,235.15,N.A.,235.15,92.29,57
RAJASTHAN,ROAD TRANSPORT AND,1406,UP-GRADATION TO 2 LANE WITH PAVED SHOULDER FROM CHARBHUJA AT DESIGN KM 0.00 (EXISTING KM 150.00) TO,MoRTH,N24001927,2/2022,9/2025,N.A.,9/2025,838.43,N.A.,838.43,157.87,30
RAJASTHAN,ROAD TRANSPORT AND,1407,CONSTRUCTION OF 2 LANE WITH PAVED SHOULDER NORTHERN BYPASS PHASE-II OF KOTA CITY FROM DESIGN CHAINAG,MoRTH,N24001928,3/2022,4/2025,N.A.,4/2025,317.74,N.A.,317.74,136.23,3.6
RAJASTHAN,ROAD TRANSPORT AND,1408,ADDITIONAL STRUCTURES ON 6LGURGAON-JAIPUR SECTION OF NH-48 BETWEEN KM 42.700 TO KM 273.00,NHAI,N24002058,8/2022,6/2024,N.A.,6/2025,409.64,N.A.,409.64,182.59,40.68
SIKKIM,CIVIL AVIATION,1409,PAKYONG AIRPORT- WIDENING OF BASIC STRIP AT WESTERN SIDE OF RUNWAY CHAINAGE 80M TO 920M I/C SLOPE ST,AAI,N04000110,11/2023,6/2026,N.A.,6/2026,323.26,N.A.,323.26,6.01,3
SIKKIM,DEPARTMENT OF HIGHER EDUCATION,1410,"CONSTRUCTION OF SIKKIM UNIVERSITY CAMPUS PHASE-I, PACKAGE -II AT YANGANG SOUTH SIKKIM",Sikkim Universi,N44000002,8/2020,1/2025,N.A.,12/2024,314.06,N.A.,303.55,135.81,45
SIKKIM,POWER,1411,TEESTA VI HE PROJECT,NHPC,N18000325,3/2019,3/2024,N.A.,12/2027,5748.04,N.A.,5748.04,3620.24,63.13
SIKKIM,POWER,1412,RANGIT IV HE PROJECT,NHPC,N18000326,3/2021,5/2024,N.A.,5/2025,938.29,N.A.,1871.23,1167.6,77.72
SIKKIM,RAILWAYS,1413,"SEVOK RANGPO, NEFR",NFR,N22000102,4/2008,12/2015,N.A.,12/2023,1339.48,N.A.,7876.92,3290.96,39.8
SIKKIM,ROAD TRANSPORT AND,1414,CONSTRUCTION OF 2-LANE WITH PAVED SHOULDER INCLUDING GEOMETRIC IMPROVEMENT FROM KM 0.000 TO KM 16.00,NHIDCL,N24000767,3/2017,4/2022,May-22,12/2023,375.8,N.A.,375.8,287.51,95.26
SIKKIM,ROAD TRANSPORT AND,1415,CONSTRUCTION OF 2-LANE WITH PAVED SHOULDER INCLUDING GEOMETRIC IMPROVEMENT FROM KM 16.000 TO KM 32.5,NHIDCL,N24000768,11/2017,10/2020,Aug-23,8/2024,290.05,N.A.,290.05,218.36,96.74
SIKKIM,ROAD TRANSPORT AND,1416,CONSTUCTION/UPGRADATION OF EXISTING HIGHWAY TO 2 LANE WITH PAVED SHOULDER FROM KM 0.00 TO KM 13.00 N,NHIDCL,N24001251,3/2019,4/2022,N.A.,1/2025,402.94,N.A.,402.94,233.87,72.99
SIKKIM,ROAD TRANSPORT AND,1417,CONSTUCTION/UPGRADATION OF EXISTING HIGHWAY TO 2 LANE WITH PAVED SHOULDER FROM KM 13.00 TO KM 25.600,NHIDCL,N24001252,8/2020,4/2023,Aug-23,1/2025,295.97,N.A.,295.97,243.68,92.82
SIKKIM,ROAD TRANSPORT AND,1418,CONSTUCTION/UPGRADATION OF EXISTING HIGHWAY TO 2 LANE WITH PAVED SHOULDER FROM KM 26.10 TO KM 40.00,NHIDCL,N24001254,3/2020,6/2022,N.A.,1/2024,242.97,N.A.,244.45,246.91,100
SIKKIM,ROAD TRANSPORT AND,1419,CONSTRUCTION AND UPGRADATION OFEXISTINGROAD TO 2-LANE WITH PAVED SHOULDER INCLUDING GEOMETRIC IMPROV,NHIDCL,N24001261,8/2020,4/2023,N.A.,10/2024,311,N.A.,273.78,240.56,93.41
SIKKIM,ROAD TRANSPORT AND,1420,CONSTRUCTION AND UPGRADATION OFEXISTINGROAD TO 2-LANE WITH PAVED SHOULDER INCLUDING GEOMETRIC IMPROV,NHIDCL,N24001262,7/2020,4/2023,Oct-23,8/2024,345.38,395.59,395.59,354.69,88.59
SIKKIM,ROAD TRANSPORT AND,1421,CONSTRUCTION OF 2-LANE ROAD WITH PAVED SHOULDER (GREENFIELD ALIGNMENT) OF EXISTING STRETCH BETWEEN L,NHIDCL,N24001322,9/2020,5/2022,Oct-23,3/2025,183.31,439.56,439.56,351.16,45.29
SIKKIM,ROAD TRANSPORT AND,1422,CONSTRUCTION OF 2-LANE SPECIFICATION ROAD WITH PAVED SHOULDER AS REALIGNMENT (GREENFIELD ALIGNMENT),NHIDCL,N24001325,9/2020,5/2023,Aug-24,3/2025,262.84,414.2,414.2,220.26,46.1
SIKKIM,ROAD TRANSPORT AND,1423,REHABILITATION AND UPGRADATION OF EXISTING ROAD TO 2-LANE WITH PAVED SHOULDER INCLUDING GEOMETRIC IM,NHIDCL,N24001327,8/2020,5/2022,May-23,3/2025,292.8,N.A.,292.8,179.43,49.19
SIKKIM,ROAD TRANSPORT AND,1424,CONSTRUCTION AND UPGRADATION OF EXISTING ROAD TO 2-LANE WITH PAVED SHOULDER FROM KM27.200 (END OF RO,NHIDCL,N24001336,8/2020,4/2023,Oct-24,3/2025,230.45,244.91,244.91,200.82,77.2
SIKKIM,ROAD TRANSPORT AND,1425,CONSTRUCTION AND UPGRADATION OF EXISTING ROAD TO 2-LANE WITH PAVED SHOULDER FROM NEW ROLEP BRIDGE AT,NHIDCL,N24001337,10/2020,11/2023,Jul-25,7/2025,493.42,478.79,478.79,264.25,39.08
SIKKIM,ROAD TRANSPORT AND,1426,CONSTRUCTION OF 2-LANE WITH PAVED SHOULDER OF NEW GREEN FIELD ALIGNMENT FROM CHOCHENPHERI AT KM 52.0,NHIDCL,N24001338,10/2020,12/2023,Jun-25,12/2025,816.79,786.6,786.6,276.95,35.17
SIKKIM,ROAD TRANSPORT AND,1427,RISHI BORDER- ROLEP- MENLA PKG- 2A,NHIDCL,N24001361,1/2021,9/2023,Apr-25,12/2025,332.2,N.A.,332.2,148.28,40.66
SIKKIM,ROAD TRANSPORT AND,1428,RISHI BORDER- ROLEP- MENLA PKG- 3B,NHIDCL,N24001362,12/2020,2/2024,Apr-25,4/2025,410.6,379.3,379.3,186.64,41.18
SIKKIM,ROAD TRANSPORT AND,1429,CONSTRUCTION OF 2-LANE WITH PAVED SHOULDER GANGTOK BYPASS ROAD FROM RANIPOOL TO BURTUK (L=23.316KM),MoRTH,N24001442,10/2021,5/2024,Jan-25,1/2025,385.15,N.A.,385.15,163.03,74.7
SIKKIM,ROAD TRANSPORT AND,1430,SPECIAL PROTECTION WORK ON REHABILITATION AND RESTORATION OF SLIDING AND SINKING ZONE FROM RANGPO TO,NHIDCL,N24001913,3/2017,6/2022,N.A.,6/2022,165.56,N.A.,165.56,0,71.74
TAMIL NADU,ATOMIC ENERGY,1431,"PROTOTYPE FAST BREEDER REACTOR (BHAVINI, 500 MWE)",BHAVNI,020100044,9/2003,9/2010,N.A.,3/2025,3492,N.A.,7670,6921.72,98
TAMIL NADU,ATOMIC ENERGY,1432,KUDANKULAM NUCLEAR POWER PROJECT UNIT-3 and 4,NPCIL,N02000028,3/2013,11/2020,N.A.,11/2026,39849,68893,68893,44488,72.95
TAMIL NADU,ATOMIC ENERGY,1433,KUDANKULAM NUCLEAR POWER PROJECT 5 AND 6,NPCIL,N02000029,6/2017,9/2027,N.A.,9/2027,49621,N.A.,49621,16931,28.75
TAMIL NADU,CIVIL AVIATION,1434,"MODERNIZATION OF CHENNAI AIRPORT PHASE II, CHENNAI",AAI,N04000074,6/2018,2/2022,N.A.,12/2025,2467,N.A.,2467,1487.26,57.4
TAMIL NADU,CIVIL AVIATION,1435,UPGRADATION OF PASSENGER TERMINAL BUILDING AND AIRSIDE FACILITIES AT TIRUCHIRAPALLI INTERNATIONAL AI,AAI,N04000075,8/2018,10/2021,N.A.,12/2023,951.28,N.A.,1112.49,1112.49,100
TAMIL NADU,CIVIL AVIATION,1436,DEVELOPMENT OF TUTICORIN AIRPORT,AAI,N04000090,6/2019,3/2022,Sep-24,9/2024,380.87,452.93,452.93,295.49,86
TAMIL NADU,COAL,1437,JAWAHAR KHANI OPENCAST (JK OC) MINE,SCCL,N06000259,12/2021,3/2025,N.A.,3/2025,297.88,N.A.,297.88,45.15,20
TAMIL NADU,FINANCE,1438,CONSTRUCTION OF 726 Nos RESIDENTIAL QUARTERS CHENNAI,CPWD FOR FINANC,N28000109,11/2017,11/2021,N.A.,11/2022,348.77,N.A.,348.77,223.39,100
TAMIL NADU,MINES,1439,25.5 MW WIND POWER PROJECT AT KAYATHAR IN TAMILNADU,NALCO,N10000014,9/2017,6/2019,Mar-24,12/2024,166.62,163.17,163.17,135.63,65
TAMIL NADU,PETROLEUM,1440,IRUGUR-DEVANGONTHI POL PIPELINE,BPCL,N16000234,11/2012,2/2017,Oct-25,10/2025,678,1732,1732,532.03,38.4
TAMIL NADU,PETROLEUM,1441,ENNORE THIRUVALLUR BENGALURU PUDUCHERRY NAGAPATTINAM MADURAITUTICORIN GAS PIPELINE,IOCL,N16000253,5/2016,12/2018,Mar-24,12/2024,4497,6025,6025,5503.37,99.06
TAMIL NADU,PETROLEUM,1442,"CONSTRUCTION OF CAPTIVE POL LPG JETTY AT KAMARAJAR PORT, CHENNAI",IOCL,N16000403,10/2020,9/2023,Dec-24,12/2024,921,N.A.,921,685.45,89.3
TAMIL NADU,PETROLEUM,1443,"SETTING UP LUBE COMPLEX AT VILLAGES AMULLAVOYAL AND VAIKKADU, CHENNAI AS RESITEMENT OF EXISTING FACI",IOCL,N16000405,10/2020,12/2023,Aug-24,8/2024,1398,1587,1587,1126.27,90
TAMIL NADU,PETROLEUM,1444,CBR 9 MMTPA PROJECT,CPCL,N16000434,1/2021,6/2025,N.A.,6/2025,31580,31580,36354,1206.22,10
TAMIL NADU,PETROLEUM,1445,"GRASS ROOT POL TERMINAL AT VALLUR, CHENNAI",IOCL,N16000438,1/2022,7/2024,Dec-24,6/2025,827,887.71,887.71,452.06,69.7
TAMIL NADU,PETROLEUM,1446,CBR ASANUR PIPELINE AND ITS HOOK UP WITH EXISTING CHENNAI TRICHY MADURAI PRODUCT PIPELINE,IOCL,N16000451,3/2022,11/2024,N.A.,11/2024,564,N.A.,564,142.74,35.67
TAMIL NADU,PETROLEUM,1447,LAYING OF POL PIPELINES IN COMMON CORRIDOR FOR PROPOSED GRASS ROOT TERMINAL AT VALLUR (CHENNAI),IOCL,N16000455,1/2022,7/2024,May-26,5/2026,829,N.A.,829,201.96,49.61
TAMIL NADU,PETROLEUM,1448,EXTENSION OF ASANUR- SANKARI SECTION OF CHENNAI- TRICHY-MADURAI PIPELINE UPTO COIMBATORE (IRUGUR),IOCL,N16000479,1/2023,1/2025,N.A.,1/2025,346.7,N.A.,346.7,0.72,17.25
TAMIL NADU,PETROLEUM,1449,CGD PROJECT AT DHARMAPURI AND KRISHNAGIRI DISTRICTS,IOCL,N16000486,3/2022,3/2030,N.A.,12/2030,501,N.A.,501,72.38,3.6
TAMIL NADU,PETROLEUM,1450,"CGD PROJECT AT MADURAI, THENI AND VIRUDHNAGAR DISTRICTS",IOCL,N16000490,3/2022,3/2030,N.A.,12/2030,1328,N.A.,1328,137.96,3.9
TAMIL NADU,PETROLEUM,1451,"CGD PROJECT AT KANYAKUMARI, TUTICORIN, TIRUNVELI KATTABO AND TENKASI DISTRICTS",IOCL,N16000492,3/2022,3/2030,N.A.,12/2030,1295,N.A.,1295,128.02,4
TAMIL NADU,PETROLEUM,1452,CGD PROJECTS AT THE NILGIRIS AND ERODE DISTRICTS,BPCL,N16000521,12/2022,3/2030,N.A.,3/2030,3685,N.A.,3685,77.4,4.1
TAMIL NADU,RAILWAYS,1453,"EXTENSION OF MRTS FROM VELACHERY TO STN. THOMAS, MTP",MRTP,N22000028,4/2006,6/2013,Aug-24,10/2024,495.74,N.A.,734.01,627.75,98
TAMIL NADU,RAILWAYS,1454,MAYLADUTHURAI-THIRUVARUR- KARAIKUDI-THIRU 'PONDI'- AGASTIYAMPALLI,SR,N22000079,9/2007,2/2019,N.A.,3/2027,724.69,N.A.,3118.34,1924.98,78
TAMIL NADU,RAILWAYS,1455,TIDIVANAM-NAGARI (NL),SR,N22000085,9/2006,,Dec-26,3/2027,582.83,N.A.,3631.34,770.89,10
TAMIL NADU,RAILWAYS,1456,Chinnasalem-Kallakurichi New Line (MM of cuddalore- Salem 191 KM),SR,N22000567,1/2006,3/2025,Aug-24,12/2025,417.5,N.A.,419.44,195.52,58
TAMIL NADU,RAILWAYS,1457,CHENNAI BEACH-CHENNAI EGMORE (4.3 KM) (UMBRELLA WORK PB#57/2019-20/NR),SR,N22000568,3/2022,3/2026,Aug-24,12/2024,359.6,274.2,274.2,200.58,63
TAMIL NADU,RAILWAYS,1458,MORAPPUR-DHARMAPURI,SR,N22000618,2/2019,3/2028,Mar-27,3/2027,358.95,N.A.,358.95,37.11,1
TAMIL NADU,RAILWAYS,1459,KARAIKAL - PERALAM NEW LINE (MM OF TIRUCHCHIRAPPALLI- NAGORE-KARAIKAL),SR,N22000625,1/2019,3/2026,Sep-24,12/2024,304.22,N.A.,373.42,243.28,65
TAMIL NADU,RAILWAYS,1460,NAGAPATTINAM- THIRUTURAIPUNDI VIA THIRUKUVALAI NEW LINE (MM OF TIRUCHCHIRAPPALLI- NAGORE-KARAIKAL),SR,N22000626,7/2008,3/2026,Mar-27,3/2027,677.12,N.A.,788.05,167.05,16
TAMIL NADU,ROAD TRANSPORT AND,1461,FOUR LANNING OF VIKRAVANDI- SETHIYAHOPU FROM KM 0.000 TO KM 60.250(DESIGN CHAINAGE KM 0.000 TO KM 65.,NHAI,N24000652,3/2017,3/2020,May-24,5/2024,848.45,N.A.,848.45,303.04,48.26
TAMIL NADU,ROAD TRANSPORT AND,1462,FOUR LANNING OF CHOLOPURAM-THANJAVUR,NHAI,N24000697,8/2017,9/2020,Sep-24,9/2024,1176.37,N.A.,1176.37,1280.68,93.04
TAMIL NADU,ROAD TRANSPORT AND,1463,4-LANNING OF STHIYATHOPU- CHOLOPURAM,NHAI,N24000708,9/2017,8/2020,Sep-24,9/2024,1227.87,N.A.,1227.87,1287.38,87.7
TAMIL NADU,ROAD TRANSPORT AND,1464,FOUR LANINIG OF CHETTIKULAM TO NATHAM SECTION OF NH-785 FROM CHETTIKULUM (KM 7.300) TO NATHAM (KM. 3,NHAI,N24000826,3/2018,10/2022,Jan-24,1/2024,505.35,N.A.,837.69,376.61,99.75
TAMIL NADU,ROAD TRANSPORT AND,1465,FOUR LANING OF MADURAI- CHETTIKULAM SECTION OF NH- 785 FROM MADURAI (KM 0/000) TO CHETTICULAM (7/300),NHAI,N24000827,3/2018,11/2020,Apr-23,4/2023,628.71,N.A.,756.13,583.02,99.3
TAMIL NADU,ROAD TRANSPORT AND,1466,FOUR LANING OF VILUPPURAM TO PUDHUCHERRY (DESIGN CH. KM. 00/000 TO KM. 29/000) SECTION OF NH-45A ON,NHAI,N24001428,3/2018,11/2021,Dec-24,12/2024,998.7,1358.32,1358.32,868.73,95.98
TAMIL NADU,ROAD TRANSPORT AND,1467,FOUR LANING OF PUDUCHERRY (KM.29/000) TO POONDIYANKUPPAM (KM.67/000) SECTION OF NH-45A ON HAM UNDER,NHAI,N24001429,3/2018,11/2021,Dec-24,12/2024,1294.47,1588.4,1588.4,850.15,91.86
TAMIL NADU,ROAD TRANSPORT AND,1468,FOUR LANING OF POONDIYANKUPPAM (KM.67/000) TO SATTANATHAPOURAM (KM.123/800) SECTION OF NH- 45A ON HAM,NHAI,N24001430,3/2018,1/2022,Dec-24,12/2024,2120.4,2565.63,2565.63,1432.32,98.79
TAMIL NADU,ROAD TRANSPORT AND,1469,FOUR LANING OF SATTANATHAPURAM (KM.123/800) TO NAGAPATTINAM (KM.179/555) SECTION OF NH- 45A ON HAM UN,NHAI,N24001431,3/2018,10/2020,Aug-25,8/2025,1872.68,2661.51,2756.09,1080.43,45.2
TAMIL NADU,ROAD TRANSPORT AND,1470,CONSTRUCTION OF 4 LANE WITH PAVED SHOULDERS THIRUVAYARU BYPASS IN BETWEEN EXISTING KM.55/926 TO 62/6,MoRTH,N24001455,2/2022,8/2022,N.A.,10/2024,191.33,N.A.,191.33,142.11,75
TAMIL NADU,ROAD TRANSPORT AND,1471,BALANCE WORK 2-LANE WITH PAVED SHOULDERS OF NAGAPATTINAM - THANJAVUR SECTION OF NH-67 (NEW NH-83),NHAI,N24001600,10/2020,5/2023,Dec-24,12/2024,434.12,N.A.,434.12,258.89,99
TAMIL NADU,ROAD TRANSPORT AND,1472,4-LANING OF KAMALAPURAM - ODDANCHATRAM SECTION OF NH-209,NHAI,N24001601,1/2019,1/2023,Dec-24,12/2024,1051.69,N.A.,1051.69,518.65,72.02
TAMIL NADU,ROAD TRANSPORT AND,1473,4-LANING OF MADATHUKULAM - POLLACHI SECTION OF NH-209 (NEW NH-83),NHAI,N24001602,1/2019,12/2022,Jan-25,1/2025,1409.38,N.A.,1409.38,616.92,85.21
TAMIL NADU,ROAD TRANSPORT AND,1474,4-LANING OF ODDANCHATRAM - MADATHUKULAM SECTION OF NH-209 (NEW NH-83),NHAI,N24001603,1/2019,10/2022,Dec-23,12/2023,1518.53,N.A.,1607.54,915.4,100
TAMIL NADU,ROAD TRANSPORT AND,1475,"REMAINING WORK OF 2L+PS OF TRICHY - KARAIKUDI SECTION OF NH-210, INCLUDING TRICHY BYPASS",NHAI,N24001604,2/2019,3/2021,N.A.,10/2023,166.9,N.A.,166.9,121.94,100
TAMIL NADU,ROAD TRANSPORT AND,1476,"4-LANING OF MELUR - PILLAYARPATTI - KARAIKUDI SECTION OF NH-338, NH-36, NH- 383",NHAI,N24001605,6/2018,3/2022,N.A.,1/2025,1103.86,N.A.,1103.86,461.32,74.5
TAMIL NADU,ROAD TRANSPORT AND,1477,4-LANING OF VADIPPATTI - THAMARAIPATTI SECTION OF NH-744A (MADURAI RING ROAD),NHAI,N24001606,12/2018,3/2022,Mar-25,3/2025,854.94,N.A.,854.94,334.05,63
TAMIL NADU,ROAD TRANSPORT AND,1478,BALANCE WORKS OF FOUR LANE FROM KM 43+950 (THIRUVALLUR BYPASS) TO KM 61+470 (VEPPAMPATTU BYPASS) PAS,NHAI,N24001692,1/2022,9/2024,N.A.,9/2024,467.99,N.A.,468,18.83,12.2
TAMIL NADU,ROAD TRANSPORT AND,1479,FOUR LANING OF NERALURU TO THORAPALLI AGRAHARAM SECTION OF NH-844 (PKG-I) FROM KM.0+000 TO KM.23+350,NHAI,N24001693,9/2021,10/2024,N.A.,10/2024,1751.18,N.A.,1757.27,49.69,0
TAMIL NADU,ROAD TRANSPORT AND,1480,FOUR LANING OF THORAPALLI AGRAHARAM TO JITTANDAHALLI SECTION OF NH-844 (PKG-II) FROM KM.23+350 TO KM,NHAI,N24001694,2/2019,12/2023,Dec-24,12/2024,1243.57,N.A.,1243.57,171.63,0
TAMIL NADU,ROAD TRANSPORT AND,1481,FOUR LANING OF JITTANDAHALLI TO DHARMAPURI SECTION OF NH- 844 (PKG-III) FROM KM.60+100 TO KM.94+460,NHAI,N24001696,2/2019,8/2023,Dec-24,12/2024,1291.37,N.A.,1291.37,215.02,0
TAMIL NADU,ROAD TRANSPORT AND,1482,THOPPUR METTUR BHAVANI ERODE SECTION OF NH 544H FOR A LENGTH OF 85 KM,NHAI,N24001716,7/2022,8/2023,Dec-24,12/2024,186.5,210.81,210.81,12.92,85
TAMIL NADU,ROAD TRANSPORT AND,1483,BANGALORE CHENNAI EXPRESSWAY PHASE-III PACKAGE III (ARAKKONAM TO KANCHEEPURAM) FROM KM 204.500 TO K,NHAI,N24001717,11/2020,8/2024,N.A.,3/2025,1155.49,1458.45,1458.45,444.56,51.61
TAMIL NADU,ROAD TRANSPORT AND,1484,BANGALORE CHENNAI EXPRESSWAY PHASE-III PACKAGE II (WALAJAHPET TO ARAKKONAM) FROM KM 180.000 TO KM 2,NHAI,N24001718,12/2020,7/2024,N.A.,11/2024,843.48,1051.36,1051.36,349.3,80.09
TAMIL NADU,ROAD TRANSPORT AND,1485,4L BANGALORE-CHENNAI EXPRESSWAY FROM KM. 230.000 TO KM. 261.705 OF KANCHEPURAM TO SRIPERUMBUDUR SECT,NHAI,N24001719,2/2021,7/2024,N.A.,2/2025,2948.31,3516.83,3516.83,677.76,62.32
TAMIL NADU,ROAD TRANSPORT AND,1486,BANGALORE CHENNAI EXPRESSWAY PHASE-III ? PACKAGE I (GUDIPALA TO WALAJAJHPET) FROM KM 156.000 TO KM 1,NHAI,N24001720,10/2020,5/2024,N.A.,12/2024,1023.91,1341.51,1341.51,513.56,64.33
TAMIL NADU,ROAD TRANSPORT AND,1487,FOUR LANING OF MAMALLAPURAM TO MUGAIYUR SECTION OF NH332A FROM KM 0.000 TO KM 31.000,NHAI,N24001721,2/2019,5/2024,N.A.,8/2025,1008.99,1360.53,1360.53,163.5,33.01
TAMIL NADU,ROAD TRANSPORT AND,1488,6L OF MADURAVOYAL TO SRIPERUMBUDUR SECTION FROM KM. 13.800 TO KM. 37.000 OF NH-4 THROUGH STATE HIGH,NHAI,N24001722,11/2021,2/2023,N.A.,8/2024,463.44,463.44,463.44,331.01,98.5
TAMIL NADU,ROAD TRANSPORT AND,1489,KARAIPETTAI TO WALAJAPET FROM KM 71.015 TO 107.091,NHAI,N24001723,10/2018,2/2021,N.A.,3/2025,707.9,766.51,766.51,401.98,76.2
TAMIL NADU,ROAD TRANSPORT AND,1490,6L OF SRIPERUMBUDUR TO KARAIPETTAI FROM KM 37.000 TO KM 71.015 OF NH 48,NHAI,N24001725,1/2019,5/2021,N.A.,3/2026,819.89,N.A.,922.85,370.91,57.32
TAMIL NADU,ROAD TRANSPORT AND,1491,CONSTRUCTION OF BYPASS TO GUDIYATHAM TOWN IN KM 23/100 ? 29/250 INCLUDING LA AND SHIFTING OF NH-234,MoRTH,N24001828,1/2022,11/2024,N.A.,11/2024,221.03,243.95,243.95,119.28,54
TAMIL NADU,ROAD TRANSPORT AND,1492,FOUR LANING OF OTTANCHATRAM TO PALANI SECTION FROM KM 30/700 TO KM 55/000 OF NH 209(NEW NH- 83) INCLU,MoRTH,N24001829,10/2022,11/2024,N.A.,11/2024,172.15,N.A.,172.15,53.79,52
TAMIL NADU,ROAD TRANSPORT AND,1493,CONSTRUCTION OF STRR (WEST SIDE)-NH948A- BALAGONDAPALLI (TAMIL NADU) TO KARNATAKA/TAMIL NADU BORDER F,NHAI,N24001968,4/2022,5/2025,N.A.,5/2025,1260.74,N.A.,1260.74,364.32,39.73
TAMIL NADU,ROAD TRANSPORT AND,1494,4L OF THIRUMANGALAM TO VADUGAPATTI SECTION FROM KM 0.000 TO KM 36.000 OF NH- 744,NHAI,N24002084,3/2022,2/2025,N.A.,3/2025,1076.97,N.A.,1076.97,325.73,57.48
TAMIL NADU,ROAD TRANSPORT AND,1495,CONSTRUCTION OF NEW DOUBLE TIER 4 LANE ELEVATED CORRIDOR FROM CHENNAI PORT TO MADURAVOYAL IN CHENNAI,NHAI,N24002107,3/2023,5/2026,N.A.,5/2026,1382,N.A.,1382,0,0
TAMIL NADU,ROAD TRANSPORT AND,1496,CONSTRUCTION OF NEW DOUBLE TIER 4L ELEVATED CORRIDOR FROM CHENNAI PORT TO MADURAVOYAL IN CHENNAI DIS,NHAI,N24002108,3/2023,5/2026,N.A.,5/2026,1618.96,N.A.,1618.96,0,0
TAMIL NADU,ROAD TRANSPORT AND,1497,CONSTRUCTION OF NEW DOUBLE TIER 4L ELEVATED CORRIDOR FROM CHENNAI PORT TO MADURAVOYAL IN CHENNAI DIS,NHAI,N24002109,3/2023,5/2026,N.A.,5/2026,1301.37,N.A.,1301.37,0,0
TAMIL NADU,ROAD TRANSPORT AND,1498,CONSTRUCTION OF NEW DOUBLE TIER 4L ELEVATED CORRIDOR FROM CHENNAI PORT TO MADURAVOYAL IN CHENNAI DIS,NHAI,N24002110,3/2023,5/2026,N.A.,5/2026,1207.4,N.A.,1207.4,0,0
TAMIL NADU,ROAD TRANSPORT AND,1499,FOUR LANING OF MUGAIYUR TO MARAKKANAM SECTION OF NH- 332A FROM KM 31.000 TO KM 62.000,NHAI,N24002111,2/2019,12/2025,Dec-25,12/2025,825.94,1116.13,1116.13,98.5,17.32
TAMIL NADU,ROAD TRANSPORT AND,1500,SIX LANING OF TUTICORIN PORT ROAD SECTION OF NH-7A (NEW NH-138) FROM KM 0.000 TO KM 6.140 [EFFECTIVE,NHAI,N24002112,3/2023,7/2024,N.A.,1/2025,200.3,N.A.,200.3,37.75,60.03
TAMIL NADU,ROAD TRANSPORT AND,1501,4L OF LEFT-OVER WORKS INCLUDING ADDITIONAL STRUCTURES FROM KERALA/TAMIL NADU BORDER TO KANYAKUMARI S,NHAI,N24002113,3/2023,8/2025,N.A.,8/2025,1141.78,N.A.,1141.78,147.9,14.56
TAMIL NADU,ROAD TRANSPORT AND,1502,4L OF VADUGAPATTI TO THERKUVENGANALLUR (RAJAPALYAM) SECTION FROM KM 36.000 TO KM 71.600 OF NH744 UND,NHAI,N24002114,2/2022,4/2025,N.A.,4/2025,1097.59,N.A.,1317.06,420.65,59.36
TAMIL NADU,URBAN DEVELOPMENT,1503,CHENNAI METRO RAIL LTD (PHASE 1),CMRL,N28000084,2/2009,12/2015,N.A.,12/2015,14600,N.A.,18380,17619.68,100
TAMIL NADU,URBAN DEVELOPMENT,1504,CHENNAI METRO RAIL LTD (PHASE 1 EXT),CMRL,N28000097,6/2016,3/2018,N.A.,2/2021,3770,N.A.,3770,2527.73,100
TELANGANA,CIVIL AVIATION,1505,"CO CIVIL AVIATION REASEARCH ORG. (PH-II) AT BEGUMPET AIRPORT, HYDRABAD",AAI,N04000086,5/2020,5/2022,Jun-23,6/2023,353.61,N.A.,353.61,303.22,100
TELANGANA,COAL,1506,KAKATIYAKHANI OPENCAST III PROJECT PHASE-1,SCCL,N06000161,3/2017,3/2022,N.A.,3/2025,413.84,N.A.,413.84,378.72,58
TELANGANA,COAL,1507,GODAVARIKHANI COAL MINE,SCCL,N06000202,7/2019,3/2023,N.A.,3/2025,438.98,N.A.,438.98,152.08,68
TELANGANA,COAL,1508,VENKATESH KHANI COAL MINE,SCCL,N06000204,10/2020,3/2023,N.A.,3/2026,484.51,N.A.,484.51,150.64,30
TELANGANA,COAL,1509,RCE OF RAMAGUNDAM OPENCAST II EXTENSION PROJECT,SCCL,N06000210,11/2015,3/2023,N.A.,3/2025,489.62,N.A.,489.62,405.54,70
TELANGANA,COAL,1510,RCE OF INDARAM OPENCAST PROJECT,SCCL,N06000211,8/2017,3/2021,N.A.,3/2025,349.28,N.A.,424.81,335.24,80
TELANGANA,COAL,1511,RCE OF KALYANIKHANI OPENCAST PROJECT,SCCL,N06000213,3/2016,3/2020,N.A.,3/2025,384.32,N.A.,384.32,219.67,72
TELANGANA,COAL,1512,RCE OF KAKATHIYAKHANI OC - 2 PROJECT,SCCL,N06000214,8/2017,3/2020,N.A.,3/2025,442.42,N.A.,442.42,174.29,63
TELANGANA,COAL,1513,GOLETI OPENCAST MINE,SCCL,N06000258,7/2021,3/2026,N.A.,3/2026,345.6,N.A.,345.6,50.25,18
TELANGANA,HEALTH AND FAMILY WELFARE,1514,"COMPREHENSIVE PLANNING, DESIGNING, EXECUTION OF ALL INDIA INSTITUTE OF MEDICAL SCIENCES AT BIBINAGAR",HITES,N21000031,12/2018,7/2024,Feb-25,2/2025,1110.55,1110.55,1110.55,576.8,71.68
TELANGANA,HEALTH AND FAMILY WELFARE,1515,ESTABLISHMENT OF NATIONAL ANIMAL RESOURCE FACILITY FOR BIOMEDICAL RESEARCH AT HYDERABAD,CPWD FOR HEALTH,N28000098,10/2016,3/2020,Sep-24,9/2024,209.84,281.05,281.05,248.34,97.5
TELANGANA,POWER,1516,TELANGANA SUPER THERMAL POWER PROJECT PHASE I,NTPC,N18000212,1/2016,11/2020,Jul-22,2/2024,10598.98,N.A.,10998,10437.71,100
TELANGANA,RAILWAYS,1517,MANOHARABAD-KOTHPALL NEW LINE(SCR),SCR,N22000032,4/2006,3/2010,N.A.,3/2025,1160.48,N.A.,3014,1249.7,0
TELANGANA,RAILWAYS,1518,MANMAD-PARBHANI-NANDED- SECUNDERABAD-GADWAL- DHONE- GUNTAKAL - TRAIN COLLISION AVOIDANCE SYSTEM (958 K,SCR,N22000432,4/2017,3/2022,N.A.,3/2022,119.73,185,242.28,54.15,50
TELANGANA,ROAD TRANSPORT AND,1519,REHABILITATION AND UPGRADATION OF NH -565 FROM KM 1.00 TO 86.057 (NAKREKAL TO NAGARJUNSAGAR DAM SECT,MoRTH,N24000245,1/2014,3/2016,Sep-19,9/2019,270,N.A.,270,0,72.15
TELANGANA,ROAD TRANSPORT AND,1520,REHABILITATION AND UPGRADATION OF NH-221 FROM KM 121/0 TO 165/00 (OF VIJAYAWADA-JAGDALPUR RUDRAMPUR,MoRTH,N24000247,10/2014,2/2017,Dec-22,3/2025,295.47,N.A.,295.47,224.42,80.07
TELANGANA,ROAD TRANSPORT AND,1521,EPC- CORRIDOR APPROACH WORKS - NH (O): WIDENING EXISTING 2 LANE TO 2 LANE WITH PAVED SHOULDERS IN KM,MoRTH,N24000248,3/2015,1/2017,N.A.,12/2023,153.21,N.A.,153.21,100.96,93.11
TELANGANA,ROAD TRANSPORT AND,1522,WIDEINING TO TWO/FOUR LANE WITH PAVED SHOULDERS FROM EXISTING KM 182.120 TO KM 227.600 OF NH-167 ON,MoRTH,N24000980,10/2016,2/2019,Jun-22,8/2024,298.32,N.A.,298.32,178.47,94.5
TELANGANA,ROAD TRANSPORT AND,1523,WIDEINING TO TWO/FOUR LANE WITH PAVED SHOULDERS FROM EXISTING KM 180.60 TO KM 223.00 OF NH-63 ON NIZ,MoRTH,N24000981,10/2016,3/2019,Apr-23,8/2024,248.83,N.A.,248.83,173.82,100
TELANGANA,ROAD TRANSPORT AND,1524,WIDENING TO TWO LANE WITH PAVED SHOULDERS FROM KM 40/410 TO KM 84/037OF THIRUMALAGIRI TO SURYAPET SE,MoRTH,N24000982,1/2017,5/2019,Aug-19,8/2019,244.54,N.A.,244.54,176.32,99.9
TELANGANA,ROAD TRANSPORT AND,1525,WIDENING TO TWO LANE WITH PAVED SHOULDERS FROM KM 0/970 TO KM 40/410 OF JANAGAON-THIRUMALAGIRI OF NH,MoRTH,N24000983,1/2017,10/2019,Oct-19,2/2024,196.52,N.A.,196.52,125.53,95.7
TELANGANA,ROAD TRANSPORT AND,1526,WIDENING TO TWO LANE WITH PAVED SHOULDERS FROM KM 15.525 TO KM 62.880 OF JADCHERLA-KALWAKURTHY SECTI,MoRTH,N24000984,1/2017,12/2019,Dec-19,12/2019,283,N.A.,283,259.15,99.3
TELANGANA,ROAD TRANSPORT AND,1527,WIDENING TO TWO LANE WITH PAVED SHOULDERS FROM KM 67.00 TO 114.425 OF KALWAKURTHY-MALLEPALLY SECTION,MoRTH,N24000986,1/2017,5/2019,Jul-21,1/2024,300,N.A.,300,239.93,96.05
TELANGANA,ROAD TRANSPORT AND,1528,6 LANING FROM KM 9.90 TO KM 19.948 (ARAMGARH-SAMSHABAD SECTION) OF HYDERABAD- SAMSHABAD SECTION OF NH,MoRTH,N24000987,1/2018,5/2020,Dec-22,8/2024,283.15,N.A.,283.15,278.69,92.59
TELANGANA,ROAD TRANSPORT AND,1529,WIDENING AND STRENGTHENING OF EXISTING 2-LANE TO 2-LANE WITH PAVED SHOULDERS FROM KM.159/0 TO 165/4,MoRTH,N24000988,1/2018,12/2019,Nov-20,11/2020,230.03,N.A.,230.03,231.33,99.9
TELANGANA,ROAD TRANSPORT AND,1530,WIDENING AND STRENGTHENING OF EXISTING CARRIAGEWAY IN 2 LANE WITH PAVED SHOULDERS FROM KM.25/0 TO 59,MoRTH,N24000989,2/2018,6/2020,Jan-21,1/2021,206.13,N.A.,206.13,190.94,98.36
TELANGANA,ROAD TRANSPORT AND,1531,REHABILITATION AND UPGRADATION OF NH-167 FROM DESIGN KM.113.900 TO 154.479 (MALLEPALLY - HALIYA SECT,MoRTH,N24000990,2/2018,11/2019,Mar-22,1/2024,294.13,N.A.,294.13,198.75,86.21
TELANGANA,ROAD TRANSPORT AND,1532,REHABILITATION AND UPGRADATION OF NH-167 FROM DESIGN KM.187.723 TO 234.434 (MIRYALAGUDA TO KODAD SEC,MoRTH,N24000993,3/2018,9/2020,Jun-22,6/2023,322.81,N.A.,322.81,317.03,98.09
TELANGANA,ROAD TRANSPORT AND,1533,CONSTRUCTION OF SIX LANE ELEVATED CORRIDOR FROM KM.7.950 (UPPAL) TO KM.14.200 OF NH-163 TO DE-CONGES,MoRTH,N24000994,3/2018,7/2020,Jun-24,2/2026,626.76,N.A.,626.76,274.02,44
TELANGANA,ROAD TRANSPORT AND,1534,REHABILITATION AND UP- GRADATION TO TWO LANE WITH PAVED SHOULDERS FROM KM 0/0 TO 72/6 OF NH-365 (NAKR,MoRTH,N24000996,1/2017,10/2019,Oct-19,6/2021,605.08,N.A.,605.08,416.32,99.84
TELANGANA,ROAD TRANSPORT AND,1535,REHABILITATION AND UP GRADATION FROM KM. 121/0 TO 154/0 OF NAKAREKAL ? MALLAMPALLY SECTION OF NH- 365,MoRTH,N24000997,3/2018,7/2019,Jun-22,8/2024,192.67,N.A.,192.67,176.37,92
TELANGANA,ROAD TRANSPORT AND,1536,WIDENING AND STRENGTHENING/ RECONSTRUCTION OF EXISTING PAVEMENT TO FOUR ALNE WITH PAVED SHOULDERS FR,MoRTH,N24000998,1/2019,,Jan-23,8/2024,193.19,249.72,249.72,222.58,95
TELANGANA,ROAD TRANSPORT AND,1537,KHAMMAM-DEVARAPALLE PKG I [4L ACCESS CONTROLLED (GREENFIELD) FROM THALLAMPADU VILLAGE TO SOMAVARAM,NHAI,N24001482,8/2022,10/2024,N.A.,10/2024,772.11,N.A.,772.11,452.54,52.14
TELANGANA,ROAD TRANSPORT AND,1538,KHAMMAM DEVARAPALLE PKG II 4L ACCESS CONTROLLED (GREENFIELD) FROM SOMAVARAM VILLAGE TO CHINTAGUDEM V,NHAI,N24001483,2/2022,9/2024,N.A.,9/2024,637.11,N.A.,637.11,324.52,51.01
TELANGANA,ROAD TRANSPORT AND,1539,KHAMMAM-DEVARAPALLE PKG III [4L ACCESS CONTROLLED (GREENFIELD) FROM CHINTAGUDEM VILLAGE TO RECHERLA,NHAI,N24001484,9/2022,2/2024,Dec-24,12/2024,804.69,N.A.,804.69,378.36,66
TELANGANA,ROAD TRANSPORT AND,1540,4L OF KODAD (DESIGN KM 0.00/EXISTING KM 185.00 OF NH- 65) TO KHAMMAM (DESIGN KM 31.800/EXISTING KM 29,NHAI,N24001522,1/2021,1/2024,Dec-24,12/2024,1307.95,N.A.,1307.95,531.4,90
TELANGANA,ROAD TRANSPORT AND,1541,"6 LANING OF EXISTING 4-LANE STRETCH FROM KALKALLU AT KM.454+000 TO GUNDLA POCHAMPALLY AT KM.471+000,",NHAI,N24001555,3/2022,1/2025,N.A.,1/2025,955.49,N.A.,955.49,153.26,27.28
TELANGANA,ROAD TRANSPORT AND,1542,6L OF EXISTING 4L FROM GUNDLAPOCHAMPALLY TO BOWENPALLY FROM KM 471.300 TO KM 481.331 OF NH-44,NHAI,N24001556,12/2021,7/2024,N.A.,7/2024,521.53,N.A.,521.53,203.56,39.09
TELANGANA,ROAD TRANSPORT AND,1543,6L ACCESS CONTROLLED GREENFIELD HIGHWAY OF JULEKAL VILLAGE TO DINNEDEVARAPADU VILLAGE FROM KM 242.20,NHAI,N24001625,1/2022,1/2025,N.A.,1/2025,1227.57,N.A.,1227.57,4.98,0.95
TELANGANA,ROAD TRANSPORT AND,1544,6L ACCESS CONTROLLED GREENFIELD HIGHWAY OF NANDINNE VILLAGE TO JULEKAL VILLAGE FROM KM 202.900 TO KM,NHAI,N24001626,2/2022,1/2025,N.A.,1/2025,972.06,N.A.,972.06,8.38,2.14
TELANGANA,ROAD TRANSPORT AND,1545,WIDENING AND STRENGTHENING OF EXISTING 2 LANE WITH PAVED SHOULDER TO 4 LANE WITH PAVED SHOULDER FRO,MoRTH,N24002000,3/2021,7/2024,N.A.,8/2024,317.19,N.A.,317.19,162.21,67
TELANGANA,ROAD TRANSPORT AND,1546,WIDENING TO 2 LANE WITH PAVED SHOULDERS OF MEDAK - SIDDIPET SECTION FROM KM 0/0 TO KM 69/978 OF NH-,MoRTH,N24002001,1/2022,1/2025,N.A.,6/2025,882.18,N.A.,882.18,223.54,53.13
TELANGANA,ROAD TRANSPORT AND,1547,WIDENING AND IMPROVEMENT OF EXISTING CARRIAGE WAY TO 2 LANE WITH PAVED SHOULDERS FROM KM. 86/160 TO,MoRTH,N24002002,1/2022,12/2024,N.A.,12/2024,423.48,N.A.,423.48,198.05,57.55
TELANGANA,ROAD TRANSPORT AND,1548,REHABILITATION AND UP- GRADATION OF VALIGONDA TO THORRUR SECTION TO TWO LANE WITH PAVED SHOULDERS FRO,MoRTH,N24002003,1/2022,12/2024,N.A.,3/2025,549.28,N.A.,549.28,139.43,47.92
TELANGANA,ROAD TRANSPORT AND,1549,REHABILITATION AND UPGRADATION OF LB-NAGAR TO MALKAPUR SECTION TO 6-LANE MAIN CARRIAGEWAY WITH SERVI,MoRTH,N24002004,3/2021,7/2024,N.A.,6/2025,545.11,N.A.,545.11,250.94,60.52
TELANGANA,ROAD TRANSPORT AND,1550,WIDENING TO TWO LANE WITH PAVED SHOULDERS OF 'BODHAN BASAR BHAINSA ' SECTION FROM KM 38/900 TO 95/3,MoRTH,N24002005,3/2022,3/2025,N.A.,6/2025,644.45,N.A.,644.45,192.96,55.72
TELANGANA,ROAD TRANSPORT AND,1551,"ONSTRUCTION OF 4-LANE FLYOVER AT AMBERPET-X ROAD, HYDERABAD ON NH-202 IN THE STATE OF TELANGANA",MoRTH,N24002006,10/2017,6/2023,N.A.,12/2024,186.71,N.A.,186.71,159.94,75.86
TELANGANA,ROAD TRANSPORT AND,1552,WIDENING TO TWO LANE WITH PAVED SHOULDERS FROM KM 0/000 TO KM 79/300 OF KALWAKURTHY - KOLLAPUR SECTI,MoRTH,N24002007,3/2022,7/2025,N.A.,7/2025,886.69,N.A.,886.69,100.69,36.72
TELANGANA,ROAD TRANSPORT AND,1553,WIDENING TO 2 LANE WITH PAVED SHOULDERS OF SIDDIPET-ELKATHURTHY SECTION FROM KM 69/978 TO KM 133/6,MoRTH,N24002008,1/2022,12/2024,N.A.,12/2024,578.85,N.A.,578.85,172.76,65.5
TELANGANA,ROAD TRANSPORT AND,1554,WIDENING AND STRENGTHENING TO 2/4 LANE WITH PAVED SHOULDERS OF MAHABUBNAGAR ? CHINCHOLI SECTION FROM,MoRTH,N24002009,1/2022,1/2025,N.A.,7/2025,703.68,N.A.,703.68,227.94,41.67
TELANGANA,ROAD TRANSPORT AND,1555,WIDENING AND STRENGTHENING TO 4 LANE / 2- LANE WITH PAVED SHOULDERS OF MAHABUBNAGAR-CHINCHOLI SECTION,MoRTH,N24002010,3/2022,3/2024,N.A.,10/2025,631.49,N.A.,631.49,42.69,12
TELANGANA,ROAD TRANSPORT AND,1556,IMPROVEMENT OF GEOMETRICS OF THONDUPALLY TO KOTHUR FROM KM 22.300 TO KM 34.14 OF NH-44-RCW,NHAI,N24002082,2/2022,9/2024,N.A.,9/2024,541.58,N.A.,541.58,20.82,0
TELANGANA,ROAD TRANSPORT AND,1557,FOUR LANING OF KARIMNAGAR- WARANGAL SECTION OF NH-563 FROM DESIGN CH.48.860 KM NEAR SH-1 CH.170.400 K,NHAI,N24002083,3/2022,7/2025,N.A.,7/2025,2146.86,2413,2413,653.29,40.91
TRIPURA,PETROLEUM,1558,"GRASS ROOT RAIL FED DEPOT AT SEKERKOTE, AGARTALA AS RESITEMENT OF EXISTING DHARMANAGAR DEPOT",IOCL,N16000495,6/2022,8/2025,Sep-25,9/2025,656,N.A.,656,290.72,61.1
TRIPURA,RAILWAYS,1559,AGARTALA-AKHAURA NL,NFR,N22000195,4/2012,3/2020,Jun-22,9/2022,569.63,N.A.,708.73,380.92,84
TRIPURA,ROAD TRANSPORT AND,1560,REHABILITATION AND UPGRADATION OF ROAD FROM KM 0.00 TO KM 18.600 OF KUMARGHAT-KAILASHAHAR SECTION,NHIDCL,N24001263,6/2020,1/2022,Feb-24,9/2024,277.5,302.02,302.02,252.1,98.66
TRIPURA,ROAD TRANSPORT AND,1561,KAILASHAHAR TO KHOWAI PKG- 4,NHIDCL,N24001309,11/2020,6/2022,Oct-23,9/2024,159.13,171.5,171.5,79.43,98.05
TRIPURA,ROAD TRANSPORT AND,1562,2-LANING FROM JOLAIBARI - BELONIA,NHIDCL,N24001317,6/2020,1/2022,Jul-24,9/2024,201.99,287.47,287.47,144.07,92.3
TRIPURA,ROAD TRANSPORT AND,1563,2-LANING OF KHOWAI - AGARTALA SECTION FROM DESIGN KM 31.300 TO KM 45.300 OF NH-208A PKG-3,NHIDCL,N24001318,9/2020,4/2022,Oct-22,10/2023,173.17,N.A.,173.17,93.35,100
TRIPURA,ROAD TRANSPORT AND,1564,MANU-SIMLUNG ( PKG 4),NHIDCL,N24001363,3/2021,12/2022,Jun-23,1/2025,354.79,N.A.,354.79,34.08,17.2
TRIPURA,ROAD TRANSPORT AND,1565,2 LANING FROM MANU-SIMLUNG PKG-2,NHIDCL,N24001542,2/2022,1/2025,N.A.,1/2025,456.88,N.A.,456.88,90.15,39
TRIPURA,ROAD TRANSPORT AND,1566,IMPROVEMENT AND WIDENING TO 2-LANE WITH EARTHEN PAVED SHOULDER FROM UDAIPUR TO SRIMANTAPUR,NHIDCL,N24001914,5/2023,11/2024,N.A.,2/2025,195.95,N.A.,195.95,11.5,15.89
TRIPURA,ROAD TRANSPORT AND,1567,4 LANE WITH PAVED SHOULDER AGARTALA BYPASS (WESTERN SIDE) CONNECTING NH-8,NHIDCL,N24002132,3/2023,3/2027,N.A.,3/2027,2026.05,N.A.,2026.05,0,0
UTTAR PRADESH,CIVIL AVIATION,1568,"CCS INTERNATIONAL AIRPORT , LUCKNOW",AAI,N04000077,6/2018,9/2021,Oct-26,10/2026,1383,1938,3291.81,2110.2,75.84
UTTAR PRADESH,CIVIL AVIATION,1569,DEVELOPMENT OF AYODHYA AIRPORT PHASE-01,AAI,N04000094,3/2021,12/2022,Aug-24,8/2024,242.14,328,358,338.44,99.9
UTTAR PRADESH,CIVIL AVIATION,1570,"PRAYAGRAJ AIRPORT - CONSTRUCTION OF NEW TERMINAL BUILDING, SECOND LINK TAXI TRACK, APRON EXPANSION,",AAI,N04000102,5/2023,11/2024,N.A.,12/2024,185.75,232.52,232.52,51.72,35
UTTAR PRADESH,COAL,1571,NEYVELI UTTAR PRADESH POWER PROJECT LIMITED 1980 MW,NLC,N06000152,7/2016,11/2021,Mar-25,3/2025,17237,19406.12,19406.12,17649.19,83.89
UTTAR PRADESH,COAL,1572,KHADIA EXPANSION OCP,NCL,N06000208,6/2021,3/2025,N.A.,3/2026,491.67,N.A.,491.67,29.25,5.67
UTTAR PRADESH,HOME AFFAIRS,1573,CONSTRUCTION OF 683 VARIOUS TYPE FAMILY QUARTERS AT GROUP CENTRE CRPF CHANDAULI,CPWD FOR MHA,N45000003,5/2019,1/2022,Mar-23,3/2023,199.31,N.A.,199.31,86.49,85
UTTAR PRADESH,PETROLEUM,1574,60 KTA POLYPROPYLENE PROJECT,GAIL,N16000429,3/2019,4/2024,Apr-24,3/2025,910.56,1299.02,1299.02,757.4,88.4
UTTAR PRADESH,PETROLEUM,1575,AUGMENTATION OF FACILITIES AT MATHURA BITUMEN PLANT,IOCL,N16000505,4/2022,4/2025,Dec-26,12/2026,260.12,N.A.,260.12,0.92,1.5
UTTAR PRADESH,PETROLEUM,1576,GRASS-ROOT TERMINAL AT MIRZAPUR UTTAR PRADESH,IOCL,N16000506,9/2022,6/2026,N.A.,11/2026,980.45,N.A.,980.45,112.44,29.7
UTTAR PRADESH,PETROLEUM,1577,"CITY GAS DISTRIBUTION PROJECTS AT LAKHIMPUR KHERI , SITAPUR, BAHRAICH, SHRAVASTI,BALRAMPUR,",BPCL,N16000525,12/2022,6/2030,N.A.,6/2030,16654,N.A.,16654,248.66,4.4
UTTAR PRADESH,POWER,1578,KHURJA SUPER THERMAL POWER PROJECT,THDCIL,N18000272,3/2019,9/2023,N.A.,3/2025,11089.42,N.A.,11089.42,10764.98,92
UTTAR PRADESH,POWER,1579,KALPI SOLAR POWER PROJECT,NHPC,N18000323,7/2020,3/2022,Mar-24,3/2024,314.64,N.A.,350.46,305.05,89.75
UTTAR PRADESH,POWER,1580,"SINGRAULI SUPER THERMAL POWER PROJECT, STAGE-III (2X800 MW)",BHEL,N18000382,3/2024,2/2030,N.A.,2/2030,17195.31,N.A.,17195.31,531,0
UTTAR PRADESH,RAILWAYS,1581,VARANASI-MODHOSINGH- ALLAHABAD DOUBLING,RVNL,N22000401,4/2015,3/2022,N.A.,12/2024,943.6,N.A.,2018.23,1779.61,98
UTTAR PRADESH,RAILWAYS,1582,RAMNA - SINGRAULI DOUBLING,ECR,N22000417,8/2015,3/2020,N.A.,9/2024,2436.21,2880.4,2880.4,2892.87,90
UTTAR PRADESH,RAILWAYS,1583,KARAILA ROAD - SHAKTINAGAR DOUBLING,ECR,N22000419,8/2015,3/2019,N.A.,8/2024,528.57,762.97,762.97,739.41,90
UTTAR PRADESH,RAILWAYS,1584,BURHWAL - GONDA - 3RD RUNNING LINE.,NER,N22000468,4/2016,,N.A.,7/2025,602.5,N.A.,714.96,832.95,48
UTTAR PRADESH,RAILWAYS,1585,"SHAHGANJ-BHATNI-PHEPHNA- INDARA, MAU-SHAHGANJ (EXCL. MAU-INDARA) PATCH DOUBLING.",NER,N22000470,4/2016,12/2019,N.A.,12/2024,1177.96,N.A.,1777.39,1732.31,74
UTTAR PRADESH,RAILWAYS,1586,JHANSI MANIKPUR AND KHAIRAR BHIMSEN DOUBLING,NCR,N22000495,3/2018,3/2023,N.A.,3/2026,4329.53,N.A.,4329.53,60.37,3
UTTAR PRADESH,RAILWAYS,1587,JHANSI BINA DOUBLING,NCR,N22000496,9/2016,3/2021,N.A.,12/2023,2001,2001,2001,1118.8,85
UTTAR PRADESH,RAILWAYS,1588,MATHURA-JHANSI-3RD LINE (273.80 KM),RVNL,N22000501,6/2016,12/2023,N.A.,12/2024,3677.76,N.A.,5190.26,4969.16,80
UTTAR PRADESH,RAILWAYS,1589,SURFACE TRIANGLE LINE BETWEEN BHADURA STATION AND NEW CROSSING STN KARMA DOUBLING,ECR,N22000525,10/2022,10/2027,N.A.,10/2027,199.96,N.A.,199.96,55.09,0
UTTAR PRADESH,RAILWAYS,1590,MUGHALSARAI - ALLAHABAD - 3RD LINE,NCR,N22000544,8/2019,12/2026,N.A.,12/2026,2390,N.A.,2390,0,0
UTTAR PRADESH,RAILWAYS,1591,ALIGARH-HARDUAGANJ FLYOVER (22 KM),NCR,N22000545,4/2020,6/2026,Jun-26,6/2026,1456.89,N.A.,1456.89,0,5
UTTAR PRADESH,RAILWAYS,1592,LALITPUR - BIRARI WITH FLYOVER AT LALITPUR,NCR,N22000546,3/2017,12/2024,N.A.,12/2024,260,N.A.,260,0,0
UTTAR PRADESH,RAILWAYS,1593,ALIGARH-DAUD KHAN - 3RD LINE (6.9 KM) & CONSTRUCTION OF FLYOVER AT DAUD KHAN,NCR,N22000562,4/2019,12/2025,N.A.,12/2025,451.99,N.A.,451.99,0,0
UTTAR PRADESH,RAILWAYS,1594,ALLAHABAD-BAMHRAULI - 4TH LINE (10 KM) WITH FLY-OVER AT SUBEDARGANJ,NCR,N22000563,4/2019,3/2026,N.A.,3/2026,494.11,N.A.,494.11,0,0
UTTAR PRADESH,RAILWAYS,1595,BHANDAI - FLYOVER FOR ETAWAH BOUND DOWN TRAINS,NCR,N22000564,4/2019,12/2025,Mar-26,3/2026,187.21,250.17,250.17,1.75,7
UTTAR PRADESH,RAILWAYS,1596,SAHJANWA - DOHRIGHAT,NER,N22000565,8/2019,3/2029,N.A.,12/2027,371.77,N.A.,1319.75,376.88,1
UTTAR PRADESH,RAILWAYS,1597,BAHRAICH - NANPARA - NEPALGANJ (56.15 KM),NER,N22000566,7/2020,12/2024,N.A.,6/2025,950,N.A.,341.66,20.1,1
UTTAR PRADESH,RAILWAYS,1598,BAHRAICH SRAVASTI BALRAMPUR (TULSIPUR),NER,N22000569,10/2018,10/2030,N.A.,3/2027,1600,N.A.,5739.79,734.51,5
UTTAR PRADESH,RAILWAYS,1599,BARABANKI AKBARPUR DOUBLING,NR,N22000578,9/2017,3/2025,N.A.,3/2025,1200,N.A.,1700,0,0
UTTAR PRADESH,RAILWAYS,1600,JAUNPUR AKBARPUR (TANDA) DOUBLING,NR,N22000582,8/2017,3/2025,N.A.,3/2025,515.5,N.A.,676,0,0
UTTAR PRADESH,RAILWAYS,1601,JANGHAI PRATAPGARH AMETHI DOUBLING,NR,N22000583,11/2017,3/2025,N.A.,3/2025,701.98,N.A.,1100,0,0
UTTAR PRADESH,RAILWAYS,1602,BARABANKI-MALHAUR - 3RD & 4TH LINE (32.84 KM),NR,N22000590,1/2019,3/2025,N.A.,3/2025,323.85,N.A.,323.85,0,0
UTTAR PRADESH,RAILWAYS,1603,DOUBLING BETWEEN JAUNPUR JN-ZAFFARABAD (6.28 KM),NR,N22000591,3/2023,12/2026,N.A.,12/2026,177.33,N.A.,177.33,0,0
UTTAR PRADESH,RAILWAYS,1604,JANGHAI-PHAPHAMAU - DOUBLING WITH ELECTRIFICATION (46.79 KM),RVNL,N22000596,11/2018,3/2025,N.A.,3/2025,357.48,N.A.,409.38,312.07,48
UTTAR PRADESH,RAILWAYS,1605,BHATNI - AUNRIHAR WITH ELECTRIFICATION (125 KM) (EXCL INDARA - MAU (116.95 KM)),RVNL,N22000598,5/2018,3/2024,N.A.,2/2025,1177.96,N.A.,2529.46,1574.9,76
UTTAR PRADESH,RAILWAYS,1606,MATHURA - VRINDAVAN (11 KM),NCR,N22000612,8/2022,6/2025,N.A.,6/2025,402.88,N.A.,402.88,0,0
UTTAR PRADESH,RAILWAYS,1607,DOMINGARH - GORAKHPUR - GORAKHPUR CANTT - KUSUMHI - 3RD RUNNING LINE (21.15 KM),NER,N22000613,11/2016,6/2024,N.A.,2/2025,186.85,N.A.,457.68,417.25,95
UTTAR PRADESH,ROAD TRANSPORT AND,1608,CONSTRUCTION OF RING ROAD FOR RAEBARELI CITY (PHASE -I) ON EASTERN SIDE OF NH 24B,MoRTH,N24000331,12/2019,4/2022,N.A.,9/2024,282.41,N.A.,319.96,270.96,83
UTTAR PRADESH,ROAD TRANSPORT AND,1609,4-LANNING OF VARANASI GORAKHPUR SECTION OF NH-29 FROM 88.00 148.00 KM 4- LANNING OF VARANASI GORAKHPU,NHAI,N24000549,3/2016,10/2019,Sep-23,9/2024,1396.74,4172.67,4300,3983.38,97.77
UTTAR PRADESH,ROAD TRANSPORT AND,1610,4-LANNING OF VARANASI GORAKHPUR SECTION OF NH-29 FROM 148.00 208.300 KM [PACKAGE-IV],NHAI,N24000551,3/2016,4/2019,Dec-24,12/2024,1587.49,3473.59,3500,3314.79,95.27
UTTAR PRADESH,ROAD TRANSPORT AND,1611,FOUR LANNING OF RAMPUR- KATHGODAM SECTION OF NH-87 FROM KM 0.000 (KM. 190.000 OF NH-24) TO KM 42.791,NHAI,N24000556,3/2016,4/2019,Dec-24,12/2024,899,1623.88,1623.88,1088.92,92.1
UTTAR PRADESH,ROAD TRANSPORT AND,1612,4-LANNING OF HARIDWAR- NAGINA SECTION OF NH 74 FROM (KM 204.300 OF NH 58) TO KM 73.00,NHAI,N24000564,3/2016,7/2020,Mar-25,3/2025,1408,1659.12,1659.12,1198.72,79.46
UTTAR PRADESH,ROAD TRANSPORT AND,1613,CONSTRUCTION OF NH-24 EXTENSION 4-LANE BYPASS STARTING FROM BEHTA ROAD AND TERMINATING AT SITAPUR RO,NHAI,N24000796,3/2018,12/2021,Dec-23,8/2024,1117.84,N.A.,1203.92,1198.22,99.26
UTTAR PRADESH,ROAD TRANSPORT AND,1614,SIX LANING OF HAPUR BYPASS TO MORADABAD SECTION INCLUDING HAPUR BYPASS FROM KM 50.000 (DESIGN CHAINA,NHAI,N24000798,3/2018,11/2021,N.A.,12/2024,2140.93,N.A.,2140.93,2048.57,97.88
UTTAR PRADESH,ROAD TRANSPORT AND,1615,SIX LANING OF CHAKERI TO ALLAHABAD SECTION OF NH-2 FROM KM 483.687 TO KM 628.753 (DESIGN LENGTH ? 14,NHAI,N24001185,11/2017,7/2021,Dec-24,12/2024,2159,2262,2262,2248.28,97.1
UTTAR PRADESH,ROAD TRANSPORT AND,1616,TWO / FOUR LANING OF RAEBARELI - JAGDISHPUR SECTION OF NH-330A FROM KM. 0.000 TO KM. 47.800 (DESIGN,NHAI,N24001306,10/2020,3/2023,N.A.,5/2024,724.6,N.A.,724.6,569.96,84.92
UTTAR PRADESH,ROAD TRANSPORT AND,1617,CONSTRUCTION OF 6 LANE BRIDGE ON GANGA ON NH-96 AND ITS APPROACHES IN PHAPHAMAU ALLAHABAD ON EPC MOD,MoRTH,N24001421,7/2018,2/2024,N.A.,8/2025,1948.25,N.A.,1948.25,930.54,68
UTTAR PRADESH,ROAD TRANSPORT AND,1618,CONSTRUCTION OF BYPASS FOR PROVIDING INTER CONNECTIVITY AMONG (NHS) AROUND THE PRATAPGARH CITY (PRAT,MoRTH,N24001423,4/2021,9/2023,N.A.,12/2024,309.48,N.A.,309.48,112.84,51
UTTAR PRADESH,ROAD TRANSPORT AND,1619,CONSTRUCTION OF FOUR-LANE ELEVATED VIADUCT FROM KM.4+634 TO KM.6+345 ON NH- 24A INCLUDING RETAINING W,MoRTH,N24001424,3/2021,9/2023,N.A.,10/2024,185.09,269.81,269.81,250.1,93
UTTAR PRADESH,ROAD TRANSPORT AND,1620,REHABILITATION AND UPGRADATION TO 2 LANE WITH PS OF RADHAITA TO PILIBHIT SECTION OF 46.130 KM,MoRTH,N24001456,4/2020,2/2024,N.A.,9/2024,199.39,212.96,199.39,142.04,86
UTTAR PRADESH,ROAD TRANSPORT AND,1621,REHABILITATION AND UPGRADATION TO 2 LANE WITH PS OF MIRANPUR KATRA TO RADHAITA SECTION OF NH-730C F,MoRTH,N24001457,4/2020,7/2024,N.A.,3/2025,172.5,169.56,172.5,78.64,59
UTTAR PRADESH,ROAD TRANSPORT AND,1622,CONSTRUCTION OF 4 LANE ELEVATED VIADUCT AT KM. 7.500 MUNSHI PULIA OF NH-24A,MoRTH,N24001460,12/2021,9/2024,N.A.,7/2024,170.6,N.A.,170.6,153.26,100
UTTAR PRADESH,ROAD TRANSPORT AND,1623,2-LANE WITH PS OF BEWAR TO NEAR KARRI VILLAGE SECTION OF NH-92 FROM KM.0.00 TO 30.00 UNDER GNHCP,MoRTH,N24001461,4/2020,3/2024,N.A.,12/2024,236.47,N.A.,236.47,117.7,76
UTTAR PRADESH,ROAD TRANSPORT AND,1624,2-LANE WITH PS OF NEAR KARRI VILLAGE TO ETAWAH SECTION OF NH-92 FROM KM.30.000 TO 57.346 UNDER GNHCP,MoRTH,N24001462,4/2020,7/2024,N.A.,12/2024,211.09,N.A.,211.09,95.92,74
UTTAR PRADESH,ROAD TRANSPORT AND,1625,ALLAHGANJ TO MIRANPUR KATRA SECTION OF NH-730C FROM KM.52.770 TO 114.00,MoRTH,N24001463,4/2020,7/2024,N.A.,2/2024,294.84,309.99,294.84,271.61,100
UTTAR PRADESH,ROAD TRANSPORT AND,1626,PROJECTS- REHABILITATION AND UPGRADATION OF NH-731A FROM KM 0.00 TO KM.35.00,MoRTH,N24001464,3/2021,8/2023,N.A.,9/2024,264.86,N.A.,264.86,98.6,67
UTTAR PRADESH,ROAD TRANSPORT AND,1627,IMPROVEMENT AND UPGRADATION TO TWO LANE WITH PAVED SHOULDER CONFIGURATION FROM EXISTING KM 55.00 TO,MoRTH,N24001469,11/2021,5/2024,N.A.,3/2025,307.11,N.A.,307.11,156.22,68
UTTAR PRADESH,ROAD TRANSPORT AND,1628,R/U TO 2-LANE WITH PS OF BEWAR TO ALLAHGANJ SECTION OF NH-730C FROM KM.0.00 TO 52.770 UNDER GNHCP,MoRTH,N24001471,4/2020,11/2024,N.A.,11/2024,325.24,340.16,325.24,191.34,72
UTTAR PRADESH,ROAD TRANSPORT AND,1629,WIDENING AND UPGRADATION TO FOUR LANE CONFIGURATION FROM KM.34.900 (BHADOHI) TO KM.73.134 (JAUNPUR),MoRTH,N24001479,3/2021,5/2024,N.A.,3/2025,395.62,392.03,395.62,196.1,52
UTTAR PRADESH,ROAD TRANSPORT AND,1630,WIDENING AND STRENGTHENING FROM KM 0.00 TO KM 15.089 OF NH-334A (PURKAJI-LAKSAR-HARIDWAR ROAD) TO TW,MoRTH,N24001480,10/2021,4/2024,N.A.,12/2024,227.06,N.A.,227.06,98.32,82
UTTAR PRADESH,ROAD TRANSPORT AND,1631,6L ACCESS-CONTROLLED HIGHWAY FROM (GANESHPUR) TO(NEAR MOHAND) OF GANESHPUR ? DEHRADUN SECTION FROM K,NHAI,N24001523,3/2021,10/2023,Sep-24,9/2024,836.24,N.A.,836.24,772.93,95.91
UTTAR PRADESH,ROAD TRANSPORT AND,1632,6L OF ACCESS-CONTROLLED HIGHWAY FROM MOHAND TO DAAT KALI TUNNEL OF GANESHPUR ? DEHRADUN SECTION FROM,NHAI,N24001524,3/2021,10/2023,Sep-24,9/2024,990.28,N.A.,990.28,997.49,96.95
UTTAR PRADESH,ROAD TRANSPORT AND,1633,WIDENING AND STRENGTHENING OF SECTION FROM BHARTHANA CHOWK TO KODARKOOT (KM. 0.00 TO KM. 40.00) OF,MoRTH,N24001587,3/2020,9/2024,N.A.,12/2024,262.37,343.77,343.77,235,60
UTTAR PRADESH,ROAD TRANSPORT AND,1634,4L SPUR OF SHAMLI- MUZZAFARNAGAR CONNECTING NH-709AD (PANIPAT-SHAMLI- MUZAFFARNAGAR) AND NH-58 (MEERUT,NHAI,N24001726,1/2023,8/2024,N.A.,8/2024,391.26,N.A.,391.26,14.12,72.2
UTTAR PRADESH,ROAD TRANSPORT AND,1635,"IMPROVEMENT AND UP- GRADATION OF EXISTING ROAD TO 2/4L PS FROM KM 40.000 TO 88.750, START OF KHUTAR B",NHAI,N24001727,3/2022,2/2025,N.A.,2/2025,762.62,N.A.,762.62,402.74,65.07
UTTAR PRADESH,ROAD TRANSPORT AND,1636,"IMPROVEMENT AND UP- GRADATION OF EXISTING ROAD TO 4L PS FROM KM 175.080 TO 229.070, FROM END OF HARDO",NHAI,N24001728,12/2021,7/2025,N.A.,7/2025,1138.81,N.A.,1138.81,194.81,82.62
UTTAR PRADESH,ROAD TRANSPORT AND,1637,4L SPUR OF PANIPAT - SHAMLI CONNECTING NH-709AD (PANIPAT ? SHAMLI ? MUZAFFARNAGAR) AND NH-709A (KARN,NHAI,N24001729,8/2022,4/2024,N.A.,12/2024,326.79,N.A.,329.79,93.31,74
UTTAR PRADESH,ROAD TRANSPORT AND,1638,4L FROM GAJU VILLAGE AT KM 32.982 TO DEVINAGAR BYPASS (END) AT KM 208.000 OF NH 530B (PKG 1C),NHAI,N24001730,12/2021,1/2025,N.A.,1/2025,1384.79,N.A.,1384.79,604.86,84.25
UTTAR PRADESH,ROAD TRANSPORT AND,1639,6L GREENFIELD KANPUR - LUCKNOW (EXPRESSWAY) PKG II FROM KM. 28.500 TO KM. 73.744,NHAI,N24001731,12/2021,5/2025,May-25,5/2025,2470.64,N.A.,2335,449.54,61.06
UTTAR PRADESH,ROAD TRANSPORT AND,1640,"IMPROVEMENT AND UP- GRADATION OF EXISTING ROAD TO 4L PS FROM KM 229.070 TO 260.800, END OF HARDOI DIS",NHAI,N24001732,12/2021,10/2024,N.A.,10/2024,540.97,N.A.,540.97,94.54,58.37
UTTAR PRADESH,ROAD TRANSPORT AND,1641,6L ACCESS CONTROLLED GREENFIELD HIGHWAY OF JUNCTION OF EPE (VILL.- MAVIKALAN) TO VILL.-LOHADDA FROM K,NHAI,N24001733,3/2022,8/2024,N.A.,12/2024,1602.48,N.A.,1602.48,333.42,70.05
UTTAR PRADESH,ROAD TRANSPORT AND,1642,6L ACCESS CONTROL GREENFIELD HIGHWAY OF VILL- LOHADDA TO VILL-KARAUNDA MAHAJAN FROM KM. 27.000 TO KM.,NHAI,N24001734,3/2022,8/2024,N.A.,12/2024,1335.45,N.A.,1335.45,329.85,60.35
UTTAR PRADESH,ROAD TRANSPORT AND,1643,6L ACCESS CONTROL GREENFIELD HIGHWAY OF VILL- KHYAWARI TO VILL-LATIFPUR AT SAHARANPUR BYPASS FROM KM,NHAI,N24001735,3/2022,8/2024,N.A.,12/2024,1428.19,N.A.,1428.19,401.61,67.95
UTTAR PRADESH,ROAD TRANSPORT AND,1644,6L ACCESS CONTROL GREENFIELD HIGHWAY OF VILL- KARAUNDA MAHAJAN TO VILL- KHYAWARI FROM KM. 56.500 TO K,NHAI,N24001736,1/2022,8/2024,N.A.,12/2024,1159.96,N.A.,1159.96,503.59,98
UTTAR PRADESH,ROAD TRANSPORT AND,1645,"4LPS OF MUZAFFARNAGAR TO MIRANPUR SECTION OF NH- 709AD, PKG-III",NHAI,N24001737,11/2021,4/2024,N.A.,4/2024,923.15,N.A.,923.15,455.61,97.1
UTTAR PRADESH,ROAD TRANSPORT AND,1646,"2LPS OF BIJNOR TO KOTAWALI SECTION OF NH-709AD, PKG-IV",NHAI,N24001738,9/2021,10/2023,Dec-24,12/2024,300.79,N.A.,300.79,122.56,66.5
UTTAR PRADESH,ROAD TRANSPORT AND,1647,REHABILITATION and UPGRADATION FROM 2 LANE TO 4 LANE OF NH STRETCH UNDER BHARATMALA PARIYOJANA FOR U,NHAI,N24001739,10/2019,11/2023,Dec-24,12/2024,1779.83,N.A.,2200,1008,96.15
UTTAR PRADESH,ROAD TRANSPORT AND,1648,"4L OF SHAMLI BYAPSS- SAHARANPUR FROM KM 92.2 TO KM 155.025 SECTION OF NH- 709B, PKG-II",NHAI,N24001744,5/2019,11/2022,N.A.,12/2024,779.17,N.A.,779.17,13.27,93
UTTAR PRADESH,ROAD TRANSPORT AND,1649,KANPUR LUCKNOW EXPRESSWAY PKG-1 CONSTRUCTION OF 6-LANE TO EIGHT LANE OF KANPUR LUCKNOW EXPRESSWAY (N,NHAI,N24001745,12/2021,7/2025,Jul-25,7/2025,1972.1,N.A.,1936,429.02,53.25
UTTAR PRADESH,ROAD TRANSPORT AND,1650,2-LANE EXISTING RAMPUR BYPASS OF RAMPUR TO BE DEVELOPED TO 4-LANE ON EPC MODE IN THE STATE OF UTTAR,NHAI,N24001746,3/2021,4/2024,Feb-25,2/2025,364.47,N.A.,364.47,107.18,59.61
UTTAR PRADESH,ROAD TRANSPORT AND,1651,4 LANING OF NAJIBABAD BYPASS OF NH-119 FROM KM. 105.423 TO KM. 118.373 (EXCLUDING 2.45 KM. OF NH-74,NHAI,N24001753,2/2022,6/2024,Nov-24,11/2024,570.98,578.02,578.02,334.13,76
UTTAR PRADESH,ROAD TRANSPORT AND,1652,SPUR OF MEERUT-GARH- MUKTESHWAR SECTION(NH- 709A) CONNECTING NH-119 AND NH-58 BYPASSING MEERUT TOWN,NHAI,N24001754,1/2022,10/2024,N.A.,10/2024,953.79,N.A.,953.79,384.66,37.54
UTTAR PRADESH,ROAD TRANSPORT AND,1653,4-LANING OF MEERUT NAJIBABAD SECTION FROM KM. 11.500 TO KM 39.250 AND KM 86.590 TO KM. 112.545.IN TH,NHAI,N24001755,10/2019,3/2023,Dec-24,12/2024,1936.68,N.A.,2458.03,1380.9,98.1
UTTAR PRADESH,ROAD TRANSPORT AND,1654,4 LANE CONNECTOR FROM DELHI MEERUT EXPRESSWAY KM 50.000 TO KM 8.520 OF NH 235 IN THE STATE OF UTTAR,NHAI,N24001772,8/2021,3/2024,Dec-24,12/2024,1147.26,N.A.,1147.26,81.34,30
UTTAR PRADESH,ROAD TRANSPORT AND,1655,"4L BYPASSES FOR JAGATPUR, B4ABUGANJ, UNCHAHAR, ALAPUR BYPASS, AND SAI RIVER BRIDGE OF RAEBARELI- PRA",NHAI,N24001815,12/2022,11/2024,N.A.,11/2024,1699,1078,1699,64.39,51.2
UTTAR PRADESH,ROAD TRANSPORT AND,1656,VARANASI RING ROAD (PKG-II) CONNECTING SANDAHA VILLAGE (KM 11.70 / NH-29) WITH REVASA VILLAGE (KM 81,NHAI,N24001826,2/2019,2/2022,Dec-24,12/2024,927.77,N.A.,1603,1202.77,79.45
UTTAR PRADESH,ROAD TRANSPORT AND,1657,SIX LANE ACCESS CONTROLLED OF DELHI SAHARANPUR HIGHWAY FROM DELHI UP BORDER TO EPE JUNCTION CH.14.75,NHAI,N24001830,6/2020,11/2023,Dec-24,12/2024,2002.79,N.A.,2002.79,1989.85,97
UTTAR PRADESH,ROAD TRANSPORT AND,1658,4L FROM MATHURA BYPASS (START) AT EXISTING KM. 154.20 OF NH-44 TO GAJU VILLAGE AT KM 32.982 OF NH-53,NHAI,N24001851,1/2022,3/2025,N.A.,3/2025,1738.2,N.A.,1738.2,741.48,56.75
UTTAR PRADESH,ROAD TRANSPORT AND,1659,6L OF AGRA BYPASS (NORTHERN) CONNECTING KM. 174.500 OF NH-2 (NEW NH-19) TO KM. 141.000 OF YAMUNA EXP,NHAI,N24001852,10/2021,2/2025,N.A.,2/2025,957.62,N.A.,957.62,613.39,78
UTTAR PRADESH,ROAD TRANSPORT AND,1660,CONSTRUCTION OF LEFT OUT PORTION OF AGRA INNER RING ROAD CONNECTING VILLAGE DEORI TO NH-44 VILLAGE B,NHAI,N24001853,10/2021,9/2024,N.A.,9/2024,772.05,N.A.,772.05,541.15,64.05
UTTAR PRADESH,ROAD TRANSPORT AND,1661,CONSTRUCTION OF 4-LANE GREEN FIELD HIGHWAY FROM KM. 35.000 TO KM. 49.155 OF NH- 731A WITH PAVED SHOUL,MoRTH,N24001929,1/2022,10/2025,N.A.,10/2025,697.66,N.A.,697.66,234.48,56
UTTAR PRADESH,ROAD TRANSPORT AND,1662,BALANCE WORKS OF 4-LANNING OF RAMPUR-KATHGODAM SECTION OF NH-87 (NEW NH NO. 09) FROM KM. 0.000 (KM 1,NHAI,N24001992,8/2022,2/2024,Dec-24,12/2024,199.31,199.38,199.38,123.35,62.26
UTTAR PRADESH,ROAD TRANSPORT AND,1663,CONSTRUCTION OF TWO LANE WITH PAVED SHOULDER HIGHWAY FROM DESIGN CH.0.000 TO CH.49.2OO OF NH- 731B ON,MoRTH,N24001996,3/2022,11/2025,N.A.,11/2025,640.18,602.76,602.76,278.89,28
UTTAR PRADESH,ROAD TRANSPORT AND,1664,CONSTRUCTION OF SHOHRATGARH BYPASS ON NH- 730 UNDER EPC MODE IN THE STATE OF UTTAR PRADESH,MoRTH,N24001997,10/2022,5/2025,N.A.,5/2025,189.31,N.A.,189.31,46.38,10
UTTAR PRADESH,ROAD TRANSPORT AND,1665,IMPROVEMENT AND UPGRADATION TO TWO LANE WITH PAVED SHOULDER CONFIGURATION FROM EXISTING KM 90.00 TO,MoRTH,N24002015,11/2021,6/2025,N.A.,6/2025,403.36,328.49,403.36,48.32,12
UTTAR PRADESH,ROAD TRANSPORT AND,1666,CONSTRUCTION OF PRATAPGARH BYPASS (EXTENSION) CONNECTING NH- 31 TO NH-330,MoRTH,N24002016,10/2022,6/2025,N.A.,6/2025,225.17,N.A.,225.17,75.84,28
UTTAR PRADESH,ROAD TRANSPORT AND,1667,WIDENING TO FOUR LANE WITH PAVED SHOULDER FROM DESIGN KM.49.200 TO KM.89.285 OF NH-731B ON EPC MODE,MoRTH,N24002029,3/2022,1/2026,N.A.,1/2026,917.91,956.3,917.91,458.63,13
UTTAR PRADESH,ROAD TRANSPORT AND,1668,CONSTRUCTION OF TWO LANE WITH PAVED SHOULDER FROM EXISTING KM.0.000 TO KM.55.610 (DESIGN KM. 0.000 T,MoRTH,N24002031,12/2021,2/2026,N.A.,2/2026,840.93,773.58,840.93,337.55,3
UTTAR PRADESH,ROAD TRANSPORT AND,1669,CONSTRUCTION OF 4-LANE HIGHWAY WITH PAVED SHOULDERS FROM KM 49.155 TO KM 74.700 OF NH-731A ON HYBRID,MoRTH,N24002032,1/2022,1/2026,N.A.,1/2026,1156.72,N.A.,1156.72,200.02,13
UTTAR PRADESH,ROAD TRANSPORT AND,1670,DEVELOPMENT OF SIX-LANE ACCESS CONTROLLED HIGHWAY FROM GOGWAN JALALPUR (SHAMLI DISTRICT) TO RANIPUR,NHAI,N24002036,4/2022,5/2025,N.A.,5/2025,1843.59,N.A.,1843.59,768.92,24.1
UTTAR PRADESH,ROAD TRANSPORT AND,1671,GARHMUKTESHWAR (KM. 83.200 OF NH-24) TO MEERUT (KM. 9.860 OF NH-235) INCLUDING CONNECTOR TO NH-119,NHAI,N24002073,10/2019,10/2023,N.A.,6/2024,2068.99,2171,2171,209.6,32
UTTAR PRADESH,ROAD TRANSPORT AND,1672,WIDENING OF RAEBARELI TO PRAYAGRAJ SECTION FROM KM. 82.650 TO KM. 161.450 OF NH-30 AND LINK ROAD FRO,NHAI,N24002085,11/2023,3/2025,N.A.,3/2025,1470.93,N.A.,1470.93,69.56,16.37
UTTAR PRADESH,ROAD TRANSPORT AND,1673,CONSTRUCTION OF FOUR LANE HIGHWAY FORM GHAZIPUR BALLIA UP BIHAR STATE BORDER (GREENFIELD) SECTION OF,NHAI,N24002086,10/2022,7/2025,N.A.,7/2025,1706.47,N.A.,1706.47,666.71,32.72
UTTAR PRADESH,ROAD TRANSPORT AND,1674,CONSTRUCTION OF FOUR LANE HIGHWAY FROM GHAZIPUR BALLIA UP BIHAR STATE BORDER (GREENFIELD) SECTION OF,NHAI,N24002087,10/2022,10/2025,N.A.,10/2025,1493.14,N.A.,1493.14,33.63,17.45
UTTAR PRADESH,ROAD TRANSPORT AND,1675,CONSTRUCTION OF FOUR LANE HIGHWAY FROM GHAZIPUR BALLIA UP BIHAR STATE BORDER (GREENFIELD) SECTION OF,NHAI,N24002088,10/2022,8/2025,N.A.,8/2025,1493.5,N.A.,1493.5,468.41,23.12
UTTAR PRADESH,ROAD TRANSPORT AND,1676,CONSTRUCTION OF FOUR LANE HIGHWAY FROM GHAZIPUR BALLIA UP BIHAR STATE BORDER GREENFIELD SECTION OF N,NHAI,N24002089,10/2022,6/2025,N.A.,6/2025,617.87,N.A.,617.87,75.36,36.36
UTTAR PRADESH,ROAD TRANSPORT AND,1677,CONSTRUCTION OF FOUR-LANE ?WESTERN SIDE SPUR OF RAMPUR-RUDRAPUR SECTION CONNECTING NH-24 TO NH-87 BY,NHAI,N24002090,3/2021,11/2024,N.A.,11/2024,646.27,N.A.,646.27,38.85,19.6
UTTAR PRADESH,ROAD TRANSPORT AND,1678,"IMPROVEMENT , UP-GRADATION OF NH-734 SECTION OF MORADABAD - THAKURDWARA - KASHIPUR: ?PACKAGE-I: MORA",NHAI,N24002093,10/2022,9/2025,N.A.,9/2025,1841.92,N.A.,1841.92,163.42,20.36
UTTAR PRADESH,ROAD TRANSPORT AND,1679,"IMPROVEMENT AND UP- GRADATION OF EXISTING ROAD TO 4L PS FROM KM 123.650 TO 175.080, FROM START OF SHA",NHAI,N24002094,9/2022,11/2025,N.A.,11/2025,1212.26,N.A.,1212.26,294.94,14
UTTAR PRADESH,ROAD TRANSPORT AND,1680,FOUR LANING OF SONAULI GORAKHPUR SECTION OF NH 29E (NEW NH 24) FROM DESIGN CH. 0.000 TO DESIGN CH. 7,NHAI,N24002095,12/2021,3/2025,N.A.,3/2025,2555.5,N.A.,2555.5,672.98,30.74
UTTAR PRADESH,ROAD TRANSPORT AND,1681,CONSTRUCTION OF 4 LANE GREEN FIELD NORTHERN EAST SIDE GORAKHPUR BYPASS (26.616 KMS) STARTING FROM NH,NHAI,N24002096,2/2023,1/2026,N.A.,1/2026,1973.98,N.A.,1973.98,477.23,20.39
UTTAR PRADESH,ROAD TRANSPORT AND,1682,STRENGTHENING OF EXISTING 4L AYODHYA BYPASS SECTION FROM DESIGN KM.121.600 TO KM. 144.020 OF NH 28 (,NHAI,N24002097,2/2023,9/2025,N.A.,3/2025,526.45,N.A.,526.45,108.51,50.5
UTTAR PRADESH,ROAD TRANSPORT AND,1683,CONSTRUCTION OF RING ROAD AROUND KANPUR FROM KM.000 TO KM. 23.325 (CHACHENDI SACHENDI I TO MAHARAJPU,NHAI,N24002104,1/2023,6/2026,N.A.,6/2026,1754,N.A.,1754,186.44,10.12
UTTAR PRADESH,ROAD TRANSPORT AND,1684,CONSTRUCTION OF NEW 4 LANE PRAYAGRAJ SOUTHERN BYPASS (PHASE-I) FROM DESIGN KM 43+200 (AT MAHUWARI VI,NHAI,N24002105,8/2023,6/2026,N.A.,6/2026,1378.36,N.A.,739,48.12,9.03
UTTAR PRADESH,ROAD TRANSPORT AND,1685,CONSTRUCTION OF NEW 4 LANE PRAYAGRAJ SOUTHERN BYPASS FROM DESIGN KM 50.860 (NABABA URF NIBI KALA UPA,NHAI,N24002106,8/2023,3/2025,N.A.,3/2025,993.77,N.A.,349.48,115.86,30
UTTAR PRADESH,ROAD TRANSPORT AND,1686,CONSTRUCTION OF MARIAHU BYPASS WITH FOUR LANE PAVED SHOULDER CONFIGURATION (KM.53.540 TO KM.59.200),MoRTH,N24002115,3/2023,8/2025,N.A.,8/2025,438.24,362.39,438.24,163.85,12
UTTAR PRADESH,ROAD TRANSPORT AND,1687,REHABILITATION AND UPGRADATION FROM KM 51.600 TO KM 75.700 OF NH-321G (NUHKHAS TO ETAH SECTION) TO T,MoRTH,N24002116,1/2022,8/2025,N.A.,8/2025,343.54,N.A.,343.54,39.88,14
UTTAR PRADESH,ROAD TRANSPORT AND,1688,CONSTRUCTION OF JASRA BYPASS WITH FOUR LANE PAVED SHOULDER CONFIGURATION FROM KM. 379.670 ON NH-76 (,MoRTH,N24002120,2/2023,9/2025,N.A.,9/2025,274.06,N.A.,274.06,66.68,30
UTTAR PRADESH,ROAD TRANSPORT AND,1689,IMPROVEMENT AND UP- GRADATION TO TWO LANE WITH PAVED SHOULDER CONFIGURATION FROM EXISTING KM. 420.00,MoRTH,N24002121,1/2022,9/2025,N.A.,9/2025,509.65,N.A.,509.65,122.07,5
UTTAR PRADESH,ROAD TRANSPORT AND,1690,REHABILITATION AND UP- GRADATION FROM KM. 0.000 TO KM. 40.390 OF NH-730S (MAHARAJGANJ ? NICHLOUL ? TH,MoRTH,N24002134,3/2023,12/2025,N.A.,12/2025,809.25,N.A.,809.25,141.56,0
UTTAR PRADESH,ROAD TRANSPORT AND,1691,CONSTRUCTION OF FOUR LANE HIGHWAY WITH PAVED SHOULDER FROM KM.74.700 TO KM.112.950 OF NH-731A (I/C Y,MoRTH,N24002138,3/2022,6/2026,N.A.,6/2026,1141.67,N.A.,1141.67,194.54,2
UTTAR PRADESH,URBAN DEVELOPMENT,1692,KANPUR METRO RAIL PROJECT,LMRCL,N28000144,5/2019,3/2024,N.A.,6/2026,11076.48,N.A.,11076.48,7284.78,65.7
UTTAR PRADESH,URBAN DEVELOPMENT,1693,AGRA METRO RAIL PROJECT,LMRCL,N28000145,5/2019,3/2024,N.A.,12/2025,8379.62,N.A.,8379.62,3783.35,43
UTTAR PRADESH,WATER RESOURCES,1694,"INTERCEPTION, DIVERSION AND TREATMENT WORKS FOR NAINI DISTRICT G PHAPHAMAU DISTRICT F AND JHUSI AREA",UPJalNigam,N30000006,5/2017,9/2021,N.A.,6/2023,767.59,N.A.,767.59,276.97,100
UTTAR PRADESH,WATER RESOURCES,1695,FARRUKHABAD I AND D AND STP WORKS HAM,UPJalNigam,N30000008,10/2017,3/2022,Feb-21,7/2024,213.62,261.12,261.12,177.62,91
UTTAR PRADESH,WATER RESOURCES,1696,STP AT PANKHA KANPUR AND INTEGRATION WITH EXISTING STPS,UPJalNigam,N30000010,3/2018,9/2021,N.A.,9/2023,967.23,708.7,967.23,254.98,100
UTTAR PRADESH,WATER RESOURCES,1697,"INTERCEPTION AND DIVERSION WORKS WITH STP AT BAREILLY, UTTAR PRADESH",UPJalNigam,N30000013,3/2019,8/2021,N.A.,7/2024,271.39,N.A.,271.39,181.03,100
UTTAR PRADESH,WATER RESOURCES,1698,MATHURA SEWERAGE SCHEME,UPJalNigam,N30000019,12/2017,12/2020,Jun-18,6/2022,460.45,N.A.,460.45,315.3,100
UTTAR PRADESH,WATER RESOURCES,1699,INTERCEPTION AND DIVERSION WORKS AND STP AT MUZAFFARNAGAR UTTAR PRADESH,UPJalNigam,N30000021,1/2019,12/2021,Jan-20,9/2024,231.79,234.03,234.03,141.79,95
UTTAR PRADESH,WATER RESOURCES,1700,INTERCEPTION AND DIVERSION WORKS AND SEWAGE TREATMENT PLANT AT JAUNPUR UTTAR PRADESH,UPJalNigam,N30000022,1/2019,10/2021,N.A.,7/2023,206.05,N.A.,206.05,137.58,100
UTTAR PRADESH,WATER RESOURCES,1701,SEWERAGE SCHEME INTERCEPTION AND DIVERSION WITH STP WORKS AT MEERUT UTTAR PRADESH,UPJalNigam,N30000024,2/2019,6/2022,N.A.,12/2025,681.78,N.A.,690.71,13.34,0
UTTAR PRADESH,WATER RESOURCES,1702,INTERCEPTION AND DIVERSION WORKS WITH STP AT LUCKNOW UTTAR PRADESH,UPJalNigam,N30000025,3/2019,7/2021,May-20,9/2024,298.12,N.A.,213.91,94.86,93
UTTARAKHAND,CIVIL AVIATION,1703,"CONSTRUCTION OF DOMESTIC PASSENGER TERMINAL BUILDING AT DEHRADUN AIRPORT, DEHRADUN",AAI,N04000085,7/2018,9/2020,N.A.,8/2024,456.86,N.A.,456.86,481.22,99.99
UTTARAKHAND,POWER,1704,TEHRI PUMPED STORAGE PLANT(1000MW),THDCIL,N18000010,7/2006,2/2016,Jun-22,11/2024,1657,N.A.,4825.6,6642.08,97.3
UTTARAKHAND,POWER,1705,TAPOVAN-VISHNUGAD HEP (4X130MW),NTPC,N18000014,11/2006,3/2013,N.A.,4/2029,2978.48,N.A.,7103,6298.38,75
UTTARAKHAND,POWER,1706,VISHNUGAD PIPALKOTI HYDRO ELECTRIC PROJECT,THDCIL,N18000042,8/2008,6/2013,N.A.,6/2026,2491.58,3860.35,3860.35,3892.57,68
UTTARAKHAND,POWER,1707,LATA-TAPOVAN HYDRO ELECTRIC POWER PROJECT 3X57 MW,NTPC,N18000142,7/2012,8/2017,N.A.,8/2017,1527,N.A.,1527,149.93,9.8
UTTARAKHAND,RAILWAYS,1708,RISHIKESH - KARNAPRAYAG NEW LINE,RVNL,N22000406,4/2011,12/2024,N.A.,3/2025,16216,N.A.,24659,18267,82.1
UTTARAKHAND,ROAD TRANSPORT AND,1709,4-LANING OF KASHIPUR- SITARGANJ SECTION,MEGA,N24000465,11/2012,8/2016,N.A.,8/2016,605.84,N.A.,605.84,0,0
UTTARAKHAND,ROAD TRANSPORT AND,1710,FOUR LANNING OF RAMPUR- KATHGODAM SECTION OF NH-87 FROM KM 42.791 (DESIGN CHAINAGE 43.446) TO KM 88,NHAI,N24000559,3/2016,10/2019,Oct-24,10/2024,720,1150,1150,636.78,91.06
UTTARAKHAND,ROAD TRANSPORT AND,1711,CONSTRUCTION AND UPGRADATION OF EXISTING ROAD TO 2 LANE WITH PAVED SHOULDER FROM KM 368.00 TO KM 399,NHIDCL,N24000741,3/2018,11/2020,Dec-22,8/2024,274.31,N.A.,274.31,251.61,99
UTTARAKHAND,ROAD TRANSPORT AND,1712,2 LANE WITH PAVED SHOULDER FROM KM 399.00 TO KM 430.00 OF KARANPARYAG TO CHAMOLI UNDER CHARDHAM PARI,NHIDCL,N24000742,3/2018,11/2020,Dec-22,8/2024,403.36,N.A.,403.36,337.72,95.52
UTTARAKHAND,ROAD TRANSPORT AND,1713,2 LANE WITH PAVED SHOULDER FROM KM 430.00 TO KM 468.00 OF CHAMOLI TO PAINI UNDER CHARDHAM PARIYOJNA,NHIDCL,N24000743,3/2018,11/2020,Dec-22,8/2024,417.24,N.A.,417.24,344.2,98.72
UTTARAKHAND,ROAD TRANSPORT AND,1714,RECONSTRUCTION WITH GEOMETRIC IMPROVEMENT OF EXISTING 2 LANE/INTERMEDIATE LANE TO 2LANE WITH PAVED S,MoRTH,N24000772,12/2017,12/2019,N.A.,12/2019,257.34,N.A.,257.34,232.69,100
UTTARAKHAND,ROAD TRANSPORT AND,1715,RECONSTRUCTION WITH GEOMETRIC IMPROVEMENT OF EXISTING 2 LANE/INTERMEDIATE LANE TO 2LANE WITH PAVED S,MoRTH,N24000773,12/2017,12/2019,N.A.,12/2019,200.34,253.43,200.34,227.98,100
UTTARAKHAND,ROAD TRANSPORT AND,1716,WIDENING OF EXISTING SINGLE LANE ROAD TO TWO LANE WITH PAVED SHOULDERS CONFIGURATION FROM KM. 235.00,MoRTH,N24000774,12/2017,12/2019,N.A.,12/2019,248.22,N.A.,248.22,236.8,100
UTTARAKHAND,ROAD TRANSPORT AND,1717,RECONSTRUCTION WITH GEOMETRIC IMPROVEMENT OF EXISTING 2 LANE/INTERMEDIATE LANE TO 2LANE WITH PAVED S,MoRTH,N24000775,6/2017,6/2019,Mar-23,3/2023,282.08,N.A.,282.08,234.97,100
UTTARAKHAND,ROAD TRANSPORT AND,1718,RECONSTRUCTION WITH GEOMETIC IMPROVEMENT OF EXISTING TWO LANE TO 2- LANE WITH PAVED SHOULDERS CONFIG,MoRTH,N24000776,11/2017,11/2019,N.A.,11/2019,232.81,N.A.,232.81,201.58,100
UTTARAKHAND,ROAD TRANSPORT AND,1719,RECONSTRUCTION WITH GEOMETIC IMPROVEMENT OF SINGLE LANE TO 2- LANE WITH PAVED SHOULDER CONFIGURATION,MoRTH,N24000777,11/2017,11/2019,N.A.,11/2019,283.51,N.A.,283.51,278.51,100
UTTARAKHAND,ROAD TRANSPORT AND,1720,RECONSTRUCTION WITH GEOMETRIC IMPROVEMENT OF EXISTING SINGLE/INTERMEDIATE LANE TO 2LANE WITH PAVED S,MoRTH,N24000778,11/2017,11/2019,N.A.,11/2019,266.52,N.A.,266.52,250.34,100
UTTARAKHAND,ROAD TRANSPORT AND,1721,RECONSTRUCTION WITH GEOMETRIC IMPROVEMENT OF EXISTING SINGLE/INTERMEDIATE LANE TO 2 LANE WITH EAR,MoRTH,N24000779,2/2018,2/2020,Mar-23,3/2023,418.88,N.A.,418.88,339.71,94
UTTARAKHAND,ROAD TRANSPORT AND,1722,REHABILITATION AND UP GRADATION OF 2 LANE/ 2 LANE WITH PAVED SHOULDER FROM EXISTING KM. 172.900 TO K,MoRTH,N24000780,2/2018,,Apr-23,4/2023,293.68,N.A.,293.68,244.25,100
UTTARAKHAND,ROAD TRANSPORT AND,1723,CONSTRUCTION OF KUND BYPASS FROM EXISTING KM 33+130 TO KM 41+260 (EXISTING LENGTH: 8.130 KM); DESIGN,MoRTH,N24000781,5/2018,5/2020,Dec-23,12/2023,248,N.A.,248,120.5,65.56
UTTARAKHAND,ROAD TRANSPORT AND,1724,REHABILITATION AND UPGRADATION OF 2 LANE WITH PAVED SHOULDER FROM EXISTING KM. 195.175 TO KM. 220.00,MoRTH,N24000782,3/2018,,N.A.,N.A.,460.73,N.A.,461,0,0
UTTARAKHAND,ROAD TRANSPORT AND,1725,CONSTRUCTION OF 4.5 KM LONG SILKYARA TUNNEL BETWEEN KM 25.40 TO 50.25 KM (TUNNEL WORK),NHIDCL,N24000855,3/2018,7/2022,Jul-22,1/2026,1383.78,N.A.,1383.78,586.15,60.23
UTTARAKHAND,ROAD TRANSPORT AND,1726,RECONSTRUCTION WITH GEOMETRIC IMPROVMENT OF EXISTING INTERMEDIATE LANE TO 2 LANE WITH PAVED SHOULDER,MoRTH,N24001130,8/2016,12/2017,N.A.,12/2017,234.88,273.49,234.88,237.19,100
UTTARAKHAND,ROAD TRANSPORT AND,1727,6L ACCESS-CONTROLLED HIGHWAY OF DAAT KALI TUNNEL - DEHRADUN OF GANESHPUR ? DEHRADUN SECTION FROM KM.,NHAI,N24001525,3/2021,3/2024,Sep-24,9/2024,169.08,N.A.,169.08,93.66,98.24
UTTARAKHAND,ROAD TRANSPORT AND,1728,UPGRADATION AND 4L OF HARIDWAR BYPASS FROM KM 0.000 (KM 188.100 OF NH-58) TO KM. 15.100 (KM 5.100 OF,NHAI,N24001526,8/2021,10/2024,Oct-24,10/2024,1377.79,1384.11,1377.79,679.1,44.16
UTTARAKHAND,ROAD TRANSPORT AND,1729,4L MEDINIPUR TO BALLUPUR FROM KM. 458.65 TO KM. 487.65 OF NH-07(PKG-2),NHAI,N24001553,3/2022,2/2025,Feb-25,2/2025,1092.9,1092.9,1092.9,461.72,52.5
UTTARAKHAND,ROAD TRANSPORT AND,1730,4L POANTA SAHEB?MEDNIPUR FROM KM. 435.65 TO KM. 458.65 OF NH-07(PKG-1),NHAI,N24001990,6/2022,5/2025,May-25,5/2025,524.54,683.26,683.26,74.84,43.28
UTTARAKHAND,ROAD TRANSPORT AND,1731,ACCESS ROAD/BRIDGE CONNECTIVITY FROM NH-09 AT KM.40 NEAR JAGBUDA BRIDGE (INDIA) TO BOUNDARY PILLAR,NHAI,N24001991,5/2022,9/2024,Mar-25,3/2025,314.31,N.A.,314.31,133.77,52.5
UTTARAKHAND,ROAD TRANSPORT AND,1732,4L OF DUDHADHARI ELEVATED FLYOVER (MUZAFFARNAGAR ?HARIDWAR SECTION) FROM KM 356.450 TO KM 353.800 OF,NHAI,N24001995,5/2021,11/2023,Dec-24,12/2024,154.52,N.A.,154.52,150.26,98.43
UTTARAKHAND,WATER RESOURCES,1733,INTERCEPTION AND DIVERSION WITH STP AT RISHIKESH,UKJalNigam,N30000004,3/2017,11/2019,N.A.,2/2022,158,N.A.,158,104.53,100
WEST BENGAL,CIVIL AVIATION,1734,CONSTRUCTION OF ATC TOWER AND TECHNICAL BLOCK AT NSCBI AIRPORT KOLKATA,AAI,N04000080,1/2016,3/2020,Jun-22,12/2023,458,N.A.,458,246.64,100
WEST BENGAL,CIVIL AVIATION,1735,"AIRSIDE CAPACITY ENHANCEMENT OF NSBI AIRPORT, KOLKATA",AAI,N04000081,1/2019,11/2021,N.A.,5/2023,389.71,N.A.,392,393.6,100
WEST BENGAL,CIVIL AVIATION,1736,"NSCBI AIRPORT KOLKATA: RE- CONSTRUCTION OF RIGID POSITIONS OF SECONDARY RUNWAY, 'K' AND 'A' TAXIWAY",AAI,N04000109,4/2023,10/2025,N.A.,10/2025,328.3,N.A.,328.3,36.9,18
WEST BENGAL,COAL,1737,RANIGANJ MASTER PLAN,ECL,N06000163,8/2009,8/2019,N.A.,8/2024,2661.73,N.A.,5146.48,745.36,40
WEST BENGAL,COAL,1738,SIDULI MINE (OC AND UG),ECL,N06000165,5/2018,3/2026,N.A.,3/2026,535.18,N.A.,535.17,3.91,13.2
WEST BENGAL,COAL,1739,NAKRAKONDA KUMARDIH B OCP,ECL,N06000170,8/2018,3/2029,N.A.,3/2029,502.68,N.A.,502.67,57.13,25.3
WEST BENGAL,COAL,1740,TILABONI UG MINE,ECL,N06000172,2/2019,3/2027,Mar-29,3/2029,916.62,749.08,749.07,12.7,10.1
WEST BENGAL,COAL,1741,PARASEA- BELBAID REORGANISATION UG MINE,ECL,N06000185,7/2019,3/2027,Mar-28,3/2028,826.42,389.1,389.1,4.47,14
WEST BENGAL,COAL,1742,SHYAMSUNDARPUR UG INCLUDING SAPI UNIT,ECL,N06000191,4/2020,3/2025,Mar-26,3/2026,483.65,N.A.,483.65,26.51,12
WEST BENGAL,COAL,1743,2.0 MTPA BHOJUDIH NLW WASHERY,BCCL,N06000195,12/2015,3/2017,N.A.,8/2024,304.13,341.22,341.22,286.2,92
WEST BENGAL,COAL,1744,SONEPUR BAZARI EXPANSION OC,ECL,N06000220,7/2021,3/2029,N.A.,3/2029,5365.88,5366,5365.88,491.08,17
WEST BENGAL,COAL,1745,EXPANSION PR OF JHANJRA UG (5.00 MTY),ECL,N06000223,4/2020,3/2029,N.A.,3/2029,1210.12,N.A.,1210.12,383.01,35
WEST BENGAL,COAL,1746,MOHANPUR EXPANSION OC PHASE II,ECL,N06000236,11/2020,3/2025,Mar-26,3/2026,888.99,N.A.,888.99,88.58,30
WEST BENGAL,COAL,1747,BONJEMEHARI EXPANSION OCP,ECL,N06000244,8/2021,3/2025,Mar-26,3/2026,570.12,N.A.,570.11,45.34,16
WEST BENGAL,DEPARTMENT OF HIGHER EDUCATION,1748,CONSTRUCTION OF TWO NOS GIRLS HOSTELS AND ONE NO BOYS HOSTEL OF 500 CAPACITY EACH G PLUS 8 STOREYED,CPWD EDUCATION,N28000146,3/2020,6/2020,N.A.,5/2024,193.83,N.A.,193.83,185.7,99
WEST BENGAL,HOME AFFAIRS,1749,NSG AT KOLKATA,CPWD FOR MHA,N28000104,10/2014,4/2018,N.A.,12/2024,162.88,210.83,210.83,184.4,85.5
WEST BENGAL,MINES,1750,"CONSTRUCTION OF BASEMENTG FLOOR10 STORIES BUILDING FOR THE STATE OF THE ART, DG, GSI AT SECTOR-V, SA",CPWD,N10000015,4/2019,4/2022,N.A.,8/2026,255.37,N.A.,255.37,50.51,23
WEST BENGAL,PETROLEUM,1751,DURGAPUR-HALDIA PIPELINE PROJECT,GAIL,N16000275,3/2017,12/2020,Mar-25,3/2025,1740,2433.15,2433.15,1943.68,86.1
WEST BENGAL,PETROLEUM,1752,CITY GAS DISTRIBUTION IN WEST BENGAL,HPCL,N16000392,3/2019,3/2031,Mar-29,3/2029,5830.2,N.A.,5830.2,687.05,21.7
WEST BENGAL,PETROLEUM,1753,HALDIA PANAGARH PIPELINE PROJECT,HPCL,N16000478,11/2022,11/2025,N.A.,11/2025,1010,N.A.,1010,233.68,50.9
WEST BENGAL,PETROLEUM,1754,"CGD PROJECT AT EAST MEDNIPORE, WEST MEDNIPORE AND JHARGRAM DISTRICTS",IOCL,N16000491,3/2022,3/2030,N.A.,6/2031,609,N.A.,609,65.18,1
WEST BENGAL,PETROLEUM,1755,CGD PROJECT IN WEST BENGAL 11TH ROUND,HPCL,N16000498,6/2022,6/2030,N.A.,6/2030,2628,N.A.,2628,141.03,15.6
WEST BENGAL,PETROLEUM,1756,CITY GAS DISTRIBUTION PROJECTS AT ALIPURDUAR AND COOCH BEHAR,BPCL,N16000522,12/2022,3/2030,N.A.,3/2030,1017,N.A.,1017,66.38,15.4
WEST BENGAL,POWER,1757,RAMMAM-III HEPP (3X40 MW),NTPC,N18000178,9/2014,9/2019,N.A.,3/2029,1381.84,N.A.,1803,1042.24,45.1
WEST BENGAL,POWER,1758,DURGAPUR PP-III (2X20 MW) - NSPCL,NTPC,N18000277,12/2016,11/2018,Mar-24,3/2024,529.68,633.8,679,558.39,89
WEST BENGAL,RAILWAYS,1759,"TARAKESWAR - BISHNUPUR NEW BG LINE (NL), ER",ER,220100272,4/2000,3/2019,Mar-25,3/2025,1188.91,N.A.,1619.51,1071.81,75
WEST BENGAL,RAILWAYS,1760,NEW WORK FOR CONSTRUCTION OF METRO RAILWAY FROM NOAPARA- BARASAI VIA BIMANBANDER (MTP),KOMRCL,N22000108,4/2010,3/2016,N.A.,3/2016,2397.72,N.A.,2397.72,197.2,15
WEST BENGAL,RAILWAYS,1761,NEW WORK FOR CONSTRUCTION OF METRO RAILWAY FROM BARANAGAR TO BARRACKPORE AND DAKSHINESHWAR (MTP),RVNL,N22000109,4/2010,3/2014,N.A.,12/2025,2298.42,N.A.,2733.86,392.84,25
WEST BENGAL,RAILWAYS,1762,NEW WORK FOR CONSTRUCTION OF METRO RAILWAY FROM NSCB AIRPORT TO NEW GARIA VIA RAJARHAT (MTP),RVNL,N22000110,4/2010,3/2016,N.A.,3/2026,3951.98,N.A.,8964.35,6817.2,73
WEST BENGAL,RAILWAYS,1763,NEW WORK FOR CONSTRUCTION OF METRO RAILWAY FROM JOKA TO BINOY BADAL DINESH BAGH.,RVNL,N22000111,4/2010,3/2016,N.A.,12/2026,2913.51,N.A.,4834.54,3869.56,95.41
WEST BENGAL,RAILWAYS,1764,EAST WEST METRO CORRIDOR FROM HOWRAH MAIDAN TO SALT LAKE,MRTP,N22000135,3/2013,3/2016,Dec-23,12/2023,4874.58,8574.98,10442.41,8008.94,96.2
WEST BENGAL,RAILWAYS,1765,PURULIA TO KOTSHILA DOUBLING (39.1 KM),SER,N22000510,4/2018,6/2022,N.A.,12/2024,338,N.A.,393.83,164.08,52
WEST BENGAL,RAILWAYS,1766,NAHATI - RANAGHAT 3RD LINE (MM OF KALINARAYANPUR - KRISHNANAGAR),ER,N22000624,7/2015,3/2025,Mar-26,3/2026,283.54,N.A.,283.54,156.59,44
WEST BENGAL,RAILWAYS,1767,EAST WEST METRO CORRIDOR KOLKATA,KOMRCL,N22000628,2/2009,9/2016,N.A.,6/2024,4874.58,8575,10442.41,0,0
WEST BENGAL,ROAD TRANSPORT AND,1768,4 LANING OF NH-31D FROM GHOSHPUKUR - SALSALABARI ( KM 0.00 TO KM . 83.785),NHAI,N24000463,12/2015,6/2018,May-24,8/2023,1083,1414.01,1414.01,1080.05,100
WEST BENGAL,ROAD TRANSPORT AND,1769,SIX-LANING OF BARWA ADDA- PANAGARH,NHAI,N24000515,4/2014,9/2016,N.A.,11/2024,1665,N.A.,4900.11,4900.11,92.7
WEST BENGAL,ROAD TRANSPORT AND,1770,REHABILITATION AND UP GRADATION OF EXISTING ROAD TO 2-LANE WITH PAVED SHOULDER CONFIGURATION IN PURU,NHAI,N24000788,3/2018,9/2022,Dec-22,3/2025,841.57,708.3,708.3,5171.53,91.9
WEST BENGAL,ROAD TRANSPORT AND,1771,CONSTRUCTION OF NEW ROAD AT THE MISSING LINK PORTION OF NH-81 ALONG THE APPROVED ALIGNMENT BETWEEN H,MoRTH,N24000874,3/2016,11/2018,Dec-23,10/2024,271.17,291.2,291.2,178.4,76.21
WEST BENGAL,ROAD TRANSPORT AND,1772,UPGRADATION OF NH-81 WITH A MINIMUM OF 2-LANE WITH PAVED SHOULDER CONFIGURATION STARTING FROM KM 19.,MoRTH,N24000880,2/2018,9/2020,Jan-24,9/2024,426.18,426.18,426.18,364.92,87.83
WEST BENGAL,ROAD TRANSPORT AND,1773,CONSTRUCTION OF ROB AND ITS APPROACHES IN LIEU OF UNMANNED LEVEL CROSSING AT KM 303.9 ON NH-60 (PAND,MoRTH,N24000885,3/2016,9/2023,Mar-24,7/2024,160.27,213.97,213.97,144.31,100
WEST BENGAL,ROAD TRANSPORT AND,1774,CONSTRUCTION OF TWINS 2- LANE ROB AND ITS APPROACHES IN REPLACEMENT OF EXISTING LEVEL CROSSING GATE N,MoRTH,N24000887,6/2016,9/2021,Feb-24,9/2024,236.78,263.26,263.26,222.11,97.98
WEST BENGAL,ROAD TRANSPORT AND,1775,SIX LANE OF PALSIT TO DANKUNI SECTION FROM 588.870 TO KM. 652.700,NHAI,N24001747,3/2020,9/2024,N.A.,9/2024,2193.23,2314,2314,1867.34,72.49
WEST BENGAL,ROAD TRANSPORT AND,1776,SIX LANING OF NATIONAL CORRIDOR NH19 FROM PANAGARH TO PALSIT IN THE STATE OF WEST BENGAL UNDER BHARA,NHAI,N24001748,3/2021,9/2024,N.A.,9/2024,2200.93,N.A.,2430.26,2430.26,86.86
WEST BENGAL,ROAD TRANSPORT AND,1777,FOUR LANING OF PURULIYA BYPASS SECTION OF NH 32 IN THE STATE OF WEST BENGAL ON EPC MODE,NHAI,N24001749,8/2021,8/2023,N.A.,11/2024,557.55,N.A.,557.55,465.02,89.56
WEST BENGAL,ROAD TRANSPORT AND,1778,CONSTRUCTION OF NEW 4 LANE BRIDGE OVER RIVER GANGA AT DOWNSTREAM OF FARAKKA BARRAGE INCLUDING APPROA,NHAI,N24001750,8/2018,12/2021,N.A.,2/2025,622.04,N.A.,622.04,460.91,77.86
WEST BENGAL,ROAD TRANSPORT AND,1779,FOUR LANING OF BAL. WORKS OF BARASAT-KRISHNAGAR FROM KM.48.553 TO KM.115.272,NHAI,N24001752,12/2018,2/2023,Aug-23,8/2024,2375.87,2843.79,2843.79,2371.78,100
WEST BENGAL,ROAD TRANSPORT AND,1780,DEVELOPMENT TO 4/6-LANNING OF NH-31 (NEW NH-10) WITH BOTH SIDE SERVICE ROADS FROM KM 569.258 TO KM 5,MoRTH,N24001850,3/2022,9/2025,Sep-25,9/2025,995.04,995.04,995.04,220.23,28.99
WEST BENGAL,STEEL,1781,REBUILDING OF COKE OVEN BATTERY NO.4 OF DURGAPUR STEEL PLANT,SAIL,N12000132,11/2023,12/2026,N.A.,12/2026,916.78,N.A.,916.78,40.62,0
WEST BENGAL,WATER RESOURCES,1782,DETAILED PROJECT REPORT FOR I AND D SEWERAGE SYSTEM AND STP FOR ASANSOL AND KULTI TOWNS,KMDA,N30000029,1/2019,4/2022,Feb-19,12/2024,384.96,N.A.,384.96,0,0
WEST BENGAL,WATER RESOURCES,1783,INTERCEPTION AND DIVERSION WORKS WITH STP FOR DRAINS FALLING IN RIVER DAMODAR AT DURGAPURL,KMDA,N30000030,3/2019,4/2022,N.A.,12/2024,287.53,N.A.,287.53,0,0
WEST BENGAL,WATER RESOURCES,1784,I AND D AND STP WORKS AT BURDWAN WEST BENGAL,KMDA,N30000031,12/2018,4/2022,N.A.,12/2024,234.31,N.A.,234.31,0,0
WEST BENGAL,WATER RESOURCES,1785,INTERCEPTION AND DIVERSION WITH STP AT MAHESHTALA,KMDA,N30000032,5/2018,2/2022,N.A.,3/2025,198.43,224.69,224.69,59.95,76
WEST BENGAL,WATER RESOURCES,1786,INTEGRATION OF STPS WITH REHABILITATION AND O AND M OF EXISTING ASSETS,KMDA,N30000033,3/2018,6/2022,N.A.,3/2024,165.16,N.A.,165.16,0,0
WEST BENGAL,WATER RESOURCES,1787,INTERCEPTION DIVERSION TREATMENT WORKS AT TOLLYS NULLAH ADI GANGA,KMDA,N30000034,8/2017,9/2022,Jan-23,12/2026,307.12,N.A.,653.67,0,0
WEST BENGAL,WATER RESOURCES,1788,INTERCEPTION AND DIVERSION WITH STP AT HUGHLY- CHINSURAH,KMDA,N30000042,5/2018,2/2022,Sep-20,10/2024,160,154.73,154.73,82.37,88
WEST BENGAL,WATER RESOURCES,1789,"INTERCEPTION, DIVERSION AND TREATMENT WORKS AT HOWRAH",KMDA,N30000045,8/2017,12/2021,Feb-21,2/2024,185.22,N.A.,185.22,49.99,100
WEST BENGAL,WATER RESOURCES,1790,SEWERAGE SYSTEM AND STP WORKS AT HALISHAHR,KMDA,N30000046,2/2014,12/2019,N.A.,6/2022,274.76,N.A.,274.76,276.01,100
WEST BENGAL,WATER RESOURCES,1791,SEWERAGE SYSTEM WITH SEWER NETWORK AT BARRACKPORE,KMDA,N30000047,12/2014,4/2020,N.A.,6/2022,272.32,341.68,272.32,302.99,100
WEST BENGAL,WATER RESOURCES,1792,"INTERCEPTION, DIVERSION AND TREATMENT WORKS AT BARANAGAR AND KAMARAHATI",KMDA,N30000048,1/2018,12/2021,Feb-21,2/2024,172.1,N.A.,172.1,47.2,100
WEST BENGAL,WATER RESOURCES,1793,INTERCEPTION AND DIVERSION WITH STP AT BALLY,KMDA,N30000049,10/2017,12/2021,Feb-21,2/2024,164.93,N.A.,164.93,45.45,100
WEST BENGAL,WATER RESOURCES,,Total,,,,,,,2754025.8,-,3329030.97,1744507.6,
