State,Sector,Sl No,Project Name,Agency Name,Project Code,Date of Approval (MM/YYYY),Date of Commissioning Original,Date of Commissioning Revised,Date of Commissioning Anticipated,Cost Original,Cost Revised,Cost Anticipated,Cumulative Expenditure in Rs. Crore,Physical Progress (%)
ANDAMAN AND NICOBAR ISLANDS,CIVIL AVIATION,1,"CONSTRUCTION OF NEW INTEGRATED TERMINAL BUILDING AT VSI AIRPORT, PORTBLAIR",AAI,N04000073,10-2013,9/2018,May-23,6/2023,417.23,707.73,707.73,698.80,100
ANDAMAN AND NICOBAR ISLANDS,RAILWAYS,2,LUDHIANA KILA RAIPUR (19 KMS) WITH FREIGHT LINE AT GILL STATION ON LDH-JHL SECTION,NR,N22000584,3-2019,3/2025,N.A.,3/2025,235.72,N.A.,235.72,46.56,50
ANDAMAN AND NICOBAR ISLANDS,ROAD TRANSPORT AND HIGHWAYS,3,MAJOR BRIDGE OVER MIDDLE STRAIT CREEK,NHIDCL,N24002207,1 2 - 2 0 2 4,2 / 2 0 2 6,N.A.,2/2026,371.80,N.A.,371.80,0.00,0
ANDAMAN AND NICOBAR ISLANDS,ROAD TRANSPORT AND HIGHWAYS,4,PACKAGE-3A,NHIDCL,N24002208,2 - 2 0 1 8,9/2025,N.A.,9/2025,207.54,N.A.,207.54,0.00,0
ANDAMAN AND NICOBAR ISLANDS,ROAD TRANSPORT AND HIGHWAYS,5,PACKAGE-3B,NHIDCL,N24002209,2 - 2 0 1 8,11/2025,N.A.,11/2025,183.47,N.A.,183.47,0.00,0
ANDAMAN AND NICOBAR ISLANDS,ROAD TRANSPORT AND HIGHWAYS,6,"2 LANE WITH HARD SHOLDER , REHABILITATION AND UP GRADATION OF SECTION FROM KM 242.0 TO KM 298.0 OF N",NHIDCL,N24000745,3-2017,12/2019,Mar-23,9/2024,409.85,N.A.,409.85,214.23,94.59
ANDAMAN AND NICOBAR ISLANDS,ROAD TRANSPORT AND HIGHWAYS,7,REHABILITATION AND UP GRADATION OF SECTION FROM KM 206.00 TO KM 242.00 (NIMBUTALA TO AUSTIN CREEK) O,NHIDCL,N24000749,3-2018,9/2020,Nov-22,12/2024,234.27,N.A.,234.27,126.50,80.26
ANDAMAN AND NICOBAR ISLANDS,ROAD TRANSPORT AND HIGHWAYS,8,Rehabilitation and up gradation to 2 lane with paved shoulder configuration from existing km. 122.00,MoRTH,N24000820,11-2017,11/2019,N.A.,11/2019,237.80,N.A.,238.00,222.13,98.23
ANDAMAN AND NICOBAR ISLANDS,ROAD TRANSPORT AND HIGHWAYS,9,RECONSTRUCTION WITH GEOMETRIC IMPROVEMENT OF EXISTING 2 LANE/INTERMEDIATE LANE TO 2LANE WITH PAVED S,MoRTH,N24000821,11-2017,11/2019,N.A.,11/2019,257.34,N.A.,238.00,214.90,100
ANDAMAN AND NICOBAR ISLANDS,ROAD TRANSPORT AND HIGHWAYS,10,AJANTHA TO BULDHANA,MoRTH,N24001008,2 - 2 0 1 7,7 /2019,N.A.,12/2023,401.00,401.00,401.00,260.08,97
ANDHRA PRADESH,CIVIL AVIATION,11,EXT AND STR. OF EXISTING RUNWAY 08/26 AT TIRUPATI AIRPORT,AAI,N04000089,8-2017,2/2020,Dec-21,1/2024,177.10,N.A.,177.10,143.08,100
ANDHRA PRADESH,CIVIL AVIATION,12,C/O OF NITB AND ASSOCIATED WORK AT VIJAYAWADA AIRPORT,AAI,N04000091,4-2020,3/2023,N.A.,6/2025,611.80,N.A.,611.80,383.89,63
ANDHRA PRADESH,CIVIL AVIATION,13,RAJAHMUNDRY AIRPORT: CONSTRUCTION OF NEW DOMESTIC TERMINAL BUILDING AND MISCELLANEOUS WORKS INCLUD,AAI,N04000103,12-2022,8/2025,N.A.,8/2025,347.15,N.A.,347.15,56.73,33
ANDHRA PRADESH,CIVIL AVIATION,14,KADAPPA AIRPORT- CONSTRUCTION OF NEW DOMESTIC TERMINAL BUILDING AND MISCELLANEOUS WORKS INCLUDING MA,AAI,N04000106,3-2023,1/2026,N.A.,1/2026,265.91,N.A.,265.91,29.41,17
ANDHRA PRADESH,DEPARTMENT OF HIGHER EDUCATION,15,CONSTRUCTION OF PERMANENT CAMPUS FOR INDIAN INSTITUTE OF TECHNOLOGY TIRUPATI AT MERLAPAKA VILLAGE YE,CPWD EDUCATION,N42000005,2-2019,6/2020,N.A.,6/2020,655.34,N.A.,655.34,366.21,95
ANDHRA PRADESH,DEPARTMENT OF HIGHER EDUCATION,16,"CONSTRUCTION OF PERMANENT CAMPUS FOR IISER AT JANGALAPALLI VILLAGE, YERPEDU MANDAL, CHITTOOR DISTRIC",CPWD EDUCATION,N42000007,9-2019,9/2022,N.A.,6/2024,588.72,656.39,656.39,666.18,100
ANDHRA PRADESH,PETROLEUM,17,VISAKH REFINERY MODERNISATION PROJECT,HPCL,N16000235,7 - 2 0 1 6,7 / 2 0 2 0,Feb-25,2/2025,"20,928.00","30,609.00","30,609.00","27,712.00",98.6
ANDHRA PRADESH,PETROLEUM,18,KG-DWN-98-2 CLUSTER II DEVELOPMENT PROJECT,ONGC,N16000247,3-2016,6/2020,Mar-25,3/2025,"34,012.00",N.A.,"34,012.00","31,900.45",95.9
ANDHRA PRADESH,PETROLEUM,19,REVAMPING OF FACILITIES AT VIZAG TERMINAL,IOCL,N16000343,4-2018,4/2022,Mar-25,3/2025,355.00,N.A.,355.00,247.36,78
ANDHRA PRADESH,PETROLEUM,20,SWRO II WITH LLPH FACILITIES,HPCL,N16000378,9 - 2 0 1 9,7 / 2 020,N.A.,3/2025,196.26,196.26,196.26,168.60,87.4
ANDHRA PRADESH,PETROLEUM,21,HP CRUDE TO OLEFINS AND AROMATICS TECHNOLOGY DEMO UNIT AT VISAKH REFINERY,HPCL,N16000432,9-2021,6/2024,Mar-26,3/2026,160.00,220.00,220.00,15.17,42.7
ANDHRA PRADESH,PETROLEUM,22,"CGD PROJECT AT KURNOOL, GUNTUR AND PRAKASAM DISTRICTS",IOCL,N16000485,3-2022,3/2030,N.A.,3/2030,"1,420.00",N.A.,"1,420.00",122.44,5
ANDHRA PRADESH,PETROLEUM,23,MULTI-PRODUCT PIPELINE FROM KRISHNAPATNAM COASTAL INSTALLATION TO THE PROPOSED INSTALLATION AT HYDER,BPCL,N16000499,9-2019,3/2025,N.A.,10/2025,"1,932.00",N.A.,"1,932.00","1,491.61",72.4
ANDHRA PRADESH,PETROLEUM,24,HP TRIJET UNIT IN VR,HPCL,N16000535,7 - 2 0 2 4,7/2027,N.A.,7/2027,193.00,N.A.,193.00,0.19,9
ANDHRA PRADESH,PETROLEUM,25,CONSTRUCTION OF AVIATION FUEL FARM FACILITIES AT BHOGAPURAM AIRPORT,HPCL,N16000538,8-2024,3/2026,N.A.,3/2026,240.00,N.A.,240.00,0.65,4.6
ANDHRA PRADESH,PETROLEUM,26,VISAKHA RAIPUR PIPELINE PROJECT,HPCL,N16000539,9 - 2 0 2 4,9 / 2 0 2 7,N.A.,9/2027,"2,212.00",N.A.,"2,212.00",0.00,0.68
ANDHRA PRADESH,POWER,27,TRANSMISSION SCHEME FOR SOLAR ENERGY ZONE IN ANANTHPURAM (2500MW) AND KURNOOL (1000MW),PGCIL,N18000380,9-2023,3/2025,N.A.,9/2025,"1,249.00",N.A.,"1,249.00",175.81,43
ANDHRA PRADESH,POWER,28,AUGMENTATION OF 1500MVA 3RD 765/400KV TRANSFORMATION CAPACITY AT KURNOOL NEW SUBSTATION,PGCIL,N18000395,5-2023,9/2025,N.A.,9/2025,164.00,N.A.,164.00,4.00,2
ANDHRA PRADESH,RAILWAYS,29,KOTLPALLI-NARASAPUR (NL) (SCR),SCR,220100265,1 2 - 2 0 0 1,3 / 2 0 0 9,N.A.,3/2027,"1,045.20",N.A.,"2,500.98","1,150.74",18
ANDHRA PRADESH,RAILWAYS,30,NADIKUDE-SRI KALAHASTI,SCR,N22000286,4 - 2 0 1 1,3 /2021,N.A.,5/2027,"2,288.70",N.A.,"3,122.35","1,766.61",0
ANDHRA PRADESH,RAILWAYS,31,GUNTUR-GUNTAKAL,SCR,N22000368,4 - 2 0 1 6,3/2022,N.A.,12/2025,"3,631.00",N.A.,"3,887.48","3,266.81",0
ANDHRA PRADESH,RAILWAYS,32,VIJAYAWADA-GUDUR,RVNL,N22000369,4 - 2 0 1 5,1 2/2023,N.A.,12/2024,"3,246.26",N.A.,"6,238.67","5,883.89",0
ANDHRA PRADESH,RAILWAYS,33,KOTTAVALSA - KORAPUT DOUBLING,ECOR,N22000377,4 - 2 0 1 5,3 / 2 0 2 2,N.A.,3/2022,"2,499.71",N.A.,"2,499.71","1,816.18",68.5
ANDHRA PRADESH,RAILWAYS,34,"PENUKONDA-DHARMAVARAM, EXCL. DHARMAVARAM (41.5 KM)",SWR,N22000555,4-2019,3/2026,N.A.,6/2025,294.67,307.66,307.66,160.44,41
ANDHRA PRADESH,RAILWAYS,35,MALUGUR-PALASAMUDRAM (17.98 KM) (PB#29/NR/2022-23),SWR,N22000556,9-2022,12/2025,N.A.,12/2026,323.14,342.41,342.41,39.46,12
ANDHRA PRADESH,RAILWAYS,36,DOUBLING BETWEEN GOOTY-PENDAKALLU (29.225),SCR,N22000585,3-2023,3/2027,N.A.,3/2027,351.83,N.A.,351.83,0.00,0
ANDHRA PRADESH,RAILWAYS,37,VIJAYAWADA KAZIPET BYEPASS LINE,SCR,N22000586,4 - 2 0 1 6,1 2 / 2 0 2 5,N.A.,12/2025,226.72,N.A.,226.72,200.17,0
ANDHRA PRADESH,RAILWAYS,38,RENIGUNTA WADI GOOTY - BYPASS,SCR,N22000587,4 - 2 0 1 6,1 2 / 2 0 2 5,N.A.,12/2025,302.00,N.A.,302.00,175.57,50
ANDHRA PRADESH,ROAD TRANSPORT AND HIGHWAYS,39,4 LANING OF BATHALAPALLI TO MUDIGUBBA SECTION (DESIGN CHAINAGE KM. 96.300 TO 129.300) INCLUDING BATH,MoRTH,N24001931,3-2022,2/2025,N.A.,2/2025,536.00,N.A.,536.00,393.81,97.92
ANDHRA PRADESH,ROAD TRANSPORT AND HIGHWAYS,40,2L+PS FROM KM. 0+000 TO KM. 32+000 (MUDIGUBBA TO PUTTAPARTHI) OF NH-342,MoRTH,N24001932,3-2022,9/2024,N.A.,3/2025,401.72,N.A.,401.72,173.24,71
ANDHRA PRADESH,ROAD TRANSPORT AND HIGHWAYS,41,MULAKALACHERUVU TO MADANAPALLE SECTION OF NH42 FROM KM 202.050 TO KM 245.640 EXCLUDING RETAINED STRE,MoRTH,N24001933,12-2021,12/2024,N.A.,12/2024,480.10,N.A.,480.10,443.87,97
ANDHRA PRADESH,ROAD TRANSPORT AND HIGHWAYS,42,NH440 RAYACHOTY TOVEMPALLI 2LPS,MoRTH,N24001934,1 2 - 2 0 2 1,5 / 2 0 2 4,N.A.,7/2025,439.82,N.A.,439.82,193.63,27
ANDHRA PRADESH,ROAD TRANSPORT AND HIGHWAYS,43,4 LANE WITH PAVED SHOULDER FROM KM 0.000 TO KM 51.119 OF TADIPATRI TO MUDDANUR OF NH67,MoRTH,N24001935,3-2022,8/2025,N.A.,8/2025,724.17,N.A.,724.17,381.46,85
ANDHRA PRADESH,ROAD TRANSPORT AND HIGHWAYS,44,NH165 FROM KM 0.000 TO KM 64.020 PAMARRU TO AKIVEEDU SECTION TO TWO LANE WITH PAVED SHOULDERS,MoRTH,N24001939,3-2020,9/2023,N.A.,12/2025,529.24,N.A.,529.24,312.17,51.78
ANDHRA PRADESH,ROAD TRANSPORT AND HIGHWAYS,45,2LPS FROM KM36.400 TO KM. 107.224 OF NH167BG FROM DUTTALUR TO KAVALI SECTION,MoRTH,N24001942,3-2021,7/2024,N.A.,3/2025,423.67,N.A.,423.67,228.15,69.82
ANDHRA PRADESH,ROAD TRANSPORT AND HIGHWAYS,46,NH167B FROM KM 99.103 CS PURAM TO KM 143.320 MALAKONDA TO 2LPS,MoRTH,N24001949,12-2021,3/2024,N.A.,1/2025,277.30,N.A.,277.30,195.88,98
ANDHRA PRADESH,ROAD TRANSPORT AND HIGHWAYS,47,NH167B FROM KM.143.320 MALAKONDA TO 189.050 SINGARAYAKONDA ON NH 16 TO TWO LANE WITH PAVED SHOULDERS,MoRTH,N24001950,3-2021,2/2025,N.A.,2/2025,369.81,N.A.,369.81,274.07,86.55
ANDHRA PRADESH,ROAD TRANSPORT AND HIGHWAYS,48,NH167AD FROM MACHERLA TO DACHEPALLI FROM KM.0.000 TO 43.659 TO 2LPS,MoRTH,N24001951,1-2022,1/2025,N.A.,1/2025,403.22,N.A.,403.22,262.08,88
ANDHRA PRADESH,ROAD TRANSPORT AND HIGHWAYS,49,NH 167 B KADAPA NELLORE BORDER TO CSPURAM I.E. FROM KM 58.635 TO KM 99.409,MoRTH,N24001952,3-2022,8/2025,N.A.,8/2025,285.50,N.A.,285.50,155.73,75
ANDHRA PRADESH,ROAD TRANSPORT AND HIGHWAYS,50,NH-30-BHADRACHALAM TO KONTA SECTION 2LPS,MoRTH,N24001953,12-2021,9/2024,N.A.,3/2025,388.71,N.A.,388.71,199.43,75
ANDHRA PRADESH,ROAD TRANSPORT AND HIGHWAYS,51,WIDENING TO 2LPS OF RAMPACHODAVARAM - KOYYURU SECTION OF NH516E FROM KM.43.700 TO KM 113.820,MoRTH,N24001954,3-2022,1/2025,N.A.,1/2025,568.12,N.A.,568.12,334.73,86
ANDHRA PRADESH,ROAD TRANSPORT AND HIGHWAYS,52,GUDIWADA TOWN 2 LANE ROB AND ROAD IMPROVEMENT OF NH165 IN REPLACEMENT OF LC NO 3ESPL3 AT KM 231.700,MoRTH,N24001955,3-2022,5/2025,N.A.,5/2025,317.22,N.A.,317.22,181.63,52
ANDHRA PRADESH,ROAD TRANSPORT AND HIGHWAYS,53,2LPS FROM GONDIGUDA TO ARAKU BHALLAGUDA KM 27.480 TO KM 51.772 SECTION OF NH 516E,MoRTH,N24001956,8-2020,9/2023,N.A.,12/2024,296.66,N.A.,296.66,216.41,79
ANDHRA PRADESH,ROAD TRANSPORT AND HIGHWAYS,54,2LPS OF KOYYURU TO CHAPRATHIPALEM SECTION OF NH 516E,MoRTH,N24001957,8-2020,7/2024,N.A.,3/2025,349.29,N.A.,349.29,157.64,59
ANDHRA PRADESH,ROAD TRANSPORT AND HIGHWAYS,55,2LPS OF CHAPRATHIPALEM TO LAMBASINGI SECTION OF NH 516E,MoRTH,N24001958,8-2020,10/2024,N.A.,3/2025,311.22,N.A.,311.22,108.54,52
ANDHRA PRADESH,ROAD TRANSPORT AND HIGHWAYS,56,4 LANE FROM KM 56.400 TO KM 120.300 FROM B.KOTHAPALLI JUNCTION TO GORANTLA OF NH 716G,MoRTH,N24001959,3-2022,9/2025,N.A.,9/2025,839.98,N.A.,839.98,286.82,52
ANDHRA PRADESH,ROAD TRANSPORT AND HIGHWAYS,57,4L GREENFIELD ROAD CONNECTING NORTH AND SOUTH INDUSTRIAL CLUSTER OF KHANDALERU CREEK NEAR KRISHNAPAT,NHAI,N24001979,8-2022,9/2025,N.A.,9/2025,609.43,N.A.,609.43,25.24,32.18
ANDHRA PRADESH,ROAD TRANSPORT AND HIGHWAYS,58,4 LANING OF NH 544D FROM EXISTING KM 346.300 OF NH 44 (DESIGN CHAINAGE KM 0.000) TO KM 39.380 (DESIG,NHAI,N24001980,10-2022,7/2025,N.A.,7/2025,907.76,N.A.,907.76,305.83,63.05
ANDHRA PRADESH,ROAD TRANSPORT AND HIGHWAYS,59,CONSTRUCTION OF SIX LANING OF NAIDUPETA JUNCTION - TURPUKANUPUR SECTION FROM KM.57+046 TO KM.91+927,NHAI,N24001981,7-2022,10/2025,N.A.,10/2025,"1,398.84",N.A.,"1,398.84",58.68,8.66
ANDHRA PRADESH,ROAD TRANSPORT AND HIGHWAYS,60,4L PS FROM KURNOOL (EXISTING KM. 5.400 OF NH-40/DESIGN KM.0.000) TO MANDLEM (EXISTING KM.38.000/DESI,NHAI,N24001982,3-2023,10/2025,N.A.,10/2025,827.39,N.A.,827.39,302.35,95
ANDHRA PRADESH,ROAD TRANSPORT AND HIGHWAYS,61,4 LANING FROM EXISTING KM 39.380 (DESIGN CH. 37.000) TO KM 74.450 (DESIGN CH. 69.000) OF MUCHUKOTA ?,NHAI,N24001983,10-2022,8/2025,N.A.,8/2025,972.63,N.A.,"1,055.23",234.42,41.05
ANDHRA PRADESH,ROAD TRANSPORT AND HIGHWAYS,62,4L PS FROM MANDLEM (EXISTING KM. 38.000/DESIGN KM.30.600) TO ATMAKUR (EXISTING KM.73.000/DESIGN KM 6,NHAI,N24001984,3-2023,10/2025,N.A.,10/2025,887.28,N.A.,887.28,144.88,40
ANDHRA PRADESH,ROAD TRANSPORT AND HIGHWAYS,63,BANGALORE CHENNAI EXPRESSWAY (PHASE- II PKG-II) FROM KM.96.000 TO KM 127.000 (BAIREDDYPALLE TO BANGAR,NHAI,N24001985,3-2021,6/2025,N.A.,6/2025,"1,942.94","2,171.00","2,171.00","1,099.84",44.2
ANDHRA PRADESH,ROAD TRANSPORT AND HIGHWAYS,64,4L OF PILERU TO KALUR SECTION FROM KM 55.900 TO KM 92.800 AND KM 94.500 TO KM 95.717,NHAI,N24001986,10-2023,4/2025,N.A.,4/2025,"1,047.32",N.A.,"1,047.32",277.21,73.2
ANDHRA PRADESH,ROAD TRANSPORT AND HIGHWAYS,65,"CONSTRUCTION OF 1 NOS ROB, 2 NOS VUPS, SERVICE ROADS, PROVISION OF LIGHTING AND CONSTRUCTION OF OTHE",NHAI,N24001987,6-2023,12/2024,N.A.,12/2024,152.05,N.A.,152.05,112.00,71.14
ANDHRA PRADESH,ROAD TRANSPORT AND HIGHWAYS,66,6L OF CHITTOOR TO THATCHUR FROM KUMARAJAPET TO VEERA KAVERI RAJA PURAM FROM KM 43.800 TO KM 61.380 O,NHAI,N24001988,2-2021,10/2025,N.A.,10/2025,591.99,703.00,703.00,284.63,44.03
ANDHRA PRADESH,ROAD TRANSPORT AND HIGHWAYS,67,CONSTRUCTION OF 4 LANE ACCESS CONTROLLED HIGHWAY FROM CHILLAKURU CROSS ROAD TO TURPUKANUPUR KM 0+000,NHAI,N24002033,7-2022,12/2025,N.A.,12/2025,909.47,N.A.,909.47,97.03,18.38
ANDHRA PRADESH,ROAD TRANSPORT AND HIGHWAYS,68,COMPLETION OF BALANCE WORKS PENDING IN BIT AND PIECES (INCOMPLETE STRETCH AT 7 LOCATIONS) AND LISTED,NHAI,N24002103,9-2022,1/2025,N.A.,1/2025,166.52,N.A.,166.52,44.07,75.16
ANDHRA PRADESH,ROAD TRANSPORT AND HIGHWAYS,69,6L ACCESS CONTROLLED GREENFIELD HIGHWAY FROM NARAYANMPET (CH. 203+500) TO CHANDRASEKHARPURAM (CH. 22,NHAI,N24002122,2-2024,2/2026,N.A.,2/2026,813.66,N.A.,813.66,35.22,7.76
ANDHRA PRADESH,ROAD TRANSPORT AND HIGHWAYS,70,6L ACCESS CONTROLLED GREENFIELD HIGHWAY FROM CHANDRASEKHARAPURAM (CH. 228+000) TO POLAVARAM (CH. 260,NHAI,N24002123,2-2024,2/2026,N.A.,2/2026,"1,292.65",N.A.,"1,292.65",89.52,6.13
ANDHRA PRADESH,ROAD TRANSPORT AND HIGHWAYS,71,6L ACCESS CONTROLLED GREENFIELD HIGHWAY FROM POLAVARAM (CH. 260+000) TO MARRIPUDI (CH. 285+500) OF [,NHAI,N24002124,2-2024,2/2026,N.A.,2/2026,747.29,N.A.,747.29,73.63,7.8
ANDHRA PRADESH,ROAD TRANSPORT AND HIGHWAYS,72,6L ACCESS CONTROLLED GREENFIELD HIGHWAY FROM MARRIPUDI (CH. 285+500) TO SOMAVARAPPADU (CH. 314+600),NHAI,N24002125,2-2024,2/2026,N.A.,2/2026,976.40,N.A.,976.40,161.92,23.98
ANDHRA PRADESH,ROAD TRANSPORT AND HIGHWAYS,73,6L ACCESS CONTROLLED GREENFIELD HIGHWAY FROM SOMAVARAPPADU (CH.314.600) TO MUPPAVARAM (CH.343+240) O,NHAI,N24002126,2-2024,2/2026,N.A.,2/2026,"1,103.89",N.A.,"1,103.89",54.54,0.81
ANDHRA PRADESH,ROAD TRANSPORT AND HIGHWAYS,74,4-LANE WITH PAVED SHOULDERS FROM KM 32/0 TO KM 79/650 (DESIGN CHAINAGE KM 32+000 TO KM 78+760) PUTTA,MoRTH,N24002139,3-2023,12/2025,N.A.,11/2025,"1,318.57",N.A.,"1,318.57",284.28,41
ANDHRA PRADESH,ROAD TRANSPORT AND HIGHWAYS,75,SOMAYAJULAPALLI ? DHONE SECTION OF NH ? 340B FROM KM.0/0 TO 56/200 [DESIGN CH. KM 0/00 TO KM 53/33],MoRTH,N24002140,4-2023,12/2025,N.A.,12/2025,629.73,N.A.,629.73,220.10,47
ANDHRA PRADESH,ROAD TRANSPORT AND HIGHWAYS,76,2 LANE WITH PAVED SHOULDER CONFIGURATION FROM SEETHARAMAPURAM TO DUTTALURU SECTION OF NH-167 BG FROM,MoRTH,N24002141,6-2023,7/2025,N.A.,7/2025,364.07,N.A.,364.07,170.37,80
ANDHRA PRADESH,ROAD TRANSPORT AND HIGHWAYS,77,2-LANE WITH PAVED SHOULDER CONFIGURATION OF LAMBASINGI TO PADERU SECTION (KM 205+000 TO KM 253+974),MoRTH,N24002142,8-2023,11/2025,N.A.,11/2025,361.24,N.A.,361.24,34.23,15
ANDHRA PRADESH,ROAD TRANSPORT AND HIGHWAYS,78,BYPASS ROAD TO ADONI TOWN CONNECTING NH-167 (HAGARI - JADCHARLA ROAD) FROM KM.62/700 TO 71/400 IN KU,MoRTH,N24002143,8-2023,2/2026,N.A.,2/2026,361.24,N.A.,361.24,76.08,35
ANDHRA PRADESH,ROAD TRANSPORT AND HIGHWAYS,79,VODAREVU-CHILAKALURIPET SECTION (DESIGN CHAINAGE 0+00 TO 47+000) OF NH- 167A (PACKAGE-I),MoRTH,N24002144,8-2023,2/2026,N.A.,2/2026,"1,064.24",N.A.,"1,064.24",295.03,50
ANDHRA PRADESH,ROAD TRANSPORT AND HIGHWAYS,80,TADIPATRI BYPASS (KM 0+000 TO KM 6+285) OF 4-LANE ON NH-67 IN ANANTAPURAMU,MoRTH,N24002145,11-2023,3/2026,N.A.,3/2026,159.66,N.A.,159.66,60.76,64
ANDHRA PRADESH,ROAD TRANSPORT AND HIGHWAYS,81,KURNOOL/KADAPA BORDER- JAMMALAMADUGU SECTION OF NH-167K I.E. DESIGN CH. KM 248+010 TO KM 269+900,MoRTH,N24002146,11-2023,11/2025,N.A.,11/2025,292.63,N.A.,292.63,9.00,0
ANDHRA PRADESH,ROAD TRANSPORT AND HIGHWAYS,82,DORNALA TO KUNTA JUNCTION FROM DESIGN CHAINAGE KM 244+000 TO 267+990 SECTION OF NH-765 (PACKAGE-2),MoRTH,N24002147,12-2022,1/2024,N.A.,3/2026,244.83,N.A.,244.83,68.23,40
ANDHRA PRADESH,ROAD TRANSPORT AND HIGHWAYS,83,PADERU BYPASS (KM 0+000 TO KM 13+000) OF 2- LANE WITH PAVED SHOULDER ON NH- 516E,MoRTH,N24002148,3-2023,3/2024,N.A.,2/2026,244.43,N.A.,244.43,22.77,0
ANDHRA PRADESH,ROAD TRANSPORT AND HIGHWAYS,84,DAVUALAPALLY TO MALLAPALEM SECTION {DESIGN CH. KM 133+922 TO KM 154+216 (EXISTING CH. KM 133+922 TO,MoRTH,N24002149,1-2024,2/2024,N.A.,2/2026,393.61,N.A.,393.61,41.66,0
ANDHRA PRADESH,ROAD TRANSPORT AND HIGHWAYS,85,REHABILITATION AND UPGRADATION OF NH- 219 FROM KM 58-600 TO KM 140-750 IN THE STATE OF ANDHRA PRADES,MoRTH,N24000301,3-2015,10/2015,May-21,5/2021,271.45,N.A.,271.45,238.23,100
ANDHRA PRADESH,ROAD TRANSPORT AND HIGHWAYS,86,CONSTRUCTION OF SIX LANING OF DEDICATED PORT ROAD TO KRISHNAPATNAM PORT (PACKAGE-I) KM 0+000 TO KM 1,NHAI,N24000811,3-2018,12/2020,Dec-22,12/2024,314.43,N.A.,348.72,85.61,65.4
ANDHRA PRADESH,ROAD TRANSPORT AND HIGHWAYS,87,REHABILITATION AND UPGRADATION OF EXISTING NH-167 FROM KM 14.900 TO KM 70.00 (DESIGN CH.14.900 TO 69,MoRTH,N24000931,11-2016,5/2017,N.A.,11/2024,290.15,N.A.,236.16,205.02,89.86
ANDHRA PRADESH,ROAD TRANSPORT AND HIGHWAYS,88,REHABILITATION AND UPGRADATION OF NEW NH-544DD FROM DESIGN CHAINAGE KM 56.00 TO 102.20 OF KALYANDURG,MoRTH,N24000937,3-2018,8/2018,N.A.,11/2024,289.67,290.00,285.29,254.19,98.5
ANDHRA PRADESH,ROAD TRANSPORT AND HIGHWAYS,89,CONSTRUCTION OF TIMMAPURAM TO GURJANAPALLE SECTION FROM KM 26.150 TO 41.161 OF NH-214(NH216)(KAKINAD,MoRTH,N24000964,8-2016,1/2017,N.A.,5/2025,350.61,N.A.,411.18,457.55,98
ANDHRA PRADESH,ROAD TRANSPORT AND HIGHWAYS,90,CONSTRUCTION OF 2L+PS FROM PASARLAPUDI-DHINDI (105/700 TO 127.500 OF NH-214) OF NH-216,MoRTH,N24000969,1-2017,9/2017,N.A.,3/2025,263.45,N.A.,263.45,246.85,85
ANDHRA PRADESH,ROAD TRANSPORT AND HIGHWAYS,91,6-LANING OF VIJAYAWADA BYPASS FROM GOLLAPUDI (DESIGN CH. 30+000) TO CHINNAKAKANI (DESIGN CH. 47+881),NHAI,N24001301,11-2019,1/2024,N.A.,7/2024,"1,601.10",N.A.,"1,601.10","1,265.04",80.66
ANDHRA PRADESH,ROAD TRANSPORT AND HIGHWAYS,92,REHABILITATION AND UPGRADATION TO 2- LANE WITH PAVED SHOULDERS CONFIGURATION OF PADERU-GONDIGUDA SECT,MoRTH,N24001386,8-2020,3/2021,N.A.,10/2024,222.61,N.A.,222.61,147.53,89
ANDHRA PRADESH,ROAD TRANSPORT AND HIGHWAYS,93,CONSTRUCTION OF 4 LANE ACCESS CONTROLLED NEW GREENFIELD HIGHWAY SECTION OF NH 365BG FROM RECHARLA VI,NHAI,N24001476,9-2021,9/2022,Sep-24,5/2025,517.05,N.A.,655.06,538.14,69.97
ANDHRA PRADESH,ROAD TRANSPORT AND HIGHWAYS,94,CONSTRUCTION OF 4 LANE ACCESS CONTROLLED NEW GREENFIELD HIGHWAY SECTION OF NH-365BG (KHAMMAM-DEVARAP,NHAI,N24001477,9-2021,9/2022,Sep-24,6/2025,622.00,N.A.,817.91,514.19,58.32
ANDHRA PRADESH,ROAD TRANSPORT AND HIGHWAYS,95,6L OF CHILKARARUPET BYPASS FROM KM. 357.400 TO KM. 371.920 OF NH-16,NHAI,N24001817,2-2019,3/2023,Oct-24,10/2024,757.45,N.A.,757.45,589.94,95.02
ANDHRA PRADESH,ROAD TRANSPORT AND HIGHWAYS,96,6L OF PONDAVAKKAM TO KANNIGAIPAIR FROM KM 96.040 TO KM 116.100 OF NH 716B (PKG-IV),NHAI,N24001818,2-2021,1/2025,N.A.,1/2025,818.73,N.A.,"1,105.00",347.24,20.5
ANDHRA PRADESH,ROAD TRANSPORT AND HIGHWAYS,97,6L OF VEERA KAVERI RAJA PURAM TO PONDAVAKKAM FROM KM 61.380 TO KM 96.040 OF NH 716B (PKG-III),NHAI,N24001819,3-2021,1/2025,N.A.,1/2025,"1,102.63",N.A.,"1,303.00",842.26,80.87
ANDHRA PRADESH,ROAD TRANSPORT AND HIGHWAYS,98,6L OF VARADHARAJULA TO KUMARAJAPET FROM KM 0.000 TO KM 43.800 OF NH-716B (PKG-I),NHAI,N24001820,2-2021,12/2024,N.A.,12/2024,"1,484.83",N.A.,"1,768.00","1,041.05",69.09
ANDHRA PRADESH,ROAD TRANSPORT AND HIGHWAYS,99,BANGALORE CHENNAI EXPRESSWAY (PHASE- II PKG-III) FROM KM.127.000 TO KM 156.000 (BANGARUPALEM TO GUDIP,NHAI,N24001821,11-2020,10/2024,N.A.,10/2024,"1,137.74",N.A.,"1,289.00",966.72,90.08
ANDHRA PRADESH,ROAD TRANSPORT AND HIGHWAYS,100,BANGALORE CHENNAI EXPRESSWAY (PHASE- II PKG-I) FROM KM.71.000 TO KM 96.000 (BETHAMANGALA IN THE STATE,NHAI,N24001822,12-2020,10/2024,N.A.,10/2024,"1,075.27",N.A.,"1,307.00",840.36,69.45
ANDHRA PRADESH,ROAD TRANSPORT AND HIGHWAYS,101,4L OF MADANAPALLE TO PILERU SECTION FROM KM 0.000 TO KM 55.900 OF NH- 71(PACKAGE-I) - N/05060/01002/A,NHAI,N24001823,1-2022,1/2025,Jan-23,1/2025,"1,852.12",N.A.,"1,787.00",684.25,74
ANDHRA PRADESH,ROAD TRANSPORT AND HIGHWAYS,102,RENIGUNTA - POYYA - NAIDUPETA KM 124.60 TO KM 183.4 OF NH 71 - N/04027/06001/AP,NHAI,N24001824,3-2020,1/2024,Dec-24,12/2024,"1,863.09",N.A.,"2,238.00","1,227.61",96.05
ANDHRA PRADESH,ROAD TRANSPORT AND HIGHWAYS,103,6L KANTAKAPALLE ? SABBAVARAM SECTION OF NH-130CD ROAD FROM KM 445.100 TO KM 464.662 (PKG-4),NHAI,N24001836,2-2021,10/2024,N.A.,12/2025,824.29,N.A.,924.00,391.84,62.5
ANDHRA PRADESH,ROAD TRANSPORT AND HIGHWAYS,104,6L JAKKUVA ? KORLAM SECTION OF NH- 130CD ROAD FROM KM 396.800 TO KM 421.100 (PKG 2),NHAI,N24001837,2-2021,3/2024,Jul-24,3/2025,663.60,N.A.,768.00,342.50,96.22
ANDHRA PRADESH,ROAD TRANSPORT AND HIGHWAYS,105,6L ALURU - JAKKUVA SECTION OF NH-130CD ROAD FROM KM 365.033 TO KM 396.800 (PKG. 1),NHAI,N24001838,2-2021,3/2024,N.A.,4/2025,922.50,N.A.,"1,128.68",416.22,72.91
ANDHRA PRADESH,ROAD TRANSPORT AND HIGHWAYS,106,6L ACCESS CONTROLLED GREENFIELD HIGHWAY FROM KODUR 0.000 KMS TO VANAVOLU 24.300 KMS OF NH 544G PACKA,NHAI,N24001841,12-2022,9/2025,N.A.,2/2026,912.94,N.A.,912.94,178.95,37.21
ANDHRA PRADESH,ROAD TRANSPORT AND HIGHWAYS,107,6L ACCESS CONTROLLED GREENFIELD HIGHWAY FROM VANAVOLU 24.300 KM. TO VANKARAKUNTA 45.700 KM. OF NH 5,NHAI,N24001842,12-2022,11/2025,N.A.,11/2025,750.81,N.A.,750.81,122.50,31.24
ANDHRA PRADESH,ROAD TRANSPORT AND HIGHWAYS,108,6L ACCESS CONTROLLED GREENFIELD HIGHWAY FROM VANKARAKUNTA 45.700 KM. TO ODULAPALLE 72.000 KM. OF NH,NHAI,N24001843,12-2022,11/2025,N.A.,11/2025,992.89,N.A.,992.89,128.64,26.12
ANDHRA PRADESH,ROAD TRANSPORT AND HIGHWAYS,109,6L ACCESS CONTROLLED GREENFIELD HIGHWAY FROM ODULAPALLE 72.000 KM. TO NALLACHERUVUPALLI 96.300 KM.,NHAI,N24001844,12-2022,10/2025,N.A.,10/2025,"1,058.90",N.A.,"1,058.90",171.80,31.3
ANDHRA PRADESH,ROAD TRANSPORT AND HIGHWAYS,110,6L ACCESS CONTROLLED GREENFIELD HIGHWAY FROM NALLACHERUVU PALLI 96.300 KM. TO YERRAGUDIPADU 129.000,NHAI,N24001845,2-2023,10/2025,N.A.,10/2025,"1,253.24",N.A.,"1,253.24",112.77,7.2
ANDHRA PRADESH,ROAD TRANSPORT AND HIGHWAYS,111,6L ACCESS CONTROLLED GREENFIELD HIGHWAY FROM YERRAGUDIPADU 129.000 KM. TO AUDIREDDIPALLE 160.000 KM.,NHAI,N24001846,2-2023,10/2025,N.A.,10/2025,"1,200.42",N.A.,"1,200.42",57.89,3.2
ANDHRA PRADESH,ROAD TRANSPORT AND HIGHWAYS,112,6L ACCESS CONTROLLED GREENFIELD HIGHWAY FROM AUDIREDDIPALLE 160.000 KM. TO MALLAPALLE 176.000 KM. PA,NHAI,N24001847,1-2023,11/2025,N.A.,11/2025,956.14,N.A.,956.14,135.37,26.9
ANDHRA PRADESH,ROAD TRANSPORT AND HIGHWAYS,113,6L ACCESS CONTROLLED GREENFIELD HIGHWAY FROM MALLAPALLE 176.000 KM. TO KAVULAKUNTLA 196.000 KM. PACK,NHAI,N24001848,2-2023,10/2025,N.A.,10/2025,909.02,N.A.,909.02,63.32,7.85
ANDHRA PRADESH,ROAD TRANSPORT AND HIGHWAYS,114,4L PS MYDUKUR BADVEL FROM KM 585.820 TO KM 630.960 SECTION OF NH 67,NHAI,N24001849,5-2022,7/2025,N.A.,9/2025,"1,063.72",N.A.,"1,063.72",382.11,52.47
ANDHRA PRADESH,ROAD TRANSPORT AND HIGHWAYS,115,CONSTRUCTION OF 4-LANE HIGHWAY FROM SAMARLAKOTA TO ACHAMPETA JUNCTION (FROM KM. 0.000 TO KM. 12.250,NHAI,N24001856,5-2023,8/2025,N.A.,8/2025,648.75,N.A.,648.75,148.70,38.33
ANDHRA PRADESH,WATER RESOURCES,116,POLAVARAM IRRIGATION PROJECT,PPA,N30000002,2 - 2 0 0 9,3 / 2 0 2 0,N.A.,3/2026,"10,151.04",N.A.,"55,548.87","21,670.32",77.23
ARUNACHAL,CIVIL AVIATION,117,CONSTRUCTION OF NEW GREEN FIELD AIRPORT AT HOLLONGI ITANAGAR ARUNACHAL PRADESH,AAI,N04000092,2-2019,8/2022,Mar-25,3/2025,645.63,N.A.,712.15,675.61,99
ARUNACHAL,POWER,118,SUBANSIRI LOWER H.E.P (8X250 MW) (NHPC),NHPC,180100221,9 - 2 0 0 3,9 / 2 0 1 0,N.A.,5/2026,"6,285.33",N.A.,"26,075.54","22,930.85",94.48
ARUNACHAL,POWER,119,DIBANG MULTIPURPOSE PROJECT 2880 MW ARUNACHAL PRADESH,NHPC,N18000362,2-2023,2/2032,N.A.,2/2032,"31,876.39",N.A.,"31,876.39","2,779.12",13.75
ARUNACHAL,ROAD TRANSPORT AND HIGHWAYS,120,TWO LANING OF JORAM KOLORIANG ROAD (NH 713) ON EPC BASIS FROM DESIGN KM. 138+000 TO KM. 154+036 [EX,NHIDCL,N24000683,2-2017,11/2023,Mar-24,12/2024,180.57,244.10,180.57,158.72,94.85
ARUNACHAL,ROAD TRANSPORT AND HIGHWAYS,121,CONSTRUCTION OF TWO LANE WITH PAVED SHOULDERS OF JORAM KOLORIANG ROAD (NH 713) ON EPC BASIS FROM EXI,NHIDCL,N24000685,2-2017,4/2022,Nov-23,11/2023,167.28,N.A.,167.28,145.20,100
ARUNACHAL,ROAD TRANSPORT AND HIGHWAYS,122,CONSTRUCTION OF 2-LANE ROAD WITH PAVED SHOULDERS FROM KM16.00 OF ROING- HUNLI SECTION TO KM 21.500 OF,NHIDCL,N24000946,3-2017,3/2022,Jun-25,6/2025,"1,718.59","1,718.59","1,718.59",693.18,69.8
ARUNACHAL,ROAD TRANSPORT AND HIGHWAYS,123,CONSTRUCTION OF 2 LANING OF EXISTING HUNLI-ANINI ROAD ON EPC BASIS FROM DESIGN KM 53.500 TO KM 92.50,NHIDCL,N24000948,9-2016,12/2019,Aug-24,9/2024,568.92,568.92,568.92,508.65,100
ARUNACHAL,ROAD TRANSPORT AND HIGHWAYS,124,TWO-LANING OF HAYULIANG? HAWAI BYPASS ROAD ON EPC BASIS FROM DESIGN KM. 51.825 TO KM. 63.131 EXISTI,NHIDCL,N24000979,1-2017,5/2023,May-23,3/2025,256.66,N.A.,256.66,0.00,63.59
ARUNACHAL,ROAD TRANSPORT AND HIGHWAYS,125,CONSTRUCTION OF 2-LANING WITH HARD SHOULDERS OF ARROWA-KHUPA-HAYULIANG SECTION OF NH-113 FROM CH.68.,NHIDCL,N24001244,8-2020,4/2022,Feb-25,2/2025,301.06,N.A.,301.06,150.65,68.05
ARUNACHAL,ROAD TRANSPORT AND HIGHWAYS,126,CONSTRUCTION OF 2 LANE ROAD OF POTIN TO PANGIN SECTION OF NH 13 FROM KM 77.95 TO KM 117.56 (PACKAGE,MoRTH,N24001291,3-2019,3/2027,N.A.,3/2027,421.48,N.A.,421.48,365.83,100
ARUNACHAL,ROAD TRANSPORT AND HIGHWAYS,127,CONSTRUCTION OF 2 LANE ROAD OF POTIN TO PANGIN SECTION OF NH 13 FROM KM 117.56 TO KM 163.59 (PACKAGE,MoRTH,N24001292,3-2019,3/2027,N.A.,3/2027,543.05,N.A.,600.00,588.85,100
ARUNACHAL,ROAD TRANSPORT AND HIGHWAYS,128,CONSTRUCTION OF 2 LANE ROAD OF POTIN TO PANGIN SECTION OF NH 13 FROM KM 206.66 TO KM 247.05 (PACKAGE,MoRTH,N24001293,3-2019,3/2027,N.A.,3/2027,486.70,N.A.,486.70,480.44,100
ARUNACHAL,ROAD TRANSPORT AND HIGHWAYS,129,CONSTRUCTION OF 2 LANE ROAD OF POTIN TO PANGIN SECTION OF NH 13 FROM KM 163.59 TO KM 206.66 (PACKAGE,MoRTH,N24001297,3-2019,3/2027,N.A.,3/2027,450.65,N.A.,450.65,389.68,95.26
ARUNACHAL,ROAD TRANSPORT AND HIGHWAYS,130,BALANCE WORK 2-LANING OF LALPUL MANMAO CHANGLANG ROAD (NH-215) ON EPC MODE IN THE STATE OF ARUNACH,MoRTH,N24001372,2-2021,3/2024,Dec-24,12/2024,588.09,N.A.,588.09,496.88,100
ARUNACHAL,ROAD TRANSPORT AND HIGHWAYS,131,4-LANING OF ITANAGAR TO BANDARDEWA SECTION OF NH-415 FROM KM 51+700 TO KM 59+199 (PACKAGE-C) ON EPC,MoRTH,N24001374,6-2020,3/2027,N.A.,3/2027,437.60,N.A.,437.60,365.93,100
ARUNACHAL,ROAD TRANSPORT AND HIGHWAYS,132,4 LANING OF ITANAGAR TO BANDARDEWA SECTION OF NH-415 FROM KM 40+430 TO KM 51+735 (PACKAGE B) ON EPC,MoRTH,N24001375,6-2020,3/2027,N.A.,3/2027,496.47,N.A.,496.47,158.61,36.13
ARUNACHAL,ROAD TRANSPORT AND HIGHWAYS,133,JORAM ? KOLORIANG ROAD FROM EXISTING KM 50.050 TO KM 70.00 (PKG-3),NHIDCL,N24001390,8-2020,4/2022,Aug-24,9/2024,228.71,N.A.,228.71,98.86,99.52
ARUNACHAL,ROAD TRANSPORT AND HIGHWAYS,134,JORAM ? KOLORIANG ROAD FROM EXISTING KM 70.00 TO KM 88.700 (PKG-4),NHIDCL,N24001391,8-2020,4/2022,Feb-24,9/2024,294.04,N.A.,294.04,147.13,100
ARUNACHAL,ROAD TRANSPORT AND HIGHWAYS,135,JORAM ? KOLORIANG ROAD FROM EXISTING KM122.600 TO KM138.00 (PKG-7),NHIDCL,N24001393,8-2020,4/2022,Feb-24,12/2024,184.88,N.A.,184.88,97.69,95.84
ASSAM,CIVIL AVIATION,136,CONSTRUCTION OF NEW INTEGRATED TERMINAL BUILDING AT LGBI AIRPORT GUWAHATI,AAI,N04000083,12-2016,3/2021,N.A.,5/2025,"1,142.00",N.A.,"2,333.00","1,550.25",74.55
ASSAM,HEALTH AND FAMILY WELFARE,137,"ALL INDIA INSTITUTE OF MEDICAL SCIENCE AT GUWAHATI, ASSAM",HITES,N21000027,5-2017,5/2021,Apr-23,11/2024,875.00,873.92,860.00,769.30,99.19
ASSAM,PETROLEUM,138,DEVELOPMENT OF SURFACE FACILITIES FOR PRODUCTION AND EVACUATION OF CRUDE OIL AND NATURAL GAS FROM NA,OIL,N16000331,1-2018,2/2020,Dec-24,6/2025,543.91,N.A.,670.90,491.56,93.88
ASSAM,PETROLEUM,139,NUMALIGARH REFINERY EXPANSION PROJECT 6 MMTPA REFINARY,NRL,N16000379,1-2019,10/2024,N.A.,12/2025,"12,366.00",N.A.,"18,968.00","14,664.95",67.78
ASSAM,PETROLEUM,140,NUMALIGARH REFINERY EXPANSION PROJECT COIT AND PIPELINES,NRL,N16000394,1-2019,10/2024,N.A.,9/2025,"10,228.00",N.A.,"9,058.00","8,666.27",80.89
ASSAM,PETROLEUM,141,EXPANSION OF GUWAHATI REFINERY FROM 1 TO 1.2 MMTPA ALONG WITH INSTALLATION OF CATALYTIC REFORMING UN,IOCL,N16000414,5-2021,10/2023,Feb-25,5/2026,412.00,509.84,509.84,363.35,79.9
ASSAM,PETROLEUM,142,"REVAMPING OF FACILITIES AT EXISTING GUWAHATI TERMINAL, ASSAM",IOCL,N16000441,3-2022,7/2026,Sep-26,9/2026,277.00,N.A.,277.00,159.20,56.4
ASSAM,PETROLEUM,143,UPGRADATION OF FACILITIES OF NUMALIGARH-SILIGURI PRODUCT PIPELINE (NSPL) FOR TRANSPORTATION OF ADDIT,OIL,N16000449,6-2021,12/2024,Apr-25,4/2025,860.00,N.A.,860.00,467.22,91.4
ASSAM,PETROLEUM,144,"PROJECT TO CONSTRUCT A FIELD GAS GATHERING STATION AT BAGHJAN AREA FOR COLLECTION,PROCESSING",OIL,N16000450,12-2020,7/2024,Mar-24,6/2025,430.76,N.A.,430.76,279.32,74.83
ASSAM,PETROLEUM,145,CAPACITY EXPANSION OF DIGBOI REFINERY FROM 0.65 TO 1.0 MMTPA,IOCL,N16000457,6-2022,10/2025,N.A.,3/2026,768.00,N.A.,768.00,64.39,11.9
ASSAM,PETROLEUM,146,"CONSTRUCTION OF LPG FACILITIES AT KAMARDANGA, ASSAM",HPCL,N16000484,3-2023,7/2027,Jul-27,7/2027,156.36,156.36,156.36,14.55,16
ASSAM,PETROLEUM,147,"SETTING UP OF NEW RAIL FED POL FACILITY AT KAMARDANGA, ASSAM",HPCL,N16000494,3-2023,7/2027,Jul-27,7/2027,384.04,N.A.,384.04,52.30,13
ASSAM,PETROLEUM,148,POWER RECOVERY TURBINE IN PFCCU,NRL,N16000510,3 - 2 0 2 3,7 / 2 0 2 5,N.A.,7/2025,293.50,N.A.,293.50,56.33,85
ASSAM,PETROLEUM,149,DCU REVAMP PROJECT,NRL,N16000511,8 - 2 0 2 1,3 /2025,N.A.,10/2025,370.00,N.A.,370.00,182.65,40.3
ASSAM,PETROLEUM,150,PIPELINE NETWORK PROJECT RUDRASAGAR,ONGC,N16000528,1 - 2 0 2 3,4 / 2 0 2 6,N.A.,4/2026,344.99,N.A.,344.99,140.01,41.4
ASSAM,PETROLEUM,151,BORHOLLA GGS LIFE EXTENSION PROJECT,ONGC,N16000532,9 - 2 0 2 3,5 / 2 0 2 6,N.A.,5/2026,198.70,N.A.,198.70,3.15,5.5
ASSAM,RAILWAYS,152,BONGAIGAON-GOALPARA-GUWAHATI (176 KM),NFR,N22000388,4-2015,3/2022,N.A.,3/2027,"2,232.32",N.A.,"4,983.94","3,537.78",92.25
ASSAM,ROAD TRANSPORT AND HIGHWAYS,153,WIDENING AND UPGRADATION TO TWO LANES WITH PAVED SHOULDERS ROAD FROM TAMENGLONG TO MAHUR (NH-137) I,NHIDCL,N24001969,3-2023,8/2025,N.A.,8/2025,904.04,N.A.,904.04,343.06,48.5
ASSAM,ROAD TRANSPORT AND HIGHWAYS,154,WIDENING AND UPGRADATION TO TWO LANES WITH PAVED SHOULDERS ROAD FROM TAMENGLONG TO MAHUR (NH-137) IN,NHIDCL,N24001970,3-2023,8/2025,N.A.,8/2025,860.37,N.A.,860.37,317.95,43.3
ASSAM,ROAD TRANSPORT AND HIGHWAYS,155,WIDENING AND UPGRADATION TO TWO LANES WITH PAVED SHOULDERS ROAD FROM TAMENGLONG TO MAHUR (NH-137) IN,NHIDCL,N24001971,3-2023,8/2025,N.A.,8/2025,890.33,N.A.,890.33,377.84,41.3
ASSAM,ROAD TRANSPORT AND HIGHWAYS,156,WIDENING/IMPROVEMENT TO 4-LANE WITH PAVED SHOULDER FROM KM 0+800 (KANDULIJAN GAON) TO KM 27+701 (SI,NHIDCL,N24001972,3-2023,4/2026,N.A.,4/2026,609.16,N.A.,609.16,238.87,76
ASSAM,ROAD TRANSPORT AND HIGHWAYS,157,WIDENING/IMPROVEMENT TO 4-LANE WITH PAVED SHOULDER FROM KM 27+701 (SIMEN CHAPORI) TO KM 55+000 (NAG,NHIDCL,N24001973,3-2023,2/2026,N.A.,2/2026,562.05,N.A.,562.05,219.76,75.9
ASSAM,ROAD TRANSPORT AND HIGHWAYS,158,BILASIPURA-GUWAHATI ROAD PKG-8,NHIDCL,N24002021,3 - 2 0 2 3,1 2 / 2 0 2 6,N.A.,12/2026,"1,457.59",N.A.,"1,457.59",387.52,29.4
ASSAM,ROAD TRANSPORT AND HIGHWAYS,159,BILASIPURA-GUWAHATI ROAD PKG-9,NHIDCL,N24002022,3 - 2 0 2 3,6 / 2 0 2 6,N.A.,6/2026,"1,000.27",N.A.,"1,000.27",240.31,14.8
ASSAM,ROAD TRANSPORT AND HIGHWAYS,160,BILASIPURA-GUWAHATI ROAD PKG-10,NHIDCL,N24002023,3 - 2 0 2 3,6 / 2 0 2 6,N.A.,6/2026,"1,264.90",N.A.,"1,264.90",374.62,16.5
ASSAM,ROAD TRANSPORT AND HIGHWAYS,161,DABOKA BYPASS OF DABOKA - PAROKHAOWA PKG -1,NHIDCL,N24002024,1-2023,11/2025,N.A.,11/2025,516.88,N.A.,516.88,190.90,57.6
ASSAM,ROAD TRANSPORT AND HIGHWAYS,162,2 LANE WITH PAVED SHOULDER FROM KM 16+900 (BOGAPANI) TO KM 27+150 (GOLAI GAON) ON EXISTING DIBRUGARH,NHIDCL,N24002025,1-2023,12/2025,N.A.,12/2026,356.65,N.A.,356.65,117.64,7.9
ASSAM,ROAD TRANSPORT AND HIGHWAYS,163,2 LANE WITH PAVED SHOULDER FROM KM 27+150 (GOLAI GAON) TO KM 47+682 (LEDO) ON EXISTING DIBRUGARH TO,NHIDCL,N24002026,3-2023,12/2025,N.A.,12/2026,643.42,N.A.,643.42,67.40,8.9
ASSAM,ROAD TRANSPORT AND HIGHWAYS,164,DEVELOPMENT OF EXTERNAL TRUNK CONNECTIVITY AND INTERNAL INFRASTRUCTURE WORKS AT MULTI MODEL LOGISTIC,NHIDCL,N24002030,2-2020,3/2022,N.A.,9/2024,592.06,N.A.,592.06,307.89,100
ASSAM,ROAD TRANSPORT AND HIGHWAYS,165,SILCHAR VAIRENGTE SAIRANG ROAD PKG-1,NHIDCL,N24002127,2 - 2 0 2 3,7 / 2 0 2 6,N.A.,7/2026,"1,256.90",N.A.,"1,256.90",398.85,20.5
ASSAM,ROAD TRANSPORT AND HIGHWAYS,166,SILCHAR VAIRENGTE SAIRANG ROAD PKG-2,NHIDCL,N24002128,3 - 2 0 2 3,8 / 2 0 2 6,N.A.,8/2026,"1,716.21",N.A.,"1,716.21",745.26,39.6
ASSAM,ROAD TRANSPORT AND HIGHWAYS,167,FOUR LANNING OF BADARPUR BYPASS FROM DESIGN CHAINAGE KM 27+300 AT CROSSING WITH NH-6,NHIDCL,N24002129,2-2023,8/2026,N.A.,8/2026,574.26,N.A.,574.26,207.60,32.4
ASSAM,ROAD TRANSPORT AND HIGHWAYS,168,TAMENGLONG- MAHUR ROAD PKG-7,NHIDCL,N24002130,1 2 - 2 0 2 3,3 / 2 0 2 6,N.A.,3/2026,846.82,N.A.,846.82,313.20,41.2
ASSAM,ROAD TRANSPORT AND HIGHWAYS,169,CONSTRUCTION OF 4-LANE PANCHGRAM BYPASS FROM DESIGN CHAINAGE KM 15+500 ON NH-37 (OLD NH-53) AT KALIN,NHIDCL,N24002154,3-2023,2/2027,N.A.,2/2027,728.97,N.A.,728.97,123.00,12
ASSAM,ROAD TRANSPORT AND HIGHWAYS,170,WIDENING/IMPROVEMENT TO 4-LANE WITH PAVED SHOULDER FROM KM 55+000 (NAGABANG GAMSUK) TO KM 82+514 (OY,NHIDCL,N24002155,3-2023,3/2027,N.A.,3/2027,665.47,N.A.,665.47,73.06,0
ASSAM,ROAD TRANSPORT AND HIGHWAYS,171,4 LANING OF JORHAT TO JHANJI SECTION FROM KM. 453.00 TO KM. 491.08 (DESIGN KM 403.200 TO KM 454.240),NHIDCL,N24000319,6-2015,8/2023,N.A.,12/2024,437.39,N.A.,437.39,359.75,34.63
ASSAM,ROAD TRANSPORT AND HIGHWAYS,172,FOUR LANING OF JHANJHI JN TO DEMOW SECTION FROM KM. 491.050 TO KM. 535.250(DESIGN KM 490.800 TO KM 5,NHIDCL,N24000320,6-2015,3/2024,N.A.,10/2025,463.49,N.A.,463.49,394.51,15.5
ASSAM,ROAD TRANSPORT AND HIGHWAYS,173,4 LANING FROM JAMUGURI TO BISWANATH CHARIALI FROM KM 182 TO KM 208 OF NH-52,NHIDCL,N24000431,1-1991,6/2019,Jun-19,6/2025,520.01,N.A.,520.01,305.01,90.01
ASSAM,ROAD TRANSPORT AND HIGHWAYS,174,4 LANING FROM RANGAGARA TO KALIABHOR TINALI FROM KM 297.00 TO KM 315.315 OF NH- 37 ON EPC BASIS.,NHIDCL,N24000438,12-2015,12/2018,Jul-21,3/2025,289.99,N.A.,289.99,232.86,87.62
ASSAM,ROAD TRANSPORT AND HIGHWAYS,175,4 LANING OF NH-37 SECTION BETWEEN DEMOW TO END OF MORAN BYPASS (FROM KM. 534.800 TO KM. 561.700) O,NHIDCL,N24000582,1-2016,1/2016,N.A.,2/2025,294.17,N.A.,294.17,328.84,63
ASSAM,ROAD TRANSPORT AND HIGHWAYS,176,4 LANING OF NH 37 SECTION BETWEEN END OF MORAN BYPASS TO BOGIBEEL JUNCTION NEAR LAPETKETA (KM. 561,NHIDCL,N24000583,1-2016,12/2021,N.A.,3/2025,252.00,N.A.,330.30,172.81,33.1
ASSAM,ROAD TRANSPORT AND HIGHWAYS,177,4-LANING OF HAPACHARA - TULUNGIA SECTION,NHIDCL,N24001246,3-2020,12/2022,N.A.,6/2024,220.20,N.A.,220.20,216.18,97.8
ASSAM,ROAD TRANSPORT AND HIGHWAYS,178,WIDENING/IMPROVEMENT TO 4-LANE WITH PAVED SHOULDER FROM CH.75.330KM TO CH.88.00KM (DESIGN CH.71.800,NHIDCL,N24001248,8-2020,4/2022,N.A.,7/2024,208.84,N.A.,208.84,193.59,100
ASSAM,ROAD TRANSPORT AND HIGHWAYS,179,2-LANING OF CHURACHANDPUR TUIVAI SECTION OF NH-102B (PKG- IB),NHIDCL,N24001269,3-2020,3/2022,Jan-25,5/2025,216.49,241.52,216.49,104.36,80.43
ASSAM,ROAD TRANSPORT AND HIGHWAYS,180,4-L DHUBRI PHULBARI BRIDGE WITH APPROACH ROAD,NHIDCL,N24001326,11-2020,9/2028,N.A.,9/2028,"4,997.04",N.A.,"4,997.04","2,189.45",55.2
ASSAM,ROAD TRANSPORT AND HIGHWAYS,181,2-LANING FROM YAINGANGPOKPI TO FINCH CORNER (PKG-I),NHIDCL,N24001331,3-2020,6/2022,May-25,5/2025,261.13,N.A.,261.13,64.96,57.01
ASSAM,ROAD TRANSPORT AND HIGHWAYS,182,2-LANING FROM YAINGANGPOKPI TO FINCH CORNER (PKG-II),NHIDCL,N24001332,3-2020,6/2022,Apr-25,4/2025,217.50,N.A.,217.50,84.36,68.03
ASSAM,ROAD TRANSPORT AND HIGHWAYS,183,DABOKA KATHKATI PACKAGE-5,NHIDCL,N24001366,3 - 2 0 2 1,1 / 2 0 23,N.A.,11/2024,288.85,N.A.,288.85,247.73,100
ASSAM,ROAD TRANSPORT AND HIGHWAYS,184,TULUNGIA-JOGIGHOPA-PAIKAN ROAD PKG-7,NHIDCL,N24001368,3 - 2 0 2 1,1 / 2 0 2 4,N.A.,10/2025,286.72,N.A.,286.72,99.71,46.8
ASSAM,ROAD TRANSPORT AND HIGHWAYS,185,CONSTRUCTION OF 2-LANE MAJOR BRIDGE INCLUDING APPROACHESOVER BRAHMAPUTRA BETWEEN MAJULI ON NORTH BAN,MoRTH,N24001408,2-2021,7/2025,N.A.,7/2025,925.47,N.A.,925.47,192.50,30.65
ASSAM,ROAD TRANSPORT AND HIGHWAYS,186,"6L FLYOVER AT BORAGAON, GORCHUK, LOKHRA AND BASISTHA JUNCTION ON GUWAHATI BYPASS SECTION FROM KM 146",NHAI,N24001432,12-2021,8/2024,Mar-24,8/2024,300.00,N.A.,300.00,297.62,100
ASSAM,ROAD TRANSPORT AND HIGHWAYS,187,JOGIGHOPA BRIDGE,NHIDCL,N24001434,8 - 2 0 2 1,11/2024,N.A.,12/2026,746.76,N.A.,746.76,307.60,59.5
ASSAM,ROAD TRANSPORT AND HIGHWAYS,188,DABOKA KATHKATI PACKAGE-6,NHIDCL,N24001450,9 - 2 0 2 1,7 / 2 0 24,N.A.,2/2025,625.64,N.A.,625.64,502.29,91.9
ASSAM,ROAD TRANSPORT AND HIGHWAYS,189,DIBRUGARH-LAHOAL-CHABUA BYPASS PACKAGE-1,NHIDCL,N24001451,3-2022,7/2024,N.A.,10/2024,215.27,N.A.,215.27,151.19,100
ASSAM,ROAD TRANSPORT AND HIGHWAYS,190,DABOKA KATHKATI PACKAGE-7,NHIDCL,N24001537,1 1 - 2 0 2 1,7 / 2 0 24,N.A.,2/2025,204.10,N.A.,204.10,132.91,87.1
ASSAM,ROAD TRANSPORT AND HIGHWAYS,191,FOUR LANING OF SRIRAMPUR-DHUBRI PKG-2,NHIDCL,N24001544,3 - 2 0 2 2,1 / 2 0 2 5,N.A.,2/2025,909.02,N.A.,909.02,443.58,91
ASSAM,ROAD TRANSPORT AND HIGHWAYS,192,"6L STANDALONE FLYOVERS AT RAHA, DEMOW, BORGHAT, KATHIATALI JUNCTIONS AND ROB AT JAGIROAD ON STRETCHE",NHAI,N24001545,8-2022,12/2022,Sep-24,6/2024,175.00,N.A.,175.00,182.23,99.72
ASSAM,ROAD TRANSPORT AND HIGHWAYS,193,BALANCE WORK OF 4L OF NARIMBANGLO?JATINGA JUNCTION- HARANGAJO ROAD SECTION FROM KM 0.000 TO KM 49.23,NHAI,N24001547,3-2022,1/2026,N.A.,1/2026,"1,909.98",N.A.,"1,909.98",480.84,58.9
ASSAM,ROAD TRANSPORT AND HIGHWAYS,194,"6L STANDALONE FLYOVERS AT BONGAIGAON, CHAPAGURI, PATHSALA, SIMLAGURI CHOWK AND BAIHATA BYPASS JUNCTI",NHAI,N24001548,3-2022,6/2024,N.A.,12/2024,457.72,N.A.,457.72,315.13,97.35
ASSAM,ROAD TRANSPORT AND HIGHWAYS,195,SRIRAMPUR - DHUBRI PKG-1,NHIDCL,N24001831,3 - 2 0 2 2,2 / 2 025,N.A.,11/2026,613.89,N.A.,613.89,17.18,0
ASSAM,ROAD TRANSPORT AND HIGHWAYS,196,DIBRUGARH-LAHOAL-CHABUA BYPASS PACKAGE-3,NHIDCL,N24001832,1-2023,5/2025,N.A.,5/2025,458.59,N.A.,458.59,162.13,47.7
ASSAM,ROAD TRANSPORT AND HIGHWAYS,197,CONSTRUCTION OF MANGALDOI BYPASS (NH- 15) STARTING AT CH 26+400 AND TERMINATING AT CH 41+505 UNDER RA,MoRTH,N24001840,3-2022,4/2025,N.A.,4/2025,535.03,N.A.,535.03,4.07,10.6
BIHAR,CIVIL AVIATION,198,"CONSTRUCTION OF NEW DORNESTIC TERMINAL BUILDING AND OTHER STRUCTURES, PHASE I AND II",AAI,N04000082,5-2018,10/2022,Jun-25,6/2025,"1,216.90",N.A.,"1,216.90",868.50,82.1
BIHAR,CIVIL AVIATION,199,"DARBHANGA:DEVELOPMENT OF NEW CIVIL ENCLAVE AT DARBHANGA, BIHAR. SH- CONSTRUCTION OF NEW TERMINAL BUI",AAI,N04000112,7-2024,7/2026,N.A.,7/2026,911.66,N.A.,911.66,14.99,5
BIHAR,DEPARTMENT OF HIGHER EDUCATION,200,CONSTRUCTION OF ACADEMIC AND RESIDENTIAL COMPLEX UNDER PHASE-II FOR THE CAMPUS OF IIT PATNA,CPWD EDUCATION,N28000100,2-2016,6/2017,N.A.,1/2024,496.18,496.00,460.00,436.15,100
BIHAR,DEPARTMENT OF HIGHER EDUCATION,201,PERMANENT CAMPUS FOR IIM BODH GAYA,CPWD EDUCATION,N42000009,9 - 2 0 1 8,9 / 2 0 2 0,N.A.,11/2024,375.00,N.A.,375.00,332.16,99
BIHAR,PETROLEUM,202,BARAUNI REFINERY CAPACITY EXPANSION FROM 6.0 TO 9.0 MMTPA,IOCL,N16000386,1-2020,4/2023,Dec-24,12/2025,"14,810.00",N.A.,"14,810.00","10,268.44",82
BIHAR,PETROLEUM,203,"CGD PROJECT AT KHAGARIA, SAHARSA AND MADHEPURA",IOCL,N16000423,6-2019,12/2029,Mar-30,3/2030,163.00,N.A.,163.00,88.63,26.3
BIHAR,PETROLEUM,204,INSTALLATION OF BITUMEN MANUFACTURING UNIT ALONG WITH ALLIED FACILITIES AT BARAUNI,IOCL,N16000453,1-2022,4/2025,N.A.,4/2025,389.00,N.A.,389.00,26.43,22.1
BIHAR,PETROLEUM,205,CITY GAS DISTRIBUTION PROJECTS AT GOPALGANJ SIWAN WEST CHAMPARAN EAST CHAMPARAN AND DEORIA DISTRICTS,BPCL,N16000523,12-2022,6/2030,N.A.,6/2030,"3,919.00",N.A.,"3,919.00",207.79,12.6
BIHAR,PETROLEUM,206,"CITY GAS DISTRIBUTION PROJECTS AT DARBHANGA, MADHUBANI, SUPAUL, SITAMARHI AND SHEOHAR DISTRICTS",BPCL,N16000524,12-2022,3/2030,N.A.,3/2030,"3,638.00",N.A.,"3,638.00",246.19,14.1
BIHAR,POWER,207,BARH STPP(3X660MW) NTPC,NTPC,180100242,2 - 2 0 0 5,1 0 / 2 011,Jul-23,11/2024,"8,692.97","21,312.11","21,312.11","22,311.28",90
BIHAR,POWER,208,BUXAR THERMAL POWER PLANT (1320 MW),SJVN,N18000194,3 - 2 0 1 9,1 / 2 0 2 4,N.A.,6/2025,"10,439.09",N.A.,"12,999.36","10,684.81",84.67
BIHAR,RAILWAYS,209,KHAGARIA-KUSHESHWAR ASTHAN (NL) (ECR),ECR,220100257,4 - 1 9 9 7,,N.A.,12/2026,162.87,614.45,614.45,458.87,50
BIHAR,RAILWAYS,210,"HAJIPUR-SUGAULI VIA VAISHALI (NL), ECR",ECR,220100303,4 - 2 0 0 3,,N.A.,12/2024,528.65,"2,087.36","2,087.36","2,091.21",48
BIHAR,RAILWAYS,211,"NEW B.G. LINE FROM ARARIA TO GALGALIA (THAKURGUNG), NEFR",NFR,N22000087,9-2006,3/2019,N.A.,9/2025,532.87,"2,132.03","4,412.25","3,097.04",81.5
BIHAR,RAILWAYS,212,SAKRI-HASANPUR ROAD (NL),ECR,N22000171,4 - 1 9 9 9,,N.A.,3/2027,325.00,735.20,735.20,585.24,78
BIHAR,RAILWAYS,213,ARARIA-SUPAUL (NL),ECR,N22000177,4 - 2 0 0 8,,N.A.,1/2025,"1,605.17","1,605.17","1,605.17","1,471.74",26
BIHAR,RAILWAYS,214,JAYNAGAR-BIJALPURA INCLUDING EXTENSION BIJALPURA-BARDIBAS(NEPAL) GC,ECR,N22000181,4-2009,3/2020,N.A.,3/2026,548.00,548.00,783.83,581.74,78
BIHAR,RAILWAYS,215,SAMASTIPUR-DARBANGHA,ECR,N22000329,5 - 2 0 1 5,,N.A.,3/2025,380.00,519.33,519.33,579.83,62
BIHAR,RAILWAYS,216,KIUL - GAYA DOUBLING PROJECT,ECR,N22000349,1 2 - 2 0 1 5,3 / 2 0 20,N.A.,11/2024,"1,200.20","1,200.20","1,771.07","1,758.88",96
BIHAR,RAILWAYS,217,RAMPUR DUMRA - TAL - RAJENDRAPUL DOUBLING INCLUDING GANGA BRIDGE,ECR,N22000350,12-2015,3/2020,N.A.,5/2025,"1,491.47","1,491.47","1,600.00","1,647.46",77
BIHAR,RAILWAYS,218,SAGAULI VALMIKINAGAR DOUBLING 109.7 KM,ECR,N22000472,4 - 2 0 1 6,3 / 2 0 2 1,N.A.,12/2024,744.04,"1,215.54","1,215.54","1,454.59",85
BIHAR,RAILWAYS,219,MUZAFFARPUR SAGAULI DOUBLING 100.60 KM,ECR,N22000473,4-2016,3/2021,N.A.,12/2024,731.64,"1,185.73","1,300.00","1,426.27",80
BIHAR,RAILWAYS,220,"FATUHA-ISLAMPUR INCL. MM FOR EXTENSION OF NEW LINE FORM BIHARSHARIF-BARBIGHA, DANIYAWAN-BIHARSHARIF,",ECR,N22000476,4-1991,,N.A.,12/2024,329.39,803.09,"2,722.16","2,636.28",90
BIHAR,RAILWAYS,221,DARBHANGA - BYPASS LINE CONNECTING SHISHO HALT AND KAKARGHATI EXCL DARBHANGA YARD (7.64 KM),ECR,N22000523,6-2019,6/2025,N.A.,9/2024,983.62,253.23,415.00,403.18,80
BIHAR,RAILWAYS,222,BARAUNI- BACHWARA 3RD AND 4TH LINE,ECR,N22000524,7 - 2 0 2 2,7 / 2 0 2 7,N.A.,6/2025,486.00,N.A.,486.00,111.02,30
BIHAR,RAILWAYS,223,JHAJHA - BATIA (UMBRELLA WORK PB#23/2018-19/NR),ECR,N22000526,2-2019,6/2028,N.A.,3/2027,496.47,N.A.,496.47,2.53,0
BIHAR,RAILWAYS,224,SONENAGAR BYE PASS LINE FROM CHIRALAPOTHU TO BAGHA BISHUNPUR,ECR,N22000528,10-2022,10/2027,N.A.,6/2025,234.00,223.69,223.69,22.57,0
BIHAR,RAILWAYS,225,KATIHAR-KUMEDPUR & KATIHAR-MUKURIA (64.5 KM) (UMBRELLA WORK PB#57/2019- 20/NR),NFR,N22000570,8-2022,8/2027,N.A.,8/2027,745.00,N.A.,745.00,0.00,0
BIHAR,ROAD TRANSPORT AND HIGHWAYS,226,CONSTRUCTION OF 6- LANE BRIDGE AND ITS APPROACHES ACROSS RIVER GANGA AS PART OF PATNA RING ROAD (NH-,NHAI,N24002062,3-2023,9/2027,N.A.,9/2027,"3,012.27",N.A.,"3,012.27",20.03,2.41
BIHAR,ROAD TRANSPORT AND HIGHWAYS,227,BALANCE WORK - WB-10 (GANDAK BRIDGE) KM 402.00 TO KM 440.00 (DEVANPUR - KOTWA),NHAI,N24002063,12-2021,1/2024,N.A.,6/2025,210.05,N.A.,210.05,100.28,68.58
BIHAR,ROAD TRANSPORT AND HIGHWAYS,228,PERMANENT RECTIFICATION OF 3 NOS. OF BLACK SPOTS IN PROJECT HIGHWAY NH-27 OF U.P BORDER - DEWAPUR -,NHAI,N24002064,12-2022,12/2025,N.A.,12/2025,381.80,N.A.,381.80,36.63,16.01
BIHAR,ROAD TRANSPORT AND HIGHWAYS,229,4L GREENFIELD ALIGNMENT OF AMAS TO SHIVRAMPUR FROM 0.000 KM. TO 55.002 KM. OF NH 119 D (PKG-I),NHAI,N24002065,2-2022,3/2025,N.A.,3/2025,"1,390.92",N.A.,"1,390.92",150.71,8.17
BIHAR,ROAD TRANSPORT AND HIGHWAYS,230,4L GREENFIELD ALIGNMENT OF SHIVRAMPUR TO RAMNAGAR FROM KM. 55.002 TO KM. 109.300 OF NH 119 D (PKG-I,NHAI,N24002066,2-2022,7/2025,N.A.,7/2025,"1,494.31",N.A.,"1,494.31",38.28,4.59
BIHAR,ROAD TRANSPORT AND HIGHWAYS,231,IMPROVEMENT OF 2 LANE WITH PAVED SHOULDER OF STRETCH FROM BIKRAMGANJ DAWATH MELAYABAGH NAWANAGR -DUM,MoRTH,N24002133,3-2021,3/2025,N.A.,6/2025,178.63,N.A.,178.63,64.46,73
BIHAR,ROAD TRANSPORT AND HIGHWAYS,232,CONSTRUCTION OF 4 LANE ROB AND ITS APPROACHES AT THE LEVEL OF CROSSING (L C NO. 29-B) OF KM 29 (EKAN,MoRTH,N24002193,3-2023,7/2026,N.A.,7/2026,201.08,N.A.,201.08,10.14,6.8
BIHAR,ROAD TRANSPORT AND HIGHWAYS,233,CONSTRUCTION OF 6-LANE ELEVATED / EXTRA DOSE CABLE BRIDGE ON RIVER GANGA PARALLEL TO AND WESTERN SID,MoRTH,N24002194,1-2024,11/2027,N.A.,11/2027,"3,064.45",N.A.,"3,064.45",58.37,0.01
BIHAR,ROAD TRANSPORT AND HIGHWAYS,234,ESTIMATE FOR IMPROVEMENT TO TWO LANE WITH PAVED SHOULDER FROM RAMNAGAR TO ROSEDA FROM (KM 3.500 TO 4,MoRTH,N24002195,1-2022,4/2026,N.A.,4/2026,495.16,N.A.,495.16,88.58,6.1
BIHAR,ROAD TRANSPORT AND HIGHWAYS,235,CONSTRUCTION OF BHABHUA BYPASS FROM CH. 10+800(DESIGN CH. 10+800) TO CH. 19+860 (DESIGN CH. 18+150),MoRTH,N24002196,2-2022,3/2026,N.A.,3/2026,179.86,N.A.,179.86,20.31,0
BIHAR,ROAD TRANSPORT AND HIGHWAYS,236,IMPROVEMENT TO TWO LANE WITH PAVED SHOULDER FROM JUNCTION OF NH-22 NEAR HAJIPUR TO JUNCTION OF NH-12,MoRTH,N24002197,2-2024,2/2026,N.A.,2/2026,226.15,N.A.,226.15,6.52,7
BIHAR,ROAD TRANSPORT AND HIGHWAYS,237,IMPROVEMENT TO TWO LANE WITH PAVED SHOULDERS OF BH/WBBORDER-AMDABAD- MANIHARI SECTION FROM DESIGN KM,MoRTH,N24002198,1-2022,3/2026,N.A.,3/2026,353.27,N.A.,353.27,23.29,0
BIHAR,ROAD TRANSPORT AND HIGHWAYS,238,PATNA-MUZZAFFARPUR,NHAI,N24000165,8 - 2 0 1 0,2 /2013,N.A.,12/2024,671.30,N.A.,671.30,"1,830.13",97.78
BIHAR,ROAD TRANSPORT AND HIGHWAYS,239,4-LANNING OF CHAPRA-HAJIPUR,NHAI,N24000187,1 - 2 0 1 1,7 / 2 0 13,Apr-25,4/2025,575.00,N.A.,575.00,556.28,86.7
BIHAR,ROAD TRANSPORT AND HIGHWAYS,240,REHABILITATION AND UPGRADING TO 2 LANES/2 LANE WITH PAVED SHOULDERS CONFIGURATION OF BIRPUR - BIHPUR,MoRTH,N24000382,1-2014,10/2019,Apr-25,4/2025,675.00,N.A.,780.77,702.20,90.85
BIHAR,ROAD TRANSPORT AND HIGHWAYS,241,FOUR OF SIMARIA - KHAGARIA SECTION OF NH-31,NHAI,N24000480,12-2015,4/2019,Mar-25,3/2025,"1,041.10",567.00,639.58,553.73,97.31
BIHAR,ROAD TRANSPORT AND HIGHWAYS,242,FOUR LANING OF BAKHTIYARPUR - MOKAMA SECTION OF NH-31,NHAI,N24000507,12-2015,12/2019,N.A.,12/2024,"1,167.45",N.A.,"1,182.94",735.99,96
BIHAR,ROAD TRANSPORT AND HIGHWAYS,243,REHABILITATION AND UPGRADING TO 2 LANES/2 LANE WITH PAVED SHOULDERS (KM 40 TO KM 219.945) OF NH-104,MoRTH,N24000531,2-2016,11/2018,Mar-25,3/2025,319.68,N.A.,503.28,440.98,98.8
BIHAR,ROAD TRANSPORT AND HIGHWAYS,244,CONSTRUCTION OF REHABILITATION AND UPGRADING TO 2 LANES/2 LANE(FOR LOT-I- KM 40.00 TO KM 65.400 AND K,MoRTH,N24000576,2-2016,5/2016,Mar-25,3/2025,178.85,N.A.,278.54,232.61,98.35
BIHAR,ROAD TRANSPORT AND HIGHWAYS,245,"PROCUREMENT, AND CONSTRUCTION OF REHABILITATION AND UPGRADING TO 2 LANES/2 LANE(FOR LOT-III-KM 156.5",MoRTH,N24000578,2-2016,5/2016,Mar-25,3/2025,553.30,N.A.,706.39,614.38,98
BIHAR,ROAD TRANSPORT AND HIGHWAYS,246,FOUR LANING OF GAYA-HISUA-RAJGIRI- NALANDA-BIHARSHARIF SECTION (KM0.00 TO 92.935) ON NH-82 IN BIHAR,MoRTH,N24000579,1-2014,10/2016,Jun-25,6/2025,"1,408.85",N.A.,"2,138.16","1,715.96",96.5
BIHAR,ROAD TRANSPORT AND HIGHWAYS,247,TWO-LANNING WITH PAVED SHOULDER OF MAHSHKUNT-SAHARSA-PURNEA SECTION FROM EXISTING KM.89.020 (DESIGN,NHAI,N24000665,3-2017,3/2020,Mar-25,3/2025,672.89,736.01,830.31,616.15,76.19
BIHAR,ROAD TRANSPORT AND HIGHWAYS,248,SIX LANNING OF AUNTA-SIMARIA(GANGA BRIDGE WITH APPROACH ROADS) SECTION OF NH-31,NHAI,N24000696,8-2017,2/2022,Oct-24,3/2025,950.64,"1,161.00","1,168.33","1,050.93",90.52
BIHAR,ROAD TRANSPORT AND HIGHWAYS,249,CONSTRUCTION OF NEW LINK (NH-133B) FROM KM 0/00 (KM 200/87 OF SAHIBANJ BYPASS) IN JHARKHAND TO KM 15,NHAI,N24000714,12-2017,10/2024,Apr-25,6/2025,"2,598.00",N.A.,"1,978.01","1,273.88",70.43
BIHAR,ROAD TRANSPORT AND HIGHWAYS,250,REHABILITATION AND UPGRADATION OF TWO LANING OF MAHESHKHUNT - SAHARSA - PURNEA SECTION PKG - I,NHAI,N24000723,1-2018,12/2021,Dec-24,3/2025,573.70,644.50,726.99,476.99,76.73
BIHAR,ROAD TRANSPORT AND HIGHWAYS,251,DEVELOPMENT OF NEWLY DECLARED NH- 527C FROM MAJHAULI TO CHAROUT SECTION TO 2 LANE WITH PAVED SHOULDER,NHAI,N24000813,3-2018,11/2021,Dec-24,12/2024,496.20,470.18,537.17,398.41,95.46
BIHAR,ROAD TRANSPORT AND HIGHWAYS,252,CONSTRUCTION OF A NEW 4 LANE MAJOR BRIDGE ACROSS RIVER KOSI AT PHULAUT INCLUDING RHABILITATION AND,MoRTH,N24000943,9-2018,6/2024,May-26,5/2026,"1,478.40",N.A.,"1,478.40",848.84,62.02
BIHAR,ROAD TRANSPORT AND HIGHWAYS,253,CONSTRUCTION OF A NEW 4 LANE BRIDGE PARALLEL TO EXISTING MG SETU WITH ITS APPROACHES FROM KM 0.00,MoRTH,N24001201,2-2019,9/2024,N.A.,2/2026,"2,926.42",N.A.,"2,926.42","1,022.45",49.08
BIHAR,ROAD TRANSPORT AND HIGHWAYS,254,BALANCE WORK OF 4- LANING OF PATNA- GAYA-DOBHI SECTION (KM. 0.00 TO KM. 127.217) OF NH-83 IN THE STAT,NHAI,N24001303,10-2013,12/2020,Dec-24,12/2024,649.90,N.A.,750.00,711.53,98.3
BIHAR,ROAD TRANSPORT AND HIGHWAYS,255,BALANCE WORK OF 4- LANING OF PATNA- GAYA-DOBHI SECTION (KM. 39.00 TO KM. 83.00) OF NH-83 IN THE STATE,NHAI,N24001304,10-2013,11/2020,Dec-24,12/2024,446.97,598.48,740.50,638.80,96.3
BIHAR,ROAD TRANSPORT AND HIGHWAYS,256,BALANCE WORK OF 4- L ANING OF PATNA- GAYA-DOBHI SECTION (KM.83.00 TO KM. 127.217) OF NH-83 IN THE STA,NHAI,N24001305,10-2013,11/2020,Dec-24,12/2024,464.09,605.53,765.12,698.25,97.3
BIHAR,ROAD TRANSPORT AND HIGHWAYS,257,CONSTRUCTION OF 2 LANE BRIDGE ACROSS RIVER KOSI WITH APPROACH ROAD FROM BHEJA TO BAKAUR SECTION OF N,NHAI,N24001371,10-2019,8/2023,Dec-24,12/2024,"1,101.99",N.A.,"1,101.99",805.35,69.61
BIHAR,ROAD TRANSPORT AND HIGHWAYS,258,4L GREENFIELD ALIGNMENT FROM KALYANAPUR TO TAL DASHRAHA OF NH-119D (PKG-III),NHAI,N24001697,2-2023,2/2025,N.A.,12/2025,"1,358.00",N.A.,"1,358.00",183.47,13.51
BIHAR,ROAD TRANSPORT AND HIGHWAYS,259,FOUR LANING OF MUNGER TO MIRZACHAUKI (NH-80) SECTION FROM NEAR RASULPUR TO MIRZACHAUKI (DESIGN CH,NHAI,N24001698,8-2022,8/2024,N.A.,8/2024,"1,198.02",N.A.,"1,198.02",0.00,0
BIHAR,ROAD TRANSPORT AND HIGHWAYS,260,CONSTRUCTION OF 4 LANE ELEVATED SECTION AND AT- GRADE IMPROVEMENTS AT BEGUSARAI TOWN SECTION OF NH-3,NHAI,N24001699,3-2022,12/2024,N.A.,7/2025,312.58,N.A.,312.58,153.13,66.14
BIHAR,ROAD TRANSPORT AND HIGHWAYS,261,SIX LANNING OF AURANGABAD TO BIHAR/JHARKHAND BORDER SECTION OF NH- 19 (OLD NH-2) FROM KM. 209.827 TO,NHAI,N24001700,12-2021,3/2024,Dec-24,12/2024,552.55,553.00,553.00,414.79,54.95
BIHAR,ROAD TRANSPORT AND HIGHWAYS,262,FOUR LANING OF MUNGER TO MIRZACHAUKI (NH-80) SECTION FROM START OF EXISTING BHAGALPUR BYPASS TO RASU,NHAI,N24001701,4-2022,4/2024,Sep-25,9/2025,"1,769.50",N.A.,"1,769.50",0.00,0
BIHAR,ROAD TRANSPORT AND HIGHWAYS,263,CONSTRUCTION OF 4 LANE ELEVATED HIGHWAY AND AT-GRADE IMPROVEMENTS AT GOPALGANJ TOWN FROM DESIGN CH:,NHAI,N24001702,12-2021,9/2024,N.A.,9/2024,184.90,185.00,185.00,163.01,92.18
BIHAR,ROAD TRANSPORT AND HIGHWAYS,264,6 L OF AURANGABAD TO BIHAR-JHARKHAND BORDER (CHORDAHA) SECTION FROM KM. 180.000 TO KM. 209.827 OF N,NHAI,N24001703,2-2022,5/2025,N.A.,5/2025,786.81,787.00,787.00,0.00,0
BIHAR,ROAD TRANSPORT AND HIGHWAYS,265,FOUR LANING OF MUNGER TO MIRZACHAUKI (NH-80) SECTION FROM KHARIA VILLAGE JUNCTION TO START OF EXISTI,NHAI,N24001704,3-2021,3/2024,Dec-24,12/2024,"1,020.84",N.A.,"1,020.84",84.78,0
BIHAR,ROAD TRANSPORT AND HIGHWAYS,266,FOUR LANING OF MUNGER TO MIRZACHAUKI (NH-80) SECTION FROM MUNGER TO KHARIA VILLAGE JUNCTION DESIGN C,NHAI,N24001705,3-2022,3/2024,Jun-25,6/2025,"1,485.66",N.A.,"1,485.66",0.00,0
BIHAR,ROAD TRANSPORT AND HIGHWAYS,267,BAKHTIYARPUR RAJAULI PKG-III FROM KM 101.630 TO KM 152.520 NH20,NHAI,N24001708,9-2020,6/2024,N.A.,12/2024,"2,156.22",N.A.,"2,156.22","2,134.67",98.23
BIHAR,ROAD TRANSPORT AND HIGHWAYS,268,BAKHTIYARPUR RAJAULI PKG-II FROM KM 54.405 TO KM 101.630 NH20,NHAI,N24001709,9-2020,4/2023,Dec-24,12/2024,897.45,N.A.,"1,090.00","1,037.63",97.85
BIHAR,ROAD TRANSPORT AND HIGHWAYS,269,6L OF KANHAULI RAMNAGAR PATNA RING ROAD PKG I FROM KM 0.000 TO KM 39.160 OF SH78 NEW NH131G,NHAI,N24001711,9-2020,3/2023,Dec-24,12/2024,939.43,N.A.,939.43,370.62,100
BIHAR,ROAD TRANSPORT AND HIGHWAYS,270,FOUR LANING OF PARARIA TO MOHANIA SECTION OF NH 319 (OLD NH 30) FROM KM. 54+530 (DESIGN CHAINAGE) TO,NHAI,N24001712,8-2020,7/2023,Dec-24,12/2024,690.00,N.A.,690.00,770.73,98.77
BIHAR,ROAD TRANSPORT AND HIGHWAYS,271,BALANCE WORK OF TWO LANING WITH PAVED SHOULDER OF PIPRAKOTHI?MOTIHARI- RAXAUL SECTION OF NH-28A FRO,NHAI,N24001715,12-2018,10/2020,N.A.,1/2024,333.60,466.59,461.41,460.38,100
BIHAR,ROAD TRANSPORT AND HIGHWAYS,272,IMPROVEMENT TO TWO LANE WITH PAVED SHOULDERS OF NH 122B FROM KM 29.730 TO KM 72.348 IN STATE OF BIH,MoRTH,N24001870,2-2022,11/2024,N.A.,11/2025,624.43,N.A.,624.43,216.82,76
BIHAR,ROAD TRANSPORT AND HIGHWAYS,273,WIDENING AND STRENTHENING FROM KM 70.15 TO KM 121.025 OF NH-80,MoRTH,N24001875,3-2021,1/2025,N.A.,3/2025,477.54,N.A.,477.54,259.66,65.76
BIHAR,ROAD TRANSPORT AND HIGHWAYS,274,WIDENING and STRENTHENING FROM KM132.895 TO KM 190.15 NH-80,MoRTH,N24001876,3-2021,3/2024,N.A.,9/2025,566.15,N.A.,566.15,194.32,42.2
BIHAR,ROAD TRANSPORT AND HIGHWAYS,275,CONSTRUCTION OF NEW 4-LANE BRIDGE (PARALLEL TO EXISTING VIKRAMASHILA SETU)FROM KM 8+920 TO KM 13+375,MoRTH,N24001877,7-2020,5/2027,N.A.,5/2027,"1,110.23",N.A.,"1,110.23",288.28,22.6
BIHAR,ROAD TRANSPORT AND HIGHWAYS,276,IMPROVEMENT TO TWO LANE WITH PAVED SHOULDERS OF NH-319A FROM KM 0 TO KM 45 IN STATE OF BIHAR UNDER,MoRTH,N24001878,2-2022,12/2024,N.A.,4/2025,427.29,N.A.,427.29,166.86,64.4
BIHAR,ROAD TRANSPORT AND HIGHWAYS,277,CONSTRUCTION OF PROPOSED 4_LANE REVELGUNJ BYPASS NH-19 IN THE STATE OF BIHAR ON EPC MODE CONNECTING,MoRTH,N24001879,3-2022,7/2025,N.A.,7/2025,295.24,N.A.,295.24,53.51,38.21
BIHAR,URBAN DEVELOPMENT,278,PATNA METRO RAIL CORPORATION LIMITED,PATNA METRO RAI,N28000148,2 - 2 0 1 9,6 / 2 0 2 4,N.A.,9/2024,"13,365.77",N.A.,"13,925.50","2,849.65",41.78
BIHAR,WATER RESOURCES,279,SEWER NETWORK SPS AND STP BEGUSARAI,BUIDCO,N30000026,3-2018,7/2021,Dec-19,12/2024,230.06,N.A.,230.06,237.44,96
BIHAR,WATER RESOURCES,280,I AND D AND STP WORKS FOR BHAGALPUR,BUIDCO,N30000027,1 0 - 2 0 1 7,9 / 2 0 2 0,Nov-20,12/2024,254.13,413.29,413.29,120.95,84
BIHAR,WATER RESOURCES,281,I AND D AND STP AT CHAPPRA,BUIDCO,N30000028,1 1 - 2 0 1 8,1 2 / 2 020,N.A.,2/2024,236.15,N.A.,236.15,142.54,100
BIHAR,WATER RESOURCES,282,SEWER NETWORKS SPS AND STP HAJIPUR,BUIDCO,N30000035,3 - 2 0 1 8,8 / 2 0 2 1,Mar-18,12/2024,305.19,N.A.,305.19,323.73,92
BIHAR,WATER RESOURCES,283,"SEWER NETWORKS, SPS AND STP, MUNGER",BUIDCO,N30000036,3 - 2 0 1 8,1 0 / 2 0 2 1,Mar-18,6/2024,294.02,350.79,522.85,414.52,100
BIHAR,WATER RESOURCES,284,SEWERAGE SYSTEM WITH SEWER NETWORK PATNA BEUR,BUIDCO,N30000037,12-2014,3/2020,N.A.,6/2022,225.77,N.A.,398.90,363.79,100
BIHAR,WATER RESOURCES,285,SAIDPUR SEWER NETWORK PATNA,BUIDCO,N30000039,4 - 2 0 1 5,1 / 2 0 2 1,N.A.,6/2022,268.63,N.A.,493.85,490.14,100
BIHAR,WATER RESOURCES,286,SEWERAGE SCHEME AT PAHARI ZONE V PATNA,BUIDCO,N30000040,5-2017,4/2021,May-17,2/2023,356.37,364.00,356.37,312.30,100
BIHAR,WATER RESOURCES,287,SEWERAGE TREATMENT PLANT AT PAHARI PATNA,BUIDCO,N30000043,5-2017,11/2020,May-17,5/2022,191.62,N.A.,191.62,123.56,100
BIHAR,WATER RESOURCES,288,SEWERAGE SYSTEM WITH SEWER NETWORK PATNA KARMALICHAK,BUIDCO,N30000044,3-2017,5/2021,Mar-17,2/2023,277.42,253.98,277.42,355.31,100
BIHAR,WATER RESOURCES,289,SEWERAGE SYSTEM AND STP FOR KANKARBAG ZONE PATNA,BUIDCO,N30000050,8-2017,6/2022,N.A.,12/2025,578.89,453.83,578.89,155.98,46
BIHAR,WATER RESOURCES,290,"SEWERAGE SYSTEM AND STP FOR DIGHA ZONE, PATNA",BUIDCO,N30000051,8-2017,6/2022,N.A.,12/2025,824.00,734.09,824.00,377.18,49
CHHATTISGARH,COAL,291,GEVRA EXPANSION OCP (SECL) (35-70) MTY,SECL,060100093,6 - 2 0 1 0,3 / 2 0 2 3,N.A.,3/2025,"11,816.40",N.A.,"11,816.40","6,185.89",77
CHHATTISGARH,COAL,292,KUSMUNDA EXPN.OCP(SECL)(15-50)MTY,SECL,N06000008,8 - 2 0 1 3,3 / 2 0 2 3,N.A.,3/2030,"7,612.33",N.A.,"8,547.98","4,633.36",80
CHHATTISGARH,COAL,293,PELMA OCP(15.00MTY),SECL,N06000045,1 1 - 2 0 1 4,3/2023,N.A.,3/2033,"1,624.59",N.A.,"1,624.59",14.17,17
CHHATTISGARH,COAL,294,CHHAL OC SEAM -III (6.00 MTY),SECL,N06000104,1 2 - 2 0 1 3,3 / 2022,Mar-25,3/2025,610.63,N.A.,610.63,570.99,85
CHHATTISGARH,COAL,295,AMERA OC RCE,SECL,N06000123,2 - 2 0 1 5,3/2018,Mar-26,3/2026,335.97,N.A.,335.97,173.49,42
CHHATTISGARH,COAL,296,AMGAON OPENCAST PROJECT RCE,SECL,N06000135,7 - 2 0 1 5,3 / 2 0 2 0,Mar-26,3/2026,316.10,N.A.,316.10,187.70,65
CHHATTISGARH,COAL,297,MAHAMAYA OPENCAST PROJECT,SECL,N06000164,5 - 2 0 1 8,3 / 2 0 2 6,N.A.,3/2026,410.26,N.A.,410.26,179.93,38
CHHATTISGARH,COAL,298,JHIRIA WEST OPENCAST PROJECT,SECL,N06000166,1 1 - 2 0 1 8,3 / 2 0 2 6,N.A.,3/2026,366.94,N.A.,366.94,32.59,36
CHHATTISGARH,COAL,299,BAROUD OC EXPANSION (3-10 MTY),SECL,N06000197,8 - 2 0 2 0,3 / 2 0 2 9,N.A.,3/2029,"2,309.80",N.A.,"2,309.80",861.53,39
CHHATTISGARH,COAL,300,JAMPALI OCP RCE,SECL,N06000198,5 - 2 0 2 0,3/2024,Mar-25,3/2025,278.64,N.A.,278.64,208.10,73
CHHATTISGARH,COAL,301,PORDA CHIMTAPANI OCP (10 MTY),SECL,N06000199,1 2 - 2 0 2 0,3 / 2 0 2 9,N.A.,3/2029,"2,310.12",N.A.,"2,310.12",45.50,10
CHHATTISGARH,COAL,302,DIPKA OC EXPANSION 40 MTY,SECL,N06000200,1 2 - 2 0 2 0,3 / 2 029,N.A.,3/2029,"5,241.40",N.A.,"5,241.40","2,725.35",37
CHHATTISGARH,COAL,303,JAGANNATHPUR OC RCE (3.0 MTY),SECL,N06000232,7 - 2 0 1 6,3 / 2 0 2 0,Mar-05,3/2025,459.49,N.A.,459.49,260.75,92
CHHATTISGARH,COAL,304,KATKONA RO UG PROJECT (1.74 MTY),SECL,N06000274,1 - 2 0 2 3,3 / 2 0 2 9,N.A.,3/2029,329.22,N.A.,329.22,60.04,2
CHHATTISGARH,DEPARTMENT OF HIGHER EDUCATION,305,"C/O PERMANENT CAMPUS OF IIT BHILAI AT KUTHELABHATA, DURG CHHATTISGARH, STAGE I PHASE I.",CPWD EDUCATION,N28000141,3-2020,7/2022,N.A.,7/2022,808.62,N.A.,808.62,640.70,99.2
CHHATTISGARH,PETROLEUM,306,AUGMENTATION OF FACILITIES AT THE EXISTING RAIPUR DEPOT,HPCL,N16000413,3-2021,3/2024,Mar-25,3/2025,456.00,N.A.,456.00,359.22,93.2
CHHATTISGARH,POWER,307,WESTERN REGION EXPANSION SCHEME XXV,PGCIL,N18000350,2 - 2 0 2 3,1 1 / 2 0 2 3,N.A.,2/2025,385.84,N.A.,385.84,200.71,71
CHHATTISGARH,POWER,308,TRANSMISSION SYSTEM ASSOCIATED WITH WESTERN REGION EXPANSION SCHEME XXVII,PGCIL,N18000354,3-2023,9/2024,N.A.,2/2025,271.69,N.A.,271.69,153.03,77
CHHATTISGARH,POWER,309,TRANSMISSION SYSTEM ASSOCIATED WITH WESTERN REGION EXPANSION SCHEME- XXVIII AND XXIX,PGCIL,N18000355,3-2023,3/2025,N.A.,3/2025,260.30,N.A.,260.30,145.79,94
CHHATTISGARH,POWER,310,"LARA SUPER THERMAL POWER PROJECT, STAGE-II (2X800 MW)",NTPC,N18000381,8-2023,6/2028,N.A.,6/2028,"15,530.00",N.A.,"15,530.00",709.38,0
CHHATTISGARH,RAILWAYS,311,KIRANDUL - JAGDALPUR DOUBLING,ECOR,N22000318,1 2 - 2 0 1 2,3 / 2 0 2 0,N.A.,3/2024,"1,160.00",N.A.,"1,440.00","1,465.59",90
CHHATTISGARH,RAILWAYS,312,JHARSUGUDA-BILASPUR 4TH LINE,SECR,N22000484,4 - 2 0 1 5,3 / 2 0 2 1,Dec-23,12/2025,"1,973.00","2,135.34","2,135.34","2,140.33",88
CHHATTISGARH,RAILWAYS,313,KHARSIA DHARAMJAIGARH WITH SPUR LINE EAST CORRIDOR-PHASE I,IRCON,N22000489,4-2013,9/2018,N.A.,6/2025,"3,055.00",N.A.,"3,438.39","3,068.68",0
CHHATTISGARH,RAILWAYS,314,Gauge conversion of Raipur(Kendri)-Dhamtari and Abhanpur-Rajim branch (67.20 km),SECR,N22000572,7-2011,10/2024,N.A.,2/2025,"1,171.30",N.A.,"1,171.30",560.45,80
CHHATTISGARH,RAILWAYS,315,NIPANIA-BHATAPRA (14.4 KM) 4TH LINE (PB#72/NR/2022-23),SECR,N22000573,9-2022,12/2026,N.A.,12/2026,170.49,N.A.,170.49,0.12,0
CHHATTISGARH,RAILWAYS,316,4TH LINE - BHATAPARA-HATHBAND (8.8 KM) (PB#72/NR/2022-23),SECR,N22000574,12-2022,12/2026,N.A.,12/2026,177.03,N.A.,177.03,0.21,0
CHHATTISGARH,RAILWAYS,317,4TH LINE - BHILAI-BHILAI NAGAR (8.8 KM) (PB#72/NR/2022-23),SECR,N22000575,9-2022,9/2026,N.A.,9/2026,169.06,N.A.,177.34,1.17,0
CHHATTISGARH,RAILWAYS,318,4TH LINE - DADHAPARA-BELHA (9.2 KM) (PB#72/NR/2022-23),SECR,N22000576,9-2022,9/2026,N.A.,9/2026,169.06,N.A.,169.06,1.88,0
CHHATTISGARH,RAILWAYS,319,4TH LINE - RAJNANDGAON-DONGARHGARH (31.2 KM) (PB#72/NR/2022-23),SECR,N22000577,9-2022,9/2026,N.A.,9/2026,328.34,N.A.,328.34,7.84,5
CHHATTISGARH,RAILWAYS,320,3RD AND 4TH LINE - SARAGBUNDIA AND MADWARANI,SECR,N22000579,9-2022,9/2026,N.A.,9/2026,167.64,N.A.,167.64,0.00,0
CHHATTISGARH,RAILWAYS,321,DOUBLING OF BORIDAND - AMBIKAPUR ( SURAJPUR),SECR,N22000580,6-2022,6/2030,N.A.,6/2030,"1,376.20",N.A.,775.82,60.00,10
CHHATTISGARH,RAILWAYS,322,DALLIRAJHARA - ROWGHAT (95 KM) {PART OF DALLIRAJHARA-JAGDALPUR (235 KM)},RVNL,N22000602,3-2008,6/2025,N.A.,6/2025,631.78,N.A.,"1,627.56","1,349.09",0
CHHATTISGARH,RAILWAYS,323,CHIRIMIRI-NAGPUR HALT,SECR,N22000616,1 0 - 2 0 1 8,6 /2030,N.A.,6/2030,241.00,N.A.,241.00,0.00,0
CHHATTISGARH,ROAD TRANSPORT AND HIGHWAYS,324,UP GRADATION OF NH 930 SHERPAR TO KOHKA FROM KM 67.880 TO KM 114.860 TO TWO LANE WITH PAVED SHOULDER,MoRTH,N24001917,3-2020,5/2024,N.A.,2/2025,278.97,N.A.,278.97,190.13,77.64
CHHATTISGARH,ROAD TRANSPORT AND HIGHWAYS,325,UP GRADATION OF NH 130C ABHANPUR TO PAUND FROM NK KM 0.000 TO KM. 40.380 TO TWO LANE WITH PAVED SHOU,MoRTH,N24001919,12-2020,9/2023,Feb-25,2/2024,193.16,N.A.,193.16,89.63,79.7
CHHATTISGARH,ROAD TRANSPORT AND HIGHWAYS,326,UPGRADATION OF NH 130A MUNGELI TO PONDI FROM NH KM. 51.600 TO KM. 77.870 KM. 80.970 TO 96.970 TO 2,MoRTH,N24001920,3-2021,9/2024,N.A.,1/2025,218.57,N.A.,218.57,100.69,77.12
CHHATTISGARH,ROAD TRANSPORT AND HIGHWAYS,327,DEVELOPMENT OF SIX LANE BASANWAHI- MARANGPURI OF NH 130 CD FROM KM.99+500 TO 124+661 UNDER RAIPUR VIS,NHAI,N24002017,3-2022,10/2025,N.A.,9/2026,"1,307.16",N.A.,"1,307.16",135.17,19.1
CHHATTISGARH,ROAD TRANSPORT AND HIGHWAYS,328,CONSTRUCTION OF 6 LANE DURG RAIPUR ARANG BYPASS PKG 1 SECTION OF NH 53 FROM CH 0.000 TO CH 44.50,NHAI,N24002045,6-2022,7/2025,N.A.,7/2025,"1,828.00",N.A.,"1,828.00",384.81,20.52
CHHATTISGARH,ROAD TRANSPORT AND HIGHWAYS,329,CONSTRUCTION OF 6 LANE DURG RAIPUR ARANG BYPASS PKG 2 SECTION OF NH 53 FROM CH 44+500 TO CH.92+230 I,NHAI,N24002046,6-2022,5/2025,N.A.,5/2025,"1,958.94","1,959.00","1,958.94",596.07,26.73
CHHATTISGARH,ROAD TRANSPORT AND HIGHWAYS,330,REHABILITATION AND UPGRADATION OF NH 43 KANKER TO BEDMA SECTION KM. 130 TO 180,MoRTH,N24001217,1-2016,8/2016,N.A.,3/2025,497.14,572.66,572.66,376.54,60.01
CHHATTISGARH,ROAD TRANSPORT AND HIGHWAYS,331,REHABILITATION AND UPGRADATION OF NH 78 FROM KM 373.505 TO 469.300 AMBIKAPUR TO PATHALGAON SECTION,MoRTH,N24001221,1-2016,10/2016,N.A.,1/2025,624.98,N.A.,731.50,616.06,99
CHHATTISGARH,ROAD TRANSPORT AND HIGHWAYS,332,REHABILITATION AND UPGRADATION OF NH 78 FROM KM 469.000 TO 531.000 PATTHALGAON TO KUNKURI,MoRTH,N24001222,3-2016,7/2016,N.A.,3/2025,452.94,N.A.,435.61,301.91,65.3
CHHATTISGARH,ROAD TRANSPORT AND HIGHWAYS,333,CONSTRUCTION OF 4 NOS GRADE SEPARATOR BETWEEN KM. 281.000 TO KM 307.600 KM. 286.400 KUMHARI KM. 299.,MoRTH,N24001227,3-2018,1/2019,N.A.,1/2025,349.03,N.A.,349.03,316.52,97.9
CHHATTISGARH,ROAD TRANSPORT AND HIGHWAYS,334,UPGRADATION AND WIDENING OF BILASPUR TO MUNGELI SECTION NH-130A,MoRTH,N24001228,11-2017,5/2019,N.A.,2/2025,188.80,N.A.,188.80,136.81,97
CHHATTISGARH,ROAD TRANSPORT AND HIGHWAYS,335,DEVELOPMENT OF SIX LANE SARGI- BASANWAHI OF NH 130 CD FROM KM.42+800 TO 99+500 UNDER RAIPUR VISAKHAPA,NHAI,N24001588,12-2021,1/2025,N.A.,9/2025,"1,470.73",N.A.,"1,470.73",582.37,64
CHHATTISGARH,ROAD TRANSPORT AND HIGHWAYS,336,DEVELOPMENT OF SIX LANE JHANKI SARGI OF NH 130 CD FROM KM.0+000 TO 42+800 UNDER RAIPUR VISAKHAPATTNA,NHAI,N24001593,11-2021,9/2024,N.A.,6/2025,"1,368.19",N.A.,"1,368.19",804.29,91.4
CHHATTISGARH,ROAD TRANSPORT AND HIGHWAYS,337,4 LANE OF BILASPUR TO URGA PROJECT (KM 0.00 TO KM 70.2) OF NH-130A,NHAI,N24001611,4-2020,3/2024,N.A.,9/2025,"1,855.59","2,523.86","2,523.86",478.80,77.99
CHHATTISGARH,STEEL,338,NMDC SLURRY PIPE LINE PROJECT - PHASE-1,NMDC,N12000124,1 1 - 2 0 1 5,6 / 2 0 2 3,Jul-24,12/2025,"2,907.00",N.A.,"2,907.00","2,361.60",64.4
CHHATTISGARH,STEEL,339,SCREENING PLANT-III AT KIRANDUL,NMDC,N12000127,3 - 2 0 2 1,8 / 2 0 2 4,N.A.,1/2026,"2,092.97","2,718.84","2,718.84","1,347.16",67.11
CHHATTISGARH,STEEL,340,CONSTRUCTION OF RESIDENTIAL TOWERS AT BIOM KIRANDUL COMPLEX,NMDC,N12000130,7-2021,11/2024,N.A.,12/2025,282.44,N.A.,282.44,163.92,59
CHHATTISGARH,STEEL,341,"REPLACEMENT OF CONVERTER VESSELS, TRUNNION RINGS, SUPPORT SYSTEM AND INSTALLATION OF SECONDARY EMISS",SAIL,N12000131,10-2023,6/2026,N.A.,6/2026,471.83,N.A.,471.83,39.54,4.4
CHHATTISGARH,STEEL,342,REBUILDING OF COKE OVEN BATTERY NO.7 AND 8 OF BHILAI STEEL PLANT,SAIL,N12000134,11-2023,10/2025,N.A.,10/2025,884.10,N.A.,884.10,277.20,54.6
CHHATTISGARH,URBAN DEVELOPMENT,343,CONSTRUCTION729 QUARTERS (TYPE II-180 TYPE III-364 TYPE IV-112 TYPE V-68 TYPE-VI- 5 SHOPS COMMUNI,CPWD,N28000149,5-2019,9/2020,Oct-24,10/2024,299.97,299.97,299.97,254.56,85
DELHI,CIVIL AVIATION,344,"CONSTRUCTION OF COMBINED OPERATIONAL OFFICES FOR DGCA, BCAS, AAIB, AERA AND AAI AT SAFDARJUNG AIRPOR",AAI,N04000076,11-2016,4/2020,Apr-24,4/2024,303.80,374.98,351.21,340.10,100
DELHI,DPIIT,345,INDIA INTERNATIONAL CONVENTION AND EXPO CENTRE,IICC FOR DPIIT,N40000002,11-2017,12/2019,N.A.,11/2024,"4,773.00",N.A.,"5,401.00","4,872.36",98.93
DELHI,FINANCE,346,"C/O RESIDENTIAL COMPLEX BUILDING FOR CENTRAL BOARD OF INDIRECT TAXES AND CUSTOMS AT SECTOR-9, DWARKA",NPCC,N07000001,7-2018,4/2022,N.A.,4/2022,228.50,N.A.,220.27,176.28,85
DELHI,HOME AFFAIRS,347,ESTABLISHMENT OF CENTRAL ARMED POLICE FORCE INSTITUTE OF MEDICAL SCIENCES(CAPFIMS) AT NEW DELHI,CPWD FOR MHA,N28000071,10-2013,10/2019,N.A.,9/2024,"1,219.21","2,091.53","2,091.53","1,941.75",100
DELHI,HOME AFFAIRS,348,CONSTRUCTION OF HEADQUARTER BUILDING OF CRPF AT LODHI ROAD NEW DELHI,CPWD FOR MHA,N45000002,6-2019,7/2022,N.A.,7/2025,277.35,N.A.,277.35,96.88,57
DELHI,RAILWAYS,349,ANAND VIHAR-TILAK BRIDGE 3RD AND 4TH LINE,NR,N22000281,4-2012,,N.A.,,295.68,N.A.,419.00,133.78,0
DELHI,ROAD TRANSPORT AND HIGHWAYS,350,SIX LANE ACCESS CONTROLLED OF DELHI SAHARANPUR HIGHWAY FROM AKSHARDHAM NH 9 JUNCTION TO DELHI UP BOR,NHAI,N24001771,6-2020,12/2024,N.A.,12/2024,"1,479.22",N.A.,"1,479.22","1,491.26",99
DELHI,ROAD TRANSPORT AND HIGHWAYS,351,6L ACCESS CONTROLLED HIGHWAY FROM DND MAHARANI BAGH JN. WITH JAITPUR PUSHTA ROAD OF NH 148NA FROM,NHAI,N24001773,5-2020,7/2024,N.A.,9/2025,"1,467.44",N.A.,"1,942.89",960.00,81.34
DELHI,ROAD TRANSPORT AND HIGHWAYS,352,DEVELOPMENT OF 6L UER-II (PACKAGE-I) (NH- 1 NEAR BAKOLI TILL KARALA KANJHAWALA ROAD) FROM KM. (-)0.70,NHAI,N24001777,7-2020,10/2023,N.A.,1/2025,"2,171.80",N.A.,"2,171.80",958.13,99.6
DELHI,ROAD TRANSPORT AND HIGHWAYS,353,DEVELOPMENT OF 4L UER II [PACKAGE - V] (SPUR TO BAHADURGARH BYPASS) (NH-10) FROM KM. 0.00 TO KM.7.30,NHAI,N24001778,7-2020,10/2023,N.A.,12/2024,801.46,N.A.,801.46,382.03,99.33
DELHI,ROAD TRANSPORT AND HIGHWAYS,354,DWARKA EXPRESSWAY FROM KM -0.600 TO KM 5.300 - PKG-I (SHIVMURTI CHOWK-RUB NEAR DWARKA SECTOR 21),NHAI,N24001779,3-2018,9/2022,N.A.,3/2025,"2,507.00",N.A.,"3,030.73","1,155.70",86.53
DELHI,ROAD TRANSPORT AND HIGHWAYS,355,8L OF DWARKA EXPRESSWAY PKG-II (RUB NEAR DWARKA SECTOR 21-DL/HR BORDER) FROM 5.300 KM.TO 9.500 KM. O,NHAI,N24001781,1-2018,10/2021,N.A.,1/2025,"2,067.67",N.A.,"2,160.00","1,496.49",98.38
DELHI,ROAD TRANSPORT AND HIGHWAYS,356,DEVELOPMENT OF 6L UER II [PACKAGE - II] (KARALA KANJHAWALA ROAD TILL NANGLOI - NAJAFGARH ROAD) FROM,NHAI,N24001825,7-2020,10/2023,N.A.,6/2025,"1,894.96",N.A.,"1,894.96",741.88,87.1
DELHI,TELECOMMUNICATIONS,357,SETTING UP PHYSICAL INFRASTRUCTURE FOR THE NATIONAL INSTITUTE OF COMMUNICATION FINANCE(NICF) AT GHIT,CPWD FOR TELECO,N28000115,10-2014,3/2018,N.A.,3/2025,248.20,N.A.,248.20,224.32,98
DELHI,URBAN DEVELOPMENT,358,DELHI MRTS PHASE-III,DMRC,N28000056,9 - 2 0 1 1,3/2016,Aug-21,8/2021,"38,585.00","43,095.35","40,180.91","40,544.74",99.99
DELHI,URBAN DEVELOPMENT,359,REDEVELOPMENT OF GPRA COLONY AT NAUROJI NAGAR,NBCC,N28000105,7-2016,,N.A.,10/2024,"2,694.00",N.A.,"2,694.00","2,402.68",98
DELHI,URBAN DEVELOPMENT,360,REDEVELOPMENT OF GENERAL POOL RESIDENTIAL COLONY AT SRINIWASPURI NEW DELHI PHASE-I,CPWD,N28000128,10-2016,7/2021,N.A.,6/2024,"1,180.00",N.A.,"1,100.80",36.69,2
DELHI,URBAN DEVELOPMENT,361,REDEVELOPMENT OF GPRA AT KASTURBA NAGAR PHASE I,CPWD,N28000129,10-2016,3/2022,N.A.,6/2024,"1,128.00",N.A.,"1,128.00",595.45,52
DELHI,URBAN DEVELOPMENT,362,DELHI METRO PHASE IV THREE PRIORITY CORRIDORS,DMRC,N28000135,7-2019,3/2025,N.A.,3/2026,"24,948.65",N.A.,"24,948.65","13,959.78",58.29
DELHI,URBAN DEVELOPMENT,363,"CONSTRUCTION OF 184 MULTI STORIED FLATS FOR HON'BLE MPS AT BKS MARG, NEW DELHI",CPWD,N28000153,1-2022,11/2024,May-25,5/2025,646.52,N.A.,646.52,367.49,77
DELHI,URBAN DEVELOPMENT,364,REDEVELOPMENT OF GPRA AT NETAJI NAGAR NEW DELHI PACKAGE 2,NBCC,N28000156,10-2016,3/2024,Mar-25,3/2025,"1,536.72",N.A.,"1,536.72",392.08,81.57
DELHI,WATER RESOURCES,365,CONSTRUCTION OF 564 MLD 124 MGD WASTE WATER TREATMENT PLANT WITH EFFLUENT STANDARDS OF BOD ? 10MG/L,DJB,N30000014,3-2017,12/2022,N.A.,12/2024,665.78,N.A.,665.78,782.51,96
DELHI,WATER RESOURCES,366,REHABILITATION AND UP-GRADATION OF PHASE I STP 182 MLD R2,DJB,N30000015,5-2016,12/2021,N.A.,2/2024,211.79,223.70,211.79,208.71,100
DELHI,WATER RESOURCES,367,REHABILITATION AND UPGRADATION OF KONDLI PHASE I STP 45 MLD PHASE II STP 114 MLD AND PHASE III S,DJB,N30000016,5-2016,2/2022,Sep-23,7/2023,239.11,314.71,239.11,268.13,100
DELHI,WATER RESOURCES,368,CONSTRUCTION OF 318 MLD WWTP WITH 10 YEARS O AND M AT CORONATION PILLAR DELHI,DJB,N30000017,12-2018,1/2021,N.A.,3/2022,515.07,N.A.,515.07,388.08,100
GOA,CIVIL AVIATION,369,EXTENSION OF EXISTING INTEGRATED TERMINAL BUILDING AND ALLIED WORKS AT GOA AIRPORT.,AAI,N04000095,11-2017,9/2021,N.A.,3/2025,255.69,N.A.,255.69,95.09,70
GOA,DEPARTMENT OF HIGHER EDUCATION,370,"CONSTRUCTION OF PERMANENT CAMPUS FOR NATIONAL INSTITUTE OF TECHNOLOGY GOA AT CUNCOLIM, GOA.",CPWD EDUCATION,N42000002,5-2019,8/2021,N.A.,12/2024,303.90,N.A.,390.40,364.00,99.3
GOA,PETROLEUM,371,"UPGRADING IPSHEM TO WORLD CLASS FACILITY OF ONGC, GOA",ONGC,N16000502,3-2023,6/2024,N.A.,1/2025,325.53,N.A.,325.53,296.17,99.4
GOA,ROAD TRANSPORT AND HIGHWAYS,372,CONSTRUCTION OF SIX LANE ELEVATED CORRIDOR FROM KM. 508.000 TO KM. 513.150 INCLUDING APPROACHES ON N,MoRTH,N24002181,4-2023,4/2026,N.A.,4/2026,641.46,N.A.,641.46,0.00,0
GUJARAT,CIVIL AVIATION,373,"C/O NEW GREENFIELD AIRPORT AT HISSAR, RAJKOT, GUJARAT",AAI,N04000088,1-2018,8/2022,May-24,10/2024,"1,405.00",N.A.,"1,405.00","1,301.95",100
GUJARAT,CIVIL AVIATION,374,"EXTENSION OF TERMINAL BUILDING, PTT, APRON AND CAR PARK AT SURAT AIRPORT.",AAI,N04000093,8-2018,2/2021,N.A.,2/2025,353.25,N.A.,353.25,345.34,98.75
GUJARAT,CIVIL AVIATION,375,"DEVELOPMENT OF NEW GREENFIELD AIRPORT AT DHOLERA, AHMEDABAD (GUJARAT). PHASE-1.",AAI,N04000099,6-2022,12/2025,N.A.,12/2025,"1,305.00","1,143.95","1,143.95",295.07,40
GUJARAT,PETROLEUM,376,REDEVELOPMENT OF SANTHAL FIELD,ONGC,N16000279,2 - 2 0 1 7,3 / 2 0 2 6,N.A.,3/2026,"1,162.56",N.A.,"1,162.56","1,128.85",91.7
GUJARAT,PETROLEUM,377,ACRYLICS OR OXO-ALCOHOL PROJECT AT GUJARAT REFINERY,IOCL,N16000382,11-2019,5/2023,Mar-24,3/2025,"5,251.00","5,894.00","5,894.00","4,585.78",99
GUJARAT,PETROLEUM,378,PETROCHEMICAL AND LUBE INTEGRATION PROJECT AT GUJARAT REFINERY,IOCL,N16000409,9-2020,8/2024,Dec-25,12/2025,"18,936.00",N.A.,"18,936.00","9,827.92",77.7
GUJARAT,PETROLEUM,379,AUGUMENTATION OF SALAYA MATHURA CRUDE OIL PIPELINE SYSTEM,IOCL,N16000411,10-2020,8/2023,Nov-24,6/2025,"1,614.00",N.A.,"1,614.00","1,054.06",93.3
GUJARAT,PETROLEUM,380,REDEVELOPMENT OF LINCH FIELD,ONGC,N16000428,4 - 2 0 2 1,3 / 2 0 2 5,N.A.,7/2025,631.03,860.04,860.04,300.82,60.5
GUJARAT,PETROLEUM,381,REDEVELOPMENT OF SOBHASAN COMPLEX,ONGC,N16000431,8 - 2 0 2 1,2 / 2 0 2 6,N.A.,2/2026,885.63,"1,286.67","1,286.67",468.36,51.8
GUJARAT,PETROLEUM,382,COMMERCIAL POLYMER FLOODING PROJECT IN BECHRAJI FIELD,ONGC,N16000444,1-2022,11/2024,N.A.,11/2025,621.40,N.A.,621.40,114.03,20.2
GUJARAT,PETROLEUM,383,INSTALLATION OF NEW BITUMEN UNIT ALONG WITH ALLIED FACILITIES AT GUJARAT,IOCL,N16000454,1-2022,9/2024,N.A.,8/2025,328.00,N.A.,328.00,37.62,28.3
GUJARAT,PETROLEUM,384,"RESTORATION OF GAS TERMINAL, PHASE-I (PART-A), HAZIRA PLANT",ONGC,N16000477,5-2022,2/2025,N.A.,2/2025,249.43,N.A.,249.43,164.38,86
GUJARAT,PETROLEUM,385,KALOL REDEVELOPMENT PROJECT,ONGC,N16000481,8 - 2 0 2 2,3 / 2 0 2 7,N.A.,3/2027,"1,487.41",N.A.,"1,487.41",828.56,56
GUJARAT,PETROLEUM,386,OLD PIPE LINE REPLACEMENT (OPRP) GROUP- A,ONGC,N16000483,7-2021,7/2025,N.A.,7/2025,173.03,N.A.,169.84,129.28,80.3
GUJARAT,PETROLEUM,387,"REVAMPING OF SV STATIONS, GAS TERMINAL AND KRIBHCO TERMINAL",ONGC,N16000514,11-2022,8/2026,N.A.,8/2026,837.34,N.A.,837.34,83.62,30.8
GUJARAT,POWER,388,GUJARAT 200 MW (GUVNL TENDER),NTPC,N18000295,1 - 2 0 2 1,7 / 2 0 2 2,N.A.,3/2025,842.27,N.A.,842.27,668.91,30
GUJARAT,POWER,389,"150 MW SOLAR PV PROJECT IN GUJARAT (LIMBDI, MESANKA AND RADHANPUR)",NTPC,N18000296,5-2021,9/2022,N.A.,1/2025,674.92,N.A.,674.92,542.99,91
GUJARAT,POWER,390,Bagodara Solar Power Project,SJVN,N18000297,5 - 2 0 2 1,10/2022,N.A.,6/2025,339.35,N.A.,339.35,315.95,51
GUJARAT,POWER,391,DAYAPAR WIND ENERGY PROJECT 150MW,NTPC,N18000319,1 1 - 2 0 2 1,5 / 2 0 2 3,N.A.,3/2025,937.80,N.A.,937.80,773.34,98
GUJARAT,POWER,392,DAYAPAR WIND ENERGY PROJECT 200MW,NTPC,N18000345,7 - 2 0 2 2,3 / 2 0 2 5,N.A.,1/2026,"1,316.02",N.A.,"1,316.02",282.77,23
GUJARAT,POWER,393,KHAWDA 1255MW SOLAR PROJECT (KHAWDA SOLAR PARK),NTPC,N18000346,9-2022,9/2024,N.A.,1/2026,"7,179.54",N.A.,"7,179.54","2,705.13",61
GUJARAT,POWER,394,BHUJ SOLAR 300MW (TRANCHE-IV WIND SOLAR HYBRID),NTPC,N18000349,11-2022,3/2024,N.A.,3/2025,"1,442.60",N.A.,"1,442.60",711.35,2
GUJARAT,POWER,395,ESTABLISHMENT OF KHAVDA POOLING STATION 3 (KPS3) IN KHAVDA RE PARK,PGCIL,N18000357,3-2023,12/2024,N.A.,2/2025,922.30,N.A.,922.30,350.67,70
GUJARAT,POWER,396,TRANSMISSION NETWORK EXPANSION IN GUJARAT ASSOCIATED WITH INTEGRATION OF RE PROJECTS FROM KHAVDA POT,PGCIL,N18000358,3-2023,3/2025,N.A.,3/2025,815.12,N.A.,815.12,7.99,51
GUJARAT,POWER,397,"KHAVDA-2, GUJARAT- ESTABLISHMENT OF KHAVDA POOLING STATION-2 (KPS2) IN KHAVDA RE PARK",PGCIL,N18000359,3-2023,12/2024,N.A.,2/2025,966.79,N.A.,966.79,293.22,70
GUJARAT,POWER,398,"KHAVDA PHASE-II-PART B, GUJARAT- TRANSMISSION SCHEME FOR EVACUATION OF 4.5 GW RE INJECTION AT KHAVDA",PGCIL,N18000360,3-2023,3/2025,N.A.,3/2025,"1,167.55",N.A.,"1,167.55",588.14,38
GUJARAT,POWER,399,"KHAVDA PHASE-II-PART C, GUJARAT- TRANSMISSION SCHEME FOR EVACUATION OF 4.5 GW RE INJECTION AT KHAVDA",PGCIL,N18000361,3-2023,3/2025,N.A.,3/2025,"2,820.99",N.A.,"2,820.99","2,002.46",41
GUJARAT,POWER,400,KHAVDA 1200MW (4X300MW) IN KHAVDA RE PARK,NTPC,N18000365,6-2023,12/2024,N.A.,1/2026,"6,283.81",N.A.,"6,283.81","1,302.79",16
GUJARAT,POWER,401,DAYAPAR WIND- III (HYBRID TRANCHE-V),NTPC,N18000366,5 - 2 0 2 3,1 / 2 0 2 5,N.A.,5/2025,"1,095.01",N.A.,"1,095.01",322.00,0
GUJARAT,POWER,402,TS FOR EVACUATION OF POWER FROM POTENTIAL RE ZONE IN KHAVDA AREA OF GUJARAT UNDER PH-IV PART E3,PGCIL,N18000383,7-2023,7/2025,N.A.,7/2025,334.00,N.A.,334.00,0.00,3
GUJARAT,POWER,403,TS FOR EVACUATION OF ADDITIONAL 7GW RE POWER FROM KHAVDA RE PARK UNDER PHASE-III PART B [VATAMAN TRA,PGCIL,N18000384,12-2023,12/2025,N.A.,12/2025,"3,752.00",N.A.,"3,752.00",351.02,4
GUJARAT,POWER,404,TS FOR EVACUATION OF POWER FROM 7GW REZ IN KHAVDA AREA UNDER PHASE-IV PART E2,PGCIL,N18000390,5-2024,5/2026,N.A.,5/2026,679.00,N.A.,679.00,0.00,3
GUJARAT,RAILWAYS,405,MIYAGAM-KARJAN-DABHOI-SAMLAYA (GC),WR,N22000142,4 - 2 0 1 1,,Oct-25,10/2025,844.10,844.10,844.10,586.44,41
GUJARAT,RAILWAYS,406,ANAND GODHRA DOUBLING PROJECT 79 KMS,WR,N22000504,4 - 2 0 1 7,3 / 2 0 2 0,Jan-25,1/2025,692.25,692.26,692.26,648.67,96
GUJARAT,RAILWAYS,407,MEHSANA PALANPUR DOUBLING PROJECT 65.10 KMS,WR,N22000505,4-2018,3/2024,Oct-24,10/2024,537.31,537.31,537.31,838.92,99
GUJARAT,RAILWAYS,408,4TH LINE BETWEEN BAREJADI NANDEJ (GERATPUR)- SANAND (38.20 KM) (AHMEDABAD BYPASS).,WR,N22000532,2-2023,3/2027,Feb-27,2/2027,961.67,961.67,961.67,61.57,2.1
GUJARAT,RAILWAYS,409,QUADRUPLING BETWEEN GANDHIDHAM - ADIPUR WITH Y CONNECTION AT ADIPUR FOR PROVIDING DIRECT ENTRY TOWAR,WR,N22000533,2-2023,12/2025,Oct-25,10/2025,152.44,152.44,152.44,55.61,16
GUJARAT,RAILWAYS,410,RAJKOT-KANALUS (111.20 KM),WR,N22000535,1 0 - 2 0 2 1,1 0 / 2026,Mar-26,12/2025,"1,011.72","1,080.58","1,080.58","1,266.57",55
GUJARAT,RAILWAYS,411,HIMMATNAGAR-KHEDBRAHMA (54.83 KM),WR,N22000537,6 - 2 0 2 2,2 / 2 0 3 0,Feb-25,2/2025,354.99,482.42,482.42,737.38,65
GUJARAT,RAILWAYS,412,PETLAD-BHADRAN (22.5 KM),WR,N22000538,5 - 2 0 2 2,5 / 2030,N.A.,12/2025,202.50,307.12,307.12,56.07,7
GUJARAT,RAILWAYS,413,NADIAD-PETLAD (37.26 KM),WR,N22000539,5 - 2 0 2 2,6 /2030,N.A.,12/2025,335.34,461.91,461.91,72.92,7
GUJARAT,RAILWAYS,414,SAMLAYA-TIMBA ROAD (53.53 KM),WR,N22000540,2 - 2 0 2 3,3 / 2 0 30,N.A.,1/2027,401.48,670.17,670.17,73.40,12
GUJARAT,RAILWAYS,415,SAMNI-JAMBUSAR (24.08 KM),WR,N22000541,5 - 2 0 2 2,3 / 2030,Apr-26,4/2026,216.72,349.93,349.93,72.53,25
GUJARAT,RAILWAYS,416,VIJAPUR-AMBLIYASAN (41.53 KM),WR,N22000547,5 - 2 0 2 2,3 / 2 0 30,Feb-25,2/2025,309.81,415.38,415.38,491.61,75
GUJARAT,RAILWAYS,417,ADRAJ MOTI-VIAJAPUR (39.75 KM),WR,N22000548,5 - 2 0 2 2,5 / 2 0 30,N.A.,5/2030,296.54,N.A.,296.54,0.00,0
GUJARAT,RAILWAYS,418,NEW BG LINE BETWEEN NALIYA-JAKHAU PORT,WR,N22000550,2-2023,1/2028,Sep-26,9/2026,410.46,410.46,410.46,33.59,2
GUJARAT,RAILWAYS,419,NEW BG LINE INTERSECTION (5 NOS) BETWEEN GERATPUR-SANAND & BOTAD- AHMEDABAD (16.51 KM) (PB#29/NR/202,WR,N22000551,10-2022,10/2027,N.A.,10/2027,437.21,N.A.,437.21,0.00,0
GUJARAT,RAILWAYS,420,TARANGA HILL ABU ROAD VIA AMBAJI NEW LINE,NWR,N22000592,7-2022,7/2030,N.A.,12/2026,"1,695.82",N.A.,"2,798.16",854.50,15
GUJARAT,RAILWAYS,421,JUNAGARH -VISAVADAR (42.28) KM,RVNL,N22000600,6 - 2 0 2 2,1 2 / 2 0 26,N.A.,12/2026,492.83,N.A.,492.83,0.00,0
GUJARAT,RAILWAYS,422,MODASA- SHAMLAJI NEW LINE ( MM OF AHMEDABAD-HIMMATNAGAR-UDAIPUR (299.2 KM)),WR,N22000622,9-2012,3/2027,Mar-26,3/2026,261.68,261.68,261.68,615.22,45
GUJARAT,ROAD TRANSPORT AND HIGHWAYS,423,UPGRADATION AND STRENGTHENING TO 2 LANE PS FROM KM 95/500 TO KM 129/775 OF NH 168 G IDAR BHILODA SA,MoRTH,N24002014,9-2022,12/2023,Dec-25,12/2025,237.28,N.A.,237.28,0.59,0
GUJARAT,ROAD TRANSPORT AND HIGHWAYS,424,UPGRADATION TO 4L PS DIVIDED CARRIAGEWAY FROM PATAN (NEAR RAJPUR) TO GOJARIYA FROM KM 52.000 TO KM 1,NHAI,N24002034,12-2021,3/2025,N.A.,3/2025,"1,181.34","1,181.00","1,181.34",414.14,61.02
GUJARAT,ROAD TRANSPORT AND HIGHWAYS,425,WIDENING TO 6L OF EXISTING 4L JETPUR - GONDAL - RAJKOT SECTION FROM KM. 117.600 TO KM. 185.00 ON NH-,NHAI,N24002035,9-2023,9/2025,N.A.,9/2025,"2,070.44",N.A.,"2,070.44",242.00,17.67
GUJARAT,ROAD TRANSPORT AND HIGHWAYS,426,UPGRADATION OF DHORAJI JAMKANDORNA KALAVAD SECTION OF NH 927D FROM DESIGN CHAINAGE KM 00 TO KM 58.11,MoRTH,N24002117,10-2022,2/2024,Feb-26,2/2026,246.60,291.00,291.00,29.33,15
GUJARAT,ROAD TRANSPORT AND HIGHWAYS,427,UPGRADATION TO TWO LANE WITH PAVED SHULDER CONFIGUARATION FROM KM 00 TO 47 OF NH 351 MAHUVA TO BADHA,MoRTH,N24002118,12-2022,2/2024,Aug-25,8/2025,173.06,N.A.,219.00,0.15,0
GUJARAT,ROAD TRANSPORT AND HIGHWAYS,428,WORK OF DEVELOPMENT AND CONSTRUCTION OF ELEVATED CORRIDORFROM KM 38/660 TO KM 42/690 (ISCON JUNCTION,MoRTH,N24002182,3-2023,3/2026,N.A.,3/2026,530.20,N.A.,530.20,0.00,0
GUJARAT,ROAD TRANSPORT AND HIGHWAYS,429,"WIDENING 2 LANE TO 4-LANE FROM KM 92/320 TO KM 115/320 (VAV CHOKDI-SATLASANA TO TO VRUNDAVAN CHOKDI,",MoRTH,N24002183,3-2022,3/2026,N.A.,3/2026,151.13,N.A.,171.00,0.00,0
GUJARAT,ROAD TRANSPORT AND HIGHWAYS,430,FOUR LANING OF BHAVNAGAR-TALAJA SECTION OF NH-8E FROM KM. 7.090 TO KM. 53.585 (DESIGN CH FROM KM. 6.,NHAI,N24000567,5-2016,8/2019,N.A.,6/2024,998.18,N.A.,998.18,802.34,100
GUJARAT,ROAD TRANSPORT AND HIGHWAYS,431,FOUR LANING OF KAGAVADAR - UNA SECTION OF NH-8E FROM KM 139.915 TO KM 180.478 (PACKAGE-IV) IN THE ST,NHAI,N24000569,5-2016,9/2019,May-24,2/2025,723.64,N.A.,723.64,559.66,96
GUJARAT,ROAD TRANSPORT AND HIGHWAYS,432,FOUR LANING OF UNA TO KODINAR OF NH-8E FROM KM. 180.478 TO KM 221.610 (PACKAGE- V) IN THE STATE OF GU,NHAI,N24000570,5-2016,8/2019,N.A.,12/2024,763.08,N.A.,763.08,513.35,95.91
GUJARAT,ROAD TRANSPORT AND HIGHWAYS,433,4-LANNING OF KODINAR TO VERAVAL SECTION OF NH-8E FROM KM 221.610 TO KM 263.000,NHAI,N24000592,7-2016,7/2020,N.A.,12/2024,829.97,N.A.,829.97,469.75,92.54
GUJARAT,ROAD TRANSPORT AND HIGHWAYS,434,SIX LANNING FROM KM. 401.200 TO 494.410 OF NH-8 ON HYBRID ANNUITY MODE UNDER NHDP-V(PKG VI)REG.,NHAI,N24000649,1-2017,12/2020,Jun-25,6/2025,"1,251.11","1,527.75","1,527.75",684.13,83.84
GUJARAT,ROAD TRANSPORT AND HIGHWAYS,435,CONSTRUCTION OF EIGHT LANE VADODARA KIM EXPRESSWAY FROM KM 254.430 TO KM 279.000 (KIM TO ANKLESHWAR,NHAI,N24000834,3-2018,10/2021,Apr-25,9/2024,"1,161.39","1,738.03","1,404.00",510.21,66.23
GUJARAT,ROAD TRANSPORT AND HIGHWAYS,436,CONSTRUCTION OF MISSING LINKS (SINGLE LANE) IN LAKHPAT GADULI HAJIPIR ODMA KHAVDA DHOLAVIRA MAUVANA,MoRTH,N24000925,10-2018,11/2020,Sep-24,9/2024,400.76,394.44,394.44,287.39,87
GUJARAT,ROAD TRANSPORT AND HIGHWAYS,437,CONSTRUCTION OF ROB WITH APPROACHES IN LIEU OF L C NO 165 OF AHMEDABAD PALANPUR BETWEEN RAILWAY STAT,MoRTH,N24001427,6-2020,4/2023,Sep-24,9/2024,166.21,N.A.,166.21,98.65,93
GUJARAT,ROAD TRANSPORT AND HIGHWAYS,438,CONSTRUCTION OF FOUR LANE EXPRESSWAY FROM START OF SARDAR PATEL RING ROAD TO SINDHREJ VILLAGE (CH. 0,NHAI,N24001443,5-2020,3/2024,Nov-24,1/2025,690.30,929.95,929.95,"1,193.08",86.4
GUJARAT,ROAD TRANSPORT AND HIGHWAYS,439,CONSTRUCTION OF FOUR LANE EXPRESSWAY FROM START OF SINDHREJ VILLAGE (CH. 22.00 TO CH. 48.52) SECTION,NHAI,N24001444,5-2020,1/2024,Nov-24,1/2025,882.00,N.A.,882.00,"1,256.69",93.05
GUJARAT,ROAD TRANSPORT AND HIGHWAYS,440,CONSTRUCTION OF FOUR LANE EXPRESSWAY FROM START OF VEJALLKA VILLAGE TO START OF DSIR ZONE OF AHMEDAB,NHAI,N24001445,5-2020,7/2023,Nov-24,1/2025,691.52,903.85,903.85,909.80,93.05
GUJARAT,ROAD TRANSPORT AND HIGHWAYS,441,CONSTRUCTION OF FOUR LANE EXPRESSWAY FROM START OF DSIR ZONE OF AHMEDABAD DISTRICT TO ADHELAI VILLAG,NHAI,N24001446,5-2020,12/2023,Nov-24,1/2025,894.00,"1,210.06","1,210.06","1,025.93",88.84
GUJARAT,ROAD TRANSPORT AND HIGHWAYS,442,DELHI VADODARA GREENFIELD ALIGNMENT SECTION OF NH 148N PACKAGE 26,NHAI,N24001515,9-2020,2/2024,N.A.,3/2025,"1,542.02",N.A.,"1,542.02",922.05,65
GUJARAT,ROAD TRANSPORT AND HIGHWAYS,443,DELHI VADODARA GREENFIELD ALIGNMENT SECTION OF NH 148N PACKAGE 27,NHAI,N24001516,9-2020,2/2024,Aug-24,8/2024,"1,185.69",N.A.,"1,185.69",913.86,87.51
GUJARAT,ROAD TRANSPORT AND HIGHWAYS,444,DELHI VADODARA GREENFIELD ALIGNMENT SECTION OF NH 148N PACKAGE 30,NHAI,N24001518,11-2019,9/2023,N.A.,3/2025,"1,669.56",N.A.,"1,669.56",987.91,90.76
GUJARAT,ROAD TRANSPORT AND HIGHWAYS,445,DELHI VADODARA GREENFIELD ALIGNMENT SECTION OF NH 148N PACKAGE 28,NHAI,N24001519,9-2020,11/2023,N.A.,9/2024,"1,198.55",N.A.,"1,198.55",869.60,94.54
GUJARAT,ROAD TRANSPORT AND HIGHWAYS,446,DELHI VADODARA GREENFIELD ALIGNMENT SECTION OF NH 148N PACKAGE 31,NHAI,N24001520,11-2019,5/2024,N.A.,3/2025,"1,604.06",N.A.,"1,604.06","1,223.47",95.73
GUJARAT,ROAD TRANSPORT AND HIGHWAYS,447,UP-GRADATION TO 4-LANE WITH PAVED SHOULDER OF BHIMASAR JUNCTION OF NH- 41 TO ANJAR BHUJ UPTO AIRPORT,NHAI,N24001785,3-2022,6/2025,N.A.,6/2025,"1,373.06","1,085.00","1,373.06",521.06,64.71
GUJARAT,ROAD TRANSPORT AND HIGHWAYS,448,CONSTRUCTION OF EIGHT LANE ACCESS CONTROLLED EXPRESSWAY FROM KM 103.400 TO KM 128.000 OF VADODARA MU,NHAI,N24001786,3-2021,3/2024,N.A.,9/2025,"1,259.00","2,652.24","1,910.00",141.02,26
GUJARAT,ROAD TRANSPORT AND HIGHWAYS,449,CONSTRUCTION OF EIGHT LANE ACCESS CONTROLLED EXPRESSWAY FROM KM 217.500 TO KM 254.430 OF VADODARA MU,NHAI,N24001788,7-2020,12/2023,N.A.,2/2025,"2,271.86","3,372.97","3,916.00",853.53,96.77
GUJARAT,ROAD TRANSPORT AND HIGHWAYS,450,CONSTRUCTION OF EIGHT LANE EXPRESSWAY FROM KM 190.000 TO KM 217.500 GANDEVA TO ENA SECTION OF VADODA,NHAI,N24001789,7-2020,8/2023,N.A.,3/2025,"1,710.30","2,665.08","1,927.00",500.04,79.45
GUJARAT,ROAD TRANSPORT AND HIGHWAYS,451,SANCHORE - SANTALPUR FROM KM 67.000- KM 99.000 OF NH-754K (AJ-RGBS-PACKAGE-3),NHAI,N24001790,2-2020,8/2023,Dec-24,12/2024,752.30,N.A.,766.20,451.11,98.14
GUJARAT,ROAD TRANSPORT AND HIGHWAYS,452,SANCHORE - SANTALPUR FROM KM 4.888 - KM 35.000 OF NH-754K (AJ-RGBS-PACKAGE-1),NHAI,N24001791,2-2020,6/2023,Mar-24,5/2024,606.51,N.A.,657.00,453.89,98.99
GUJARAT,ROAD TRANSPORT AND HIGHWAYS,453,4L OF BAL WORKS OF TALAJA - MAHUVA FROM 54.990 KM. TO 100.450 KM. OF OLD NH- 8E (PACKAGE-II),NHAI,N24001792,3-2021,9/2022,N.A.,12/2024,536.03,N.A.,536.03,456.87,98.87
GUJARAT,ROAD TRANSPORT AND HIGHWAYS,454,4L OF BAL WORKS OF MAHUVA TO KAGVADAR FROM 100.450 KM. TO 140.470 KM. OF NH-8E (PKG- III),NHAI,N24001793,3-2021,9/2022,N.A.,12/2024,485.75,N.A.,485.75,384.80,97.71
GUJARAT,ROAD TRANSPORT AND HIGHWAYS,455,SANCHORE - SANTALPUR FROM KM 99.000- KM 130.073 OF NH-754K (AJ-RGBS-PACKAGE- 4),NHAI,N24001794,2-2020,3/2023,Dec-24,12/2024,778.15,N.A.,785.67,547.22,99.7
GUJARAT,ROAD TRANSPORT AND HIGHWAYS,456,4L KODINAR - VERAVAL (PACKAGE VI) FROM KM. 222.400 TO KM. 230.00 (KODINAR BYPASS) OF NH-8E (NH 51 NE,NHAI,N24001827,3-2022,3/2023,N.A.,11/2024,162.73,N.A.,162.73,131.79,95.3
GUJARAT,URBAN DEVELOPMENT,457,AHMEDABAD METRO RAIL PROJECT PHASE 1,AMR,N28000122,1 1 - 2 0 1 4,1 2 / 2 0 1 8,N.A.,5/2025,"10,773.00",N.A.,"12,924.55","12,384.48",99.82
GUJARAT,URBAN DEVELOPMENT,458,AHMEDABAD METRO RAIL PROJECT PHASE II,AMR,N28000137,3 - 2 0 1 9,3 / 2 0 2 4,N.A.,6/2025,"5,384.17",N.A.,"5,384.17","3,680.80",78.33
GUJARAT,URBAN DEVELOPMENT,459,SURAT METRO RAIL PROJECT,AMR,N28000138,3 - 2 0 1 9,3 / 2 0 24,N.A.,10/2025,"12,020.32",N.A.,"12,020.32","5,901.70",57.2
HARYANA,HEALTH AND FAMILY WELFARE,460,"ALL INDIA INSTITUTE OF MEDICAL SCIENCES AT MANETHI, HARYANA.",HITES,N21000032,3-2019,3/2023,Mar-26,3/2026,"1,294.34","1,294.34","1,294.34",142.76,6.18
HARYANA,HOME AFFAIRS,461,"C/o separate family accommodation (Phase-I) on EPC basis for SSB at Faridabad (Haryana)""",CPWD FOR MHA,N28000147,1-2020,10/2023,Mar-25,3/2025,166.98,170.23,170.23,123.85,90
HARYANA,PETROLEUM,462,R and D CAMPUS II AT FARIDABAD,IOCL,N16000375,6 - 2 0 1 9,1 2 / 2 0 22,Jul-25,7/2025,"2,281.94","3,219.94","3,219.94","1,619.01",61.8
HARYANA,PETROLEUM,463,CAPACITY EXPANSION OF PANIPAT REFINERY FROM 15 TO 25 MMTPA,IOCL,N16000412,2-2021,9/2024,Dec-25,12/2025,"34,627.00","38,231.00","38,231.00","16,028.63",78.7
HARYANA,PETROLEUM,464,POLY BUTADIENE RUBBER PLANT AT PANIPAT,IOCL,N16000458,3-2022,3/2025,N.A.,6/2026,"1,459.00","2,102.79","2,102.79",635.80,51
HARYANA,RAILWAYS,465,DOUBLING BETWEEN BHIWANI-DOBH BAHALI,NWR,N22000604,2 - 2 0 2 3,2 / 2 0 2 8,N.A.,12/2025,471.06,N.A.,471.06,51.33,35
HARYANA,RAILWAYS,466,DOUBLING BETWEEN REWARI-KATHUWAS (27.73 KM),NWR,N22000606,2-2023,6/2027,N.A.,12/2025,352.41,N.A.,352.41,74.51,21
HARYANA,ROAD TRANSPORT AND HIGHWAYS,467,UPGRADATION OF EXISTING 4 LANE ISMAILABAD-AMBALA SECTION (KM. 0+000 TO KM 42+500) (PART OF AMBALA-KO,NHAI,N24002037,1-2023,12/2025,N.A.,12/2025,609.32,609.00,609.00,120.39,30.3
HARYANA,ROAD TRANSPORT AND HIGHWAYS,468,CONSTRUCTION OF 6-LANE GREENFIELD KARNAL RING ROAD STARTING FROM NH-44 NEAR VILLAGE SHAMGARH (DESIGN,NHAI,N24002038,11-2022,8/2025,N.A.,8/2025,"1,691.45","1,998.00","1,998.00",591.02,42
HARYANA,ROAD TRANSPORT AND HIGHWAYS,469,CONSTRUCTION OF 6-LANE GREENFIELD AMBALA RING ROAD STARTING FROM JUNCTION WITH SHAMLI-AMBALA SECTION,NHAI,N24002039,2-2023,10/2025,N.A.,10/2025,"1,088.64","1,178.00","1,178.00",356.69,39
HARYANA,ROAD TRANSPORT AND HIGHWAYS,470,DEVELOPMENT OF SIX-LANE ACCESS CONTROLLED HIGHWAY FROM RANIPUR BARSI (SAHARANPUR DISTRICT) TO ADHOYA,NHAI,N24002040,4-2022,5/2025,N.A.,5/2028,"1,554.21",N.A.,"1,554.21",447.15,43.5
HARYANA,ROAD TRANSPORT AND HIGHWAYS,471,DEVELOPMENT OF SIX-LANE ACCESS CONTROLLED HIGHWAY FROM ADHOYA MUSALMANA (AMBALA DISTRICT) TO SADOPUR,NHAI,N24002041,4-2022,5/2025,N.A.,5/2025,"1,491.71",N.A.,"1,491.71",657.76,42.5
HARYANA,ROAD TRANSPORT AND HIGHWAYS,472,CONSTRUCTION OF 4-LANING OF BHIWANI HANSI ROAD SECTION OF NH 148B (DESIGN LENGTH 42.934 KM) UNDER BH,NHAI,N24002042,11-2022,12/2025,N.A.,12/2025,"1,322.13",N.A.,"1,322.13",271.85,61.02
HARYANA,ROAD TRANSPORT AND HIGHWAYS,473,CONSTRUCTION OF 4-LANE GREENFIELD JALBEHRA - SHAHBAD SECTION OF NH ? 152G FROM KM 0+000 TO KM 22+850,NHAI,N24002043,3-2022,6/2025,N.A.,6/2025,927.22,N.A.,927.22,389.40,60.03
HARYANA,ROAD TRANSPORT AND HIGHWAYS,474,4L AMBALA - KALAAMB FROM KM. -0.800 TO KM. 33.015 OF OLD NH-72,NHAI,N24002044,6-2023,6/2025,N.A.,6/2025,629.16,N.A.,629.16,152.00,73
HARYANA,ROAD TRANSPORT AND HIGHWAYS,475,CONSTRUCTION OF GREENFIELD CONNECTIVITY TO JEWAR INTERNATIONAL AIRPORT FROM DND FARIDABAD BALLABHGAR,NHAI,N24002048,7-2022,6/2025,N.A.,6/2025,"2,414.67","2,898.00","2,898.00","1,107.91",34.2
HARYANA,ROAD TRANSPORT AND HIGHWAYS,476,CONSTRUCTION OF 8 LANE DWARKA EXPRESSWAY (NH-248BB PACKAGE IV FROM RAIL OVER BRIDGE (ROB) TILL END P,NHAI,N24000835,3-2018,12/2020,Dec-24,3/2024,"1,484.30",N.A.,"2,182.41","1,237.02",100
HARYANA,ROAD TRANSPORT AND HIGHWAYS,477,"CONSTRUCTION OF 4-LANE NH-344P- PACKAGE-4 (FROM KM 0+000 TO KM 29+600, 29.6KM), STARTING FROM BAWANA",NHAI,N24001532,11-2021,11/2023,Jan-24,8/2024,694.00,"1,918.00","1,500.00","1,682.82",100
HARYANA,ROAD TRANSPORT AND HIGHWAYS,478,CONSTRUCTION OF 4-LANE GREEN FIELD DELHI-AMRITSAR-KATRA EXPRESSWAY (NE- 05) FROM JUSSUR KHERI ON KMP,NHAI,N24001533,11-2020,12/2023,N.A.,1/2025,"1,690.23",N.A.,"2,010.17","1,311.87",96.15
HARYANA,ROAD TRANSPORT AND HIGHWAYS,479,CONSTRUCTION OF FOUR-LANE GREENFIELD DELHI-AMRITSAR-KATRA EXPRESSWAY FROM JUNCTION WITH ROHTAK-PANIP,NHAI,N24001534,12-2020,1/2024,Apr-24,12/2024,"1,334.04",N.A.,"1,334.00",974.53,97.31
HARYANA,ROAD TRANSPORT AND HIGHWAYS,480,4-LANING OF GOHANA-SONIPAT (PKG-2) SECTION FROM KM 40.601 TO KM 78.837 (LENGTH = 38.236KM) OF NH-352,NHAI,N24001535,7-2020,7/2022,May-24,1/2025,899.00,"1,882.46","1,882.46","1,123.98",92.11
HARYANA,ROAD TRANSPORT AND HIGHWAYS,481,FOUR LANING OF JIND GOHANA GREENFIELD ALIGNMENT PACKAGE 1 IN THE STATE OF HARYANA UNDER HYBRID ANNUI,NHAI,N24001536,7-2020,7/2022,N.A.,1/2025,817.00,"1,605.00","1,605.00","1,025.56",98.9
HARYANA,ROAD TRANSPORT AND HIGHWAYS,482,CONSTRUCTION OF FOUR LANE GREENFIELD PROJECT OF DELHI-AMRITSAR-KATRA EXPRESSWAY (PHASE-I PKG-III) F,NHAI,N24001633,12-2020,12/2023,Feb-24,12/2024,"1,430.88",N.A.,"1,430.88","1,120.50",98.5
HARYANA,ROAD TRANSPORT AND HIGHWAYS,483,CONSTRUCTION OF FOUR LANE GREENFIELD PROJECT OF DELHI-AMRITSAR-KATRA EXPRESSWAY (PHASE-I PKG-IV) FRO,NHAI,N24001634,1-2021,12/2023,Mar-24,12/2024,"1,306.95",N.A.,"1,306.95",942.57,98.5
HARYANA,ROAD TRANSPORT AND HIGHWAYS,484,4 LANING OF JAGADHRI TAJEWALA ROAD SECTION OF NH 907 (OLD NH 73A) UNDER NH(O) (PKG 1) IN THE STATE O,NHAI,N24001635,3-2022,2/2025,N.A.,2/2025,"1,269.50",N.A.,"1,269.50",203.00,48
HARYANA,ROAD TRANSPORT AND HIGHWAYS,485,4- LANING OF ROHTAK-JIND SECTION FROM KM. 307+000 TO KM. 347+800 OF NH-71 AND CONNECTING LINK FROM K,NHAI,N24001673,3-2020,3/2023,Nov-24,1/2025,510.97,N.A.,510.97,529.00,88.5
HARYANA,ROAD TRANSPORT AND HIGHWAYS,486,CONSTRUCTION OF GURGAON - PATAUDI - REWARI SECTION OF NH-352W (DESIGN LENGTH 46.11 KM) AS FEEDER ROU,NHAI,N24001774,12-2020,11/2023,N.A.,6/2024,"1,524.03",N.A.,"1,524.03","1,092.82",61.25
HARYANA,ROAD TRANSPORT AND HIGHWAYS,487,CONSTRUCTION OF PROPOSED REWARI BYPASS (DESIGN LENGTH 14.4 KM) NH-11 AS A FEEDER ROUTE IN THE STATE,NHAI,N24001775,2-2020,1/2023,Dec-24,12/2024,808.31,N.A.,958.00,850.44,99.78
HARYANA,ROAD TRANSPORT AND HIGHWAYS,488,DWARKA EXPRESSWAY PKG-III (DELHI/HR BORDER TO START OF ROB GURUGRAM),NHAI,N24001780,1-2018,11/2020,Dec-24,3/2024,"2,228.00",N.A.,"2,228.00","1,411.27",100
HARYANA,ROAD TRANSPORT AND HIGHWAYS,489,CONSTRUCTION OF 8LANE EXPRESSWAY NE4 STARTING BEFORE KMP EXPRESSWAY AND ENDS AT CH. 47+000 NEAR KHAN,NHAI,N24001783,11-2018,9/2021,N.A.,1/2025,"2,252.75",N.A.,"2,252.75","1,223.07",99.95
HIMACHAL PRADESH,DEPARTMENT OF HIGHER EDUCATION,490,ESTABLISHMENT OF PERMANENT CAMPUS PHASE 1 OF IIM SIRMAUR,CPWD EDUCATION,N42000008,9-2018,6/2022,Dec-24,6/2025,392.51,N.A.,446.43,303.62,89.5
HIMACHAL PRADESH,DEPARTMENT OF HIGHER EDUCATION,491,CONSTRUCTION OF PERMANENT CAMPUSES OF CENTRAL UNIVERSITY OF HIMACHAL PRADESH AT DEHRA AND DHARAMSHAL,CPWD,N42000011,3-2021,11/2024,Jul-25,7/2025,512.37,300.45,300.45,107.22,59
HIMACHAL PRADESH,POWER,492,PARBATI HEP (4X200 MW) (NHPC) II,NHPC,180100210,9 - 2 0 0 2,9 / 2 0 09,N.A.,3/2025,"3,919.59",N.A.,"12,475.00","12,035.41",98.46
HIMACHAL PRADESH,POWER,493,LUHRI HYDROELECTRIC PROJECT (STAGE1),SJVN,N18000279,1 1 - 2 0 2 0,1 / 2 0 2 6,N.A.,6/2027,"1,810.56",N.A.,"3,060.71","1,653.93",51.02
HIMACHAL PRADESH,POWER,494,DHAULASIDH HYDROELECTRIC PROJECT (66 MW),SJVN,N18000291,10-2020,11/2025,N.A.,5/2026,687.97,N.A.,"1,426.00",763.95,62.94
HIMACHAL PRADESH,POWER,495,SUNNI DAM HYDRO ELECTRIC PROJECT,SJVN,N18000344,1 - 2 0 2 3,4 / 2 0 2 8,N.A.,4/2028,"2,614.51",N.A.,"2,614.51",865.35,27
HIMACHAL PRADESH,RAILWAYS,496,BHANUPALI-BILASPUR BERI NL,RVNL,N22000273,4 - 2 0 0 8,1 2 / 2 026,N.A.,3/2025,"2,966.99",N.A.,"6,753.42","5,369.57",0
HIMACHAL PRADESH,ROAD TRANSPORT AND HIGHWAYS,497,IMPROVEMENT/CONSTRUCTION OF EXISTING CLASS-5 ROAD TO NH INTERMEDIATE LANE SPECIFICATION WITH HARD SH,BRO,N24001915,3-2021,6/2026,N.A.,6/2026,230.54,N.A.,230.54,20.16,20.16
HIMACHAL PRADESH,ROAD TRANSPORT AND HIGHWAYS,498,IMPROVEMENT/CONSTRUCTION OF EXISTING CLASS 5 ROAD TO NH INTERMEDIATE LANE SPECIFICATION WITH HARD SH,BRO,N24001916,3-2021,5/2026,N.A.,5/2026,314.67,N.A.,314.67,64.12,26.26
HIMACHAL PRADESH,ROAD TRANSPORT AND HIGHWAYS,499,PKG NAME: 4L OF KATHLIGHAT TO SHAKRAL VILLAGE FROM KM 128.835 TO KM 146.300 OF NH- 5 (SHIMLA BYPASS,NHAI,N24002049,3-2022,4/2026,N.A.,4/2026,"1,703.48","2,278.00","2,278.00",651.98,14.5
HIMACHAL PRADESH,ROAD TRANSPORT AND HIGHWAYS,500,REHABILITATION AND UPGRADATION TO 4L CONFIGURATION and STRENGTHENING OF SIHUNI TO RAJOL FROM KM 51.0,NHAI,N24002050,2-2022,9/2025,N.A.,9/2025,696.65,698.46,698.46,346.73,43.54
HIMACHAL PRADESH,ROAD TRANSPORT AND HIGHWAYS,501,CONSTRUCTION OF NEW 2 LANE WITH PAVED SHOULDER OF HAMIRPUR BYPASS (PACKAGE IVA) OF NH-88 (NEW NH-103,NHAI,N24002051,7-2022,10/2025,N.A.,10/2025,739.39,N.A.,739.39,288.39,58.39
HIMACHAL PRADESH,ROAD TRANSPORT AND HIGHWAYS,502,REHABILITATION AND UP-GRADATION OF EXISTING ROAD TO 2L PS FROM END OF HAMIRPUR BYPASS (NEAR CHILBAHA,NHAI,N24002052,2-2022,4/2025,N.A.,4/2025,"1,146.19",N.A.,"1,146.19",893.35,56.16
HIMACHAL PRADESH,ROAD TRANSPORT AND HIGHWAYS,503,REHABILITATION AND UP-GRADATION TO 4L CONFIGURATION AND STRENGTHENING OF THANPURI TO PAROR SECTION F,NHAI,N24002192,6-2022,12/2025,N.A.,12/2025,815.69,815.69,815.69,337.30,13.17
HIMACHAL PRADESH,ROAD TRANSPORT AND HIGHWAYS,504,FOUR LANNING OF NERCHOWK-PANDOH BYPASS SECTION OF NH-21(PACKAGE-I KM 190.000 TO KM 221.305) UNDER NH,NHAI,N24000613,9-2016,7/2020,N.A.,8/2024,"1,273.71",N.A.,"1,478.61","1,413.88",93.08
HIMACHAL PRADESH,ROAD TRANSPORT AND HIGHWAYS,505,"FOUR LANING OF SOLAN-KAITHLIGHAT SECTION OF NH-22 (NOW NH-5) FROM KM 106.139 TO KM 129.050, ON EPC M",NHAI,N24000852,3-2018,5/2021,Dec-24,12/2024,478.74,N.A.,"1,514.46","1,349.59",83
HIMACHAL PRADESH,ROAD TRANSPORT AND HIGHWAYS,506,REHABILITATION AND UPGRADATION TO 2- LANE/2-LANE WITH PAVED SHOULDERS/4- LANE CONFIGURATION OF PAONTA,MoRTH,N24001381,8-2020,4/2021,N.A.,4/2021,272.98,N.A.,272.98,140.69,98.01
HIMACHAL PRADESH,ROAD TRANSPORT AND HIGHWAYS,507,REHABILITATION AND UPGRADATION TO 2- LANE CONFIGURATION OF HEWNA-ASHYARI SECTION (KM 25.000 TO KM 50.,MoRTH,N24001382,8-2020,3/2021,N.A.,7/2024,242.80,N.A.,242.80,91.93,85.9
HIMACHAL PRADESH,ROAD TRANSPORT AND HIGHWAYS,508,REHABILITATION AND UPGRADATION TO INTERMEDIATE LANE CONFIGURATION OF SHRI KYARI-GUMMA SECTION (KM 75,MoRTH,N24001383,8-2020,4/2021,N.A.,4/2021,349.20,N.A.,349.20,239.34,100
HIMACHAL PRADESH,ROAD TRANSPORT AND HIGHWAYS,509,REHABILITATION AND UPGRADATION TO 2- LANE CONFIGURATION OF ASHYARI-SHRI KYARI SECTION (KM 50.000 TO K,MoRTH,N24001422,2-2021,9/2021,N.A.,7/2024,345.89,N.A.,345.89,152.01,83.5
HIMACHAL PRADESH,ROAD TRANSPORT AND HIGHWAYS,510,REHABILITATION AND UPGRADATION TO 2- LANE CONFIGURATION OF HAMIRPUR- KARNOHAL SECTION (KM 141.000 TO K,MoRTH,N24001447,8-2020,12/2024,N.A.,12/2024,371.93,N.A.,371.93,194.31,0
HIMACHAL PRADESH,ROAD TRANSPORT AND HIGHWAYS,511,REHABILITATION AND UPGRADATION TO 2- LANE CONFIGURATION OF KALWAHAN-MANDI SECTION (KM 208.950 TO KM 2,MoRTH,N24001470,8-2020,4/2025,N.A.,4/2025,314.32,N.A.,314.32,80.06,0
HIMACHAL PRADESH,ROAD TRANSPORT AND HIGHWAYS,512,REHABILITATION AND UPGRADING FROM 2 L TO 4 L FROM BHANGBAR(NEAR RANITAL) TO KANGRA BYPASS SECTION OF,NHAI,N24001808,3-2021,12/2024,Dec-24,12/2024,"1,322.95","1,442.47","1,442.47",830.63,87.96
HIMACHAL PRADESH,ROAD TRANSPORT AND HIGHWAYS,513,CONVERSION OF PARTIALLY EXCAVATED ESCAPE TUNNEL TO UNIDIRECTIONAL TWO LANE TUNNEL (INCLUDING CONSTRU,NHAI,N24001809,5-2022,3/2024,Dec-24,12/2024,469.95,N.A.,280.00,299.33,95.68
HIMACHAL PRADESH,ROAD TRANSPORT AND HIGHWAYS,514,4L SUNDER NAGAR BYPASS FROM KM173.900 TO KM 179.600 OF NH-21 IN THE STATE OF HP,NHAI,N24001810,2-2022,6/2024,N.A.,6/2024,190.60,N.A.,163.00,103.48,100
HIMACHAL PRADESH,ROAD TRANSPORT AND HIGHWAYS,515,4L OF MO - SIHUNI FROM KM. 42.00 TO KM. 51.00 OF OLD NH-20 (NEW NH-154) (PACKAGE- IB),NHAI,N24001811,4-2021,6/2024,N.A.,3/2025,583.93,770.00,704.30,171.21,98.21
HIMACHAL PRADESH,ROAD TRANSPORT AND HIGHWAYS,516,4L OF HP/PUNJAB BO4L OF HP/PUNJAB BORDER - MO FROM KM. 11.00 TO KM. 42.00 OF OLD NH-20 (NEW NH-154),NHAI,N24001812,3-2021,5/2024,N.A.,12/2025,"1,002.11","1,361.79","1,361.79",189.64,41.78
HIMACHAL PRADESH,ROAD TRANSPORT AND HIGHWAYS,517,4L OF END OF PINJORE BYPASS - BADDI - NALAGARH SECTION (KM. 4.200 TO KM. 35.370) OF NH21A,NHAI,N24001813,7-2021,9/2024,N.A.,9/2024,"1,692.05",N.A.,"1,692.05",942.14,21.6
HIMACHAL PRADESH,URBAN DEVELOPMENT,518,CONSTRUCTION OF PERMANENT CAMPUS OF CENTRAL UNIVERSITY OF HIMACHAL PRADESH AT DEHRA AND JADRANGAL (D,CPWD,N28000154,4-2022,11/2024,N.A.,11/2024,512.34,N.A.,512.34,0.00,0
JAMMU AND KASHMIR,CIVIL AVIATION,519,JAMMU - CONSTRUCTION OF NEW CIVIL ENCLAVE,AAI,N04000107,7-2022,6/2026,N.A.,6/2026,861.37,N.A.,861.37,97.12,18
JAMMU AND KASHMIR,DEPARTMENT OF HIGHER EDUCATION,520,CONSTRUCTION OF PERMANENT CAMPUS OF IIM JAMMU (PHASE 1),CPWD EDUCATION,N28000130,3-2019,7/2022,Jan-25,1/2025,424.93,N.A.,500.91,471.92,96
JAMMU AND KASHMIR,DEPARTMENT OF HIGHER EDUCATION,521,CONSTRUCTION OF PERMANENT CAMPUS IIT JAMMU (PHASE 1C),CPWD EDUCATION,N28000131,1-2018,4/2023,Jan-25,1/2025,676.00,"1,148.68","1,144.68",64.75,99.5
JAMMU AND KASHMIR,HEALTH AND FAMILY WELFARE,522,C/O AIIMS AT AWANTIPORA (KASHMIR) JAMMU AND KASHMIR,CPWD FOR HEALTH,N28000150,3-2019,9/2025,Jan-25,11/2025,"1,828.00","1,577.00","1,577.00","1,195.95",60.5
JAMMU AND KASHMIR,HEALTH AND FAMILY WELFARE,523,"CONSTRUCTION OF AIIMS AT JAMMU VIJAYPUR, SAMBA JAMMU AND KASHMIR",CPWD FOR HEALTH,N21000029,3-2019,9/2023,Jan-25,1/2025,"1,404.00","1,642.00","1,642.00","1,449.66",99.8
JAMMU AND KASHMIR,PETROLEUM,524,SETTING UP A COMMON USER PETROLEUM TERMINAL AT JAMMU FOR RE-SITEMENT OF EXISTING DEPOTS OF PSU OMCS,BPCL,N16000500,4-2021,3/2025,N.A.,3/2025,676.89,N.A.,676.89,439.04,58
JAMMU AND KASHMIR,PETROLEUM,525,CGD PROJECT AT JAMMU DISTRICTS,IOCL,N16000527,3 - 2 0 2 2,3 / 2 0 3 2,Sep-34,9/2034,538.00,N.A.,538.00,3.63,0.4
JAMMU AND KASHMIR,POWER,526,PAKAL DUL HYDRO ELECTRIC PROJECT (1000 MW),CVPPPL,N18000172,10-2014,4/2020,Jul-25,9/2026,"8,112.12",N.A.,"8,112.12","5,468.49",63
JAMMU AND KASHMIR,POWER,527,KIRU HYDRO ELECTRIC PROJECT,CVPPPL,N18000278,3 - 2 0 1 9,8 / 2 0 2 4,N.A.,9/2026,"4,287.59",N.A.,"4,287.59","2,096.52",49.8
JAMMU AND KASHMIR,POWER,528,RATLE HE PROJECT,NHPC,N18000324,2 - 2 0 2 1,2/2026,N.A.,11/2028,"5,281.94",N.A.,"5,281.94",847.67,18.07
JAMMU AND KASHMIR,POWER,529,KWAR HE PROJECT,CVPPPL,N18000363,5 - 2 0 2 2,11/2026,N.A.,12/2027,"4,526.12",N.A.,"4,526.12",821.80,18.4
JAMMU AND KASHMIR,RAILWAYS,530,"UDHAMPUR-SRINAGAR-BARAMULLA (NL),NR",NR,220100133,3 - 1 9 9 5,1 1 / 2 0 0 2,Dec-24,12/2024,"2,500.00","37,012.26","42,500.00","41,676.68",99
JAMMU AND KASHMIR,ROAD TRANSPORT AND HIGHWAYS,531,CONSTRUCTION OF TWIN TUBE TUNNELS ON JAMMU KASHMIR RING ROAD (NH-244A) BETWEEN DESIGN CH. 50+600 TO,NHAI,N24001926,3-2023,6/2025,N.A.,6/2025,939.86,N.A.,939.86,295.14,45.36
JAMMU AND KASHMIR,ROAD TRANSPORT AND HIGHWAYS,532,"CONSTRUCTION OF 4 LANE WITH PAVED SHOULDER FROM (DESIGN CH. 14+200 TO 24+400), (DESIGN CH. 35+300 TO",BRO,N24001998,6-2022,8/2025,N.A.,8/2025,832.46,N.A.,823.46,362.09,46
JAMMU AND KASHMIR,ROAD TRANSPORT AND HIGHWAYS,533,2L NH-1 FROM KM 8.660 TO KM 33.775 (SUMBAL TO WAYUL) TO 4L DUAL CARRIAGEWAY NH STANDARD AS PART OF S,NHAI,N24002059,9-2022,6/2026,Jun-26,12/2026,"1,183.60",N.A.,"1,183.60",145.32,8.5
JAMMU AND KASHMIR,ROAD TRANSPORT AND HIGHWAYS,534,DELHI AMRITSAR KATRA EXPRESSWAY (PHASE-II PKG XVIII) DEVELOPMENT AND UPGRADATION OF FOUR LANE ACCESS,NHAI,N24002060,3-2023,11/2025,N.A.,11/2025,"1,107.00",N.A.,"1,107.00",120.47,24
JAMMU AND KASHMIR,ROAD TRANSPORT AND HIGHWAYS,535,4/6L ACCESS CONTROL EXPRESSWAY FROM DESIGN CHAINAGE KM 515.000 TO 528.300 (KUNJWANI TO SIDHRA SECTIO,NHAI,N24002061,8-2022,6/2025,N.A.,8/2025,"2,474.47",N.A.,"2,675.93",804.74,24.8
JAMMU AND KASHMIR,ROAD TRANSPORT AND HIGHWAYS,536,REHABILITATION AND UPGRADATION TO 2 LANE WITH PAVED SHOULDER FROM DESIGN CHAINAGE KM 162.800 TO KM,BRO,N24002119,10-2022,1/2026,N.A.,1/2026,562.45,N.A.,562.45,99.06,25
JAMMU AND KASHMIR,ROAD TRANSPORT AND HIGHWAYS,537,CONSTRUCTION OF 4 LANE WITH PAVED SHOULDER (PATTAN BYPASS) GREENFIELD BYPASS FROM EXISTING CH. KM 24,BRO,N24002179,3-2023,7/2026,N.A.,7/2026,980.21,N.A.,980.21,300.02,8
JAMMU AND KASHMIR,ROAD TRANSPORT AND HIGHWAYS,538,REHABILITATION AND UPGRADATION TO 2 LANE WITH PAVED SHOULDER FROM EXISTING CHAINAGE KM 166.100 TO KM,BRO,N24002180,9-2021,7/2026,N.A.,7/2026,734.64,N.A.,734.64,19.60,8
JAMMU AND KASHMIR,ROAD TRANSPORT AND HIGHWAYS,539,CONSTRUCTION OF 2 LANE WITH PAVED SHOULDERS (BARAMULLA BYPASS) GREENFIELD BYPASS FROM EXISTING CH. K,BRO,N24002185,3-2023,9/2026,N.A.,9/2026,992.43,N.A.,992.43,338.33,0
JAMMU AND KASHMIR,ROAD TRANSPORT AND HIGHWAYS,540,FOUR LANING OF UDHAMBUR - RAMBAN SECTION OF NH-1A,NHAI,N24000488,12-2015,12/2018,Dec-24,12/2024,"2,136.97","2,644.00","2,644.00","2,386.04",99.5
JAMMU AND KASHMIR,ROAD TRANSPORT AND HIGHWAYS,541,CONSTRUCTION OF STAND ALONE RING ROAD/ BYPASS AROUND JAMMU CITY IN THE STATE OF J AND K ON EPC MODE,NHAI,N24000717,12-2017,7/2021,Feb-25,2/2025,"1,471.75","1,471.75","1,903.98","1,630.29",97.7
JAMMU AND KASHMIR,ROAD TRANSPORT AND HIGHWAYS,542,UP-GRADATION TO 4-LANE WITH PAVED SHOULDER OF JAMMU-AKHNOOR ROAD SECTION OF NH-144A FROM GANESH VIHA,NHIDCL,N24000868,3-2018,7/2021,Aug-23,6/2025,253.44,N.A.,253.44,182.00,80.02
JAMMU AND KASHMIR,ROAD TRANSPORT AND HIGHWAYS,543,CONSTRUCTION OF (I) CONNECTING ROAD FROM Z-MORH TUNNEL TO ZOJILA TUNNEL AND (II) 14.150 KM LONG BI-D,NHIDCL,N24001256,8-2020,9/2026,N.A.,9/2026,"6,808.69",N.A.,"6,808.69","3,013.84",49.92
JAMMU AND KASHMIR,ROAD TRANSPORT AND HIGHWAYS,544,UP-GRADATION TO 2-LANE WITH PAVED SHOULDER FROM KM 12.850 TO KM20.300 OF 7.450KM LENGTH ON GOHA-KHEL,NHIDCL,N24001264,7-2020,4/2022,Oct-24,10/2025,228.39,N.A.,228.39,65.27,86.76
JAMMU AND KASHMIR,ROAD TRANSPORT AND HIGHWAYS,545,UP-GRADATION TO 2-LANE WITH PAVED SHOULDER FROM KM 20.300 TO KM 29.030 OF 8.730 KM LENGTH ON GOHA-K,NHIDCL,N24001266,7-2020,4/2022,Nov-23,3/2025,210.79,N.A.,210.79,67.63,87.37
JAMMU AND KASHMIR,ROAD TRANSPORT AND HIGHWAYS,546,KHELLANI-KHANABAL PKG-1,NHIDCL,N24001323,3 - 2 0 2 1,9 / 2 022,Oct-24,2/2025,486.45,N.A.,486.45,120.08,96.22
JAMMU AND KASHMIR,ROAD TRANSPORT AND HIGHWAYS,547,KHELLANI-KHANABAL PKG-3,NHIDCL,N24001341,3 - 2 0 2 1,1 2 / 2022,Oct-24,3/2025,398.51,N.A.,398.51,76.47,91.87
JAMMU AND KASHMIR,ROAD TRANSPORT AND HIGHWAYS,548,DONIPAWA TO ASHAJIPORA BYPASS PKG-7,NHIDCL,N24001342,3 - 2 0 2 1,1 2 / 2 0 2 2,N.A.,7/2024,260.40,N.A.,260.40,191.88,93.8
JAMMU AND KASHMIR,ROAD TRANSPORT AND HIGHWAYS,549,KHELLANI-KHANABAL PKG-2,NHIDCL,N24001394,7 - 2 0 2 1,2 / 2 023,Jun-25,12/2025,512.43,N.A.,512.43,65.31,49.01
JAMMU AND KASHMIR,ROAD TRANSPORT AND HIGHWAYS,550,KHELLANI-KHANABAL PKG-4,NHIDCL,N24001395,7 - 2 0 2 1,8 / 2 023,Dec-25,6/2026,859.67,N.A.,859.67,183.02,42.16
JAMMU AND KASHMIR,ROAD TRANSPORT AND HIGHWAYS,551,KHELLANI-KHANABAL PKG-5,NHIDCL,N24001396,7 - 2 0 2 1,2 / 2 023,Mar-25,6/2025,497.09,N.A.,497.09,156.00,77.19
JAMMU AND KASHMIR,ROAD TRANSPORT AND HIGHWAYS,552,GOHA-KHELLANI PKG-3,NHIDCL,N24001397,2 - 2 0 2 1,3/2023,Oct-24,2/2025,431.28,N.A.,431.28,330.04,93.61
JAMMU AND KASHMIR,ROAD TRANSPORT AND HIGHWAYS,553,BALANCE WORKS OF FOUR LANING FROM RAMBAN KM 151.00 TO BANIHAL KM 187.00 OF NH-1A (NOW NH-44) WITH VA,NHAI,N24001472,9-2021,12/2023,Oct-24,10/2024,811.19,N.A.,811.19,809.45,99
JAMMU AND KASHMIR,ROAD TRANSPORT AND HIGHWAYS,554,CONSTRUCTION OF FOUR LANE RINGROAD BYPASS SRINAGAR CITY,NHAI,N24001511,3-2021,2/2024,Apr-25,4/2025,"2,919.96",N.A.,"2,919.96","2,241.96",64
JAMMU AND KASHMIR,ROAD TRANSPORT AND HIGHWAYS,555,FOUR LANING OF JAMMU-AKHNOOR PKG-1,NHIDCL,N24001543,7 - 2 0 2 2,1 / 2 0 2 5,N.A.,4/2025,245.34,N.A.,245.34,53.42,36.7
JAMMU AND KASHMIR,ROAD TRANSPORT AND HIGHWAYS,556,DELHI-AMRITSAR-KATRA EXPRESSWAY (PHASE-II PKG-XVI) EXISTING JAKH (VIJAYPUR)-KUNJWANI SECTION OF NH-4,NHAI,N24001550,9-2021,9/2024,Sep-25,9/2025,"1,821.72","1,917.32","1,917.32",810.73,67.8
JAMMU AND KASHMIR,ROAD TRANSPORT AND HIGHWAYS,557,DELHI-AMRITSAR-KATRA EXPRESSWAY (PHASE-II PKG-XIV) FROM JUNCTION WITH PATHANKOT-GURDASPUR ROAD (NH-5,NHAI,N24001551,10-2021,9/2024,Jul-25,7/2025,"3,044.02","3,044.02","3,044.02","1,361.58",56.35
JAMMU AND KASHMIR,ROAD TRANSPORT AND HIGHWAYS,558,DELHI-AMRITSAR-KATRA EXPRESSWAY (PHASE-II PKG-XV) [JUNCTION WITH HIRANAGAR ROAD NEAR VILLAGE GURHA B,NHAI,N24001552,10-2021,9/2024,Sep-25,9/2025,"2,714.95","2,714.95","2,714.95","1,523.44",70.25
JAMMU AND KASHMIR,ROAD TRANSPORT AND HIGHWAYS,559,CORRIDOR EFFICIENCY IMPROVEMENT INCLUDING REMOVAL OF BLACK SPOTS IN LAKHANPUR - SAMBA SECTION OF NH-,NHAI,N24001619,8-2022,6/2024,Jun-25,6/2025,200.05,200.05,208.92,108.22,43.06
JAMMU AND KASHMIR,ROAD TRANSPORT AND HIGHWAYS,560,CONSTRUCTION OF TUNNELS/VIADUCTS AT IDENTIFIED SLIDING/SLIP ZONES AT KM 130.550 TO KM.130.750; KM.,NHAI,N24001620,9-2021,10/2023,May-25,5/2025,442.14,N.A.,442.14,281.01,19.88
JAMMU AND KASHMIR,ROAD TRANSPORT AND HIGHWAYS,561,"4L OF KM.165.092 TO KM.171.855 (NORTH BOUND) AND FROM KM.166.895 TO KM.173.638 (SOUTH BOUND), EXCL.",NHAI,N24001621,7-2021,8/2024,Jun-25,6/2025,614.48,N.A.,614.48,168.67,7
JAMMU AND KASHMIR,ROAD TRANSPORT AND HIGHWAYS,562,4L TWIN TUBE TUNNEL INCLUDING APPROACHES FROM DIGDOL TO KHUNI NALLAH (NORTH BOUND CONNECTING WITH EX,NHAI,N24001622,7-2021,6/2024,Jun-25,6/2025,"1,401.87",N.A.,"1,401.87",615.88,0
JAMMU AND KASHMIR,ROAD TRANSPORT AND HIGHWAYS,563,BANIHAL BYPASS (DELINKED FROM SRINAGAR - BANIHAL) FROM KM. 187.00 TO KM. 189.350,NHAI,N24001623,1-2020,1/2024,Jan-25,1/2025,336.01,N.A.,336.01,197.13,34
JAMMU AND KASHMIR,ROAD TRANSPORT AND HIGHWAYS,564,CONSTRUCTION OF EMERGENCY LANDING FACILITY FROM KM. 246.60 TO KM. 249.70 ON SRINAGAR - BANIHAL SECTI,NHAI,N24001624,7-2019,10/2020,Apr-23,9/2024,157.05,N.A.,157.05,139.54,100
JAMMU AND KASHMIR,ROAD TRANSPORT AND HIGHWAYS,565,4L OF TWIN TUBE TUNNEL CONFIGURATION INCLUDING APPROACHES FROM MAROG TO DIGDOL (FROM KM.154.210 TO K,NHAI,N24001627,7-2021,2/2025,Feb-25,2/2025,"1,912.17",N.A.,"1,912.17",72.85,0
JAMMU AND KASHMIR,ROAD TRANSPORT AND HIGHWAYS,566,JAMMU - AKHNOOR SECTION OF NH 144A PKG- 3B,NHIDCL,N24001833,7-2022,3/2025,N.A.,3/2025,198.28,N.A.,198.28,72.17,60.7
JAMMU AND KASHMIR,ROAD TRANSPORT AND HIGHWAYS,567,REHABILITATION AND UPGRADATION TO 2 LANE WITH PAVED SHOULDER FROM EXISTING CHAINAGE KM 102 TO KM 13,BRO,N24001897,3-2021,7/2024,Mar-25,3/2024,642.24,N.A.,642.24,498.80,95
JAMMU AND KASHMIR,ROAD TRANSPORT AND HIGHWAYS,568,REHABILITATION AND UPGRADATION TO 2 LANE WITH PAVED SHOULDER FROM EXISTING CHAINAGE KM 30.000 TO K,BRO,N24001898,7-2020,11/2024,N.A.,11/2024,272.49,N.A.,272.49,180.48,87.24
JAMMU AND KASHMIR,ROAD TRANSPORT AND HIGHWAYS,569,REHABILITATION AND UPGRADATION TO 2 LANE WITH PAVED SHOULDER FROM EXISTING CHAINAGE KM 134.95 TO KM,BRO,N24001899,2-2021,7/2024,N.A.,3/2025,395.25,N.A.,395.25,211.75,64
JAMMU AND KASHMIR,ROAD TRANSPORT AND HIGHWAYS,570,REHABILITATION AND UPGRADATION TO 2 LANE WITH PAVED SHOULDER FROM EXISTING CHAINAGE KM 49.150 TO KM,BRO,N24001900,3-2020,8/2024,N.A.,3/2025,796.97,N.A.,796.97,468.35,79
JAMMU AND KASHMIR,ROAD TRANSPORT AND HIGHWAYS,571,REHABILITATION AND UPGRADATION TO 2 LANE WITH PAVED SHOULDER FROM EXISTING CHAINAGE KM 64.535 TO K,BRO,N24001901,3-2020,9/2023,N.A.,3/2025,152.93,N.A.,152.93,103.81,78.27
JHARKHAND,COAL,572,RAJRAPPA RCE OCP ( 3.0 MTY),CCL,N06000087,1 2 - 2 0 0 9,3 / 2 016,N.A.,3/2025,510.85,N.A.,510.85,488.31,74.5
JHARKHAND,COAL,573,MURAIDIH UG TURN-KEY PROJECT,BCCL,N06000096,2 - 2 0 1 1,4 / 2 0 1 4,N.A.,1/2026,339.88,N.A.,339.88,190.48,70
JHARKHAND,COAL,574,MOONIDIH XV SEAM UG,BCCL,N06000098,8 - 2 0 1 1,3 /2019,N.A.,2/2026,"1,230.27",N.A.,"1,230.27",596.63,80
JHARKHAND,COAL,575,MADHUBAND NLW WASHERY,BCCL,N06000126,8 - 2 0 1 0,5 / 2 0 14,N.A.,11/2023,289.45,N.A.,302.00,300.01,100
JHARKHAND,COAL,576,CHITRA EAST (RCE) OCP,ECL,N06000169,8 - 2 0 1 8,3 /2024,Mar-26,3/2026,513.98,N.A.,513.98,218.74,51
JHARKHAND,COAL,577,TETARIAKHAR EXPANSION OCP,CCL,N06000186,1 1 - 2 0 1 9,3 / 2 0 2 3,N.A.,3/2025,243.52,N.A.,243.52,44.39,46.6
JHARKHAND,COAL,578,PACHWARA SOUTH COAL BLOCK,NLC,N06000193,7 - 2 0 1 3,9 / 2 0 2 8,N.A.,9/2028,"2,242.92","2,242.90","2,242.90",312.01,44
JHARKHAND,COAL,579,PATHERDIH 2.5 NLW COAL WASHERY,BCCL,N06000194,1 0 - 2 0 1 5,4 / 2 0 1 8,N.A.,6/2025,334.27,N.A.,334.27,127.62,43
JHARKHAND,COAL,580,REVISED PROJECT REPORT MAGADH EXPANSION OCP,CCL,N06000216,8-2020,3/2028,N.A.,3/2028,"7,254.37",N.A.,"7,254.37","1,318.42",19
JHARKHAND,COAL,581,EXPANSION PROJECT AMRAPALI OCP,CCL,N06000217,8 - 2 0 2 0,3 / 2 0 2 8,N.A.,3/2028,"5,136.15",N.A.,"5,136.15",770.67,19
JHARKHAND,COAL,582,UCE OF EPR OF NORTH URIMARI OCP,CCL,N06000218,7 - 2 0 2 1,3 / 2 0 2 6,N.A.,3/2026,778.80,N.A.,778.80,683.42,75
JHARKHAND,COAL,583,KOTRE BASANTPUR PACHMO OCP,CCL,N06000237,8 - 2 0 2 0,3 / 2 0 3 2,N.A.,3/2032,625.40,625.40,625.40,411.40,60
JHARKHAND,COAL,584,CHANDRAGUPT OCP,CCL,N06000238,8 - 2 0 2 0,3/2032,N.A.,3/2032,973.50,N.A.,973.50,7.95,12.4
JHARKHAND,COAL,585,SIRKA OCP,CCL,N06000239,5 - 2 0 2 0,3/2025,N.A.,3/2025,222.82,N.A.,222.82,139.31,60
JHARKHAND,COAL,586,JHARKHAND LAIYO OCP,CCL,N06000240,8 - 2 0 2 0,3 /2031,N.A.,3/2031,764.57,N.A.,764.57,145.80,20
JHARKHAND,COAL,587,EPR TAPIN SOUTH OCP,CCL,N06000241,1 1 - 2 0 2 0,3/2025,N.A.,3/2025,230.41,N.A.,230.41,18.14,18.3
JHARKHAND,COAL,588,EPR PUNDI OCP,CCL,N06000242,1 1 - 2 0 2 0,3/2027,N.A.,3/2027,713.35,N.A.,713.35,236.57,39
JHARKHAND,COAL,589,EPR ROHINI KARKATA OCP,CCL,N06000243,1 - 2 0 2 1,3 / 2028,N.A.,3/2028,"1,020.42",N.A.,"1,020.42",82.92,11.7
JHARKHAND,COAL,590,EXPANSION OF KONAR OCP,CCL,N06000245,1 - 2 0 2 2,3 / 2 032,N.A.,3/2032,799.34,N.A.,799.34,390.37,32
JHARKHAND,COAL,591,EXPANSION OF KARO OCP,CCL,N06000246,1 - 2 0 2 2,3 / 2026,N.A.,3/2026,908.47,N.A.,908.47,145.93,17.2
JHARKHAND,COAL,592,EXPANSION OF ASHOK OCP,CCL,N06000247,5 - 2 0 2 1,3 / 2 028,N.A.,3/2028,"2,898.28",N.A.,"2,898.28",175.01,12.1
JHARKHAND,COAL,593,AMALGAMATED NTST KUJAMA OCP 8.5 MTY,BCCL,N06000273,1 - 2 0 2 3,3 / 2 0 3 0,N.A.,3/2030,"4,011.85",N.A.,"4,011.85",389.65,24.2
JHARKHAND,COAL,594,HURA C OC,ECL,N06000275,8 - 2 0 2 2,3/2029,N.A.,3/2029,859.41,N.A.,859.41,337.90,62
JHARKHAND,COAL,595,CHUPERBHITA- SIMLONG OCP,ECL,N06000280,1 2 - 2 0 2 3,3 / 2 0 33,Mar-37,3/2037,979.08,N.A.,979.08,0.00,0
JHARKHAND,DEPARTMENT OF HIGHER EDUCATION,596,2000 BOYS HOSTEL(1000 DOUBLE BEDDED ROOM) AT ISM DHANBAD,CPWD EDUCATION,N28000067,9-2012,3/2016,N.A.,3/2016,171.86,N.A.,171.86,175.73,0
JHARKHAND,PETROLEUM,597,DEVELOPMENT PLAN OF CBM - BOKARO BLOCK,ONGC,N16000239,12-2015,3/2023,Mar-24,3/2025,823.27,"1,137.79","1,137.79","1,058.54",83.1
JHARKHAND,PETROLEUM,598,DEVELOPMENT OF JHARIA CBM BLOCK (PHASE-1),ONGC,N16000445,11-2019,1/2024,Mar-25,3/2025,431.00,N.A.,431.00,168.59,56.8
JHARKHAND,PETROLEUM,599,LAYING OF NATURAL GAS PIPELINE FROM HAZARIBAGH TO RANCHI,IOCL,N16000480,3-2023,2/2026,N.A.,2/2026,202.07,N.A.,202.07,46.27,36.09
JHARKHAND,PETROLEUM,600,CGD PROJECT IN BIHAR JHARKHAND,HPCL,N16000497,6 - 2 0 2 2,6 / 2 0 3 0,N.A.,6/2030,"1,377.00",N.A.,"1,377.00",192.76,19
JHARKHAND,POWER,601,NORTH KARANPURA STPP (3X660 MW),NTPC,N18000177,2 - 2 0 1 4,6 / 2 0 1 9,Oct-22,3/2025,"16,242.90",N.A.,"17,007.00","16,529.62",85
JHARKHAND,POWER,602,PATRATU STPP-I (3X800MW),NTPC,N18000275,1 1 - 2 0 1 7,3 / 2023,N.A.,11/2025,"17,112.00",N.A.,"17,112.00","13,151.45",68
JHARKHAND,POWER,603,BADAM COAL MINING PROJECT,NTPC,N18000367,2 - 2 0 1 9,1 0 / 2 0 24,N.A.,6/2025,501.79,784.00,501.79,144.35,54
JHARKHAND,POWER,604,KERANDARI COAL MINING PROJECT,NTPC,N18000370,9 - 2 0 1 5,1 1 / 2 0 1 9,Jan-24,1/2024,"1,553.00",N.A.,"2,804.00",85.00,56
JHARKHAND,RAILWAYS,605,"KODERMA-TILAIYA (NL), ECR",ECR,220100305,4 - 2 0 0 2,,N.A.,3/2025,459.91,"1,625.87","1,700.00","1,834.73",70
JHARKHAND,RAILWAYS,606,BONDAMUNDA RANCHI DOUBLING,SER,N22000396,3 - 2 0 1 6,3 / 2 0 2 1,N.A.,6/2026,"1,724.20","3,029.04","3,029.04","2,236.25",80
JHARKHAND,RAILWAYS,607,LODHMA TO PISKA LINK LINE BY PASSING HATIA/RANCHI WITH Y CONNECTION (17.2 KM),SER,N22000508,4-2018,6/2022,N.A.,6/2026,428.65,N.A.,472.50,275.01,2
JHARKHAND,RAILWAYS,608,DOUBLING OF PRADHANKHUNTA JN - PATHERDIH BAZAR-BHOJUDIH,ECR,N22000529,11-2022,11/2027,N.A.,11/2027,202.00,349.22,349.22,18.82,0
JHARKHAND,RAILWAYS,609,KHARAGPUR-ADITYAPUR - 3RD LINE (132 KM),RVNL,N22000595,1 2 - 2 0 1 5,3 / 2 0 2 5,N.A.,3/2025,"1,116.00",N.A.,"3,270.07","2,899.45",0
JHARKHAND,RAILWAYS,610,3RD LINE BETWEEN DHANBAD SONNAGAR,RVNL,N22000599,1 1 - 2 0 1 6,3 / 2 0 2 6,N.A.,3/2026,"8,975.00",N.A.,"7,906.38","4,705.38",0
JHARKHAND,RAILWAYS,611,GARHWA ROAD - RAIL OVER RAIL,ECR,N22000610,3 - 2 0 1 7,3 / 2 0 2 4,N.A.,3/2025,262.71,N.A.,262.71,199.17,73
JHARKHAND,RAILWAYS,612,GOMOH - FLYOVER FOR DOWN TRAINS,ECR,N22000611,1 - 2 0 1 8,1 2 / 2 0 2 5,N.A.,12/2025,487.73,N.A.,487.73,337.91,16
JHARKHAND,ROAD TRANSPORT AND HIGHWAYS,613,WIDENING TO 2-LANE WITH PAVED SHOULDER FROM KM 0.00 TO 44.00 (KURU- GHAGHRA SECTION) OF NH-143A INCLU,MoRTH,N24001922,2-2020,8/2023,Dec-24,12/2024,153.01,N.A.,153.01,83.63,84
JHARKHAND,ROAD TRANSPORT AND HIGHWAYS,614,WIDENING AND STRENGTHENING OF EXISTING PAVEEMNT TO TWO LANE WITH PAVED SHOULDERS FROM KM 116.00 TO K,MoRTH,N24001923,1-2022,7/2024,Dec-24,12/2024,315.21,N.A.,315.21,81.74,75
JHARKHAND,ROAD TRANSPORT AND HIGHWAYS,615,WIDENING AND STRENGTHENING TO TWO LANE WITH PAVED SHOULDER/TWO LANE+ PAVED SHOULDER WITH SERVICE ROA,MoRTH,N24001924,3-2022,8/2025,N.A.,8/2025,514.22,N.A.,514.22,10.49,6
JHARKHAND,ROAD TRANSPORT AND HIGHWAYS,616,WIDENING AND STRENGTHENING/RECONSTRUCTION TO TWO LANE WITH PAVED SHOULDER/ TWO LANE WITH PAVED SHOUL,MoRTH,N24001925,3-2022,8/2025,N.A.,8/2025,423.18,N.A.,423.18,0.11,0
JHARKHAND,ROAD TRANSPORT AND HIGHWAYS,617,FOUR LANING OF KHAJURI TO WYNDHAMGANJ FROM KM 219.600 TO KM 260.483 ON NH-75 PKG SEC-V ON HAM,NHAI,N24002053,4-2022,9/2025,N.A.,9/2025,"1,232.00","1,343.00","1,400.00",426.45,60.1
JHARKHAND,ROAD TRANSPORT AND HIGHWAYS,618,FOUR LANING OF BHOGU TO SANKHA FROM KM 147.450 TO KM 196.870 ON NH-75 PKG SEC- III,NHAI,N24002054,10-2022,11/2025,N.A.,11/2025,"1,390.77","1,391.00","1,600.00",282.05,58.35
JHARKHAND,ROAD TRANSPORT AND HIGHWAYS,619,FOUR LANING OF BASUKINATH-DEOGHAR SECTION OF NH-114A FROM KM 85.081 TO KM 130.240 UNDER NHDP PHASE-I,NHAI,N24002055,3-2023,12/2025,N.A.,12/2025,"1,444.94",N.A.,"1,444.94",0.00,0
JHARKHAND,ROAD TRANSPORT AND HIGHWAYS,620,BHARATMALA PARIYOJANA OF BOKARO JAINA MORE - GOLA SECTION OF NH-320 FROM KM. 21.110 TO KM. 53.600 IN,NHAI,N24002056,6-2020,6/2025,N.A.,6/2025,964.64,N.A.,964.64,362.33,36.61
JHARKHAND,ROAD TRANSPORT AND HIGHWAYS,621,FOUR LANING OF MEHGAMA HANSDIHA SECTION OF NH-33 FROM EXISTING KM 41.900 TO 93.000 IN THE STATE OF J,NHAI,N24002057,12-2022,5/2025,N.A.,5/2025,"1,443.77",N.A.,"1,443.77",0.00,0
JHARKHAND,ROAD TRANSPORT AND HIGHWAYS,622,SIX LANING OF BIHAR - JHARKHAND BORDER (CHORDAHA) TO GORHAR SECTION,NHAI,N24000726,1-2018,11/2021,Jun-25,6/2025,"1,155.16",N.A.,950.49,629.74,69
JHARKHAND,ROAD TRANSPORT AND HIGHWAYS,623,WIDENING TO 2 LANE WITH PAVED SHOULDERS AND GEOMETRIC IMPROVEMENT OF NH-114A FROM KM 141 TO KM 184 I,MoRTH,N24001216,12-2016,9/2021,Dec-24,12/2024,196.00,N.A.,196.00,164.21,90
JHARKHAND,ROAD TRANSPORT AND HIGHWAYS,624,HARIHARGANJ TO PARWA MODE SECTION FROM KM 23.284 TO KM 57.049 OF NH-98,NHAI,N24001589,9-2020,3/2024,Dec-24,4/2025,755.26,N.A.,"1,039.00",552.68,83.3
JHARKHAND,ROAD TRANSPORT AND HIGHWAYS,625,4L FROM KM 196.87 (SANKHA) TO KM 219.6 (KHAJURI) ON NH-75 [REHLA / GARHWA BYPASS],NHAI,N24001590,9-2020,10/2023,Dec-24,1/2025,748.99,N.A.,903.00,817.42,99.99
JHARKHAND,ROAD TRANSPORT AND HIGHWAYS,626,ELEVATED CORRIDOR IN RANCHI CITY FROM KM 0.00 TO KM 3.260 OF NH-75 INCLUDING DOWN RAMP ON NH-23 FROM,NHAI,N24001594,2-2022,1/2025,N.A.,1/2025,534.73,N.A.,534.73,95.31,78
JHARKHAND,ROAD TRANSPORT AND HIGHWAYS,627,4L OF PALMA TO GUMLA SECTION OF NH23 FROM KM. 26.00 TO KM. 89.170 ON HAM MODE IN THE STATE OF JHARKH,NHAI,N24001595,8-2020,3/2024,Jan-25,1/2025,"1,034.00","1,785.18","1,785.18",41.50,91.15
JHARKHAND,ROAD TRANSPORT AND HIGHWAYS,628,4L OF MIRZA CHAUKI TO FARKKA SECTION OF NH80 FROM KM 215.00 TO KM 260.00 ON HAM MODE IN THE STATE OF,NHAI,N24001596,11-2021,7/2023,Jun-25,6/2025,"1,302.72","1,504.80","1,504.80",837.23,67.31
JHARKHAND,ROAD TRANSPORT AND HIGHWAYS,629,FOUR LANING WITH PAVED SHOULDER OF SECTION FROM KM 53.600 (GOLA ON NH-320) TO KM 81.446 (ORMANJHI ON,NHAI,N24001854,6-2023,6/2025,N.A.,6/2025,"1,214.93","1,324.95","1,324.95",650.50,56
JHARKHAND,STEEL,630,NEW SINTER PLANT AT BOKARO STEEL PLANT,SAIL,N12000095,3-2015,10/2017,Nov-26,11/2026,"1,034.01","1,752.30","1,752.30",872.03,51.75
JHARKHAND,STEEL,631,REVAMPING OF OLD SUB SYSTEM OF BLAST FURNACE 3 AT BOKARO STEEL PLANT,SAIL,N12000129,9-2023,7/2025,N.A.,7/2025,513.82,N.A.,513.82,87.73,55
JHARKHAND,STEEL,632,REBUILDING OF COKE OVEN BATTERY NO.6 OF BOKARO STEEL PLANT,SAIL,N12000133,11-2023,11/2026,N.A.,11/2026,627.31,N.A.,627.31,67.50,28
JHARKHAND,STEEL,633,REPLACEMENT OF REMAINING 04 NOS. OF BATTERY CYCLONES WITH 04 NOS. OF ESPS IN SINTER PLANT-1 AT BSL,SAIL,N12000135,3-2024,6/2026,N.A.,6/2026,260.37,N.A.,260.37,0.00,4.5
KARNATAKA,CIVIL AVIATION,634,BELAGAVI AIRPORT- EXPANSION OF TERMINAL BUILDING AND ASSOCIATED WORKS,AAI,N04000105,6-2023,2/2026,N.A.,2/2026,322.45,N.A.,322.45,60.04,26
KARNATAKA,CIVIL AVIATION,635,HUBBALI AIRPORT - CONSTRUCTION OF NEW DOMESTIC TERMINAL BUILDING AND MISCELLANEOUS WORKS,AAI,N04000108,6-2023,2/2026,N.A.,1/2026,320.47,N.A.,320.47,28.25,20
KARNATAKA,DEPARTMENT OF HIGHER EDUCATION,636,"CONSTRUCTION OF PERMANENT CAMPUS FOR INDIAN INSTITUTE OF TECHNOLOGY, DHARWAD (PHASE 1A)",CPWD EDUCATION,N42000006,7-2019,3/2022,N.A.,3/2023,851.00,851.00,851.00,888.66,0
KARNATAKA,DEPARTMENT OF HIGHER EDUCATION,637,ADDITIONAL INFRASTRUCTURE AT IISC BANGALORE SH RCC MONOLITHIC FOR MEN WOMEN HOSTEL,CPWD,N42000010,8-2021,2/2024,Nov-24,11/2024,316.25,N.A.,316.25,333.42,94
KARNATAKA,PETROLEUM,638,CONSTRUCTION OF 80000MT LPG CAVERN AT MANGALORE,HPCL,N16000369,12-2018,12/2022,Mar-25,3/2025,854.00,854.00,854.00,654.47,93.2
KARNATAKA,PETROLEUM,639,"REVAMPING, AUGMENTATION OF FACILITIES AT EXISTING PORT TERMINAL AT MANGALORE",IOCL,N16000437,1-2022,7/2025,Dec-25,12/2025,463.00,500.62,500.62,195.84,59.7
KARNATAKA,PETROLEUM,640,POWER SYSTEM UPGRADATION PROJECT,MANGALORE REFIN,N16000509,1 0 - 2 0 2 3,2 / 2 0 2 6,N.A.,2/2026,385.00,N.A.,385.00,62.87,33.29
KARNATAKA,PETROLEUM,641,DEMO PLANT FOR PRODUCTION OF BIO-ATF,MANGALORE REFIN,N16000536,3 - 2 0 2 4,3 / 2 0 2 7,N.A.,3/2027,364.00,N.A.,364.00,7.24,0.7
KARNATAKA,POWER,642,TS FOR INTRGRATION OF RE ZONE (PHASE II) IN KOPPAL II (PHASE A and B) AND GADAG II (PHASE A) IN KARN,PGCIL,N18000385,12-2023,12/2025,N.A.,12/2025,"2,889.00",N.A.,"2,889.00",207.00,11
KARNATAKA,POWER,643,"TS FOR SOLAR ENERGY ZONE IN BIDAR (2500MW), KARNATAKA [BIDAR TRANSMISSION LTD]",PGCIL,N18000388,2-2024,2/2026,N.A.,2/2026,"2,148.00",N.A.,"2,148.00",224.00,23
KARNATAKA,RAILWAYS,644,TUMKUR-CHITRADURGA-DAVENGERE NL,SWR,N22000256,4 - 2 0 1 1,,N.A.,6/2027,"1,801.01",N.A.,"1,801.01",488.95,12
KARNATAKA,RAILWAYS,645,BAGALKOT-KUDACHI NL,SWR,N22000258,4 - 2 0 1 0,3 /2016,N.A.,3/2027,986.30,"1,378.00","1,378.00",578.26,34
KARNATAKA,RAILWAYS,646,HOSPET-HUBLI-LONDA-VASCODAGAMA DL,RVNL,N22000297,4 - 2 0 1 0,3 / 2 0 2 3,N.A.,12/2026,"2,127.00",N.A.,"3,692.60","3,505.49",0
KARNATAKA,RAILWAYS,647,GADAG-WADI NL,SWR,N22000299,4 - 2 0 1 3,12/2018,N.A.,12/2027,"2,841.84",N.A.,"2,841.84","1,217.38",28
KARNATAKA,RAILWAYS,648,MARIKUPPAM - KUPPAM,SWR,N22000308,4 - 2 0 1 2,3 /2016,N.A.,12/2027,279.54,296.72,296.72,106.75,14
KARNATAKA,RAILWAYS,649,KADUR CHIKMAGALUR SAKLESHPUR NEW LINE (93 KM),SWR,N22000486,3-1996,3/2017,N.A.,3/2026,644.78,825.31,825.31,620.43,66
KARNATAKA,RAILWAYS,650,BAIYYAPPANAHALLI-HOSUR (48 KM),NCRTC,N22000542,4 - 2 0 1 9,3 / 2 0 2 6,N.A.,3/2026,375.67,N.A.,375.67,0.00,0
KARNATAKA,RAILWAYS,651,YESHVANTHPUR-CHANNASANDRA (21.7 KM),NCRTC,N22000543,4 - 2 0 1 9,3 / 2 0 2 6,N.A.,3/2026,169.65,N.A.,169.65,71.75,0
KARNATAKA,RAILWAYS,652,BELGAUM-DHARWAD VIA KITTUR (73.10 KM) (UMBRELLA WORK PB#22/2019-20/NR),SWR,N22000557,9-2020,3/2026,N.A.,12/2027,"1,590.80",927.42,927.42,0.45,0
KARNATAKA,RAILWAYS,653,HASSAN (ALUR) - BELUR (32 KM) (UMBRELLA WORK PB#23/2018-19/NR),SWR,N22000558,6-2019,4/2028,N.A.,3/2028,663.03,748.85,748.85,0.34,1
KARNATAKA,RAILWAYS,654,SHIMOGA-SHIKARIPURA-RANEBENNUR (UMBRELLA WORK PB#23/2018-19/NR),SWR,N22000559,9-2019,12/2027,N.A.,12/2027,"1,453.73",994.47,994.47,66.29,7
KARNATAKA,RAILWAYS,655,BANGALORE-WHITEFIELD-BANGALORE CITY- KRISHNARAJAPURAM QUADRUPLING,SWR,N22000621,3-2018,3/2025,N.A.,6/2025,492.87,N.A.,492.87,184.42,46
KARNATAKA,ROAD TRANSPORT AND HIGHWAYS,656,BALANCE WORK OF CONTSRUCTION OF TWO/FOUR LANE WITH PAVED SHOULDER FROM KM. 54.370 TO KM. 101.400 (BI,MoRTH,N24001936,3-2021,3/2023,Jul-24,7/2024,344.79,N.A.,344.79,10.00,90
KARNATAKA,ROAD TRANSPORT AND HIGHWAYS,657,BALANCE WORK OF REHABILITATION AND UPGRADING TO 2LANE/2LANE WITH PAVED SHOULDER CONFIGURATION AND ST,MoRTH,N24001937,2-2023,2/2024,Feb-25,2/2025,398.48,N.A.,398.48,5.00,50
KARNATAKA,ROAD TRANSPORT AND HIGHWAYS,658,"CONSTRUCTION OF ELEVATED CORRIDOR FROM KM. 135.650 TO 136.300 ON 63, FROM KM. 249 TO KM. 250.050 ON",MoRTH,N24001938,6-2021,6/2024,Jun-25,6/2025,298.00,N.A.,298.00,10.70,52
KARNATAKA,ROAD TRANSPORT AND HIGHWAYS,659,WIDENING TO 2 LANE WITH PAVED SHOULDERS FROM DESIGN KM 103.200 (EXISTING KM 103.200) TO DESIGN KM 11,MoRTH,N24001940,1-2023,1/2026,Sep-25,9/2025,166.58,N.A.,166.58,3.54,0
KARNATAKA,ROAD TRANSPORT AND HIGHWAYS,660,WIDENING TO 4 LANE FROM KM. 133.00 TO 158.04 (DESIGN CHAINAGE KM. 130.88 TO 155.145) (SHIRUR CROSS T,MoRTH,N24001941,1-2023,1/2025,Jan-25,1/2025,350.69,N.A.,350.69,10.00,56
KARNATAKA,ROAD TRANSPORT AND HIGHWAYS,661,WIDENING TO TWO LANE WITH PAVED SHOULDERS FROM KM. 33.13 TO KM. 40.23 AND KM. 52.00 TO KM. 71.00 (EX,MoRTH,N24001943,9-2022,3/2024,Jan-25,1/2025,172.98,N.A.,172.98,6.48,65
KARNATAKA,ROAD TRANSPORT AND HIGHWAYS,662,WIDENING TO INTERMEDIATE/TWO LANE TO 2 LANE WITH PAVED SHOULDER FROM EXISTING CHANAGES KM 112.750 TO,MoRTH,N24001944,1-2023,6/2024,Jul-24,7/2024,255.88,N.A.,255.88,60.99,78
KARNATAKA,ROAD TRANSPORT AND HIGHWAYS,663,WIDENING TO 2 LANE WITH PAVED SHOULDERS FROM KM 116.800 TO 149.070(DESIGN CHANGES) ON HOSADURGA HOL,MoRTH,N24001945,8-2022,2/2024,Dec-24,12/2024,170.34,N.A.,170.34,4.25,72
KARNATAKA,ROAD TRANSPORT AND HIGHWAYS,664,"WIDENING TO 2 LANES WITH PAVED SHOULDERS FROM KM 24.400 TO 27.270, 40.500 TO 41.900, 84.300 TO 88.20",MoRTH,N24001946,11-2022,11/2024,Nov-24,11/2024,218.93,N.A.,218.93,10.00,95
KARNATAKA,ROAD TRANSPORT AND HIGHWAYS,665,WIDENING TO EXISTING 2 LANE WITH PAVED SHOULDER TO 4 LANE WITH PAVED SHOULDER FROM DESIGN KM 153.00,MoRTH,N24001947,2-2023,2/2025,Feb-25,2/2025,177.94,N.A.,177.94,6.66,47
KARNATAKA,ROAD TRANSPORT AND HIGHWAYS,666,WIDENING TO 4 LANE FROM KM 51.60 TO 76.20 (HEBRI TO PARKALA) AND FROM KM 85.20 TO 88.90 (KARAVALI JU,MoRTH,N24001948,10-2022,10/2024,Dec-24,12/2024,355.72,N.A.,355.72,11.32,60
KARNATAKA,ROAD TRANSPORT AND HIGHWAYS,667,FOUR LANING OF LEFT OVER WORKS OF HOSPET BELLARY KARNATAKA/ AP BORDER FROM KM.280.080 TO KM. 375.450,NHAI,N24001989,3-2023,5/2025,N.A.,5/2025,830.28,N.A.,830.28,484.23,57.04
KARNATAKA,ROAD TRANSPORT AND HIGHWAYS,668,DEVELOPMENT OF 6 LANE ACCESS CONTROLLED GREENFIELD HIGHWAY FROM KM. 97.000 TO KM. 162.500 MARADGI S,NHAI,N24001993,12-2022,10/2025,N.A.,10/2025,"1,589.00",N.A.,"1,589.00",483.76,50.61
KARNATAKA,ROAD TRANSPORT AND HIGHWAYS,669,4/6L OF BANGALORE - PUNE SECTION OF BYPASS CONNECTING DHARWAD - HUBLI FROM KM. 403.80 TO KM. 433.20,NHAI,N24001994,5-2022,3/2023,N.A.,9/2025,"1,135.39",N.A.,"1,135.39",256.52,48.64
KARNATAKA,ROAD TRANSPORT AND HIGHWAYS,670,BALANCE WORK OF CONSTRUCTION OF TWO/FOUR LANE WITH PAVED SHOULDER FROM KM 422.000 TO 523.600 ( CHITR,MoRTH,N24002011,12-2021,6/2024,Dec-24,12/2024,516.96,N.A.,516.96,19.93,70
KARNATAKA,ROAD TRANSPORT AND HIGHWAYS,671,WIDENING TO TWO LANE WITH PAVED SHOULDERS FROM KM 40.00 TO KM 75.00 (EXISTING CHAINAGES) OF MANGALOR,MoRTH,N24002012,3-2023,3/2025,Mar-25,3/2025,718.52,N.A.,718.52,24.81,23
KARNATAKA,ROAD TRANSPORT AND HIGHWAYS,672,CONSTRUCTION OF TWO LANE WITH PAVED SHOULDER FROM KM.0 TO KM. 80 ON NH 548B (VIJAYAPURA-SANKESWAR SE,MoRTH,N24002013,3-2021,2/2022,Oct-24,10/2024,766.64,N.A.,766.64,13.55,75
KARNATAKA,ROAD TRANSPORT AND HIGHWAYS,673,WIDENING TO 2 LANE WITH PAVED SHOULDERS FROM DESIGN KM 103.200 (EXISTING KM 103.200) TO DESIGN KM 11,MoRTH,N24002186,3-2024,9/2025,N.A.,9/2025,166.58,N.A.,166.58,3.62,0
KARNATAKA,ROAD TRANSPORT AND HIGHWAYS,674,CONSTRUCTION OF 2 LANE WITH PAVED SHOULDER FROM KM 55.6 TO KM 90.7 (EXISTING CHAINAGES) OF NH-766C (,MoRTH,N24002187,2-2024,2/2026,N.A.,2/2026,313.56,N.A.,313.56,53.65,0
KARNATAKA,ROAD TRANSPORT AND HIGHWAYS,675,WIDENING TO 2L+PS FROM KM 71.00 TO 104.00 (EXISTING CHAINAGES) (SARJAPUR TO PATTADKALLU) ON BHANAPUR,MoRTH,N24002188,3-2024,3/2026,N.A.,3/2026,445.62,N.A.,445.62,33.24,0
KARNATAKA,ROAD TRANSPORT AND HIGHWAYS,676,WIDENING TO TWO LANE WITH PAVED SHOULDERS FROM KM 0.00 (DESIGN CHAINAGE 0.00) TO KM 23.338 (DESIGN C,MoRTH,N24002189,9-2024,3/2026,N.A.,3/2026,196.05,N.A.,196.05,2.34,0
KARNATAKA,ROAD TRANSPORT AND HIGHWAYS,677,STRENGTHENING AND WIDENING TO TWO LANE WITH PAVED SHOULDERS FROM KM.106.00 TO 153.00 OF NH-218 BIJAP,MoRTH,N24000334,3-2015,11/2015,Aug-24,8/2024,165.67,N.A.,165.67,126.47,99
KARNATAKA,ROAD TRANSPORT AND HIGHWAYS,678,4-LANING OF GOA/KARNATAKA BORDER- KUNDAPUR SECTION,NHAI,N24000462,5-2014,8/2016,Jan-20,3/2025,"1,655.01","1,990.99","1,990.99","1,809.23",97.8
KARNATAKA,ROAD TRANSPORT AND HIGHWAYS,679,4-LANNING EXISTING KM 189.700 TO 237.00] HASSAN TO MARANAHALLY,NHAI,N24000552,3-2016,3/2019,Dec-23,6/2025,701.40,591.86,701.40,491.93,83
KARNATAKA,ROAD TRANSPORT AND HIGHWAYS,680,HOSPET-BELLARY-KARNATAKA AP BORDER,NHAI,N24000603,8 - 2 0 1 6,3 / 2 0 1 9,May-25,5/2025,"1,167.42",N.A.,"1,224.01",877.86,82.75
KARNATAKA,ROAD TRANSPORT AND HIGHWAYS,681,WIDENING TO TWO LANE WITH PAVED SHOULDER FROM KM 544.200 TO KM 594.000 OF NH-150A HOSMANE CROSS ? PA,MoRTH,N24001156,1-2017,9/2017,May-23,5/2023,166.67,N.A.,264.34,192.08,100
KARNATAKA,ROAD TRANSPORT AND HIGHWAYS,682,IMPROVEMENTS AND RECONSTRUCTION TO TWO LANE WITH PAVED SHOULDERS FROM KM 243.20 TO KM 290.20 OF NH,MoRTH,N24001157,8-2016,2/2017,Jul-24,7/2024,175.50,N.A.,241.60,189.72,90
KARNATAKA,ROAD TRANSPORT AND HIGHWAYS,683,RECONSTRUCTION TO TWO LANE WITH PAVED SHOULDERS FROM DS. CH. 442+180 (EX. KM 448.00) TO DS. CH.485+2,MoRTH,N24001158,3-2018,6/2019,Dec-23,12/2023,159.97,N.A.,242.61,113.15,100
KARNATAKA,ROAD TRANSPORT AND HIGHWAYS,684,WIDENING TO TWO LANE WITH PAVED SHOULDERS FROM KM 20.150 TO KM 40.00 OF BC ROAD KOTTIGEHARA SECTION,MoRTH,N24001159,1-2018,7/2018,N.A.,3/2022,159.70,N.A.,159.70,142.88,100
KARNATAKA,ROAD TRANSPORT AND HIGHWAYS,685,WIDENING TO TWO LANE WITH PAVED SHOULDER FROM KM 194.900 TO KM 243.200 OF NH-234 BANAVARA-HULIYAR,MoRTH,N24001160,9-2017,10/2018,Apr-22,4/2022,191.60,N.A.,191.60,112.03,100
KARNATAKA,ROAD TRANSPORT AND HIGHWAYS,686,WIDENING TO TWO LANE WITH PAVED SHOULDERS FROM 24.600 TO 70.063 OF MUDIGERE TO KADUR SECTION OF NH-,MoRTH,N24001161,12-2017,1/2019,Apr-22,4/2022,297.30,N.A.,318.28,280.25,100
KARNATAKA,ROAD TRANSPORT AND HIGHWAYS,687,IMPROVEMENT AND RECONSTRUCTION TO TWO LANE WITH PAVED SHOULDERS FROM KM 489.845 (NEW KM.58.125) AN,MoRTH,N24001162,3-2018,10/2018,Nov-22,11/2022,325.86,N.A.,386.41,356.78,100
KARNATAKA,ROAD TRANSPORT AND HIGHWAYS,688,WIDENING TO 2 LANE WITH PAVED SHOULDERS FROM KM 0 TO 54 OF NH-50 UNDER EPC MODE IN THE STATE OF KARN,MoRTH,N24001164,10-2016,3/2017,Jul-22,7/2022,396.96,N.A.,396.96,329.58,100
KARNATAKA,ROAD TRANSPORT AND HIGHWAYS,689,WIDENING TO 2 LANE WITH PAVED SHOULDERS FROM KM 34.00 TO 70.900 OF NH- 150 UNDER EPC MODE IN THE STAT,MoRTH,N24001165,11-2016,3/2017,Oct-21,10/2021,314.90,N.A.,314.90,233.95,100
KARNATAKA,ROAD TRANSPORT AND HIGHWAYS,690,WIDENING TWO LANE WITH PAVED SHOULDERS FROM FROM KM.56.00 TO 106.00 OF NH-218 (218-KNT-2014-15-775),MoRTH,N24001166,3-2015,1/2016,N.A.,7/2024,159.12,N.A.,159.12,127.72,98
KARNATAKA,ROAD TRANSPORT AND HIGHWAYS,691,ESTIMATE FOR WIDENING TWO LANE TO FOUR LANE FROM FROM KM.129.00 TO 144.00 OF NH-63 ANKOLA-GOOTY SECT,MoRTH,N24001168,5-2018,5/2018,Dec-23,12/2023,171.60,N.A.,171.60,134.81,100
KARNATAKA,ROAD TRANSPORT AND HIGHWAYS,692,WIDENING TO TWO LANE WITH PAVED SHOULDER FROM KM 4.40 TO KM 56.00 OF NH- 218 BIJAPURA-HUBLI SECTION U,MoRTH,N24001172,1-2017,8/2017,N.A.,6/2022,291.49,N.A.,291.49,238.77,100
KARNATAKA,ROAD TRANSPORT AND HIGHWAYS,693,CONSTRUCTION OF MAJOR BRIDGE AT KM 180.865 ACROSS RIVER KRISHNA ON NH-167 HAGARI ? JADERCELA SECTION,MoRTH,N24001173,2-2017,5/2019,N.A.,10/2025,157.32,188.00,187.61,62.31,60
KARNATAKA,ROAD TRANSPORT AND HIGHWAYS,694,WIDENING TO 2-LANE WIH PAVED SHOULDER FROM KM. 544.20 TO 594.00 (HOSAMANE CROSS TO PANDAVAPURA) SECT,MoRTH,N24001387,1-2017,9/2017,May-23,5/2023,264.34,N.A.,264.34,201.07,100
KARNATAKA,ROAD TRANSPORT AND HIGHWAYS,695,CONSTRUCTION OF MAJOR BRIDGE ACROSS SHARAVATHI BACKWATERS AND APPROCHES BETWEEN AMBARGODU AND KALASA,MoRTH,N24001388,3-2019,12/2019,Nov-24,11/2024,423.15,N.A.,423.15,284.58,82
KARNATAKA,ROAD TRANSPORT AND HIGHWAYS,696,4L OF ADDAHOLE TO BANTWAL CROSS SECTION INCLUDING FLYOVER AT KALLADKA TOWN,NHAI,N24001425,3-2021,11/2021,Jun-25,6/2025,"1,100.88","1,713.98","1,713.98",988.81,69
KARNATAKA,ROAD TRANSPORT AND HIGHWAYS,697,4L OF ADDAHOLE TO BANTWAL CROSS SECTION,NHAI,N24001426,3-2021,10/2021,Mar-25,3/2025,317.90,576.32,576.32,343.53,95.2
KARNATAKA,ROAD TRANSPORT AND HIGHWAYS,698,6L FROM SANKESHWAR BYPASS TO MH KNT BORDER FROM KM. 555.017 TO KM. 592.853 OF NH-48 (PKG II),NHAI,N24001598,1-2022,4/2025,Apr-25,4/2025,"1,388.70","1,388.70","1,388.70",367.36,55.6
KARNATAKA,ROAD TRANSPORT AND HIGHWAYS,699,BELAKERI PORT TO KUMTA - SIRSI ROAD FROM KM 0.00 - KM 4.265 OF BELEKERI PORT ROAD LINK RD. AND KM 4.,NHAI,N24001599,3-2018,12/2022,Dec-22,5/2025,440.16,N.A.,440.16,310.29,61.9
KARNATAKA,ROAD TRANSPORT AND HIGHWAYS,700,BANGALORE/TN BORDER TO HOSKOTE,NHAI,N24001674,2 - 2 0 2 3,2 / 2 0 2 5,N.A.,2/2025,"1,240.60",N.A.,"1,240.60",682.25,73.69
KARNATAKA,ROAD TRANSPORT AND HIGHWAYS,701,6L OF MH/KN BORDER (NIMBAL VILLAGE) TO KN/TS BORDER (SINGNODI VILLAGE) FROM KM. 162.5 TO KM. 203.100,NHAI,N24001675,11-2022,5/2025,N.A.,5/2025,"1,732.73",N.A.,"1,732.73",540.35,95.72
KARNATAKA,ROAD TRANSPORT AND HIGHWAYS,702,6L OF MH/KN BORDER (NIMBAL VILLAGE) TO KN/TS BORDER (SINGNODI VILLAGE) FROM KM. 26.000 TO KM. 97.000,NHAI,N24001676,12-2022,6/2025,N.A.,6/2025,"2,718.46",N.A.,"2,718.46",312.90,38.73
KARNATAKA,ROAD TRANSPORT AND HIGHWAYS,703,BALANCE WORK OF 2L PS FROM KM 30.800 TO 70.800 AND 2L WITH RIGID CARRIAGEWAY FROM 70.800 TO KM 84.12,NHAI,N24001677,11-2022,5/2024,May-24,5/2024,226.76,226.76,226.76,70.45,59.25
KARNATAKA,ROAD TRANSPORT AND HIGHWAYS,704,6L FROM BELGAUM TO SANKESHWAR BYPASS FROM KM 515.000 TO KM 555.017 OF NH 48,NHAI,N24001679,10-2022,4/2025,Apr-25,4/2025,"1,479.30","1,479.30","1,479.30",487.65,66.15
KARNATAKA,ROAD TRANSPORT AND HIGHWAYS,705,4L OF SANNUR TO BIKARNAKATTE SECTION FROM KARKALA TO MANGALORE,NHAI,N24001680,3-2021,10/2024,Dec-25,12/2025,"1,409.68","1,633.91","1,633.91",857.61,48.5
KARNATAKA,ROAD TRANSPORT AND HIGHWAYS,706,TUMKUR - NELAMANGALA(6L),NHAI,N24001681,8 - 2 0 2 2,8 / 2 025,Aug-25,3/2027,"2,032.15","2,032.15","2,032.15",164.69,43.8
KARNATAKA,ROAD TRANSPORT AND HIGHWAYS,707,UPGRADATION 2/4 LANE NH CONNECTIVITY UNDER SAGARMALA SCHEME SH 2 HAVERI YEKAMBI SH 69 YEKAMBI KUMTA,NHAI,N24001682,3-2022,3/2024,Mar-24,5/2026,294.62,309.90,309.90,49.46,13.47
KARNATAKA,ROAD TRANSPORT AND HIGHWAYS,708,AURAD - BIDAR KM 0.00 TO KM 45.878,NHAI,N24001683,9 - 2 0 2 1,4 / 2 0 2 3,Dec-24,12/2024,912.37,N.A.,424.16,330.84,99.1
KARNATAKA,ROAD TRANSPORT AND HIGHWAYS,709,4L OF CHANNARAYAPATNA BYPASS AND HASSAN BYPASS WITH STRUCTURES IN DEVIHALLI -HASSAN SECTION,NHAI,N24001684,9-2020,1/2023,Sep-20,5/2025,688.00,602.09,688.00,487.95,75.93
KARNATAKA,ROAD TRANSPORT AND HIGHWAYS,710,FOUR LANING OF BANAVARA TO BETTADAHALLI SECTION FROM KM. 119+790 (DESIGN KM. 121+900) TO KM. 166+100,NHAI,N24001686,3-2021,3/2023,Jan-25,1/2025,"1,065.06","1,444.50","1,444.50",170.27,91.6
KARNATAKA,ROAD TRANSPORT AND HIGHWAYS,711,FOUR LANING OF BETTADAHALLI TO SRIRAMPURA SECTION FROM KM. 166+100 (DESIGN KM. 170+415) TO KM. 217+0,NHAI,N24001687,10-2021,10/2023,Jun-25,6/2025,"1,331.77","2,082.98","2,082.98",353.33,70.06
KARNATAKA,ROAD TRANSPORT AND HIGHWAYS,712,FOUR LANING OF KARADI TO BANAVARA SECTION FROM KM. 66+540 (DESIGN KM. 65+195) TO KM. 119+790 (DESIGN,NHAI,N24001691,10-2019,10/2021,Jan-25,1/2025,"1,225.24","1,505.85","1,505.85",80.62,93.88
KARNATAKA,URBAN DEVELOPMENT,713,BANGALORE METRO RAIL PROJECT PHASE-2,BMRCL,N28000058,2 - 2 0 1 4,2 / 2 0 2 1,N.A.,3/2025,"26,405.14",N.A.,"26,405.14","20,936.29",89
KARNATAKA,URBAN DEVELOPMENT,714,BANGALORE METRO RAIL PROJECT LIMITED. PHASE. 2A AND 2B,BMRCL,N28000151,6-2021,6/2026,N.A.,6/2026,"14,788.10",N.A.,"14,788.10","2,424.04",30
KERALA,CIVIL AVIATION,715,CALICUT AIRPORT - DEVELOPMENT OF ADDITIONAL RESA ON EITHER END ON RUNWAY 10-28 AT CALICUT AIRPORT,AAI,N04000111,6-2023,9/2025,N.A.,9/2025,323.98,N.A.,323.98,11.88,4.25
KERALA,DEPARTMENT OF HIGHER EDUCATION,716,"C/O PERMANENT CAMPUS OF IIT PALAKKAD PHASE IA AT PUDESSERY VILLAGE,KANJIKODE WEST, DISTRICT PALAKKA",CPWD EDUCATION,N28000140,7-2019,3/2021,Mar-23,11/2025,753.63,N.A.,753.63,412.37,66
KERALA,HEALTH AND FAMILY WELFARE,717,C/O NEW HOSPITAL BLOCK FOR SREE CHITRA TIRUNAL INSTITIUTE OF MEDICAL SCIENCE AND TECHNOLOGY (SCTIMST,CPWD FOR HEALTH,N28000112,9-2017,3/2020,May-24,11/2024,150.29,N.A.,162.00,150.29,99.85
KERALA,PETROLEUM,718,REPLACEMENT AND EXTENSION OF JETTY PIPELINES AT KOCHI REFINERY,BPCL,N16000508,3-2023,3/2026,N.A.,3/2026,621.87,N.A.,621.87,123.44,71.2
KERALA,PETROLEUM,719,SETTING UP POLYPROPYLENE UNIT AT KOCHI REFINERY,BPCL,N16000530,12-2023,10/2027,N.A.,10/2027,"4,460.00",N.A.,"4,460.00",77.89,6.2
KERALA,RAILWAYS,720,TRIVANDRUM-KANYAKUMARI DOUBLING,SR,N22000399,2 - 2 0 1 5,,Dec-26,12/2026,"1,431.90","3,785.45","3,785.45","3,097.41",40
KERALA,RAILWAYS,721,ERNAKULAM-KUMBALAM - PATCH DOUBLING (7.71 KM),SR,N22000619,12-2010,3/2028,Dec-26,12/2026,600.82,595.39,595.39,270.57,5
KERALA,RAILWAYS,722,KUMBALAM-THURAVUR - PATCH DOUBLING (15.59 KM),SR,N22000620,12-2011,8/2023,Dec-26,12/2026,812.85,802.80,802.80,258.69,20
KERALA,ROAD TRANSPORT AND HIGHWAYS,723,WIDENING/DEVELOPMENT OF EXISTING NH- 85 FROM KM 0.000 TO KM 124.636 SECTION TO 2L/@L+PS SECTION IN TH,NHAI,N24002074,8-2022,6/2025,N.A.,6/2025,"1,231.74",N.A.,"1,231.74",148.73,22.1
KERALA,ROAD TRANSPORT AND HIGHWAYS,724,4-LANNING OF THALSERRY -MAHE BYPASS,NHAI,N24000704,9 - 2 0 1 7,5 / 2 0 2 0,Nov-23,2/2024,"1,124.11","1,573.18","1,573.18","1,522.82",100
KERALA,ROAD TRANSPORT AND HIGHWAYS,725,6-LANING OF KOZHIKODE BYPASS (CALICUT BYPASS) (I.E. VENGALAM JN. TO RAMANATTUKARA JN.) SECTION OF NH,NHAI,N24000784,2-2018,2/2023,Dec-24,4/2025,"1,424.77","2,065.95","2,065.95",779.83,82.09
KERALA,ROAD TRANSPORT AND HIGHWAYS,726,WIDENING TO 2 LANES WITH PAVED SHOULDERS FROM KM.87/000 TO 133/720 (NATTUKAL TO THANAU JN. IN PALAKK,MoRTH,N24001369,2-2017,8/2017,Mar-22,8/2024,294.28,296.53,296.53,286.80,98
KERALA,ROAD TRANSPORT AND HIGHWAYS,727,WIDENING TO 2-LANE WITH PAVED SHOULDERS FROM KM 119/017 TO KM 161/300 ON NH 85 (OLD NH 49),MoRTH,N24001370,2-2017,9/2017,Jan-23,8/2024,380.76,372.87,372.87,347.04,100
KERALA,ROAD TRANSPORT AND HIGHWAYS,728,CONSTRUCTION OF 6 LANE ELEVATED CORRIDOR ALONG WITH DEVELOPMENT OF EXISTING 4 LANE ROAD AT GROUND LE,NHAI,N24001648,8-2022,1/2026,N.A.,1/2026,"2,429.52",N.A.,"2,429.52",750.78,44.39
KERALA,ROAD TRANSPORT AND HIGHWAYS,729,SIX LANING OF PARAVOOR(DESIGN KM. 417+000) TO KOTTUKULANGARA(DESIGN KM. 454+500) SECTION OF NEW NH-6,NHAI,N24001649,12-2021,2/2025,Feb-25,2/2025,"3,273.61",N.A.,"3,273.61",497.91,49.6
KERALA,ROAD TRANSPORT AND HIGHWAYS,730,SIX LANING OF KADAMBATTUKONAM TO KAZHAKKOOTTAM SECTION OF NH-66(OLD NH- 47) FROM KM. 517+250 TO KM.54,NHAI,N24001650,12-2021,1/2025,Aug-25,8/2025,"3,635.64",N.A.,"3,635.64",280.92,37.16
KERALA,ROAD TRANSPORT AND HIGHWAYS,731,SIX LANING OF THURAVOOR (DESIGN KM. 378+612) TO PARAVOOR (DESIGN KM.417+000) SECTION OF NEW NH-66 (O,NHAI,N24001651,9-2021,9/2024,Mar-26,9/2024,"2,878.97",N.A.,"2,878.97",356.17,28.62
KERALA,ROAD TRANSPORT AND HIGHWAYS,732,6L MINOR BRIDGE (PALOLI PALAM) AT KM. 203.160 and MAJOR BRIDGE (MORAD) AT KM. 204.895 AND ALLIED WOR,NHAI,N24001652,3-2020,6/2022,Feb-24,6/2024,210.37,216.94,216.94,198.10,100
KERALA,ROAD TRANSPORT AND HIGHWAYS,733,SIX LANING FROM KODUNGALLUR TO EDAPALLY SECTION OF NH ?66 (OLD NH-17) FROM DESIGN CHAINAGE 397+750 (,NHAI,N24001653,11-2021,4/2025,N.A.,4/2025,"3,565.82",N.A.,"3,064.11","1,910.52",49
KERALA,ROAD TRANSPORT AND HIGHWAYS,734,SIX LANING OF START OF KOLLAM BYPASS (KM.486+000) KADAMBATTUKONAM (KM.517+250) SECTION OF NEW NH-66,NHAI,N24001654,6-2021,3/2025,Feb-25,2/2025,"2,641.37",N.A.,"2,641.37",450.72,63.88
KERALA,ROAD TRANSPORT AND HIGHWAYS,735,SIX LANING FROM KAPPIRIKKAD TO THALIKULAM SECTION OF NH ? 66 (OLD NH- 17) FROM DESIGN CH. 335+850 (EX,NHAI,N24001655,6-2021,2/2025,N.A.,11/2025,"3,606.00","3,946.56","3,946.56","3,033.98",59.28
KERALA,ROAD TRANSPORT AND HIGHWAYS,736,SIX LANING FROM THALIKULAM TO KODUNGALLUR SECTION OF NH ? 66 (OLD NH- 17) FROM DESIGN CH.369+015 (EX.,NHAI,N24001656,6-2021,3/2025,N.A.,12/2025,"2,595.00",N.A.,"4,009.57","2,917.24",52.84
KERALA,ROAD TRANSPORT AND HIGHWAYS,737,SIX LANING OF KOTTUKULANGARA (DESIGN KM. 454+500) TO START OF KOLLAM BYPASS (DESIGN KM. 486+000) SEC,NHAI,N24001657,6-2021,10/2024,Dec-25,12/2025,"2,842.14",N.A.,"2,842.14",463.03,60.55
KERALA,ROAD TRANSPORT AND HIGHWAYS,738,SIX LANING OF RAMANATTUKARA JUNCTION TO START OF VALANCHERY BYPASS SECTION OF NH-66 (OLD NH-17) FROM,NHAI,N24001658,1-2021,7/2024,Mar-25,3/2025,"4,265.42",N.A.,"4,728.40","3,366.27",90.19
KERALA,ROAD TRANSPORT AND HIGHWAYS,739,SIX LANING FROM START OF VALANCHERY BYPASS TO KAPPIRIKKAD-SECTION OF NH- 66(OLD NH-17) FROM DESIGN CH,NHAI,N24001659,2-2021,7/2024,Mar-25,3/2025,"3,375.31","3,824.07","3,824.07","2,241.04",90.6
KERALA,ROAD TRANSPORT AND HIGHWAYS,740,SIX LANING OF THALIPARAMBHA- MUZHAPILANGAD SECTION FROM KM 137.900 TO KM. 170.600 OF NH-17 (NEW NH,NHAI,N24001660,8-2020,2/2024,Nov-21,12/2025,"2,714.60","3,319.41","2,714.60","1,775.20",64.5
KERALA,ROAD TRANSPORT AND HIGHWAYS,741,6L OF AZHIYUR-VENGALAM FROM KM. 189.200 TO KM. 230.400 OF NH-66,NHAI,N24001661,10-2020,4/2024,May-25,12/2025,"3,219.47","3,898.46","3,896.46","2,079.50",54.02
KERALA,ROAD TRANSPORT AND HIGHWAYS,742,SIX LANING OF KT/KL BORDER (THALAPPDY) TO CHENGALA SECTION OF NH17 (NEW NH- 66) FROM CH. 17.200 TO CH,NHAI,N24001662,5-2020,5/2024,Nov-21,3/2025,"1,981.07","2,627.66","1,981.07","1,397.45",82.25
KERALA,ROAD TRANSPORT AND HIGHWAYS,743,SIX LANING OF NEELESHWARAM TO THALIPARAMBHA SECTION FROM CH. 94+540 (EXISTING KM 96+450) TO CH. 134+,NHAI,N24001663,6-2020,4/2024,Oct-21,12/2025,"3,041.65","3,799.76","3,041.65","2,156.43",63.1
KERALA,ROAD TRANSPORT AND HIGHWAYS,744,SIX LANING OF CHENGALA TO NEELESHWARAM SECTION OF NH-17 (NEW NH-66) FROM CH. 56+200 (EXISTING KM 57+,NHAI,N24001664,6-2020,4/2024,Oct-21,11/2025,"1,746.45","2,377.88","1,746.45","1,125.92",64.19
KERALA,URBAN DEVELOPMENT,745,KOCHI METRO RAIL PROJECT PHASE II FROM JLN STADIUM TO INFOPARK VIA KAKKANAD,KMRCL,N28000158,7-2018,11/2026,N.A.,11/2026,"1,957.05",N.A.,"1,957.05",2.81,0
KERALA,URBAN DEVELOPMENT,746,KOCHI METRO RAIL PROJECT PHASE IB SECTION FROM S N JUNCTION TO THRIPUNITHURA,KMRCL,N28000159,6-2019,9/2023,N.A.,9/2023,355.70,448.00,448.33,1.64,0
LADAKH,CIVIL AVIATION,747,CONSTRUCTION OF TERMINAL BUILDING AND ASSOCIATED WORKS AT LEH AIRPORT,AAI,N04000078,7-2018,9/2021,Oct-24,10/2025,480.33,N.A.,640.00,398.81,62.32
LADAKH,ROAD TRANSPORT AND HIGHWAYS,748,CONSTRUCTION OF REALIGNMENT BETWEEN PANDRASS- PASHKYUN (TOTAL LENGTH 27.10 KM) ON ROAD ZOZILA-KARGIL,BRO,N24001999,11-2021,6/2025,N.A.,6/2025,426.14,N.A.,426.14,76.75,37
LADAKH,ROAD TRANSPORT AND HIGHWAYS,749,KARGIL-ZANSKR PACKAGE-1,NHIDCL,N24001343,3 - 2 0 2 1,1 / 2 023,Dec-24,10/2025,384.23,N.A.,384.23,115.95,58.53
LADAKH,ROAD TRANSPORT AND HIGHWAYS,750,KARGIL-ZANSKR PACKAGE-2,NHIDCL,N24001344,3 - 2 0 2 1,1 / 2 023,Feb-25,11/2025,404.89,N.A.,404.89,189.56,64.36
LADAKH,ROAD TRANSPORT AND HIGHWAYS,751,KARGIL-ZANSKR PACKAGE-3,NHIDCL,N24001345,8 - 2 0 2 0,1 / 2 023,Aug-25,8/2025,381.01,N.A.,381.01,204.54,73.97
LADAKH,ROAD TRANSPORT AND HIGHWAYS,752,KARGIL-ZANSKR PACKAGE-8,NHIDCL,N24001348,3 - 2 0 2 1,1 / 2 023,Aug-25,8/2025,398.37,N.A.,398.37,209.68,82.11
MADHYA PRADESH,CIVIL AVIATION,753,UPGRADATION OF JABALPUR AIRPORT,AAI,N04000087,6 - 2 0 1 6,6 / 2 0 2 1,N.A.,7/2024,412.24,N.A.,412.24,401.36,100
MADHYA PRADESH,CIVIL AVIATION,754,DEVELOPMENT OF GWALIOR AIRPORT PHASE 01,AAI,N04000098,10-2021,8/2023,Jun-24,8/2024,446.12,N.A.,446.12,431.65,100
MADHYA PRADESH,COAL,755,KANCHAN OC EXPANSION,SECL,N06000125,1 2 - 2 0 1 4,3 / 2021,Mar-26,3/2026,371.04,N.A.,371.04,134.64,47
MADHYA PRADESH,COAL,756,AMADAND OPENCAST EXPANSION PROJECT,SECL,N06000148,3 - 2 0 1 6,3 / 2 0 2 1,Mar-27,3/2027,869.44,N.A.,869.44,257.46,64
MADHYA PRADESH,COAL,757,DUDHICHUA EXPANSION OCP (10 TO 20 MTPA),NCL,N06000162,11-2017,3/2022,N.A.,8/2024,"1,255.17",N.A.,"1,398.56","1,254.21",99.92
MADHYA PRADESH,COAL,758,GANDHIGRAM UG MINE,WCL,N06000183,8 - 2 0 1 9,3 /2026,N.A.,3/2026,414.16,N.A.,414.16,11.75,28
MADHYA PRADESH,COAL,759,BLOCK-B EXPANSION OPENCAST PROJECT,NCL,N06000184,7 - 2 0 1 9,3 / 2 0 2 3,N.A.,3/2025,998.71,N.A.,998.71,394.65,39.52
MADHYA PRADESH,COAL,760,NIGAHI EXPANSION OCP (15 TO 25 MTPA),NCL,N06000196,1 1 - 2 0 2 0,3 / 2 0 2 5,N.A.,3/2025,"1,729.68",N.A.,"1,729.68",708.19,40.94
MADHYA PRADESH,COAL,761,RAMPUR BATURA OC (4.0 MTY),SECL,N06000233,7 - 2 0 1 9,3 / 2 0 26,N.A.,3/2026,"1,248.93",N.A.,"1,248.93",477.65,44
MADHYA PRADESH,COAL,762,TAWA III UG MINE,WCL,N06000250,1 2 - 2 0 2 1,3/2027,N.A.,3/2027,324.25,N.A.,324.25,0.56,9
MADHYA PRADESH,COAL,763,AMALGAMATED DHANKASA JAMUNIA UG (1.84 MTY),WCL,N06000257,9-2022,3/2027,N.A.,3/2027,497.01,N.A.,497.01,64.13,42
MADHYA PRADESH,COAL,764,VISHNUPURI UG TO OC,WCL,N06000260,1 1 - 2 0 2 2,3/2029,N.A.,3/2029,227.65,N.A.,227.65,0.00,7
MADHYA PRADESH,COAL,765,URDHAN OC,WCL,N06000265,7 - 2 0 2 2,3/2031,N.A.,3/2031,228.42,N.A.,228.42,22.12,9
MADHYA PRADESH,COAL,766,SHARDA UG,WCL,N06000266,7 - 2 0 2 2,3/2028,N.A.,3/2028,200.16,N.A.,200.16,1.69,11
MADHYA PRADESH,PETROLEUM,767,ETHYLENE CRACKER PROJECT AT BINA REFINERY INCLUDING DOWNSTREAM PETROCHEMICAL PLANTS AND EXPANSION OF,BPCL,N16000518,5-2023,5/2028,N.A.,5/2028,"43,367.00",N.A.,"43,367.00","1,112.10",8.1
MADHYA PRADESH,POWER,768,SHAJAPUR 325MW SOLAR PV PROJECT,NTPC,N18000348,6 - 2 0 2 2,3 / 2 0 2 4,N.A.,3/2025,"1,530.49",N.A.,"1,530.49","1,161.94",70
MADHYA PRADESH,POWER,769,TS FOR EVACUATION POWER RAJASTHAN REZ PH-IV (PART-2:5.5GW) (JAISALMER/BARMER COMPLEX): PART-C,PGCIL,N18000392,8-2024,8/2026,N.A.,8/2026,"2,708.00",N.A.,"2,708.00",25.00,5
MADHYA PRADESH,RAILWAYS,770,"RAMGANJMUNDI-BHOPAL (NL),WCR",WCR,220100314,4 - 2 0 0 1,3 / 2 0 2 1,Dec-25,3/2026,424.60,"3,032.46","5,125.16","3,146.14",68
MADHYA PRADESH,RAILWAYS,771,RATLAM-MHOW-KHANDWA-AKOLA (GC),WR,N22000120,4 - 2 0 0 8,3 / 2 0 2 2,Feb-27,2/2027,"3,503.69","5,677.80","6,203.51","4,053.25",80
MADHYA PRADESH,RAILWAYS,772,KATNI - SINGRAULI DOUBLING PROJECT,WCR,N22000351,1 2 - 2 0 1 5,3 / 2 0 2 0,Dec-27,12/2027,"1,763.93","2,445.30","4,353.50","3,003.65",85
MADHYA PRADESH,RAILWAYS,773,KATNI GRADE SEPARATOR/BYE PASS,WCR,N22000416,8 - 2 0 1 6,3 / 2 0 2 2,N.A.,9/2024,582.13,N.A.,"1,247.64","1,180.23",75
MADHYA PRADESH,RAILWAYS,774,ANUPPUR-KATNI,SECR,N22000485,4 - 2 0 1 5,12/2021,Dec-23,12/2024,"1,370.00","1,680.00","2,311.02","1,739.75",74
MADHYA PRADESH,RAILWAYS,775,NIMACH BADI SADRI NEW LINE PROJECT,WR,N22000503,4 - 2 0 1 7,3 / 2 0 2 2,N.A.,3/2026,495.18,N.A.,495.18,214.64,15
MADHYA PRADESH,RAILWAYS,776,NIMACH-RATLAM (133 KM),WR,N22000536,1 0 - 2 0 2 1,1 0 /2027,Mar-25,3/2025,910.00,"1,095.88","1,095.88",889.47,87
MADHYA PRADESH,RAILWAYS,777,SATNA - REWA (50 KM),WCR,N22000554,1 1 - 2 0 1 5,3/2026,N.A.,3/2026,500.00,40.00,500.00,1.41,80
MADHYA PRADESH,RAILWAYS,778,INDORE BUDNI (INDORE JABALPUR),RVNL,N22000601,9 - 2 0 1 8,9 / 2 0 3 0,N.A.,9/2030,"4,340.00",N.A.,"7,393.75","1,004.86",0
MADHYA PRADESH,ROAD TRANSPORT AND HIGHWAYS,779,2- LANE WITH PAVED SHOULDERS OF HINOTIYA TO MEHULWA FROM DESIGN KM 27+000 9OF EXISTING SH-19 KM 26+5,NHAI,N24001921,8-2021,9/2025,N.A.,9/2025,581.65,592.03,581.65,169.81,29.92
MADHYA PRADESH,ROAD TRANSPORT AND HIGHWAYS,780,"CONSTRUCTION OF MIHONA BYPASS, LAHAR BYPASS, DABOH BYPASS and BHANDER BYPASS (TOTAL LENGTH 20.60 KM)",MoRTH,N24001962,3-2022,12/2024,N.A.,12/2024,179.19,N.A.,179.19,75.91,60
MADHYA PRADESH,ROAD TRANSPORT AND HIGHWAYS,781,UPGRADATION OF NASRULLAGANI-REHTI- BUDHNI SCCTION TO 2-LANE WITH PAVED SHOULDER FROM KM 0+150 TO KM,MoRTH,N24001963,12-2021,10/2024,N.A.,3/2025,305.12,N.A.,305.12,96.88,19
MADHYA PRADESH,ROAD TRANSPORT AND HIGHWAYS,782,UPGRADATION and WIDENING OF JHARKHEDA- BERASIA - DHOLKHEDI FROM DESIGN KM 0+000 TO KM 87+900 (DESIGN,MoRTH,N24001964,3-2022,5/2025,N.A.,5/2025,365.21,N.A.,365.21,161.96,64
MADHYA PRADESH,ROAD TRANSPORT AND HIGHWAYS,783,"REHABILITATION AND UPGRADATION OF KURWAI?MUNGAOLI?CHANDERI ROAD SECTION OF NH-346, FROM DESIGN CHAIN",MoRTH,N24001965,3-2022,2/2025,N.A.,2/2025,386.49,N.A.,386.49,119.76,39.06
MADHYA PRADESH,ROAD TRANSPORT AND HIGHWAYS,784,BALANCE WORK FOR REHABILITATION AND UP-GRADATION OF SIDHI-SINGRAULI FROM KM 82.400 TO KM 187.993 SEC,MoRTH,N24001966,12-2020,4/2023,May-23,6/2025,529.44,N.A.,529.44,191.24,54.46
MADHYA PRADESH,ROAD TRANSPORT AND HIGHWAYS,785,4L GREENFIELD RUDHI TO DESHGAON (PKG V OF BETUL-KHANDWA/DESHGAON) - N/04015/06003/MP,NHAI,N24001967,11-2018,10/2025,N.A.,10/2025,521.21,N.A.,521.21,58.23,26.5
MADHYA PRADESH,ROAD TRANSPORT AND HIGHWAYS,786,REHABILITATION AND UPGRADATION TO 2- LANE WITH PAVED SHOULDER CONFIGURATION OF JIRAPUR-SUSNER-MP-RJ B,MoRTH,N24002018,1-2022,3/2025,N.A.,3/2025,239.72,232.22,232.22,172.70,90.28
MADHYA PRADESH,ROAD TRANSPORT AND HIGHWAYS,787,UPGRADATION OF DINDORI-SAGARTOLA- KABICHABUTRA (MP-CG BORDER) SECTION OF NH -45 FROM KM 0+00(DESIGN),MoRTH,N24002019,1-2022,9/2025,N.A.,9/2025,329.14,319.09,319.09,145.04,46.73
MADHYA PRADESH,ROAD TRANSPORT AND HIGHWAYS,788,"CONSTRUCTION OF KAITHI-PADARIA KALA BYPASS, PATNA-TAMOLI BYPASS, JASO BYPASS , NAGOD BYPASS (TOTAL L",MoRTH,N24002020,3-2022,10/2025,N.A.,10/2025,158.36,158.00,158.36,40.05,17
MADHYA PRADESH,ROAD TRANSPORT AND HIGHWAYS,789,BALANCE WORK OF 4L OF NAURADEHI SANCTUARY DE-SCOPED STRETCH OF HIRAN RIVER TO SINDOOR RIVER FROM KM.,NHAI,N24002067,1-2021,7/2023,N.A.,12/2024,178.18,N.A.,178.18,161.64,84.39
MADHYA PRADESH,ROAD TRANSPORT AND HIGHWAYS,790,CONSTRUCTION OF 4-LANE FROM BARELA TO MANEGAON SECTION OF NH-30 FROM DESIGN CH. 2.900 TO DESIGN CH.,NHAI,N24002068,12-2022,3/2025,N.A.,3/2025,652.33,N.A.,652.33,295.54,57.04
MADHYA PRADESH,ROAD TRANSPORT AND HIGHWAYS,791,CONSTRUCTION OF ADDITIONAL 3 LANE WITH PAVED SHOULDER (DESIGN LENGTH 8.87 KM) AS REALIGNMENT OF BAKA,NHAI,N24002069,7-2022,12/2024,N.A.,12/2024,209.29,N.A.,209.29,137.95,100
MADHYA PRADESH,ROAD TRANSPORT AND HIGHWAYS,792,INDORE - EDLABAD (PKG-II) [TEJAJINAGAR TO BALWARA],NHAI,N24002070,1-2022,1/2025,N.A.,1/2025,"1,162.80",N.A.,"1,162.80",475.64,74.3
MADHYA PRADESH,ROAD TRANSPORT AND HIGHWAYS,793,CONSTRUCTION OF (I) 4-LANE HIGHWAY FROM VIDISHA TO HINOTIYA FROM KM. 0.000 TO KM. 27.000 (LENGTH=27,NHAI,N24002077,9-2022,12/2025,N.A.,12/2025,"1,000.63",N.A.,"1,000.63",171.99,27.5
MADHYA PRADESH,ROAD TRANSPORT AND HIGHWAYS,794,FOUR LANING OF RAGHOGARH (DESIGN CH.29.300/EXISTING CH. 29.555) TO NANASA (DESIGN CH.92.971/EXISTING,NHAI,N24002166,3-2024,3/2026,Mar-26,3/2026,799.20,N.A.,799.20,199.30,16.54
MADHYA PRADESH,ROAD TRANSPORT AND HIGHWAYS,795,BALANCE WORKS OF 4 LANE DIVIDED CARRIAGEWAY OF MISSING LINK SECTION OF NH-39 (REWA BYPASS) FROM JUNC,NHAI,N24002200,4-2024,4/2026,N.A.,4/2026,355.36,N.A.,355.36,0.78,7.2
MADHYA PRADESH,ROAD TRANSPORT AND HIGHWAYS,796,UMARIYA TO SHAHDOL SECTION OF NH-78 IN MADYA PRADESH KM 68/4 TO 142/200,MoRTH,N24000513,3-2015,8/2017,Dec-23,6/2025,511.83,N.A.,511.83,485.18,93.06
MADHYA PRADESH,ROAD TRANSPORT AND HIGHWAYS,797,BALANCE WORK FOR FOUR LANING OF ITARSI TO BETUL SECTION OF NH69 FROM KM 63.000 TO KM 137.00 (DESIGN,NHAI,N24000709,12-2017,2/2020,Dec-24,12/2024,950.27,N.A.,786.43,630.70,99.5
MADHYA PRADESH,ROAD TRANSPORT AND HIGHWAYS,798,2L+PS OF THIKRI ANJAD SECTION OF NH-347B,MoRTH,N24000892,1 1 - 2 0 1 7,7 / 2 0 1 8,N.A.,8/2021,249.05,N.A.,249.05,221.19,100
MADHYA PRADESH,ROAD TRANSPORT AND HIGHWAYS,799,4LBERKHEDI TO GODPEHRA NH-44,NHAI,N24001614,2 - 2 0 2 2,1 1 / 2 0 2 4,N.A.,11/2024,524.84,N.A.,524.84,"2,194.96",35
MADHYA PRADESH,ROAD TRANSPORT AND HIGHWAYS,800,4L OF SAGAR - MOHARI FROM KM.8 TO KM.50 (PKG-I),NHAI,N24001615,3-2021,4/2024,May-24,8/2024,790.78,N.A.,790.78,"1,607.39",51.3
MADHYA PRADESH,ROAD TRANSPORT AND HIGHWAYS,801,2L PS OF SATNA - MAIHAR SECTION OF NH- 135BG FROM KM 80.800 TO KM 120.125,NHAI,N24001616,1-2021,10/2023,N.A.,2/2025,428.04,N.A.,428.04,351.27,98.92
MADHYA PRADESH,ROAD TRANSPORT AND HIGHWAYS,802,KATNI BYPASS FROM KM. 359.50 TO KM. 378.50,NHAI,N24001618,9-2019,9/2022,N.A.,1/2025,194.40,N.A.,194.40,186.33,95.38
MADHYA PRADESH,ROAD TRANSPORT AND HIGHWAYS,803,4L OF UJJAIN TO BADNAWAR FROM KM 26.900 TO KM 96.00 OF NH-752D,NHAI,N24001756,10-2020,10/2024,N.A.,1/2025,"1,352.56",N.A.,"1,480.94",832.89,99.8
MADHYA PRADESH,ROAD TRANSPORT AND HIGHWAYS,804,4L OF SUHAGADI TO BARDIYA AMRA FROM KM. 89.200 TO KM. 135.351 OF NH-752D (PKG- III),NHAI,N24001758,1-2020,10/2024,N.A.,2/2025,823.05,N.A.,823.05,371.34,100
MADHYA PRADESH,ROAD TRANSPORT AND HIGHWAYS,805,4L OF CHANDESARA TO KHEDAKHAJURIYA FROM KM. 0.000 TO (-) 750 AND KM 0.000 TO KM 41.400 OF NH-752D,NHAI,N24001759,1-2020,6/2024,Mar-25,3/2025,909.84,N.A.,909.84,462.58,86.9
MADHYA PRADESH,ROAD TRANSPORT AND HIGHWAYS,806,4L OF HARDA - BETUL (PKG-II) FROM KM. 30.00 TO KM.81.00 [TEMAGAON TO CHICHOLI],NHAI,N24001761,2-2023,2/2025,Feb-25,2/2025,520.28,N.A.,520.28,392.21,100
MADHYA PRADESH,ROAD TRANSPORT AND HIGHWAYS,807,INDORE - HARDA (PKG-III) [NANASA TO PIDGAON SECTION FROM KM 95.000 TO KM 142.445],NHAI,N24001762,10-2021,1/2024,Dec-24,12/2024,"1,146.22",N.A.,"1,146.22",557.15,85.01
MADHYA PRADESH,ROAD TRANSPORT AND HIGHWAYS,808,"ADDITIONAL WORKS (2VUPS, MR-10 JUNCTION FLYOVER AND UNDERPASS) IN SIX LANE INDORE-DEWAS SECTION OF N",NHAI,N24001765,8-2022,7/2024,N.A.,5/2025,207.77,N.A.,207.77,47.99,35.35
MADHYA PRADESH,ROAD TRANSPORT AND HIGHWAYS,809,INDORE - HARDA (PKG-I) [INDORE TO RAGHAV GARH FROM KM. 0.25 TO KM. 26.903],NHAI,N24001766,1-2022,10/2024,N.A.,5/2025,"1,011.29",N.A.,"1,011.29",154.58,37.48
MADHYA PRADESH,ROAD TRANSPORT AND HIGHWAYS,810,4L OF INDORE - BOREGAON (PKG-III) [BALWARA TO DHANGAON] FROM KM. 42.260 TO KM. 82.660 OF NH347BG AND,NHAI,N24001767,1-2021,4/2024,N.A.,4/2024,"1,001.69",N.A.,"1,001.69",494.44,79.5
MADHYA PRADESH,ROAD TRANSPORT AND HIGHWAYS,811,BALANCE WORK OF 4L OF INDORE- GUJARAT/MP BORDER FROM KM 106.210 TO KM 115.250 (START AND END POINT OF,NHAI,N24001768,8-2019,4/2023,N.A.,11/2023,323.51,N.A.,323.51,51.96,100
MADHYA PRADESH,ROAD TRANSPORT AND HIGHWAYS,812,4L OF OBEDULLGANJ - BUDNI SECTION FROM KM. 8.400 TO KM. 20.700 IN RATANPANI WILDLIFE AREA OF NH - 69,NHAI,N24001770,2-2022,3/2024,Dec-24,12/2024,417.51,N.A.,417.51,252.29,79.81
MADHYA PRADESH,SOCIAL JUSTICE,813,CENTRE FOR DISABILITY SPORTS,CPWD,N38000001,2 - 2 0 1 9,3 / 2 0 2 4,N.A.,3/2024,170.99,N.A.,170.99,73.80,74
MADHYA PRADESH,URBAN DEVELOPMENT,814,BHOPAL METRO RAIL,MPMRCL,N28000124,1 1 - 2 0 1 8,2/2023,Jun-28,6/2028,"6,941.40",N.A.,"6,941.40","2,650.56",36.39
MADHYA PRADESH,URBAN DEVELOPMENT,815,INDORE METRO RAIL,MPMRCL,N28000125,1 1 - 2 0 1 8,2/2023,Dec-28,12/2028,"7,500.80",N.A.,"7,500.80","3,371.69",49.13
MAHARASHTRA,CIVIL AVIATION,816,"CONSTRUCTION OF NEW INTEGRATED TERMINAL BUILDING, RECONSTRUCTION OF OLD TERMINAL BUILDING, MODIFICAT",AAI,N04000079,3-2017,4/2021,N.A.,12/2023,475.39,N.A.,520.00,509.02,100
MAHARASHTRA,CIVIL AVIATION,817,"EXTENSION OF RUNWAY WITH BLAST PAD, RESA, TAXIWAY, APRON, GSE AREA, ISOLATION BAY, NEW DOMESTIC TERM",AAI,N04000096,6-2017,12/2020,N.A.,4/2024,255.68,N.A.,270.00,267.86,100
MAHARASHTRA,COAL,818,AMALGAMATED YEKONA-I YEKONA-II,WCL,N06000132,8 - 2 0 1 5,3 / 2 0 2 5,N.A.,3/2025,727.28,N.A.,727.28,530.02,86
MAHARASHTRA,COAL,819,UKNI DEEP OC,WCL,N06000179,1 1 - 2 0 1 8,3/2021,Mar-25,3/2025,318.14,N.A.,318.14,163.86,91
MAHARASHTRA,COAL,820,GHONSA EXPANSION DEEP OC,WCL,N06000205,3 - 2 0 2 1,3 / 2 0 28,N.A.,3/2028,241.72,N.A.,241.72,9.25,6
MAHARASHTRA,COAL,821,SASTI EXPANSION OC,WCL,N06000206,8 - 2 0 2 0,3/2026,N.A.,3/2026,371.59,N.A.,371.59,68.64,24
MAHARASHTRA,COAL,822,DHUPTALA OC(SASTI UG TO OC),WCL,N06000209,2 - 2 0 1 9,3 / 2 0 28,N.A.,3/2028,720.87,N.A.,720.87,159.15,33
MAHARASHTRA,COAL,823,ADASA UG TO OC (1.50 MTY),WCL,N06000219,1 1 - 2 0 1 8,3 / 2024,Mar-25,3/2025,333.43,N.A.,333.43,208.20,78
MAHARASHTRA,COAL,824,DINESH (MAKARDHOKDA-III) OC (8.0 MTY),WCL,N06000222,2 - 2 0 2 0,3 / 2 0 2 7,N.A.,3/2027,"1,184.33",N.A.,"1,184.33",578.89,48
MAHARASHTRA,COAL,825,AMALGAMATED INDER-KAMPTEE DEEP OC (3.20 MTY),WCL,N06000226,9-2018,3/2024,Mar-25,3/2025,313.34,N.A.,313.34,116.46,87
MAHARASHTRA,COAL,826,MUNGOLI NIRGUDA EXTENSION (DEEP) OC,WCL,N06000231,1 1 - 2 0 2 0,3 / 2 0 2 6,N.A.,3/2026,826.80,N.A.,826.80,518.85,52
MAHARASHTRA,COAL,827,SAONER UG MINE I EXPANSION,WCL,N06000251,1 - 2 0 2 2,3 / 2 0 28,N.A.,3/2028,253.51,N.A.,253.51,118.34,27
MAHARASHTRA,COAL,828,SINGHORI DEEP OC,WCL,N06000252,5 - 2 0 2 2,3/2029,N.A.,3/2029,421.84,N.A.,421.84,22.01,16
MAHARASHTRA,COAL,829,MAKARDHOKDA I EXPANSION OC,WCL,N06000253,6 - 2 0 2 2,3 / 2 0 2 6,N.A.,3/2026,497.06,N.A.,497.06,33.90,12
MAHARASHTRA,COAL,830,BHATADI EXPANSION OC,WCL,N06000254,2 - 2 0 2 0,3 /2028,N.A.,3/2028,729.86,N.A.,729.86,61.33,17
MAHARASHTRA,COAL,831,NEW MAJARI UG TO OC (3.0 MTY),WCL,N06000255,5 - 2 0 1 9,3 / 2 0 27,N.A.,3/2027,496.38,N.A.,496.38,47.99,27
MAHARASHTRA,COAL,832,BHANEGAON OC (1.15MTY),WCL,N06000256,9 - 2 0 2 2,3 / 2028,N.A.,3/2028,494.60,N.A.,494.60,10.21,7
MAHARASHTRA,COAL,833,GOKUL EXPANSION OC,WCL,N06000264,4 - 2 0 2 1,3 /2026,N.A.,3/2026,456.95,N.A.,456.95,3.65,7
MAHARASHTRA,COAL,834,KOLGAON EXPANSION (DEEP) OC,WCL,N06000267,1 - 2 0 2 3,3 / 2 0 2 7,N.A.,3/2027,206.19,N.A.,206.19,0.55,5
MAHARASHTRA,COAL,835,AMALGAMATED GAURI PAUNI EXPANSION OC,WCL,N06000271,3 - 2 0 2 4,3 / 2 0 3 0,N.A.,3/2030,"1,428.25",N.A.,"1,428.25",52.83,17
MAHARASHTRA,COAL,836,GAURI CENTRAL OCM,WCL,N06000278,8 - 2 0 2 3,3/2030,N.A.,3/2030,"1,015.07",N.A.,"1,015.07",0.00,0
MAHARASHTRA,COAL,837,BALLARPUR NORTHWEST OC MINE,WCL,N06000282,1 2 - 2 0 2 2,3 / 2 0 2 9,N.A.,3/2029,360.18,N.A.,360.18,0.00,0
MAHARASHTRA,COAL,838,NORTHERN EXTENSION OF MUNGOLI NIRGUDA DEEP OC,WCL,N06000283,6-2024,3/2029,N.A.,3/2029,"1,184.44",N.A.,"1,184.44",0.00,0
MAHARASHTRA,COAL,839,AMALGAMATED GONDEGAON - GHATROHAN EXPANSION OCM,WCL,N06000284,9-2024,3/2029,N.A.,3/2029,871.59,N.A.,871.59,0.00,0
MAHARASHTRA,DEPARTMENT OF HIGHER EDUCATION,840,"CONSTRUCTION OF IITB RESEARCH PARK AT IIT BOMBAY, POWAI, MUMBAI",CPWD EDUCATION,N28000117,1-2018,7/2020,Nov-23,2/2024,223.37,275.00,230.00,141.16,100
MAHARASHTRA,HEALTH AND FAMILY WELFARE,841,500 BEDDED HOSPITAL INCLUDING 50 SUPERSPECIALITY BEDS FOR ESIC AT PUNE,CPWD,N21000033,7-2022,9/2025,N.A.,9/2025,429.25,N.A.,429.25,99.08,0
MAHARASHTRA,PETROLEUM,842,LIFE EXTENSION OF WALL PLATFORMS OF MUMBAI HIGH AND HEERA FIELDS,ONGC,N16000213,12-2015,4/2018,Dec-23,6/2026,"3,190.69","3,375.90","3,375.90","2,962.02",87.6
MAHARASHTRA,PETROLEUM,843,MUMBAI HIGH NORTH REDEVELOPMENT PHASE-IV,ONGC,N16000358,4-2019,3/2022,Jun-24,2/2025,"3,228.80","3,976.67","3,976.67","3,957.29",99.1
MAHARASHTRA,PETROLEUM,844,SETTING UP 500KTPA PROPANE DEHYDROGENATION INTEGRATED WITH POLYPROPYLENE UNIT ALONG WITH OFFSITE AND,GAIL,N16000430,5-2019,4/2025,Oct-25,10/2025,"8,797.00","11,256.00","11,256.00","5,730.49",78
MAHARASHTRA,PETROLEUM,845,PIPELINE REPLACEMENT PROJECT - VII,ONGC,N16000436,1 - 2 0 2 2,5 / 2 0 2 4,Jan-25,3/2025,"3,183.58",N.A.,"3,645.23","3,417.00",99.1
MAHARASHTRA,PETROLEUM,846,DEBOTTLENECKING AND AUGMENTATION OF CRYOGENIC FACILITIES AT URAN LPG IMPORT TERMINAL,BPCL,N16000442,4-2021,6/2024,N.A.,4/2025,"1,164.69",N.A.,"1,164.69",659.93,62.6
MAHARASHTRA,PETROLEUM,847,EXPANSION OF CRYOGENICS GROUP BY SETTING UP NEW MANUFACTURING FACILITY,IOCL,N16000446,9-2021,10/2023,May-24,5/2024,378.00,N.A.,378.00,120.07,39.08
MAHARASHTRA,PETROLEUM,848,CONSTRUCTION OF LUBE OIL BLENDING AND FILLING PLANT AT RASAYANI,BPCL,N16000452,5-2022,3/2024,N.A.,9/2024,423.39,N.A.,423.39,204.59,68
MAHARASHTRA,PETROLEUM,849,ATF PIPELINE FROM JAWAHARLAL NEHRU PORT TRUST (JNPT) TO NAVI MUMBAI INTERNATIONAL AIRPORT (NMIA),IOCL,N16000456,9-2022,8/2025,N.A.,8/2025,165.00,N.A.,165.00,58.87,54.64
MAHARASHTRA,PETROLEUM,850,DAMAN UPSIDE DEVELOPMENT PROJECT (DUDP) IN TAPTI DAMAN BLOCK,ONGC,N16000470,6-2022,10/2025,N.A.,2/2026,"4,144.41","6,406.90","6,406.90",924.12,23.7
MAHARASHTRA,PETROLEUM,851,"CGD PROJECT AT BEED, JALGAON AND JALNA DISTRICTS",IOCL,N16000487,3-2022,3/2030,N.A.,9/2031,865.00,N.A.,865.00,46.24,1.5
MAHARASHTRA,PETROLEUM,852,ANDHERI RESIDENTIAL TOWERS MUMBAI,IOCL,N16000503,6 - 2 0 1 7,5 / 2 0 2 5,N.A.,5/2025,281.35,N.A.,281.35,88.13,43.6
MAHARASHTRA,PETROLEUM,853,CONSTRUCTION OF ADDITIONAL TANKAGES AND ALLIED FACILITIES AT JNPT TERMINAL,IOCL,N16000504,4-2022,10/2024,Aug-26,8/2026,341.43,N.A.,341.43,209.95,34.7
MAHARASHTRA,PETROLEUM,854,INSTALLATION OF INDEPENDENT DE- AROMATIZED SOLVENTS PRODUCTION FACILITIES AT MUMBAI REFINERY,BPCL,N16000507,3-2023,7/2025,N.A.,7/2025,405.00,N.A.,405.00,92.72,60
MAHARASHTRA,PETROLEUM,855,PART REPLACEMENT PIPELINE PROJECT (PRPP),ONGC,N16000515,11-2022,5/2024,Dec-24,3/2025,"1,219.48",N.A.,"1,145.10",370.75,55
MAHARASHTRA,PETROLEUM,856,POL AND LOBS INSTALLATIONS WITH RECEIPT PIPELINES AT RASAYANI,BPCL,N16000519,5-2023,5/2026,N.A.,5/2026,"2,585.00",N.A.,"2,585.00",266.84,43.2
MAHARASHTRA,PETROLEUM,857,MHN TCPP PGC BGC PROJECT (MTPBP),ONGC,N16000526,2 - 2 0 2 4,5 / 2 0 2 6,N.A.,5/2026,"2,329.45",N.A.,"2,354.23",250.00,22.1
MAHARASHTRA,PETROLEUM,858,PRP-VIII GROUP B (NH AND BS ASSET),ONGC,N16000533,6 - 2 0 2 4,5 / 2 0 2 6,N.A.,2/2026,"2,379.84",N.A.,"2,379.84",132.70,17.7
MAHARASHTRA,PETROLEUM,859,HP TDAE UNIT IN MUMBAI REFINERY,HPCL,N16000534,6 - 2 0 2 4,4 / 2 0 2 6,N.A.,4/2026,240.00,N.A.,240.00,10.62,15.4
MAHARASHTRA,PETROLEUM,860,INTEGRATED DEVELOPMENT OF 4 CONTRACT AREAS UNDER DSF2,ONGC,N16000537,5-2023,4/2027,N.A.,4/2027,"6,183.79",N.A.,"6,183.79",0.00,2
MAHARASHTRA,POWER,861,BIKANER SOLAR POWER PROJECT,SJVN,N18000335,4 - 2 0 2 2,5 / 2 0 2 4,N.A.,7/2025,"5,491.89",532.00,"5,491.89","2,856.98",64
MAHARASHTRA,POWER,862,TS FOR EVACUATION OF 7GW RE INJECTION AT KHAVDA PS UNDER PHASE-IV PART E4,PGCIL,N18000377,11-2023,7/2025,N.A.,7/2025,224.00,N.A.,224.00,0.00,3
MAHARASHTRA,RAILWAYS,863,AHMEDNAGAR-PARLI VAIJNATH(NL) CR,CR,220100181,2 - 1 9 9 7,3 / 2 0 2 1,N.A.,12/2025,"2,271.50",N.A.,"4,909.82","4,467.79",89
MAHARASHTRA,RAILWAYS,864,MUMBAI URBAN TRANSPORT PROJECT PHASE-II,MRTP,N22000092,4-2008,3/2014,N.A.,3/2014,"5,300.00",N.A.,918.53,"7,135.77",77.3
MAHARASHTRA,RAILWAYS,865,WARDHA-NANDED MAHARASHTRA,CR,N22000231,4 - 2 0 0 8,3 / 2 0 2 3,N.A.,12/2026,"3,168.29",N.A.,"3,445.48","2,850.45",47
MAHARASHTRA,RAILWAYS,866,KALYAN-KASARA 3RD LINE,CR,N22000233,4 - 2 0 1 1,3 / 2021,N.A.,12/2025,792.89,N.A.,"1,432.61",805.80,50
MAHARASHTRA,RAILWAYS,867,WARDHA-SEWAGRAM NGP 3RD LINE,CR,N22000250,4 - 2 0 1 2,3 / 2 0 2 2,N.A.,5/2025,540.02,N.A.,540.02,668.28,72
MAHARASHTRA,RAILWAYS,868,WARDHA-BALHARSHAH - 3RD LINE (132 KM),CR,N22000356,2 - 2 0 1 5,3 / 2 0 2 2,N.A.,8/2025,"1,272.19",N.A.,"1,384.72","1,272.02",67
MAHARASHTRA,RAILWAYS,869,ITARSI-NAGPUR (BAL.) - 3RD LINE (267 KM),CR,N22000358,2 - 2 0 1 5,3 / 2 0 2 3,N.A.,3/2027,"2,449.91",N.A.,"2,449.91","1,482.58",48
MAHARASHTRA,RAILWAYS,870,PUNE-MIRAJ-LONDA (467 KM),CR,N22000359,2 - 2 0 1 5,3 / 2 024,N.A.,1/2025,"3,627.47","3,627.00","6,463.49","4,203.93",84
MAHARASHTRA,RAILWAYS,871,DAUND - MANMAD (236 KM),CR,N22000360,2 - 2 0 1 6,3 /2023,N.A.,12/2024,"1,876.00",N.A.,"2,081.27","2,430.34",87
MAHARASHTRA,RAILWAYS,872,MANMAD - JALGAON - 3RD LINE (160 KM),CR,N22000361,2 - 2 0 1 6,3 / 2 0 2 2,N.A.,3/2025,"1,035.16",N.A.,"1,552.24","1,443.13",75
MAHARASHTRA,RAILWAYS,873,WARDHA - NAGPUR - 4TH LINE (76 KM),CR,N22000362,2 - 2 0 1 6,3 / 2 0 2 3,N.A.,5/2025,637.95,N.A.,637.95,835.31,70
MAHARASHTRA,RAILWAYS,874,RAJNANDGAON - NAGPUR - 3RD LINE (SECR),SECR,N22000420,9 - 2 0 1 6,3 / 2 0 2 3,N.A.,12/2025,"1,908.51",N.A.,"3,544.25","2,905.15",90
MAHARASHTRA,RAILWAYS,875,MUMBAI CENTRAL VIRAR VADODARA AHMEDABAAD TRAIN PROTECTION SYSTEM 500 RKM,WR,N22000434,3-2010,,N.A.,3/2024,265.88,N.A.,311.36,0.00,0
MAHARASHTRA,RAILWAYS,876,WADSA-GADHCHIROLI NEW LINE (52.36 KM),SECR,N22000480,6 - 2 0 1 8,1 2 / 2 0 2 1,N.A.,12/2026,229.00,N.A.,"1,886.05",567.42,22
MAHARASHTRA,RAILWAYS,877,PACHORA-JAMNER WITH EXTENSION UPTO MALKAPUR NG TO BG,CR,N22000511,8-2022,8/2027,N.A.,3/2029,955.00,N.A.,"2,093.82",60.68,0
MAHARASHTRA,RAILWAYS,878,SOLAPUR-TULJAPUR-OSMANABAD (UMBRELLA WORK),CR,N22000513,1-2019,3/2028,N.A.,10/2027,904.92,N.A.,"3,295.74","1,030.94",5
MAHARASHTRA,RAILWAYS,879,DHULE (BORVIHIR)-NARDANA (UMBRELLA WORK),CR,N22000514,1-2019,3/2026,N.A.,9/2027,492.76,N.A.,"1,102.50",151.88,5
MAHARASHTRA,RAILWAYS,880,KALYAN-MURBAD VIA ULHASNAGAR (UMBRELLA WORK),CR,N22000515,2-2023,3/2027,N.A.,3/2027,836.12,N.A.,836.12,8.65,0
MAHARASHTRA,RAILWAYS,881,BARAMATI - LONAND,CR,N22000615,2 - 1 9 9 9,3/2027,N.A.,2/2026,736.44,N.A.,"1,843.90",600.55,50
MAHARASHTRA,RAILWAYS,882,MUMBAI URBAN TRANSPORT PROJECT IIIA,MRVC,N22000627,4 - 2 0 1 9,3 / 2 0 2 5,N.A.,12/2027,"33,690.00",N.A.,"33,690.00",846.83,0
MAHARASHTRA,RAILWAYS,883,NAGPUR- NAGBHIR RAILWAY LINE GAUGE CONVERSION PROJECT,MRIDC,N22000629,10-2019,6/2024,Mar-25,3/2025,"1,400.00",N.A.,"1,400.00",0.00,78
MAHARASHTRA,ROAD TRANSPORT AND HIGHWAYS,884,"CONSTRUCTION OF SIX LANE FLYOVER AT KATRAJ JUNCTION AT KM, 3/880 OF NH 548-DD (VADGAON - KATRAJ - KO",MoRTH,N24001907,6-2021,2/2024,N.A.,3/2024,169.15,N.A.,169.15,36.94,35.96
MAHARASHTRA,ROAD TRANSPORT AND HIGHWAYS,885,UPGRADATION OF EXHISTING 2 LANE FLEXIBLE PAVEMENT TO 2 LANE PAVED SHOULDERS RIGID PAVEMENT FROM DESI,MoRTH,N24001908,12-2021,5/2024,N.A.,5/2024,167.97,N.A.,167.97,35.28,36.76
MAHARASHTRA,ROAD TRANSPORT AND HIGHWAYS,886,"STRENGTHING AND WIDINING OF EXISTING CARRIAGEWAY TO 10 M IN KM, 156/160 TO 229/160 (TEMBHURNI - KUSL",MoRTH,N24001909,11-2021,6/2024,N.A.,6/2024,157.72,N.A.,157.72,55.38,90.41
MAHARASHTRA,ROAD TRANSPORT AND HIGHWAYS,887,REHABILITATION AND UPGRADATION OF JAMKHED TO SAUTADA SECTION OF NH548 D (FROM KM 195.375 TO KM 208.7,MoRTH,N24001910,9-2022,7/2024,N.A.,7/2024,157.62,N.A.,157.62,13.86,17.03
MAHARASHTRA,ROAD TRANSPORT AND HIGHWAYS,888,PANGAON TO DHARMAPURI AND PARALI TO INJEGAON 2L+PS,MoRTH,N24001911,3-2018,7/2024,N.A.,12/2023,152.03,N.A.,152.03,81.35,97.57
MAHARASHTRA,ROAD TRANSPORT AND HIGHWAYS,889,4L OF INDORA CHOWK TO PACHPAOLI AND AGRASEN CHOWK - ASHOKA CHOWK,NHAI,N24002071,3-2023,6/2026,N.A.,6/2026,998.27,N.A.,998.27,196.60,26.7
MAHARASHTRA,ROAD TRANSPORT AND HIGHWAYS,890,IMPROVEMENT OF EXISTING ALIGNMENT OF PANDHARPUR TOWN PART BYPASSED SECTION FROM WAKHARI TO LORD VITT,NHAI,N24002072,7-2022,10/2025,N.A.,10/2025,150.21,150.21,150.21,14.94,2
MAHARASHTRA,ROAD TRANSPORT AND HIGHWAYS,891,STRENGTHENING OF 6-LANE PIMPALGAON- NASHIK-GONDE (KM. 380 - KM. 440) SECTION OF NH-3 IN MAHARASHTRA U,NHAI,N24002137,2-2024,3/2025,N.A.,3/2025,175.00,N.A.,175.00,117.64,61.23
MAHARASHTRA,ROAD TRANSPORT AND HIGHWAYS,892,REHABILITATION/UPGRADATION OF EXISTING HIGHWAY TO 2L+PS/4 LANE OF DHAWALI TO RAJOLI FROM DESIGN KM.1,MoRTH,N24002169,3-2022,9/2025,N.A.,9/2025,316.44,N.A.,316.44,0.00,0
MAHARASHTRA,ROAD TRANSPORT AND HIGHWAYS,893,REHABILITATION/ UPGRADATION OF EXISTING HIGHWAY TO FOUR LANE STANDARDS IN KURKHEDA TOWN FROM (KM.413,MoRTH,N24002170,3-2022,5/2025,N.A.,5/2025,163.86,N.A.,163.86,0.00,0
MAHARASHTRA,ROAD TRANSPORT AND HIGHWAYS,894,REHABILITATION & UP-GRADATION FOR TALERE A?? GAGANBAWDAA?? KOLHAPUR ROAD (NH-166G) STRETCHES START F,MoRTH,N24002171,2-2023,4/2025,N.A.,4/2025,249.13,N.A.,249.13,0.00,0
MAHARASHTRA,ROAD TRANSPORT AND HIGHWAYS,895,"UP-GRADATION TO 4 LANE CONFIGURATION FOR THE WORK OF PETH NAKA TO SANGLI ROAD, NH-166H, FROM KM 0+00",MoRTH,N24002172,2-2023,12/2025,N.A.,12/2025,856.82,N.A.,856.82,0.00,0
MAHARASHTRA,ROAD TRANSPORT AND HIGHWAYS,896,REHABILITATION AND UP-GRADATION TO 2 LANE WITH PAVED SHOULDER CONFIGURATION OF MAHUD SANGOLA ROAD NH,MoRTH,N24002173,2-2023,4/2025,N.A.,4/2025,253.78,N.A.,253.78,0.00,0
MAHARASHTRA,ROAD TRANSPORT AND HIGHWAYS,897,UP-GRADATION TO FOUR LANE/ TWO LANE WITH PAVED SHOULDERS CONFIGURATION OF KALYAN - MURBAD - MALSHEJ,MoRTH,N24002174,2-2023,8/2026,N.A.,8/2026,984.07,N.A.,984.07,0.00,0
MAHARASHTRA,ROAD TRANSPORT AND HIGHWAYS,898,CONSTRUCTION OF FOUR-LANE CONCRETE ROAD FROM POLICE HEADQUARTER GONDIA CITY TO RAWANWADI VILLAGE (BI,MoRTH,N24002175,2-2023,8/2025,N.A.,8/2025,328.11,N.A.,328.11,0.00,0
MAHARASHTRA,ROAD TRANSPORT AND HIGHWAYS,899,REHABILITATION/UP GRADATION OF KARANJA ? KHERDA - MURTIZAPUR SECTION TO 4LANE+PAVED SHOULDER STANDA,MoRTH,N24002176,3-2023,2/2026,N.A.,2/2026,594.44,N.A.,594.44,0.00,0
MAHARASHTRA,ROAD TRANSPORT AND HIGHWAYS,900,REHABILITATION / UPGRADATION TO 4 LANE WITH PAVED SHOULDER OF EXISTING SECTION IN SILLOD TOWN WITH D,MoRTH,N24002177,3-2023,7/2025,N.A.,7/2025,153.79,N.A.,153.79,0.00,0
MAHARASHTRA,ROAD TRANSPORT AND HIGHWAYS,901,"REHABILITATION, UPGRADATION & WIDENING OF EXISTING HIGHWAY TO RIGID PAVEMENT 2 LANE WITH PAVED SHOUL",MoRTH,N24002178,2-2023,7/2026,N.A.,7/2026,723.13,N.A.,723.13,0.00,0
MAHARASHTRA,ROAD TRANSPORT AND HIGHWAYS,902,REHABILITATION AND UPGRADATION OF END OF AHMEDNAGAR BYPASS TO KHARWANDI KASAR SECTION OF NH-222 FROM,MoRTH,N24000332,1-2015,,N.A.,,225.81,N.A.,225.81,167.96,76
MAHARASHTRA,ROAD TRANSPORT AND HIGHWAYS,903,"CONSTRUCTION OF FLYOVER AT KM.544.650 INCLUDING ROB ,SERVICE ROADS ,FOOTPATH FOR RCC DRAINS ON URBAN",NHAI,N24000442,12-2015,3/2019,Nov-23,1/2025,649.50,N.A.,649.50,595.48,90.06
MAHARASHTRA,ROAD TRANSPORT AND HIGHWAYS,904,NAGPUR RING ROAD PACKAGE-2,NHAI,N24000560,3 - 2 0 1 6,7 / 2 0 1 9,Mar-24,1/2025,591.66,N.A.,591.66,617.70,93.96
MAHARASHTRA,ROAD TRANSPORT AND HIGHWAYS,905,4-LANNING OF NH17 AND NEW NO. NH66 FROM KM 161/600 TO 205/400 UNDER HYBRID ANNUITY MODE,MoRTH,N24000584,3-2016,,N.A.,12/2023,"1,142.62","1,907.03","1,142.62","1,056.08",95.17
MAHARASHTRA,ROAD TRANSPORT AND HIGHWAYS,906,4-LANNING OF NH17 AND NEW NO. NH66 FROM KM 241/300 TO 281/300 UNDER HYBRID ANNUITY MODE,MoRTH,N24000585,3-2016,,N.A.,,"1,101.58",N.A.,"1,101.58",608.53,0
MAHARASHTRA,ROAD TRANSPORT AND HIGHWAYS,907,CONSTRUCTION OF NEW 4-LANE BRIDGE ACROSS VARSOVA CREEK AND ITS APPROACHES WITH INTERCHANGE IN THE ST,NHAI,N24000655,3-2017,3/2020,Nov-24,11/2024,247.02,N.A.,157.49,92.22,99.13
MAHARASHTRA,ROAD TRANSPORT AND HIGHWAYS,908,4-LANNING OF BODHRE-DHULE SECTION(KM 390.000 TO 452.800),NHAI,N24000656,3-2017,3/2020,Jul-22,3/2025,744.64,N.A.,"1,007.00",467.65,92.01
MAHARASHTRA,ROAD TRANSPORT AND HIGHWAYS,909,4-LANNING OF WARANGA-MAHAGAON SECTION(KM 253.7000 TO 320.580),NHAI,N24000659,3-2017,3/2017,May-21,10/2024,"1,059.73","1,071.00","1,071.00",878.19,82.04
MAHARASHTRA,ROAD TRANSPORT AND HIGHWAYS,910,CONSTRUCTION OF 8 LANING OF EXISTING 4 LANE VADAPE TO THANE FROM KM 539.202 TO KM 563.000 SECTION OF,NHAI,N24000851,3-2018,7/2021,N.A.,6/2025,"1,162.92","1,182.87","1,182.87",371.48,55.75
MAHARASHTRA,ROAD TRANSPORT AND HIGHWAYS,911,SARSAM TO KOTHARI,MoRTH,N24001002,2 - 2 0 1 6,7/2019,N.A.,12/2023,545.64,N.A.,545.64,232.64,93.68
MAHARASHTRA,ROAD TRANSPORT AND HIGHWAYS,912,AKOLA TO AKOT,MoRTH,N24001003,1 - 2 0 1 7,6/2019,N.A.,12/2023,313.95,N.A.,313.95,270.26,99
MAHARASHTRA,ROAD TRANSPORT AND HIGHWAYS,913,DIGRAS DARWAH KARANJA,MoRTH,N24001013,1 - 2 0 1 7,6 / 2 019,N.A.,12/2023,391.06,391.00,391.06,287.60,92.76
MAHARASHTRA,ROAD TRANSPORT AND HIGHWAYS,914,DAHEGAON TO KUHI,MoRTH,N24001017,1 - 2 0 1 7,6/2019,N.A.,12/2023,228.89,229.00,228.89,154.82,99
MAHARASHTRA,ROAD TRANSPORT AND HIGHWAYS,915,BHANDARA TO GHOTITOK,MoRTH,N24001018,1 - 2 0 1 7,6 / 2019,N.A.,6/2019,392.83,393.00,392.83,274.75,100
MAHARASHTRA,ROAD TRANSPORT AND HIGHWAYS,916,AMDI TO SAONER,MoRTH,N24001021,1 - 2 0 1 7,6/2019,N.A.,12/2023,396.91,397.00,396.91,289.79,98.69
MAHARASHTRA,ROAD TRANSPORT AND HIGHWAYS,917,WADI TO ASOLA,MoRTH,N24001022,1 - 2 0 1 7,9/2019,N.A.,12/2023,363.82,364.00,363.82,154.65,93.15
MAHARASHTRA,ROAD TRANSPORT AND HIGHWAYS,918,SHAHPUR PATGAON SECTION I,MoRTH,N24001027,1 - 2 0 1 8,1 2 / 2 0 19,N.A.,3/2024,150.79,N.A.,150.79,81.14,70.66
MAHARASHTRA,ROAD TRANSPORT AND HIGHWAYS,919,JINTUR TO PARBHANI,MoRTH,N24001039,1 - 2 0 1 7,,N.A.,12/2023,356.66,N.A.,356.66,209.48,80.48
MAHARASHTRA,ROAD TRANSPORT AND HIGHWAYS,920,RALEGAON TO RAMTIRTH,MoRTH,N24001046,1 - 2 0 1 7,7 / 2019,N.A.,8/2023,210.81,N.A.,210.81,210.81,96.5
MAHARASHTRA,ROAD TRANSPORT AND HIGHWAYS,921,VITA TO NAGAJ,MoRTH,N24001050,3 - 2 0 1 8,12/2019,N.A.,12/2023,304.58,305.00,304.58,154.68,38.39
MAHARASHTRA,ROAD TRANSPORT AND HIGHWAYS,922,KARAD PATAN CHIPLUN GUHAGAR,MoRTH,N24001057,2 - 2 0 1 7,6 / 2 0 1 9,N.A.,10/2023,407.19,407.00,407.19,323.02,89.97
MAHARASHTRA,ROAD TRANSPORT AND HIGHWAYS,923,KARWANDI TO RAJURI,MoRTH,N24001058,3 - 2 0 1 8,12/2019,N.A.,3/2024,276.95,277.00,276.95,160.94,92.06
MAHARASHTRA,ROAD TRANSPORT AND HIGHWAYS,924,PALPHATA TO PHULAMBARI,MoRTH,N24001060,3 - 2 0 1 8,1 2 / 2019,N.A.,12/2023,227.19,227.00,227.19,141.92,95
MAHARASHTRA,ROAD TRANSPORT AND HIGHWAYS,925,NANDED TO JALKOT,MoRTH,N24001069,1 2 - 2 0 1 7,9/2019,N.A.,9/2019,456.93,457.00,456.93,278.22,0
MAHARASHTRA,ROAD TRANSPORT AND HIGHWAYS,926,PUNE TO MALE VILLAGE,MoRTH,N24001078,3 - 2 0 1 8,1 2/2019,N.A.,12/2023,228.31,N.A.,228.31,100.97,93.83
MAHARASHTRA,ROAD TRANSPORT AND HIGHWAYS,927,ARDHAPUR TO HIMAYATNAGAR,MoRTH,N24001079,1 2 - 2 0 1 7,6 / 2 0 2 0,N.A.,12/2023,426.06,426.00,426.06,271.40,96.25
MAHARASHTRA,ROAD TRANSPORT AND HIGHWAYS,928,MALE VILLAGE TO PUNE RAIGARH DISTRICT BORDER,MoRTH,N24001080,3-2018,12/2019,N.A.,10/2023,256.15,N.A.,256.15,126.62,98
MAHARASHTRA,ROAD TRANSPORT AND HIGHWAYS,929,HIMAYATNAGAR TO PHULSAWANGI,MoRTH,N24001081,3 - 2 0 1 8,1 2 / 2 0 1 9,N.A.,12/2023,294.87,295.00,294.87,183.17,89.99
MAHARASHTRA,ROAD TRANSPORT AND HIGHWAYS,930,PUNE RAIGARH DISTRICT BORDER TO MANGAON,MoRTH,N24001082,3-2018,12/2019,N.A.,12/2023,223.46,N.A.,223.46,123.46,100
MAHARASHTRA,ROAD TRANSPORT AND HIGHWAYS,931,KOLDE TO KHETIYA,MoRTH,N24001090,1 - 2 0 1 7,7/2019,N.A.,12/2023,509.18,N.A.,509.18,283.13,94.81
MAHARASHTRA,ROAD TRANSPORT AND HIGHWAYS,932,SATARA TO MHASWAD,MoRTH,N24001092,1 - 2 0 1 7,7 /2019,N.A.,12/2023,653.46,N.A.,653.46,369.62,76.76
MAHARASHTRA,ROAD TRANSPORT AND HIGHWAYS,933,SATARA MURVAD PILLOV PANDHARPUR,MoRTH,N24001095,1 - 2 0 1 7,,N.A.,6/2024,388.44,N.A.,388.44,240.05,88.16
MAHARASHTRA,ROAD TRANSPORT AND HIGHWAYS,934,SELDOH TO PANVAR,MoRTH,N24001097,7 - 2 0 1 8,5/2020,N.A.,5/2020,404.33,404.00,404.33,140.65,0
MAHARASHTRA,ROAD TRANSPORT AND HIGHWAYS,935,MHASWAD TO TEMBHURNI,MoRTH,N24001099,1 - 2 0 1 7,7 / 2 019,N.A.,12/2023,488.60,N.A.,488.60,279.42,76.5
MAHARASHTRA,ROAD TRANSPORT AND HIGHWAYS,936,KURUDWADI TO PANDHARPUR,MoRTH,N24001101,1 - 2 0 1 7,7 / 2 0 1 9,N.A.,11/2023,307.63,N.A.,307.63,232.57,96.27
MAHARASHTRA,ROAD TRANSPORT AND HIGHWAYS,937,PANDHARPUR TO SANGOLA,MoRTH,N24001102,7 - 2 0 1 7,7 / 2 0 19,N.A.,12/2023,218.38,N.A.,218.38,182.63,99.78
MAHARASHTRA,ROAD TRANSPORT AND HIGHWAYS,938,PEN TO KHOPOLI,MoRTH,N24001106,3 - 2 0 1 8,3/2018,N.A.,1/2024,301.39,302.00,301.39,170.12,82.07
MAHARASHTRA,ROAD TRANSPORT AND HIGHWAYS,939,PANCHARAL TO MANDANGHAR,MoRTH,N24001107,7 - 2 0 1 8,5 / 2 0 2 0,N.A.,5/2020,381.08,302.00,381.08,45.66,0
MAHARASHTRA,ROAD TRANSPORT AND HIGHWAYS,940,KOLHA TO NASRATPUR,MoRTH,N24001111,4 - 2 0 1 6,4 /2019,N.A.,8/2024,281.78,282.00,281.78,77.83,0
MAHARASHTRA,ROAD TRANSPORT AND HIGHWAYS,941,NASRATPUR TO BARASGAON,MoRTH,N24001112,7 - 2 0 1 6,9 / 2 0 19,N.A.,3/2024,406.54,407.00,406.54,274.30,81
MAHARASHTRA,ROAD TRANSPORT AND HIGHWAYS,942,INDAPUR TO VADPALE,MoRTH,N24001114,1 - 2 0 1 7,1 2/2019,N.A.,3/2024,"1,202.52","1,656.94","1,202.52","1,450.82",61.42
MAHARASHTRA,ROAD TRANSPORT AND HIGHWAYS,943,PAITHAN TO SHIRUR,MoRTH,N24001122,3 - 2 0 1 7,6/2019,N.A.,3/2024,341.80,N.A.,341.80,226.19,78.6
MAHARASHTRA,ROAD TRANSPORT AND HIGHWAYS,944,SHIRUR TO KHARDA,MoRTH,N24001123,2 - 2 0 1 7,6/2019,N.A.,12/2023,381.77,N.A.,381.77,199.48,83.93
MAHARASHTRA,ROAD TRANSPORT AND HIGHWAYS,945,AURANGABAD TO SILLOD,MoRTH,N24001124,2 - 2 0 1 7,6 / 2019,N.A.,12/2023,456.32,541.93,456.32,355.54,94.07
MAHARASHTRA,ROAD TRANSPORT AND HIGHWAYS,946,SILLOD TO FARDAPUR,MoRTH,N24001125,2 - 2 0 1 7,6/2019,N.A.,12/2023,337.46,432.98,337.46,335.30,91.56
MAHARASHTRA,ROAD TRANSPORT AND HIGHWAYS,947,KUMBHARI PHTA TO DEULGAON RAJA,MoRTH,N24001127,2 - 2 0 1 7,6 / 2 0 1 9,N.A.,2/2024,406.51,N.A.,406.51,340.26,87.84
MAHARASHTRA,ROAD TRANSPORT AND HIGHWAYS,948,BHOGAN KHURD TO KASHEDI,MoRTH,N24001132,9 - 2 0 1 7,6 / 2 0 21,N.A.,12/2023,743.21,743.00,743.21,911.64,88.69
MAHARASHTRA,ROAD TRANSPORT AND HIGHWAYS,949,KANTE TO WAKED,MoRTH,N24001134,3 - 2 0 1 6,11/2019,N.A.,12/2024,"1,230.02","1,230.00","1,230.02",791.80,0
MAHARASHTRA,ROAD TRANSPORT AND HIGHWAYS,950,PARLI PIMPLA DAHIGUDA,MoRTH,N24001138,2 - 2 0 1 7,6 /2019,N.A.,8/2023,205.72,206.00,205.72,85.71,100
MAHARASHTRA,ROAD TRANSPORT AND HIGHWAYS,951,MOHOL TO WAKHARI PACKAGE1 SANT DNYANESHWAR MAHARAJ PALKHI MARG SECTION OF NH965,NHAI,N24001377,2-2019,1/2022,Aug-23,8/2023,731.89,731.99,731.99,689.19,0.2
MAHARASHTRA,ROAD TRANSPORT AND HIGHWAYS,952,WAKHARI TO KHUDUS PACKAGE2 SANT DNYANESHWAR MAHARAJ PALKHI MARG SECTION OF NH965,NHAI,N24001378,2-2019,1/2022,Jun-23,6/2023,362.46,372.46,372.46,352.01,0.7
MAHARASHTRA,ROAD TRANSPORT AND HIGHWAYS,953,KHUDUS TO DHARAMPURI PACKAGE 3 SANT DNYANESHWAR MAHARAJ PALKHI MARG SECTION OF NH965,NHAI,N24001379,2-2019,1/2022,Aug-23,8/2023,594.75,594.75,613.75,585.20,0.5
MAHARASHTRA,ROAD TRANSPORT AND HIGHWAYS,954,UPGRADATION OF ADHALGAON-JAMKHED SECTION OF NH-548 D FROM KM 132/600 TO KM 195/375 TO TWO LANE WITH,MoRTH,N24001448,11-2021,2/2022,N.A.,2/2022,223.35,N.A.,223.35,209.36,87.88
MAHARASHTRA,ROAD TRANSPORT AND HIGHWAYS,955,REPANPALLI TO SIRONCHA,MoRTH,N24001468,3 - 2 0 2 2,6 / 2 022,N.A.,6/2024,282.07,N.A.,282.07,34.65,0
MAHARASHTRA,ROAD TRANSPORT AND HIGHWAYS,956,TUNNEL AT KHAMBATAKI GHAT SECTION AND ITS APPROACHES FROM EXISTING KM. 771.730 TO EXISTING KM. 782.0,NHAI,N24001486,2-2019,2/2022,Dec-24,8/2025,493.00,N.A.,493.00,378.98,74.47
MAHARASHTRA,ROAD TRANSPORT AND HIGHWAYS,957,DHARAMPURI-LONAND FROM KM. 117.00 TO 166.40 (PKG-IV) ON MOHOL-ALANDI SECTION,NHAI,N24001488,9-2021,9/2023,Dec-24,3/2025,618.45,N.A.,618.45,603.57,90.8
MAHARASHTRA,ROAD TRANSPORT AND HIGHWAYS,958,6L OF KAGAL-SATARA SECTION FROM KM 658.000 TO KM 725.000 OF NH-48 (PKG-II),NHAI,N24001493,12-2022,12/2024,N.A.,12/2024,"1,749.86",N.A.,"1,749.86","1,865.21",62.54
MAHARASHTRA,ROAD TRANSPORT AND HIGHWAYS,959,4L OF RATNAGIRI - KOLHAPUR SECTION OF NH-166 FROM KM 0.000 TO KM 19.769 AND KM 31.000 TO KM 67.140 (,NHAI,N24001495,11-2022,11/2024,N.A.,11/2024,930.00,N.A.,930.00,592.45,70.45
MAHARASHTRA,ROAD TRANSPORT AND HIGHWAYS,960,PATAS-VASUNDE PHATA - BARAMATI BYPASS,NHAI,N24001501,9 - 2 0 2 1,9 / 2 0 2 3,Jul-23,7/2023,531.86,532.41,532.41,520.71,0.5
MAHARASHTRA,ROAD TRANSPORT AND HIGHWAYS,961,4L OF BARAMATI TO INDAPUR (PKG-II) FROM KM. 41.400 TO KM. 84.550 OF NH-965G (SAINT TUKARAM MARG),NHAI,N24001502,9-2021,9/2023,Mar-24,3/2025,624.45,580.15,580.15,405.31,2
MAHARASHTRA,ROAD TRANSPORT AND HIGHWAYS,962,4L OF INDAPUR TO TONDLE (PKG-III) FROM KM.84.550 TO KM. 131.00 OF NH-965G (SAINT TUKARAM MARG),NHAI,N24001503,9-2021,9/2023,Mar-24,3/2025,667.66,666.21,666.21,598.65,3
MAHARASHTRA,ROAD TRANSPORT AND HIGHWAYS,963,VADODARA MUMBAI EXPRESSWAY (PHASE II - PKG XI) [KM. 77.000 TO KM. 103.400] (GANJAD - TALSARI),NHAI,N24001504,5-2022,5/2024,Jan-25,1/2025,"1,260.00",N.A.,"1,260.00",608.72,93
MAHARASHTRA,ROAD TRANSPORT AND HIGHWAYS,964,VADODARA MUMBAI EXPRESSWAY (PHASE II - PKG XII) [KM. 50.700 TO KM. 77.000] (MASVAN - GANJAD),NHAI,N24001505,3-2022,3/2024,May-25,5/2025,"1,549.02",N.A.,"1,549.02",537.10,54.53
MAHARASHTRA,ROAD TRANSPORT AND HIGHWAYS,965,VADODARA MUMBAI EXPRESSWAY (PHASE II - PKG XIII) [KM. 26.582 TO KM. 50.700] (SHIRSAD - MASVAN),NHAI,N24001506,2-2022,2/2024,Jun-25,6/2025,"2,747.00",N.A.,"2,747.00",929.38,66.74
MAHARASHTRA,ROAD TRANSPORT AND HIGHWAYS,966,VADODARA MUMBAI EXPRESSWAY (PHASE II - PKG XIV) [KM. 3.000 TO KM. 20.200 OF SPUR] (SHIRSAD - AKLOLI),NHAI,N24001507,11-2022,5/2024,Jun-25,6/2025,"1,124.00",N.A.,"1,124.00",299.43,50.19
MAHARASHTRA,ROAD TRANSPORT AND HIGHWAYS,967,VADODARA MUMBAI EXPRESSWAY (PHASE II - PKG XVI) [KM. 43.000 TO KM. 69.800 OF SPUR] (AMNE - BHOJ),NHAI,N24001508,11-2022,10/2024,Jun-25,6/2025,"1,450.00",N.A.,"1,450.00",545.51,70
MAHARASHTRA,ROAD TRANSPORT AND HIGHWAYS,968,VADODARA MUMBAI EXPRESSWAY (PHASE II - PKG XV) [KM. 20.200 TO KM. 43.000 OF SPUR] (AKLOLI - AMNE),NHAI,N24001521,11-2022,10/2024,Apr-25,4/2025,990.00,N.A.,990.00,296.63,54
MAHARASHTRA,ROAD TRANSPORT AND HIGHWAYS,969,6L OF KAGAL-SATARA SECTION FROM KM 592.240 TO KM 658.000 OF NH-48 (PKG-I),NHAI,N24001546,1-2023,1/2025,N.A.,1/2025,"1,025.20",N.A.,"1,025.20",758.28,41.85
MAHARASHTRA,ROAD TRANSPORT AND HIGHWAYS,970,BALANCE WORKS OF 4L PANVEL-INDAPUR SECTION OF NH-66 (OLD NH-17) FROM KM 42.300 (KASU) TO KM 84.600 (,NHAI,N24001607,10-2022,5/2024,Dec-25,12/2025,332.00,N.A.,332.00,237.12,54.37
MAHARASHTRA,ROAD TRANSPORT AND HIGHWAYS,971,VADODARA MUMBAI EXPRESSWAY (PHASE II - PKG XVII) [KM. 69.800 TO KM. 79.783 OF SPUR] (BHOJ - MORBE),NHAI,N24001608,9-2021,7/2025,N.A.,7/2025,"2,208.68",N.A.,"2,208.68",411.34,60.75
MAHARASHTRA,ROAD TRANSPORT AND HIGHWAYS,972,BALANCE WORK OF 4 LANING OF PANVEL TO INDAPUR SECTION OF NH-66(OLD NH- 17) FROM KM 0.000 (PANVEL) TO,NHAI,N24001609,1-2023,12/2023,Mar-25,3/2025,151.26,N.A.,151.26,128.33,72.02
MAHARASHTRA,ROAD TRANSPORT AND HIGHWAYS,973,4L OF EXISTING 2/4L STRETCH FROM LONAND TO DIVE GHAT (KM 166.400 TO KM 220.900 ) OF MOHOL ? ALANDI S,NHAI,N24001610,1-2022,5/2024,Mar-25,3/2025,"1,833.73",N.A.,"1,833.73",478.05,86.14
MAHARASHTRA,ROAD TRANSPORT AND HIGHWAYS,974,FOUR LANING OF AURANGABAD-PAITHAN SECTION OF NH-752E ON EPC MODE IN THE STATE OF MAHARASHTRA .,NHAI,N24001795,10-2022,7/2024,N.A.,12/2024,490.40,N.A.,289.00,262.55,88
MAHARASHTRA,ROAD TRANSPORT AND HIGHWAYS,975,4L OF RAJURA-KORPANA-ADILABAD ROAD UPTO M.S. BORDER FROM KM 32.910 TO KM 89.090 OF NH-353B,NHAI,N24001796,3-2022,10/2024,Apr-25,4/2025,"1,013.33","1,013.33","1,111.33",355.07,62.01
MAHARASHTRA,ROAD TRANSPORT AND HIGHWAYS,976,6L OF WAINGANGA BRIDGE - BHANDARA (INCLUDING BHANDARA BYPASS) SECTION FROM KM 485.000 TO KM 499.800,NHAI,N24001797,10-2021,1/2024,N.A.,3/2025,815.77,N.A.,815.77,659.22,93.43
MAHARASHTRA,ROAD TRANSPORT AND HIGHWAYS,977,4L MITIGATION MEASURE STRUCTURES ON CH/MH BORDER TO WAINGANGA BRIDGE SECTION OF NH-53,NHAI,N24001798,2-2021,11/2023,N.A.,1/2025,540.21,N.A.,540.21,433.50,98.47
MAHARASHTRA,ROAD TRANSPORT AND HIGHWAYS,978,4L OF NAGPUR-KATOL SECTION FROM KM. 13.00 TO KM. 62.900 OF NH-353J,NHAI,N24001799,2-2021,10/2023,N.A.,3/2025,"1,166.96",N.A.,"1,251.00","1,042.76",80.33
MAHARASHTRA,ROAD TRANSPORT AND HIGHWAYS,979,BAL. WORKS OF FAGNE (KM. 510.000) TO MAHARASHTRA/GUJARAT BORDER (KM. 650.794),NHAI,N24001804,12-2019,9/2022,Jun-24,6/2024,"1,654.07",N.A.,980.00,835.19,91.76
MAHARASHTRA,ROAD TRANSPORT AND HIGHWAYS,980,4L OF RATNAGIRI - KOLHAPUR SECTION FROM KM 67.140 TO KM 112.340 OF NH-166 (PKG ? II),NHAI,N24001834,5-2023,5/2025,N.A.,5/2025,839.00,N.A.,839.00,412.49,45.75
MAHARASHTRA,ROAD TRANSPORT AND HIGHWAYS,981,4L OF RATNAGIRI - KOLHAPUR SECTION FROM KM 112.340 TO KM 145.300 OF NH-166 (PKG?III),NHAI,N24001835,5-2023,5/2025,N.A.,5/2025,986.00,N.A.,986.00,373.70,44.1
MAHARASHTRA,ROAD TRANSPORT AND HIGHWAYS,982,REHABILITATION AND UP-GRADATION TO 4 LANE ROAD WITH PAVED SHOULDER CONFIGURATION OF SECTION FROM UND,MoRTH,N24001880,3-2022,7/2025,N.A.,7/2025,778.18,N.A.,778.18,135.78,27.35
MAHARASHTRA,ROAD TRANSPORT AND HIGHWAYS,983,CONSTRUCTION OF NEW FOUR LANE BYPASS TO PARBHANI CITY (PARWA TO ASOLA) KM 463/265 TO KM 481/180 (DES,MoRTH,N24001882,3-2022,10/2024,N.A.,10/2024,496.64,N.A.,496.64,0.00,8
MAHARASHTRA,ROAD TRANSPORT AND HIGHWAYS,984,CONSTRUCTION OF 4 LANE FLYOVER AT NAGPUR RTO CHOWK TO NAGPUR UNIVERSITY CAMPUS FROM CH 2/250 TO 5/10,MoRTH,N24001883,3-2021,3/2024,N.A.,4/2024,478.83,N.A.,478.83,233.48,65
MAHARASHTRA,ROAD TRANSPORT AND HIGHWAYS,985,REHABILITATION AND UPGRADATION OF SATANA TO MANGRUL (CHANDWAD) SECTION OF NH752 G DESIGN CH: KM 64.0,MoRTH,N24001884,3-2023,5/2025,N.A.,5/2025,428.80,N.A.,428.80,54.11,30.69
MAHARASHTRA,ROAD TRANSPORT AND HIGHWAYS,986,REHABILITATION AND UP-GRADATION OF JINTUR- SHIRAD SHAHAPUR SECTION KM 258.300 TO KM 306.300 [DESIGN,MoRTH,N24001885,2-2023,12/2024,N.A.,12/2024,414.81,N.A.,414.81,0.00,0
MAHARASHTRA,ROAD TRANSPORT AND HIGHWAYS,987,DEVELOPMENT/WIDENING OF TALEGAON ? CHAKAN ? SHIKRAPUR ? NHAVARA SECTION OF NH 548DG (NHAVARA TO CHOU,MoRTH,N24001886,10-2022,8/2024,N.A.,8/2024,304.68,N.A.,304.68,97.09,58.78
MAHARASHTRA,ROAD TRANSPORT AND HIGHWAYS,988,REHABILITATION AND UPGRADATION OF BHOKARDAN TO KUMBHARI FATA DESIGN CH. (KM 13+500 TO 17+00) AND RAJ,MoRTH,N24001887,8-2022,6/2024,N.A.,6/2024,291.37,N.A.,291.37,102.94,78.44
MAHARASHTRA,ROAD TRANSPORT AND HIGHWAYS,989,"UP-GRADATION OF TIRORA-GONDIA, STATE HIGHWAY FROM EXISTING KM 163+213 (ON SH- 335, TIRORA) TO KM 191+",MoRTH,N24001888,8-2021,4/2023,N.A.,5/2024,288.14,N.A.,288.14,63.01,46.31
MAHARASHTRA,ROAD TRANSPORT AND HIGHWAYS,990,2 LANE + PS PIMPLNER TO SATANA -[DESIGN CHAINAGE KM 21.427 TO 64.00 ] OF NH-752G],MoRTH,N24001889,9-2019,7/2021,N.A.,12/2023,277.81,N.A.,277.81,148.68,0
MAHARASHTRA,ROAD TRANSPORT AND HIGHWAYS,991,REHABILITATION AND UPGRADATION OF PARLI TO SIRSALA SECTION OF NH-361F (KM 136+700 TO 115+000) (LENGT,MoRTH,N24001890,2-2023,12/2024,N.A.,12/2024,261.82,N.A.,261.82,70.59,46
MAHARASHTRA,ROAD TRANSPORT AND HIGHWAYS,992,BALANCE WORK OF REHABILITATION AND UP- GRADATION TO NH-166F FROM MAHAD JUNCTION (AT KM 123/400 ON NH-,MoRTH,N24001891,7-2021,11/2023,N.A.,3/2024,256.54,N.A.,256.54,80.10,59.66
MAHARASHTRA,ROAD TRANSPORT AND HIGHWAYS,993,REHABILITATION AND UPGRADATION OF SHIRAPUR JUNCTION TO SHIVAJI CHOWK (DESIGN CHAINAGE KM. 130+00 TO,MoRTH,N24001892,2-2023,12/2024,N.A.,12/2024,245.61,N.A.,245.61,43.39,32.5
MAHARASHTRA,ROAD TRANSPORT AND HIGHWAYS,994,2 LANE + PS ASTHAMODE - TIVATYAL [DESIGN CH. KM 24.300 - 62.00] [KM 134.98-172.95 OF NH- 63],MoRTH,N24001894,9-2019,7/2021,N.A.,12/2023,228.82,N.A.,228.82,144.54,95.44
MAHARASHTRA,ROAD TRANSPORT AND HIGHWAYS,995,REHABILATION AND UPGRADATION TO TWO LANES WITH PAVED SHOULDER CONFIGURATION FROM WATUR TO CHARTHANA,MoRTH,N24001895,11-2021,9/2023,N.A.,12/2023,228.01,N.A.,228.01,103.01,99
MAHARASHTRA,ROAD TRANSPORT AND HIGHWAYS,996,UPGRADATIOBN AND REHABILITATION OF SECTION OF NH 361 F FROM PARLI (00/000) TO GANGAKHED (30/400) TO,MoRTH,N24001896,11-2021,9/2023,N.A.,4/2024,224.44,N.A.,224.44,75.34,45.63
MAHARASHTRA,ROAD TRANSPORT AND HIGHWAYS,997,REHABILITATION AND UP-GRADATION OF SABALKHED TO ASHTI SECTION FROM KM 37+900 TO KM 55+100 AND CHINCH,MoRTH,N24001902,12-2022,9/2024,N.A.,9/2024,213.32,N.A.,213.32,20.00,34
MAHARASHTRA,ROAD TRANSPORT AND HIGHWAYS,998,REHABILITATION AND UP-GRADATION OF MUDKHED TO NANDED SECTION FROM KM. 372+000 TO KM 388+400 OF NH 16,MoRTH,N24001903,8-2022,4/2025,N.A.,4/2025,206.54,N.A.,206.54,21.36,0
MAHARASHTRA,ROAD TRANSPORT AND HIGHWAYS,999,KOPARGAON TO SAVALI VIHIR SECTION,MoRTH,N24001904,9 - 2 0 2 2,7 / 2 0 2 4,N.A.,7/2024,195.38,N.A.,195.38,29.59,19.76
MAHARASHTRA,ROAD TRANSPORT AND HIGHWAYS,1000,"CONSTRUCTION OF MAJOR BRIDGE ACROSS MANJRA RIVER NEAR YESGI VILLAGE @ KM, 166/500 ON NH 63 TQ BILOLI",MoRTH,N24001905,10-2021,8/2023,N.A.,12/2023,188.69,N.A.,188.69,111.26,95.8
MAHARASHTRA,ROAD TRANSPORT AND HIGHWAYS,1001,UP-GRADATION TO 4 LANING OF DAULTABAD T-POINT TO MALIWADA [FROM DESIGN KM.0.000 TO KM 4.000] AND UPG,MoRTH,N24001906,8-2022,3/2024,N.A.,3/2024,185.59,N.A.,185.59,63.56,48
MAHARASHTRA,URBAN DEVELOPMENT,1002,MUMBAI METRO LINE 3 (COLABA-BANDRA- SEEPZ),MMRCL,N28000086,7-2013,3/2020,N.A.,12/2023,"23,136.00",N.A.,"37,276.00","23,687.33",87.2
MAHARASHTRA,URBAN DEVELOPMENT,1003,PUNE METRO RAIL PROJECT (PHASE 1),MMRC,N28000121,1 2 - 2 0 1 6,1 1 / 2 0 2 1,Sep-24,9/2024,"11,420.00","13,656.22","13,656.22","12,830.95",100
MAHARASHTRA,URBAN DEVELOPMENT,1004,NAGPUR METRO RAIL PROJECT PHASE II,NMRCL,N28000155,1 2 - 2 0 2 2,1 2 / 2 0 2 7,N.A.,12/2027,"6,708.00",N.A.,"6,708.00",448.87,15.14
MAHARASHTRA,URBAN DEVELOPMENT,1005,PCMC NIGDI PROJECT EXTENSION OF CORRIDOR 1 OF PUNE METRO PHASE 1,MMRC,N28000157,10-2023,1/2027,N.A.,1/2027,910.18,N.A.,910.18,31.69,8
MAHARASHTRA,URBAN DEVELOPMENT,1006,PUNE METRO PHASE-1 EXTENSION FROM SWARGATE TO KATRAJ,MMRC,N28000160,9-2024,3/2029,N.A.,3/2029,"2,954.53",N.A.,"2,954.53",1.82,1
MANIPUR,CIVIL AVIATION,1007,"CONSTRUCTION OF NEW INTEGRATED TERMINAL BUILDING, CONTROL TOWER CUM TECHNICAL BLOCK, APRON, LINK TAX",AAI,N04000100,11-2021,7/2024,Mar-26,3/2026,499.00,N.A.,499.00,120.21,37.96
MANIPUR,RAILWAYS,1008,JIRIBAM TO IMPHAL (TUPUI)(NL)(NEFR),NFR,220100288,4 - 2 0 0 3,3 / 2 0 1 1,Mar-28,12/2028,"4,454.17","12,274.06","19,517.70","14,976.94",80.95
MANIPUR,ROAD TRANSPORT AND HIGHWAYS,1009,CONSTRUCTION OF 2-LANING WITH HARD SHOULDER ROAD OF UKHRUL - TOLOI - TADUBI SECTION OF NH-102A FROM,NHIDCL,N24001974,9-2021,1/2025,Sep-25,9/2025,315.56,N.A.,315.56,93.08,63.74
MANIPUR,ROAD TRANSPORT AND HIGHWAYS,1010,LMPHAL TO JIRIBAM PKG-7,NHIDCL,N24002028,1 - 2 0 2 3,1 2 /2025,Dec-25,12/2025,760.16,N.A.,760.16,80.42,34.62
MANIPUR,ROAD TRANSPORT AND HIGHWAYS,1011,UKHRUL TOLOI TADUBI PKG-2,NHIDCL,N24002131,3 - 2 0 2 3,2 / 2 026,Mar-26,3/2026,578.98,N.A.,578.98,94.21,40.9
MANIPUR,ROAD TRANSPORT AND HIGHWAYS,1012,MARREM KHULLEN TO JESSAMI SECTION IMPHAL- UKHRUL - JESSAMI PKG-6 (DESIGN CHAINAGE KM 95.700 TO KM 14,NHIDCL,N24002202,3-2023,12/2026,N.A.,12/2026,554.66,N.A.,554.66,0.00,0
MANIPUR,ROAD TRANSPORT AND HIGHWAYS,1013,IMPHAL-KOHIMA ROAD PKG-4B,NHIDCL,N24002203,9 - 2 0 2 0,6 / 2 0 26,N.A.,6/2026,268.98,N.A.,268.98,0.00,0
MANIPUR,ROAD TRANSPORT AND HIGHWAYS,1014,2-LANING OF CHURACHANDPUR TUIVAI SECTION OF NH-102B (PKG- 2A),NHIDCL,N24001270,3-2020,6/2022,Jan-25,5/2025,292.24,N.A.,292.24,127.86,85.33
MANIPUR,ROAD TRANSPORT AND HIGHWAYS,1015,2-LANING OF CHURACHANDPUR TUIVAI SECTION OF NH-102B (PKG- 2B),NHIDCL,N24001271,6-2020,8/2022,Jan-25,5/2025,365.53,N.A.,365.53,156.31,77.36
MANIPUR,ROAD TRANSPORT AND HIGHWAYS,1016,2-LANING OF CHURACHANDPUR TUIVAI SECTION OF NH-102B (PKG- 4A),NHIDCL,N24001272,3-2020,6/2022,Jan-25,5/2025,167.95,204.12,167.95,88.05,69.89
MANIPUR,ROAD TRANSPORT AND HIGHWAYS,1017,2-LANING OF CHURACHANDPUR TUIVAI SECTION OF NH-102B (PKG- 4B),NHIDCL,N24001273,7-2020,8/2022,Feb-25,2/2025,177.76,N.A.,177.76,89.67,80.53
MANIPUR,ROAD TRANSPORT AND HIGHWAYS,1018,IMPROVEMENT/UPGRADATION OF EXISTING 2- LANE TO 4-LANE DIVIDED HIGHWAY FROM TAPHOU KUKI TO DAILI SECTI,NHIDCL,N24001274,8-2020,4/2022,May-25,6/2025,379.39,N.A.,379.39,193.87,50.72
MANIPUR,ROAD TRANSPORT AND HIGHWAYS,1019,IMPROVEMENT/UPGRADATION OF EXISTING 2- LANE TO 4-LANE DIVIDED HIGHWAY FROM KURAOPOKPI TO SEKMAI SECTI,NHIDCL,N24001276,8-2020,4/2022,N.A.,3/2025,228.97,N.A.,228.97,0.00,0
MANIPUR,ROAD TRANSPORT AND HIGHWAYS,1020,MARIAM - PEREN PKG-1A,NHIDCL,N24001349,2 - 2 0 2 1,1 2/2022,Mar-25,3/2025,226.32,N.A.,226.32,96.41,67.95
MANIPUR,ROAD TRANSPORT AND HIGHWAYS,1021,MARIAM - PEREN (PKG 1B),NHIDCL,N24001350,2 - 2 0 2 1,1 2/2022,Oct-24,1/2025,188.36,N.A.,188.36,126.71,97.95
MANIPUR,ROAD TRANSPORT AND HIGHWAYS,1022,IMPHAL ? MOREH PACKAGE- 3,NHIDCL,N24001352,3 - 2 0 2 1,1 2 / 2 022,N.A.,6/2024,259.31,N.A.,259.31,144.94,100
MANIPUR,ROAD TRANSPORT AND HIGHWAYS,1023,IMPHAL - KHONGSANG PKG-2,NHIDCL,N24001353,3 - 2 0 2 1,1 2 / 2 022,Mar-25,10/2025,195.14,N.A.,195.14,61.81,50.79
MANIPUR,ROAD TRANSPORT AND HIGHWAYS,1024,TAMENGLONG - MAHUR PKG-3,NHIDCL,N24001354,3 - 2 0 2 1,1 2 / 2 0 22,Jan-25,1/2025,234.08,N.A.,234.08,139.45,90.34
MANIPUR,ROAD TRANSPORT AND HIGHWAYS,1025,SENAPATI- IMPHAL PKG-5B,NHIDCL,N24001400,3 - 2 0 2 1,1 /2023,May-25,5/2025,211.70,N.A.,211.70,54.54,45.72
MANIPUR,ROAD TRANSPORT AND HIGHWAYS,1026,IMPHAL - KHONGSANG PKG-3,NHIDCL,N24001401,7 - 2 0 2 1,3 / 2 023,Mar-25,3/2025,467.00,N.A.,467.00,183.55,76.34
MANIPUR,ROAD TRANSPORT AND HIGHWAYS,1027,TAMENGLONG - MAHUR PKG-1,NHIDCL,N24001402,7 - 2 0 2 1,3 / 2 0 23,Jan-25,1/2025,185.80,N.A.,185.80,114.69,98.45
MANIPUR,ROAD TRANSPORT AND HIGHWAYS,1028,TAMENGLONG - MAHUR PKG-2,NHIDCL,N24001403,7 - 2 0 2 1,3 / 2 0 23,Aug-24,3/2025,483.87,N.A.,483.87,278.89,91.72
MANIPUR,ROAD TRANSPORT AND HIGHWAYS,1029,TAMENGLONG - MAHUR PKG-4,NHIDCL,N24001404,7 - 2 0 2 1,3 / 2 0 23,Feb-25,2/2025,198.77,N.A.,198.77,113.05,88.65
MANIPUR,ROAD TRANSPORT AND HIGHWAYS,1030,CHURACHANPUR TUIVAI PKG-3,NHIDCL,N24001405,7 - 2 0 2 1,1 0 / 2 0 23,Mar-25,3/2025,673.27,N.A.,673.27,367.93,74.4
MANIPUR,ROAD TRANSPORT AND HIGHWAYS,1031,TAMENGLONG - MAHUR PKG-5,NHIDCL,N24001436,8 - 2 0 2 1,5 / 2 0 23,Apr-25,4/2025,477.86,N.A.,477.86,235.67,80.5
MANIPUR,ROAD TRANSPORT AND HIGHWAYS,1032,TAMENGLONG - MAHUR PKG-6,NHIDCL,N24001437,9 - 2 0 2 1,5 / 2 0 23,Nov-24,4/2025,311.18,N.A.,311.18,171.57,73.39
MANIPUR,ROAD TRANSPORT AND HIGHWAYS,1033,MARAM - PEREN PKG-3,NHIDCL,N24001439,8 - 2 0 2 1,5/2023,Oct-24,1/2025,467.41,N.A.,467.41,251.65,95.96
MANIPUR,ROAD TRANSPORT AND HIGHWAYS,1034,IMPHAL - KHONGSANG PKG-4,NHIDCL,N24001453,8 - 2 0 2 1,1 2 / 2 023,Jul-25,7/2025,579.63,N.A.,579.63,142.05,55.85
MANIPUR,ROAD TRANSPORT AND HIGHWAYS,1035,CONSTRUCTION OF 2-LANING WITH HARD SHOULDER ROAD OF UKHRUL - TOLOI - TADUBI SECTION OF NH-102A FROM,NHIDCL,N24001473,9-2021,2/2024,Mar-25,3/2025,310.76,N.A.,310.76,125.46,83.07
MANIPUR,ROAD TRANSPORT AND HIGHWAYS,1036,IMPHAL - KHONGSANG PKG-5,NHIDCL,N24001538,1 2 - 2 0 2 1,5 / 2 024,Feb-25,10/2025,410.68,N.A.,410.68,105.71,54.83
MANIPUR,ROAD TRANSPORT AND HIGHWAYS,1037,IMPHAL - KHONGSANG PKG-6,NHIDCL,N24001539,1 2 - 2 0 2 1,2 / 2 025,Sep-25,9/2025,504.76,N.A.,504.76,120.33,55.89
MANIPUR,ROAD TRANSPORT AND HIGHWAYS,1038,AKASH BRIDGE - JESSAMI SECTION PKG-2,NHIDCL,N24001540,3 - 2 0 2 2,2 / 2 0 2 5,Feb-25,2/2025,152.11,N.A.,152.11,57.12,83.38
MEGHALAYA,DEPARTMENT OF HIGHER EDUCATION,1039,CONSTRUCTION AND DEVELOPMENT OF NATINAL INSTITUTE OF TECHNOLOGY MEGHALAYA PERMANENT CAMPUS AT SOHRA,RITES OF HIGHER,N42000001,9-2013,9/2014,Jul-24,7/2024,484.32,429.70,429.70,287.05,75.5
MEGHALAYA,DONER,1040,"CONSTRUCTION OF INTERNATIONAL CENTRE FOR PERFORMING ARTS AND CULTURE,SHILONG IN MEGALAYA UNDER NLCPR",HSCL FOR DONER,N12000103,4-2014,9/2017,N.A.,9/2017,151.33,N.A.,151.33,148.33,98.5
MEGHALAYA,ROAD TRANSPORT AND HIGHWAYS,1041,CONSTRUCTION OF 2-LANE WITH PAVED SHOULDER OF SHILLONG WESTERN BYPASS STARTING FROM NH-06 NEAR LADUM,NHIDCL,N24002156,3-2023,9/2026,N.A.,9/2026,620.30,N.A.,620.30,184.85,9.84
MEGHALAYA,ROAD TRANSPORT AND HIGHWAYS,1042,SHILLONG WESTERN BYPASS PACKAGE-2,NHIDCL,N24002157,3 - 2 0 2 3,9 / 2 0 2 6,N.A.,9/2026,686.00,N.A.,686.00,241.74,7.5
MEGHALAYA,ROAD TRANSPORT AND HIGHWAYS,1043,CONSTRUCTION OF 2-LANE WITH PAVED SHOULDERS OF SHILLONG WESTERN BYPASS STARTING FROM NH-06 NEAR LADU,NHIDCL,N24002158,3-2023,9/2026,N.A.,9/2026,562.48,N.A.,562.48,273.37,8.6
MEGHALAYA,ROAD TRANSPORT AND HIGHWAYS,1044,WIDENING TO 2-LANE WITH GEOMETRIC IMPROVEMENTS OF TURA DALU ROAD UNDER JICA FUNDING FROM KM 85.000 T,NHIDCL,N24000771,4-2017,9/2021,Jul-23,3/2025,553.51,610.09,553.51,345.15,70.28
MEGHALAYA,ROAD TRANSPORT AND HIGHWAYS,1045,IMPROVEMENT/WIDENING TO 2-L WITH PAVED SHOULDER FROM (DESIGN KM 0.00 TO KM 10.670) / 4-LANING FROM (,NHIDCL,N24001313,11-2020,12/2023,Oct-25,10/2025,351.12,N.A.,351.12,244.17,34.5
MEGHALAYA,ROAD TRANSPORT AND HIGHWAYS,1046,IMPROVEMENT/WIDENING TO 2-LANE WITH PAVED SHOULDER FROM (DESIGN KM 10.670 TO KM 37.550) BETWEEN SHIL,NHIDCL,N24001314,11-2020,12/2023,N.A.,8/2026,525.68,N.A.,525.68,390.88,16
MEGHALAYA,ROAD TRANSPORT AND HIGHWAYS,1047,IMPROVEMENT/WIDENING TO 2-LANE WITH PAVED SHOULDER FROM (DESIGN KM 45.760 TO KM 63.530) BETWEEN SHIL,NHIDCL,N24001334,11-2020,12/2023,N.A.,4/2026,445.51,N.A.,445.51,196.36,10.5
MEGHALAYA,ROAD TRANSPORT AND HIGHWAYS,1048,IMPROVEMENT/WIDENING TO 2-LANE WITH PAVED SHOULDER / 4-LANING FROM (DESIGN KM 63.530 TO KM 71.520) B,NHIDCL,N24001335,11-2020,12/2023,N.A.,11/2026,284.21,N.A.,284.21,58.24,6
MEGHALAYA,ROAD TRANSPORT AND HIGHWAYS,1049,RANIKOR-MAHESHKHOLA- BAGHMARA (RMB) PKG-4 (KANAI-RONGARA),NHIDCL,N24001339,10-2020,4/2022,Jun-24,12/2024,157.86,146.92,157.86,147.93,97.49
MEGHALAYA,ROAD TRANSPORT AND HIGHWAYS,1050,RANIKOR-MAHESHKHOLA- BAGHMARA (RMB) PKG-3,NHIDCL,N24001360,3-2021,12/2022,Jun-24,2/2025,260.21,N.A.,260.21,223.99,94.34
MEGHALAYA,ROAD TRANSPORT AND HIGHWAYS,1051,REHABILITATION AND UPGRADATION OF NONGSTOIN TO WAHKAJI SECTION OF PROJECT ROAD KM 0.000 TO KM 43.06,MoRTH,N24001441,8-2020,2/2022,Jan-25,1/2025,302.88,N.A.,302.88,216.20,93.11
MEGHALAYA,ROAD TRANSPORT AND HIGHWAYS,1052,REHABITITATION AND UP GRADATION OF NONGSTOIN-RAMBRAI-KYRSHAI ROAD UP TO MEGHALAYA-ASSAM BORDER FROM,NHIDCL,N24001474,9-2021,5/2024,Dec-24,3/2025,359.86,N.A.,359.86,220.74,81.2
MEGHALAYA,ROAD TRANSPORT AND HIGHWAYS,1053,RANIKOR- MAHESHKHOLA- BAGHMARA PKG-2,NHIDCL,N24001541,1 1 - 2 0 2 1,6 / 2 0 2 4,Dec-24,3/2025,283.50,N.A.,283.50,223.07,79.35
MIZORAM,RAILWAYS,1054,"BHAIRABI SAIRONG, NL, NEFR",NFR,N22000100,4 - 2 0 0 8,3 / 2 014,N.A.,7/2025,"2,393.47","5,021.45","8,213.72","7,658.16",93
MIZORAM,ROAD TRANSPORT AND HIGHWAYS,1055,UP-GRADATION TO 2-LANE WITH PAVED SHOULDERS OF NGOPA - PAWLRANG SECTION OF NH 102B OF AIZAWL - IMPHA,NHIDCL,N24001975,9-2021,2/2025,N.A.,2/2026,523.78,N.A.,523.78,263.25,50
MIZORAM,ROAD TRANSPORT AND HIGHWAYS,1056,KEIFANG - TUVAI PKG-3,NHIDCL,N24002027,1 2 - 2 0 2 1,2/2025,N.A.,12/2025,500.88,N.A.,500.88,148.96,42
MIZORAM,ROAD TRANSPORT AND HIGHWAYS,1057,ZORINPUI- HMAWNGBU-LONGMASU (NH-502A),NHIDCL,N24002204,2 - 2 0 2 3,1 2 / 2 0 2 6,N.A.,12/2026,781.85,N.A.,781.85,0.00,0
MIZORAM,ROAD TRANSPORT AND HIGHWAYS,1058,WIDENING AND UP-GRADATION TO 2-LANE WITH PAVED SHOULDER CONFIGURATION AND GEOMETRIC IMPROVEMENTS FRO,NHIDCL,N24000857,4-2017,4/2023,Nov-24,1/2025,519.09,785.65,785.65,657.51,90
MIZORAM,ROAD TRANSPORT AND HIGHWAYS,1059,WIDENING AND UP-GRADATION TO 2-LANE WITH PAVED SHOULDER CONFIGURATION AND GEOMETRIC IMPROVEMENTS FRO,NHIDCL,N24000858,4-2017,7/2023,May-24,5/2024,640.07,990.88,"1,286.35","1,217.65",99
MIZORAM,ROAD TRANSPORT AND HIGHWAYS,1060,WIDENING AND UP-GRADATION TO 2-LANE WITH PAVED SHOULDER CONFIGURATION AND GEOMETRIC IMPROVEMENTS FRO,NHIDCL,N24000859,4-2017,6/2023,Mar-24,3/2024,642.96,988.23,988.23,729.84,99
MIZORAM,ROAD TRANSPORT AND HIGHWAYS,1061,WIDENING AND UP-GRADATION TO 2-LANE WITH PAVED SHOULDER CONFIGURATION AND GEOMETRIC IMPROVEMENTS FRO,NHIDCL,N24000861,4-2017,4/2023,Nov-24,2/2025,473.18,688.25,688.25,521.23,85
MIZORAM,ROAD TRANSPORT AND HIGHWAYS,1062,WIDENING AND UP-GRADATION TO 2-LANE WITH PAVED SHOULDER CONFIGURATION AND GEOMETRIC IMPROVEMENTS FRO,NHIDCL,N24000862,4-2017,4/2023,Jul-24,2/2025,537.82,789.05,789.05,752.90,92
MIZORAM,ROAD TRANSPORT AND HIGHWAYS,1063,WIDENING AND UP-GRADATION TO 2-LANE WITH PAVED SHOULDER CONFIGURATION AND GEOMETRIC IMPROVEMENTS FRO,NHIDCL,N24000863,4-2017,6/2023,Oct-24,3/2025,518.53,906.76,906.76,804.57,90
MIZORAM,ROAD TRANSPORT AND HIGHWAYS,1064,WIDENING AND UP-GRADATION TO 2-LANE WITH PAVED SHOULDER CONFIGURATION AND GEOMETRIC IMPROVEMENTS FRO,NHIDCL,N24000864,4-2017,4/2024,Nov-24,3/2025,404.29,750.32,750.32,599.84,86
MIZORAM,ROAD TRANSPORT AND HIGHWAYS,1065,WIDENING AND UP-GRADATION TO 2-LANE WITH PAVED SHOULDER CONFIGURATION AND GEOMETRIC IMPROVEMENTS FRO,NHIDCL,N24000865,4-2017,9/2023,Nov-24,3/2025,428.11,746.39,746.39,588.02,88
MIZORAM,ROAD TRANSPORT AND HIGHWAYS,1066,CONSTRUCTION OF CHHIATHLANG - SERCHHIP BYPASS (PKG-1) ON AIZAWL- TUIPANG SECTION OF NH-54,NHIDCL,N24001277,9-2020,10/2022,Mar-24,3/2024,275.02,247.25,247.25,231.19,100
MIZORAM,ROAD TRANSPORT AND HIGHWAYS,1067,CONSTRUCTION OF TWO LANE WITH PAVED SHOULDER OF SELLING-DULTE SECTION OF NH-06 (PKG-I),NHIDCL,N24001278,3-2020,7/2022,Jun-24,6/2024,206.88,219.33,219.33,206.58,97
MIZORAM,ROAD TRANSPORT AND HIGHWAYS,1068,CONSTRUCTION OF TWO LANE WITH PAVED SHOULDER OF SELLING-DULTE SECTION OF NH-06 (PKG-III),NHIDCL,N24001281,3-2020,7/2022,Oct-24,10/2024,292.24,331.17,331.17,293.90,92
MIZORAM,ROAD TRANSPORT AND HIGHWAYS,1069,DULTE- KWALKULH - CHAMPAI PKG.1,NHIDCL,N24001355,3 - 2 0 2 1,1 2 / 2 0 2 2,Mar-24,3/2024,374.39,318.92,318.92,292.37,100
MIZORAM,ROAD TRANSPORT AND HIGHWAYS,1070,DULTE- KWALKULH - CHAMPAI PKG.2,NHIDCL,N24001356,3 - 2 0 2 1,1 2 / 2 0 2 2,Apr-24,4/2024,233.25,233.25,233.25,178.37,100
MIZORAM,ROAD TRANSPORT AND HIGHWAYS,1071,TLABUNG - LUNGLEI PKG-A,NHIDCL,N24001358,3 - 2 0 2 1,1 2 /2022,Dec-24,12/2025,698.44,698.45,698.45,400.71,43
MIZORAM,ROAD TRANSPORT AND HIGHWAYS,1072,TLABUNG - LUNGLEI PKG-B,NHIDCL,N24001359,3 - 2 0 2 1,1 /2023,Dec-24,12/2025,740.58,740.58,740.58,293.89,42
MIZORAM,ROAD TRANSPORT AND HIGHWAYS,1073,KEIFANG - TUVAI PKG-1,NHIDCL,N24001440,9 - 2 0 2 1,5/2023,May-24,5/2024,492.94,492.94,492.94,357.26,85
MULTI STATE,COAL,1074,NILJAI EXPANSION (DEEP) OC (3.5 MTY),WCL,N06000154,8 - 2 0 1 6,3 / 2 0 2 2,Mar-25,3/2025,319.76,319.76,319.76,183.67,98
MULTI STATE,COAL,1075,BINA KAKRI AMALGAMATION OCP 14 MTPA,NCL,N06000192,8 - 2 0 2 0,3 / 2 0 2 4,N.A.,3/2025,836.42,N.A.,836.42,702.14,83.95
MULTI STATE,DPIIT,1076,NATIONAL INDUSTRIAL CORRIDOR PROJECT,DMIC FOR DPIIT,N40000001,9 - 2 0 1 1,3 / 2 0 2 7,Mar-27,3/2027,"20,084.00","20,084.00","20,084.00","10,217.21",50.99
MULTI STATE,PETROLEUM,1077,KOCHI-KOOTTANAD-BANGALORE- MANGALORE PIPELINE PHASE-II,GAIL,N16000285,6-2009,12/2012,Feb-25,3/2025,"2,915.00","5,909.00","5,909.00","4,143.30",93.1
MULTI STATE,PETROLEUM,1078,SRIKAKULAM ANGUL PIPELINE PROJECT,GAIL,N16000388,9 - 2 0 1 9,7 / 2 0 2 2,Jun-25,6/2025,"2,658.34",N.A.,"2,658.34","2,010.90",93
MULTI STATE,PETROLEUM,1079,DHAMRA HALDIA PIPELINE PROJECT,GAIL,N16000391,3 - 2 0 2 0,1 1 / 2 0 2 2,Mar-25,3/2025,"1,030.65",N.A.,"1,030.65",802.70,85.1
MULTI STATE,PETROLEUM,1080,MUMBAI NAGPUR JHARSUGUDA PIPELINE PROJECT,GAIL,N16000398,6-2020,5/2023,Jun-25,6/2025,"7,844.25",N.A.,"7,844.25","5,886.80",91.3
MULTI STATE,PETROLEUM,1081,CGD PROJECT AT NAWADA AND KODERMA DISTRICTS,IOCL,N16000426,6-2019,12/2029,Mar-30,3/2030,169.00,N.A.,169.00,72.36,17.9
MULTI STATE,PETROLEUM,1082,NORTH EAST GAS GRID,IGGL,N16000439,1 1 - 2 0 2 0,3 /2024,Mar-25,3/2027,"9,265.00","9,265.00","9,265.00","5,660.03",83.98
MULTI STATE,PETROLEUM,1083,GURDASPUR JAMMU PIPELINE,GAIL,N16000531,7 - 2 0 2 3,7 / 2 0 26,Jul-26,7/2026,521.92,521.92,521.92,60.80,21.3
MULTI STATE,POWER,1084,COMPREHENSIVE SCHEME FOR THE STRENGHTENING OF THE TRANSMISSION AND DISTRIBUTION SYSTEM IN A P,PGCIL,N18000249,12-2014,12/2018,Mar-25,3/2025,"4,754.42","9,129.32","9,129.32","6,894.16",77.6
MULTI STATE,POWER,1085,NORTH EASTERN REGION POWER SYSTEM IMPROVEMENT PROJECT (NERPSIP) FOR SIX (6) STATES,PGCIL,N18000250,12-2014,12/2018,Mar-25,3/2025,"5,111.33","6,700.00","6,700.00","5,020.56",95.4
MULTI STATE,POWER,1086,HVDC BIPOLE LINK BETWEEN WR AND SR - NORTH TRICHUR - SCHEME -II AC SYSTEM STRENGTHENING AT PUGALUR EN,PGCIL,N18000264,8-2017,2/2020,Apr-23,9/2025,"1,931.39","2,635.55","2,635.55","1,972.44",99
MULTI STATE,POWER,1087,TS FOR EVACUATION OF POWER FROM PAKALDUL HEP IN CHENAB VALLEY HEPS - LTA SYSTEM,PGCIL,N18000328,2-2022,4/2025,N.A.,4/2025,318.12,N.A.,318.12,151.75,88
MULTI STATE,POWER,1088,TRANSMISSION SYSTEM STRENGTHENING FOR SRINAGAR-LEH TRANSMISSION SYSTEM,PGCIL,N18000330,3-2022,12/2024,N.A.,9/2025,288.71,N.A.,288.71,133.79,47
MULTI STATE,POWER,1089,TRANSMISSION SYSTEM STRENGTHENING SCHEME FOR EVACUATION OF POWER FROM SOLAR ENERGY ZONES IN RAJASTHA,PGCIL,N18000331,2-2022,9/2023,N.A.,3/2025,359.47,N.A.,359.47,263.97,77
MULTI STATE,POWER,1090,TRANSMISSION SYSTEM STRENGTHENING SCHEME FOR EVACUATION OF POWER FROM SOLAR ENERGY ZONES IN RAJASTHA,PGCIL,N18000332,5-2022,11/2023,N.A.,3/2025,"1,666.00",N.A.,"1,666.00","1,425.62",83
MULTI STATE,POWER,1091,TRANSMISSION NETWORK EXPANSION IN GUJARAT TO INCREASE ATC FROM ISTS: PART B,PGCIL,N18000337,7-2022,6/2023,N.A.,3/2025,"4,546.26",N.A.,"4,546.26","2,497.35",80
MULTI STATE,POWER,1092,TRANSMISSION NETWORK EXPANSION IN GUJARAT TO INCREASE ATC FROM ISTS: PART C,PGCIL,N18000338,7-2022,3/2025,N.A.,3/2025,186.19,N.A.,186.19,67.53,87
MULTI STATE,POWER,1093,SYSTEM STRENGTHENING SCHEME FOR EASTERN AND NORTH EASTERN REGION,PGCIL,N18000343,10-2022,10/2025,N.A.,10/2025,307.87,N.A.,307.87,125.31,62
MULTI STATE,POWER,1094,TRANSMISSION SYSTEM FOR KURNOOL WIND ENERGY ZONE SOLAR ENERGY ZONE (AP) PART-A PART B,PGCIL,N18000352,3-2023,11/2024,N.A.,3/2025,"3,546.94",N.A.,"3,546.94","1,767.14",75
MULTI STATE,POWER,1095,ER WR TRANSMISSION LIMITED,PGCIL,N18000353,3 - 2 0 2 3,3 / 2 0 25,N.A.,3/2025,281.16,N.A.,281.16,62.14,57
MULTI STATE,RAILWAYS,1096,"NANGALDAM-TALWARA(NL),NR",NR,220100188,3 - 1 9 8 1,7 / 2 0 12,Jan-27,1/2027,450.00,N.A.,"2,017.96","1,487.70",70
MULTI STATE,RAILWAYS,1097,"LALITPUR-SATNA-REWA-SINGRULI NL, (NCR)",WCR,220100232,9 - 1 9 9 8,5 / 2 0 0 8,N.A.,3/2025,247.66,63.57,"8,248.50","2,520.04",43
MULTI STATE,RAILWAYS,1098,CHHAPRA-BALLIA UP,NER,N22000134,3 - 2 0 1 3,1/2019,N.A.,4/2025,295.00,954.00,995.82,995.67,95
MULTI STATE,RAILWAYS,1099,CHOTTAUDEPUR-DHAR(NL),WR,N22000138,4 - 2 0 0 7,3 / 2 022,Dec-27,12/2027,"1,347.26","1,793.63","1,793.63","1,545.26",58
MULTI STATE,RAILWAYS,1100,"DAHOD-INDORE VIA SARDARPUR, JHABUA AND DHAR (NL)",WR,N22000139,4-2007,3/2022,Feb-27,2/2027,"1,640.04","1,873.10","2,873.11","2,435.61",58
MULTI STATE,RAILWAYS,1101,GWALIOR-SEOPURKALA WITH EXTENSION TO KOTA (GC),NCR,N22000148,4-2011,3/2022,N.A.,12/2024,"2,912.96",N.A.,"3,845.60","1,024.32",0
MULTI STATE,RAILWAYS,1102,DHOLPUR-SIRMUTTRA WITH EXTENSION TO GANGAPURCITY AND MOHARI-TANTPUR AND TANPUR-BANSI PAHARPUR,NCR,N22000158,4-2010,,Dec-26,12/2026,"2,030.50",746.83,746.83,108.46,26
MULTI STATE,RAILWAYS,1103,NEW BONGAIGAON-RANGIA-KAMAKGHYA DOUBLING,NFR,N22000183,4-2013,3/2019,N.A.,10/2024,"1,798.00",N.A.,"2,832.35","3,370.45",99.5
MULTI STATE,RAILWAYS,1104,NEW BG LINE FROM BALURGHAT TO HILLY NFR,NFR,N22000206,4-2010,3/2020,N.A.,3/2027,242.22,N.A.,"1,206.60",390.03,5
MULTI STATE,RAILWAYS,1105,NEW BG LINE FROM JAGBANI TO BIRATNAGAR,NFR,N22000207,4-2010,,Dec-26,12/2026,241.52,485.96,485.96,363.74,86.21
MULTI STATE,RAILWAYS,1106,MURKONGSELEK-PASIGHAT NL,NFR,N22000208,4 - 2 0 1 1,3 / 2 0 2 0,N.A.,11/2025,414.84,N.A.,"1,252.49",642.76,41
MULTI STATE,RAILWAYS,1107,PIRPAINTI-JASIDIH,ER,N22000219,4 - 2 0 1 3,3/2022,Mar-28,3/2028,915.98,N.A.,"2,610.84",813.78,45
MULTI STATE,RAILWAYS,1108,KAZIPET-VIJAYAWADA 3RD LINE WITH ELECTRIFICATION,SCR,N22000261,4-2012,3/2023,N.A.,3/2025,"1,856.95",N.A.,"1,952.68","1,483.75",0
MULTI STATE,RAILWAYS,1109,DEOBAND (MUZAFFARNAGAR)- ROORKEE NL,NR,N22000274,4 - 2 0 0 7,,N.A.,,336.91,N.A.,791.39,572.99,0
MULTI STATE,RAILWAYS,1110,RAYADURGA-TUMKUR NL,SWR,N22000279,4 - 2 0 0 7,,N.A.,2/2028,"2,062.30","2,495.59","2,495.59","1,530.92",60
MULTI STATE,RAILWAYS,1111,HOTGI-KUDGI-GADAG,SWR,N22000333,3 - 2 0 1 5,3/2019,N.A.,2/2026,"1,614.59","1,877.81","2,458.87","2,457.06",89
MULTI STATE,RAILWAYS,1112,KAZIPET-BALHRSHA,SCR,N22000367,4 - 2 0 1 5,3/2021,N.A.,1/2025,"2,063.03",N.A.,"2,909.00","2,669.29",0
MULTI STATE,RAILWAYS,1113,MUMBAI AHMEDABAD HIGH SPEED RAIL PROJECT,NHSRCL,N22000463,12-2015,12/2023,N.A.,8/2027,"108,000.00",N.A.,"108,000.00","70,051.00",48.55
MULTI STATE,RAILWAYS,1114,WESTERN DEDICATED FREIGHT CORRIDOR,DFCC,N22000464,1 1 - 2 0 0 7,3 / 2 0 2 0,N.A.,3/2020,"16,592.00","51,101.00","51,101.00","47,476.00",83
MULTI STATE,RAILWAYS,1115,CHANDIGARH-BADDI,NR,N22000467,4 - 2 0 0 7,3/2023,Apr-26,4/2026,328.14,"1,540.14","1,540.14",876.80,14
MULTI STATE,RAILWAYS,1116,NARAYANGARH TO BHADRAK 3RD LINE (155 KM),SER,N22000506,3-2019,5/2023,N.A.,6/2026,"1,866.31",N.A.,"1,866.31","1,716.58",55
MULTI STATE,ROAD TRANSPORT AND HIGHWAYS,1117,VARANASI-AURANGABAD KM.786 TO KM.978.40,NHAI,N24000182,9-2011,3/2014,N.A.,9/2024,"2,848.00",N.A.,"3,241.56","3,901.66",86.72
MULTI STATE,ROAD TRANSPORT AND HIGHWAYS,1118,4/6L OF SPUR TO HARIDWAR (GREENFIELD) FROM KM. 0.000 TO KM. 49.000,NHAI,N24001628,11-2021,2/2025,N.A.,2/2025,"2,155.95",N.A.,"2,155.95","1,195.52",54.76
MULTI STATE,ROAD TRANSPORT AND HIGHWAYS,1119,6L WITH ACCESS CONTROL PROVISION SAHARANPUR BYPASS TO GANESHPUR SECTION FROM 13.89 KM TO 41.820 KM O,NHAI,N24001629,4-2022,11/2024,Feb-25,2/2025,796.65,N.A.,796.65,346.67,73.12
MULTI STATE,SHIPPING AND PORTS,1120,JAL MARG VIKAS PROJECT,IWAI,N25000072,1 - 2 0 1 8,3 / 2023,Dec-25,12/2025,"5,369.18","5,061.15","5,061.15","3,195.05",63.4
MULTI STATE,TELECOMMUNICATIONS,1121,PHASE-I OF CONSOLIDATION OF EXISTING CDR DATA CENTERS AND NIB-P3 DATA CENTERS WITH STATE OF THE ART,BSNL,N26000114,3-2020,6/2021,Nov-21,3/2025,461.42,461.42,461.42,165.04,81
MULTI STATE,TELECOMMUNICATIONS,1122,SUPER EDGE ROUTERS FOR BSNL INTERNET PROTOCOL - MULTI PROTOCOL LEBEL SWITCHING (IPMPLS) NETWORK and,BSNL,N26000115,3-2023,3/2024,Jul-24,1/2025,239.60,N.A.,239.60,170.64,100
MULTI STATE,TELECOMMUNICATIONS,1123,MPLS-IP BASED ACCESS AND AGGREGATION NETWORK (MAAN) IN BSNL ALONG WITH TEST AND MEASURING EQUIPMENT,BSNL,N26000116,5-2023,8/2024,Nov-24,1/2025,645.13,N.A.,645.13,327.55,85.63
MULTI STATE,TELECOMMUNICATIONS,1124,PLANNIN ENGINEERING SUPPLY INSTALLATION TESTING COMMISSIONING INTEGARTION and ANNUAL MAINTENANCE OF,BSNL,N26000117,6-2023,6/2025,N.A.,6/2025,"24,556.35","24,544.55","24,544.55","5,307.42",69.67
MULTI STATE,TELECOMMUNICATIONS,1125,OPTICAL TRANSPORT NETWORK (OTN) PH-4 IN BSNL,BSNL,N26000118,2-2024,8/2025,N.A.,8/2025,810.99,N.A.,810.99,420.00,67.74
MULTI STATE,URBAN DEVELOPMENT,1126,DELHI GHAZIABAD MEERUT RRTS CORRIDOR,NCRTC,N28000134,3 - 2 0 1 9,6 / 2 0 2 5,N.A.,6/2025,"30,274.00",N.A.,"30,274.00","23,509.00",81.8
NAGALAND,PETROLEUM,1127,"AUGMENTATION OF DIMAPUR DEPOT, DIMAPUR",IOCL,N16000529,8-2023,11/2027,N.A.,11/2027,227.62,N.A.,227.62,2.05,12.4
NAGALAND,RAILWAYS,1128,NEW LINE FROM DIMAPUR TO ZUBZA(KOHIMA) NATIONAL PROJECT (NEFR),NFR,N22000124,4-2006,3/2015,N.A.,12/2029,"2,326.52","6,663.20","6,663.20","3,993.27",62
NAGALAND,ROAD TRANSPORT AND HIGHWAYS,1129,PEREN-DIMAPUR PKG-3,NHIDCL,N24001912,2 - 2 0 2 1,6 /2025,N.A.,6/2025,177.77,199.02,199.02,27.87,37.36
NAGALAND,ROAD TRANSPORT AND HIGHWAYS,1130,WIDENING TO 2 LANE WITH HARD SHOULDER OF AKEGWO-AVANGKHU SECTION OF NH- 202K FOR PACKAGE-I (DESIGN CH,NHIDCL,N24001976,12-2022,2/2026,N.A.,2/2026,430.24,N.A.,430.24,50.74,29.67
NAGALAND,ROAD TRANSPORT AND HIGHWAYS,1131,WIDENING TO 2 LANE WITH HARD SHOULDER OF AKEGWO-AVANGKHU SECTION OF NH- 202K FOR PACKAGE-II (DESIGN C,NHIDCL,N24001977,12-2022,2/2026,N.A.,2/2026,442.54,N.A.,442.54,17.58,14.02
NAGALAND,ROAD TRANSPORT AND HIGHWAYS,1132,WIDENING TO 2 LANE WITH HARD SHOULDER OF AKEGWO-AVANGKHU SECTION OF NH- 202K FOR PACKAGE-III (DESIGN,NHIDCL,N24001978,12-2022,2/2026,N.A.,2/2026,497.18,N.A.,497.18,78.00,42.82
NAGALAND,ROAD TRANSPORT AND HIGHWAYS,1133,FOUR LANING OF DIMAPUR KOHIMA ROAD FROM DESIGN KM 123.840 TO KM 138.775 (EXISTING KM 124.100 TO KM 1,NHIDCL,N24000686,3-2016,9/2019,Nov-22,1/2025,373.07,534.41,534.41,382.50,99.81
NAGALAND,ROAD TRANSPORT AND HIGHWAYS,1134,FOUR LANING OF EXISTING DIMAPUR KOHIMA ROAD FROM DESIGN KM 152.490 TO KM 166.700 (EXISTING KM 156.00,NHIDCL,N24000688,3-2016,8/2022,Sep-25,9/2025,429.52,794.74,794.74,294.98,84.8
NAGALAND,ROAD TRANSPORT AND HIGHWAYS,1135,(I) CONSTRUCTION OF FOUR/SIX LANING FROM KM 132.375 TO KM 158.058 (TOTAL NEW ALIGNMENT LENGTH OF 20.,NHIDCL,N24000752,2-2017,9/2020,Feb-23,3/2025,387.00,688.12,688.12,387.50,99.4
NAGALAND,ROAD TRANSPORT AND HIGHWAYS,1136,(II) CONSTRUCTION OF DIMAPUR BYPASS (ASSAM PORTION) OF 4/6 LANE PAVEMENT ON EPC BASIS FROM EXISTING,NHIDCL,N24000753,3-2018,11/2022,Aug-24,3/2025,500.09,698.81,698.81,373.62,96.83
NAGALAND,ROAD TRANSPORT AND HIGHWAYS,1137,CONSTRUCTION OF TWO LANE WITH HARD SHOULDERS OF CHAKABAMA-ZUNHEBOTO ROAD FROM EXISTING KM 52.370 TO,NHIDCL,N24000756,3-2018,9/2022,Jan-23,7/2024,285.68,N.A.,285.68,174.28,99.9
NAGALAND,ROAD TRANSPORT AND HIGHWAYS,1138,CONSTRUCTION OF TWO LANE WITH HARD SHOULDERS OF MERANGKONG-TAMLU-MON ROAD FROM EXISTING KM 20.456 TO,NHIDCL,N24000763,3-2018,12/2021,Aug-22,8/2025,215.79,N.A.,215.79,114.99,44.34
NAGALAND,ROAD TRANSPORT AND HIGHWAYS,1139,CONSTRUCTION OF TWO LANE WITH HARD SHOULDERS OF MERANGKONG-TAMLU-MON ROAD FROM EXISTING KM 60.345 TO,NHIDCL,N24000765,3-2018,9/2018,Jun-23,9/2025,323.98,N.A.,323.98,99.61,36.7
NAGALAND,ROAD TRANSPORT AND HIGHWAYS,1140,CONSTRUCTION OF 2 LANE WITH PAVED SHOULDER FROM KM. 168 TO 183.783 (YESEMYONG TO UNGER) ON MOKOKCHUN,MoRTH,N24001179,3-2017,11/2020,Feb-23,2/2023,217.35,N.A.,217.35,214.18,100
NAGALAND,ROAD TRANSPORT AND HIGHWAYS,1141,WIDENING OF EXISTING SINGLE/INTERMEDIATE LANE ROAD TO 2 LANE ROAD FROM KM. 83.00 TO KM 101.00 ON NH-,MoRTH,N24001180,3-2019,12/2022,Jan-23,1/2023,237.51,N.A.,237.51,201.20,100
NAGALAND,ROAD TRANSPORT AND HIGHWAYS,1142,CONSTRUCTION OF 2-LANE WITH PAVED SHOULDER OF KOHIMA-BYPASS ROAD FROM DESIGN KM10.500 TO 21.00KM [D,NHIDCL,N24001255,9-2020,10/2022,Sep-24,6/2026,277.44,N.A.,277.44,166.31,63.77
NAGALAND,ROAD TRANSPORT AND HIGHWAYS,1143,CONSTRUCTION OF 2-LANE WITH PAVED SHOULDER OF KOHIMA-BYPASS ROAD FROM DESIGN KM21.0 TO KM32.0 [DESIG,NHIDCL,N24001257,8-2020,10/2022,Jun-25,6/2025,159.85,342.29,159.85,84.88,18.85
NAGALAND,ROAD TRANSPORT AND HIGHWAYS,1144,CONSTRUCTION OF 2-LANE WITH PAVED SHOULDER OF KOHIMA-BYPASS ROAD FROM DSIGN KM32.0 TO KM43.454 [DES,NHIDCL,N24001258,8-2020,4/2022,Apr-23,2/2025,202.36,N.A.,202.36,72.03,27.58
NAGALAND,ROAD TRANSPORT AND HIGHWAYS,1145,UPGRADATION OF EXISTING ROAD TO 2-LANE WITH PAVED SHOULDER FROM KOHIMA TO MAO FROM KM 185.540 TO KM,NHIDCL,N24001259,9-2020,4/2022,May-24,2/2025,315.63,N.A.,315.63,95.84,74.23
NAGALAND,ROAD TRANSPORT AND HIGHWAYS,1146,2 LANING OF KOHIMA - JESSAMI SECTION (PACKAGE II),NHIDCL,N24001282,3-2020,6/2022,N.A.,1/2026,355.79,N.A.,355.79,109.24,60.63
NAGALAND,ROAD TRANSPORT AND HIGHWAYS,1147,2-LANING OF CHANGTONGYA TO LONGLENG ROAD OF NH-702 (PKG-I),NHIDCL,N24001286,3-2020,6/2022,Oct-22,6/2023,278.95,N.A.,278.95,166.29,100
NAGALAND,ROAD TRANSPORT AND HIGHWAYS,1148,2 LANING OF KOHIMA - JESSAMI SECTION (PACKAGE V),NHIDCL,N24001287,4-2020,12/2021,Nov-25,11/2025,330.80,N.A.,330.80,122.94,68.29
NAGALAND,ROAD TRANSPORT AND HIGHWAYS,1149,CONSTRUCTION OF 2-LANE WITH PAVED SHOULDER OF KOHIMA-BYPASS ROAD FROM DESIGN KM 0.00 TO KM 10.500 [D,NHIDCL,N24001288,8-2020,4/2022,Nov-26,11/2026,232.29,350.88,232.29,63.64,11.01
NAGALAND,ROAD TRANSPORT AND HIGHWAYS,1150,CHANGTONGYA TO LONGLENG ROAD PKG-2,NHIDCL,N24001389,3 - 2 0 2 0,6 / 2 0 2 2,Sep-22,1/2025,206.53,N.A.,206.53,119.25,99.4
NAGALAND,ROAD TRANSPORT AND HIGHWAYS,1151,PEREN-DIMAPUR SECTION PKG-2,NHIDCL,N24001406,7 - 2 0 2 1,3 / 2 0 2 3,Sep-25,9/2025,258.52,N.A.,258.52,70.61,68.68
NAGALAND,ROAD TRANSPORT AND HIGHWAYS,1152,MERANGKONG-TAMLU-MON (MTM) PKG-5,NHIDCL,N24001438,7 - 2 0 2 1,1 2 / 2 0 2 3,N.A.,9/2025,161.73,N.A.,161.73,51.05,36.77
NAGALAND,ROAD TRANSPORT AND HIGHWAYS,1153,WIDENING OF EXISTING SINGLE LANE / INTERMEDIATE LANE ROAD TO 2 LANE FROM KM 101 TO KM 125 OF NH 61 I,MoRTH,N24001465,6-2020,9/2024,Jun-26,6/2026,252.19,N.A.,252.19,0.28,0
NAGALAND,ROAD TRANSPORT AND HIGHWAYS,1154,WIDENING TO EXISTING SINGLE LANE /INTERMEDIATE LANE TO 2 LANE FROM KM185.00 TO KM 220.00 OF NH-61 (N,MoRTH,N24001466,3-2021,7/2024,Mar-25,3/2025,297.24,N.A.,297.24,121.54,70.7
NAGALAND,ROAD TRANSPORT AND HIGHWAYS,1155,WIDENING TO EXISTING SINGRE/INTERMEDIATE RANE TO 2 LANE FROM KM 135 TO KM 147 AND FROM KM 156.00 TO,MoRTH,N24001467,3-2021,2/2024,Jan-25,1/2025,226.44,N.A.,226.44,122.65,86.25
NAGALAND,ROAD TRANSPORT AND HIGHWAYS,1156,CONSTRUCTION OF 2 LANE WITH HARD SHOULDER FROM DESIGN CHAINAGE KM 283.000 TO KM 325.440 (5- LEGGED J,NHIDCL,N24001475,3-2022,12/2024,N.A.,1/2025,605.36,N.A.,605.36,247.66,97.64
NAGALAND,ROAD TRANSPORT AND HIGHWAYS,1157,WIDENING OF EXISTING SINGLE LANE ROAD TO INTERMEDIATE LANE ROAD FROM MOKOKCHUNG TO CHARE VIA DIKHU I,MoRTH,N24001855,2-2021,6/2025,Jun-25,6/2025,192.93,N.A.,192.93,80.35,70.51
ODISHA,COAL,1158,BASUNDHARA (WEST) OC EXTN(7.00 MTY),MCL,N06000112,5 - 2 0 1 4,3 / 2 0 1 9,N.A.,3/2027,479.15,N.A.,479.15,267.00,62
ODISHA,COAL,1159,SIARMAL OCP (40.00MTY),MCL,N06000113,2 - 2 0 2 1,3 /2029,N.A.,3/2029,"5,194.96",N.A.,"5,194.96","3,428.71",42.7
ODISHA,COAL,1160,GARJANBAHAL OCP,MCL,N06000117,1 1 - 2 0 1 4,3/2021,N.A.,3/2026,"1,375.38",N.A.,"1,375.38",841.83,58
ODISHA,COAL,1161,INTEGRATED LAKHANPUR-BELPAHAR-LILARI OCP,MCL,N06000167,5-2018,3/2027,N.A.,3/2027,"2,434.75",N.A.,"2,434.75","1,866.35",55
ODISHA,COAL,1162,REORGANISATION OF BHARATPUR OCP EXPANSION,MCL,N06000171,11-2018,3/2029,N.A.,3/2029,"2,838.87",N.A.,"2,838.87","1,676.61",44.5
ODISHA,COAL,1163,TALABIRA II AND III OCP,NLC,N06000189,7 - 2 0 1 7,1/2027,N.A.,1/2027,"2,401.07",N.A.,"2,401.07","1,412.23",56
ODISHA,COAL,1164,NAINI COAL MINE,SCCL,N06000203,3 - 2 0 2 0,3/2024,N.A.,3/2026,494.30,N.A.,494.30,491.33,35
ODISHA,COAL,1165,BHUBANESWARI EXPANSION OCP,MCL,N06000227,3 - 2 0 2 4,3 / 2 0 3 1,N.A.,3/2031,"6,321.73",N.A.,"6,321.73","1,240.00",18.2
ODISHA,COAL,1166,GOPALJI-KANIHA OCP,MCL,N06000229,4 - 2 0 2 2,3/2028,N.A.,3/2028,"6,107.87",N.A.,"6,107.87","1,639.03",16.6
ODISHA,COAL,1167,BALARAM EXPANSION OCP,MCL,N06000230,8 - 2 0 2 0,3 / 2 029,N.A.,3/2029,"3,504.21",N.A.,"3,504.21",965.33,49.9
ODISHA,COAL,1168,KULDA EXPANSION OCP- 15 MTY,MCL,N06000248,6 - 2 0 1 4,3 / 2 0 18,N.A.,3/2026,348.16,N.A.,348.16,206.01,60
ODISHA,COAL,1169,SUBHADRA OCP,MCL,N06000249,5 - 2 0 2 1,3/2029,Mar-29,3/2029,"1,693.81",N.A.,"1,693.81","1,169.76",39
ODISHA,COAL,1170,RPR OF HINGULA -II EXPANSION PH-III,MCL,N06000261,1 2 - 2 0 2 2,3 / 2 0 2 9,N.A.,3/2029,"2,264.68",N.A.,"2,264.68","1,023.05",39.1
ODISHA,COAL,1171,NLC TALABIRA THERMAL POWER PROJECT (PHASE-1: 3 X 800 MW),NLC,N06000270,1-2024,5/2029,Mar-30,3/2030,"27,213.00",N.A.,"27,213.00","1,421.63",1.53
ODISHA,DEPARTMENT OF HIGHER EDUCATION,1172,INDIAN INSTITUTE OF SCIENCE EDUCATION AND RESEARCH BERHAMPUR,CPWD EDUCATION,N28000126,1-2019,3/2022,N.A.,4/2025,790.79,N.A.,790.79,682.33,95
ODISHA,MINES,1173,5TH STREAM ALUMINA REFINERY EXPANSION PROJECT,NALCO,N10000010,12-2014,4/2021,Sep-25,9/2025,"4,103.00","5,677.40","5,677.40","3,422.18",69.78
ODISHA,MINES,1174,UTKAL D AND E COAL BLOCK,NALCO,N10000011,5 - 2 0 1 6,1 / 2 020,Nov-23,3/2024,534.00,N.A.,"1,021.97",756.91,82.5
ODISHA,MINES,1175,CONVERSION OF FLAT BOTTOM SETTLERS AND WASHERS WITH A SINGLE TRAIN OF HRDS AND DCWS IN STREAMS 1 AND,NALCO,N10000012,12-2015,11/2020,Sep-25,11/2026,355.00,581.00,581.00,109.88,12.6
ODISHA,MINES,1176,SOURCING OF BAUXITE ARRANGEMENT FOR 5TH STREAM ALUMINA REFINERY FROM SOUTH BLOCK MINING LEASE OF PAN,NALCO,N10000013,11-2017,4/2021,May-25,5/2025,483.00,483.00,483.00,362.58,87.16
ODISHA,MINES,1177,POTTANGI BAUXITE MINES,NALCO,N10000016,5 - 2 0 1 8,1 2 /2024,N.A.,5/2025,"1,437.00",N.A.,"1,381.00",649.96,50.5
ODISHA,MINES,1178,CONSTRUCTION OF RED MUD POND - II AT NALCO DAMANJODI ODISHA,NALCO,N10000017,9-2019,3/2023,May-24,5/2024,225.79,N.A.,270.66,5.00,100
ODISHA,PETROLEUM,1179,ADDITIONAL STORAGE TANKS AT PARADIP,IOCL,N16000361,1 1 - 2 0 1 8,9 / 2 0 2 1,Dec-24,4/2025,462.30,552.44,552.44,481.20,96
ODISHA,PETROLEUM,1180,Fuel Quality Upgradation Project at Paradip Refinery,IOCL,N16000362,5-2019,8/2021,Dec-24,3/2025,"3,361.00",N.A.,"3,361.00","2,725.63",98.8
ODISHA,PETROLEUM,1181,INSTALLATION OF STANDBY SRU TRAIN OF 525 TPD ALONGWITH INCINERATOR AT PARADIP REFINERY,IOCL,N16000368,6-2019,9/2022,Dec-24,3/2025,427.10,427.10,427.10,312.13,95.2
ODISHA,PETROLEUM,1182,INTEGRATED PARA XYLENE (PX) AND PURIFIED TEREPHTHALIC ACID (PTA) PROJECT AT PARADIP REFINERY,IOCL,N16000396,7-2020,1/2024,Apr-25,4/2025,"13,805.00",N.A.,"13,805.00","7,105.32",86.9
ODISHA,POWER,1183,EASTERN REGION EXPANSION SCHEME XXIX,PGCIL,N18000351,3 - 2 0 2 3,1 1 / 2 0 2 5,N.A.,11/2025,524.04,N.A.,524.04,320.97,72
ODISHA,POWER,1184,TALCHER THERMAL POWER PROJECT STAGE III(2X660 MW),NTPC,N18000364,8-2022,5/2027,N.A.,5/2027,"11,844.00",N.A.,"11,844.00","1,405.09",8.4
ODISHA,RAILWAYS,1185,KHURDA ROAD-BOLANGIR(NL)ECOR,ECOR,220100284,4 - 1 9 9 4,3 / 2 0 0 9,Dec-26,12/2026,"2,923.13","3,791.66","5,089.37","4,330.72",80
ODISHA,RAILWAYS,1186,TALCHER-BIMALAGARH(NL)(ECOR),ECOR,220100328,4 - 2 0 0 5,6 / 2 0 2 1,N.A.,3/2026,810.78,N.A.,"1,928.07","1,552.14",40
ODISHA,RAILWAYS,1187,BHADRAK - NERGUNDI 3RD LINE,ECOR,N22000316,3 - 2 0 1 3,1 0 / 2 0 20,Oct-25,10/2025,843.04,"1,284.39","1,284.39","1,166.25",75
ODISHA,RAILWAYS,1188,JAGADALPUR-KORAPUT DOUBLING,ECOR,N22000376,4 - 2 0 1 5,3 / 2 0 2 2,N.A.,3/2022,"1,547.38",N.A.,"1,547.38","1,226.96",90
ODISHA,RAILWAYS,1189,KORAPUT - SINGAPUR ROAD DOUBLING,ECOR,N22000379,4 - 2 0 1 5,3 / 2 0 2 2,Mar-26,3/2026,"2,361.74","2,361.74","2,361.74","1,650.19",73
ODISHA,RAILWAYS,1190,JARAPADA - BUDHAPANK WITH FLY OVER AT TALCHER ROAD 3RD AND 4TH LINE,ECOR,N22000380,4-2015,11/2018,Aug-26,8/2026,701.61,N.A.,810.02,547.64,75
ODISHA,RAILWAYS,1191,BUDHAPANK - SALEGAON VIA RAJATGARH 3RD AND 4TH LINE.,ECOR,N22000381,4-2015,12/2018,Sep-25,9/2025,"1,172.92",N.A.,"2,022.75","1,724.97",74
ODISHA,RAILWAYS,1192,VIZIANAGARAM -SAMABALPUR 3RD LINE,RVNL,N22000409,1 - 1 9 9 1,1 2 / 2 0 2 4,N.A.,12/2026,"2,335.67",N.A.,"4,803.16","4,691.52",0
ODISHA,RAILWAYS,1193,EXECUTION OF RAIL CONNECTIVITY PROJECT FOR COAL TRANSPORTATION IN ODISHA FOR MCRL,IRCON,N22000418,4-2016,3/2020,N.A.,12/2025,"5,200.00",N.A.,"5,200.00",0.00,17.4
ODISHA,RAILWAYS,1194,JEYPORE MALKANGIRI NEW LINE,ECOR,N22000516,2 - 2 0 1 8,7 / 2 0 3 3,N.A.,7/2033,642.69,N.A.,642.69,167.41,0.1
ODISHA,RAILWAYS,1195,JEYPORE NABARANGPUR NEWLINE,ECOR,N22000517,7 - 2 0 1 7,7 / 2 0 2 8,N.A.,7/2028,499.99,N.A.,747.91,0.00,0
ODISHA,RAILWAYS,1196,TALCHER - ANGUL NEW LINE WITH Y CONNECTION AT TALCHER,ECOR,N22000518,7-2018,12/2026,N.A.,12/2026,278.96,495.00,494.62,29.50,0
ODISHA,RAILWAYS,1197,KODINGAMALI BAUXITE MINES TO SINGARAM RAILWAY STATION,ECOR,N22000519,8-2022,8/2027,N.A.,8/2027,190.90,N.A.,190.90,10.00,0
ODISHA,RAILWAYS,1198,GANDHAMARDAN IRON ORE MINES TO GOALDIH STATION,ECOR,N22000520,9-2022,9/2027,N.A.,9/2027,189.93,N.A.,189.93,5.14,0
ODISHA,RAILWAYS,1199,BRUNDAMAL-JHARSUGUDA- FLYOVER CONNECTION FOR JOINING DN LINE,ECOR,N22000521,12-2009,12/2026,N.A.,12/2026,48.44,N.A.,297.00,293.90,10
ODISHA,RAILWAYS,1200,BAGHUAPAL FLY OVER (20 KM),ECOR,N22000522,8 - 2 0 1 9,8 / 2 0 27,Aug-27,8/2027,183.00,257.97,257.97,0.60,0
ODISHA,RAILWAYS,1201,ROURKELA-BONDAMUNDA A-CABIN 5TH LINE (10 KM) (UMBRELLA WORK PB#57/2019-20/NR),SER,N22000571,9-2022,9/2026,N.A.,3/2026,209.75,N.A.,244.99,55.28,8
ODISHA,ROAD TRANSPORT AND HIGHWAYS,1202,REHABILITATION AND UP GRADATION FROM 4 TO 8 LANING OF CHANDIKHOLE PARADIP SECTION OF NH 53 FROM KM.,NHAI,N24002078,12-2023,12/2025,N.A.,12/2025,711.00,N.A.,711.00,96.90,27.24
ODISHA,ROAD TRANSPORT AND HIGHWAYS,1203,REHABILITATION AND UP GRADATION FROM 4 TO 8 LANING OF CHANDIKHOLE PARADIP SECTION OF NH 53 FROM KM,NHAI,N24002079,12-2023,12/2025,N.A.,12/2025,742.25,N.A.,742.25,146.86,32.43
ODISHA,ROAD TRANSPORT AND HIGHWAYS,1204,REHABILITATION AND UP GRADATION FROM 4 TO 8 LANING OF CHANDIKHOLE PARADIP SECTION OF NH 53 FROM KM,NHAI,N24002080,12-2023,12/2025,N.A.,12/2025,762.75,N.A.,762.75,161.57,33.09
ODISHA,ROAD TRANSPORT AND HIGHWAYS,1205,3L MAJOR BRIDGE OVER RIVER BRAHMANI AT KM. 401.250 (DUBURI CHANDIKHOLE SECTION) OF NH 200 (NEW NH 5,NHAI,N24002081,8-2022,1/2025,N.A.,6/2025,153.61,N.A.,153.61,14.22,18.84
ODISHA,ROAD TRANSPORT AND HIGHWAYS,1206,WIDENING AND STRENGTHENLNG TO 2L+PS FROM KM 0.000 TO 40.000 (DHAUGAON- PODAMARI SECTION) OF NH 326 I,MoRTH,N24002135,3-2022,2/2026,N.A.,2/2026,186.52,N.A.,186.52,32.98,12
ODISHA,ROAD TRANSPORT AND HIGHWAYS,1207,WIDENING AND STRENGTHENING TO 4L+PS/2L+PS FROM KM 0.000 TO 35.800 (KUAKHIA - MANGALPUR SECTION) OF N,MoRTH,N24002136,3-2022,2/2026,N.A.,2/2026,636.10,N.A.,636.10,213.33,16.66
ODISHA,ROAD TRANSPORT AND HIGHWAYS,1208,DEVELOPMENT OF FOUR LANNING OF ANGUL- SAMBALPUR SECTION OF NATIONAL HIGHWAY NH-42 (NEW NH-55 IN THE S,NHAI,N24000619,9-2016,8/2019,N.A.,3/2025,"2,510.04",N.A.,"2,510.04","1,104.98",99
ODISHA,ROAD TRANSPORT AND HIGHWAYS,1209,REHABILITATION AND UPGRADATION OF CUTTACK ANGUL SECTION OF NH-42 (NEW NH- 55) TO 4 LANE (KM. 0+400 TO,NHAI,N24000715,12-2017,7/2020,N.A.,3/2025,686.65,565.00,686.65,574.26,91.5
ODISHA,ROAD TRANSPORT AND HIGHWAYS,1210,REHABILITATION AND UP-GRADATION OF EXISTING 2-LANE TO 4 LANE OF DUBURI (KM 388.376) TO CHANDIKHOLE (,NHAI,N24000733,1-2018,8/2022,N.A.,2/2025,633.68,492.83,633.68,560.38,81.2
ODISHA,ROAD TRANSPORT AND HIGHWAYS,1211,REHABILITATION AND UP-GRADATION OF EXISTING 2-LANE TO FOUR LANE FROM TALCHAR TO END OF KAMAKHYANAG,NHAI,N24000734,1-2018,8/2021,N.A.,3/2025,614.48,503.30,757.12,664.48,99
ODISHA,ROAD TRANSPORT AND HIGHWAYS,1212,REHABILITATION AND UPGRADATION OF CUTTACK-ANGUL SECTION TO 4 LANE (KM 60.20) TO (KM 112.0) PKG II ON,NHAI,N24000736,1-2018,9/2020,N.A.,3/2025,686.65,504.09,"1,015.16",435.85,86
ODISHA,ROAD TRANSPORT AND HIGHWAYS,1213,REHABILITATION AND UPGRADATION OF SIX LANING OF BHADRAK BALESHWAR SECTION (KM 136.50) TO (KM 199.141,NHAI,N24000738,1-2018,9/2021,N.A.,3/2025,999.00,"1,152.70","1,152.70",387.08,78.9
ODISHA,ROAD TRANSPORT AND HIGHWAYS,1214,REHABILITATION AND UP-GRADATION TO 4- LANING OF RAJAMUNDA-BARKOTE SECTION OF NH-23 (NEW NH NO. 143) (,NHAI,N24000739,1-2018,6/2021,Mar-25,3/2025,503.88,609.03,609.03,536.89,95
ODISHA,ROAD TRANSPORT AND HIGHWAYS,1215,WIDENING TO 2LPS FROM 0/0 TO 119/0 OF NH- 157 IN THE STATE OF ODISHA.,MoRTH,N24000912,8-2016,2/2017,N.A.,3/2025,287.70,N.A.,293.66,274.44,98.66
ODISHA,ROAD TRANSPORT AND HIGHWAYS,1216,WIDENING TO 2LPS FROM 239/9 TO 294/3 OF NH-57 (NAYAGARH TO KHURDA) IN THE STATE OF ODISHA,MoRTH,N24000914,12-2016,8/2018,N.A.,3/2025,223.50,N.A.,223.50,220.50,92
ODISHA,ROAD TRANSPORT AND HIGHWAYS,1217,WIDENING TO 2LPS FROM 269/30 TO 328/20 OF NH-49 IN THE STATE OF ODISHA,MoRTH,N24000917,3-2018,8/2018,N.A.,3/2025,199.16,N.A.,199.16,155.44,98
ODISHA,ROAD TRANSPORT AND HIGHWAYS,1218,BALANCE WORK OF PANIKOILI RIMULI SECTION OF NEW NH-20 FROM KM 0.00 TO KM. 163.000,NHAI,N24001647,8-2020,3/2022,N.A.,3/2025,200.00,154.73,154.73,137.04,100
ODISHA,ROAD TRANSPORT AND HIGHWAYS,1219,6L GREENFIELD KANDILI - ALURU SECTION OF NH-130-CD ROAD FROM KM 342+500 TO KM 365+033 (PACKAGE-OD-8,NHAI,N24001665,12-2021,10/2024,N.A.,10/2025,"1,592.00","1,592.00","1,592.00",970.65,69.52
ODISHA,ROAD TRANSPORT AND HIGHWAYS,1220,6L GREENFIELD BARAJA - KANDILI SECTION OF NH- 130-CD ROAD FROM KM 338+500 TO KM 342+500 (PACKAGE-OD,NHAI,N24001666,12-2021,9/2024,N.A.,8/2025,714.00,714.00,714.00,495.03,80.09
ODISHA,ROAD TRANSPORT AND HIGHWAYS,1221,6L GREENFIELD KALIAGURA ? BAUNSAGUAR SECTION OF NH-130-CD ROAD FROM KM 249+000 TO KM 293+000 (PACKAG,NHAI,N24001667,9-2021,5/2024,N.A.,10/2025,"1,734.00","1,734.00","1,734.00","1,102.97",77
ODISHA,ROAD TRANSPORT AND HIGHWAYS,1222,6L OF BADAKUMARI - KARKI SECTION FROM KM 179.000 TO KM 226.500 OF NH-130-CD (PACKAGE ? OD-3),NHAI,N24001668,3-2021,4/2024,N.A.,3/2025,"1,249.00",N.A.,"1,249.00",405.98,77.34
ODISHA,ROAD TRANSPORT AND HIGHWAYS,1223,6L OF DHANARA - HATIBENA SECTION FROM KM 124.611 TO KM 146.50 OF NH-130-CD (PACKAGE ? OD-1),NHAI,N24001669,2-2021,3/2024,N.A.,3/2025,586.00,N.A.,586.00,186.65,69.53
ODISHA,ROAD TRANSPORT AND HIGHWAYS,1224,6L OF KARKI ? KALIAGURA SECTION FROM KM 226.500 TO KM 249.000 OF NH-130-CD (PACKAGE ? OD-4),NHAI,N24001670,2-2021,3/2024,N.A.,3/2025,593.00,N.A.,593.00,280.69,90.1
ODISHA,ROAD TRANSPORT AND HIGHWAYS,1225,6L OF HATIBENA - BADAKUMARI SECTION FROM KM 146.50 TO KM 179.00 OF NH-130-CD (PACKAGE ? OD-2),NHAI,N24001671,2-2021,3/2024,N.A.,3/2025,925.00,N.A.,925.00,445.07,94.91
ODISHA,ROAD TRANSPORT AND HIGHWAYS,1226,6L GREENFIELD BAUNSAGUAR - BARAJA SECTION OF NH-130-CD ROAD FROM KM 293+000 TO KM 338+500 (PACKAGE ?,NHAI,N24001678,8-2021,6/2024,N.A.,6/2025,"1,460.00","1,460.00","1,460.00",878.94,81.52
ODISHA,ROAD TRANSPORT AND HIGHWAYS,1227,CONSTRUCTION OF ROAD FROM KM 0/0 TO 72/0 OF NH-26 SUCH AS 4 LANE FROM KM 0/0 TO 21/0 (BARGARH TO BAR,MoRTH,N24001857,6-2020,12/2023,N.A.,3/2025,414.24,N.A.,414.24,283.70,60
ODISHA,ROAD TRANSPORT AND HIGHWAYS,1228,WIDENING AND STRENGTHENING TO 2L+PS INCLUDING LA OF KANDARPUR-BALIKUDA FROM KM 277/500 TO 318/970 OF,MoRTH,N24001858,3-2022,6/2025,N.A.,6/2025,499.79,N.A.,499.79,256.21,20
ODISHA,ROAD TRANSPORT AND HIGHWAYS,1229,CONSTRUCTION OF BYPASS ON NH-59 FROM KM 336/350 TO 349/910 (13.56 KM) NEAR BERHAMPUR TOWN INCLUDING,MoRTH,N24001859,3-2021,3/2024,N.A.,3/2025,196.94,N.A.,196.94,66.09,15
ODISHA,ROAD TRANSPORT AND HIGHWAYS,1230,CONSTRUCTION OF BYPASS TO NAYAGARH TOWN FROM KM 235.469 TO 252.482 OF NH-57 INCLUDING LAND ACQUISITI,MoRTH,N24001860,1-2022,4/2025,N.A.,4/2025,300.33,N.A.,300.33,184.55,50
ODISHA,ROAD TRANSPORT AND HIGHWAYS,1231,CONSTRUCTION OF BYPASS TO KHORDHA TOWN FROM KM 294/000 TO 300/300 ON NH-57 INCLUDING LA IN THE STATE,MoRTH,N24001861,2-2022,11/2024,Mar-25,3/2025,157.49,N.A.,157.49,62.56,31.74
ODISHA,ROAD TRANSPORT AND HIGHWAYS,1232,CONSTRUCTION OF BYPASS ROAD TO BALANGIR TOWN FROM KM 72/400 (DESING KM 0/0) TO KM 79/800 (DESIGN KM,MoRTH,N24001862,2-2022,10/2025,Nov-25,11/2025,238.78,N.A.,238.78,17.26,12
ODISHA,ROAD TRANSPORT AND HIGHWAYS,1233,"CONSTRUCTION OF 5 HL BRIDGES AT KM 379/000 (PANGAM), KM 439/400 (POTTERU), KM 444/237 (KONGURUKONDA)",MoRTH,N24001863,3-2021,6/2024,N.A.,6/2025,154.05,N.A.,154.05,47.47,25
ODISHA,ROAD TRANSPORT AND HIGHWAYS,1234,CONSTRUCTION OF FOUR LANE ROB AND ITS APPROACHES IN LIEU OF EXISTING LEVEL CROSSING NO. RV-71 AT KM,MoRTH,N24001864,11-2021,6/2025,N.A.,6/2025,154.49,N.A.,154.49,54.13,17
ODISHA,ROAD TRANSPORT AND HIGHWAYS,1235,CONSTRUCTION OF 4 LANE ROB WITH APPROACHES IN LIEU OF LC NO. RV-172 AT KM 176.00 OF NH-201 (PRESENT,MoRTH,N24001865,12-2021,5/2025,N.A.,5/2025,324.09,N.A.,324.09,84.25,20
ODISHA,STEEL,1236,REBUILDING OF COKE OVEN BATTERY-2 ALONGWITH AUGMENTATION OF COKE HANDLING AND GAS HANDLING FACILITY,SAIL,N12000122,11-2020,5/2023,N.A.,3/2025,377.18,N.A.,377.18,420.36,93.92
ODISHA,STEEL,1237,INSTALLATION OF 4TH SLAB CASTER ALONG WITH ITS AUXILIARIES AND A NEW LADLE FURNACE IN SMS-II AT RSP,SAIL,N12000125,1-2022,5/2025,N.A.,5/2025,970.18,N.A.,970.18,543.11,74.22
PUNJAB,DEPARTMENT OF HIGHER EDUCATION,1238,"CONSTRUCTION OF PERMANENT CAMPUS OF INDIAN INSTITUTE OF MANAGEMENT (IIM) AMRITSAR, PUNJAB.",CPWD EDUCATION,N28000142,10-2019,5/2022,N.A.,3/2025,348.24,N.A.,348.24,278.55,88.5
PUNJAB,PETROLEUM,1239,"SECOND GENERATION ETHANOL BIOREFINERY PROJECT, BATHINDA, PUNJAB",HPCL,N16000402,5-2020,2/2023,Sep-24,3/2025,"1,421.46",N.A.,"1,421.46","1,084.10",95.3
PUNJAB,PETROLEUM,1240,BHATINDA SANGRUR PIPELINE,HPCL,N16000440,1 1 - 2 0 2 1,5 / 2 0 24,Feb-25,2/2025,367.00,397.00,397.00,297.62,85.3
PUNJAB,PETROLEUM,1241,CGD PROJECT AT PATHANKOT DISTRICT,IOCL,N16000488,3 - 2 0 2 2,3 / 2 0 3 0,Sep-33,9/2033,151.00,N.A.,151.00,7.80,1.5
PUNJAB,RAILWAYS,1242,"MANSA-BHATINDA (PHASE-I), INCL. NEW MATERIAL MODIFICATION FOR RAMA MANDI (RAMAN) - SADA SINGHWALA VI",NR,N22000502,6-2009,8/2016,N.A.,8/2025,404.00,N.A.,404.00,190.00,0
PUNJAB,RAILWAYS,1243,LUDHIANA MULLANPUR DOUBLING,NR,N22000589,9 - 2 0 2 0,3 / 2 0 2 5,N.A.,3/2025,82.99,N.A.,235.00,0.00,0
PUNJAB,RAILWAYS,1244,FEROZPUR - PATTI (25.72 KM),NR,N22000614,4 - 2 0 1 7,3 / 2027,N.A.,3/2027,299.74,N.A.,299.74,0.00,0
PUNJAB,ROAD TRANSPORT AND HIGHWAYS,1245,UP-GRADATION TO TWO LANE WITH PAVED SHOULDER CONFIGURATION OF NH-354 SECTION ARIFKES-FEROZEPUR-MUKTS,MoRTH,N24001960,3-2021,10/2023,N.A.,4/2025,263.19,N.A.,220.00,94.08,42
PUNJAB,ROAD TRANSPORT AND HIGHWAYS,1246,WORK OF WIDENING/UPGRADATION OF 2- LANE WITH PAVED SHOULDER OF SRI MUKTSAR SAHIB TO MALOUT ROAD FROM,MoRTH,N24001961,3-2022,10/2023,N.A.,4/2025,152.58,N.A.,152.58,81.25,69
PUNJAB,ROAD TRANSPORT AND HIGHWAYS,1247,6L OF JODHPUR ROMANA (BATHINDA) - MANDI DABWALI (PUNJAB HARYANA BORDER) SECTION OF NH-54 FROM KM. 0.,NHAI,N24002075,12-2020,8/2025,Aug-25,8/2025,757.13,757.00,757.00,246.51,94
PUNJAB,ROAD TRANSPORT AND HIGHWAYS,1248,6L AMRITSAR-BATHINDA GREENFIELD SECTION FROM JN. WITH BHAGTA BHAI KA- BHADAUR ROAD NEAR DYALPURA BHAI,NHAI,N24002076,3-2021,10/2025,Jun-26,6/2026,"2,029.17","2,029.00","2,029.00",84.23,36
PUNJAB,ROAD TRANSPORT AND HIGHWAYS,1249,6L ACCESS CONTROLLED LUDHIANA- BATHINDA GREENFIELD HIGHWAY FROM JN. WITH AMRITSAR-BATHANDA GREENFIELD,NHAI,N24002091,6-2021,9/2025,Apr-26,4/2026,906.51,906.51,906.51,184.35,32.2
PUNJAB,ROAD TRANSPORT AND HIGHWAYS,1250,6-LANE AMRITSAR-BATHINDA GREENFIELD SECTION OF NH-754A FROM JUNCTION WITH MOGA JALANDHAR ROAD (NH-70,NHAI,N24002092,3-2021,10/2025,N.A.,10/2025,"1,801.37",N.A.,"1,801.37",892.68,26.6
PUNJAB,ROAD TRANSPORT AND HIGHWAYS,1251,6L OF AMBALA-CHANDIGARH GREENFIELD SECTION FROM KM. 0.000 TO KM. 25.000 WITH 4L SPUR TO LALRU FROM K,NHAI,N24002098,3-2022,10/2025,N.A.,10/2025,"1,641.66",N.A.,"1,641.66",106.00,36
PUNJAB,ROAD TRANSPORT AND HIGHWAYS,1252,4L OF EXISTING BEAS ? BABA BAKALA - DERA BABA NANAK SECTION FROM START OF BATALA BYPASS TILL INTERSE,NHAI,N24002100,10-2021,6/2025,N.A.,6/2025,"1,003.38",N.A.,"1,003.38",244.71,64
PUNJAB,ROAD TRANSPORT AND HIGHWAYS,1253,4L OF BEAS-MEHTA-BATALA-DERA BABA NANAK FROM INTERSECTION WITH JALANDHAR-AMRITSAR HIGHWAY (NH-3) NEA,NHAI,N24002101,8-2021,6/2025,Dec-25,12/2025,809.51,N.A.,809.51,148.90,39.96
PUNJAB,ROAD TRANSPORT AND HIGHWAYS,1254,DELHI-AMRITSAR-KATRA EXPRESSWAY (PHASE-I SPUR-I) FROM JN. WITH KAPURTHALA - SULTANPUR LODHI ROAD (NH,NHAI,N24002102,1-2020,4/2026,N.A.,4/2027,"2,165.23",N.A.,"2,165.23",138.61,15.75
PUNJAB,ROAD TRANSPORT AND HIGHWAYS,1255,WIDENING AND PAVED SHOULDER OF TOHANA (IN HARYANA) PUNJAB/HARYANA BORDER TO MOONAK-JAKHAL-BUDHLADA,MoRTH,N24000907,3-2018,8/2020,N.A.,7/2024,293.10,N.A.,315.00,306.60,100
PUNJAB,ROAD TRANSPORT AND HIGHWAYS,1256,JALANDHAR-HOSHIARPUR SECTION OF NH-70 [NEW NH NO. 3] FROM EXISTING KM 11.400 TO KM 49.200,MoRTH,N24000909,10-2017,10/2019,N.A.,12/2025,"1,069.59",N.A.,"1,069.59",739.08,62
PUNJAB,ROAD TRANSPORT AND HIGHWAYS,1257,REHABILITATION AND UP GRADATION TO 2 LANE WITH PAVED SHOULDER OF NH-703A FROM MAKHU (DESIGN CH 0 000,MoRTH,N24000910,3-2018,11/2020,N.A.,6/2024,170.57,192.48,150.00,104.98,79
PUNJAB,ROAD TRANSPORT AND HIGHWAYS,1258,REHABILITATION AND UPGRADATION TO 2 LANE WITH PAVED SHOULDER OF MOGA (DESIGN CH 0.000) TO MAKHU (DES,MoRTH,N24000941,3-2018,8/2020,N.A.,8/2020,293.64,N.A.,293.64,295.46,100
PUNJAB,ROAD TRANSPORT AND HIGHWAYS,1259,DELHI-AMRITSAR-KATRA EXPRESSWAY FROM JUNCTION WITH PATIALA-BATHINDA ROAD (NH-7) NEAR BHAWANIGARH TO,NHAI,N24001415,12-2020,4/2024,Jul-24,7/2024,881.00,N.A.,881.00,868.44,89.33
PUNJAB,ROAD TRANSPORT AND HIGHWAYS,1260,DELHI-AMRITSAR-KATRA EXPRESSWAY FROM JUNCTION WITH LUDHIANA-MALERKOTLA ROAD (SH-11) NEAR BHOGIWAL VI,NHAI,N24001416,12-2020,1/2024,Mar-25,3/2025,989.66,N.A.,989.66,319.95,31.08
PUNJAB,ROAD TRANSPORT AND HIGHWAYS,1261,DELHI-AMRITSAR-KATRA EXPRESSWAY FROM JUNCTION WITH LUDHIANA-MOGA ROAD (NH- 5) NEAR MULLANPUR DAKHA TO,NHAI,N24001417,12-2020,4/2024,Sep-25,9/2025,"1,234.40",N.A.,"1,234.40",783.65,57.82
PUNJAB,ROAD TRANSPORT AND HIGHWAYS,1262,DELHI-AMRITSAR-KATRA EXPRESSWAY FROM CH.KM 303+900 TO KM 319+400 OF MAIN EXPRESSWAY) AND AMRITSAR CO,NHAI,N24001418,12-2020,4/2024,Sep-25,9/2025,"1,094.46",N.A.,"1,094.46",799.56,61.72
PUNJAB,ROAD TRANSPORT AND HIGHWAYS,1263,DELHI-AMRITSAR-KATRA EXPRESSWAY (PHASE-I PKG-XI) FROM JUNCTION WITH JALANDHAR - KAPURTHALA ROAD (NH-,NHAI,N24001419,2-2021,4/2024,Nov-24,11/2024,"1,269.96",N.A.,"1,269.96",585.86,43.45
PUNJAB,ROAD TRANSPORT AND HIGHWAYS,1264,DELHI-AMRITSAR-KATRA EXPRESSWAY (PHASE-I PKG-XII) FROM JUNCTION WITH AMRITSAR-MEHTA-SRIHARGOBINDPUR-,NHAI,N24001420,2-2021,4/2024,Dec-25,12/2025,853.66,N.A.,853.66,118.62,14.43
PUNJAB,ROAD TRANSPORT AND HIGHWAYS,1265,4/6L GREENFIELD LUDHIANA RUPNAGAR HIGHWAY FROM JUNCTION WITH NE 05 VILLAGR NEAR TO MANEWAL (LUDHIANA,NHAI,N24001630,7-2021,2/2025,N.A.,2/2025,"1,501.02",N.A.,"1,501.02",318.00,73.5
PUNJAB,ROAD TRANSPORT AND HIGHWAYS,1266,6L OF IT CITY CHOWK TO KURALI CHANDIGARH ROAD,NHAI,N24001631,3-2021,10/2024,N.A.,10/2024,"1,525.31",N.A.,"1,525.31",303.00,73
PUNJAB,ROAD TRANSPORT AND HIGHWAYS,1267,CONSTRUCTION OF FOUR LANE GREENFIELD PROJECT OF DELHI-AMRITSAR-KATRA EXPRESSWAY (PHASE-I PKG-V) FROM,NHAI,N24001632,1-2021,5/2024,Apr-25,4/2025,"1,741.86",N.A.,"1,741.86","1,169.60",87.28
PUNJAB,ROAD TRANSPORT AND HIGHWAYS,1268,CONSTRUCTION OF FOUR/SIX LANE GREENFIELD LUDHIANA ? RUPNAGAR NATIONAL HIGHWAY NO. NH-205K UNDER BHAR,NHAI,N24001636,5-2021,12/2024,Oct-26,10/2026,"1,368.91","1,368.91","1,368.91",163.58,15.31
PUNJAB,ROAD TRANSPORT AND HIGHWAYS,1269,DEVELOPMENT OF 6 LANE JALANDHAR BYPASS FROM KAHLWAN NATIONAL HIGHWAY 03 DESIGN KM 0.00 ENDING AT K,NHAI,N24001637,3-2021,1/2025,N.A.,1/2025,"1,754.84",N.A.,"1,754.84","1,060.95",30.95
PUNJAB,ROAD TRANSPORT AND HIGHWAYS,1270,4L GREENFIELD A. MALOUT BYPASS FROM CH. KM 44.500 TO CH. KM 35.500 ON NH-07 AND CH. KM 0.000 TO KM 6,NHAI,N24001638,11-2021,7/2024,Feb-25,2/2025,646.42,646.42,646.42,481.67,94
PUNJAB,ROAD TRANSPORT AND HIGHWAYS,1271,FOUR LANING OF MOGA TO BAJAKHANA LAMBWALI SECTION OF 105B GREENFIELD ALIGNMENT FROM DESIGN CHAINAGE,NHAI,N24001639,5-2020,12/2024,Aug-25,8/2025,864.23,864.23,864.23,434.88,47
PUNJAB,ROAD TRANSPORT AND HIGHWAYS,1272,6L AMRITSAR BATHINDA GREENFIELD SECTION FROM VILLAGE TIBA ON NE 5A TO JN. WITH MOGA JALANDHAR ROAD N,NHAI,N24001640,3-2021,11/2024,N.A.,11/2024,"1,229.38",N.A.,"1,229.38",716.38,34.5
PUNJAB,ROAD TRANSPORT AND HIGHWAYS,1273,DELHI AMRITSAR KATRA EXPRESSWAY PHASE I SPUR III FROM JUNCTION WITH AMRITSAR JALANDHAR ROAD NH3 NEAR,NHAI,N24001641,3-2021,10/2024,Dec-25,12/2025,"1,641.75",N.A.,"1,641.75",179.85,23.75
PUNJAB,ROAD TRANSPORT AND HIGHWAYS,1274,FOUR LANING OF AMRITSAR BYPASS FROM NEW TARN TARAN ROAD TO AJNALA ROAD FROM DESIGN KM. 0.750 TO DESI,NHAI,N24001642,2-2021,8/2024,Dec-25,12/2025,"1,474.77",N.A.,"1,474.77",411.34,67.63
PUNJAB,ROAD TRANSPORT AND HIGHWAYS,1275,4L OF AMRITSAR GHOMAN TANDA UNA SECTION FROM KM 8.270 TO KM 54.000 OF NH 503A PACKAGE I,NHAI,N24001643,12-2020,6/2024,Jun-25,6/2025,857.91,N.A.,857.91,127.71,36.8
PUNJAB,ROAD TRANSPORT AND HIGHWAYS,1276,AMRITSAR AIRPORT JUNCTION RAMDAS FROM KM. 100.835 TO KM. 139.813 PKG IV,NHAI,N24001644,12-2020,9/2023,Sep-25,9/2025,524.88,416.58,416.58,157.14,69
RAJASTHAN,CIVIL AVIATION,1277,CONSTRUCTION OF NEW TERMINAL BUILDING AT JODHPUR AIRPORT,AAI,N04000101,5-2022,11/2024,N.A.,6/2025,480.00,N.A.,480.00,162.11,60
RAJASTHAN,CIVIL AVIATION,1278,UDAIPUR AIRPORT- CONSTRUCTION OF NEW INTEGRATED PASSENGER TERMINAL BUILDING,AAI,N04000104,6-2023,3/2026,Sep-26,9/2026,887.00,N.A.,887.00,200.40,42.01
RAJASTHAN,COAL,1279,NLCIL 300 MW SOLAR POWER PROJECT (PART OF 510 MW CPSU SCHEME),NLC,N06000269,3-2023,9/2024,N.A.,3/2025,"1,813.00",N.A.,"1,813.00",424.80,55
RAJASTHAN,PETROLEUM,1280,NEW MUNDRA-PANIPAT CRUDE OIL PIPELINE,IOCL,N16000435,1 2 - 2 0 2 1,1 0 / 2 0 2 4,Dec-25,12/2025,"9,028.00",N.A.,"9,028.00","6,050.57",72.86
RAJASTHAN,PETROLEUM,1281,"CGD PROJECT AT JHUNJHUNU, SIKAR AND NAGAUR DISTRICTS",IOCL,N16000489,3-2022,3/2030,N.A.,3/2031,575.00,N.A.,575.00,121.28,8.4
RAJASTHAN,PETROLEUM,1282,"CGD PROJECT IN TONK, SAWAI MADHOPUR, DAUSA, KARAULI",HPCL,N16000496,3-2022,3/2030,N.A.,3/2030,"1,751.00",N.A.,"1,751.00",195.52,20.6
RAJASTHAN,PETROLEUM,1283,SETTING UP OF PETROCHEMICAL EVACUATION MARKETING TERMINAL (PEMT) AT BARMER,HPCL,N16000512,12-2023,12/2026,N.A.,12/2026,461.05,N.A.,461.05,39.07,27.1
RAJASTHAN,PETROLEUM,1284,RAJASTHAN REFINERY PROJECT,HPCLRRL(JV,N16000513,1 0 - 2 0 1 7,1 0 / 2 0 2 2,Mar-25,3/2025,"43,129.00","72,937.00","72,937.00","52,332.50",83.8
RAJASTHAN,PETROLEUM,1285,CGD PROJECTS AT FAZILKA (EXCEPT AREA ALREADY AUTHORIZED) GANGANAGAR AND HANUMANGARH DISTRICTS,BPCL,N16000520,12-2022,6/2030,N.A.,6/2030,"3,207.00",N.A.,"3,207.00",198.74,16.3
RAJASTHAN,POWER,1286,SAMBHU KI BHURJ-II SOLAR 300MW,NTPC,N18000286,3 - 2 0 2 0,9 / 2 0 2 1,N.A.,3/2025,"1,782.00",12.00,"1,782.00","1,350.50",95
RAJASTHAN,POWER,1287,ANTA SOLAR 90 MW,NTPC,N18000292,1 - 2 0 2 1,3/2022,N.A.,3/2022,382.22,N.A.,382.22,497.17,100
RAJASTHAN,POWER,1288,BHENSARA 320 MW,NTPC,N18000293,1 - 2 0 2 1,7/2022,N.A.,3/2025,"1,221.73","1,521.00","1,221.73","1,010.44",0
RAJASTHAN,POWER,1289,CHHATTARGARH 150 MW,NTPC,N18000294,2 - 2 0 2 1,7 / 2022,N.A.,3/2024,599.99,N.A.,599.99,599.99,100
RAJASTHAN,POWER,1290,NOKH PLOT-1 SOLAR PV PROJECT 245MW,NTPC,N18000320,3 - 2 0 2 2,8 / 2 0 2 3,N.A.,3/2025,"1,352.71",N.A.,"1,352.71",851.99,45
RAJASTHAN,POWER,1291,NOKH PLOT-2 SOLAR PV PROJECT 245MW,NTPC,N18000321,3 - 2 0 2 2,8 / 2 0 2 3,N.A.,3/2025,"1,409.52",N.A.,"1,409.52","1,297.38",95
RAJASTHAN,POWER,1292,NOKH PLOT-3 SOLAR PV PROJECT 245MW,NTPC,N18000322,3 - 2 0 2 2,8 / 2 0 2 3,N.A.,3/2025,"1,426.94",N.A.,"1,426.94",965.20,80
RAJASTHAN,POWER,1293,BHADLA-II 500MW SOLAR PV PROJECT,NTPC,N18000347,6 - 2 0 2 2,3 / 2 0 2 4,N.A.,3/2025,"2,598.92",N.A.,"2,598.92","1,363.43",12
RAJASTHAN,POWER,1294,TRANSMISSION SYSTEM SCHEME FOR EVACUATION OF POWER FROM REZ RAJASTHAN (8.1 GW) UNDER PHASE-II PART,PGCIL,N18000356,3-2023,9/2024,N.A.,3/2025,"1,433.28",N.A.,"1,433.28",704.47,72
RAJASTHAN,POWER,1295,300 MW SOLAR POWER PROJECT UNDER CPSU SCHEME,NHPC,N18000368,5-2022,11/2023,N.A.,8/2025,"1,677.12",N.A.,"1,677.12",742.82,72
RAJASTHAN,POWER,1296,TRANSMISSION SYSTEM FOR EVACUATION OF POWER FROM RAJASTHAN REZ PHASE-IV PART-I (BIKANER COMPLEX) PAR,PGCIL,N18000372,6-2023,1/2025,Feb-25,2/2025,202.39,N.A.,202.39,20.04,89
RAJASTHAN,POWER,1297,"TS FOR EVACUATION OF POWER FROM REZ IN RAJASTHAN (20GW) UNDER PHASE-III, PART E1",PGCIL,N18000373,8-2023,2/2025,N.A.,2/2025,688.74,N.A.,688.74,215.00,70
RAJASTHAN,POWER,1298,TS FOR EVACUATION POWER FROM REZ IN RAJASTHAN (20GW) UNDER PHASE-III PART H,PGCIL,N18000374,10-2023,4/2025,N.A.,4/2025,"2,211.00",N.A.,"2,211.00",603.63,35
RAJASTHAN,POWER,1299,TS FOR EVACUATION POWER FROM REZ IN RAJASTHAN (20GW) UNDER PHASE-III PART C1,PGCIL,N18000375,10-2023,4/2025,N.A.,10/2025,"1,796.00",N.A.,"1,796.00",627.48,38
RAJASTHAN,POWER,1300,TS FOR EVACUATION POWER FROM REZ IN RAJASTHAN (20GW) UNDER PHASE-III PART B1,PGCIL,N18000376,9-2023,4/2025,N.A.,4/2025,"2,191.00",N.A.,"2,191.00",738.26,47
RAJASTHAN,POWER,1301,TS FOR EVACUATION POWER FROM REZ IN RAJASTHAN (20GW) UNDER PHASE-III PART J,PGCIL,N18000378,12-2022,3/2025,N.A.,8/2025,331.00,N.A.,331.00,8.66,26
RAJASTHAN,POWER,1302,TS FOR EVACUATION POWER FROM REZ IN RAJASTHAN (20GW) UNDER PHASE-III PART E2,PGCIL,N18000379,11-2023,6/2025,N.A.,6/2025,428.00,N.A.,428.00,0.00,6
RAJASTHAN,POWER,1303,TS FOR EVACUATION OF POWER FROM RAJASTHAN REZ PH-IV (PART-1) [BIKANER COMPLEX] PART A [BIKANER III N,PGCIL,N18000386,12-2023,12/2025,N.A.,12/2025,"2,998.00",N.A.,"2,998.00",269.98,26
RAJASTHAN,POWER,1304,TS FOR EVACUATION OF POWER FROM RAJASTHAN REZ PH-IV (PART-1) [BIKANER COMPLEX] PART D [NEEMRANA II B,PGCIL,N18000387,12-2023,12/2025,N.A.,12/2025,"2,056.00",N.A.,"2,056.00",263.00,25
RAJASTHAN,POWER,1305,TS FOR EVACUATION OF POWER FROM REZ IN RAJASTHAN (20GW) UNDER PH-III PART D [SIKAR KHETRI TRANSMISSI,PGCIL,N18000389,2-2024,8/2025,N.A.,8/2025,"2,000.00",N.A.,"2,000.00",393.00,28
RAJASTHAN,POWER,1306,TS FOR EVACUATION POWER FROM RAJASTHAN REZ PH-IV (PART-2:5.5GW) PART- B (JAISALMER/BARMER COMPLEX),PGCIL,N18000391,8-2024,8/2026,N.A.,8/2026,"3,279.00",N.A.,"3,279.00",34.00,2
RAJASTHAN,POWER,1307,TS FOR EVACUATION POWER FROM RAJASTHAN REZ PH-IV (PART-2:5.5GW) (JAISALMER/BARMER COMPLEX) PART-C,PGCIL,N18000393,8-2024,8/2026,N.A.,8/2026,"2,227.00",N.A.,"2,227.00",0.00,5
RAJASTHAN,POWER,1308,TS FOR EVACUATION POWER FROM RAJASTHAN REZ PH-IV (PART-2:5.5GW) (JAISALMER/BARMER COMPLEX) PART-E,PGCIL,N18000394,8-2024,8/2026,N.A.,8/2026,"3,251.00",N.A.,"3,251.00",39.00,5
RAJASTHAN,RAILWAYS,1309,AGRA FORT-BANDIKUI,NCR,N22000553,6 - 2 0 2 2,6/2027,May-26,5/2026,"1,389.81",N.A.,987.83,22.39,11
RAJASTHAN,RAILWAYS,1310,GUDHA THATHANA MITHRI TEST TRACK FOR RDSO,NWR,N22000593,4-2019,3/2025,N.A.,3/2025,528.48,N.A.,528.48,335.42,72
RAJASTHAN,RAILWAYS,1311,DEDICATED TEST TRACK FOR RDSO (PHASE II),NWR,N22000594,11-2021,11/2026,N.A.,12/2025,466.42,N.A.,466.42,625.77,72
RAJASTHAN,RAILWAYS,1312,DOUBLING BETWEEN CHURU-RATANGARH (42.81 KM),NWR,N22000605,2-2023,2/2028,N.A.,2/2025,422.60,N.A.,422.60,124.09,60
RAJASTHAN,RAILWAYS,1313,SAWAIMADHOPUR - BYPASS LINE (6.98 KM) (UMBRELLA WORK PB#57/2019-20/NR),NWR,N22000607,12-2022,6/2026,N.A.,1/2026,304.00,239.54,239.54,84.50,20
RAJASTHAN,RAILWAYS,1314,GC OF NATHDWARA - DEVGARH MADARIYA (82.5KM),NWR,N22000608,1-2023,6/2028,N.A.,12/2026,968.92,N.A.,968.92,256.79,23
RAJASTHAN,ROAD TRANSPORT AND HIGHWAYS,1315,UP-GRADATION TO 2 LANE WITH PAVED SHOULDER FROM CHARBHUJA AT DESIGN KM 0.00 (EXISTING KM 150.00) TO,MoRTH,N24001927,2-2022,9/2025,N.A.,9/2025,838.43,N.A.,838.43,245.87,59
RAJASTHAN,ROAD TRANSPORT AND HIGHWAYS,1316,CONSTRUCTION OF 2 LANE WITH PAVED SHOULDER NORTHERN BYPASS PHASE-II OF KOTA CITY FROM DESIGN CHAINAG,MoRTH,N24001928,3-2022,4/2025,N.A.,4/2025,317.74,N.A.,317.74,136.23,10
RAJASTHAN,ROAD TRANSPORT AND HIGHWAYS,1317,ADDITIONAL STRUCTURES ON 6LGURGAON- JAIPUR SECTION OF NH-48 BETWEEN KM 42.700 TO KM 273.00,NHAI,N24002058,8-2022,6/2024,Mar-25,3/2025,409.64,N.A.,409.64,201.86,68.49
RAJASTHAN,ROAD TRANSPORT AND HIGHWAYS,1318,UPGRADATION TO 2 LANE WITH PAVED SHOULDER OF HANUMANGARH TO KENCHIYAN OF NH 54 ON EPC MODE IN THE ST,MoRTH,N24002167,3-2024,10/2026,N.A.,10/2026,334.64,N.A.,334.64,28.00,2
RAJASTHAN,ROAD TRANSPORT AND HIGHWAYS,1319,UPGRADATION TO 2 LANE WITH PAVED SHOULDER FROM NEECHLI ODEN (NATHDWARA) AT DESIGN KM 88.800 TO BHATE,MoRTH,N24002168,3-2023,10/2026,N.A.,10/2026,606.61,N.A.,606.61,30.00,2
RAJASTHAN,ROAD TRANSPORT AND HIGHWAYS,1320,CONSTRUCTION/ UP-GRATION OF FOUR/TWO LANE WITH PAVED SHOULDER OF NH68 FROM TANOT-RAMGARH BHADASAR-JA,NHAI,N24000795,2-2018,4/2021,Jan-25,1/2025,741.86,649.00,649.00,672.53,96
RAJASTHAN,ROAD TRANSPORT AND HIGHWAYS,1321,UP-GRADATION TO TWO LANING WITH PAVED SHOULDER OF AJMER-NAGAUR SECTION BY EXECUTING BALANCE WORK FRO,MoRTH,N24001241,3-2020,10/2022,Jun-25,6/2024,255.23,N.A.,255.23,256.00,90
RAJASTHAN,ROAD TRANSPORT AND HIGHWAYS,1322,4L+PS OF NH -58 FROM BEAWAR-GOMTI (OLD CH KM 58.245 TO KM. 108.600) PKG-I.,MoRTH,N24001411,12-2020,10/2023,N.A.,12/2025,379.23,N.A.,379.23,233.62,96
RAJASTHAN,ROAD TRANSPORT AND HIGHWAYS,1323,2L+PS FOR WORK OF NH-325 (BALOTRA TO SANDERAO VIA JALORE) BY CONSTRUCTION OF BYPASSES:(1) ASOTRA- BR,MoRTH,N24001527,12-2021,5/2024,Apr-25,4/2024,411.40,N.A.,411.40,162.61,60
RAJASTHAN,ROAD TRANSPORT AND HIGHWAYS,1324,WIDENING OF PACHPADRA-BAGUNDI SECTION TO 4 LANE FROM KM 73/60 TO 95/70 OF NH-25 ON EPC MODE IN THE,MoRTH,N24001528,1-2022,12/2024,Mar-25,3/2024,194.88,N.A.,194.88,104.69,75
RAJASTHAN,ROAD TRANSPORT AND HIGHWAYS,1325,44 LANE DIVIDED CARRIAGEWAY OF BARMER BYPASS OF NH-15 (NEW NH-68) IN THE STATE OF RAJASTHAN ON EPC M,MoRTH,N24001529,12-2021,8/2024,Mar-25,3/2024,451.66,N.A.,451.66,401.78,97
RAJASTHAN,ROAD TRANSPORT AND HIGHWAYS,1326,UPGRADATION TO TWO LANE PAVED SHOULDER OF KOTHUN-LALSOT-KAROLI- DHOLPUR ROAD NH-23 (OLD NH-11B) IN TH,MoRTH,N24001530,12-2021,9/2024,N.A.,3/2025,150.11,N.A.,150.11,57.83,70
RAJASTHAN,ROAD TRANSPORT AND HIGHWAYS,1327,4L GREENFIELD SPUR FROM DELHI- VADODARA GREENFIELD EXPRESSWAY NEAR BANDIKUI TO JAIPUR,NHAI,N24001557,3-2022,11/2024,Feb-25,2/2025,"1,636.15",N.A.,"1,636.15",724.06,81.86
RAJASTHAN,ROAD TRANSPORT AND HIGHWAYS,1328,4L OF KARWAR (KM. 281.980 OF NH-62 NAGAUR ROAD) TO DANGIYAVAS OF JODHPUR RING ROAD (PKG-II),NHAI,N24001558,11-2021,8/2024,Feb-25,2/2025,736.75,N.A.,736.75,226.31,84.1
RAJASTHAN,ROAD TRANSPORT AND HIGHWAYS,1329,2L PS SRIGANGANAGAR TO RAISINGHNAGAR (DESIGN CHAINAGE -0.500 KM TO DESIGN CHAINAGE 101.000 KM) (PACK,NHAI,N24001559,9-2021,6/2024,Jan-25,1/2025,672.35,N.A.,672.35,392.56,98.5
RAJASTHAN,ROAD TRANSPORT AND HIGHWAYS,1330,DEOGARH (NEAR DHANDHANIYA)- RAJASTHAN/GUJARAT BORDER (PHASE-I) (AJ/DRGB-PACKAGE-8),NHAI,N24001561,10-2019,10/2023,Jan-25,1/2025,839.63,N.A.,839.63,227.66,100
RAJASTHAN,ROAD TRANSPORT AND HIGHWAYS,1331,DEOGARH (NEAR DHANDHANIYA)- RAJASTHAN/GUJARAT BORDER (PHASE-I) (AJ/DRGB-PACKAGE-6),NHAI,N24001563,10-2019,8/2023,Jan-25,1/2025,846.59,N.A.,846.59,155.11,97.8
RAJASTHAN,ROAD TRANSPORT AND HIGHWAYS,1332,DEOGARH (NEAR DHANDHANIYA)- RAJASTHAN/GUJARAT BORDER (PHASE-I) (AJ/DRGB-PACKAGE-7),NHAI,N24001564,10-2019,7/2023,Jan-25,1/2025,662.08,N.A.,662.08,117.64,96.5
RAJASTHAN,ROAD TRANSPORT AND HIGHWAYS,1333,DELHI-VADODARA GREENFIELD ALIGNMENT (NH-148N) (PKG-11) (CH. 319.400 TO CH. 331.030) [HARDEOGANJ VILL,NHAI,N24001566,11-2019,5/2023,Jan-25,1/2025,"1,640.10",N.A.,"1,640.10","1,159.50",100
RAJASTHAN,ROAD TRANSPORT AND HIGHWAYS,1334,DELHI-VADODARA GREENFIELD ALIGNMENT (NH-148N) (PKG-10) (CH. 292.950 TO CH. 319.400) [END OF INTERCHA,NHAI,N24001567,11-2019,10/2022,Feb-25,2/2025,"1,272.97",N.A.,"1,272.97",607.10,84.03
RAJASTHAN,ROAD TRANSPORT AND HIGHWAYS,1335,DELHI-VADODARA GREENFIELD ALIGNMENT (NH-148N) (PKG-14) (CH. 388.420 TO CH. 419.000) [JUNCTION WITH N,NHAI,N24001568,11-2019,5/2023,Jan-25,1/2025,"1,119.35",N.A.,"1,119.35","1,438.04",99.8
RAJASTHAN,ROAD TRANSPORT AND HIGHWAYS,1336,DELHI-VADODARA GREENFIELD ALIGNMENT (NH-148N) (PKG-12) (CH. 331.030 TO CH. 359.170) [MAJOR BRIDGE ON,NHAI,N24001569,11-2019,3/2023,May-24,5/2024,"1,425.02",N.A.,"1,425.02","1,386.89",100
RAJASTHAN,ROAD TRANSPORT AND HIGHWAYS,1337,DELHI-VADODARA GREENFIELD ALIGNMENT (NH-148N) (PKG-13) (CH. 359.170 TO CH. 388.420) [JUNCTION WITH S,NHAI,N24001571,11-2019,12/2023,Jan-25,1/2025,"1,341.36",N.A.,"1,341.36","1,088.24",99.65
RAJASTHAN,ROAD TRANSPORT AND HIGHWAYS,1338,DELHI-VADODARA GREENFIELD ALIGNMENT (NH-148N) (PKG-09) (CH. 247.310 TO CH. 292.950) [JUNCTION WITH M,NHAI,N24001573,11-2019,12/2022,Dec-24,12/2024,"1,658.06",N.A.,"1,658.06",180.40,99.9
RAJASTHAN,ROAD TRANSPORT AND HIGHWAYS,1339,DELHI-VADODARA GREENFIELD ALIGNMENT (NH-148N) (PKG-15) (CH. 419.000 TO CH.427.300) [JUNCTION WITH NH,NHAI,N24001612,7-2020,1/2024,Sep-25,9/2025,"1,788.69",N.A.,"1,788.69",849.22,71.94
RAJASTHAN,ROAD TRANSPORT AND HIGHWAYS,1340,"CONSTRUCTION OF TWO LANE WITH PAVED SHOULDER FOR FATEHPUR BYPASS, MANDAWA BYPASS AND JHUNJHUNU BYPAS",MoRTH,N24001866,3-2022,8/2024,N.A.,6/2025,186.29,N.A.,186.29,142.69,76
RAJASTHAN,ROAD TRANSPORT AND HIGHWAYS,1341,UPGRADATION OF TWO LANE PAVED SHOULDER FROM SHAHPURA TO THANAGAZI OF NH-248A ON EPC MODE IN THE STAT,MoRTH,N24001867,3-2022,7/2024,N.A.,6/2025,174.34,N.A.,174.34,104.08,76
RAJASTHAN,ROAD TRANSPORT AND HIGHWAYS,1342,Sagwara Bypass and Garhi- Partapur Bypass of NH-927A in the State of Rajasthan.,MoRTH,N24001868,3-2022,8/2025,N.A.,2/2025,187.65,N.A.,187.65,66.57,72
RAJASTHAN,ROAD TRANSPORT AND HIGHWAYS,1343,UPGRADATION AND REHABILITATION TO TWO LANE WITH PAVED SHOULDER OF GHAGARIYA- MUNABAO SECTION FROM KM,MoRTH,N24001869,12-2022,8/2025,N.A.,8/2025,235.15,N.A.,235.15,92.69,82
SIKKIM,CIVIL AVIATION,1344,PAKYONG AIRPORT- WIDENING OF BASIC STRIP AT WESTERN SIDE OF RUNWAY CHAINAGE 80M TO 920M I/C SLOPE ST,AAI,N04000110,11-2023,6/2026,N.A.,6/2026,323.26,N.A.,323.26,11.96,6.25
SIKKIM,DEPARTMENT OF HIGHER EDUCATION,1345,"CONSTRUCTION OF SIKKIM UNIVERSITY CAMPUS PHASE-I, PACKAGE -II AT YANGANG SOUTH SIKKIM",Sikkim Universi,N44000002,8-2020,1/2025,N.A.,12/2024,314.06,N.A.,303.55,157.24,54
SIKKIM,POWER,1346,TEESTA VI HE PROJECT,NHPC,N18000325,3 - 2 0 1 9,3/2024,N.A.,12/2027,"5,748.04",N.A.,"5,748.04","3,926.72",64.71
SIKKIM,POWER,1347,RANGIT IV HE PROJECT,NHPC,N18000326,3 - 2 0 2 1,5/2024,N.A.,12/2025,938.29,N.A.,"1,828.11","1,303.49",82.55
SIKKIM,RAILWAYS,1348,"SEVOK RANGPO, NEFR",NFR,N22000102,4 - 2 0 0 8,1 2/2015,Dec-27,12/2027,"1,339.48","12,132.95","12,132.95","7,684.79",68.5
SIKKIM,ROAD TRANSPORT AND HIGHWAYS,1349,CONSTRUCTION OF 2-LANE WITH PAVED SHOULDER INCLUDING GEOMETRIC IMPROVEMENT FROM KM 0.000 TO KM 16.00,NHIDCL,N24000767,3-2017,4/2022,May-22,12/2023,375.80,N.A.,375.80,287.54,96.55
SIKKIM,ROAD TRANSPORT AND HIGHWAYS,1350,CONSTRUCTION OF 2-LANE WITH PAVED SHOULDER INCLUDING GEOMETRIC IMPROVEMENT FROM KM 16.000 TO KM 32.5,NHIDCL,N24000768,11-2017,10/2020,Aug-23,4/2024,290.05,N.A.,290.05,218.36,100
SIKKIM,ROAD TRANSPORT AND HIGHWAYS,1351,CONSTUCTION/UPGRADATION OF EXISTING HIGHWAY TO 2 LANE WITH PAVED SHOULDER FROM KM 0.00 TO KM 13.00 N,NHIDCL,N24001251,3-2019,4/2022,N.A.,1/2025,402.94,N.A.,402.94,239.34,74.78
SIKKIM,ROAD TRANSPORT AND HIGHWAYS,1352,CONSTUCTION/UPGRADATION OF EXISTING HIGHWAY TO 2 LANE WITH PAVED SHOULDER FROM KM 13.00 TO KM 25.600,NHIDCL,N24001252,8-2020,4/2023,Nov-24,3/2025,295.97,N.A.,295.97,243.94,93.89
SIKKIM,ROAD TRANSPORT AND HIGHWAYS,1353,CONSTUCTION/UPGRADATION OF EXISTING HIGHWAY TO 2 LANE WITH PAVED SHOULDER FROM KM 26.10 TO KM 40.00,NHIDCL,N24001254,3-2020,6/2022,N.A.,1/2024,242.97,N.A.,244.45,246.91,100
SIKKIM,ROAD TRANSPORT AND HIGHWAYS,1354,CONSTRUCTION AND UPGRADATION OFEXISTINGROAD TO 2-LANE WITH PAVED SHOULDER INCLUDING GEOMETRIC IMPROV,NHIDCL,N24001261,8-2020,4/2023,N.A.,10/2024,311.00,N.A.,273.78,254.48,94.53
SIKKIM,ROAD TRANSPORT AND HIGHWAYS,1355,CONSTRUCTION AND UPGRADATION OFEXISTINGROAD TO 2-LANE WITH PAVED SHOULDER INCLUDING GEOMETRIC IMPROV,NHIDCL,N24001262,7-2020,4/2023,Aug-24,3/2025,345.38,395.59,395.59,356.67,90.1
SIKKIM,ROAD TRANSPORT AND HIGHWAYS,1356,CONSTRUCTION OF 2-LANE ROAD WITH PAVED SHOULDER (GREENFIELD ALIGNMENT) OF EXISTING STRETCH BETWEEN L,NHIDCL,N24001322,9-2020,5/2022,Oct-23,3/2025,183.31,439.56,439.56,351.80,46.98
SIKKIM,ROAD TRANSPORT AND HIGHWAYS,1357,CONSTRUCTION OF 2-LANE SPECIFICATION ROAD WITH PAVED SHOULDER AS REALIGNMENT (GREENFIELD ALIGNMENT),NHIDCL,N24001325,9-2020,5/2023,Aug-24,3/2025,262.84,414.20,414.20,220.26,46.17
SIKKIM,ROAD TRANSPORT AND HIGHWAYS,1358,REHABILITATION AND UPGRADATION OF EXISTING ROAD TO 2-LANE WITH PAVED SHOULDER INCLUDING GEOMETRIC IM,NHIDCL,N24001327,8-2020,5/2022,Oct-23,3/2025,292.80,N.A.,292.80,189.05,51.7
SIKKIM,ROAD TRANSPORT AND HIGHWAYS,1359,CONSTRUCTION AND UPGRADATION OF EXISTING ROAD TO 2-LANE WITH PAVED SHOULDER FROM KM27.200 (END OF RO,NHIDCL,N24001336,8-2020,4/2023,Oct-24,6/2025,230.45,244.91,244.91,200.82,77.45
SIKKIM,ROAD TRANSPORT AND HIGHWAYS,1360,CONSTRUCTION AND UPGRADATION OF EXISTING ROAD TO 2-LANE WITH PAVED SHOULDER FROM NEW ROLEP BRIDGE AT,NHIDCL,N24001337,10-2020,11/2023,Jul-25,7/2025,493.42,478.79,478.79,277.14,42.73
SIKKIM,ROAD TRANSPORT AND HIGHWAYS,1361,CONSTRUCTION OF 2-LANE WITH PAVED SHOULDER OF NEW GREEN FIELD ALIGNMENT FROM CHOCHENPHERI AT KM 52.0,NHIDCL,N24001338,10-2020,12/2023,Jun-25,12/2025,816.79,786.60,786.60,291.42,40.8
SIKKIM,ROAD TRANSPORT AND HIGHWAYS,1362,RISHI BORDER- ROLEP- MENLA PKG- 2A,NHIDCL,N24001361,1 - 2 0 2 1,9 / 2 0 2 3,Apr-25,12/2025,332.20,N.A.,332.20,149.38,41.04
SIKKIM,ROAD TRANSPORT AND HIGHWAYS,1363,RISHI BORDER- ROLEP- MENLA PKG- 3B,NHIDCL,N24001362,1 2 - 2 0 2 0,2 / 2 0 2 4,Apr-25,6/2025,410.60,379.30,379.30,202.84,46.52
SIKKIM,ROAD TRANSPORT AND HIGHWAYS,1364,CONSTRUCTION OF 2-LANE WITH PAVED SHOULDER GANGTOK BYPASS ROAD FROM RANIPOOL TO BURTUK (L=23.316KM),MoRTH,N24001442,10-2021,5/2024,Jan-25,1/2025,385.15,N.A.,385.15,168.42,78
TAMIL NADU,CIVIL AVIATION,1365,"MODERNIZATION OF CHENNAI AIRPORT PHASE II, CHENNAI",AAI,N04000074,6-2018,2/2022,Mar-26,3/2026,"2,467.00",N.A.,"2,467.00","1,527.38",68
TAMIL NADU,CIVIL AVIATION,1366,UPGRADATION OF PASSENGER TERMINAL BUILDING AND AIRSIDE FACILITIES AT TIRUCHIRAPALLI INTERNATIONAL AI,AAI,N04000075,8-2018,10/2021,N.A.,12/2023,951.28,N.A.,"1,112.49","1,112.49",100
TAMIL NADU,CIVIL AVIATION,1367,DEVELOPMENT OF TUTICORIN AIRPORT,AAI,N04000090,6 - 2 0 1 9,3 / 2 0 2 2,Mar-25,3/2025,380.87,N.A.,455.99,336.23,96
TAMIL NADU,COAL,1368,JAWAHAR KHANI OPENCAST (JK OC) MINE,SCCL,N06000259,1 2 - 2 0 2 1,3 / 2 0 2 5,N.A.,3/2025,297.88,N.A.,297.88,45.15,20
TAMIL NADU,COAL,1369,50 MW SOLAR POWER PROJECT -NEYVELI MINED OUT AREA,NLC,N06000279,5-2023,6/2025,N.A.,4/2025,218.03,N.A.,218.03,108.84,23
TAMIL NADU,FINANCE,1370,CONSTRUCTION OF 726 Nos RESIDENTIAL QUARTERS CHENNAI,CPWD FOR FINANC,N28000109,11-2017,11/2021,N.A.,11/2022,348.77,N.A.,348.77,223.39,100
TAMIL NADU,MINES,1371,25.5 MW WIND POWER PROJECT AT KAYATHAR IN TAMILNADU,NALCO,N10000014,9-2017,6/2019,Mar-24,12/2024,166.62,163.17,163.17,135.63,65
TAMIL NADU,PETROLEUM,1372,IRUGUR-DEVANGONTHI POL PIPELINE,BPCL,N16000234,1 1 - 2 0 1 2,2 / 2 0 1 7,Oct-25,10/2025,678.00,"1,732.00","1,732.00",532.08,45.4
TAMIL NADU,PETROLEUM,1373,"SETTING UP LUBE COMPLEX AT VILLAGES AMULLAVOYAL AND VAIKKADU, CHENNAI AS RESITEMENT OF EXISTING FACI",IOCL,N16000405,10-2020,12/2023,Jan-25,1/2025,"1,398.00","1,587.00","1,587.00","1,265.66",98
TAMIL NADU,PETROLEUM,1374,CBR 9 MMTPA PROJECT,CPCL,N16000434,1 - 2 0 2 1,6 /2025,N.A.,6/2025,"31,580.00","31,580.00","36,354.00","1,281.78",10.2
TAMIL NADU,PETROLEUM,1375,"GRASS ROOT POL TERMINAL AT VALLUR, CHENNAI",IOCL,N16000438,1-2022,7/2024,Dec-24,6/2025,827.00,887.71,887.71,518.71,77.9
TAMIL NADU,PETROLEUM,1376,LAYING OF POL PIPELINES IN COMMON CORRIDOR FOR PROPOSED GRASS ROOT TERMINAL AT VALLUR (CHENNAI),IOCL,N16000455,1-2022,7/2024,May-26,5/2026,829.00,N.A.,829.00,214.79,53.83
TAMIL NADU,PETROLEUM,1377,CGD PROJECT AT DHARMAPURI AND KRISHNAGIRI DISTRICTS,IOCL,N16000486,3-2022,3/2030,N.A.,12/2030,501.00,N.A.,501.00,95.17,4.8
TAMIL NADU,PETROLEUM,1378,"CGD PROJECT AT MADURAI, THENI AND VIRUDHNAGAR DISTRICTS",IOCL,N16000490,3-2022,3/2030,Dec-30,12/2030,"1,328.00",N.A.,"1,328.00",145.53,4.8
TAMIL NADU,PETROLEUM,1379,"CGD PROJECT AT KANYAKUMARI, TUTICORIN, TIRUNVELI KATTABO AND TENKASI DISTRICTS",IOCL,N16000492,3-2022,3/2030,N.A.,12/2030,"1,295.00",N.A.,"1,295.00",144.03,5.2
TAMIL NADU,PETROLEUM,1380,CGD PROJECTS AT THE NILGIRIS AND ERODE DISTRICTS,BPCL,N16000521,12-2022,3/2030,N.A.,3/2030,"3,685.00",N.A.,"3,685.00",114.04,6.6
TAMIL NADU,RAILWAYS,1381,"EXTENSION OF MRTS FROM VELACHERY TO STN. THOMAS, MTP",MRTP,N22000028,4-2006,6/2013,Jan-25,1/2025,495.74,N.A.,734.01,631.34,98
TAMIL NADU,RAILWAYS,1382,TIDIVANAM-NAGARI (NL),SR,N22000085,9 - 2 0 0 6,,Mar-28,3/2028,582.83,"3,631.34","3,631.34",779.31,10
TAMIL NADU,RAILWAYS,1383,CHENNAI BEACH-CHENNAI EGMORE (4.3 KM) (UMBRELLA WORK PB#57/2019-20/NR),SR,N22000568,3-2022,3/2026,Jan-25,1/2025,359.60,274.20,274.20,231.05,80
TAMIL NADU,RAILWAYS,1384,MORAPPUR-DHARMAPURI,SR,N22000618,2 - 2 0 1 9,3 / 2 028,Mar-27,3/2027,358.95,N.A.,358.95,37.70,1
TAMIL NADU,RAILWAYS,1385,KARAIKAL PERALAM(23KM)-NEW LINE PROJECT,SR,N22000625,1-2019,3/2026,Jan-25,1/2025,304.22,N.A.,373.42,232.47,75
TAMIL NADU,RAILWAYS,1386,NAGAPATTINAM THIRUTURAIPUNDI (38KM)- NEW LINE PROJECT,SR,N22000626,7-2008,3/2026,Mar-27,3/2027,677.12,N.A.,788.05,129.22,18
TAMIL NADU,ROAD TRANSPORT AND HIGHWAYS,1387,CONSTRUCTION OF STRR (WEST SIDE)- NH948A-BALAGONDAPALLI (TAMIL NADU) TO KARNATAKA/TAMIL NADU BORDER F,NHAI,N24001968,4-2022,5/2025,N.A.,5/2025,"1,260.74",N.A.,"1,260.74",487.46,44.95
TAMIL NADU,ROAD TRANSPORT AND HIGHWAYS,1388,4L OF THIRUMANGALAM TO VADUGAPATTI SECTION FROM KM 0.000 TO KM 36.000 OF NH- 744,NHAI,N24002084,3-2022,2/2025,N.A.,3/2025,"1,076.97",N.A.,"1,076.97",409.16,73.2
TAMIL NADU,ROAD TRANSPORT AND HIGHWAYS,1389,CONSTRUCTION OF NEW DOUBLE TIER 4 LANE ELEVATED CORRIDOR FROM CHENNAI PORT TO MADURAVOYAL IN CHENNAI,NHAI,N24002107,3-2023,5/2026,N.A.,5/2026,"1,382.00",N.A.,"1,382.00",0.00,0
TAMIL NADU,ROAD TRANSPORT AND HIGHWAYS,1390,CONSTRUCTION OF NEW DOUBLE TIER 4L ELEVATED CORRIDOR FROM CHENNAI PORT TO MADURAVOYAL IN CHENNAI DIS,NHAI,N24002108,3-2023,5/2026,N.A.,5/2026,"1,618.96",N.A.,"1,618.96",0.00,0
TAMIL NADU,ROAD TRANSPORT AND HIGHWAYS,1391,CONSTRUCTION OF NEW DOUBLE TIER 4L ELEVATED CORRIDOR FROM CHENNAI PORT TO MADURAVOYAL IN CHENNAI DIS,NHAI,N24002109,3-2023,5/2026,N.A.,5/2026,"1,301.37",N.A.,"1,301.37",0.00,0
TAMIL NADU,ROAD TRANSPORT AND HIGHWAYS,1392,CONSTRUCTION OF NEW DOUBLE TIER 4L ELEVATED CORRIDOR FROM CHENNAI PORT TO MADURAVOYAL IN CHENNAI DIS,NHAI,N24002110,3-2023,5/2026,N.A.,5/2026,"1,207.40",N.A.,"1,207.40",0.00,0
TAMIL NADU,ROAD TRANSPORT AND HIGHWAYS,1393,FOUR LANING OF MUGAIYUR TO MARAKKANAM SECTION OF NH-332A FROM KM 31.000 TO KM 62.000,NHAI,N24002111,2-2019,12/2025,Dec-25,12/2025,825.94,"1,116.13","1,116.13",213.43,28.41
TAMIL NADU,ROAD TRANSPORT AND HIGHWAYS,1394,SIX LANING OF TUTICORIN PORT ROAD SECTION OF NH-7A (NEW NH-138) FROM KM 0.000 TO KM 6.140 [EFFECTIVE,NHAI,N24002112,3-2023,7/2024,N.A.,3/2025,200.30,N.A.,200.30,67.17,70.51
TAMIL NADU,ROAD TRANSPORT AND HIGHWAYS,1395,4L OF LEFT-OVER WORKS INCLUDING ADDITIONAL STRUCTURES FROM KERALA/TAMIL NADU BORDER TO KANYAKUMARI S,NHAI,N24002113,3-2023,8/2025,N.A.,8/2025,"1,141.78",N.A.,"1,141.78",273.01,27.39
TAMIL NADU,ROAD TRANSPORT AND HIGHWAYS,1396,4L OF VADUGAPATTI TO THERKUVENGANALLUR (RAJAPALYAM) SECTION FROM KM 36.000 TO KM 71.600 OF NH744 UND,NHAI,N24002114,2-2022,4/2025,N.A.,4/2025,"1,097.59",N.A.,"1,317.06",644.13,89.92
TAMIL NADU,ROAD TRANSPORT AND HIGHWAYS,1397,WIDENING TO 4L/4L+PS AND STRENGTHENING IN SELECTED STRETCHES FROM KM 0/8 TO 50/570 OF NH 532 INCLUD,MoRTH,N24002151,3-2022,1/2024,N.A.,7/2025,257.14,294.70,294.70,137.25,56
TAMIL NADU,ROAD TRANSPORT AND HIGHWAYS,1398,WIDENING FROM 2L+PS TO 4L/4L+PS AND IMPROVEMENTS THE SELECTED STRETHCES FROM KM 26/5 - 81/2 INCLU,MoRTH,N24002152,3-2023,11/2023,N.A.,11/2025,274.84,N.A.,274.84,188.00,85
TAMIL NADU,ROAD TRANSPORT AND HIGHWAYS,1399,"STRENGTHENING OF 2L+PS FROM KM 17/8 ? 18/2, CONSTRUCTION OF 2L+PS FROM KM 18/2 TO KM 20/0 AND CONSTR",MoRTH,N24002153,3-2023,2/2024,N.A.,8/2025,169.68,N.A.,169.68,72.62,47
TAMIL NADU,ROAD TRANSPORT AND HIGHWAYS,1400,CONSTRUCTION OF BYPASS TO MADURAI - ACHAMBATHU - VIRATIPATHU IN KM 6/850 - 10/382 OF NH 49 EXTN. (NE,MoRTH,N24002165,3-2022,8/2026,N.A.,8/2026,238.97,260.07,260.07,34.51,10
TAMIL NADU,ROAD TRANSPORT AND HIGHWAYS,1401,FOUR LANNING OF CHOLOPURAM- THANJAVUR,NHAI,N24000697,8-2017,9/2020,N.A.,12/2024,"1,176.37",N.A.,"1,176.37","1,325.06",99.5
TAMIL NADU,ROAD TRANSPORT AND HIGHWAYS,1402,4-LANNING OF STHIYATHOPU-CHOLOPURAM,NHAI,N24000708,9 - 2 0 1 7,8 / 2 0 2 0,Feb-25,2/2025,"1,227.87",N.A.,"1,227.87","1,355.22",92.65
TAMIL NADU,ROAD TRANSPORT AND HIGHWAYS,1403,FOUR LANINIG OF CHETTIKULAM TO NATHAM SECTION OF NH-785 FROM CHETTIKULUM (KM 7.300) TO NATHAM (KM. 3,NHAI,N24000826,3-2018,10/2022,Jan-25,1/2025,505.35,N.A.,837.69,376.61,99.75
TAMIL NADU,ROAD TRANSPORT AND HIGHWAYS,1404,FOUR LANING OF VILUPPURAM TO PUDHUCHERRY (DESIGN CH. KM. 00/000 TO KM. 29/000) SECTION OF NH-45A ON,NHAI,N24001428,3-2018,11/2021,Dec-24,12/2024,998.70,"1,358.32","1,358.32",917.97,97.59
TAMIL NADU,ROAD TRANSPORT AND HIGHWAYS,1405,FOUR LANING OF PUDUCHERRY (KM.29/000) TO POONDIYANKUPPAM (KM.67/000) SECTION OF NH-45A ON HAM UNDER,NHAI,N24001429,3-2018,11/2021,Dec-24,12/2024,"1,294.47","1,588.40","1,588.40",854.96,98.4
TAMIL NADU,ROAD TRANSPORT AND HIGHWAYS,1406,FOUR LANING OF POONDIYANKUPPAM (KM.67/000) TO SATTANATHAPOURAM (KM.123/800) SECTION OF NH-45A ON HAM,NHAI,N24001430,3-2018,1/2022,Dec-24,12/2024,"2,120.40","2,565.63","2,565.63","1,465.06",99.8
TAMIL NADU,ROAD TRANSPORT AND HIGHWAYS,1407,FOUR LANING OF SATTANATHAPURAM (KM.123/800) TO NAGAPATTINAM (KM.179/555) SECTION OF NH-45A ON HAM UN,NHAI,N24001431,3-2018,10/2020,Aug-25,8/2025,"1,872.68","2,661.51","2,756.09","1,275.52",54.2
TAMIL NADU,ROAD TRANSPORT AND HIGHWAYS,1408,CONSTRUCTION OF 4 LANE WITH PAVED SHOULDERS THIRUVAYARU BYPASS IN BETWEEN EXISTING KM.55/926 TO 62/6,MoRTH,N24001455,2-2022,8/2022,N.A.,10/2024,191.33,N.A.,191.33,185.78,94
TAMIL NADU,ROAD TRANSPORT AND HIGHWAYS,1409,BALANCE WORK 2-LANE WITH PAVED SHOULDERS OF NAGAPATTINAM - THANJAVUR SECTION OF NH-67 (NEW NH-83),NHAI,N24001600,10-2020,5/2023,Jan-25,1/2025,434.12,N.A.,434.12,258.89,99.3
TAMIL NADU,ROAD TRANSPORT AND HIGHWAYS,1410,4-LANING OF KAMALAPURAM - ODDANCHATRAM SECTION OF NH-209,NHAI,N24001601,1-2019,1/2023,Jun-25,6/2025,"1,051.69",N.A.,"1,051.69",564.34,78.38
TAMIL NADU,ROAD TRANSPORT AND HIGHWAYS,1411,4-LANING OF MADATHUKULAM - POLLACHI SECTION OF NH-209 (NEW NH-83),NHAI,N24001602,1-2019,12/2022,Nov-25,11/2025,"1,409.38",N.A.,"1,409.38",644.58,89.03
TAMIL NADU,ROAD TRANSPORT AND HIGHWAYS,1412,4-LANING OF ODDANCHATRAM - MADATHUKULAM SECTION OF NH-209 (NEW NH-83),NHAI,N24001603,1-2019,10/2022,Jan-25,1/2025,"1,518.53",N.A.,"1,607.54",915.40,100
TAMIL NADU,ROAD TRANSPORT AND HIGHWAYS,1413,"REMAINING WORK OF 2L+PS OF TRICHY - KARAIKUDI SECTION OF NH-210, INCLUDING TRICHY BYPASS",NHAI,N24001604,2-2019,3/2021,N.A.,1/2025,166.90,N.A.,166.90,121.94,100
TAMIL NADU,ROAD TRANSPORT AND HIGHWAYS,1414,"4-LANING OF MELUR - PILLAYARPATTI - KARAIKUDI SECTION OF NH-338, NH-36, NH- 383",NHAI,N24001605,6-2018,3/2022,N.A.,5/2025,"1,103.86",N.A.,"1,103.86",461.32,71
TAMIL NADU,ROAD TRANSPORT AND HIGHWAYS,1415,4-LANING OF VADIPPATTI - THAMARAIPATTI SECTION OF NH-744A (MADURAI RING ROAD),NHAI,N24001606,12-2018,3/2022,Jul-25,7/2025,854.94,N.A.,854.94,334.05,67.62
TAMIL NADU,ROAD TRANSPORT AND HIGHWAYS,1416,BALANCE WORKS OF FOUR LANE FROM KM 43+950 (THIRUVALLUR BYPASS) TO KM 61+470 (VEPPAMPATTU BYPASS) PAS,NHAI,N24001692,1-2022,9/2024,Feb-25,6/2025,467.99,N.A.,468.00,22.34,62.15
TAMIL NADU,ROAD TRANSPORT AND HIGHWAYS,1417,FOUR LANING OF NERALURU TO THORAPALLI AGRAHARAM SECTION OF NH-844 (PKG-I) FROM KM.0+000 TO KM.23+350,NHAI,N24001693,9-2021,10/2024,N.A.,10/2024,"1,751.18",N.A.,"1,757.27",49.69,0
TAMIL NADU,ROAD TRANSPORT AND HIGHWAYS,1418,FOUR LANING OF THORAPALLI AGRAHARAM TO JITTANDAHALLI SECTION OF NH-844 (PKG- II) FROM KM.23+350 TO KM,NHAI,N24001694,2-2019,12/2023,Dec-24,12/2024,"1,243.57",N.A.,"1,243.57",171.63,0
TAMIL NADU,ROAD TRANSPORT AND HIGHWAYS,1419,FOUR LANING OF JITTANDAHALLI TO DHARMAPURI SECTION OF NH-844 (PKG-III) FROM KM.60+100 TO KM.94+460,NHAI,N24001696,2-2019,8/2023,Dec-24,12/2024,"1,291.37",N.A.,"1,291.37",215.02,0
TAMIL NADU,ROAD TRANSPORT AND HIGHWAYS,1420,THOPPUR METTUR BHAVANI ERODE SECTION OF NH 544H FOR A LENGTH OF 85 KM,NHAI,N24001716,7-2022,8/2023,Dec-24,12/2024,186.50,242.40,242.40,16.70,95
TAMIL NADU,ROAD TRANSPORT AND HIGHWAYS,1421,BANGALORE CHENNAI EXPRESSWAY PHASE- III PACKAGE III (ARAKKONAM TO KANCHEEPURAM) FROM KM 204.500 TO K,NHAI,N24001717,11-2020,8/2024,N.A.,12/2025,"1,155.49","1,525.10","1,525.10",485.62,52.41
TAMIL NADU,ROAD TRANSPORT AND HIGHWAYS,1422,BANGALORE CHENNAI EXPRESSWAY PHASE- III PACKAGE II (WALAJAHPET TO ARAKKONAM) FROM KM 180.000 TO KM 2,NHAI,N24001718,12-2020,7/2024,N.A.,6/2025,843.48,"1,068.60","1,068.60",389.23,90
TAMIL NADU,ROAD TRANSPORT AND HIGHWAYS,1423,4L BANGALORE-CHENNAI EXPRESSWAY FROM KM. 230.000 TO KM. 261.705 OF KANCHEPURAM TO SRIPERUMBUDUR SECT,NHAI,N24001719,2-2021,7/2024,N.A.,9/2025,"2,948.31","3,605.73","3,605.73",728.20,67.15
TAMIL NADU,ROAD TRANSPORT AND HIGHWAYS,1424,BANGALORE CHENNAI EXPRESSWAY PHASE- III ? PACKAGE I (GUDIPALA TO WALAJAJHPET) FROM KM 156.000 TO KM 1,NHAI,N24001720,10-2020,5/2024,N.A.,6/2025,"1,023.91","1,438.62","1,438.62",574.44,76.02
TAMIL NADU,ROAD TRANSPORT AND HIGHWAYS,1425,FOUR LANING OF MAMALLAPURAM TO MUGAIYUR SECTION OF NH332A FROM KM 0.000 TO KM 31.000,NHAI,N24001721,2-2019,5/2024,Aug-25,8/2025,"1,008.99","1,360.53","1,360.53",169.75,40.61
TAMIL NADU,ROAD TRANSPORT AND HIGHWAYS,1426,6L OF MADURAVOYAL TO SRIPERUMBUDUR SECTION FROM KM. 13.800 TO KM. 37.000 OF NH-4 THROUGH STATE HIGH,NHAI,N24001722,11-2021,2/2023,N.A.,1/2025,463.44,463.07,463.44,331.22,98.5
TAMIL NADU,ROAD TRANSPORT AND HIGHWAYS,1427,KARAIPETTAI TO WALAJAPET FROM KM 71.015 TO 107.091,NHAI,N24001723,10-2018,2/2021,N.A.,4/2025,707.90,766.51,766.51,475.43,84.15
TAMIL NADU,ROAD TRANSPORT AND HIGHWAYS,1428,6L OF SRIPERUMBUDUR TO KARAIPETTAI FROM KM 37.000 TO KM 71.015 OF NH 48,NHAI,N24001725,1-2019,5/2021,N.A.,1/2025,819.89,"1,314.82",922.85,394.75,57.32
TAMIL NADU,ROAD TRANSPORT AND HIGHWAYS,1429,CONSTRUCTION OF BYPASS TO GUDIYATHAM TOWN IN KM 23/100 ? 29/250 INCLUDING LA AND SHIFTING OF NH-234,MoRTH,N24001828,1-2022,11/2024,N.A.,11/2024,221.03,243.95,243.95,140.41,75
TAMIL NADU,ROAD TRANSPORT AND HIGHWAYS,1430,FOUR LANING OF OTTANCHATRAM TO PALANI SECTION FROM KM 30/700 TO KM 55/000 OF NH 209(NEW NH-83) INCLU,MoRTH,N24001829,10-2022,11/2024,N.A.,11/2024,172.15,N.A.,172.15,120.23,91
TELANGANA,CIVIL AVIATION,1431,"CO CIVIL AVIATION REASEARCH ORG. (PH-II) AT BEGUMPET AIRPORT, HYDRABAD",AAI,N04000086,5-2020,5/2022,Jun-23,6/2023,353.61,N.A.,353.61,303.22,100
TELANGANA,COAL,1432,KAKATIYAKHANI OPENCAST III PROJECT PHASE-1,SCCL,N06000161,3-2017,3/2022,N.A.,3/2025,413.84,N.A.,413.84,381.58,60
TELANGANA,COAL,1433,GODAVARIKHANI COAL MINE,SCCL,N06000202,7 - 2 0 1 9,3 / 2 023,N.A.,3/2025,438.98,N.A.,438.98,165.45,68
TELANGANA,COAL,1434,VENKATESH KHANI COAL MINE,SCCL,N06000204,1 0 - 2 0 2 0,3 / 2 0 23,N.A.,3/2026,484.51,N.A.,484.51,281.16,30
TELANGANA,COAL,1435,RCE OF RAMAGUNDAM OPENCAST II EXTENSION PROJECT,SCCL,N06000210,11-2015,3/2023,N.A.,3/2025,489.62,N.A.,489.62,405.54,70
TELANGANA,COAL,1436,RCE OF INDARAM OPENCAST PROJECT,SCCL,N06000211,8 - 2 0 1 7,3 / 2 0 2 1,N.A.,3/2025,349.28,N.A.,424.81,401.56,80
TELANGANA,COAL,1437,RCE OF KALYANIKHANI OPENCAST PROJECT,SCCL,N06000213,3 - 2 0 1 6,3 / 2 0 2 0,N.A.,3/2025,384.32,N.A.,384.32,247.36,75
TELANGANA,COAL,1438,RCE OF KAKATHIYAKHANI OC - 2 PROJECT,SCCL,N06000214,8 - 2 0 1 7,3 / 2 0 2 0,N.A.,3/2025,442.42,N.A.,442.42,201.29,63
TELANGANA,COAL,1439,GOLETI OPENCAST MINE,SCCL,N06000258,7 - 2 0 2 1,3 /2026,N.A.,3/2026,345.60,N.A.,345.60,56.00,18
TELANGANA,HEALTH AND FAMILY WELFARE,1440,ESTABLISHMENT OF NATIONAL ANIMAL RESOURCE FACILITY FOR BIOMEDICAL RESEARCH AT HYDERABAD,CPWD FOR HEALTH,N28000098,10-2016,3/2020,Jan-25,1/2025,209.84,281.05,281.05,251.95,97.5
TELANGANA,HEALTH AND FAMILY WELFARE,1441,"COMPREHENSIVE PLANNING, DESIGNING, EXECUTION OF ALL INDIA INSTITUTE OF MEDICAL SCIENCES AT BIBINAGAR",HITES,N21000031,12-2018,7/2024,N.A.,3/2025,"1,110.55",N.A.,"1,110.55",679.84,79.51
TELANGANA,POWER,1442,TELANGANA SUPER THERMAL POWER PROJECT PHASE I,NTPC,N18000212,1-2016,11/2020,N.A.,2/2024,"10,598.98",N.A.,"10,998.00","10,437.71",100
TELANGANA,RAILWAYS,1443,MANOHARABAD-KOTHPALL NEW LINE(SCR),SCR,N22000032,4 - 2 0 0 6,3 / 2 0 1 0,N.A.,3/2025,"1,160.48",N.A.,"3,014.00","1,413.39",0
TELANGANA,ROAD TRANSPORT AND HIGHWAYS,1444,WIDENING AND STRENGTHENING OF EXISTING 2 LANE WITH PAVED SHOULDER TO 4 LANE WITH PAVED SHOULDER FRO,MoRTH,N24002000,3-2021,7/2024,N.A.,8/2024,317.19,N.A.,317.19,164.72,67
TELANGANA,ROAD TRANSPORT AND HIGHWAYS,1445,WIDENING TO 2 LANE WITH PAVED SHOULDERS OF MEDAK - SIDDIPET SECTION FROM KM 0/0 TO KM 69/978 OF NH-,MoRTH,N24002001,1-2022,1/2025,N.A.,6/2025,882.18,N.A.,882.18,265.01,63.55
TELANGANA,ROAD TRANSPORT AND HIGHWAYS,1446,WIDENING AND IMPROVEMENT OF EXISTING CARRIAGE WAY TO 2 LANE WITH PAVED SHOULDERS FROM KM. 86/160 TO,MoRTH,N24002002,1-2022,12/2024,N.A.,12/2024,423.48,N.A.,423.48,209.20,68.61
TELANGANA,ROAD TRANSPORT AND HIGHWAYS,1447,REHABILITATION AND UP-GRADATION OF VALIGONDA TO THORRUR SECTION TO TWO LANE WITH PAVED SHOULDERS FRO,MoRTH,N24002003,1-2022,12/2024,N.A.,3/2025,549.28,N.A.,549.28,196.70,61.99
TELANGANA,ROAD TRANSPORT AND HIGHWAYS,1448,REHABILITATION AND UPGRADATION OF LB- NAGAR TO MALKAPUR SECTION TO 6-LANE MAIN CARRIAGEWAY WITH SERVI,MoRTH,N24002004,3-2021,7/2024,N.A.,6/2025,545.11,N.A.,545.11,304.76,69.9
TELANGANA,ROAD TRANSPORT AND HIGHWAYS,1449,WIDENING TO TWO LANE WITH PAVED SHOULDERS OF 'BODHAN BASAR BHAINSA ' SECTION FROM KM 38/900 TO 95/3,MoRTH,N24002005,3-2022,3/2025,N.A.,6/2025,644.45,N.A.,644.45,239.30,73.8
TELANGANA,ROAD TRANSPORT AND HIGHWAYS,1450,"ONSTRUCTION OF 4-LANE FLYOVER AT AMBERPET-X ROAD, HYDERABAD ON NH-202 IN THE STATE OF TELANGANA",MoRTH,N24002006,10-2017,6/2023,N.A.,12/2024,186.71,N.A.,186.71,184.20,88.11
TELANGANA,ROAD TRANSPORT AND HIGHWAYS,1451,WIDENING TO TWO LANE WITH PAVED SHOULDERS FROM KM 0/000 TO KM 79/300 OF KALWAKURTHY - KOLLAPUR SECTI,MoRTH,N24002007,3-2022,7/2025,N.A.,7/2025,886.69,N.A.,886.69,168.83,49.71
TELANGANA,ROAD TRANSPORT AND HIGHWAYS,1452,WIDENING TO 2 LANE WITH PAVED SHOULDERS OF SIDDIPET-ELKATHURTHY SECTION FROM KM 69/978 TO KM 133/6,MoRTH,N24002008,1-2022,12/2024,N.A.,12/2024,578.85,N.A.,578.85,196.36,76.92
TELANGANA,ROAD TRANSPORT AND HIGHWAYS,1453,WIDENING AND STRENGTHENING TO 2/4 LANE WITH PAVED SHOULDERS OF MAHABUBNAGAR ? CHINCHOLI SECTION FROM,MoRTH,N24002009,1-2022,1/2025,N.A.,7/2025,703.68,N.A.,703.68,265.80,54.91
TELANGANA,ROAD TRANSPORT AND HIGHWAYS,1454,WIDENING AND STRENGTHENING TO 4 LANE / 2-LANE WITH PAVED SHOULDERS OF MAHABUBNAGAR-CHINCHOLI SECTION,MoRTH,N24002010,3-2022,3/2024,N.A.,10/2025,631.49,N.A.,631.49,58.81,17.65
TELANGANA,ROAD TRANSPORT AND HIGHWAYS,1455,IMPROVEMENT OF GEOMETRICS OF THONDUPALLY TO KOTHUR FROM KM 22.300 TO KM 34.14 OF NH-44-RCW,NHAI,N24002082,2-2022,9/2024,N.A.,1/2026,541.58,N.A.,541.58,20.82,0
TELANGANA,ROAD TRANSPORT AND HIGHWAYS,1456,FOUR LANING OF KARIMNAGAR-WARANGAL SECTION OF NH-563 FROM DESIGN CH.48.860 KM NEAR SH-1 CH.170.400 K,NHAI,N24002083,3-2022,7/2025,N.A.,7/2025,"2,146.86","2,413.00","2,414.46",828.86,59.91
TELANGANA,ROAD TRANSPORT AND HIGHWAYS,1457,CONSTRUCTION OF 4-LANE ACCESS CONTROLLED GREENFIELD HIGHWAY SECTION ON NH-163G (KHAMMAM- VIJAYAWADA),NHAI,N24002190,3-2023,8/2026,N.A.,8/2026,983.00,N.A.,983.00,0.00,0
TELANGANA,ROAD TRANSPORT AND HIGHWAYS,1458,REHABILITATION AND UPGRADATION OF NH - 565 FROM KM 1.00 TO 86.057 (NAKREKAL TO NAGARJUNSAGAR DAM SECT,MoRTH,N24000245,1-2014,3/2016,Sep-19,9/2019,270.00,N.A.,270.00,0.00,72.15
TELANGANA,ROAD TRANSPORT AND HIGHWAYS,1459,REHABILITATION AND UPGRADATION OF NH- 221 FROM KM 121/0 TO 165/00 (OF VIJAYAWADA-JAGDALPUR RUDRAMPUR,MoRTH,N24000247,10-2014,2/2017,Dec-22,3/2025,295.47,N.A.,295.47,224.42,98.51
TELANGANA,ROAD TRANSPORT AND HIGHWAYS,1460,EPC- CORRIDOR APPROACH WORKS - NH (O): WIDENING EXISTING 2 LANE TO 2 LANE WITH PAVED SHOULDERS IN KM,MoRTH,N24000248,3-2015,1/2017,N.A.,12/2023,153.21,N.A.,153.21,101.15,93.11
TELANGANA,ROAD TRANSPORT AND HIGHWAYS,1461,WIDEINING TO TWO/FOUR LANE WITH PAVED SHOULDERS FROM EXISTING KM 182.120 TO KM 227.600 OF NH-167 ON,MoRTH,N24000980,10-2016,2/2019,Jun-22,8/2024,298.32,N.A.,298.32,178.47,98
TELANGANA,ROAD TRANSPORT AND HIGHWAYS,1462,WIDEINING TO TWO/FOUR LANE WITH PAVED SHOULDERS FROM EXISTING KM 180.60 TO KM 223.00 OF NH-63 ON NIZ,MoRTH,N24000981,10-2016,3/2019,Apr-23,8/2024,248.83,N.A.,248.83,173.82,100
TELANGANA,ROAD TRANSPORT AND HIGHWAYS,1463,WIDENING TO TWO LANE WITH PAVED SHOULDERS FROM KM 40/410 TO KM 84/037OF THIRUMALAGIRI TO SURYAPET SE,MoRTH,N24000982,1-2017,5/2019,Aug-19,8/2019,244.54,N.A.,244.54,176.32,99.9
TELANGANA,ROAD TRANSPORT AND HIGHWAYS,1464,WIDENING TO TWO LANE WITH PAVED SHOULDERS FROM KM 0/970 TO KM 40/410 OF JANAGAON-THIRUMALAGIRI OF NH,MoRTH,N24000983,1-2017,10/2019,Oct-19,2/2024,196.52,N.A.,196.52,125.53,95.7
TELANGANA,ROAD TRANSPORT AND HIGHWAYS,1465,WIDENING TO TWO LANE WITH PAVED SHOULDERS FROM KM 15.525 TO KM 62.880 OF JADCHERLA-KALWAKURTHY SECTI,MoRTH,N24000984,1-2017,12/2019,Dec-19,12/2019,283.00,N.A.,283.00,259.15,99.3
TELANGANA,ROAD TRANSPORT AND HIGHWAYS,1466,WIDENING TO TWO LANE WITH PAVED SHOULDERS FROM KM 67.00 TO 114.425 OF KALWAKURTHY-MALLEPALLY SECTION,MoRTH,N24000986,1-2017,5/2019,Jul-21,1/2024,300.00,N.A.,300.00,243.36,96.05
TELANGANA,ROAD TRANSPORT AND HIGHWAYS,1467,6 LANING FROM KM 9.90 TO KM 19.948 (ARAMGARH-SAMSHABAD SECTION) OF HYDERABAD-SAMSHABAD SECTION OF NH,MoRTH,N24000987,1-2018,5/2020,Dec-22,8/2024,283.15,N.A.,283.15,279.54,92.59
TELANGANA,ROAD TRANSPORT AND HIGHWAYS,1468,WIDENING AND STRENGTHENING OF EXISTING 2-LANE TO 2-LANE WITH PAVED SHOULDERS FROM KM.159/0 TO 165/4,MoRTH,N24000988,1-2018,12/2019,Nov-20,11/2020,230.03,N.A.,230.03,231.64,99.9
TELANGANA,ROAD TRANSPORT AND HIGHWAYS,1469,WIDENING AND STRENGTHENING OF EXISTING CARRIAGEWAY IN 2 LANE WITH PAVED SHOULDERS FROM KM.25/0 TO 59,MoRTH,N24000989,2-2018,6/2020,Jan-21,1/2021,206.13,N.A.,206.13,190.94,98.36
TELANGANA,ROAD TRANSPORT AND HIGHWAYS,1470,REHABILITATION AND UPGRADATION OF NH- 167 FROM DESIGN KM.113.900 TO 154.479 (MALLEPALLY - HALIYA SECT,MoRTH,N24000990,2-2018,11/2019,Mar-22,1/2024,294.13,N.A.,294.13,200.10,87.44
TELANGANA,ROAD TRANSPORT AND HIGHWAYS,1471,REHABILITATION AND UPGRADATION OF NH- 167 FROM DESIGN KM.187.723 TO 234.434 (MIRYALAGUDA TO KODAD SEC,MoRTH,N24000993,3-2018,9/2020,Jun-22,6/2023,322.81,N.A.,322.81,317.06,98.09
TELANGANA,ROAD TRANSPORT AND HIGHWAYS,1472,CONSTRUCTION OF SIX LANE ELEVATED CORRIDOR FROM KM.7.950 (UPPAL) TO KM.14.200 OF NH-163 TO DE-CONGES,MoRTH,N24000994,3-2018,7/2020,Jun-24,2/2026,626.76,N.A.,626.76,282.78,44.3
TELANGANA,ROAD TRANSPORT AND HIGHWAYS,1473,REHABILITATION AND UP-GRADATION TO TWO LANE WITH PAVED SHOULDERS FROM KM 0/0 TO 72/6 OF NH-365 (NAKR,MoRTH,N24000996,1-2017,10/2019,Oct-19,6/2021,605.08,N.A.,605.08,416.45,99.84
TELANGANA,ROAD TRANSPORT AND HIGHWAYS,1474,REHABILITATION AND UP GRADATION FROM KM. 121/0 TO 154/0 OF NAKAREKAL ? MALLAMPALLY SECTION OF NH-365,MoRTH,N24000997,3-2018,7/2019,Jun-22,8/2024,192.67,N.A.,192.67,176.37,92
TELANGANA,ROAD TRANSPORT AND HIGHWAYS,1475,WIDENING AND STRENGTHENING/ RECONSTRUCTION OF EXISTING PAVEMENT TO FOUR ALNE WITH PAVED SHOULDERS FR,MoRTH,N24000998,1-2019,,Jan-23,8/2024,193.19,249.72,249.72,230.79,95
TELANGANA,ROAD TRANSPORT AND HIGHWAYS,1476,KHAMMAM-DEVARAPALLE PKG I [4L ACCESS CONTROLLED (GREENFIELD) FROM THALLAMPADU VILLAGE TO SOMAVARAM,NHAI,N24001482,8-2022,10/2024,N.A.,10/2024,772.11,N.A.,772.11,465.44,64.6
TELANGANA,ROAD TRANSPORT AND HIGHWAYS,1477,KHAMMAM DEVARAPALLE PKG II 4L ACCESS CONTROLLED (GREENFIELD) FROM SOMAVARAM VILLAGE TO CHINTAGUDEM V,NHAI,N24001483,2-2022,9/2024,N.A.,9/2024,637.11,N.A.,637.11,333.80,72.72
TELANGANA,ROAD TRANSPORT AND HIGHWAYS,1478,KHAMMAM-DEVARAPALLE PKG III [4L ACCESS CONTROLLED (GREENFIELD) FROM CHINTAGUDEM VILLAGE TO RECHERLA,NHAI,N24001484,9-2022,2/2024,Dec-24,12/2024,804.69,N.A.,804.69,422.31,71
TELANGANA,ROAD TRANSPORT AND HIGHWAYS,1479,4L OF KODAD (DESIGN KM 0.00/EXISTING KM 185.00 OF NH-65) TO KHAMMAM (DESIGN KM 31.800/EXISTING KM 29,NHAI,N24001522,1-2021,1/2024,Dec-24,12/2024,"1,307.95",N.A.,"1,307.95",638.32,98.06
TELANGANA,ROAD TRANSPORT AND HIGHWAYS,1480,"6 LANING OF EXISTING 4-LANE STRETCH FROM KALKALLU AT KM.454+000 TO GUNDLA POCHAMPALLY AT KM.471+000,",NHAI,N24001555,3-2022,1/2025,N.A.,1/2025,955.49,N.A.,955.49,185.35,29.91
TELANGANA,ROAD TRANSPORT AND HIGHWAYS,1481,6L OF EXISTING 4L FROM GUNDLAPOCHAMPALLY TO BOWENPALLY FROM KM 471.300 TO KM 481.331 OF NH-44,NHAI,N24001556,12-2021,7/2024,N.A.,7/2024,521.53,N.A.,521.53,229.08,45.01
TELANGANA,ROAD TRANSPORT AND HIGHWAYS,1482,6L ACCESS CONTROLLED GREENFIELD HIGHWAY OF JULEKAL VILLAGE TO DINNEDEVARAPADU VILLAGE FROM KM 242.20,NHAI,N24001625,1-2022,1/2025,N.A.,7/2025,"1,227.57",N.A.,"1,227.57",288.58,37.05
TELANGANA,ROAD TRANSPORT AND HIGHWAYS,1483,6L ACCESS CONTROLLED GREENFIELD HIGHWAY OF NANDINNE VILLAGE TO JULEKAL VILLAGE FROM KM 202.900 TO KM,NHAI,N24001626,2-2022,1/2025,N.A.,1/2025,972.06,N.A.,972.06,368.38,50.32
TRIPURA,PETROLEUM,1484,"GRASS ROOT RAIL FED DEPOT AT SEKERKOTE, AGARTALA AS RESITEMENT OF EXISTING DHARMANAGAR DEPOT",IOCL,N16000495,6-2022,8/2025,Sep-25,9/2025,656.00,N.A.,656.00,359.77,69.6
TRIPURA,ROAD TRANSPORT AND HIGHWAYS,1485,IMPROVEMENT AND WIDENING TO 2-LANE WITH EARTHEN PAVED SHOULDER FROM UDAIPUR TO SRIMANTAPUR,NHIDCL,N24001914,5-2023,11/2024,N.A.,2/2025,195.95,N.A.,195.95,21.27,24.75
TRIPURA,ROAD TRANSPORT AND HIGHWAYS,1486,4 LANE WITH PAVED SHOULDER AGARTALA BYPASS (WESTERN SIDE) CONNECTING NH-8,NHIDCL,N24002132,3-2023,3/2027,N.A.,3/2027,"2,026.05",N.A.,"2,026.05",0.00,3.12
TRIPURA,ROAD TRANSPORT AND HIGHWAYS,1487,REHABILITATION AND UP-GRADATION OF ROAD FROM DESIGN KM 25.250 TO KM 36.460 (TOTAL LENGH: 11.210 KM),NHIDCL,N24002159,2-2020,3/2026,N.A.,3/2026,174.43,N.A.,174.43,0.00,0.04
TRIPURA,ROAD TRANSPORT AND HIGHWAYS,1488,IMPROVEMENT AND WIDENING TO 2-LANE WITH PAVED SHOULDER OF ROAD FROM KM 101.300 TO KM 127.319 (TOTAL,NHIDCL,N24002160,1-2024,7/2026,N.A.,7/2026,431.78,N.A.,431.78,0.00,3
TRIPURA,ROAD TRANSPORT AND HIGHWAYS,1489,KHOWAI ?TELIAMURA-AMARPUR-HARINA- SABROOM PACKAGE-2,NHIDCL,N24002161,1-2024,9/2026,N.A.,9/2026,657.21,N.A.,657.21,8.31,5
TRIPURA,ROAD TRANSPORT AND HIGHWAYS,1490,KHOWAI ?TELIAMURA-AMARPUR-HARINA- SABROOM PACKAGE-3,NHIDCL,N24002162,1-2024,9/2026,N.A.,9/2026,670.90,N.A.,670.90,0.00,0
TRIPURA,ROAD TRANSPORT AND HIGHWAYS,1491,CHAMPAK NAGAR TO KHAYERPUR SECTION (DESIGN KM 242+500 TO KM 261+610),NHIDCL,N24002205,12-2023,9/2026,N.A.,9/2026,920.66,N.A.,920.66,0.00,3.1
TRIPURA,ROAD TRANSPORT AND HIGHWAYS,1492,REHABILITATION AND UPGRADATION OF ROAD FROM KM 0.00 TO KM 18.600 OF KUMARGHAT-KAILASHAHAR SECTION,NHIDCL,N24001263,6-2020,1/2022,Feb-24,12/2024,277.50,302.02,302.02,253.50,99.94
TRIPURA,ROAD TRANSPORT AND HIGHWAYS,1493,KAILASHAHAR TO KHOWAI PKG-4,NHIDCL,N24001309,1 1 - 2 0 2 0,6 / 2 0 2 2,Oct-23,11/2024,159.13,171.50,171.50,84.33,100
TRIPURA,ROAD TRANSPORT AND HIGHWAYS,1494,2-LANING FROM JOLAIBARI - BELONIA,NHIDCL,N24001317,6 - 2 0 2 0,1 / 2 0 2 2,Jul-24,11/2024,201.99,287.47,287.47,144.07,96
TRIPURA,ROAD TRANSPORT AND HIGHWAYS,1495,MANU-SIMLUNG ( PKG 4),NHIDCL,N24001363,3 - 2 0 2 1,1 2/2022,Jun-23,1/2025,354.79,N.A.,354.79,34.08,17
TRIPURA,ROAD TRANSPORT AND HIGHWAYS,1496,2 LANING FROM MANU-SIMLUNG PKG-2,NHIDCL,N24001542,2 - 2 0 2 2,1 / 2 0 2 5,N.A.,5/2025,456.88,N.A.,456.88,101.38,42.27
UTTAR PRADESH,CIVIL AVIATION,1497,"CCS INTERNATIONAL AIRPORT , LUCKNOW",AAI,N04000077,6 - 2 0 1 8,9 / 2 0 2 1,Oct-26,10/2026,"1,383.00","1,938.00","3,291.81","2,526.09",76.74
UTTAR PRADESH,CIVIL AVIATION,1498,DEVELOPMENT OF AYODHYA AIRPORT PHASE-01,AAI,N04000094,3-2021,12/2022,Mar-25,3/2025,242.14,328.00,358.00,339.12,99.9
UTTAR PRADESH,CIVIL AVIATION,1499,"PRAYAGRAJ AIRPORT - CONSTRUCTION OF NEW TERMINAL BUILDING, SECOND LINK TAXI TRACK, APRON EXPANSION,",AAI,N04000102,5-2023,11/2024,Jun-25,6/2025,185.75,274.38,274.38,136.96,76
UTTAR PRADESH,CIVIL AVIATION,1500,AGRA: DEVELOPMENT OF NEW CIVIL ENCLAVE AT AGRA AIRPORT.,AAI,N04000113,6-2024,7/2026,N.A.,7/2026,579.00,N.A.,579.00,0.00,4.5
UTTAR PRADESH,CIVIL AVIATION,1501,"VARANASI: DEVELOPMENT OF LAL BAHADUR SHASTRI INTERNATIONAL AIRPORT, VARANASI.",AAI,N04000114,7-2024,7/2027,N.A.,7/2027,"2,869.65",N.A.,"2,869.65",24.51,3
UTTAR PRADESH,COAL,1502,NEYVELI UTTAR PRADESH POWER PROJECT LIMITED 1980 MW,NLC,N06000152,7-2016,11/2021,Jun-25,6/2025,"17,237.00","21,780.94","21,780.94","19,230.70",88.15
UTTAR PRADESH,COAL,1503,KHADIA EXPANSION OCP,NCL,N06000208,6 - 2 0 2 1,3 /2025,N.A.,3/2025,491.67,N.A.,491.67,65.21,13.27
UTTAR PRADESH,HOME AFFAIRS,1504,CONSTRUCTION OF 683 VARIOUS TYPE FAMILY QUARTERS AT GROUP CENTRE CRPF CHANDAULI,CPWD FOR MHA,N45000003,5-2019,1/2022,Mar-23,3/2023,199.31,N.A.,199.31,86.49,85
UTTAR PRADESH,PETROLEUM,1505,60 KTA POLYPROPYLENE PROJECT,GAIL,N16000429,3 - 2 0 1 9,4 / 2 0 2 4,Apr-24,3/2025,910.56,"1,299.02","1,299.02",873.40,93
UTTAR PRADESH,PETROLEUM,1506,AUGMENTATION OF FACILITIES AT MATHURA BITUMEN PLANT,IOCL,N16000505,4-2022,4/2025,Dec-26,12/2026,260.12,N.A.,260.12,1.03,19.6
UTTAR PRADESH,PETROLEUM,1507,GRASS-ROOT TERMINAL AT MIRZAPUR UTTAR PRADESH,IOCL,N16000506,9-2022,6/2026,N.A.,11/2026,980.45,N.A.,980.45,143.76,38.9
UTTAR PRADESH,PETROLEUM,1508,"CITY GAS DISTRIBUTION PROJECTS AT LAKHIMPUR KHERI , SITAPUR, BAHRAICH, SHRAVASTI,BALRAMPUR,",BPCL,N16000525,12-2022,6/2030,N.A.,6/2030,"16,654.00",N.A.,"16,654.00",326.07,5.2
UTTAR PRADESH,POWER,1509,KHURJA SUPER THERMAL POWER PROJECT,THDCIL,N18000272,3 - 2 0 1 9,9 / 2 0 2 3,N.A.,3/2025,"11,089.42",N.A.,"13,276.16","11,602.35",93.5
UTTAR PRADESH,POWER,1510,"SINGRAULI SUPER THERMAL POWER PROJECT, STAGE-III (2X800 MW)",NTPC,N18000382,3-2024,2/2030,N.A.,2/2030,"17,195.31",N.A.,"17,195.31",531.00,0
UTTAR PRADESH,RAILWAYS,1511,VARANASI-MODHOSINGH-ALLAHABAD DOUBLING,RVNL,N22000401,4-2015,3/2022,N.A.,12/2024,943.60,N.A.,"2,018.23","1,780.22",0
UTTAR PRADESH,RAILWAYS,1512,RAMNA - SINGRAULI DOUBLING,ECR,N22000417,8 - 2 0 1 5,3 / 2 0 20,N.A.,9/2024,"2,436.21","2,880.40","2,880.40","2,977.99",90
UTTAR PRADESH,RAILWAYS,1513,KARAILA ROAD - SHAKTINAGAR DOUBLING,ECR,N22000419,8 - 2 0 1 5,3 / 2 0 1 9,N.A.,8/2024,528.57,762.97,762.97,797.28,90
UTTAR PRADESH,RAILWAYS,1514,BURHWAL - GONDA - 3RD RUNNING LINE.,NER,N22000468,4 - 2 0 1 6,,N.A.,9/2025,602.50,N.A.,"1,069.29",959.49,48
UTTAR PRADESH,RAILWAYS,1515,"SHAHGANJ-BHATNI-PHEPHNA-INDARA, MAU- SHAHGANJ (EXCL. MAU-INDARA) PATCH DOUBLING.",NER,N22000470,4-2016,12/2019,N.A.,3/2025,"1,177.96",N.A.,"2,025.00","2,009.01",80
UTTAR PRADESH,RAILWAYS,1516,JHANSI MANIKPUR AND KHAIRAR BHIMSEN DOUBLING,NCR,N22000495,3-2018,3/2023,N.A.,3/2027,"4,329.53",N.A.,"4,329.53","1,496.51",32
UTTAR PRADESH,RAILWAYS,1517,JHANSI BINA DOUBLING,NCR,N22000496,9 - 2 0 1 6,3/2021,Mar-27,3/2027,"2,001.00",N.A.,"2,001.00","1,683.39",85
UTTAR PRADESH,RAILWAYS,1518,MATHURA-JHANSI-3RD LINE (273.80 KM),RVNL,N22000501,6 - 2 0 1 6,1 2 / 2 0 2 3,N.A.,12/2024,"3,677.76",N.A.,"5,190.26","5,046.07",0
UTTAR PRADESH,RAILWAYS,1519,SURFACE TRIANGLE LINE BETWEEN BHADURA STATION AND NEW CROSSING STN KARMA DOUBLING,ECR,N22000525,10-2022,10/2027,N.A.,10/2027,199.96,N.A.,199.96,55.09,0
UTTAR PRADESH,RAILWAYS,1520,MUGHALSARAI - ALLAHABAD - 3RD LINE,NCR,N22000544,8 - 2 0 1 9,1 2 / 2 0 2 6,N.A.,12/2026,"2,390.00",N.A.,"2,390.00",83.10,55
UTTAR PRADESH,RAILWAYS,1521,ALIGARH-HARDUAGANJ FLYOVER (22 KM),NCR,N22000545,4 - 2 0 2 0,6 / 2 0 2 6,N.A.,6/2026,"1,456.89","1,244.13","1,456.89",0.00,8
UTTAR PRADESH,RAILWAYS,1522,LALITPUR - BIRARI WITH FLYOVER AT LALITPUR,NCR,N22000546,3-2017,12/2024,Jun-25,6/2025,260.00,356.00,356.00,159.93,50
UTTAR PRADESH,RAILWAYS,1523,ALIGARH-DAUD KHAN - 3RD LINE 6.9 KM AND CONSTRUCTION OF FLYOVER AT DAUD KHAN,NCR,N22000562,4-2019,12/2025,N.A.,12/2025,451.99,779.49,779.49,0.00,30
UTTAR PRADESH,RAILWAYS,1524,ALLAHABAD-BAMHRAULI - 4TH LINE (10 KM) WITH FLY-OVER AT SUBEDARGANJ,NCR,N22000563,4-2019,3/2026,N.A.,3/2026,494.11,N.A.,494.11,42.61,42
UTTAR PRADESH,RAILWAYS,1525,BHANDAI - FLYOVER FOR ETAWAH BOUND DOWN TRAINS,NCR,N22000564,4-2019,12/2025,N.A.,3/2026,187.21,N.A.,250.17,1.75,8
UTTAR PRADESH,RAILWAYS,1526,SAHJANWA - DOHRIGHAT,NER,N22000565,8 - 2 0 1 9,3 /2029,N.A.,12/2027,371.77,N.A.,"1,319.75",429.61,1
UTTAR PRADESH,RAILWAYS,1527,BAHRAICH - NANPARA -NEPALGANJ (56.15 KM),NER,N22000566,7 - 2 0 2 0,1 2 / 2 0 2 4,N.A.,6/2025,950.00,N.A.,341.66,201.11,18
UTTAR PRADESH,RAILWAYS,1528,BAHRAICH SRAVASTI BALRAMPUR (TULSIPUR),NER,N22000569,10-2018,10/2030,N.A.,3/2027,"1,600.00",N.A.,"4,939.78","1,009.95",5
UTTAR PRADESH,RAILWAYS,1529,JANGHAI PRATAPGARH AMETHI DOUBLING,NR,N22000583,1 1 - 2 0 1 7,3 / 2 0 2 5,N.A.,3/2025,701.98,N.A.,"1,100.00",0.00,0
UTTAR PRADESH,RAILWAYS,1530,BARABANKI-MALHAUR - 3RD & 4TH LINE (32.84 KM),NR,N22000590,1-2019,3/2025,N.A.,3/2025,323.85,N.A.,323.85,0.00,0
UTTAR PRADESH,RAILWAYS,1531,DOUBLING BETWEEN JAUNPUR JN- ZAFFARABAD (6.28 KM),NR,N22000591,3-2023,12/2026,N.A.,12/2026,177.33,N.A.,177.33,0.00,0
UTTAR PRADESH,RAILWAYS,1532,JANGHAI-PHAPHAMAU - DOUBLING WITH ELECTRIFICATION (46.79 KM),RVNL,N22000596,11-2018,3/2025,N.A.,3/2025,357.48,N.A.,409.38,362.09,0
UTTAR PRADESH,RAILWAYS,1533,BHATNI - AUNRIHAR WITH ELECTRIFICATION (125 KM) (EXCL INDARA - MAU (116.95 KM)),RVNL,N22000598,5-2018,3/2024,N.A.,2/2025,"1,177.96",N.A.,"2,529.46","1,636.33",0
UTTAR PRADESH,RAILWAYS,1534,MATHURA - VRINDAVAN (11 KM),NCR,N22000612,8 - 2 0 2 2,6 / 2 0 25,N.A.,6/2025,402.88,N.A.,402.88,0.00,0
UTTAR PRADESH,RAILWAYS,1535,DOMINGARH - GORAKHPUR - GORAKHPUR CANTT - KUSUMHI - 3RD RUNNING LINE (21.15 KM),NER,N22000613,11-2016,6/2024,N.A.,5/2025,186.85,N.A.,470.47,449.65,85
UTTAR PRADESH,ROAD TRANSPORT AND HIGHWAYS,1536,CONSTRUCTION OF 4-LANE GREEN FIELD HIGHWAY FROM KM. 35.000 TO KM. 49.155 OF NH-731A WITH PAVED SHOUL,MoRTH,N24001929,1-2022,10/2025,N.A.,10/2025,697.66,N.A.,697.66,254.54,69
UTTAR PRADESH,ROAD TRANSPORT AND HIGHWAYS,1537,BALANCE WORKS OF 4-LANNING OF RAMPUR- KATHGODAM SECTION OF NH-87 (NEW NH NO. 09) FROM KM. 0.000 (KM 1,NHAI,N24001992,8-2022,2/2024,Feb-25,2/2025,199.31,199.38,199.38,130.59,70.12
UTTAR PRADESH,ROAD TRANSPORT AND HIGHWAYS,1538,CONSTRUCTION OF TWO LANE WITH PAVED SHOULDER HIGHWAY FROM DESIGN CH.0.000 TO CH.49.2OO OF NH-731B ON,MoRTH,N24001996,3-2022,11/2025,N.A.,11/2025,640.18,602.76,602.76,388.47,50
UTTAR PRADESH,ROAD TRANSPORT AND HIGHWAYS,1539,CONSTRUCTION OF SHOHRATGARH BYPASS ON NH-730 UNDER EPC MODE IN THE STATE OF UTTAR PRADESH,MoRTH,N24001997,10-2022,5/2025,N.A.,5/2025,189.31,N.A.,189.31,50.72,15
UTTAR PRADESH,ROAD TRANSPORT AND HIGHWAYS,1540,IMPROVEMENT AND UPGRADATION TO TWO LANE WITH PAVED SHOULDER CONFIGURATION FROM EXISTING KM 90.00 TO,MoRTH,N24002015,11-2021,6/2025,N.A.,6/2025,403.36,328.49,403.36,102.06,41
UTTAR PRADESH,ROAD TRANSPORT AND HIGHWAYS,1541,CONSTRUCTION OF PRATAPGARH BYPASS (EXTENSION) CONNECTING NH-31 TO NH-330,MoRTH,N24002016,10-2022,6/2025,N.A.,6/2025,225.17,N.A.,225.17,94.39,43
UTTAR PRADESH,ROAD TRANSPORT AND HIGHWAYS,1542,WIDENING TO FOUR LANE WITH PAVED SHOULDER FROM DESIGN KM.49.200 TO KM.89.285 OF NH-731B ON EPC MODE,MoRTH,N24002029,3-2022,1/2026,N.A.,1/2026,917.91,956.30,917.91,510.60,33
UTTAR PRADESH,ROAD TRANSPORT AND HIGHWAYS,1543,CONSTRUCTION OF TWO LANE WITH PAVED SHOULDER FROM EXISTING KM.0.000 TO KM.55.610 (DESIGN KM. 0.000 T,MoRTH,N24002031,12-2021,2/2026,N.A.,2/2026,840.93,773.58,840.93,415.12,14
UTTAR PRADESH,ROAD TRANSPORT AND HIGHWAYS,1544,CONSTRUCTION OF 4-LANE HIGHWAY WITH PAVED SHOULDERS FROM KM 49.155 TO KM 74.700 OF NH-731A ON HYBRID,MoRTH,N24002032,1-2022,1/2026,N.A.,1/2026,"1,156.72",N.A.,"1,156.72",282.70,32
UTTAR PRADESH,ROAD TRANSPORT AND HIGHWAYS,1545,DEVELOPMENT OF SIX-LANE ACCESS CONTROLLED HIGHWAY FROM GOGWAN JALALPUR (SHAMLI DISTRICT) TO RANIPUR,NHAI,N24002036,4-2022,5/2025,N.A.,5/2025,"1,843.59",N.A.,"1,843.59",814.70,41
UTTAR PRADESH,ROAD TRANSPORT AND HIGHWAYS,1546,GARHMUKTESHWAR (KM. 83.200 OF NH-24) TO MEERUT (KM. 9.860 OF NH-235) INCLUDING CONNECTOR TO NH-119,NHAI,N24002073,10-2019,10/2023,N.A.,6/2024,"2,068.99","2,171.00","2,171.00",209.60,52.48
UTTAR PRADESH,ROAD TRANSPORT AND HIGHWAYS,1547,WIDENING OF RAEBARELI TO PRAYAGRAJ SECTION FROM KM. 82.650 TO KM. 161.450 OF NH-30 AND LINK ROAD FRO,NHAI,N24002085,11-2023,3/2025,N.A.,3/2025,"1,470.93",N.A.,"1,470.93",69.56,92
UTTAR PRADESH,ROAD TRANSPORT AND HIGHWAYS,1548,CONSTRUCTION OF FOUR LANE HIGHWAY FORM GHAZIPUR BALLIA UP BIHAR STATE BORDER (GREENFIELD) SECTION OF,NHAI,N24002086,10-2022,7/2025,N.A.,7/2025,"1,706.47",N.A.,"1,706.47",714.13,47.9
UTTAR PRADESH,ROAD TRANSPORT AND HIGHWAYS,1549,CONSTRUCTION OF FOUR LANE HIGHWAY FROM GHAZIPUR BALLIA UP BIHAR STATE BORDER (GREENFIELD) SECTION OF,NHAI,N24002087,10-2022,10/2025,N.A.,10/2025,"1,493.14",N.A.,"1,493.14",87.30,25.69
UTTAR PRADESH,ROAD TRANSPORT AND HIGHWAYS,1550,CONSTRUCTION OF FOUR LANE HIGHWAY FROM GHAZIPUR BALLIA UP BIHAR STATE BORDER (GREENFIELD) SECTION OF,NHAI,N24002088,10-2022,8/2025,N.A.,8/2025,"1,493.50",N.A.,"1,493.50",488.56,32.5
UTTAR PRADESH,ROAD TRANSPORT AND HIGHWAYS,1551,CONSTRUCTION OF FOUR LANE HIGHWAY FROM GHAZIPUR BALLIA UP BIHAR STATE BORDER GREENFIELD SECTION OF N,NHAI,N24002089,10-2022,6/2025,N.A.,6/2025,617.87,N.A.,617.88,102.20,45.57
UTTAR PRADESH,ROAD TRANSPORT AND HIGHWAYS,1552,CONSTRUCTION OF FOUR-LANE ?WESTERN SIDE SPUR OF RAMPUR-RUDRAPUR SECTION CONNECTING NH-24 TO NH-87 BY,NHAI,N24002090,3-2021,11/2024,Apr-25,4/2025,646.27,N.A.,646.27,45.16,25.24
UTTAR PRADESH,ROAD TRANSPORT AND HIGHWAYS,1553,"IMPROVEMENT , UP-GRADATION OF NH-734 SECTION OF MORADABAD - THAKURDWARA - KASHIPUR: ?PACKAGE-I: MORA",NHAI,N24002093,10-2022,9/2025,N.A.,9/2025,"1,841.92",N.A.,"1,841.92",285.43,35.75
UTTAR PRADESH,ROAD TRANSPORT AND HIGHWAYS,1554,"IMPROVEMENT AND UP-GRADATION OF EXISTING ROAD TO 4L PS FROM KM 123.650 TO 175.080, FROM START OF SHA",NHAI,N24002094,9-2022,11/2025,N.A.,11/2025,"1,212.26",N.A.,"1,212.26",296.53,17.94
UTTAR PRADESH,ROAD TRANSPORT AND HIGHWAYS,1555,FOUR LANING OF SONAULI GORAKHPUR SECTION OF NH 29E (NEW NH 24) FROM DESIGN CH. 0.000 TO DESIGN CH. 7,NHAI,N24002095,12-2021,3/2025,N.A.,3/2025,"2,555.50",N.A.,"2,555.50",777.00,40.49
UTTAR PRADESH,ROAD TRANSPORT AND HIGHWAYS,1556,CONSTRUCTION OF 4 LANE GREEN FIELD NORTHERN EAST SIDE GORAKHPUR BYPASS (26.616 KMS) STARTING FROM NH,NHAI,N24002096,2-2023,1/2026,N.A.,1/2026,"1,973.98",N.A.,"1,973.98",562.84,26.48
UTTAR PRADESH,ROAD TRANSPORT AND HIGHWAYS,1557,STRENGTHENING OF EXISTING 4L AYODHYA BYPASS SECTION FROM DESIGN KM.121.600 TO KM. 144.020 OF NH 28 (,NHAI,N24002097,2-2023,9/2025,N.A.,3/2025,526.45,N.A.,526.45,152.14,66.05
UTTAR PRADESH,ROAD TRANSPORT AND HIGHWAYS,1558,CONSTRUCTION OF RING ROAD AROUND KANPUR FROM KM.000 TO KM. 23.325 (CHACHENDI SACHENDI I TO MAHARAJPU,NHAI,N24002104,1-2023,6/2026,N.A.,6/2026,"1,754.00",N.A.,"1,754.00",252.34,19.8
UTTAR PRADESH,ROAD TRANSPORT AND HIGHWAYS,1559,CONSTRUCTION OF NEW 4 LANE PRAYAGRAJ SOUTHERN BYPASS (PHASE-I) FROM DESIGN KM 43+200 (AT MAHUWARI VI,NHAI,N24002105,8-2023,6/2026,N.A.,6/2026,"1,378.36",N.A.,739.00,122.46,18
UTTAR PRADESH,ROAD TRANSPORT AND HIGHWAYS,1560,CONSTRUCTION OF NEW 4 LANE PRAYAGRAJ SOUTHERN BYPASS FROM DESIGN KM 50.860 (NABABA URF NIBI KALA UPA,NHAI,N24002106,8-2023,3/2025,N.A.,3/2025,993.77,N.A.,349.48,300.45,78
UTTAR PRADESH,ROAD TRANSPORT AND HIGHWAYS,1561,CONSTRUCTION OF MARIAHU BYPASS WITH FOUR LANE PAVED SHOULDER CONFIGURATION (KM.53.540 TO KM.59.200),MoRTH,N24002115,3-2023,8/2025,N.A.,8/2025,438.24,362.39,438.24,175.39,16
UTTAR PRADESH,ROAD TRANSPORT AND HIGHWAYS,1562,REHABILITATION AND UPGRADATION FROM KM 51.600 TO KM 75.700 OF NH-321G (NUHKHAS TO ETAH SECTION) TO T,MoRTH,N24002116,1-2022,8/2025,N.A.,8/2025,343.54,N.A.,343.54,46.95,19
UTTAR PRADESH,ROAD TRANSPORT AND HIGHWAYS,1563,CONSTRUCTION OF JASRA BYPASS WITH FOUR LANE PAVED SHOULDER CONFIGURATION FROM KM. 379.670 ON NH-76 (,MoRTH,N24002120,2-2023,9/2025,N.A.,9/2025,274.06,N.A.,274.06,110.26,70
UTTAR PRADESH,ROAD TRANSPORT AND HIGHWAYS,1564,IMPROVEMENT AND UP-GRADATION TO TWO LANE WITH PAVED SHOULDER CONFIGURATION FROM EXISTING KM. 420.00,MoRTH,N24002121,1-2022,9/2025,N.A.,9/2025,509.65,N.A.,509.65,135.93,12
UTTAR PRADESH,ROAD TRANSPORT AND HIGHWAYS,1565,REHABILITATION AND UP-GRADATION FROM KM. 0.000 TO KM. 40.390 OF NH-730S (MAHARAJGANJ ? NICHLOUL ? TH,MoRTH,N24002134,3-2023,12/2025,N.A.,12/2025,809.25,N.A.,809.25,167.63,10
UTTAR PRADESH,ROAD TRANSPORT AND HIGHWAYS,1566,CONSTRUCTION OF FOUR LANE HIGHWAY WITH PAVED SHOULDER FROM KM.74.700 TO KM.112.950 OF NH-731A (I/C Y,MoRTH,N24002138,3-2022,6/2026,N.A.,6/2026,"1,141.67",N.A.,"1,141.67",265.14,15
UTTAR PRADESH,ROAD TRANSPORT AND HIGHWAYS,1567,CONSTRUCTION OF BALRAMPUR BYPASS WITH 2L FLEXIBLE PAVEMENT CONFIGURATION FROM KM.223.000 OF NH-330 T,MoRTH,N24002150,12-2022,2/2026,N.A.,2/2026,515.69,N.A.,515.69,120.18,0
UTTAR PRADESH,ROAD TRANSPORT AND HIGHWAYS,1568,WIDENING TO 4L RIGID PAVEMENT CONFIGURATION FROM KM 90.00 TO KM 100.800 OF NH-96 (KM 42.O TO KM 53.3,MoRTH,N24002199,12-2022,11/2026,N.A.,11/2026,309.63,N.A.,309.63,3.47,0
UTTAR PRADESH,ROAD TRANSPORT AND HIGHWAYS,1569,IMPROVEMENT AND UP-GRADATION TO TWO LANE WITH PAVED SHOULDER/FOUR LANE CONFIGURATION FROM EXISTING K,MoRTH,N24002201,1-2022,5/2027,N.A.,5/2027,974.19,N.A.,974.19,0.00,0
UTTAR PRADESH,ROAD TRANSPORT AND HIGHWAYS,1570,CONSTRUCTION OF RING ROAD FOR RAEBARELI CITY (PHASE -I) ON EASTERN SIDE OF NH 24B,MoRTH,N24000331,12-2019,4/2022,N.A.,3/2025,282.41,N.A.,319.96,271.17,83
UTTAR PRADESH,ROAD TRANSPORT AND HIGHWAYS,1571,FOUR LANNING OF RAMPUR- KATHGODAM SECTION OF NH-87 FROM KM 0.000 (KM. 190.000 OF NH-24) TO KM 42.791,NHAI,N24000556,3-2016,4/2019,Feb-25,2/2025,899.00,"1,623.88","1,623.88","1,143.19",92.69
UTTAR PRADESH,ROAD TRANSPORT AND HIGHWAYS,1572,4-LANNING OF HARIDWAR-NAGINA SECTION OF NH 74 FROM (KM 204.300 OF NH 58) TO KM 73.00,NHAI,N24000564,3-2016,7/2020,Mar-25,3/2025,"1,408.00","1,659.12","1,659.12","1,225.99",81.89
UTTAR PRADESH,ROAD TRANSPORT AND HIGHWAYS,1573,CONSTRUCTION OF NH-24 EXTENSION 4- LANE BYPASS STARTING FROM BEHTA ROAD AND TERMINATING AT SITAPUR RO,NHAI,N24000796,3-2018,12/2021,Dec-23,7/2024,"1,117.84",N.A.,"1,203.92","1,198.22",99.76
UTTAR PRADESH,ROAD TRANSPORT AND HIGHWAYS,1574,SIX LANING OF HAPUR BYPASS TO MORADABAD SECTION INCLUDING HAPUR BYPASS FROM KM 50.000 (DESIGN CHAINA,NHAI,N24000798,3-2018,11/2021,N.A.,6/2025,"2,140.93",N.A.,"2,140.93","2,065.27",98.18
UTTAR PRADESH,ROAD TRANSPORT AND HIGHWAYS,1575,SIX LANING OF CHAKERI TO ALLAHABAD SECTION OF NH-2 FROM KM 483.687 TO KM 628.753 (DESIGN LENGTH ? 14,NHAI,N24001185,11-2017,7/2021,Dec-24,12/2024,"2,159.00","2,262.00","2,262.00","2,249.93",100
UTTAR PRADESH,ROAD TRANSPORT AND HIGHWAYS,1576,TWO / FOUR LANING OF RAEBARELI - JAGDISHPUR SECTION OF NH-330A FROM KM. 0.000 TO KM. 47.800 (DESIGN,NHAI,N24001306,10-2020,3/2023,N.A.,5/2024,724.60,N.A.,724.60,569.96,95
UTTAR PRADESH,ROAD TRANSPORT AND HIGHWAYS,1577,CONSTRUCTION OF 6 LANE BRIDGE ON GANGA ON NH-96 AND ITS APPROACHES IN PHAPHAMAU ALLAHABAD ON EPC MOD,MoRTH,N24001421,7-2018,2/2024,N.A.,8/2025,"1,948.25",N.A.,"1,948.25","1,042.14",72
UTTAR PRADESH,ROAD TRANSPORT AND HIGHWAYS,1578,CONSTRUCTION OF FOUR-LANE ELEVATED VIADUCT FROM KM.4+634 TO KM.6+345 ON NH- 24A INCLUDING RETAINING W,MoRTH,N24001424,3-2021,9/2023,N.A.,1/2025,185.09,269.81,269.81,261.98,96
UTTAR PRADESH,ROAD TRANSPORT AND HIGHWAYS,1579,REHABILITATION AND UPGRADATION TO 2 LANE WITH PS OF RADHAITA TO PILIBHIT SECTION OF 46.130 KM,MoRTH,N24001456,4-2020,2/2024,N.A.,1/2025,199.39,212.96,199.39,169.77,99
UTTAR PRADESH,ROAD TRANSPORT AND HIGHWAYS,1580,REHABILITATION AND UPGRADATION TO 2 LANE WITH PS OF MIRANPUR KATRA TO RADHAITA SECTION OF NH-730C F,MoRTH,N24001457,4-2020,7/2024,N.A.,3/2025,172.50,169.56,172.50,95.75,64
UTTAR PRADESH,ROAD TRANSPORT AND HIGHWAYS,1581,2-LANE WITH PS OF BEWAR TO NEAR KARRI VILLAGE SECTION OF NH-92 FROM KM.0.00 TO 30.00 UNDER GNHCP,MoRTH,N24001461,4-2020,3/2024,N.A.,1/2025,236.47,N.A.,236.47,129.48,84
UTTAR PRADESH,ROAD TRANSPORT AND HIGHWAYS,1582,2-LANE WITH PS OF NEAR KARRI VILLAGE TO ETAWAH SECTION OF NH-92 FROM KM.30.000 TO 57.346 UNDER GNHCP,MoRTH,N24001462,4-2020,7/2024,N.A.,2/2025,211.09,N.A.,211.09,124.22,91
UTTAR PRADESH,ROAD TRANSPORT AND HIGHWAYS,1583,ALLAHGANJ TO MIRANPUR KATRA SECTION OF NH-730C FROM KM.52.770 TO 114.00,MoRTH,N24001463,4-2020,7/2024,N.A.,2/2024,294.84,309.99,294.84,293.39,100
UTTAR PRADESH,ROAD TRANSPORT AND HIGHWAYS,1584,PROJECTS- REHABILITATION AND UPGRADATION OF NH-731A FROM KM 0.00 TO KM.35.00,MoRTH,N24001464,3-2021,8/2023,N.A.,3/2025,264.86,N.A.,264.86,112.75,77
UTTAR PRADESH,ROAD TRANSPORT AND HIGHWAYS,1585,IMPROVEMENT AND UPGRADATION TO TWO LANE WITH PAVED SHOULDER CONFIGURATION FROM EXISTING KM 55.00 TO,MoRTH,N24001469,11-2021,5/2024,N.A.,3/2025,307.11,N.A.,307.11,177.96,85
UTTAR PRADESH,ROAD TRANSPORT AND HIGHWAYS,1586,R/U TO 2-LANE WITH PS OF BEWAR TO ALLAHGANJ SECTION OF NH-730C FROM KM.0.00 TO 52.770 UNDER GNHCP,MoRTH,N24001471,4-2020,11/2024,N.A.,3/2025,325.24,340.16,325.24,236.73,89
UTTAR PRADESH,ROAD TRANSPORT AND HIGHWAYS,1587,WIDENING AND UPGRADATION TO FOUR LANE CONFIGURATION FROM KM.34.900 (BHADOHI) TO KM.73.134 (JAUNPUR),MoRTH,N24001479,3-2021,5/2024,N.A.,6/2025,395.62,392.03,395.62,256.82,59
UTTAR PRADESH,ROAD TRANSPORT AND HIGHWAYS,1588,WIDENING AND STRENGTHENING FROM KM 0.00 TO KM 15.089 OF NH-334A (PURKAJI- LAKSAR-HARIDWAR ROAD) TO TW,MoRTH,N24001480,10-2021,4/2024,N.A.,1/2025,227.06,N.A.,227.06,129.12,97
UTTAR PRADESH,ROAD TRANSPORT AND HIGHWAYS,1589,6L ACCESS-CONTROLLED HIGHWAY FROM (GANESHPUR) TO(NEAR MOHAND) OF GANESHPUR ? DEHRADUN SECTION FROM K,NHAI,N24001523,3-2021,10/2023,Dec-24,12/2024,836.24,N.A.,836.24,782.44,98.63
UTTAR PRADESH,ROAD TRANSPORT AND HIGHWAYS,1590,6L OF ACCESS-CONTROLLED HIGHWAY FROM MOHAND TO DAAT KALI TUNNEL OF GANESHPUR ? DEHRADUN SECTION FROM,NHAI,N24001524,3-2021,10/2023,Dec-24,12/2024,990.28,N.A.,990.28,997.51,98.95
UTTAR PRADESH,ROAD TRANSPORT AND HIGHWAYS,1591,WIDENING AND STRENGTHENING OF SECTION FROM BHARTHANA CHOWK TO KODARKOOT (KM. 0.00 TO KM. 40.00) OF,MoRTH,N24001587,3-2020,9/2024,N.A.,3/2025,262.37,343.77,343.77,251.85,74
UTTAR PRADESH,ROAD TRANSPORT AND HIGHWAYS,1592,4L SPUR OF SHAMLI-MUZZAFARNAGAR CONNECTING NH-709AD (PANIPAT-SHAMLI- MUZAFFARNAGAR) AND NH-58 (MEERUT,NHAI,N24001726,1-2023,8/2024,N.A.,8/2024,391.26,N.A.,391.26,14.12,79.1
UTTAR PRADESH,ROAD TRANSPORT AND HIGHWAYS,1593,"IMPROVEMENT AND UP-GRADATION OF EXISTING ROAD TO 2/4L PS FROM KM 40.000 TO 88.750, START OF KHUTAR B",NHAI,N24001727,3-2022,2/2025,N.A.,2/2025,762.62,N.A.,762.62,455.82,75.5
UTTAR PRADESH,ROAD TRANSPORT AND HIGHWAYS,1594,"IMPROVEMENT AND UP-GRADATION OF EXISTING ROAD TO 4L PS FROM KM 175.080 TO 229.070, FROM END OF HARDO",NHAI,N24001728,12-2021,7/2025,N.A.,7/2025,"1,138.81",N.A.,"1,138.81",388.77,97.47
UTTAR PRADESH,ROAD TRANSPORT AND HIGHWAYS,1595,4L SPUR OF PANIPAT - SHAMLI CONNECTING NH-709AD (PANIPAT ? SHAMLI ? MUZAFFARNAGAR) AND NH-709A (KARN,NHAI,N24001729,8-2022,4/2024,N.A.,3/2025,326.79,N.A.,329.79,102.54,86
UTTAR PRADESH,ROAD TRANSPORT AND HIGHWAYS,1596,4L FROM GAJU VILLAGE AT KM 32.982 TO DEVINAGAR BYPASS (END) AT KM 208.000 OF NH 530B (PKG 1C),NHAI,N24001730,12-2021,1/2025,N.A.,3/2025,"1,384.79",N.A.,"1,384.79",657.94,97.98
UTTAR PRADESH,ROAD TRANSPORT AND HIGHWAYS,1597,6L GREENFIELD KANPUR - LUCKNOW (EXPRESSWAY) PKG II FROM KM. 28.500 TO KM. 73.744,NHAI,N24001731,12-2021,5/2025,May-25,5/2025,"2,470.64",N.A.,"2,335.00",534.88,72.69
UTTAR PRADESH,ROAD TRANSPORT AND HIGHWAYS,1598,"IMPROVEMENT AND UP-GRADATION OF EXISTING ROAD TO 4L PS FROM KM 229.070 TO 260.800, END OF HARDOI DIS",NHAI,N24001732,12-2021,10/2024,N.A.,4/2025,540.97,N.A.,540.97,217.29,72.34
UTTAR PRADESH,ROAD TRANSPORT AND HIGHWAYS,1599,6L ACCESS CONTROLLED GREENFIELD HIGHWAY OF JUNCTION OF EPE (VILL.- MAVIKALAN) TO VILL.-LOHADDA FROM K,NHAI,N24001733,3-2022,8/2024,N.A.,3/2025,"1,602.48",N.A.,"1,602.48",372.73,76
UTTAR PRADESH,ROAD TRANSPORT AND HIGHWAYS,1600,6L ACCESS CONTROL GREENFIELD HIGHWAY OF VILL-LOHADDA TO VILL-KARAUNDA MAHAJAN FROM KM. 27.000 TO KM.,NHAI,N24001734,3-2022,8/2024,N.A.,3/2025,"1,335.45",N.A.,"1,335.45",357.70,72
UTTAR PRADESH,ROAD TRANSPORT AND HIGHWAYS,1601,6L ACCESS CONTROL GREENFIELD HIGHWAY OF VILL-KHYAWARI TO VILL-LATIFPUR AT SAHARANPUR BYPASS FROM KM,NHAI,N24001735,3-2022,8/2024,N.A.,3/2025,"1,428.19",N.A.,"1,428.19",449.97,75
UTTAR PRADESH,ROAD TRANSPORT AND HIGHWAYS,1602,6L ACCESS CONTROL GREENFIELD HIGHWAY OF VILL-KARAUNDA MAHAJAN TO VILL- KHYAWARI FROM KM. 56.500 TO K,NHAI,N24001736,1-2022,8/2024,N.A.,3/2025,"1,159.96",N.A.,"1,159.96",510.48,98
UTTAR PRADESH,ROAD TRANSPORT AND HIGHWAYS,1603,"4LPS OF MUZAFFARNAGAR TO MIRANPUR SECTION OF NH-709AD, PKG-III",NHAI,N24001737,11-2021,4/2024,N.A.,4/2024,923.15,N.A.,923.15,455.61,97.73
UTTAR PRADESH,ROAD TRANSPORT AND HIGHWAYS,1604,"2LPS OF BIJNOR TO KOTAWALI SECTION OF NH-709AD, PKG-IV",NHAI,N24001738,9-2021,10/2023,Dec-24,12/2024,300.79,N.A.,300.79,122.56,62.63
UTTAR PRADESH,ROAD TRANSPORT AND HIGHWAYS,1605,REHABILITATION and UPGRADATION FROM 2 LANE TO 4 LANE OF NH STRETCH UNDER BHARATMALA PARIYOJANA FOR U,NHAI,N24001739,10-2019,11/2023,Dec-24,12/2024,"1,779.83",N.A.,"2,200.00","1,066.00",99.7
UTTAR PRADESH,ROAD TRANSPORT AND HIGHWAYS,1606,"4L OF SHAMLI BYAPSS- SAHARANPUR FROM KM 92.2 TO KM 155.025 SECTION OF NH-709B, PKG-II",NHAI,N24001744,5-2019,11/2022,N.A.,3/2025,779.17,N.A.,779.17,54.69,95.5
UTTAR PRADESH,ROAD TRANSPORT AND HIGHWAYS,1607,KANPUR LUCKNOW EXPRESSWAY PKG-1 CONSTRUCTION OF 6-LANE TO EIGHT LANE OF KANPUR LUCKNOW EXPRESSWAY (N,NHAI,N24001745,12-2021,7/2025,Jul-25,7/2025,"1,972.10",N.A.,"1,936.00",431.50,56.18
UTTAR PRADESH,ROAD TRANSPORT AND HIGHWAYS,1608,2-LANE EXISTING RAMPUR BYPASS OF RAMPUR TO BE DEVELOPED TO 4-LANE ON EPC MODE IN THE STATE OF UTTAR,NHAI,N24001746,3-2021,4/2024,Jan-25,1/2025,364.47,N.A.,364.47,149.94,76.75
UTTAR PRADESH,ROAD TRANSPORT AND HIGHWAYS,1609,4 LANING OF NAJIBABAD BYPASS OF NH-119 FROM KM. 105.423 TO KM. 118.373 (EXCLUDING 2.45 KM. OF NH-74,NHAI,N24001753,2-2022,6/2024,Jan-25,1/2024,570.98,578.02,578.02,343.28,84.7
UTTAR PRADESH,ROAD TRANSPORT AND HIGHWAYS,1610,SPUR OF MEERUT-GARH-MUKTESHWAR SECTION(NH-709A) CONNECTING NH-119 AND NH-58 BYPASSING MEERUT TOWN,NHAI,N24001754,1-2022,10/2024,N.A.,10/2024,953.79,N.A.,953.79,384.66,46.21
UTTAR PRADESH,ROAD TRANSPORT AND HIGHWAYS,1611,4-LANING OF MEERUT NAJIBABAD SECTION FROM KM. 11.500 TO KM 39.250 AND KM 86.590 TO KM. 112.545.IN TH,NHAI,N24001755,10-2019,3/2023,Dec-24,12/2024,"1,936.68",N.A.,"2,458.03","1,380.90",98.8
UTTAR PRADESH,ROAD TRANSPORT AND HIGHWAYS,1612,4 LANE CONNECTOR FROM DELHI MEERUT EXPRESSWAY KM 50.000 TO KM 8.520 OF NH 235 IN THE STATE OF UTTAR,NHAI,N24001772,8-2021,3/2024,Dec-24,12/2024,"1,147.26",N.A.,"1,147.26",81.34,39
UTTAR PRADESH,ROAD TRANSPORT AND HIGHWAYS,1613,"4L BYPASSES FOR JAGATPUR, B4ABUGANJ, UNCHAHAR, ALAPUR BYPASS, AND SAI RIVER BRIDGE OF RAEBARELI- PRA",NHAI,N24001815,12-2022,11/2024,N.A.,11/2024,"1,699.00","1,078.00","1,699.00",64.39,92
UTTAR PRADESH,ROAD TRANSPORT AND HIGHWAYS,1614,VARANASI RING ROAD (PKG-II) CONNECTING SANDAHA VILLAGE (KM 11.70 / NH-29) WITH REVASA VILLAGE (KM 81,NHAI,N24001826,2-2019,2/2022,Dec-24,12/2024,927.77,N.A.,"1,603.00","1,202.77",79.45
UTTAR PRADESH,ROAD TRANSPORT AND HIGHWAYS,1615,SIX LANE ACCESS CONTROLLED OF DELHI SAHARANPUR HIGHWAY FROM DELHI UP BORDER TO EPE JUNCTION CH.14.75,NHAI,N24001830,6-2020,11/2023,Dec-24,12/2024,"2,002.79",N.A.,"2,002.79","1,989.85",99
UTTAR PRADESH,ROAD TRANSPORT AND HIGHWAYS,1616,4L FROM MATHURA BYPASS (START) AT EXISTING KM. 154.20 OF NH-44 TO GAJU VILLAGE AT KM 32.982 OF NH-53,NHAI,N24001851,1-2022,3/2025,N.A.,3/2025,"1,738.20",N.A.,"1,738.20",742.13,65
UTTAR PRADESH,ROAD TRANSPORT AND HIGHWAYS,1617,6L OF AGRA BYPASS (NORTHERN) CONNECTING KM. 174.500 OF NH-2 (NEW NH- 19) TO KM. 141.000 OF YAMUNA EXP,NHAI,N24001852,10-2021,2/2025,N.A.,2/2025,957.62,N.A.,957.62,784.67,86
UTTAR PRADESH,ROAD TRANSPORT AND HIGHWAYS,1618,CONSTRUCTION OF LEFT OUT PORTION OF AGRA INNER RING ROAD CONNECTING VILLAGE DEORI TO NH-44 VILLAGE B,NHAI,N24001853,10-2021,9/2024,Mar-25,3/2025,772.05,N.A.,772.05,583.11,67.5
UTTAR PRADESH,URBAN DEVELOPMENT,1619,KANPUR METRO RAIL PROJECT,LMRCL,N28000144,5 - 2 0 1 9,3 / 2 0 24,N.A.,12/2026,"11,076.48",N.A.,"11,076.48","8,089.03",69.1
UTTAR PRADESH,URBAN DEVELOPMENT,1620,AGRA METRO RAIL PROJECT,LMRCL,N28000145,5 - 2 0 1 9,3 / 2 024,N.A.,12/2026,"8,379.62",N.A.,"8,379.62","4,262.78",48
UTTAR PRADESH,WATER RESOURCES,1621,"INTERCEPTION, DIVERSION AND TREATMENT WORKS FOR NAINI DISTRICT G PHAPHAMAU DISTRICT F AND JHUSI AREA",UPJalNigam,N30000006,5-2017,9/2021,N.A.,6/2023,767.59,N.A.,767.59,276.97,100
UTTAR PRADESH,WATER RESOURCES,1622,FARRUKHABAD I AND D AND STP WORKS HAM,UPJalNigam,N30000008,10-2017,3/2022,Feb-21,11/2024,213.62,261.12,261.12,177.62,100
UTTAR PRADESH,WATER RESOURCES,1623,STP AT PANKHA KANPUR AND INTEGRATION WITH EXISTING STPS,UPJalNigam,N30000010,3-2018,9/2021,N.A.,7/2023,967.23,708.70,967.23,254.98,100
UTTAR PRADESH,WATER RESOURCES,1624,"INTERCEPTION AND DIVERSION WORKS WITH STP AT BAREILLY, UTTAR PRADESH",UPJalNigam,N30000013,3-2019,8/2021,N.A.,7/2024,271.39,N.A.,271.39,182.26,100
UTTAR PRADESH,WATER RESOURCES,1625,MATHURA SEWERAGE SCHEME,UPJalNigam,N30000019,1 2 - 2 0 1 7,1 2 / 2 0 2 0,Jun-18,6/2022,460.45,N.A.,460.45,315.30,100
UTTAR PRADESH,WATER RESOURCES,1626,INTERCEPTION AND DIVERSION WORKS AND STP AT MUZAFFARNAGAR UTTAR PRADESH,UPJalNigam,N30000021,1-2019,12/2021,Jan-20,12/2024,231.79,234.03,234.03,141.79,96
UTTAR PRADESH,WATER RESOURCES,1627,INTERCEPTION AND DIVERSION WORKS AND SEWAGE TREATMENT PLANT AT JAUNPUR UTTAR PRADESH,UPJalNigam,N30000022,1-2019,10/2021,N.A.,7/2023,206.05,N.A.,206.05,140.22,100
UTTAR PRADESH,WATER RESOURCES,1628,SEWERAGE SCHEME INTERCEPTION AND DIVERSION WITH STP WORKS AT MEERUT UTTAR PRADESH,UPJalNigam,N30000024,2-2019,6/2022,N.A.,12/2025,681.78,N.A.,690.71,13.34,0
UTTAR PRADESH,WATER RESOURCES,1629,INTERCEPTION AND DIVERSION WORKS WITH STP AT LUCKNOW UTTAR PRADESH,UPJalNigam,N30000025,3-2019,7/2021,May-20,9/2024,298.12,N.A.,240.93,103.24,100
UTTARAKHAND,CIVIL AVIATION,1630,"CONSTRUCTION OF DOMESTIC PASSENGER TERMINAL BUILDING AT DEHRADUN AIRPORT, DEHRADUN",AAI,N04000085,7-2018,9/2020,N.A.,9/2024,456.86,N.A.,500.00,483.76,100
UTTARAKHAND,POWER,1631,TEHRI PUMPED STORAGE PLANT(1000MW),THDCIL,N18000010,7 - 2 0 0 6,2 / 2 0 1 6,Jun-22,6/2025,"1,657.00","4,825.60","8,182.82","7,285.60",97.85
UTTARAKHAND,POWER,1632,TAPOVAN-VISHNUGAD HEP (4X130MW),NTPC,N18000014,1 1 - 2 0 0 6,3 / 2 0 1 3,N.A.,4/2029,"2,978.48",N.A.,"7,103.00","6,298.38",75
UTTARAKHAND,POWER,1633,VISHNUGAD PIPALKOTI HYDRO ELECTRIC PROJECT,THDCIL,N18000042,8-2008,6/2013,N.A.,6/2026,"2,491.58","3,860.35","6,303.00","4,336.50",68.9
UTTARAKHAND,POWER,1634,LATA-TAPOVAN HYDRO ELECTRIC POWER PROJECT 3X57 MW,NTPC,N18000142,7-2012,8/2017,N.A.,8/2017,"1,527.00",N.A.,"1,527.00",149.93,0
UTTARAKHAND,RAILWAYS,1635,RISHIKESH - KARNAPRAYAG NEW LINE,RVNL,N22000406,4 - 2 0 1 1,1 2 / 2 0 2 4,N.A.,3/2025,"16,216.00",N.A.,"24,659.00","18,820.04",0
UTTARAKHAND,ROAD TRANSPORT AND HIGHWAYS,1636,4L POANTA SAHEB?MEDNIPUR FROM KM. 435.65 TO KM. 458.65 OF NH-07(PKG-1),NHAI,N24001990,6-2022,5/2025,May-25,5/2025,524.54,683.26,683.26,74.94,56.79
UTTARAKHAND,ROAD TRANSPORT AND HIGHWAYS,1637,ACCESS ROAD/BRIDGE CONNECTIVITY FROM NH-09 AT KM.40 NEAR JAGBUDA BRIDGE (INDIA) TO BOUNDARY PILLAR,NHAI,N24001991,5-2022,9/2024,May-25,5/2025,314.31,N.A.,314.31,158.26,61.31
UTTARAKHAND,ROAD TRANSPORT AND HIGHWAYS,1638,CONSTRUCTION FOR MITIGATION MEASURES KM 368.00-UTTARAKHAND-TO KM 433.00 ON NH-07-PKG-1,NHIDCL,N24002163,12-2023,12/2025,N.A.,12/2025,216.88,N.A.,216.88,0.00,15
UTTARAKHAND,ROAD TRANSPORT AND HIGHWAYS,1639,CONSTRUCTION FOR MITIGATION MEASURES KM 450.00-UTTARAKHAND-TO KM 468.00 ON NH-07-PKG-3,NHIDCL,N24002164,12-2023,12/2025,N.A.,12/2025,250.33,N.A.,250.33,0.00,21
UTTARAKHAND,ROAD TRANSPORT AND HIGHWAYS,1640,CONSTRUCTION FOR MITIGATION MEASURES PKG-2,NHIDCL,N24002206,12-2023,6/2026,N.A.,6/2026,259.64,N.A.,259.64,0.00,0
UTTARAKHAND,ROAD TRANSPORT AND HIGHWAYS,1641,4-LANING OF KASHIPUR-SITARGANJ SECTION,AMR,N24000465,1 1 - 2 0 1 2,8 / 2 0 1 6,N.A.,8/2016,605.84,N.A.,605.84,0.00,0
UTTARAKHAND,ROAD TRANSPORT AND HIGHWAYS,1642,FOUR LANNING OF RAMPUR- KATHGODAM SECTION OF NH-87 FROM KM 42.791 (DESIGN CHAINAGE 43.446) TO KM 88,NHAI,N24000559,3-2016,10/2019,Jan-25,1/2025,720.00,"1,150.00","1,150.00",663.55,97.11
UTTARAKHAND,ROAD TRANSPORT AND HIGHWAYS,1643,CONSTRUCTION AND UPGRADATION OF EXISTING ROAD TO 2 LANE WITH PAVED SHOULDER FROM KM 368.00 TO KM 399,NHIDCL,N24000741,3-2018,11/2020,Dec-22,3/2024,274.31,N.A.,274.31,251.61,99
UTTARAKHAND,ROAD TRANSPORT AND HIGHWAYS,1644,2 LANE WITH PAVED SHOULDER FROM KM 399.00 TO KM 430.00 OF KARANPARYAG TO CHAMOLI UNDER CHARDHAM PARI,NHIDCL,N24000742,3-2018,11/2020,Dec-22,3/2024,403.36,N.A.,403.36,337.72,99
UTTARAKHAND,ROAD TRANSPORT AND HIGHWAYS,1645,2 LANE WITH PAVED SHOULDER FROM KM 430.00 TO KM 468.00 OF CHAMOLI TO PAINI UNDER CHARDHAM PARIYOJNA,NHIDCL,N24000743,3-2018,11/2020,Dec-22,3/2024,417.24,N.A.,417.24,344.20,100
UTTARAKHAND,ROAD TRANSPORT AND HIGHWAYS,1646,RECONSTRUCTION WITH GEOMETRIC IMPROVEMENT OF EXISTING 2 LANE/INTERMEDIATE LANE TO 2LANE WITH PAVED S,MoRTH,N24000772,12-2017,12/2019,N.A.,12/2019,257.34,N.A.,257.34,232.69,100
UTTARAKHAND,ROAD TRANSPORT AND HIGHWAYS,1647,RECONSTRUCTION WITH GEOMETRIC IMPROVEMENT OF EXISTING 2 LANE/INTERMEDIATE LANE TO 2LANE WITH PAVED S,MoRTH,N24000773,12-2017,12/2019,N.A.,12/2019,200.34,253.43,200.34,227.98,100
UTTARAKHAND,ROAD TRANSPORT AND HIGHWAYS,1648,WIDENING OF EXISTING SINGLE LANE ROAD TO TWO LANE WITH PAVED SHOULDERS CONFIGURATION FROM KM. 235.00,MoRTH,N24000774,12-2017,12/2019,N.A.,12/2019,248.22,N.A.,248.22,236.80,100
UTTARAKHAND,ROAD TRANSPORT AND HIGHWAYS,1649,RECONSTRUCTION WITH GEOMETRIC IMPROVEMENT OF EXISTING 2 LANE/INTERMEDIATE LANE TO 2LANE WITH PAVED S,MoRTH,N24000775,6-2017,6/2019,Mar-23,3/2023,282.08,N.A.,282.08,234.97,100
UTTARAKHAND,ROAD TRANSPORT AND HIGHWAYS,1650,RECONSTRUCTION WITH GEOMETIC IMPROVEMENT OF EXISTING TWO LANE TO 2- LANE WITH PAVED SHOULDERS CONFIG,MoRTH,N24000776,11-2017,11/2019,N.A.,11/2019,232.81,N.A.,232.81,201.58,100
UTTARAKHAND,ROAD TRANSPORT AND HIGHWAYS,1651,RECONSTRUCTION WITH GEOMETIC IMPROVEMENT OF SINGLE LANE TO 2- LANE WITH PAVED SHOULDER CONFIGURATION,MoRTH,N24000777,11-2017,11/2019,N.A.,11/2019,283.51,N.A.,283.51,278.51,100
UTTARAKHAND,ROAD TRANSPORT AND HIGHWAYS,1652,RECONSTRUCTION WITH GEOMETRIC IMPROVEMENT OF EXISTING SINGLE/INTERMEDIATE LANE TO 2LANE WITH PAVED S,MoRTH,N24000778,11-2017,11/2019,N.A.,11/2019,266.52,N.A.,266.52,250.34,100
UTTARAKHAND,ROAD TRANSPORT AND HIGHWAYS,1653,RECONSTRUCTION WITH GEOMETRIC IMPROVEMENT OF EXISTING SINGLE/INTERMEDIATE LANE TO 2 LANE WITH EAR,MoRTH,N24000779,2-2018,2/2020,Mar-23,3/2023,418.88,N.A.,418.88,339.71,94
UTTARAKHAND,ROAD TRANSPORT AND HIGHWAYS,1654,REHABILITATION AND UP GRADATION OF 2 LANE/ 2 LANE WITH PAVED SHOULDER FROM EXISTING KM. 172.900 TO K,MoRTH,N24000780,2-2018,,Apr-23,4/2023,293.68,N.A.,293.68,244.25,100
UTTARAKHAND,ROAD TRANSPORT AND HIGHWAYS,1655,CONSTRUCTION OF KUND BYPASS FROM EXISTING KM 33+130 TO KM 41+260 (EXISTING LENGTH: 8.130 KM); DESIGN,MoRTH,N24000781,5-2018,5/2020,Dec-23,12/2023,248.00,N.A.,248.00,120.50,65.56
UTTARAKHAND,ROAD TRANSPORT AND HIGHWAYS,1656,REHABILITATION AND UPGRADATION OF 2 LANE WITH PAVED SHOULDER FROM EXISTING KM. 195.175 TO KM. 220.00,MoRTH,N24000782,3-2018,,N.A.,,460.73,N.A.,461.00,0.00,0
UTTARAKHAND,ROAD TRANSPORT AND HIGHWAYS,1657,CONSTRUCTION OF 4.5 KM LONG SILKYARA TUNNEL BETWEEN KM 25.40 TO 50.25 KM (TUNNEL WORK),NHIDCL,N24000855,3-2018,7/2022,Jul-22,1/2026,"1,383.78",N.A.,"1,383.78",604.80,62
UTTARAKHAND,ROAD TRANSPORT AND HIGHWAYS,1658,RECONSTRUCTION WITH GEOMETRIC IMPROVMENT OF EXISTING INTERMEDIATE LANE TO 2 LANE WITH PAVED SHOULDER,MoRTH,N24001130,8-2016,12/2017,N.A.,12/2017,234.88,273.49,234.88,237.19,100
UTTARAKHAND,ROAD TRANSPORT AND HIGHWAYS,1659,6L ACCESS-CONTROLLED HIGHWAY OF DAAT KALI TUNNEL - DEHRADUN OF GANESHPUR ? DEHRADUN SECTION FROM KM.,NHAI,N24001525,3-2021,3/2024,Dec-24,12/2024,169.08,N.A.,169.08,94.67,98.87
UTTARAKHAND,ROAD TRANSPORT AND HIGHWAYS,1660,UPGRADATION AND 4L OF HARIDWAR BYPASS FROM KM 0.000 (KM 188.100 OF NH- 58) TO KM. 15.100 (KM 5.100 OF,NHAI,N24001526,8-2021,10/2024,Aug-25,8/2025,"1,377.79","1,384.11","1,377.79",679.10,46.81
UTTARAKHAND,ROAD TRANSPORT AND HIGHWAYS,1661,4L MEDINIPUR TO BALLUPUR FROM KM. 458.65 TO KM. 487.65 OF NH-07(PKG-2),NHAI,N24001553,3-2022,2/2025,Feb-25,2/2025,"1,092.90","1,092.90","1,092.90",461.92,65.84
UTTARAKHAND,WATER RESOURCES,1662,INTERCEPTION AND DIVERSION WITH STP AT RISHIKESH,UKJalNigam,N30000004,3-2017,11/2019,N.A.,2/2022,158.00,N.A.,158.00,107.86,100
WEST BENGAL,CIVIL AVIATION,1663,CONSTRUCTION OF ATC TOWER AND TECHNICAL BLOCK AT NSCBI AIRPORT KOLKATA,AAI,N04000080,1-2016,3/2020,Jun-22,12/2023,458.00,N.A.,458.00,246.68,100
WEST BENGAL,CIVIL AVIATION,1664,"AIRSIDE CAPACITY ENHANCEMENT OF NSBI AIRPORT, KOLKATA",AAI,N04000081,1-2019,11/2021,N.A.,5/2023,389.71,N.A.,397.00,396.49,100
WEST BENGAL,CIVIL AVIATION,1665,"NSCBI AIRPORT KOLKATA: RE- CONSTRUCTION OF RIGID POSITIONS OF SECONDARY RUNWAY, 'K' AND 'A' TAXIWAY",AAI,N04000109,4-2023,10/2025,N.A.,10/2025,328.30,N.A.,328.30,70.55,34
WEST BENGAL,CIVIL AVIATION,1666,BAGDOGRA AIRPORT: DEVELOPMENT OF NEW CIVIL ENCLAVE AT BAGDOGRA AIRPORT. SUB-HEAD : CONSTRUCTION OF N,AAI,N04000115,8-2024,3/2027,N.A.,3/2027,"1,549.00",N.A.,"1,549.00",63.19,2.45
WEST BENGAL,COAL,1667,RANIGANJ MASTER PLAN,ECL,N06000163,8 - 2 0 0 9,8 /2019,N.A.,8/2024,"2,661.73",N.A.,"5,146.48",768.22,42
WEST BENGAL,COAL,1668,SIDULI MINE (OC AND UG),ECL,N06000165,5 - 2 0 1 8,3/2026,N.A.,3/2027,535.18,N.A.,535.17,4.20,14
WEST BENGAL,COAL,1669,NAKRAKONDA KUMARDIH B OCP,ECL,N06000170,8 - 2 0 1 8,3 / 2 0 2 9,N.A.,3/2029,502.68,N.A.,502.67,65.26,25
WEST BENGAL,COAL,1670,SHYAMSUNDARPUR UG INCLUDING SAPI UNIT,ECL,N06000191,4 - 2 0 2 0,3 / 2 0 2 5,Mar-26,3/2026,483.65,N.A.,483.65,48.62,12
WEST BENGAL,COAL,1671,2.0 MTPA BHOJUDIH NLW WASHERY,BCCL,N06000195,1 2 - 2 0 1 5,3 / 2 0 1 7,N.A.,1/2025,341.22,341.22,341.22,335.32,94
WEST BENGAL,COAL,1672,SONEPUR BAZARI EXPANSION OC,ECL,N06000220,7 - 2 0 2 1,3 / 2 0 2 9,N.A.,3/2029,"5,365.88","5,366.00","5,365.88",517.70,17
WEST BENGAL,COAL,1673,EXPANSION PR OF JHANJRA UG (5.00 MTY),ECL,N06000223,4 - 2 0 2 0,3 / 2 0 2 9,N.A.,3/2029,"1,210.12",N.A.,"1,210.12",455.95,38
WEST BENGAL,COAL,1674,MOHANPUR EXPANSION OC PHASE II,ECL,N06000236,1 1 - 2 0 2 0,3 / 2 0 2 5,Mar-26,3/2026,888.99,N.A.,888.99,60.73,30
WEST BENGAL,COAL,1675,BONJEMEHARI EXPANSION OCP,ECL,N06000244,8 - 2 0 2 1,3 / 2 0 2 5,Mar-26,3/2026,570.12,N.A.,570.11,81.30,16
WEST BENGAL,COAL,1676,ITAPARA OC,ECL,N06000272,1 2 - 2 0 2 3,3/2030,N.A.,3/2030,929.10,N.A.,929.10,59.33,7
WEST BENGAL,COAL,1677,UCE OF TILABONI UG,ECL,N06000276,1 - 2 0 2 3,3/2029,N.A.,3/2029,749.07,N.A.,749.07,49.44,10
WEST BENGAL,COAL,1678,UCE OF PARASEA BELBAID REORGANISATION UG,ECL,N06000277,1-2023,3/2029,Mar-28,3/2028,389.10,N.A.,389.10,106.31,16
WEST BENGAL,COAL,1679,PARASCOLE JAMBAD OCP,ECL,N06000281,1 1 - 2 0 2 4,3 / 2 037,N.A.,3/2037,"1,193.55",N.A.,"1,193.55",0.00,0
WEST BENGAL,DEPARTMENT OF HIGHER EDUCATION,1680,CONSTRUCTION OF TWO NOS GIRLS HOSTELS AND ONE NO BOYS HOSTEL OF 500 CAPACITY EACH G PLUS 8 STOREYED,CPWD EDUCATION,N28000146,3-2020,6/2020,N.A.,5/2024,193.83,N.A.,193.83,185.75,99
WEST BENGAL,HOME AFFAIRS,1681,NSG AT KOLKATA,CPWD FOR MHA,N28000104,1 0 - 2 0 1 4,4/2018,N.A.,8/2025,162.88,210.83,210.83,188.39,89.3
WEST BENGAL,MINES,1682,"CONSTRUCTION OF BASEMENTG FLOOR10 STORIES BUILDING FOR THE STATE OF THE ART, DG, GSI AT SECTOR-V, SA",CPWD,N10000015,4-2019,4/2022,N.A.,8/2026,255.37,N.A.,255.37,61.25,28
WEST BENGAL,PETROLEUM,1683,DURGAPUR-HALDIA PIPELINE PROJECT,GAIL,N16000275,3 - 2 0 1 7,1 2 / 2 0 2 0,Mar-25,3/2025,"1,740.00","2,433.15","2,433.15","2,101.90",87.8
WEST BENGAL,PETROLEUM,1684,CITY GAS DISTRIBUTION IN WEST BENGAL,HPCL,N16000392,3 - 2 0 1 9,3 / 2 0 3 1,Mar-29,3/2029,"5,830.20",N.A.,"5,830.20",794.39,24.8
WEST BENGAL,PETROLEUM,1685,HALDIA PANAGARH PIPELINE PROJECT,HPCL,N16000478,1 1 - 2 0 2 2,1 1 / 2 0 2 5,N.A.,11/2025,"1,010.00",N.A.,"1,010.00",305.28,62.7
WEST BENGAL,PETROLEUM,1686,"CGD PROJECT AT EAST MEDNIPORE, WEST MEDNIPORE AND JHARGRAM DISTRICTS",IOCL,N16000491,3-2022,3/2030,N.A.,6/2031,609.00,N.A.,609.00,57.76,1.5
WEST BENGAL,PETROLEUM,1687,CGD PROJECT IN WEST BENGAL 11TH ROUND,HPCL,N16000498,6 - 2 0 2 2,6 / 2 0 3 0,N.A.,6/2030,"2,628.00",N.A.,"2,628.00",168.36,18.7
WEST BENGAL,PETROLEUM,1688,CITY GAS DISTRIBUTION PROJECTS AT ALIPURDUAR AND COOCH BEHAR,BPCL,N16000522,12-2022,3/2030,N.A.,3/2030,"1,017.00",N.A.,"1,017.00",94.08,21.7
WEST BENGAL,POWER,1689,RAMMAM-III HEPP (3X40 MW),NTPC,N18000178,9 - 2 0 1 4,9 / 2019,N.A.,3/2029,"1,381.84",N.A.,"1,803.00","1,042.24",45.1
WEST BENGAL,POWER,1690,DURGAPUR PP-III (2X20 MW) - NSPCL,NTPC,N18000277,1 2 - 2 0 1 6,1 1 / 2 0 18,N.A.,3/2024,529.68,N.A.,679.00,558.39,0
WEST BENGAL,RAILWAYS,1691,"TARAKESWAR - BISHNUPUR NEW BG LINE (NL), ER",ER,220100272,4-2000,3/2019,Feb-26,2/2026,"1,188.91",N.A.,"2,582.49","1,128.77",75
WEST BENGAL,RAILWAYS,1692,NEW WORK FOR CONSTRUCTION OF METRO RAILWAY FROM NOAPARA-BARASAI VIA BIMANBANDER (MTP),KOMRCL,N22000108,4-2010,3/2016,N.A.,3/2016,"2,397.72",N.A.,"2,397.72",197.20,17
WEST BENGAL,RAILWAYS,1693,NEW WORK FOR CONSTRUCTION OF METRO RAILWAY FROM BARANAGAR TO BARRACKPORE AND DAKSHINESHWAR (MTP),RVNL,N22000109,4-2010,3/2014,N.A.,12/2025,"2,298.42",N.A.,"2,733.86",392.98,0
WEST BENGAL,RAILWAYS,1694,NEW WORK FOR CONSTRUCTION OF METRO RAILWAY FROM NSCB AIRPORT TO NEW GARIA VIA RAJARHAT (MTP),RVNL,N22000110,4-2010,3/2016,N.A.,3/2026,"3,951.98",N.A.,"8,964.35","7,387.40",0
WEST BENGAL,RAILWAYS,1695,NEW WORK FOR CONSTRUCTION OF METRO RAILWAY FROM JOKA TO BINOY BADAL DINESH BAGH.,RVNL,N22000111,4-2010,3/2016,N.A.,12/2026,"2,913.51",N.A.,"4,834.54","3,918.86",0
WEST BENGAL,RAILWAYS,1696,PURULIA TO KOTSHILA DOUBLING (39.1 KM),SER,N22000510,4 - 2 0 1 8,6 / 2 0 2 2,N.A.,2/2025,338.00,N.A.,393.83,234.18,70
WEST BENGAL,RAILWAYS,1697,AZIMGANJ-MURSHIDABAD (JIYAGANJ) INCL. RLY. BRIDGE OVER RIVER BHAGIRATHI,ER,N22000609,10-2001,2/2024,N.A.,2/2024,164.33,N.A.,187.05,158.25,100
WEST BENGAL,RAILWAYS,1698,NAHATI - RANAGHAT 3RD LINE (MM OF KALINARAYANPUR - KRISHNANAGAR),ER,N22000624,7-2015,3/2025,Mar-26,3/2026,283.54,N.A.,283.54,161.67,44
WEST BENGAL,RAILWAYS,1699,EAST WEST METRO CORRIDOR KOLKATA,KOMRCL,N22000628,2 - 2 0 0 9,9 / 2 0 1 6,N.A.,6/2024,"4,874.58","8,575.00","10,442.41",0.00,0
WEST BENGAL,RAILWAYS,1700,KALIPAHARI - BAKHTARNAGAR 5TH LINE (17.61 KM),ER,N22000630,4-2024,6/2027,N.A.,6/2027,350.46,N.A.,350.46,0.00,0
WEST BENGAL,RAILWAYS,1701,SITARAMPUR BYE - PASS LINE (6.59 KM),ER,N22000631,2 - 2 0 2 3,3 / 2 0 2 7,N.A.,3/2027,461.64,N.A.,461.64,0.31,0
WEST BENGAL,ROAD TRANSPORT AND HIGHWAYS,1702,CONSTRUCTION OR 4 LANE RANIGANJ BYPASS OF LENGTH 5 261 KM ON NH 60 NEW NH 14 FROM KM 273 00 OF NH,MoRTH,N24002184,3-2023,3/2026,Mar-26,3/2026,410.83,N.A.,410.83,102.10,11
WEST BENGAL,ROAD TRANSPORT AND HIGHWAYS,1703,CONSTRUCTION OF ROB AND ITS APPROACHES IN LIEU OF LEVEL CROSSING NO 10 B T AT KM 307 050 OF NH 60 B,MoRTH,N24002191,3-2016,8/2025,N.A.,8/2025,155.87,N.A.,155.87,15.35,5.88
WEST BENGAL,ROAD TRANSPORT AND HIGHWAYS,1704,4 LANING OF NH-31D FROM GHOSHPUKUR - SALSALABARI ( KM 0.00 TO KM . 83.785),NHAI,N24000463,12-2015,6/2018,May-24,8/2023,"1,083.00","1,414.01","1,414.01","1,080.05",100
WEST BENGAL,ROAD TRANSPORT AND HIGHWAYS,1705,SIX-LANING OF BARWA ADDA-PANAGARH,NHAI,N24000515,4 - 2 0 1 4,9 / 2 0 1 6,N.A.,3/2025,"1,665.00",N.A.,"4,938.74","4,938.74",94
WEST BENGAL,ROAD TRANSPORT AND HIGHWAYS,1706,REHABILITATION AND UP GRADATION OF EXISTING ROAD TO 2-LANE WITH PAVED SHOULDER CONFIGURATION IN PURU,NHAI,N24000788,3-2018,9/2022,Dec-22,3/2025,841.57,708.30,708.30,"8,424.15",94.2
WEST BENGAL,ROAD TRANSPORT AND HIGHWAYS,1707,CONSTRUCTION OF NEW ROAD AT THE MISSING LINK PORTION OF NH-81 ALONG THE APPROVED ALIGNMENT BETWEEN H,MoRTH,N24000874,3-2016,11/2018,Dec-23,1/2025,271.17,291.20,291.20,185.01,78.4
WEST BENGAL,ROAD TRANSPORT AND HIGHWAYS,1708,UPGRADATION OF NH-81 WITH A MINIMUM OF 2-LANE WITH PAVED SHOULDER CONFIGURATION STARTING FROM KM 19.,MoRTH,N24000880,2-2018,9/2020,Jan-24,1/2025,426.18,426.18,426.18,364.92,99.51
WEST BENGAL,ROAD TRANSPORT AND HIGHWAYS,1709,CONSTRUCTION OF ROB AND ITS APPROACHES IN LIEU OF UNMANNED LEVEL CROSSING AT KM 303.9 ON NH-60 (PAND,MoRTH,N24000885,3-2016,9/2023,N.A.,12/2024,160.27,N.A.,213.97,174.36,100
WEST BENGAL,ROAD TRANSPORT AND HIGHWAYS,1710,CONSTRUCTION OF TWINS 2-LANE ROB AND ITS APPROACHES IN REPLACEMENT OF EXISTING LEVEL CROSSING GATE N,MoRTH,N24000887,6-2016,9/2021,Feb-24,1/2025,236.78,263.26,263.26,232.54,100
WEST BENGAL,ROAD TRANSPORT AND HIGHWAYS,1711,SIX LANE OF PALSIT TO DANKUNI SECTION FROM 588.870 TO KM. 652.700,NHAI,N24001747,3-2020,9/2024,N.A.,9/2024,"2,193.23","2,314.00","2,314.00","2,048.00",83.37
WEST BENGAL,ROAD TRANSPORT AND HIGHWAYS,1712,SIX LANING OF NATIONAL CORRIDOR NH19 FROM PANAGARH TO PALSIT IN THE STATE OF WEST BENGAL UNDER BHARA,NHAI,N24001748,3-2021,9/2024,N.A.,6/2025,"2,200.93",N.A.,"2,614.67","2,614.67",93.62
WEST BENGAL,ROAD TRANSPORT AND HIGHWAYS,1713,FOUR LANING OF PURULIYA BYPASS SECTION OF NH 32 IN THE STATE OF WEST BENGAL ON EPC MODE,NHAI,N24001749,8-2021,8/2023,N.A.,1/2025,557.55,N.A.,557.55,472.82,91.41
WEST BENGAL,ROAD TRANSPORT AND HIGHWAYS,1714,CONSTRUCTION OF NEW 4 LANE BRIDGE OVER RIVER GANGA AT DOWNSTREAM OF FARAKKA BARRAGE INCLUDING APPROA,NHAI,N24001750,8-2018,12/2021,N.A.,7/2025,622.04,N.A.,622.04,505.33,81.69
WEST BENGAL,ROAD TRANSPORT AND HIGHWAYS,1715,DEVELOPMENT TO 4/6-LANNING OF NH-31 (NEW NH-10) WITH BOTH SIDE SERVICE ROADS FROM KM 569.258 TO KM 5,MoRTH,N24001850,3-2022,9/2025,Sep-25,9/2025,995.04,995.04,995.04,277.14,36.78
WEST BENGAL,STEEL,1716,REBUILDING OF COKE OVEN BATTERY NO.4 OF DURGAPUR STEEL PLANT,SAIL,N12000132,11-2023,12/2026,N.A.,12/2026,916.78,N.A.,916.78,51.47,3.9
WEST BENGAL,WATER RESOURCES,1717,INTERCEPTION AND DIVERSION WITH STP AT MAHESHTALA,KMDA,N30000032,5-2018,2/2022,N.A.,3/2025,198.43,224.69,286.97,75.83,86
WEST BENGAL,WATER RESOURCES,1718,INTERCEPTION DIVERSION TREATMENT WORKS AT TOLLYS NULLAH ADI GANGA,KMDA,N30000034,8-2017,9/2022,Jan-23,12/2026,307.12,N.A.,653.67,0.00,0
WEST BENGAL,WATER RESOURCES,1719,INTERCEPTION AND DIVERSION WITH STP AT HUGHLY-CHINSURAH,KMDA,N30000042,5-2018,2/2022,Sep-20,12/2024,160.00,154.73,154.73,87.35,89
WEST BENGAL,WATER RESOURCES,1720,"INTERCEPTION, DIVERSION AND TREATMENT WORKS AT HOWRAH",KMDA,N30000045,8-2017,12/2021,Feb-21,2/2024,185.22,N.A.,185.22,49.99,100
WEST BENGAL,WATER RESOURCES,1721,SEWERAGE SYSTEM AND STP WORKS AT HALISHAHR,KMDA,N30000046,2-2014,12/2019,N.A.,6/2022,274.76,N.A.,332.56,278.02,100
WEST BENGAL,WATER RESOURCES,1722,SEWERAGE SYSTEM WITH SEWER NETWORK AT BARRACKPORE,KMDA,N30000047,12-2014,4/2020,N.A.,6/2022,272.32,341.68,272.32,307.73,100
WEST BENGAL,WATER RESOURCES,1723,"INTERCEPTION, DIVERSION AND TREATMENT WORKS AT BARANAGAR AND KAMARAHATI",KMDA,N30000048,1-2018,12/2021,Feb-21,2/2024,172.10,N.A.,172.10,47.20,100
WEST BENGAL,WATER RESOURCES,1724,INTERCEPTION AND DIVERSION WITH STP AT BALLY,KMDA,N30000049,10-2017,12/2021,Feb-21,2/2024,164.93,N.A.,164.93,45.45,100
WEST BENGAL,WATER RESOURCES,,Total,,,,,,,"2,572,635.05",-,"3,078,663.57","16,48,876.53",
