State,Sector,Sl No,Project Name,Agency Name,Project Code,Date of Approval (MM/YYYY),Date of Commissioning Original,Date of Commissioning Revised,Date of Commissioning Anticipated,Cost Original,Cost Revised,Cost Anticipated,Cumulative Expenditure in Rs. Crore,Progress (%)
ANDAMAN AND NICOBAR ISLANDS,CIVIL AVIATION RAILWAYS ROAD TRANSPORT AND HIGHWAYS,1,"CONSTRUCTION OF NEW INTEGRATED TERMINAL BUILDING AT VSI AIRPORT, PORTBLAIR",AAI,N04000073,10/2013,9/2018,May-23,6/2023,417.23,707.73,707.73,698.80,100
ANDAMAN AND NICOBAR ISLANDS,RAILWAYS,2,LUDHIANA KILA RAIPUR (19 KMS) WITH FREIGHT LINE AT GILL STATION ON LDH-JHL SECTION,NR,N22000584,3/2019,3/2025,N.A.,3/2025,235.72,N.A.,235.72,46.56,50
ANDAMAN AND NICOBAR ISLANDS,ROAD TRANSPORT AND HIGHWAYS,3,"2 LANE WITH HARD SHOLDER , REHABILITATION AND UP GRADATION OF SECTION FROM KM 242.0 TO KM 298.0 OF N",NHIDCL,N24000745,3/2017,12/2019,Mar-23,9/2024,409.85,N.A.,409.85,214.23,94.59
ANDAMAN AND NICOBAR ISLANDS,ROAD TRANSPORT AND HIGHWAYS,4,REHABILITATION AND UP GRADATION OF SECTION FROM KM 206.00 TO KM 242.00 (NIMBUTALA TO AUSTIN CREEK) O,NHIDCL,N24000749,3/2018,9/2020,Nov-22,12/2024,234.27,N.A.,234.27,126.50,80.26
ANDAMAN AND NICOBAR ISLANDS,ROAD TRANSPORT AND HIGHWAYS,5,Rehabilitation and up gradation to 2 lane with paved shoulder configuration from existing km. 122.00,MoRTH,N24000820,11/2017,11/2019,N.A.,11/2019,237.80,N.A.,238.00,222.13,98.23
ANDAMAN AND NICOBAR ISLANDS,ROAD TRANSPORT AND HIGHWAYS,6,RECONSTRUCTION WITH GEOMETRIC IMPROVEMENT OF EXISTING 2 LANE/INTERMEDIATE LANE TO 2LANE WITH PAVED S,MoRTH,N24000821,11/2017,11/2019,N.A.,11/2019,257.34,N.A.,238.00,214.90,100
ANDAMAN AND NICOBAR ISLANDS,ROAD TRANSPORT AND HIGHWAYS,7,AJANTHA TO BULDHANA,MoRTH,N24001008,2/2017,7/2019,N.A.,12/2023,401.00,401.00,401.00,260.08,97
ANDHRA PRADESH,CIVIL AVIATION,8,EXT AND STR. OF EXISTING RUNWAY 08/26 AT TIRUPATI AIRPORT,AAI,N04000089,8/2017,2/2020,Dec-21,1/2024,177.10,N.A.,177.10,143.08,100
ANDHRA PRADESH,CIVIL AVIATION,9,C/O OF NITB AND ASSOCIATED WORK AT VIJAYAWADA AIRPORT,AAI,N04000091,4/2020,3/2023,N.A.,6/2025,611.80,N.A.,611.80,359.24,61.5
ANDHRA PRADESH,CIVIL AVIATION,10,RAJAHMUNDRY AIRPORT: CONSTRUCTION OF NEW DOMESTIC TERMINAL BUILDING AND MISCELLANEOUS WORKS INCLUD,AAI,N04000103,12/2022,8/2025,N.A.,8/2025,347.15,N.A.,347.15,51.74,30
ANDHRA PRADESH,CIVIL AVIATION,11,KADAPPA AIRPORT- CONSTRUCTION OF NEW DOMESTIC TERMINAL BUILDING AND MISCELLANEOUS WORKS INCLUDING MA,AAI,N04000106,3/2023,1/2026,N.A.,1/2026,265.91,N.A.,265.91,27.25,16
ANDHRA PRADESH,DEPARTMENT OF HIGHER EDUCATION,12,CONSTRUCTION OF PERMANENT CAMPUS FOR INDIAN INSTITUTE OF TECHNOLOGY TIRUPATI AT MERLAPAKA VILLAGE YE,CPWD EDUCATION,N42000005,2/2019,6/2020,N.A.,6/2020,655.34,N.A.,655.34,366.21,95
ANDHRA PRADESH,DEPARTMENT OF HIGHER EDUCATION,13,"CONSTRUCTION OF PERMANENT CAMPUS FOR IISER AT JANGALAPALLI VILLAGE, YERPEDU MANDAL, CHITTOOR DISTRIC",CPWD EDUCATION,N42000007,9/2019,9/2022,N.A.,6/2024,588.72,656.39,656.39,666.18,100
ANDHRA PRADESH,PETROLEUM,14,VISAKH REFINERY MODERNISATION PROJECT,HPCL,N16000235,7/2016,7/2020,Feb-25,2/2025,"20,928.00","30,609.00","30,609.00","27,533.00",98.6
ANDHRA PRADESH,PETROLEUM,15,KG-DWN-98-2 CLUSTER II DEVELOPMENT PROJECT,ONGC,N16000247,3/2016,6/2020,Mar-25,3/2025,"34,012.00",N.A.,"34,012.00","31,557.33",94.4
ANDHRA PRADESH,PETROLEUM,16,REVAMPING OF FACILITIES AT VIZAG TERMINAL,IOCL,N16000343,4/2018,4/2022,Mar-25,3/2025,355.00,N.A.,355.00,245.14,77.5
ANDHRA PRADESH,PETROLEUM,17,SWRO II WITH LLPH FACILITIES,HPCL,N16000378,9/2019,7/2020,N.A.,3/2025,196.26,196.26,196.26,168.60,87.3
ANDHRA PRADESH,PETROLEUM,18,HP CRUDE TO OLEFINS AND AROMATICS TECHNOLOGY DEMO UNIT AT VISAKH REFINERY,HPCL,N16000432,9/2021,6/2024,Mar-26,3/2026,160.00,220.00,220.00,13.57,42
ANDHRA PRADESH,PETROLEUM,19,"CGD PROJECT AT KURNOOL, GUNTUR AND PRAKASAM DISTRICTS",IOCL,N16000485,3/2022,3/2030,N.A.,3/2030,"1,420.00",N.A.,"1,420.00",118.06,4.9
ANDHRA PRADESH,PETROLEUM,20,MULTI-PRODUCT PIPELINE FROM KRISHNAPATNAM COASTAL INSTALLATION TO THE PROPOSED INSTALLATION AT HYDER,BPCL,N16000499,9/2019,3/2025,N.A.,10/2025,"1,932.00",N.A.,"1,932.00","1,491.60",70.4
ANDHRA PRADESH,PETROLEUM,21,HP TRIJET UNIT IN VR,HPCL,N16000535,7/2024,7/2027,N.A.,7/2027,193.00,N.A.,193.00,0.04,9
ANDHRA PRADESH,POWER,22,TRANSMISSION SCHEME FOR SOLAR ENERGY ZONE IN ANANTHPURAM (2500MW) AND KURNOOL (1000MW),PGCIL,N18000380,9/2023,3/2025,N.A.,9/2025,"1,249.00",N.A.,"1,249.00",144.81,39
ANDHRA PRADESH,POWER,23,AUGMENTATION OF 1500MVA 3RD 765/400KV TRANSFORMATION CAPACITY AT KURNOOL NEW SUBSTATION,PGCIL,N18000395,5/2023,9/2025,N.A.,9/2025,164.00,N.A.,164.00,0.00,2
ANDHRA PRADESH,RAILWAYS,24,KOTLPALLI-NARASAPUR (NL) (SCR),SCR,220100265,12/2001,3/2009,N.A.,3/2027,"1,045.20",N.A.,"2,500.98","1,150.74",0
ANDHRA PRADESH,RAILWAYS,25,NADIKUDE-SRI KALAHASTI,SCR,N22000286,4/2011,3/2021,N.A.,5/2027,"2,288.70",N.A.,"3,122.35","1,744.48",0
ANDHRA PRADESH,RAILWAYS,26,GUNTUR-GUNTAKAL,SCR,N22000368,4/2016,3/2022,N.A.,12/2025,"3,631.00",N.A.,"3,887.48","3,239.62",0
ANDHRA PRADESH,RAILWAYS,27,VIJAYAWADA-GUDUR,RVNL,N22000369,4/2015,12/2023,N.A.,12/2024,"3,246.26",N.A.,"6,238.67","5,883.89",0
ANDHRA PRADESH,RAILWAYS,28,KOTTAVALSA - KORAPUT DOUBLING,ECOR,N22000377,4/2015,3/2022,N.A.,3/2022,"2,499.71",N.A.,"2,499.71","1,774.89",68.5
ANDHRA PRADESH,RAILWAYS,29,"PENUKONDA-DHARMAVARAM, EXCL. DHARMAVARAM (41.5 KM)",SWR,N22000555,4/2019,3/2026,N.A.,2/2025,294.67,307.66,307.66,149.73,41
ANDHRA PRADESH,RAILWAYS,30,MALUGUR-PALASAMUDRAM (17.98 KM) (PB#29/NR/2022-23),SWR,N22000556,9/2022,12/2025,N.A.,12/2026,323.14,342.41,342.41,39.46,12
ANDHRA PRADESH,RAILWAYS,31,DOUBLING BETWEEN GOOTY- PENDAKALLU (29.225),SCR,N22000585,3/2023,3/2027,N.A.,3/2027,351.83,N.A.,351.83,0.00,0
ANDHRA PRADESH,RAILWAYS,32,VIJAYAWADA KAZIPET BYEPASS LINE,SCR,N22000586,4/2016,12/2025,N.A.,12/2025,226.72,N.A.,226.72,181.45,0
ANDHRA PRADESH,RAILWAYS,33,RENIGUNTA WADI GOOTY - BYPASS,SCR,N22000587,4/2016,12/2025,N.A.,12/2025,302.00,N.A.,302.00,167.58,50
ANDHRA PRADESH,ROAD TRANSPORT AND,34,COMPLETION OF BALANCE WORKS PENDING IN BIT AND PIECES (INCOMPLETE STRETCH AT 7 LOCATIONS) AND LISTED,NHAI,N24002103,9/2022,1/2025,N.A.,1/2025,166.52,N.A.,166.52,43.74,0
ANDHRA PRADESH,ROAD TRANSPORT AND,35,6L ACCESS CONTROLLED GREENFIELD HIGHWAY FROM NARAYANMPET (CH. 203+500) TO CHANDRASEKHARPURAM (CH. 22,NHAI,N24002122,2/2024,2/2026,N.A.,2/2026,813.66,N.A.,813.66,13.54,7.56
ANDHRA PRADESH,ROAD TRANSPORT AND,36,6L ACCESS CONTROLLED GREENFIELD HIGHWAY FROM CHANDRASEKHARAPURAM (CH. 228+000) TO POLAVARAM (CH. 260,NHAI,N24002123,2/2024,2/2026,N.A.,2/2026,"1,292.65",N.A.,"1,292.65",52.49,5.4
ANDHRA PRADESH,ROAD TRANSPORT AND,37,6L ACCESS CONTROLLED GREENFIELD HIGHWAY FROM POLAVARAM (CH. 260+000) TO MARRIPUDI (CH. 285+500) OF [,NHAI,N24002124,2/2024,2/2026,N.A.,2/2026,747.29,N.A.,747.29,54.71,5.8
ANDHRA PRADESH,ROAD TRANSPORT AND,38,6L ACCESS CONTROLLED GREENFIELD HIGHWAY FROM MARRIPUDI (CH. 285+500) TO SOMAVARAPPADU (CH. 314+600),NHAI,N24002125,2/2024,2/2026,N.A.,2/2026,976.40,N.A.,976.40,128.34,21.82
ANDHRA PRADESH,ROAD TRANSPORT AND,39,6L ACCESS CONTROLLED GREENFIELD HIGHWAY FROM SOMAVARAPPADU (CH.314.600) TO MUPPAVARAM (CH.343+240) O,NHAI,N24002126,2/2024,2/2026,N.A.,2/2026,"1,103.89",N.A.,"1,103.89",54.54,0.11
ANDHRA PRADESH,ROAD TRANSPORT AND,40,4-LANE WITH PAVED SHOULDERS FROM KM 32/0 TO KM 79/650 (DESIGN CHAINAGE KM 32+000 TO KM 78+760) PUTTA,MoRTH,N24002139,3/2023,12/2025,N.A.,11/2025,"1,318.57",N.A.,"1,318.57",284.28,41.37
ANDHRA PRADESH,ROAD TRANSPORT AND,41,SOMAYAJULAPALLI ? DHONE SECTION OF NH ? 340B FROM KM.0/0 TO 56/200 [DESIGN CH. KM 0/00 TO KM 53/33],MoRTH,N24002140,4/2023,12/2025,N.A.,12/2025,629.73,N.A.,629.73,205.10,42
ANDHRA PRADESH,ROAD TRANSPORT AND,42,2 LANE WITH PAVED SHOULDER CONFIGURATION FROM SEETHARAMAPURAM TO DUTTALURU SECTION OF NH-167 BG FROM,MoRTH,N24002141,6/2023,7/2025,N.A.,7/2025,364.07,N.A.,364.07,170.37,80
ANDHRA PRADESH,ROAD TRANSPORT AND,43,2-LANE WITH PAVED SHOULDER CONFIGURATION OF LAMBASINGI TO PADERU SECTION (KM 205+000 TO KM 253+974),MoRTH,N24002142,8/2023,11/2025,N.A.,11/2025,361.24,N.A.,361.24,24.93,9
ANDHRA PRADESH,ROAD TRANSPORT AND,44,BYPASS ROAD TO ADONI TOWN CONNECTING NH-167 (HAGARI - JADCHARLA ROAD) FROM KM.62/700 TO 71/400 IN KU,MoRTH,N24002143,8/2023,2/2026,N.A.,2/2026,361.24,N.A.,361.24,44.08,30
ANDHRA PRADESH,ROAD TRANSPORT AND,45,VODAREVU-CHILAKALURIPET SECTION (DESIGN CHAINAGE 0+00 TO 47+000) OF NH-167A (PACKAGE-I),MoRTH,N24002144,8/2023,2/2026,N.A.,2/2026,"1,064.24",N.A.,"1,064.24",255.03,21
ANDHRA PRADESH,ROAD TRANSPORT AND,46,TADIPATRI BYPASS (KM 0+000 TO KM 6+285) OF 4-LANE ON NH- 67 IN ANANTAPURAMU,MoRTH,N24002145,11/2023,3/2026,N.A.,3/2026,159.66,N.A.,159.66,60.76,63.5
ANDHRA PRADESH,ROAD TRANSPORT AND,47,KURNOOL/KADAPA BORDER- JAMMALAMADUGU SECTION OF NH-167K I.E. DESIGN CH. KM 248+010 TO KM 269+900,MoRTH,N24002146,11/2023,11/2025,N.A.,11/2025,292.63,N.A.,292.63,9.00,0
ANDHRA PRADESH,ROAD TRANSPORT AND,48,DORNALA TO KUNTA JUNCTION FROM DESIGN CHAINAGE KM 244+000 TO 267+990 SECTION OF NH-765 (PACKAGE-2),MoRTH,N24002147,12/2022,1/2024,N.A.,3/2026,244.83,N.A.,244.83,50.33,36.35
ANDHRA PRADESH,ROAD TRANSPORT AND,49,PADERU BYPASS (KM 0+000 TO KM 13+000) OF 2- LANE WITH PAVED SHOULDER ON NH-516E,MoRTH,N24002148,3/2023,3/2024,N.A.,2/2026,244.43,N.A.,244.43,22.77,0
ANDHRA PRADESH,ROAD TRANSPORT AND,50,DAVUALAPALLY TO MALLAPALEM SECTION {DESIGN CH. KM 133+922 TO KM 154+216 (EXISTING CH. KM 133+922 TO,MoRTH,N24002149,1/2024,2/2024,N.A.,2/2026,393.61,N.A.,393.61,41.66,0
ANDHRA PRADESH,ROAD TRANSPORT AND,51,REHABILITATION AND UPGRADATION OF NH-219 FROM KM 58-600 TO KM 140-750 IN THE STATE OF ANDHRA PRADES,MoRTH,N24000301,3/2015,10/2015,May-21,5/2021,271.45,N.A.,271.45,238.23,100
ANDHRA PRADESH,ROAD TRANSPORT AND,52,CONSTRUCTION OF SIX LANING OF DEDICATED PORT ROAD TO KRISHNAPATNAM PORT (PACKAGE-I) KM 0+000 TO KM 1,NHAI,N24000811,3/2018,12/2020,Dec-22,12/2024,314.43,N.A.,348.72,85.61,65.23
ANDHRA PRADESH,ROAD TRANSPORT AND,53,REHABILITATION AND UPGRADATION OF EXISTING NH- 167 FROM KM 14.900 TO KM 70.00 (DESIGN CH.14.900 TO 69,MoRTH,N24000931,11/2016,5/2017,N.A.,11/2024,290.15,N.A.,236.16,205.02,98
ANDHRA PRADESH,ROAD TRANSPORT AND,54,REHABILITATION AND UPGRADATION OF NEW NH- 544DD FROM DESIGN CHAINAGE KM 56.00 TO 102.20 OF KALYANDURG,MoRTH,N24000937,3/2018,8/2018,N.A.,11/2024,289.67,290.00,285.29,254.19,99
ANDHRA PRADESH,ROAD TRANSPORT AND,55,CONSTRUCTION OF TIMMAPURAM TO GURJANAPALLE SECTION FROM KM 26.150 TO 41.161 OF NH- 214(NH216)(KAKINAD,MoRTH,N24000964,8/2016,1/2017,N.A.,5/2025,350.61,N.A.,411.18,457.55,98
ANDHRA PRADESH,ROAD TRANSPORT AND,56,CONSTRUCTION OF 2L+PS FROM PASARLAPUDI-DHINDI (105/700 TO 127.500 OF NH-214) OF NH-216,MoRTH,N24000969,1/2017,9/2017,N.A.,3/2025,263.45,N.A.,263.45,246.85,85
ANDHRA PRADESH,ROAD TRANSPORT AND,57,6-LANING OF VIJAYAWADA BYPASS FROM GOLLAPUDI (DESIGN CH. 30+000) TO CHINNAKAKANI (DESIGN CH. 47+881),NHAI,N24001301,11/2019,1/2024,N.A.,7/2024,"1,601.10",N.A.,"1,601.10","1,220.19",77.76
ANDHRA PRADESH,ROAD TRANSPORT AND,58,REHABILITATION AND UPGRADATION TO 2-LANE WITH PAVED SHOULDERS CONFIGURATION OF PADERU- GONDIGUDA SECT,MoRTH,N24001386,8/2020,3/2021,N.A.,10/2024,222.61,N.A.,222.61,145.53,87.32
ANDHRA PRADESH,ROAD TRANSPORT AND,59,CONSTRUCTION OF 4 LANE ACCESS CONTROLLED NEW GREENFIELD HIGHWAY SECTION OF NH 365BG FROM RECHARLA VI,NHAI,N24001476,9/2021,9/2022,Sep-24,3/2025,517.05,N.A.,655.06,525.46,65.31
ANDHRA PRADESH,ROAD TRANSPORT AND,60,CONSTRUCTION OF 4 LANE ACCESS CONTROLLED NEW GREENFIELD HIGHWAY SECTION OF NH-365BG (KHAMMAM- DEVARAP,NHAI,N24001477,9/2021,9/2022,Sep-24,5/2025,622.00,N.A.,817.91,511.81,55.41
ANDHRA PRADESH,ROAD TRANSPORT AND,61,6L OF CHILKARARUPET BYPASS FROM KM. 357.400 TO KM. 371.920 OF NH-16,NHAI,N24001817,2/2019,3/2023,Oct-24,10/2024,757.45,N.A.,757.45,526.41,91.52
ANDHRA PRADESH,ROAD TRANSPORT AND,62,6L OF PONDAVAKKAM TO KANNIGAIPAIR FROM KM 96.040 TO KM 116.100 OF NH 716B (PKG- IV),NHAI,N24001818,2/2021,1/2025,N.A.,1/2025,818.73,N.A.,"1,105.00",347.24,20.5
ANDHRA PRADESH,ROAD TRANSPORT AND,63,6L OF VEERA KAVERI RAJA PURAM TO PONDAVAKKAM FROM KM 61.380 TO KM 96.040 OF NH 716B (PKG-III),NHAI,N24001819,3/2021,1/2025,N.A.,1/2025,"1,102.63",N.A.,"1,303.00",842.26,80.87
ANDHRA PRADESH,ROAD TRANSPORT AND,64,6L OF VARADHARAJULA TO KUMARAJAPET FROM KM 0.000 TO KM 43.800 OF NH-716B (PKG-I),NHAI,N24001820,2/2021,12/2024,N.A.,12/2024,"1,484.83",N.A.,"1,768.00","1,041.05",69.09
ANDHRA PRADESH,ROAD TRANSPORT AND,65,BANGALORE CHENNAI EXPRESSWAY (PHASE-II PKG-III) FROM KM.127.000 TO KM 156.000 (BANGARUPALEM TO GUDIP,NHAI,N24001821,11/2020,10/2024,N.A.,10/2024,"1,137.74",N.A.,"1,289.00",966.72,90.08
ANDHRA PRADESH,ROAD TRANSPORT AND,66,BANGALORE CHENNAI EXPRESSWAY (PHASE-II PKG-I) FROM KM.71.000 TO KM 96.000 (BETHAMANGALA IN THE STATE,NHAI,N24001822,12/2020,10/2024,N.A.,10/2024,"1,075.27",N.A.,"1,307.00",840.36,69.45
ANDHRA PRADESH,ROAD TRANSPORT AND,67,4L OF MADANAPALLE TO PILERU SECTION FROM KM 0.000 TO KM 55.900 OF NH-71(PACKAGE-I) - N/05060/01002/A,NHAI,N24001823,1/2022,1/2025,Jan-23,1/2025,"1,852.12",N.A.,"1,787.00",605.70,71
ANDHRA PRADESH,ROAD TRANSPORT AND,68,RENIGUNTA - POYYA - NAIDUPETA KM 124.60 TO KM 183.4 OF NH 71 - N/04027/06001/AP,NHAI,N24001824,3/2020,1/2024,Dec-24,12/2024,"1,863.09",N.A.,"2,238.00","1,227.61",94.11
ANDHRA PRADESH,ROAD TRANSPORT AND,69,6L KANTAKAPALLE ? SABBAVARAM SECTION OF NH- 130CD ROAD FROM KM 445.100 TO KM 464.662 (PKG-4),NHAI,N24001836,2/2021,10/2024,N.A.,10/2024,824.29,N.A.,924.00,391.84,61.7
ANDHRA PRADESH,ROAD TRANSPORT AND,70,6L JAKKUVA ? KORLAM SECTION OF NH-130CD ROAD FROM KM 396.800 TO KM 421.100 (PKG 2),NHAI,N24001837,2/2021,3/2024,Jul-24,12/2024,663.60,N.A.,768.00,342.30,93.48
ANDHRA PRADESH,ROAD TRANSPORT AND,71,6L ALURU - JAKKUVA SECTION OF NH-130CD ROAD FROM KM 365.033 TO KM 396.800 (PKG. 1),NHAI,N24001838,2/2021,3/2024,N.A.,4/2025,922.50,N.A.,"1,128.68",413.52,71.5
ANDHRA PRADESH,ROAD TRANSPORT AND,72,6L ACCESS CONTROLLED GREENFIELD HIGHWAY FROM KODUR 0.000 KMS TO VANAVOLU 24.300 KMS OF NH 544G PACKA,NHAI,N24001841,12/2022,9/2025,N.A.,2/2026,912.94,N.A.,912.94,178.83,33.34
ANDHRA PRADESH,ROAD TRANSPORT AND,73,6L ACCESS CONTROLLED GREENFIELD HIGHWAY FROM VANAVOLU 24.300 KM. TO VANKARAKUNTA 45.700 KM. OF NH 5,NHAI,N24001842,12/2022,11/2025,N.A.,11/2025,750.81,N.A.,750.81,99.64,24.5
ANDHRA PRADESH,ROAD TRANSPORT AND,74,6L ACCESS CONTROLLED GREENFIELD HIGHWAY FROM VANKARAKUNTA 45.700 KM. TO ODULAPALLE 72.000 KM. OF NH,NHAI,N24001843,12/2022,11/2025,N.A.,11/2025,992.89,N.A.,992.89,128.64,11.5
ANDHRA PRADESH,ROAD TRANSPORT AND,75,6L ACCESS CONTROLLED GREENFIELD HIGHWAY FROM ODULAPALLE 72.000 KM. TO NALLACHERUVUPALLI 96.300 KM.,NHAI,N24001844,12/2022,10/2025,N.A.,10/2025,"1,058.90",N.A.,"1,058.90",170.50,10.77
ANDHRA PRADESH,ROAD TRANSPORT AND,76,6L ACCESS CONTROLLED GREENFIELD HIGHWAY FROM NALLACHERUVU PALLI 96.300 KM. TO YERRAGUDIPADU 129.000,NHAI,N24001845,2/2023,10/2025,N.A.,10/2025,"1,253.24",N.A.,"1,253.24",72.12,3.5
ANDHRA PRADESH,ROAD TRANSPORT AND,77,6L ACCESS CONTROLLED GREENFIELD HIGHWAY FROM YERRAGUDIPADU 129.000 KM. TO AUDIREDDIPALLE 160.000 KM.,NHAI,N24001846,2/2023,10/2025,N.A.,10/2025,"1,200.42",N.A.,"1,200.42",57.70,1.5
ANDHRA PRADESH,ROAD TRANSPORT AND,78,6L ACCESS CONTROLLED GREENFIELD HIGHWAY FROM AUDIREDDIPALLE 160.000 KM. TO MALLAPALLE 176.000 KM. PA,NHAI,N24001847,1/2023,11/2025,N.A.,11/2025,956.14,N.A.,956.14,134.12,14.72
ANDHRA PRADESH,ROAD TRANSPORT AND,79,6L ACCESS CONTROLLED GREENFIELD HIGHWAY FROM MALLAPALLE 176.000 KM. TO KAVULAKUNTLA 196.000 KM. PACK,NHAI,N24001848,2/2023,10/2025,N.A.,10/2025,909.02,N.A.,909.02,60.55,6.65
ANDHRA PRADESH,ROAD TRANSPORT AND,80,4L PS MYDUKUR BADVEL FROM KM 585.820 TO KM 630.960 SECTION OF NH 67,NHAI,N24001849,5/2022,7/2025,N.A.,9/2025,"1,063.72",N.A.,"1,063.72",346.61,49.4
ANDHRA PRADESH,ROAD TRANSPORT AND,81,CONSTRUCTION OF 4-LANE HIGHWAY FROM SAMARLAKOTA TO ACHAMPETA JUNCTION (FROM KM. 0.000 TO KM. 12.250,NHAI,N24001856,5/2023,8/2025,N.A.,8/2025,648.75,N.A.,648.75,130.73,33.45
ANDHRA PRADESH,ROAD TRANSPORT AND,82,4 LANING OF BATHALAPALLI TO MUDIGUBBA SECTION (DESIGN CHAINAGE KM. 96.300 TO 129.300) INCLUDING BATH,MoRTH,N24001931,3/2022,2/2025,N.A.,2/2025,536.00,N.A.,536.00,393.81,98
ANDHRA PRADESH,ROAD TRANSPORT AND,83,2L+PS FROM KM. 0+000 TO KM. 32+000 (MUDIGUBBA TO PUTTAPARTHI) OF NH-342,MoRTH,N24001932,3/2022,9/2024,N.A.,3/2025,401.72,N.A.,401.72,173.24,71.1
ANDHRA PRADESH,ROAD TRANSPORT AND,84,MULAKALACHERUVU TO MADANAPALLE SECTION OF NH42 FROM KM 202.050 TO KM 245.640 EXCLUDING RETAINED STRE,MoRTH,N24001933,12/2021,12/2024,N.A.,12/2024,480.10,N.A.,480.10,443.87,96.74
ANDHRA PRADESH,ROAD TRANSPORT AND,85,NH440 RAYACHOTY TOVEMPALLI 2LPS,MoRTH,N24001934,12/2021,5/2024,N.A.,7/2025,439.82,N.A.,439.82,193.63,27
ANDHRA PRADESH,ROAD TRANSPORT AND,86,4 LANE WITH PAVED SHOULDER FROM KM 0.000 TO KM 51.119 OF TADIPATRI TO MUDDANUR OF NH67,MoRTH,N24001935,3/2022,8/2025,N.A.,8/2025,724.17,N.A.,724.17,361.46,81.09
ANDHRA PRADESH,ROAD TRANSPORT AND,87,NH165 FROM KM 0.000 TO KM 64.020 PAMARRU TO AKIVEEDU SECTION TO TWO LANE WITH PAVED SHOULDERS,MoRTH,N24001939,3/2020,9/2023,N.A.,12/2025,529.24,N.A.,529.24,312.17,52
ANDHRA PRADESH,ROAD TRANSPORT AND,88,2LPS FROM KM36.400 TO KM. 107.224 OF NH167BG FROM DUTTALUR TO KAVALI SECTION,MoRTH,N24001942,3/2021,7/2024,N.A.,3/2025,423.67,N.A.,423.67,228.15,70
ANDHRA PRADESH,ROAD TRANSPORT AND,89,NH167B FROM KM 99.103 CS PURAM TO KM 143.320 MALAKONDA TO 2LPS,MoRTH,N24001949,12/2021,3/2024,N.A.,1/2025,277.30,N.A.,277.30,183.18,98
ANDHRA PRADESH,ROAD TRANSPORT AND,90,NH167B FROM KM.143.320 MALAKONDA TO 189.050 SINGARAYAKONDA ON NH 16 TO TWO LANE WITH PAVED SHOULDERS,MoRTH,N24001950,3/2021,2/2025,N.A.,2/2025,369.81,N.A.,369.81,267.07,86.55
ANDHRA PRADESH,ROAD TRANSPORT AND,91,NH167AD FROM MACHERLA TO DACHEPALLI FROM KM.0.000 TO 43.659 TO 2LPS,MoRTH,N24001951,1/2022,1/2025,N.A.,1/2025,403.22,N.A.,403.22,262.08,88
ANDHRA PRADESH,ROAD TRANSPORT AND,92,NH 167 B KADAPA NELLORE BORDER TO CSPURAM I.E. FROM KM 58.635 TO KM 99.409,MoRTH,N24001952,3/2022,8/2025,N.A.,8/2025,285.50,N.A.,285.50,130.73,71.43
ANDHRA PRADESH,ROAD TRANSPORT AND,93,NH-30-BHADRACHALAM TO KONTA SECTION 2LPS,MoRTH,N24001953,12/2021,9/2024,N.A.,3/2025,388.71,N.A.,388.71,190.43,72
ANDHRA PRADESH,ROAD TRANSPORT AND,94,WIDENING TO 2LPS OF RAMPACHODAVARAM - KOYYURU SECTION OF NH516E FROM KM.43.700 TO KM 113.820,MoRTH,N24001954,3/2022,1/2025,N.A.,1/2025,568.12,N.A.,568.12,310.43,84.4
ANDHRA PRADESH,ROAD TRANSPORT AND,95,GUDIWADA TOWN 2 LANE ROB AND ROAD IMPROVEMENT OF NH165 IN REPLACEMENT OF LC NO 3ESPL3 AT KM 231.700,MoRTH,N24001955,3/2022,5/2025,N.A.,5/2025,317.22,N.A.,317.22,181.63,52
ANDHRA PRADESH,ROAD TRANSPORT AND,96,2LPS FROM GONDIGUDA TO ARAKU BHALLAGUDA KM 27.480 TO KM 51.772 SECTION OF NH 516E,MoRTH,N24001956,8/2020,9/2023,N.A.,12/2024,296.66,N.A.,296.66,216.41,79
ANDHRA PRADESH,ROAD TRANSPORT AND,97,2LPS OF KOYYURU TO CHAPRATHIPALEM SECTION OF NH 516E,MoRTH,N24001957,8/2020,7/2024,N.A.,3/2025,349.29,N.A.,349.29,152.74,57.61
ANDHRA PRADESH,ROAD TRANSPORT AND,98,2LPS OF CHAPRATHIPALEM TO LAMBASINGI SECTION OF NH 516E,MoRTH,N24001958,8/2020,10/2024,N.A.,3/2025,311.22,N.A.,311.22,108.54,51.75
ANDHRA PRADESH,ROAD TRANSPORT AND,99,4 LANE FROM KM 56.400 TO KM 120.300 FROM B.KOTHAPALLI JUNCTION TO GORANTLA OF NH 716G,MoRTH,N24001959,3/2022,9/2025,N.A.,9/2025,839.98,N.A.,839.98,286.82,51.8
ANDHRA PRADESH,ROAD TRANSPORT AND,100,4L GREENFIELD ROAD CONNECTING NORTH AND SOUTH INDUSTRIAL CLUSTER OF KHANDALERU CREEK NEAR KRISHNAPAT,NHAI,N24001979,8/2022,9/2025,N.A.,9/2025,609.43,N.A.,609.43,25.24,30.5
ANDHRA PRADESH,ROAD TRANSPORT AND,101,4 LANING OF NH 544D FROM EXISTING KM 346.300 OF NH 44 (DESIGN CHAINAGE KM 0.000) TO KM 39.380 (DESIG,NHAI,N24001980,10/2022,7/2025,N.A.,7/2025,907.76,N.A.,907.76,271.76,60.21
ANDHRA PRADESH,ROAD TRANSPORT AND,102,CONSTRUCTION OF SIX LANING OF NAIDUPETA JUNCTION - TURPUKANUPUR SECTION FROM KM.57+046 TO KM.91+927,NHAI,N24001981,7/2022,10/2025,N.A.,10/2025,"1,398.84",N.A.,"1,398.84",58.68,8.39
ANDHRA PRADESH,ROAD TRANSPORT AND,103,4L PS FROM KURNOOL (EXISTING KM. 5.400 OF NH- 40/DESIGN KM.0.000) TO MANDLEM (EXISTING KM.38.000/DESI,NHAI,N24001982,3/2023,10/2025,N.A.,10/2025,827.39,N.A.,827.39,302.24,86.42
ANDHRA PRADESH,ROAD TRANSPORT AND,104,4 LANING FROM EXISTING KM 39.380 (DESIGN CH. 37.000) TO KM 74.450 (DESIGN CH. 69.000) OF MUCHUKOTA ?,NHAI,N24001983,10/2022,8/2025,N.A.,8/2025,972.63,N.A.,"1,055.23",231.92,40.11
ANDHRA PRADESH,ROAD TRANSPORT AND,105,4L PS FROM MANDLEM (EXISTING KM. 38.000/DESIGN KM.30.600) TO ATMAKUR (EXISTING KM.73.000/DESIGN KM 6,NHAI,N24001984,3/2023,10/2025,N.A.,10/2025,887.28,N.A.,887.28,142.48,34.92
ANDHRA PRADESH,ROAD TRANSPORT AND,106,BANGALORE CHENNAI EXPRESSWAY (PHASE-II PKG-II) FROM KM.96.000 TO KM 127.000 (BAIREDDYPALLE TO BANGAR,NHAI,N24001985,3/2021,6/2025,N.A.,6/2025,"1,942.94","2,171.00","2,171.00","1,099.84",44.2
ANDHRA PRADESH,ROAD TRANSPORT AND,107,4L OF PILERU TO KALUR SECTION FROM KM 55.900 TO KM 92.800 AND KM 94.500 TO KM 95.717,NHAI,N24001986,10/2023,4/2025,N.A.,4/2025,"1,047.32",N.A.,"1,047.32",258.82,68.25
ANDHRA PRADESH,ROAD TRANSPORT AND,108,"CONSTRUCTION OF 1 NOS ROB, 2 NOS VUPS, SERVICE ROADS, PROVISION OF LIGHTING AND CONSTRUCTION OF OTHE",NHAI,N24001987,6/2023,12/2024,N.A.,12/2024,152.05,N.A.,152.05,112.00,63.55
ANDHRA PRADESH,ROAD TRANSPORT AND,109,6L OF CHITTOOR TO THATCHUR FROM KUMARAJAPET TO VEERA KAVERI RAJA PURAM FROM KM 43.800 TO KM 61.380 O,NHAI,N24001988,2/2021,10/2025,N.A.,10/2025,591.99,703.00,703.00,284.63,44.03
ANDHRA PRADESH,ROAD TRANSPORT AND,110,CONSTRUCTION OF 4 LANE ACCESS CONTROLLED HIGHWAY FROM CHILLAKURU CROSS ROAD TO TURPUKANUPUR KM 0+000,NHAI,N24002033,7/2022,12/2025,N.A.,12/2025,909.47,N.A.,909.47,97.03,17.02
ANDHRA PRADESH,WATER RESOURCES,111,POLAVARAM IRRIGATION PROJECT,PPA,N30000002,2/2009,3/2020,N.A.,3/2026,"10,151.04",N.A.,"55,548.87","21,644.53",77
ARUNACHAL PRADESH,CIVIL AVIATION,112,CONSTRUCTION OF NEW GREEN FIELD AIRPORT AT HOLLONGI ITANAGAR ARUNACHAL PRADESH,AAI,N04000092,2/2019,8/2022,Mar-25,3/2025,645.63,N.A.,712.15,672.23,98.72
ARUNACHAL PRADESH,POWER,113,SUBANSIRI LOWER H.E.P (8X250 MW) (NHPC),NHPC,180100221,9/2003,9/2010,N.A.,5/2026,"6,285.33",N.A.,"21,247.54","22,697.90",94.24
ARUNACHAL PRADESH,POWER,114,DIBANG MULTIPURPOSE PROJECT 2880 MW ARUNACHAL PRADESH,NHPC,N18000362,2/2023,2/2032,N.A.,2/2032,"31,876.39",N.A.,"31,876.39","2,708.12",13.41
ARUNACHAL PRADESH,ROAD TRANSPORT AND,115,TWO LANING OF JORAM KOLORIANG ROAD (NH 713) ON EPC BASIS FROM DESIGN KM. 138+000 TO KM. 154+036 [EX,NHIDCL,N24000683,2/2017,11/2023,Mar-24,12/2024,180.57,244.10,180.57,157.17,93.21
ARUNACHAL PRADESH,ROAD TRANSPORT AND,116,CONSTRUCTION OF TWO LANE WITH PAVED SHOULDERS OF JORAM KOLORIANG ROAD (NH 713) ON EPC BASIS FROM EXI,NHIDCL,N24000685,2/2017,4/2022,Nov-23,11/2023,167.28,N.A.,167.28,145.20,100
ARUNACHAL PRADESH,ROAD TRANSPORT AND,117,CONSTRUCTION OF 2-LANE ROAD WITH PAVED SHOULDERS FROM KM16.00 OF ROING-HUNLI SECTION TO KM 21.500 OF,NHIDCL,N24000946,3/2017,3/2022,Jun-25,6/2025,"1,718.59","1,718.59","1,718.59",683.02,69.15
ARUNACHAL PRADESH,ROAD TRANSPORT AND,118,CONSTRUCTION OF 2 LANING OF EXISTING HUNLI-ANINI ROAD ON EPC BASIS FROM DESIGN KM 53.500 TO KM 92.50,NHIDCL,N24000948,9/2016,12/2019,Aug-24,9/2024,568.92,568.92,568.92,508.65,100
ARUNACHAL PRADESH,ROAD TRANSPORT AND,119,TWO-LANING OF HAYULIANG? HAWAI BYPASS ROAD ON EPC BASIS FROM DESIGN KM. 51.825 TO KM. 63.131 EXISTI,NHIDCL,N24000979,1/2017,5/2023,May-23,3/2025,256.66,N.A.,256.66,0.00,63.59
ARUNACHAL PRADESH,ROAD TRANSPORT AND,120,CONSTRUCTION OF 2-LANING WITH HARD SHOULDERS OF ARROWA-KHUPA-HAYULIANG SECTION OF NH-113 FROM CH.68.,NHIDCL,N24001244,8/2020,4/2022,Feb-25,2/2025,301.06,N.A.,301.06,149.78,64.91
ARUNACHAL PRADESH,ROAD TRANSPORT AND,121,CONSTRUCTION OF 2-LANING WITH HARD SHOULDERS OF DEMWE-BRAHMAKUND SECTION OF NH-13 FROM CH.0.00 KM TO,NHIDCL,N24001245,9/2020,5/2022,Oct-22,3/2024,353.90,N.A.,353.90,41.82,25.38
ARUNACHAL PRADESH,ROAD TRANSPORT AND,122,CONSTRUCTION OF 2 LANE ROAD OF POTIN TO PANGIN SECTION OF NH 13 FROM KM 77.95 TO KM 117.56 (PACKAGE,MoRTH,N24001291,3/2019,3/2027,N.A.,3/2027,421.48,N.A.,421.48,365.83,100
ARUNACHAL PRADESH,ROAD TRANSPORT AND,123,CONSTRUCTION OF 2 LANE ROAD OF POTIN TO PANGIN SECTION OF NH 13 FROM KM 117.56 TO KM 163.59 (PACKAGE,MoRTH,N24001292,3/2019,3/2027,N.A.,3/2027,543.05,N.A.,600.00,588.85,100
ARUNACHAL PRADESH,ROAD TRANSPORT AND,124,CONSTRUCTION OF 2 LANE ROAD OF POTIN TO PANGIN SECTION OF NH 13 FROM KM 206.66 TO KM 247.05 (PACKAGE,MoRTH,N24001293,3/2019,3/2027,N.A.,3/2027,486.70,N.A.,486.70,480.44,100
ARUNACHAL PRADESH,ROAD TRANSPORT AND,125,CONSTRUCTION OF 2 LANE ROAD OF POTIN TO PANGIN SECTION OF NH 13 FROM KM 163.59 TO KM 206.66 (PACKAGE,MoRTH,N24001297,3/2019,3/2027,N.A.,3/2027,450.65,N.A.,450.65,371.45,95.25
ARUNACHAL PRADESH,ROAD TRANSPORT AND,126,TADADEGE - HENKAR,NHIDCL,N24001315,2/2021,3/2023,Jun-24,9/2024,550.45,N.A.,550.45,113.92,44.15
ARUNACHAL PRADESH,ROAD TRANSPORT AND,127,LADDA - BASAI,NHIDCL,N24001316,2/2021,4/2023,Jan-25,3/2025,445.96,N.A.,445.96,119.09,50.12
ARUNACHAL PRADESH,ROAD TRANSPORT AND,128,DOGINALA - GAU,NHIDCL,N24001320,12/2020,9/2022,N.A.,12/2024,242.30,N.A.,242.30,21.47,17.81
ARUNACHAL PRADESH,ROAD TRANSPORT AND,129,BALANCE WORK 2-LANING OF LALPUL MANMAO CHANGLANG ROAD (NH-215) ON EPC MODE IN THE STATE OF ARUNACH,MoRTH,N24001372,2/2021,3/2024,Dec-24,12/2024,588.09,N.A.,588.09,480.10,97.15
ARUNACHAL PRADESH,ROAD TRANSPORT AND,130,4-LANING OF ITANAGAR TO BANDARDEWA SECTION OF NH- 415 FROM KM 51+700 TO KM 59+199 (PACKAGE-C) ON EPC,MoRTH,N24001374,6/2020,3/2027,N.A.,3/2027,437.60,N.A.,437.60,365.27,100
ARUNACHAL PRADESH,ROAD TRANSPORT AND,131,4 LANING OF ITANAGAR TO BANDARDEWA SECTION OF NH- 415 FROM KM 40+430 TO KM 51+735 (PACKAGE B) ON EPC,MoRTH,N24001375,6/2020,3/2027,N.A.,3/2027,496.47,N.A.,496.47,142.07,36.09
ARUNACHAL PRADESH,ROAD TRANSPORT AND,132,JORAM ? KOLORIANG ROAD FROM EXISTING KM 50.050 TO KM 70.00 (PKG-3),NHIDCL,N24001390,8/2020,4/2022,Aug-24,9/2024,228.71,N.A.,228.71,98.86,99.52
ARUNACHAL PRADESH,ROAD TRANSPORT AND,133,JORAM ? KOLORIANG ROAD FROM EXISTING KM 70.00 TO KM 88.700 (PKG-4),NHIDCL,N24001391,8/2020,4/2022,Feb-24,9/2024,294.04,N.A.,294.04,147.13,100
ARUNACHAL PRADESH,ROAD TRANSPORT AND,134,JORAM ? KOLORIANG ROAD FROM EXISTING KM122.600 TO KM138.00 (PKG-7),NHIDCL,N24001393,8/2020,4/2022,Feb-24,12/2024,184.88,N.A.,184.88,97.69,95.84
ASSAM,CIVIL AVIATION,135,CONSTRUCTION OF NEW INTEGRATED TERMINAL BUILDING AT LGBI AIRPORT GUWAHATI,AAI,N04000083,12/2016,3/2021,N.A.,5/2025,"1,142.00",N.A.,"2,333.00","1,456.65",71.26
ASSAM,HEALTH AND FAMILY WELFARE,136,"ALL INDIA INSTITUTE OF MEDICAL SCIENCE AT GUWAHATI, ASSAM",HITES,N21000027,5/2017,5/2021,Apr-23,11/2024,875.00,873.92,860.00,769.30,99.16
ASSAM,PETROLEUM,137,DEVELOPMENT OF SURFACE FACILITIES FOR PRODUCTION AND EVACUATION OF CRUDE OIL AND NATURAL GAS FROM NA,OIL,N16000331,1/2018,2/2020,Dec-24,3/2025,543.91,N.A.,670.90,491.56,93.83
ASSAM,PETROLEUM,138,NUMALIGARH REFINERY EXPANSION PROJECT 6 MMTPA REFINARY,NRL,N16000379,1/2019,10/2024,N.A.,12/2025,"12,366.00",N.A.,"18,968.00","13,507.74",66.46
ASSAM,PETROLEUM,139,NUMALIGARH REFINERY EXPANSION PROJECT COIT AND PIPELINES,NRL,N16000394,1/2019,10/2024,N.A.,9/2025,"10,228.00",N.A.,"9,058.00","8,531.03",79.6
ASSAM,PETROLEUM,140,EXPANSION OF GUWAHATI REFINERY FROM 1 TO 1.2 MMTPA ALONG WITH INSTALLATION OF CATALYTIC REFORMING UN,IOCL,N16000414,5/2021,10/2023,Feb-25,5/2026,412.00,509.84,509.84,361.16,79
ASSAM,PETROLEUM,141,"GAS ASSISTED GRAVITY DRAINAGE SCHEME, KASOMARIGAON",ONGC,N16000433,8/2021,2/2023,Jun-24,11/2024,218.38,N.A.,218.38,218.00,100
ASSAM,PETROLEUM,142,"REVAMPING OF FACILITIES AT EXISTING GUWAHATI TERMINAL, ASSAM",IOCL,N16000441,3/2022,7/2026,Sep-26,9/2026,277.00,N.A.,277.00,158.41,54
ASSAM,PETROLEUM,143,UPGRADATION OF FACILITIES OF NUMALIGARH-SILIGURI PRODUCT PIPELINE (NSPL) FOR TRANSPORTATION OF ADDIT,OIL,N16000449,6/2021,12/2024,Apr-25,4/2025,860.00,N.A.,860.00,440.01,90.01
ASSAM,PETROLEUM,144,"PROJECT TO CONSTRUCT A FIELD GAS GATHERING STATION AT BAGHJAN AREA FOR COLLECTION,PROCESSING",OIL,N16000450,12/2020,7/2024,Mar-24,6/2025,430.76,N.A.,430.76,273.92,74.49
ASSAM,PETROLEUM,145,CAPACITY EXPANSION OF DIGBOI REFINERY FROM 0.65 TO 1.0 MMTPA,IOCL,N16000457,6/2022,10/2025,N.A.,3/2026,768.00,N.A.,768.00,64.39,10.2
ASSAM,PETROLEUM,146,"CONSTRUCTION OF LPG FACILITIES AT KAMARDANGA, ASSAM",HPCL,N16000484,3/2023,7/2027,Jul-27,7/2027,156.36,156.36,156.36,5.61,13
ASSAM,PETROLEUM,147,"SETTING UP OF NEW RAIL FED POL FACILITY AT KAMARDANGA, ASSAM",HPCL,N16000494,3/2023,7/2027,Jul-27,7/2027,384.04,N.A.,384.04,43.92,9
ASSAM,PETROLEUM,148,POWER RECOVERY TURBINE IN PFCCU,NRL,N16000510,3/2023,7/2025,N.A.,7/2025,293.50,N.A.,293.50,56.33,82
ASSAM,PETROLEUM,149,DCU REVAMP PROJECT,NRL,N16000511,8/2021,3/2025,N.A.,10/2025,370.00,N.A.,370.00,167.32,36.3
ASSAM,PETROLEUM,150,PIPELINE NETWORK PROJECT RUDRASAGAR,ONGC,N16000528,1/2023,4/2026,N.A.,4/2026,344.99,N.A.,344.99,139.92,41.1
ASSAM,PETROLEUM,151,BORHOLLA GGS LIFE EXTENSION PROJECT,ONGC,N16000532,9/2023,5/2026,N.A.,5/2026,198.70,N.A.,198.70,3.10,4.6
ASSAM,RAILWAYS,152,BONGAIGAON-GOALPARA- GUWAHATI (176 KM),NFR,N22000388,4/2015,3/2022,N.A.,3/2027,"2,232.32",N.A.,"4,983.94","3,519.21",92
ASSAM,ROAD TRANSPORT AND,153,SILCHAR VAIRENGTE SAIRANG ROAD PKG-1,NHIDCL,N24002127,2/2023,7/2026,N.A.,7/2026,"1,256.90",N.A.,"1,256.90",385.75,16.52
ASSAM,ROAD TRANSPORT AND,154,SILCHAR VAIRENGTE SAIRANG ROAD PKG-2,NHIDCL,N24002128,3/2023,8/2026,N.A.,8/2026,"1,716.21",N.A.,"1,716.21",745.26,38.26
ASSAM,ROAD TRANSPORT AND,155,FOUR LANNING OF BADARPUR BYPASS FROM DESIGN CHAINAGE KM 27+300 AT CROSSING WITH NH-6,NHIDCL,N24002129,2/2023,8/2026,N.A.,8/2026,574.26,N.A.,574.26,192.05,23.85
ASSAM,ROAD TRANSPORT AND,156,TAMENGLONG- MAHUR ROAD PKG-7,NHIDCL,N24002130,12/2023,3/2026,N.A.,3/2026,846.82,N.A.,846.82,298.87,35.99
ASSAM,ROAD TRANSPORT AND,157,CONSTRUCTION OF 4-LANE PANCHGRAM BYPASS FROM DESIGN CHAINAGE KM 15+500 ON NH-37 (OLD NH-53) AT KALIN,NHIDCL,N24002154,3/2023,2/2027,N.A.,2/2027,728.97,N.A.,728.97,91.63,10.8
ASSAM,ROAD TRANSPORT AND,158,WIDENING/IMPROVEMENT TO 4- LANE WITH PAVED SHOULDER FROM KM 55+000 (NAGABANG GAMSUK) TO KM 82+514 (OY,NHIDCL,N24002155,3/2023,3/2027,N.A.,3/2027,665.47,N.A.,665.47,73.06,0
ASSAM,ROAD TRANSPORT AND,159,4 LANING OF JORHAT TO JHANJI SECTION FROM KM. 453.00 TO KM. 491.08 (DESIGN KM 403.200 TO KM 454.240),NHIDCL,N24000319,6/2015,8/2023,N.A.,12/2024,437.39,N.A.,437.39,359.75,34.63
ASSAM,ROAD TRANSPORT AND,160,FOUR LANING OF JHANJHI JN TO DEMOW SECTION FROM KM. 491.050 TO KM. 535.250(DESIGN KM 490.800 TO KM 5,NHIDCL,N24000320,6/2015,3/2024,N.A.,10/2025,463.49,N.A.,463.49,369.29,5.51
ASSAM,ROAD TRANSPORT AND,161,4 LANING FROM JAMUGURI TO BISWANATH CHARIALI FROM KM 182 TO KM 208 OF NH-52,NHIDCL,N24000431,1/1991,6/2019,Jun-19,3/2025,520.01,N.A.,520.01,305.00,90.01
ASSAM,ROAD TRANSPORT AND,162,4 LANING FROM RANGAGARA TO KALIABHOR TINALI FROM KM 297.00 TO KM 315.315 OF NH-37 ON EPC BASIS.,NHIDCL,N24000438,12/2015,12/2018,Jul-21,3/2025,289.99,N.A.,289.99,232.68,87.62
ASSAM,ROAD TRANSPORT AND,163,4 LANING OF NH-37 SECTION BETWEEN DEMOW TO END OF MORAN BYPASS (FROM KM. 534.800 TO KM. 561.700) O,NHIDCL,N24000582,1/2016,1/2016,N.A.,12/2024,294.17,N.A.,294.17,305.18,51.24
ASSAM,ROAD TRANSPORT AND,164,4 LANING OF NH 37 SECTION BETWEEN END OF MORAN BYPASS TO BOGIBEEL JUNCTION NEAR LAPETKETA (KM. 561,NHIDCL,N24000583,1/2016,12/2021,N.A.,3/2025,252.00,N.A.,330.30,146.28,18.64
ASSAM,ROAD TRANSPORT AND,165,FOUR LANING OF BALACHERA- HARANGAJAO SECTION OF NH- 54 (EXT) FROM KM 275.00 TO KM 244.000 IN THE STATE,NHIDCL,N24000902,10/2017,6/2020,Dec-23,4/2024,818.00,887.68,887.68,874.30,100
ASSAM,ROAD TRANSPORT AND,166,4-LANING OF HAPACHARA - TULUNGIA SECTION,NHIDCL,N24001246,3/2020,12/2022,N.A.,6/2024,220.20,N.A.,220.20,216.11,97.76
ASSAM,ROAD TRANSPORT AND,167,WIDENING/IMPROVEMENT TO 4- LANE WITH PAVED SHOULDER FROM CH.75.330KM TO CH.88.00KM (DESIGN CH.71.800,NHIDCL,N24001248,8/2020,4/2022,N.A.,7/2024,208.84,N.A.,208.84,193.59,100
ASSAM,ROAD TRANSPORT AND,168,2-LANING OF CHURACHANDPUR TUIVAI SECTION OF NH-102B (PKG- IB),NHIDCL,N24001269,3/2020,3/2022,Jan-25,1/2025,216.49,241.52,216.49,104.36,79.94
ASSAM,ROAD TRANSPORT AND,169,4-L DHUBRI PHULBARI BRIDGE WITH APPROACH ROAD,NHIDCL,N24001326,11/2020,9/2028,N.A.,9/2028,"4,997.04",N.A.,"4,997.04","2,143.54",54.05
ASSAM,ROAD TRANSPORT AND,170,2-LANING FROM YAINGANGPOKPI TO FINCH CORNER (PKG-I),NHIDCL,N24001331,3/2020,6/2022,May-25,5/2025,261.13,N.A.,261.13,64.96,54.7
ASSAM,ROAD TRANSPORT AND,171,2-LANING FROM YAINGANGPOKPI TO FINCH CORNER (PKG-II),NHIDCL,N24001332,3/2020,6/2022,Apr-25,4/2025,217.50,N.A.,217.50,84.36,64.52
ASSAM,ROAD TRANSPORT AND,172,DABOKA KATHKATI PACKAGE-5,NHIDCL,N24001366,3/2021,1/2023,N.A.,11/2024,288.85,N.A.,288.85,244.33,99.3
ASSAM,ROAD TRANSPORT AND,173,TULUNGIA-JOGIGHOPA-PAIKAN ROAD PKG-7,NHIDCL,N24001368,3/2021,1/2024,N.A.,10/2025,286.72,N.A.,286.72,88.25,38.02
ASSAM,ROAD TRANSPORT AND,174,CONSTRUCTION OF 2-LANE MAJOR BRIDGE INCLUDING APPROACHESOVER BRAHMAPUTRA BETWEEN MAJULI ON NORTH BAN,MoRTH,N24001408,2/2021,7/2025,N.A.,7/2025,925.47,N.A.,925.47,192.50,30.65
ASSAM,ROAD TRANSPORT AND,175,"6L FLYOVER AT BORAGAON, GORCHUK, LOKHRA AND BASISTHA JUNCTION ON GUWAHATI BYPASS SECTION FROM KM 146",NHAI,N24001432,12/2021,8/2024,Mar-24,8/2024,300.00,N.A.,300.00,297.62,100
ASSAM,ROAD TRANSPORT AND,176,JOGIGHOPA BRIDGE,NHIDCL,N24001434,8/2021,11/2024,N.A.,12/2026,746.76,N.A.,746.76,300.70,59.11
ASSAM,ROAD TRANSPORT AND,177,DABOKA KATHKATI PACKAGE-6,NHIDCL,N24001450,9/2021,7/2024,N.A.,12/2024,625.64,N.A.,625.64,472.86,86.74
ASSAM,ROAD TRANSPORT AND,178,DIBRUGARH-LAHOAL-CHABUA BYPASS PACKAGE-1,NHIDCL,N24001451,3/2022,7/2024,N.A.,10/2024,215.27,N.A.,215.27,151.00,100
ASSAM,ROAD TRANSPORT AND,179,DIBRUGARH-LAHOAL-CHABUA BYPASS PACKAGE-2,NHIDCL,N24001452,4/2022,7/2024,N.A.,8/2024,170.95,N.A.,170.95,125.71,100
ASSAM,ROAD TRANSPORT AND,180,DABOKA KATHKATI PACKAGE-7,NHIDCL,N24001537,11/2021,7/2024,N.A.,12/2024,204.10,N.A.,204.10,127.88,85.2
ASSAM,ROAD TRANSPORT AND,181,FOUR LANING OF SRIRAMPUR- DHUBRI PKG-2,NHIDCL,N24001544,3/2022,1/2025,N.A.,1/2025,909.02,N.A.,909.02,410.95,84.43
ASSAM,ROAD TRANSPORT AND,182,"6L STANDALONE FLYOVERS AT RAHA, DEMOW, BORGHAT, KATHIATALI JUNCTIONS AND ROB AT JAGIROAD ON STRETCHE",NHAI,N24001545,8/2022,12/2022,Sep-24,6/2024,175.00,N.A.,175.00,178.56,99.94
ASSAM,ROAD TRANSPORT AND,183,BALANCE WORK OF 4L OF NARIMBANGLO?JATINGA JUNCTION- HARANGAJO ROAD SECTION FROM KM 0.000 TO KM 49.23,NHAI,N24001547,3/2022,1/2026,N.A.,1/2026,"1,909.98",N.A.,"1,909.98",480.84,55.76
ASSAM,ROAD TRANSPORT AND,184,"6L STANDALONE FLYOVERS AT BONGAIGAON, CHAPAGURI, PATHSALA, SIMLAGURI CHOWK AND BAIHATA BYPASS JUNCTI",NHAI,N24001548,3/2022,6/2024,N.A.,12/2024,457.72,N.A.,457.72,315.13,97.35
ASSAM,ROAD TRANSPORT AND,185,SRIRAMPUR - DHUBRI PKG-1,NHIDCL,N24001831,3/2022,2/2025,N.A.,11/2026,613.89,N.A.,613.89,17.15,0
ASSAM,ROAD TRANSPORT AND,186,DIBRUGARH-LAHOAL-CHABUA BYPASS PACKAGE-3,NHIDCL,N24001832,1/2023,5/2025,N.A.,5/2025,458.59,N.A.,458.59,153.42,45.75
ASSAM,ROAD TRANSPORT AND,187,CONSTRUCTION OF MANGALDOI BYPASS (NH-15) STARTING AT CH 26+400 AND TERMINATING AT CH 41+505 UNDER RA,MoRTH,N24001840,3/2022,4/2025,N.A.,4/2025,535.03,N.A.,535.03,4.07,10.6
ASSAM,ROAD TRANSPORT AND,188,WIDENING AND UPGRADATION TO TWO LANES WITH PAVED SHOULDERS ROAD FROM TAMENGLONG TO MAHUR (NH- 137) I,NHIDCL,N24001969,3/2023,8/2025,N.A.,8/2025,904.04,N.A.,904.04,315.50,43.14
ASSAM,ROAD TRANSPORT AND,189,WIDENING AND UPGRADATION TO TWO LANES WITH PAVED SHOULDERS ROAD FROM TAMENGLONG TO MAHUR (NH- 137) IN,NHIDCL,N24001970,3/2023,8/2025,N.A.,8/2025,860.37,N.A.,860.37,297.33,40.85
ASSAM,ROAD TRANSPORT AND,190,WIDENING AND UPGRADATION TO TWO LANES WITH PAVED SHOULDERS ROAD FROM TAMENGLONG TO MAHUR (NH- 137) IN,NHIDCL,N24001971,3/2023,8/2025,N.A.,8/2025,890.33,N.A.,890.33,358.92,38.35
ASSAM,ROAD TRANSPORT AND,191,WIDENING/IMPROVEMENT TO 4- LANE WITH PAVED SHOULDER FROM KM 0+800 (KANDULIJAN GAON) TO KM 27+701 (SI,NHIDCL,N24001972,3/2023,4/2026,N.A.,4/2026,609.16,N.A.,609.16,197.98,63.64
ASSAM,ROAD TRANSPORT AND,192,WIDENING/IMPROVEMENT TO 4- LANE WITH PAVED SHOULDER FROM KM 27+701 (SIMEN CHAPORI) TO KM 55+000 (NAG,NHIDCL,N24001973,3/2023,2/2026,N.A.,2/2026,562.05,N.A.,562.05,196.68,63.88
ASSAM,ROAD TRANSPORT AND,193,BILASIPURA-GUWAHATI ROAD PKG-8,NHIDCL,N24002021,3/2023,12/2026,N.A.,12/2026,"1,457.59",N.A.,"1,457.59",377.91,26.52
ASSAM,ROAD TRANSPORT AND,194,BILASIPURA-GUWAHATI ROAD PKG-9,NHIDCL,N24002022,3/2023,6/2026,N.A.,6/2026,"1,000.27",N.A.,"1,000.27",212.65,11.92
ASSAM,ROAD TRANSPORT AND,195,BILASIPURA-GUWAHATI ROAD PKG-10,NHIDCL,N24002023,3/2023,6/2026,N.A.,6/2026,"1,264.90",N.A.,"1,264.90",309.48,15.66
ASSAM,ROAD TRANSPORT AND,196,DABOKA BYPASS OF DABOKA - PAROKHAOWA PKG -1,NHIDCL,N24002024,1/2023,11/2025,N.A.,11/2025,516.88,N.A.,516.88,179.87,55.11
ASSAM,ROAD TRANSPORT AND,197,2 LANE WITH PAVED SHOULDER FROM KM 16+900 (BOGAPANI) TO KM 27+150 (GOLAI GAON) ON EXISTING DIBRUGARH,NHIDCL,N24002025,1/2023,12/2025,N.A.,12/2025,356.65,N.A.,356.65,115.34,6.3
ASSAM,ROAD TRANSPORT AND,198,2 LANE WITH PAVED SHOULDER FROM KM 27+150 (GOLAI GAON) TO KM 47+682 (LEDO) ON EXISTING DIBRUGARH TO,NHIDCL,N24002026,3/2023,12/2025,N.A.,12/2025,643.42,N.A.,643.42,67.22,8.75
ASSAM,ROAD TRANSPORT AND,199,DEVELOPMENT OF EXTERNAL TRUNK CONNECTIVITY AND INTERNAL INFRASTRUCTURE WORKS AT MULTI MODEL LOGISTIC,NHIDCL,N24002030,2/2020,3/2022,N.A.,9/2024,592.06,N.A.,592.06,304.22,100
BIHAR,CIVIL AVIATION,200,"CONSTRUCTION OF NEW DORNESTIC TERMINAL BUILDING AND OTHER STRUCTURES, PHASE I AND II",AAI,N04000082,5/2018,10/2022,Jun-25,6/2025,"1,216.90",N.A.,"1,216.90",840.93,74.3
BIHAR,CIVIL AVIATION,201,"DARBHANGA:DEVELOPMENT OF NEW CIVIL ENCLAVE AT DARBHANGA, BIHAR. SH- CONSTRUCTION OF NEW TERMINAL BUI",AAI,N04000112,7/2024,7/2026,N.A.,7/2026,911.66,N.A.,911.66,5.16,0
BIHAR,DEPARTMENT OF HIGHER EDUCATION,202,CONSTRUCTION OF ACADEMIC AND RESIDENTIAL COMPLEX UNDER PHASE-II FOR THE CAMPUS OF IIT PATNA,CPWD EDUCATION,N28000100,2/2016,6/2017,N.A.,1/2024,496.18,496.00,460.00,436.15,100
BIHAR,DEPARTMENT OF HIGHER EDUCATION,203,PERMANENT CAMPUS FOR IIM BODH GAYA,CPWD EDUCATION,N42000009,9/2018,9/2020,N.A.,11/2024,375.00,N.A.,375.00,332.16,99.1
BIHAR,PETROLEUM,204,BARAUNI REFINERY CAPACITY EXPANSION FROM 6.0 TO 9.0 MMTPA,IOCL,N16000386,1/2020,4/2023,Dec-24,12/2025,"14,810.00",N.A.,"14,810.00","10,030.12",81.1
BIHAR,PETROLEUM,205,"CGD PROJECT AT KHAGARIA, SAHARSA AND MADHEPURA",IOCL,N16000423,6/2019,12/2029,Mar-30,3/2030,163.00,N.A.,163.00,84.87,23.5
BIHAR,PETROLEUM,206,INSTALLATION OF BITUMEN MANUFACTURING UNIT ALONG WITH ALLIED FACILITIES AT BARAUNI,IOCL,N16000453,1/2022,4/2025,N.A.,4/2025,389.00,N.A.,389.00,26.43,20.9
BIHAR,PETROLEUM,207,CITY GAS DISTRIBUTION PROJECTS AT GOPALGANJ SIWAN WEST CHAMPARAN EAST CHAMPARAN AND DEORIA DISTRICTS,BPCL,N16000523,12/2022,6/2030,N.A.,6/2030,"3,919.00",N.A.,"3,919.00",201.68,12.6
BIHAR,PETROLEUM,208,"CITY GAS DISTRIBUTION PROJECTS AT DARBHANGA, MADHUBANI, SUPAUL, SITAMARHI AND SHEOHAR DISTRICTS",BPCL,N16000524,12/2022,3/2030,N.A.,3/2030,"3,638.00",N.A.,"3,638.00",233.69,13.7
BIHAR,POWER,209,BARH STPP(3X660MW) NTPC,NTPC,180100242,2/2005,10/2011,Jul-23,11/2024,"8,692.97","21,312.11","21,312.11","22,311.28",90
BIHAR,POWER,210,BUXAR THERMAL POWER PLANT (1320 MW),SJVN,N18000194,3/2019,1/2024,N.A.,6/2025,"10,439.09",N.A.,"12,999.36","10,514.66",84
BIHAR,RAILWAYS,211,KHAGARIA-KUSHESHWAR ASTHAN (NL) (ECR),ECR,220100257,4/1997,,N.A.,12/2026,162.87,614.45,614.45,467.16,50
BIHAR,RAILWAYS,212,"HAJIPUR-SUGAULI VIA VAISHALI (NL), ECR",ECR,220100303,4/2003,,N.A.,12/2024,528.65,"2,087.36","2,087.36","2,063.21",48
BIHAR,RAILWAYS,213,"NEW B.G. LINE FROM ARARIA TO GALGALIA (THAKURGUNG), NEFR",NFR,N22000087,9/2006,3/2019,N.A.,6/2025,532.87,"2,132.03","4,415.08","2,959.03",81.5
BIHAR,RAILWAYS,214,SAKRI-HASANPUR ROAD (NL),ECR,N22000171,4/1999,,N.A.,3/2027,325.00,735.20,735.20,583.54,78
BIHAR,RAILWAYS,215,ARARIA-SUPAUL (NL),ECR,N22000177,4/2008,,N.A.,1/2025,"1,605.17","1,605.17","1,605.17","1,423.51",26
BIHAR,RAILWAYS,216,JAYNAGAR-BIJALPURA INCLUDING EXTENSION BIJALPURA-BARDIBAS(NEPAL) GC,ECR,N22000181,4/2009,3/2020,N.A.,3/2026,548.00,548.00,783.83,544.31,78
BIHAR,RAILWAYS,217,SAMASTIPUR-DARBANGHA,ECR,N22000329,5/2015,,N.A.,3/2025,380.00,519.33,519.33,559.71,62
BIHAR,RAILWAYS,218,KIUL - GAYA DOUBLING PROJECT,ECR,N22000349,12/2015,3/2020,N.A.,11/2024,"1,200.20","1,200.20","1,771.07","1,758.88",96
BIHAR,RAILWAYS,219,RAMPUR DUMRA - TAL - RAJENDRAPUL DOUBLING INCLUDING GANGA BRIDGE,ECR,N22000350,12/2015,3/2020,N.A.,5/2025,"1,491.47","1,491.47","1,600.00","1,647.46",77
BIHAR,RAILWAYS,220,SAGAULI VALMIKINAGAR DOUBLING 109.7 KM,ECR,N22000472,4/2016,3/2021,N.A.,12/2024,744.04,"1,215.54","1,215.54","1,432.28",85
BIHAR,RAILWAYS,221,MUZAFFARPUR SAGAULI DOUBLING 100.60 KM,ECR,N22000473,4/2016,3/2021,N.A.,12/2024,731.64,"1,185.73","1,300.00","1,412.76",80
BIHAR,RAILWAYS,222,"FATUHA-ISLAMPUR INCL. MM FOR EXTENSION OF NEW LINE FORM BIHARSHARIF-BARBIGHA, DANIYAWAN-BIHARSHARIF,",ECR,N22000476,4/1991,,N.A.,12/2024,329.39,803.09,"2,722.16","2,597.07",90
BIHAR,RAILWAYS,223,DARBHANGA - BYPASS LINE CONNECTING SHISHO HALT AND KAKARGHATI EXCL DARBHANGA YARD (7.64 KM),ECR,N22000523,6/2019,6/2025,N.A.,9/2024,983.62,253.23,415.00,386.23,80
BIHAR,RAILWAYS,224,BARAUNI- BACHWARA 3RD AND 4TH LINE,ECR,N22000524,7/2022,7/2027,N.A.,6/2025,486.00,N.A.,486.00,109.24,30
BIHAR,RAILWAYS,225,JHAJHA - BATIA (UMBRELLA WORK PB#23/2018-19/NR),ECR,N22000526,2/2019,6/2028,N.A.,3/2027,496.47,N.A.,496.47,2.53,0
BIHAR,RAILWAYS,226,SONENAGAR BYE PASS LINE FROM CHIRALAPOTHU TO BAGHA BISHUNPUR,ECR,N22000528,10/2022,10/2027,N.A.,6/2025,234.00,223.69,223.69,22.57,0
BIHAR,RAILWAYS,227,KATIHAR-KUMEDPUR & KATIHAR- MUKURIA (64.5 KM) (UMBRELLA WORK PB#57/2019-20/NR),NFR,N22000570,8/2022,8/2027,N.A.,8/2027,745.00,N.A.,745.00,0.00,0
BIHAR,ROAD TRANSPORT AND,228,CONSTRUCTION OF 6- LANE BRIDGE AND ITS APPROACHES ACROSS RIVER GANGA AS PART OF PATNA RING ROAD (NH-,NHAI,N24002062,3/2023,9/2027,N.A.,9/2027,"3,012.27",N.A.,"3,012.27",7.62,0.69
BIHAR,ROAD TRANSPORT AND,229,BALANCE WORK - WB-10 (GANDAK BRIDGE) KM 402.00 TO KM 440.00 (DEVANPUR - KOTWA),NHAI,N24002063,12/2021,1/2024,N.A.,6/2025,210.05,N.A.,210.05,100.28,68.58
BIHAR,ROAD TRANSPORT AND,230,PERMANENT RECTIFICATION OF 3 NOS. OF BLACK SPOTS IN PROJECT HIGHWAY NH-27 OF U.P BORDER - DEWAPUR -,NHAI,N24002064,12/2022,12/2025,N.A.,12/2025,381.80,N.A.,381.80,32.97,16.01
BIHAR,ROAD TRANSPORT AND,231,4L GREENFIELD ALIGNMENT OF AMAS TO SHIVRAMPUR FROM 0.000 KM. TO 55.002 KM. OF NH 119 D (PKG-I),NHAI,N24002065,2/2022,3/2025,N.A.,3/2025,"1,390.92",N.A.,"1,390.92",150.71,8.17
BIHAR,ROAD TRANSPORT AND,232,4L GREENFIELD ALIGNMENT OF SHIVRAMPUR TO RAMNAGAR FROM KM. 55.002 TO KM. 109.300 OF NH 119 D (PKG-I,NHAI,N24002066,2/2022,7/2025,N.A.,7/2025,"1,494.31",N.A.,"1,494.31",38.28,4.59
BIHAR,ROAD TRANSPORT AND,233,IMPROVEMENT OF 2 LANE WITH PAVED SHOULDER OF STRETCH FROM BIKRAMGANJ DAWATH MELAYABAGH NAWANAGR -DUM,MoRTH,N24002133,3/2021,3/2025,N.A.,6/2025,178.63,N.A.,178.63,64.46,60
BIHAR,ROAD TRANSPORT AND,234,CONSTRUCTION OF 4 LANE ROB AND ITS APPROACHES AT THE LEVEL OF CROSSING (L C NO. 29- B) OF KM 29 (EKAN,MoRTH,N24002193,3/2023,7/2026,N.A.,7/2026,201.08,N.A.,201.08,10.14,2.5
BIHAR,ROAD TRANSPORT AND,235,CONSTRUCTION OF 6-LANE ELEVATED / EXTRA DOSE CABLE BRIDGE ON RIVER GANGA PARALLEL TO & WESTERN SIDE,MoRTH,N24002194,1/2024,11/2027,N.A.,11/2027,"3,064.45",N.A.,"3,064.45",2.68,0
BIHAR,ROAD TRANSPORT AND,236,ESTIMATE FOR IMPROVEMENT TO TWO LANE WITH PAVED SHOULDER FROM RAMNAGAR TO ROSEDA FROM (KM 3.500 TO 4,MoRTH,N24002195,1/2022,4/2026,N.A.,4/2026,495.16,N.A.,495.16,85.88,0
BIHAR,ROAD TRANSPORT AND,237,CONSTRUCTION OF BHABHUA BYPASS FROM CH. 10+800(DESIGN CH. 10+800) TO CH. 19+860 (DESIGN CH. 18+150),MoRTH,N24002196,2/2022,3/2026,N.A.,3/2026,179.86,N.A.,179.86,20.31,0
BIHAR,ROAD TRANSPORT AND,238,IMPROVEMENT TO TWO LANE WITH PAVED SHOULDER FROM JUNCTION OF NH-22 NEAR HAJIPUR TO JUNCTION OF NH-12,MoRTH,N24002197,2/2024,2/2026,N.A.,2/2026,226.15,N.A.,226.15,0.00,0
BIHAR,ROAD TRANSPORT AND,239,IMPROVEMENT TO TWO LANE WITH PAVED SHOULDERS OF BH/WBBORDER-AMDABAD- MANIHARI SECTION FROM DESIGN KM,MoRTH,N24002198,1/2022,3/2026,N.A.,3/2026,353.27,N.A.,353.27,22.97,0
BIHAR,ROAD TRANSPORT AND,240,PATNA-MUZZAFFARPUR,NHAI,N24000165,8/2010,2/2013,N.A.,12/2024,671.30,N.A.,671.30,"1,830.13",97.78
BIHAR,ROAD TRANSPORT AND,241,4-LANNING OF CHAPRA-HAJIPUR,NHAI,N24000187,1/2011,7/2013,Apr-25,4/2025,575.00,N.A.,575.00,556.28,86.7
BIHAR,ROAD TRANSPORT AND,242,REHABILITATION AND UPGRADING TO 2 LANES/2 LANE WITH PAVED SHOULDERS CONFIGURATION OF BIRPUR - BIHPUR,MoRTH,N24000382,1/2014,10/2019,N.A.,12/2024,675.00,N.A.,780.77,702.20,90.1
BIHAR,ROAD TRANSPORT AND,243,FOUR OF SIMARIA - KHAGARIA SECTION OF NH-31,NHAI,N24000480,12/2015,4/2019,Mar-25,3/2025,"1,041.10",567.00,639.58,553.73,97.31
BIHAR,ROAD TRANSPORT AND,244,FOUR LANING OF BAKHTIYARPUR - MOKAMA SECTION OF NH-31,NHAI,N24000507,12/2015,12/2019,N.A.,12/2024,"1,167.45",N.A.,"1,182.94",735.99,96
BIHAR,ROAD TRANSPORT AND,245,REHABILITATION AND UPGRADING TO 2 LANES/2 LANE WITH PAVED SHOULDERS (KM 40 TO KM 219.945) OF NH-104,MoRTH,N24000531,2/2016,11/2018,Dec-24,12/2024,319.68,N.A.,503.28,440.98,98.8
BIHAR,ROAD TRANSPORT AND,246,CONSTRUCTION OF REHABILITATION AND UPGRADING TO 2 LANES/2 LANE(FOR LOT-I-KM 40.00 TO KM 65.400 AND K,MoRTH,N24000576,2/2016,5/2016,Dec-24,12/2024,178.85,N.A.,278.54,232.61,98.35
BIHAR,ROAD TRANSPORT AND,247,"PROCUREMENT, AND CONSTRUCTION OF REHABILITATION AND UPGRADING TO 2 LANES/2 LANE(FOR LOT-III-KM 156.5",MoRTH,N24000578,2/2016,5/2016,N.A.,12/2024,553.30,N.A.,706.39,611.34,98
BIHAR,ROAD TRANSPORT AND,248,FOUR LANING OF GAYA-HISUA- RAJGIRI-NALANDA-BIHARSHARIF SECTION (KM0.00 TO 92.935) ON NH-82 IN BIHAR,MoRTH,N24000579,1/2014,10/2016,N.A.,12/2024,"1,408.85",N.A.,"2,138.16","1,706.65",96.45
BIHAR,ROAD TRANSPORT AND,249,TWO-LANNING WITH PAVED SHOULDER OF MAHSHKUNT- SAHARSA-PURNEA SECTION FROM EXISTING KM.89.020 (DESIGN,NHAI,N24000665,3/2017,3/2020,Mar-25,3/2025,672.89,736.01,830.31,616.15,76.19
BIHAR,ROAD TRANSPORT AND,250,SIX LANNING OF AUNTA- SIMARIA(GANGA BRIDGE WITH APPROACH ROADS) SECTION OF NH-31,NHAI,N24000696,8/2017,2/2022,Oct-24,3/2025,950.64,"1,161.00","1,168.33","1,030.50",88.76
BIHAR,ROAD TRANSPORT AND,251,CONSTRUCTION OF NEW LINK (NH-133B) FROM KM 0/00 (KM 200/87 OF SAHIBANJ BYPASS) IN JHARKHAND TO KM 15,NHAI,N24000714,12/2017,10/2024,Apr-25,6/2025,"2,598.00",N.A.,"1,978.01","1,264.25",69.58
BIHAR,ROAD TRANSPORT AND,252,REHABILITATION AND UPGRADATION OF TWO LANING OF MAHESHKHUNT - SAHARSA - PURNEA SECTION PKG - I,NHAI,N24000723,1/2018,12/2021,Dec-24,3/2025,573.70,644.50,726.99,476.99,76
BIHAR,ROAD TRANSPORT AND,253,DEVELOPMENT OF NEWLY DECLARED NH-527C FROM MAJHAULI TO CHAROUT SECTION TO 2 LANE WITH PAVED SHOULDER,NHAI,N24000813,3/2018,11/2021,Dec-24,12/2024,496.20,470.18,537.17,390.49,95.46
BIHAR,ROAD TRANSPORT AND,254,CONSTRUCTION OF A NEW 4 LANE MAJOR BRIDGE ACROSS RIVER KOSI AT PHULAUT INCLUDING RHABILITATION AND,MoRTH,N24000943,9/2018,6/2024,N.A.,2/2026,"1,478.40",N.A.,"1,478.40",810.34,59.7
BIHAR,ROAD TRANSPORT AND,255,CONSTRUCTION OF A NEW 4 LANE BRIDGE PARALLEL TO EXISTING MG SETU WITH ITS APPROACHES FROM KM 0.00,MoRTH,N24001201,2/2019,9/2024,N.A.,2/2026,"2,926.42",N.A.,"2,926.42",970.95,47
BIHAR,ROAD TRANSPORT AND,256,BALANCE WORK OF 4- LANING OF PATNA-GAYA-DOBHI SECTION (KM. 0.00 TO KM. 127.217) OF NH-83 IN THE STAT,NHAI,N24001303,10/2013,12/2020,Dec-24,12/2024,649.90,N.A.,750.00,711.53,98.3
BIHAR,ROAD TRANSPORT AND,257,BALANCE WORK OF 4- LANING OF PATNA-GAYA-DOBHI SECTION (KM. 39.00 TO KM. 83.00) OF NH-83 IN THE STATE,NHAI,N24001304,10/2013,11/2020,Dec-24,12/2024,446.97,598.48,740.50,638.80,96.3
BIHAR,ROAD TRANSPORT AND,258,BALANCE WORK OF 4- L ANING OF PATNA-GAYA-DOBHI SECTION (KM.83.00 TO KM. 127.217) OF NH-83 IN THE STA,NHAI,N24001305,10/2013,11/2020,Dec-24,12/2024,464.09,605.53,765.12,698.25,97.3
BIHAR,ROAD TRANSPORT AND,259,CONSTRUCTION OF 2 LANE BRIDGE ACROSS RIVER KOSI WITH APPROACH ROAD FROM BHEJA TO BAKAUR SECTION OF N,NHAI,N24001371,10/2019,8/2023,Dec-24,12/2024,"1,101.99",N.A.,"1,101.99",795.07,68.2
BIHAR,ROAD TRANSPORT AND,260,4L GREENFIELD ALIGNMENT FROM KALYANAPUR TO TAL DASHRAHA OF NH-119D (PKG-III),NHAI,N24001697,2/2023,2/2025,N.A.,12/2025,"1,358.00",N.A.,"1,358.00",183.47,13.51
BIHAR,ROAD TRANSPORT AND,261,FOUR LANING OF MUNGER TO MIRZACHAUKI (NH-80) SECTION FROM NEAR RASULPUR TO MIRZACHAUKI (DESIGN CH,NHAI,N24001698,8/2022,8/2024,N.A.,8/2024,"1,198.02",N.A.,"1,198.02",0.00,0
BIHAR,ROAD TRANSPORT AND,262,CONSTRUCTION OF 4 LANE ELEVATED SECTION AND AT- GRADE IMPROVEMENTS AT BEGUSARAI TOWN SECTION OF NH-3,NHAI,N24001699,3/2022,12/2024,N.A.,3/2025,312.58,N.A.,312.58,153.13,63.17
BIHAR,ROAD TRANSPORT AND,263,SIX LANNING OF AURANGABAD TO BIHAR/JHARKHAND BORDER SECTION OF NH-19 (OLD NH-2) FROM KM. 209.827 TO,NHAI,N24001700,12/2021,3/2024,Dec-24,12/2024,552.55,553.00,553.00,414.79,54.95
BIHAR,ROAD TRANSPORT AND,264,FOUR LANING OF MUNGER TO MIRZACHAUKI (NH-80) SECTION FROM START OF EXISTING BHAGALPUR BYPASS TO RASU,NHAI,N24001701,4/2022,4/2024,Sep-25,9/2025,"1,769.50",N.A.,"1,769.50",0.00,0
BIHAR,ROAD TRANSPORT AND,265,CONSTRUCTION OF 4 LANE ELEVATED HIGHWAY AND AT- GRADE IMPROVEMENTS AT GOPALGANJ TOWN FROM DESIGN CH:,NHAI,N24001702,12/2021,9/2024,N.A.,9/2024,184.90,185.00,185.00,163.01,90.67
BIHAR,ROAD TRANSPORT AND,266,6 L OF AURANGABAD TO BIHAR- JHARKHAND BORDER (CHORDAHA) SECTION FROM KM. 180.000 TO KM. 209.827 OF N,NHAI,N24001703,2/2022,5/2025,N.A.,5/2025,786.81,787.00,787.00,0.00,0
BIHAR,ROAD TRANSPORT AND,267,FOUR LANING OF MUNGER TO MIRZACHAUKI (NH-80) SECTION FROM KHARIA VILLAGE JUNCTION TO START OF EXISTI,NHAI,N24001704,3/2021,3/2024,Dec-24,12/2024,"1,020.84",N.A.,"1,020.84",84.78,0
BIHAR,ROAD TRANSPORT AND,268,FOUR LANING OF MUNGER TO MIRZACHAUKI (NH-80) SECTION FROM MUNGER TO KHARIA VILLAGE JUNCTION DESIGN C,NHAI,N24001705,3/2022,3/2024,Jun-25,6/2025,"1,485.66",N.A.,"1,485.66",0.00,0
BIHAR,ROAD TRANSPORT AND,269,BAKHTIYARPUR RAJAULI PKG-III FROM KM 101.630 TO KM 152.520 NH20,NHAI,N24001708,9/2020,6/2024,N.A.,12/2024,"2,156.22",N.A.,"2,156.22","2,134.67",98.23
BIHAR,ROAD TRANSPORT AND,270,BAKHTIYARPUR RAJAULI PKG-II FROM KM 54.405 TO KM 101.630 NH20,NHAI,N24001709,9/2020,4/2023,Dec-24,12/2024,897.45,N.A.,"1,090.00","1,037.63",97.85
BIHAR,ROAD TRANSPORT AND,271,6L OF KANHAULI RAMNAGAR PATNA RING ROAD PKG I FROM KM 0.000 TO KM 39.160 OF SH78 NEW NH131G,NHAI,N24001711,9/2020,3/2023,Dec-24,12/2024,939.43,N.A.,939.43,370.62,100
BIHAR,ROAD TRANSPORT AND,272,FOUR LANING OF PARARIA TO MOHANIA SECTION OF NH 319 (OLD NH 30) FROM KM. 54+530 (DESIGN CHAINAGE) TO,NHAI,N24001712,8/2020,7/2023,Dec-24,12/2024,690.00,N.A.,690.00,770.73,98.77
BIHAR,ROAD TRANSPORT AND,273,BALANCE WORK OF TWO LANING WITH PAVED SHOULDER OF PIPRAKOTHI?MOTIHARI- RAXAUL SECTION OF NH-28A FRO,NHAI,N24001715,12/2018,10/2020,N.A.,1/2024,333.60,466.59,461.41,460.38,100
BIHAR,ROAD TRANSPORT AND,274,IMPROVEMENT TO TWO LANE WITH PAVED SHOULDERS OF NH 122B FROM KM 29.730 TO KM 72.348 IN STATE OF BIH,MoRTH,N24001870,2/2022,11/2024,N.A.,3/2025,624.43,N.A.,624.43,216.06,73.26
BIHAR,ROAD TRANSPORT AND,275,WIDENING AND STRENTHENING FROM KM 70.15 TO KM 121.025 OF NH-80,MoRTH,N24001875,3/2021,1/2025,N.A.,3/2025,477.54,N.A.,477.54,259.66,64.84
BIHAR,ROAD TRANSPORT AND,276,WIDENING and STRENTHENING FROM KM132.895 TO KM 190.15 NH-80,MoRTH,N24001876,3/2021,3/2024,Jun-25,6/2025,566.15,N.A.,566.15,159.74,35.1
BIHAR,ROAD TRANSPORT AND,277,CONSTRUCTION OF NEW 4-LANE BRIDGE (PARALLEL TO EXISTING VIKRAMASHILA SETU)FROM KM 8+920 TO KM 13+375,MoRTH,N24001877,7/2020,5/2027,N.A.,5/2027,"1,110.23",N.A.,"1,110.23",287.30,22.3
BIHAR,ROAD TRANSPORT AND,278,IMPROVEMENT TO TWO LANE WITH PAVED SHOULDERS OF NH- 319A FROM KM 0 TO KM 45 IN STATE OF BIHAR UNDER,MoRTH,N24001878,2/2022,12/2024,N.A.,3/2025,427.29,N.A.,427.29,166.86,60
BIHAR,ROAD TRANSPORT AND,279,CONSTRUCTION OF PROPOSED 4_LANE REVELGUNJ BYPASS NH- 19 IN THE STATE OF BIHAR ON EPC MODE CONNECTING,MoRTH,N24001879,3/2022,7/2025,N.A.,7/2025,295.24,N.A.,295.24,42.62,35
BIHAR,URBAN DEVELOPMENT,280,PATNA METRO RAIL CORPORATION LIMITED,PATNA METRO RAI,N28000148,2/2019,6/2024,N.A.,9/2024,"13,365.77",N.A.,"13,925.50","2,849.11",39.36
BIHAR,WATER RESOURCES,281,SEWER NETWORK SPS AND STP BEGUSARAI,BUIDCO,N30000026,3/2018,7/2021,Dec-19,12/2024,230.06,N.A.,230.06,237.44,96
BIHAR,WATER RESOURCES,282,I AND D AND STP WORKS FOR BHAGALPUR,BUIDCO,N30000027,10/2017,9/2020,Nov-20,10/2024,254.13,413.29,413.29,120.95,83
BIHAR,WATER RESOURCES,283,I AND D AND STP AT CHAPPRA,BUIDCO,N30000028,11/2018,12/2020,N.A.,2/2024,236.15,N.A.,236.15,142.08,100
BIHAR,WATER RESOURCES,284,SEWER NETWORKS SPS AND STP HAJIPUR,BUIDCO,N30000035,3/2018,8/2021,Mar-18,12/2024,305.19,N.A.,305.19,311.72,91
BIHAR,WATER RESOURCES,285,"SEWER NETWORKS, SPS AND STP, MUNGER",BUIDCO,N30000036,3/2018,10/2021,Mar-18,6/2024,294.02,350.79,522.85,413.94,100
BIHAR,WATER RESOURCES,286,SEWERAGE SYSTEM WITH SEWER NETWORK PATNA BEUR,BUIDCO,N30000037,12/2014,3/2020,N.A.,6/2022,225.77,N.A.,398.90,363.79,100
BIHAR,WATER RESOURCES,287,SAIDPUR SEWER NETWORK PATNA,BUIDCO,N30000039,4/2015,1/2021,N.A.,6/2022,268.63,N.A.,493.85,489.65,100
BIHAR,WATER RESOURCES,288,SEWERAGE SCHEME AT PAHARI ZONE V PATNA,BUIDCO,N30000040,5/2017,4/2021,May-17,2/2023,356.37,364.00,356.37,312.24,100
BIHAR,WATER RESOURCES,289,SEWERAGE TREATMENT PLANT AT PAHARI PATNA,BUIDCO,N30000043,5/2017,11/2020,May-17,5/2022,191.62,N.A.,191.62,123.27,100
BIHAR,WATER RESOURCES,290,SEWERAGE SYSTEM WITH SEWER NETWORK PATNA KARMALICHAK,BUIDCO,N30000044,3/2017,5/2021,Mar-17,2/2023,277.42,253.98,277.42,355.31,100
BIHAR,WATER RESOURCES,291,SEWERAGE SYSTEM AND STP FOR KANKARBAG ZONE PATNA,BUIDCO,N30000050,8/2017,6/2022,N.A.,12/2025,578.89,453.83,578.89,155.42,46
BIHAR,WATER RESOURCES,292,"SEWERAGE SYSTEM AND STP FOR DIGHA ZONE, PATNA",BUIDCO,N30000051,8/2017,6/2022,N.A.,12/2025,824.00,734.09,824.00,377.18,48
CHHATTISGARH,COAL,293,GEVRA EXPANSION OCP (SECL) (35-70) MTY,SECL,060100093,6/2010,3/2023,N.A.,3/2025,"11,816.40",N.A.,"11,816.40","6,185.89",77
CHHATTISGARH,COAL,294,KUSMUNDA EXPN.OCP(SECL)(15- 50)MTY,SECL,N06000008,8/2013,3/2023,N.A.,3/2025,"7,612.33",N.A.,"7,612.33","4,627.85",80
CHHATTISGARH,COAL,295,PELMA OCP(15.00MTY),SECL,N06000045,11/2014,3/2023,N.A.,3/2030,"1,624.59",N.A.,"1,624.59",13.65,17
CHHATTISGARH,COAL,296,CHHAL OC SEAM -III (6.00 MTY),SECL,N06000104,12/2013,3/2022,Mar-25,3/2025,610.63,N.A.,610.63,570.52,85
CHHATTISGARH,COAL,297,AMERA OC RCE,SECL,N06000123,2/2015,3/2018,Mar-26,3/2026,335.97,N.A.,335.97,173.32,42
CHHATTISGARH,COAL,298,AMGAON OPENCAST PROJECT RCE,SECL,N06000135,7/2015,3/2020,Mar-26,3/2026,316.10,N.A.,316.10,187.50,65
CHHATTISGARH,COAL,299,MAHAMAYA OPENCAST PROJECT,SECL,N06000164,5/2018,3/2026,N.A.,3/2026,410.26,N.A.,410.26,179.29,38
CHHATTISGARH,COAL,300,JHIRIA WEST OPENCAST PROJECT,SECL,N06000166,11/2018,3/2026,N.A.,3/2026,366.94,N.A.,366.94,32.50,36
CHHATTISGARH,COAL,301,BAROUD OC EXPANSION (3-10 MTY),SECL,N06000197,8/2020,3/2029,N.A.,3/2029,"2,309.80",N.A.,"2,309.80",853.29,39
CHHATTISGARH,COAL,302,JAMPALI OCP RCE,SECL,N06000198,5/2020,3/2024,Mar-25,3/2025,278.64,N.A.,278.64,207.99,73
CHHATTISGARH,COAL,303,PORDA CHIMTAPANI OCP (10 MTY),SECL,N06000199,12/2020,3/2029,N.A.,3/2029,"2,310.12",N.A.,"2,310.12",43.19,10
CHHATTISGARH,COAL,304,DIPKA OC EXPANSION 40 MTY,SECL,N06000200,12/2020,3/2029,N.A.,3/2029,"5,241.40",N.A.,"5,241.40","2,729.31",37
CHHATTISGARH,COAL,305,JAGANNATHPUR OC RCE (3.0 MTY),SECL,N06000232,7/2016,3/2020,Mar-05,3/2025,459.49,N.A.,459.49,258.67,92
CHHATTISGARH,COAL,306,KATKONA RO UG PROJECT (1.74 MTY),SECL,N06000274,1/2023,3/2029,N.A.,3/2029,329.22,N.A.,329.22,0.00,2
CHHATTISGARH,DEPARTMENT OF HIGHER EDUCATION,307,"C/O PERMANENT CAMPUS OF IIT BHILAI AT KUTHELABHATA, DURG CHHATTISGARH, STAGE I PHASE I.",CPWD EDUCATION,N28000141,3/2020,7/2022,N.A.,7/2022,808.62,N.A.,808.62,640.70,99.2
CHHATTISGARH,PETROLEUM,308,AUGMENTATION OF FACILITIES AT THE EXISTING RAIPUR DEPOT,HPCL,N16000413,3/2021,3/2024,Mar-25,3/2025,456.00,N.A.,456.00,354.13,89.3
CHHATTISGARH,POWER,309,WESTERN REGION EXPANSION SCHEME XXV,PGCIL,N18000350,2/2023,11/2023,N.A.,1/2025,385.84,N.A.,385.84,186.71,63
CHHATTISGARH,POWER,310,TRANSMISSION SYSTEM ASSOCIATED WITH WESTERN REGION EXPANSION SCHEME XXVII,PGCIL,N18000354,3/2023,9/2024,N.A.,1/2025,271.69,N.A.,271.69,148.03,69
CHHATTISGARH,POWER,311,TRANSMISSION SYSTEM ASSOCIATED WITH WESTERN REGION EXPANSION SCHEME- XXVIII AND XXIX,PGCIL,N18000355,3/2023,3/2025,N.A.,3/2025,260.30,N.A.,260.30,128.79,89
CHHATTISGARH,POWER,312,"LARA SUPER THERMAL POWER PROJECT, STAGE-II (2X800 MW)",NTPC,N18000381,8/2023,6/2028,N.A.,6/2028,"15,530.00",N.A.,"15,530.00",709.38,0
CHHATTISGARH,RAILWAYS,313,KIRANDUL - JAGDALPUR DOUBLING,ECOR,N22000318,12/2012,3/2020,N.A.,3/2024,"1,160.00",N.A.,"1,440.00","1,458.79",89
CHHATTISGARH,RAILWAYS,314,JHARSUGUDA-BILASPUR 4TH LINE,SECR,N22000484,4/2015,3/2021,Dec-23,8/2025,"1,973.00","2,135.34","2,135.34","2,107.58",88
CHHATTISGARH,RAILWAYS,315,KHARSIA DHARAMJAIGARH WITH SPUR LINE EAST CORRIDOR- PHASE I,IRCON,N22000489,4/2013,9/2018,N.A.,12/2024,"3,055.00","3,438.39","3,438.39","3,041.21",93
CHHATTISGARH,RAILWAYS,316,Gauge conversion of Raipur(Kendri)- Dhamtari and Abhanpur-Rajim branch (67.20 km),SECR,N22000572,7/2011,10/2024,N.A.,2/2025,"1,171.30",N.A.,"1,171.30",560.45,80
CHHATTISGARH,RAILWAYS,317,NIPANIA-BHATAPRA (14.4 KM) 4TH LINE (PB#72/NR/2022-23),SECR,N22000573,9/2022,12/2026,N.A.,12/2026,170.49,N.A.,170.49,0.10,0
CHHATTISGARH,RAILWAYS,318,4TH LINE - BHATAPARA- HATHBAND (8.8 KM) (PB#72/NR/2022-23),SECR,N22000574,12/2022,12/2026,N.A.,12/2026,177.03,N.A.,177.03,0.21,0
CHHATTISGARH,RAILWAYS,319,4TH LINE - BHILAI-BHILAI NAGAR (8.8 KM) (PB#72/NR/2022-23),SECR,N22000575,9/2022,9/2026,N.A.,9/2026,169.06,N.A.,177.34,1.17,0
CHHATTISGARH,RAILWAYS,320,4TH LINE - DADHAPARA-BELHA (9.2 KM) (PB#72/NR/2022-23),SECR,N22000576,9/2022,9/2026,N.A.,9/2026,169.06,N.A.,169.06,0.88,0
CHHATTISGARH,RAILWAYS,321,4TH LINE - RAJNANDGAON- DONGARHGARH (31.2 KM) (PB#72/NR/2022-23),SECR,N22000577,9/2022,9/2026,N.A.,9/2026,328.34,N.A.,328.34,5.99,5
CHHATTISGARH,RAILWAYS,322,3RD AND 4TH LINE - SARAGBUNDIA AND MADWARANI,SECR,N22000579,9/2022,9/2026,N.A.,9/2026,167.64,N.A.,167.64,0.00,0
CHHATTISGARH,RAILWAYS,323,DOUBLING OF BORIDAND - AMBIKAPUR ( SURAJPUR),SECR,N22000580,6/2022,6/2030,N.A.,6/2030,"1,376.20",N.A.,775.82,60.00,10
CHHATTISGARH,RAILWAYS,324,DALLIRAJHARA - ROWGHAT (95 KM) {PART OF DALLIRAJHARA- JAGDALPUR (235 KM)},RVNL,N22000602,3/2008,6/2025,N.A.,6/2025,631.78,N.A.,"1,627.56","1,349.09",0
CHHATTISGARH,RAILWAYS,325,CHIRIMIRI-NAGPUR HALT,SECR,N22000616,10/2018,6/2030,N.A.,6/2030,241.00,N.A.,241.00,0.00,0
CHHATTISGARH,ROAD TRANSPORT AND,326,CONSTRUCTION OF 6 LANE DURG RAIPUR ARANG BYPASS PKG 1 SECTION OF NH 53 FROM CH 0.000 TO CH 44.50,NHAI,N24002045,6/2022,7/2025,N.A.,7/2025,"1,828.00",N.A.,"1,828.00",359.97,18.5
CHHATTISGARH,ROAD TRANSPORT AND,327,CONSTRUCTION OF 6 LANE DURG RAIPUR ARANG BYPASS PKG 2 SECTION OF NH 53 FROM CH 44+500 TO CH.92+230 I,NHAI,N24002046,6/2022,5/2025,N.A.,5/2025,"1,958.94","1,959.00","1,958.94",596.07,22.1
CHHATTISGARH,ROAD TRANSPORT AND,328,REHABILITATION AND UPGRADATION OF NH 43 KANKER TO BEDMA SECTION KM. 130 TO 180,MoRTH,N24001217,1/2016,8/2016,N.A.,12/2024,497.14,572.66,572.66,367.31,57.8
CHHATTISGARH,ROAD TRANSPORT AND,329,REHABILITATION AND UPGRADATION OF NH 78 FROM KM 373.505 TO 469.300 AMBIKAPUR TO PATHALGAON SECTION,MoRTH,N24001221,1/2016,10/2016,N.A.,12/2024,624.98,N.A.,731.50,607.62,99
CHHATTISGARH,ROAD TRANSPORT AND,330,REHABILITATION AND UPGRADATION OF NH 78 FROM KM 469.000 TO 531.000 PATTHALGAON TO KUNKURI,MoRTH,N24001222,3/2016,7/2016,N.A.,3/2025,452.94,N.A.,435.61,300.32,64.48
CHHATTISGARH,ROAD TRANSPORT AND,331,CONSTRUCTION OF 4 NOS GRADE SEPARATOR BETWEEN KM. 281.000 TO KM 307.600 KM. 286.400 KUMHARI KM. 299.,MoRTH,N24001227,3/2018,1/2019,N.A.,12/2024,349.03,N.A.,349.03,316.52,97.9
CHHATTISGARH,ROAD TRANSPORT AND,332,UPGRADATION AND WIDENING OF BILASPUR TO MUNGELI SECTION NH-130A,MoRTH,N24001228,11/2017,5/2019,N.A.,12/2024,188.80,N.A.,188.80,136.81,97
CHHATTISGARH,ROAD TRANSPORT AND,333,DEVELOPMENT OF SIX LANE SARGI-BASANWAHI OF NH 130 CD FROM KM.42+800 TO 99+500 UNDER RAIPUR VISAKHAPA,NHAI,N24001588,12/2021,1/2025,N.A.,9/2025,"1,470.73",N.A.,"1,470.73",517.70,61.5
CHHATTISGARH,ROAD TRANSPORT AND,334,DEVELOPMENT OF SIX LANE JHANKI SARGI OF NH 130 CD FROM KM.0+000 TO 42+800 UNDER RAIPUR VISAKHAPATTNA,NHAI,N24001593,11/2021,9/2024,N.A.,6/2025,"1,368.19",N.A.,"1,368.19",804.21,82.71
CHHATTISGARH,ROAD TRANSPORT AND,335,4 LANE OF BILASPUR TO URGA PROJECT (KM 0.00 TO KM 70.2) OF NH-130A,NHAI,N24001611,4/2020,3/2024,N.A.,9/2025,"1,855.59","2,523.86","2,523.86",388.38,77.4
CHHATTISGARH,ROAD TRANSPORT AND,336,UP GRADATION OF NH 930 SHERPAR TO KOHKA FROM KM 67.880 TO KM 114.860 TO TWO LANE WITH PAVED SHOULDER,MoRTH,N24001917,3/2020,5/2024,N.A.,12/2024,278.97,N.A.,278.97,182.40,75.34
CHHATTISGARH,ROAD TRANSPORT AND,337,UP GRADATION OF NH 130C ABHANPUR TO PAUND FROM NK KM 0.000 TO KM. 40.380 TO TWO LANE WITH PAVED SHOU,MoRTH,N24001919,12/2020,9/2023,Nov-24,12/2024,193.16,N.A.,193.16,87.65,79.7
CHHATTISGARH,ROAD TRANSPORT AND,338,UPGRADATION OF NH 130A MUNGELI TO PONDI FROM NH KM. 51.600 TO KM. 77.870 KM. 80.970 TO 96.970 TO 2,MoRTH,N24001920,3/2021,9/2024,N.A.,1/2025,218.57,N.A.,218.57,96.46,77.12
CHHATTISGARH,ROAD TRANSPORT AND,339,DEVELOPMENT OF SIX LANE BASANWAHI-MARANGPURI OF NH 130 CD FROM KM.99+500 TO 124+661 UNDER RAIPUR VIS,NHAI,N24002017,3/2022,10/2025,N.A.,9/2026,"1,307.16",N.A.,"1,307.16",135.17,14
CHHATTISGARH,STEEL,340,NMDC SLURRY PIPE LINE PROJECT - PHASE-1,NMDC,N12000124,11/2015,6/2023,Jul-24,12/2025,"2,907.00",N.A.,"2,907.00","2,269.20",62.8
CHHATTISGARH,STEEL,341,SCREENING PLANT-III AT KIRANDUL,NMDC,N12000127,3/2021,8/2024,N.A.,1/2026,"2,092.97","2,718.84","2,718.84","1,317.53",65.99
CHHATTISGARH,STEEL,342,CONSTRUCTION OF RESIDENTIAL TOWERS AT BIOM KIRANDUL COMPLEX,NMDC,N12000130,7/2021,11/2024,N.A.,12/2025,282.44,N.A.,282.44,143.52,54
CHHATTISGARH,STEEL,343,"REPLACEMENT OF CONVERTER VESSELS, TRUNNION RINGS, SUPPORT SYSTEM AND INSTALLATION OF SECONDARY EMISS",SAIL,N12000131,10/2023,6/2026,N.A.,6/2026,471.83,N.A.,471.83,39.54,3.5
CHHATTISGARH,STEEL,344,REBUILDING OF COKE OVEN BATTERY NO.7 AND 8 OF BHILAI STEEL PLANT,SAIL,N12000134,11/2023,10/2025,N.A.,10/2025,884.10,N.A.,884.10,266.72,50.5
CHHATTISGARH,URBAN DEVELOPMENT,345,CONSTRUCTION729 QUARTERS (TYPE II-180 TYPE III-364 TYPE IV- 112 TYPE V-68 TYPE-VI-5 SHOPS COMMUNI,CPWD,N28000149,5/2019,9/2020,Oct-24,10/2024,299.97,299.97,299.97,246.42,83
DELHI,CIVIL AVIATION,346,"CONSTRUCTION OF COMBINED OPERATIONAL OFFICES FOR DGCA, BCAS, AAIB, AERA AND AAI AT SAFDARJUNG AIRPOR",AAI,N04000076,11/2016,4/2020,Apr-24,4/2024,303.80,374.98,351.21,328.61,100
DELHI,DPIIT,347,INDIA INTERNATIONAL CONVENTION AND EXPO CENTRE,IICC FOR DPIIT,N40000002,11/2017,12/2019,N.A.,11/2024,"4,773.00",N.A.,"5,401.00","4,823.97",97
DELHI,FINANCE,348,"C/O RESIDENTIAL COMPLEX BUILDING FOR CENTRAL BOARD OF INDIRECT TAXES AND CUSTOMS AT SECTOR-9, DWARKA",NPCC,N07000001,7/2018,4/2022,N.A.,4/2022,228.50,N.A.,220.27,176.28,85
DELHI,HOME AFFAIRS,349,ESTABLISHMENT OF CENTRAL ARMED POLICE FORCE INSTITUTE OF MEDICAL SCIENCES(CAPFIMS) AT NEW DELHI,CPWD FOR MHA,N28000071,10/2013,10/2019,N.A.,9/2024,"1,219.21","2,091.53","2,091.53","1,938.47",100
DELHI,HOME AFFAIRS,350,CONSTRUCTION OF HEADQUARTER BUILDING OF CRPF AT LODHI ROAD NEW DELHI,CPWD FOR MHA,N45000002,6/2019,7/2022,N.A.,5/2025,277.35,N.A.,277.35,93.49,55
DELHI,RAILWAYS,351,ANAND VIHAR-TILAK BRIDGE 3RD AND 4TH LINE,NR,N22000281,4/2012,,N.A.,9/2023,295.68,N.A.,419.00,133.78,30
DELHI,ROAD TRANSPORT AND,352,SIX LANE ACCESS CONTROLLED OF DELHI SAHARANPUR HIGHWAY FROM AKSHARDHAM NH 9 JUNCTION TO DELHI UP BOR,NHAI,N24001771,6/2020,12/2024,N.A.,12/2024,"1,479.22",N.A.,"1,479.22","1,491.26",99
DELHI,ROAD TRANSPORT AND,353,6L ACCESS CONTROLLED HIGHWAY FROM DND MAHARANI BAGH JN. WITH JAITPUR PUSHTA ROAD OF NH 148NA FROM,NHAI,N24001773,5/2020,7/2024,N.A.,9/2025,"1,467.44",N.A.,"1,942.89",959.92,80.57
DELHI,ROAD TRANSPORT AND,354,DEVELOPMENT OF 6L UER-II (PACKAGE-I) (NH-1 NEAR BAKOLI TILL KARALA KANJHAWALA ROAD) FROM KM. (-)0.70,NHAI,N24001777,7/2020,10/2023,N.A.,12/2024,"2,171.80",N.A.,"2,171.80",958.13,99.35
DELHI,ROAD TRANSPORT AND,355,DEVELOPMENT OF 4L UER II [PACKAGE - V] (SPUR TO BAHADURGARH BYPASS) (NH-10) FROM KM. 0.00 TO KM.7.30,NHAI,N24001778,7/2020,10/2023,N.A.,12/2024,801.46,N.A.,801.46,382.03,99.33
DELHI,ROAD TRANSPORT AND,356,DWARKA EXPRESSWAY FROM KM -0.600 TO KM 5.300 - PKG-I (SHIVMURTI CHOWK-RUB NEAR DWARKA SECTOR 21),NHAI,N24001779,3/2018,9/2022,N.A.,3/2025,"2,507.00",N.A.,"3,030.73","1,155.70",86.31
DELHI,ROAD TRANSPORT AND,357,8L OF DWARKA EXPRESSWAY PKG-II (RUB NEAR DWARKA SECTOR 21-DL/HR BORDER) FROM 5.300 KM.TO 9.500 KM. O,NHAI,N24001781,1/2018,10/2021,N.A.,12/2024,"2,067.67",N.A.,"2,160.00","1,496.49",97.25
DELHI,ROAD TRANSPORT AND,358,DEVELOPMENT OF 6L UER II [PACKAGE - II] (KARALA KANJHAWALA ROAD TILL NANGLOI - NAJAFGARH ROAD) FROM,NHAI,N24001825,7/2020,10/2023,N.A.,3/2025,"1,894.96",N.A.,"1,894.96",741.88,86.53
DELHI,TELECOMMUNICATIONS,359,SETTING UP PHYSICAL INFRASTRUCTURE FOR THE NATIONAL INSTITUTE OF COMMUNICATION FINANCE(NICF) AT GHIT,CPWD FOR TELECO,N28000115,10/2014,3/2018,N.A.,3/2025,248.20,N.A.,248.20,224.32,98
DELHI,URBAN DEVELOPMENT,360,DELHI MRTS PHASE-III,DMRC,N28000056,9/2011,3/2016,Aug-21,8/2021,"38,585.00","43,095.35","40,180.91","40,535.62",100
DELHI,URBAN DEVELOPMENT,361,REDEVELOPMENT OF GPRA COLONY AT NAUROJI NAGAR,NBCC,N28000105,7/2016,,N.A.,10/2024,"2,694.00",N.A.,"2,694.00","2,402.68",98
DELHI,URBAN DEVELOPMENT,362,REDEVELOPMENT OF GENERAL POOL RESIDENTIAL COLONY AT SRINIWASPURI NEW DELHI PHASE-I,CPWD,N28000128,10/2016,7/2021,N.A.,6/2024,"1,180.00",N.A.,"1,100.80",36.69,2
DELHI,URBAN DEVELOPMENT,363,REDEVELOPMENT OF GPRA AT KASTURBA NAGAR PHASE I,CPWD,N28000129,10/2016,3/2022,N.A.,6/2024,"1,128.00",N.A.,"1,128.00",576.45,48
DELHI,URBAN DEVELOPMENT,364,DELHI METRO PHASE IV THREE PRIORITY CORRIDORS,DMRC,N28000135,7/2019,3/2025,N.A.,3/2026,"24,948.65",N.A.,"24,948.65","13,503.45",56
DELHI,URBAN DEVELOPMENT,365,DELHI METRO RAIL EXTENSION FROM NAJAFGARH TO DHANSA BUS STAND,DMRC,N28000136,5/2017,12/2020,Nov-22,11/2022,565.00,739.49,565.00,522.33,100
DELHI,URBAN DEVELOPMENT,366,"CONSTRUCTION OF 184 MULTI STORIED FLATS FOR HON'BLE MPS AT BKS MARG, NEW DELHI",CPWD,N28000153,1/2022,11/2024,May-25,5/2025,646.52,N.A.,646.52,334.56,70
DELHI,URBAN DEVELOPMENT,367,REDEVELOPMENT OF GPRA AT NETAJI NAGAR NEW DELHI PACKAGE 2,NBCC,N28000156,10/2016,3/2024,N.A.,3/2025,"1,536.72",N.A.,"1,536.72",334.65,77
DELHI,WATER RESOURCES,368,CONSTRUCTION OF 564 MLD 124 MGD WASTE WATER TREATMENT PLANT WITH EFFLUENT STANDARDS OF BOD ? 10MG/L,DJB,N30000014,3/2017,12/2022,N.A.,12/2024,665.78,N.A.,665.78,782.51,96
DELHI,WATER RESOURCES,369,REHABILITATION AND UP- GRADATION OF PHASE I STP 182 MLD R2,DJB,N30000015,5/2016,12/2021,N.A.,2/2024,211.79,223.70,211.79,208.71,100
DELHI,WATER RESOURCES,370,REHABILITATION AND UPGRADATION OF KONDLI PHASE I STP 45 MLD PHASE II STP 114 MLD AND PHASE III S,DJB,N30000016,5/2016,2/2022,Sep-23,7/2023,239.11,314.71,239.11,268.13,100
DELHI,WATER RESOURCES,371,CONSTRUCTION OF 318 MLD WWTP WITH 10 YEARS O AND M AT CORONATION PILLAR DELHI,DJB,N30000017,12/2018,1/2021,N.A.,3/2022,515.07,N.A.,515.07,388.08,100
GOA,CIVIL AVIATION,372,EXTENSION OF EXISTING INTEGRATED TERMINAL BUILDING AND ALLIED WORKS AT GOA AIRPORT.,AAI,N04000095,11/2017,9/2021,N.A.,3/2025,255.69,N.A.,255.69,82.82,65
GOA,DEPARTMENT OF HIGHER EDUCATION,373,"CONSTRUCTION OF PERMANENT CAMPUS FOR NATIONAL INSTITUTE OF TECHNOLOGY GOA AT CUNCOLIM, GOA.",CPWD EDUCATION,N42000002,5/2019,8/2021,N.A.,12/2024,303.90,N.A.,390.40,364.00,0
GOA,PETROLEUM,374,"UPGRADING IPSHEM TO WORLD CLASS FACILITY OF ONGC, GOA",ONGC,N16000502,3/2023,6/2024,N.A.,1/2025,325.53,N.A.,325.53,290.46,99.4
GOA,ROAD TRANSPORT AND HIGHWAYS,375,CONSTRUCTION OF SIX LANE ELEVATED CORRIDOR FROM KM. 508.000 TO KM. 513.150 INCLUDING APPROACHES ON N,MoRTH,N24002181,4/2023,4/2026,N.A.,4/2026,641.46,N.A.,641.46,0.00,0
GUJARAT,CIVIL AVIATION,376,"C/O NEW GREENFIELD AIRPORT AT HISSAR, RAJKOT, GUJARAT",AAI,N04000088,1/2018,8/2022,May-24,10/2024,"1,405.00",N.A.,"1,405.00","1,295.83",100
GUJARAT,CIVIL AVIATION,377,"EXTENSION OF TERMINAL BUILDING, PTT, APRON AND CAR PARK AT SURAT AIRPORT.",AAI,N04000093,8/2018,2/2021,N.A.,3/2025,353.25,N.A.,353.25,343.17,98.4
GUJARAT,CIVIL AVIATION,378,"DEVELOPMENT OF NEW GREENFIELD AIRPORT AT DHOLERA, AHMEDABAD (GUJARAT). PHASE-1.",AAI,N04000099,6/2022,12/2025,N.A.,12/2025,"1,305.00","1,143.95","1,143.95",266.00,36
GUJARAT,PETROLEUM,379,REDEVELOPMENT OF SANTHAL FIELD,ONGC,N16000279,2/2017,3/2026,N.A.,3/2026,"1,162.56",N.A.,"1,162.56","1,118.85",91.2
GUJARAT,PETROLEUM,380,ACRYLICS OR OXO-ALCOHOL PROJECT AT GUJARAT REFINERY,IOCL,N16000382,11/2019,5/2023,Mar-24,12/2024,"5,251.00","5,894.00","5,894.00","4,584.19",98.8
GUJARAT,PETROLEUM,381,PETROCHEMICAL AND LUBE INTEGRATION PROJECT AT GUJARAT REFINERY,IOCL,N16000409,9/2020,8/2024,Dec-25,12/2025,"18,936.00",N.A.,"18,936.00","9,448.55",76.9
GUJARAT,PETROLEUM,382,AUGUMENTATION OF SALAYA MATHURA CRUDE OIL PIPELINE SYSTEM,IOCL,N16000411,10/2020,8/2023,Nov-24,6/2025,"1,614.00",N.A.,"1,614.00","1,043.12",92.32
GUJARAT,PETROLEUM,383,REDEVELOPMENT OF LINCH FIELD,ONGC,N16000428,4/2021,3/2025,N.A.,7/2025,631.03,860.04,860.04,286.02,54.8
GUJARAT,PETROLEUM,384,REDEVELOPMENT OF SOBHASAN COMPLEX,ONGC,N16000431,8/2021,2/2026,N.A.,2/2026,885.63,"1,286.67","1,286.67",452.12,45.6
GUJARAT,PETROLEUM,385,COMMERCIAL POLYMER FLOODING PROJECT IN BECHRAJI FIELD,ONGC,N16000444,1/2022,11/2024,N.A.,11/2025,621.40,N.A.,621.40,105.69,20.2
GUJARAT,PETROLEUM,386,INSTALLATION OF NEW BITUMEN UNIT ALONG WITH ALLIED FACILITIES AT GUJARAT,IOCL,N16000454,1/2022,9/2024,N.A.,8/2025,328.00,N.A.,328.00,31.09,26.8
GUJARAT,PETROLEUM,387,"RESTORATION OF GAS TERMINAL, PHASE-I (PART-A), HAZIRA PLANT",ONGC,N16000477,5/2022,2/2025,N.A.,2/2025,249.43,N.A.,249.43,134.47,84.4
GUJARAT,PETROLEUM,388,KALOL REDEVELOPMENT PROJECT,ONGC,N16000481,8/2022,3/2027,N.A.,3/2027,"1,487.41",N.A.,"1,487.41",802.53,55.2
GUJARAT,PETROLEUM,389,OLD PIPE LINE REPLACEMENT (OPRP) GROUP-A,ONGC,N16000483,7/2021,7/2025,N.A.,7/2025,173.03,N.A.,169.84,125.98,79.5
GUJARAT,PETROLEUM,390,"REVAMPING OF SV STATIONS, GAS TERMINAL AND KRIBHCO TERMINAL",ONGC,N16000514,11/2022,8/2026,N.A.,8/2026,837.34,N.A.,837.34,51.75,30.8
GUJARAT,POWER,391,GUJARAT 200 MW (GUVNL TENDER),NTPC,N18000295,1/2021,7/2022,N.A.,3/2025,842.27,N.A.,842.27,668.88,30
GUJARAT,POWER,392,"150 MW SOLAR PV PROJECT IN GUJARAT (LIMBDI, MESANKA AND RADHANPUR)",NTPC,N18000296,5/2021,9/2022,N.A.,1/2025,674.92,N.A.,674.92,542.90,91
GUJARAT,POWER,393,Bagodara Solar Power Project,SJVN,N18000297,5/2021,10/2022,N.A.,6/2025,339.35,N.A.,339.35,335.65,51
GUJARAT,POWER,394,DAYAPAR WIND ENERGY PROJECT 150MW,NTPC,N18000319,11/2021,5/2023,N.A.,12/2024,937.80,N.A.,937.80,773.34,98
GUJARAT,POWER,395,DAYAPAR WIND ENERGY PROJECT 200MW,NTPC,N18000345,7/2022,3/2025,N.A.,1/2026,"1,316.02",N.A.,"1,316.02",271.77,23
GUJARAT,POWER,396,KHAWDA 1255MW SOLAR PROJECT (KHAWDA SOLAR PARK),NTPC,N18000346,9/2022,9/2024,N.A.,1/2026,"7,179.54",N.A.,"7,179.54","2,298.13",61
GUJARAT,POWER,397,BHUJ SOLAR 300MW (TRANCHE- IV WIND SOLAR HYBRID),NTPC,N18000349,11/2022,3/2024,N.A.,3/2025,"1,442.60",N.A.,"1,442.60",711.35,2
GUJARAT,POWER,398,ESTABLISHMENT OF KHAVDA POOLING STATION 3 (KPS3) IN KHAVDA RE PARK,PGCIL,N18000357,3/2023,12/2024,N.A.,2/2025,922.30,N.A.,922.30,345.67,60
GUJARAT,POWER,399,TRANSMISSION NETWORK EXPANSION IN GUJARAT ASSOCIATED WITH INTEGRATION OF RE PROJECTS FROM KHAVDA POT,PGCIL,N18000358,3/2023,3/2025,N.A.,3/2025,815.12,N.A.,815.12,7.99,42
GUJARAT,POWER,400,"KHAVDA-2, GUJARAT- ESTABLISHMENT OF KHAVDA POOLING STATION-2 (KPS2) IN KHAVDA RE PARK",PGCIL,N18000359,3/2023,12/2024,N.A.,2/2025,966.79,N.A.,966.79,176.22,63
GUJARAT,POWER,401,"KHAVDA PHASE-II-PART B, GUJARAT- TRANSMISSION SCHEME FOR EVACUATION OF 4.5 GW RE INJECTION AT KHAVDA",PGCIL,N18000360,3/2023,3/2025,N.A.,3/2025,"1,167.55",N.A.,"1,167.55",521.14,26
GUJARAT,POWER,402,"KHAVDA PHASE-II-PART C, GUJARAT- TRANSMISSION SCHEME FOR EVACUATION OF 4.5 GW RE INJECTION AT KHAVDA",PGCIL,N18000361,3/2023,3/2025,N.A.,3/2025,"2,820.99",N.A.,"2,820.99","1,858.46",22
GUJARAT,POWER,403,KHAVDA 1200MW (4X300MW) IN KHAVDA RE PARK,NTPC,N18000365,6/2023,12/2024,N.A.,1/2026,"6,283.81",N.A.,"6,283.81","1,231.79",16
GUJARAT,POWER,404,DAYAPAR WIND- III (HYBRID TRANCHE-V),NTPC,N18000366,5/2023,1/2025,N.A.,5/2025,"1,095.01",N.A.,"1,095.01",297.33,0
GUJARAT,POWER,405,TS FOR EVACUATION OF POWER FROM POTENTIAL RE ZONE IN KHAVDA AREA OF GUJARAT UNDER PH-IV PART E3,PGCIL,N18000383,7/2023,7/2025,N.A.,7/2025,334.00,N.A.,334.00,0.00,0
GUJARAT,POWER,406,TS FOR EVACUATION OF ADDITIONAL 7GW RE POWER FROM KHAVDA RE PARK UNDER PHASE-III PART B [VATAMAN TRA,PGCIL,N18000384,12/2023,12/2025,N.A.,12/2025,"3,752.00",N.A.,"3,752.00",292.02,1.6
GUJARAT,POWER,407,TS FOR EVACUATION OF POWER FROM 7GW REZ IN KHAVDA AREA UNDER PHASE-IV PART E2,PGCIL,N18000390,5/2024,5/2026,N.A.,5/2026,679.00,N.A.,679.00,0.00,0
GUJARAT,RAILWAYS,408,MIYAGAM-KARJAN-DABHOI- SAMLAYA (GC),WR,N22000142,4/2011,,Oct-25,10/2025,844.10,844.10,844.10,575.51,41
GUJARAT,RAILWAYS,409,ANAND GODHRA DOUBLING PROJECT 79 KMS,WR,N22000504,4/2017,3/2020,Dec-24,12/2024,692.25,692.26,692.26,602.33,94
GUJARAT,RAILWAYS,410,MEHSANA PALANPUR DOUBLING PROJECT 65.10 KMS,WR,N22000505,4/2018,3/2024,Oct-24,10/2024,537.31,537.31,537.31,834.67,99
GUJARAT,RAILWAYS,411,4TH LINE BETWEEN BAREJADI NANDEJ (GERATPUR)- SANAND (38.20 KM) (AHMEDABAD BYPASS).,WR,N22000532,2/2023,3/2027,Feb-27,2/2027,961.67,961.67,961.67,39.50,2
GUJARAT,RAILWAYS,412,QUADRUPLING BETWEEN GANDHIDHAM - ADIPUR WITH Y CONNECTION AT ADIPUR FOR PROVIDING DIRECT ENTRY TOWAR,WR,N22000533,2/2023,12/2025,Oct-25,10/2025,152.44,152.44,152.44,44.23,6
GUJARAT,RAILWAYS,413,RAJKOT-KANALUS (111.20 KM),WR,N22000535,10/2021,10/2026,Dec-25,12/2025,"1,011.72","1,080.58","1,080.58","1,237.02",62
GUJARAT,RAILWAYS,414,HIMMATNAGAR-KHEDBRAHMA (54.83 KM),WR,N22000537,6/2022,2/2030,Feb-25,2/2025,354.99,482.42,482.42,724.57,62
GUJARAT,RAILWAYS,415,PETLAD-BHADRAN (22.5 KM),WR,N22000538,5/2022,5/2030,N.A.,12/2025,202.50,307.12,307.12,56.07,7
GUJARAT,RAILWAYS,416,NADIAD-PETLAD (37.26 KM),WR,N22000539,5/2022,6/2030,N.A.,12/2025,335.34,461.91,461.91,67.88,7
GUJARAT,RAILWAYS,417,SAMLAYA-TIMBA ROAD (53.53 KM),WR,N22000540,2/2023,3/2030,N.A.,1/2027,401.48,670.17,670.17,73.40,9
GUJARAT,RAILWAYS,418,SAMNI-JAMBUSAR (24.08 KM),WR,N22000541,5/2022,3/2030,Apr-26,4/2026,216.72,349.93,349.93,67.50,25
GUJARAT,RAILWAYS,419,VIJAPUR-AMBLIYASAN (41.53 KM),WR,N22000547,5/2022,3/2030,Feb-25,2/2025,309.81,415.38,415.38,467.95,75
GUJARAT,RAILWAYS,420,ADRAJ MOTI-VIAJAPUR (39.75 KM),WR,N22000548,5/2022,5/2030,N.A.,5/2030,296.54,N.A.,296.54,0.00,0
GUJARAT,RAILWAYS,421,NEW BG LINE BETWEEN NALIYA- JAKHAU PORT,WR,N22000550,2/2023,1/2028,Sep-26,9/2026,410.46,410.46,410.46,33.59,2
GUJARAT,RAILWAYS,422,NEW BG LINE INTERSECTION (5 NOS) BETWEEN GERATPUR- SANAND & BOTAD-AHMEDABAD (16.51 KM) (PB#29/NR/202,WR,N22000551,10/2022,10/2027,N.A.,10/2027,437.21,N.A.,437.21,0.00,0
GUJARAT,RAILWAYS,423,TARANGA HILL ABU ROAD VIA AMBAJI NEW LINE,NWR,N22000592,7/2022,7/2030,N.A.,12/2026,"1,695.82",N.A.,"2,798.16",822.02,15
GUJARAT,RAILWAYS,424,JUNAGARH -VISAVADAR (42.28) KM,RVNL,N22000600,6/2022,12/2026,N.A.,12/2026,492.83,N.A.,492.83,0.00,0
GUJARAT,RAILWAYS,425,MODASA- SHAMLAJI NEW LINE ( MM OF AHMEDABAD- HIMMATNAGAR-UDAIPUR (299.2 KM)),WR,N22000622,9/2012,3/2027,Mar-26,3/2026,261.68,261.68,261.68,605.82,42
GUJARAT,ROAD TRANSPORT AND,426,UPGRADATION OF DHORAJI JAMKANDORNA KALAVAD SECTION OF NH 927D FROM DESIGN CHAINAGE KM 00 TO KM 58.11,MoRTH,N24002117,10/2022,2/2024,Feb-26,2/2026,246.60,291.00,291.00,29.33,15
GUJARAT,ROAD TRANSPORT AND,427,UPGRADATION TO TWO LANE WITH PAVED SHULDER CONFIGUARATION FROM KM 00 TO 47 OF NH 351 MAHUVA TO BADHA,MoRTH,N24002118,12/2022,2/2024,Aug-25,8/2025,173.06,N.A.,219.00,0.15,0
GUJARAT,ROAD TRANSPORT AND,428,WORK OF DEVELOPMENT AND CONSTRUCTION OF ELEVATED CORRIDORFROM KM 38/660 TO KM 42/690 (ISCON JUNCTION,MoRTH,N24002182,3/2023,3/2026,N.A.,3/2026,530.20,N.A.,530.20,0.00,0
GUJARAT,ROAD TRANSPORT AND,429,"WIDENING 2 LANE TO 4-LANE FROM KM 92/320 TO KM 115/320 (VAV CHOKDI-SATLASANA TO TO VRUNDAVAN CHOKDI,",MoRTH,N24002183,3/2022,3/2026,N.A.,3/2026,151.13,N.A.,171.00,0.00,0
GUJARAT,ROAD TRANSPORT AND,430,FOUR LANING OF BHAVNAGAR- TALAJA SECTION OF NH-8E FROM KM. 7.090 TO KM. 53.585 (DESIGN CH FROM KM. 6.,NHAI,N24000567,5/2016,8/2019,N.A.,2/2024,998.18,N.A.,998.18,802.04,100
GUJARAT,ROAD TRANSPORT AND,431,FOUR LANING OF KAGAVADAR - UNA SECTION OF NH-8E FROM KM 139.915 TO KM 180.478 (PACKAGE-IV) IN THE ST,NHAI,N24000569,5/2016,9/2019,May-24,11/2024,723.64,N.A.,723.64,559.55,96
GUJARAT,ROAD TRANSPORT AND,432,FOUR LANING OF UNA TO KODINAR OF NH-8E FROM KM. 180.478 TO KM 221.610 (PACKAGE-V) IN THE STATE OF GU,NHAI,N24000570,5/2016,8/2019,N.A.,11/2024,763.08,N.A.,763.08,512.85,95.91
GUJARAT,ROAD TRANSPORT AND,433,4-LANNING OF KODINAR TO VERAVAL SECTION OF NH-8E FROM KM 221.610 TO KM 263.000,NHAI,N24000592,7/2016,7/2020,N.A.,10/2024,829.97,N.A.,829.97,465.75,92.23
GUJARAT,ROAD TRANSPORT AND,434,SIX LANNING FROM KM. 401.200 TO 494.410 OF NH-8 ON HYBRID ANNUITY MODE UNDER NHDP- V(PKG VI)REG.,NHAI,N24000649,1/2017,12/2020,Jun-25,6/2025,"1,251.11","1,527.75","1,527.75",684.13,83.84
GUJARAT,ROAD TRANSPORT AND,435,CONSTRUCTION OF EIGHT LANE VADODARA KIM EXPRESSWAY FROM KM 254.430 TO KM 279.000 (KIM TO ANKLESHWAR,NHAI,N24000834,3/2018,10/2021,Sep-24,9/2024,"1,161.39","1,404.00","1,404.00",418.51,39.17
GUJARAT,ROAD TRANSPORT AND,436,CONSTRUCTION OF MISSING LINKS (SINGLE LANE) IN LAKHPAT GADULI HAJIPIR ODMA KHAVDA DHOLAVIRA MAUVANA,MoRTH,N24000925,10/2018,11/2020,Sep-24,9/2024,400.76,394.44,394.44,287.39,87
GUJARAT,ROAD TRANSPORT AND,437,CONSTRUCTION OF ROB WITH APPROACHES IN LIEU OF L C NO 165 OF AHMEDABAD PALANPUR BETWEEN RAILWAY STAT,MoRTH,N24001427,6/2020,4/2023,Sep-24,9/2024,166.21,N.A.,166.21,98.65,93
GUJARAT,ROAD TRANSPORT AND,438,CONSTRUCTION OF FOUR LANE EXPRESSWAY FROM START OF SARDAR PATEL RING ROAD TO SINDHREJ VILLAGE (CH. 0,NHAI,N24001443,5/2020,3/2024,Nov-24,1/2025,690.30,929.95,929.95,"1,167.08",79.7
GUJARAT,ROAD TRANSPORT AND,439,CONSTRUCTION OF FOUR LANE EXPRESSWAY FROM START OF SINDHREJ VILLAGE (CH. 22.00 TO CH. 48.52) SECTION,NHAI,N24001444,5/2020,1/2024,Nov-24,1/2025,882.00,N.A.,882.00,"1,201.73",75.24
GUJARAT,ROAD TRANSPORT AND,440,CONSTRUCTION OF FOUR LANE EXPRESSWAY FROM START OF VEJALLKA VILLAGE TO START OF DSIR ZONE OF AHMEDAB,NHAI,N24001445,5/2020,7/2023,Nov-24,1/2025,691.52,903.85,903.85,897.72,88.47
GUJARAT,ROAD TRANSPORT AND,441,CONSTRUCTION OF FOUR LANE EXPRESSWAY FROM START OF DSIR ZONE OF AHMEDABAD DISTRICT TO ADHELAI VILLAG,NHAI,N24001446,5/2020,12/2023,Nov-24,1/2025,894.00,"1,210.06","1,210.06","1,004.16",85.32
GUJARAT,ROAD TRANSPORT AND,442,DELHI VADODARA GREENFIELD ALIGNMENT SECTION OF NH 148N PACKAGE 26,NHAI,N24001515,9/2020,2/2024,N.A.,3/2025,"1,542.02",N.A.,"1,542.02",895.05,65
GUJARAT,ROAD TRANSPORT AND,443,DELHI VADODARA GREENFIELD ALIGNMENT SECTION OF NH 148N PACKAGE 27,NHAI,N24001516,9/2020,2/2024,Aug-24,8/2024,"1,185.69",N.A.,"1,185.69",896.09,87.51
GUJARAT,ROAD TRANSPORT AND,444,DELHI VADODARA GREENFIELD ALIGNMENT SECTION OF NH 148N PACKAGE 30,NHAI,N24001518,11/2019,9/2023,N.A.,3/2025,"1,669.56",N.A.,"1,669.56",967.79,90.76
GUJARAT,ROAD TRANSPORT AND,445,DELHI VADODARA GREENFIELD ALIGNMENT SECTION OF NH 148N PACKAGE 28,NHAI,N24001519,9/2020,11/2023,N.A.,9/2024,"1,198.55",N.A.,"1,198.55",847.02,94.54
GUJARAT,ROAD TRANSPORT AND,446,DELHI VADODARA GREENFIELD ALIGNMENT SECTION OF NH 148N PACKAGE 31,NHAI,N24001520,11/2019,5/2024,N.A.,3/2025,"1,604.06",N.A.,"1,604.06","1,221.93",95.73
GUJARAT,ROAD TRANSPORT AND,447,UP-GRADATION TO 4-LANE WITH PAVED SHOULDER OF BHIMASAR JUNCTION OF NH-41 TO ANJAR BHUJ UPTO AIRPORT,NHAI,N24001785,3/2022,6/2025,N.A.,6/2025,"1,373.06","1,085.00","1,373.06",520.92,62.85
GUJARAT,ROAD TRANSPORT AND,448,CONSTRUCTION OF EIGHT LANE ACCESS CONTROLLED EXPRESSWAY FROM KM 103.400 TO KM 128.000 OF VADODARA MU,NHAI,N24001786,3/2021,3/2024,N.A.,3/2025,"1,259.00",N.A.,"1,910.00",137.93,15.02
GUJARAT,ROAD TRANSPORT AND,449,CONSTRUCTION OF EIGHT LANE ACCESS CONTROLLED EXPRESSWAY FROM KM 217.500 TO KM 254.430 OF VADODARA MU,NHAI,N24001788,7/2020,12/2023,N.A.,6/2024,"2,271.86",N.A.,"3,916.00",518.25,74.55
GUJARAT,ROAD TRANSPORT AND,450,CONSTRUCTION OF EIGHT LANE EXPRESSWAY FROM KM 190.000 TO KM 217.500 GANDEVA TO ENA SECTION OF VADODA,NHAI,N24001789,7/2020,8/2023,N.A.,6/2024,"1,710.30",N.A.,"1,927.00",362.81,68.11
GUJARAT,ROAD TRANSPORT AND,451,SANCHORE - SANTALPUR FROM KM 67.000- KM 99.000 OF NH- 754K (AJ-RGBS-PACKAGE-3),NHAI,N24001790,2/2020,8/2023,Dec-24,12/2024,752.30,N.A.,766.20,451.11,98.14
GUJARAT,ROAD TRANSPORT AND,452,SANCHORE - SANTALPUR FROM KM 4.888 - KM 35.000 OF NH-754K (AJ-RGBS-PACKAGE-1),NHAI,N24001791,2/2020,6/2023,Mar-24,5/2024,606.51,N.A.,657.00,453.89,98.99
GUJARAT,ROAD TRANSPORT AND,453,4L OF BAL WORKS OF TALAJA - MAHUVA FROM 54.990 KM. TO 100.450 KM. OF OLD NH-8E (PACKAGE-II),NHAI,N24001792,3/2021,9/2022,N.A.,11/2024,536.03,N.A.,536.03,451.87,98.87
GUJARAT,ROAD TRANSPORT AND,454,4L OF BAL WORKS OF MAHUVA TO KAGVADAR FROM 100.450 KM. TO 140.470 KM. OF NH-8E (PKG- III),NHAI,N24001793,3/2021,9/2022,N.A.,11/2024,485.75,N.A.,485.75,383.55,97.71
GUJARAT,ROAD TRANSPORT AND,455,SANCHORE - SANTALPUR FROM KM 99.000- KM 130.073 OF NH- 754K (AJ-RGBS-PACKAGE-4),NHAI,N24001794,2/2020,3/2023,Dec-24,12/2024,778.15,N.A.,785.67,547.22,99.7
GUJARAT,ROAD TRANSPORT AND,456,4L KODINAR - VERAVAL (PACKAGE VI) FROM KM. 222.400 TO KM. 230.00 (KODINAR BYPASS) OF NH-8E (NH 51 NE,NHAI,N24001827,3/2022,3/2023,N.A.,7/2024,162.73,N.A.,162.73,131.79,95.3
GUJARAT,ROAD TRANSPORT AND,457,UPGRADATION AND STRENGTHENING TO 2 LANE PS FROM KM 95/500 TO KM 129/775 OF NH 168 G IDAR BHILODA SA,MoRTH,N24002014,9/2022,12/2023,Dec-25,12/2025,237.28,N.A.,237.28,0.59,0
GUJARAT,ROAD TRANSPORT AND,458,UPGRADATION TO 4L PS DIVIDED CARRIAGEWAY FROM PATAN (NEAR RAJPUR) TO GOJARIYA FROM KM 52.000 TO KM 1,NHAI,N24002034,12/2021,3/2025,N.A.,3/2025,"1,181.34","1,181.00","1,181.34",391.28,56.25
GUJARAT,ROAD TRANSPORT AND,459,WIDENING TO 6L OF EXISTING 4L JETPUR - GONDAL - RAJKOT SECTION FROM KM. 117.600 TO KM. 185.00 ON NH-,NHAI,N24002035,9/2023,9/2025,N.A.,9/2025,"2,070.44",N.A.,"2,070.44",212.86,15.74
GUJARAT,URBAN DEVELOPMENT,460,AHMEDABAD METRO RAIL PROJECT PHASE 1,MEGA,N28000122,11/2014,12/2018,N.A.,3/2025,"10,773.00",N.A.,"12,924.55","12,383.47",99.81
GUJARAT,URBAN DEVELOPMENT,461,AHMEDABAD METRO RAIL PROJECT PHASE II,MEGA,N28000137,3/2019,3/2024,N.A.,6/2025,"5,384.17",N.A.,"5,384.17","3,632.52",77.38
GUJARAT,URBAN DEVELOPMENT,462,SURAT METRO RAIL PROJECT,MEGA,N28000138,3/2019,3/2024,N.A.,10/2025,"12,020.32",N.A.,"12,020.32","5,780.54",56.1
HARYANA,HEALTH AND FAMILY WELFARE,463,"ALL INDIA INSTITUTE OF MEDICAL SCIENCES AT MANETHI, HARYANA.",HITES,N21000032,3/2019,3/2023,Mar-26,3/2026,"1,294.34","1,294.34","1,294.34",118.14,5.02
HARYANA,HOME AFFAIRS,464,"C/o separate family accommodation (Phase-I) on EPC basis for SSB at Faridabad (Haryana)""",CPWD FOR MHA,N28000147,1/2020,10/2023,Mar-25,3/2025,166.98,167.00,166.98,118.36,87
HARYANA,PETROLEUM,465,R and D CAMPUS II AT FARIDABAD,IOCL,N16000375,6/2019,12/2022,Jul-25,7/2025,"2,281.94","3,219.94","3,219.94","1,619.01",61.8
HARYANA,PETROLEUM,466,CAPACITY EXPANSION OF PANIPAT REFINERY FROM 15 TO 25 MMTPA,IOCL,N16000412,2/2021,9/2024,Dec-25,12/2025,"34,627.00","38,231.00","38,231.00","15,111.69",76.4
HARYANA,PETROLEUM,467,POLY BUTADIENE RUBBER PLANT AT PANIPAT,IOCL,N16000458,3/2022,3/2025,N.A.,6/2026,"1,459.00","2,102.79","2,102.79",590.00,47.1
HARYANA,RAILWAYS,468,DOUBLING BETWEEN BHIWANI- DOBH BAHALI,NWR,N22000604,2/2023,2/2028,N.A.,2/2026,471.06,N.A.,471.06,51.33,27
HARYANA,RAILWAYS,469,DOUBLING BETWEEN REWARI- KATHUWAS (27.73 KM),NWR,N22000606,2/2023,6/2027,N.A.,6/2025,352.41,N.A.,352.41,55.84,20
HARYANA,ROAD TRANSPORT AND,470,CONSTRUCTION OF 6-LANE GREENFIELD KARNAL RING ROAD STARTING FROM NH-44 NEAR VILLAGE SHAMGARH (DESIGN,NHAI,N24002038,11/2022,8/2025,N.A.,8/2025,"1,691.45","1,998.00","1,998.00",590.91,42
HARYANA,ROAD TRANSPORT AND,471,CONSTRUCTION OF 6-LANE GREENFIELD AMBALA RING ROAD STARTING FROM JUNCTION WITH SHAMLI- AMBALA SECTION,NHAI,N24002039,2/2023,10/2025,N.A.,10/2025,"1,088.64","1,178.00","1,178.00",354.90,35
HARYANA,ROAD TRANSPORT AND,472,DEVELOPMENT OF SIX-LANE ACCESS CONTROLLED HIGHWAY FROM RANIPUR BARSI (SAHARANPUR DISTRICT) TO ADHOYA,NHAI,N24002040,4/2022,5/2025,N.A.,5/2028,"1,554.21",N.A.,"1,554.21",409.29,36.1
HARYANA,ROAD TRANSPORT AND,473,DEVELOPMENT OF SIX-LANE ACCESS CONTROLLED HIGHWAY FROM ADHOYA MUSALMANA (AMBALA DISTRICT) TO SADOPUR,NHAI,N24002041,4/2022,5/2025,N.A.,5/2025,"1,491.71",N.A.,"1,491.71",627.76,35.22
HARYANA,ROAD TRANSPORT AND,474,CONSTRUCTION OF 4-LANING OF BHIWANI HANSI ROAD SECTION OF NH 148B (DESIGN LENGTH 42.934 KM) UNDER BH,NHAI,N24002042,11/2022,12/2025,N.A.,12/2025,"1,322.13",N.A.,"1,322.13",232.19,49.1
HARYANA,ROAD TRANSPORT AND,475,CONSTRUCTION OF 4-LANE GREENFIELD JALBEHRA - SHAHBAD SECTION OF NH ? 152G FROM KM 0+000 TO KM 22+850,NHAI,N24002043,3/2022,6/2025,N.A.,6/2025,927.22,N.A.,927.22,389.30,55.34
HARYANA,ROAD TRANSPORT AND,476,4L AMBALA - KALAAMB FROM KM. -0.800 TO KM. 33.015 OF OLD NH-72,NHAI,N24002044,6/2023,6/2025,N.A.,6/2025,629.16,N.A.,629.16,142.00,72
HARYANA,ROAD TRANSPORT AND,477,CONSTRUCTION OF GREENFIELD CONNECTIVITY TO JEWAR INTERNATIONAL AIRPORT FROM DND FARIDABAD BALLABHGAR,NHAI,N24002048,7/2022,6/2025,N.A.,6/2025,"2,414.67","2,898.00","2,898.00","1,030.00",30.5
HARYANA,ROAD TRANSPORT AND,478,CONSTRUCTION OF 8 LANE DWARKA EXPRESSWAY (NH- 248BB PACKAGE IV FROM RAIL OVER BRIDGE (ROB) TILL END P,NHAI,N24000835,3/2018,12/2020,Dec-24,3/2024,"1,484.30",N.A.,"2,182.41","1,237.02",100
HARYANA,ROAD TRANSPORT AND,479,"CONSTRUCTION OF 4-LANE NH- 344P-PACKAGE-4 (FROM KM 0+000 TO KM 29+600, 29.6KM), STARTING FROM BAWANA",NHAI,N24001532,11/2021,11/2023,Jan-24,8/2024,694.00,"1,918.00","1,500.00","1,682.82",100
HARYANA,ROAD TRANSPORT AND,480,CONSTRUCTION OF 4-LANE GREEN FIELD DELHI-AMRITSAR- KATRA EXPRESSWAY (NE-05) FROM JUSSUR KHERI ON KMP,NHAI,N24001533,11/2020,12/2023,N.A.,12/2024,"1,690.23",N.A.,"2,010.17","1,311.87",96.15
HARYANA,ROAD TRANSPORT AND,481,CONSTRUCTION OF FOUR-LANE GREENFIELD DELHI-AMRITSAR- KATRA EXPRESSWAY FROM JUNCTION WITH ROHTAK-PANIP,NHAI,N24001534,12/2020,1/2024,Apr-24,12/2024,"1,334.04",N.A.,"1,334.00",974.53,97.31
HARYANA,ROAD TRANSPORT AND,482,4-LANING OF GOHANA-SONIPAT (PKG-2) SECTION FROM KM 40.601 TO KM 78.837 (LENGTH = 38.236KM) OF NH-352,NHAI,N24001535,7/2020,7/2022,May-24,12/2024,899.00,"1,882.46","1,882.46","1,123.98",92.11
HARYANA,ROAD TRANSPORT AND,483,FOUR LANING OF JIND GOHANA GREENFIELD ALIGNMENT PACKAGE 1 IN THE STATE OF HARYANA UNDER HYBRID ANNUI,NHAI,N24001536,7/2020,7/2022,N.A.,12/2024,817.00,"1,605.00","1,605.00","1,025.56",98.9
HARYANA,ROAD TRANSPORT AND,484,CONSTRUCTION OF FOUR LANE GREENFIELD PROJECT OF DELHI-AMRITSAR-KATRA EXPRESSWAY (PHASE-I PKG-III) F,NHAI,N24001633,12/2020,12/2023,Feb-24,11/2024,"1,430.88",N.A.,"1,430.88","1,035.67",96.8
HARYANA,ROAD TRANSPORT AND,485,CONSTRUCTION OF FOUR LANE GREENFIELD PROJECT OF DELHI- AMRITSAR-KATRA EXPRESSWAY (PHASE-I PKG-IV) FRO,NHAI,N24001634,1/2021,12/2023,Mar-24,12/2024,"1,306.95",N.A.,"1,306.95",942.53,98.44
HARYANA,ROAD TRANSPORT AND,486,4 LANING OF JAGADHRI TAJEWALA ROAD SECTION OF NH 907 (OLD NH 73A) UNDER NH(O) (PKG 1) IN THE STATE O,NHAI,N24001635,3/2022,2/2025,N.A.,2/2025,"1,269.50",N.A.,"1,269.50",195.00,47
HARYANA,ROAD TRANSPORT AND,487,4- LANING OF ROHTAK-JIND SECTION FROM KM. 307+000 TO KM. 347+800 OF NH-71 AND CONNECTING LINK FROM K,NHAI,N24001673,3/2020,3/2023,Nov-24,12/2024,510.97,N.A.,510.97,529.00,88.5
HARYANA,ROAD TRANSPORT AND,488,CONSTRUCTION OF GURGAON - PATAUDI - REWARI SECTION OF NH-352W (DESIGN LENGTH 46.11 KM) AS FEEDER ROU,NHAI,N24001774,12/2020,11/2023,N.A.,6/2024,"1,524.03",N.A.,"1,524.03","1,090.31",60.8
HARYANA,ROAD TRANSPORT AND,489,CONSTRUCTION OF PROPOSED REWARI BYPASS (DESIGN LENGTH 14.4 KM) NH-11 AS A FEEDER ROUTE IN THE STATE,NHAI,N24001775,2/2020,1/2023,Dec-24,12/2024,808.31,N.A.,958.00,846.76,99.67
HARYANA,ROAD TRANSPORT AND,490,DWARKA EXPRESSWAY PKG-III (DELHI/HR BORDER TO START OF ROB GURUGRAM),NHAI,N24001780,1/2018,11/2020,Dec-24,3/2024,"2,228.00",N.A.,"2,228.00","1,411.27",100
HARYANA,ROAD TRANSPORT AND,491,CONSTRUCTION OF 8LANE EXPRESSWAY NE4 STARTING BEFORE KMP EXPRESSWAY AND ENDS AT CH. 47+000 NEAR KHAN,NHAI,N24001783,11/2018,9/2021,N.A.,12/2024,"2,252.75",N.A.,"2,252.75","1,223.07",99.95
HARYANA,ROAD TRANSPORT AND,492,UPGRADATION OF EXISTING 4 LANE ISMAILABAD-AMBALA SECTION (KM. 0+000 TO KM 42+500) (PART OF AMBALA-KO,NHAI,N24002037,1/2023,12/2025,N.A.,12/2025,609.32,609.00,609.00,103.00,22.1
HIMACHAL PRADESH,DEPARTMENT OF HIGHER EDUCATION,493,ESTABLISHMENT OF PERMANENT CAMPUS PHASE 1 OF IIM SIRMAUR,CPWD EDUCATION,N42000008,9/2018,6/2022,Dec-24,6/2025,392.51,N.A.,446.43,299.48,89
HIMACHAL PRADESH,DEPARTMENT OF HIGHER EDUCATION,494,CONSTRUCTION OF PERMANENT CAMPUSES OF CENTRAL UNIVERSITY OF HIMACHAL PRADESH AT DEHRA AND DHARAMSHAL,CPWD,N42000011,3/2021,11/2024,Jul-25,7/2025,512.37,300.45,300.45,107.13,55
HIMACHAL PRADESH,HEALTH AND FAMILY WELFARE,495,CONSTRUCTION OF 300 BEDDED HOSPITAL AND TEACHING BLOCK IN DR YS PARMAR GMC AT NAHAN HIMACHAL PRADESH,CPWD FOR HEALTH,N28000127,12/2018,6/2021,Jan-27,1/2027,260.00,371.78,371.78,46.35,7
HIMACHAL PRADESH,POWER,496,PARBATI HEP (4X200 MW) (NHPC) II,NHPC,180100210,9/2002,9/2009,N.A.,3/2025,"3,919.59",N.A.,"12,160.00","11,982.84",98.14
HIMACHAL PRADESH,POWER,497,LUHRI HYDROELECTRIC PROJECT (STAGE1),SJVN,N18000279,11/2020,1/2026,N.A.,6/2027,"1,810.56",N.A.,"3,060.71","1,551.08",51
HIMACHAL PRADESH,POWER,498,DHAULASIDH HYDROELECTRIC PROJECT (66 MW),SJVN,N18000291,10/2020,11/2025,N.A.,5/2026,687.97,N.A.,"1,426.00",735.87,61.64
HIMACHAL PRADESH,POWER,499,SUNNI DAM HYDRO ELECTRIC PROJECT,SJVN,N18000344,1/2023,4/2028,N.A.,4/2028,"2,614.51",N.A.,"2,614.51",811.19,26.56
HIMACHAL PRADESH,RAILWAYS,500,BHANUPALI-BILASPUR BERI NL,RVNL,N22000273,4/2008,12/2026,N.A.,3/2025,"2,966.99",N.A.,"6,753.42","5,369.57",0
HIMACHAL PRADESH,ROAD TRANSPORT AND,501,PKG NAME: 4L OF KATHLIGHAT TO SHAKRAL VILLAGE FROM KM 128.835 TO KM 146.300 OF NH- 5 (SHIMLA BYPASS,NHAI,N24002049,3/2022,4/2026,N.A.,4/2026,"1,703.48","2,278.00","2,278.00",651.98,14.5
HIMACHAL PRADESH,ROAD TRANSPORT AND,502,REHABILITATION AND UPGRADATION TO 4L CONFIGURATION and STRENGTHENING OF SIHUNI TO RAJOL FROM KM 51.0,NHAI,N24002050,2/2022,9/2025,N.A.,9/2025,696.65,698.46,698.46,346.55,42
HIMACHAL PRADESH,ROAD TRANSPORT AND,503,CONSTRUCTION OF NEW 2 LANE WITH PAVED SHOULDER OF HAMIRPUR BYPASS (PACKAGE IVA) OF NH-88 (NEW NH-103,NHAI,N24002051,7/2022,10/2025,N.A.,10/2025,739.39,N.A.,739.39,288.36,57.86
HIMACHAL PRADESH,ROAD TRANSPORT AND,504,REHABILITATION AND UP- GRADATION OF EXISTING ROAD TO 2L PS FROM END OF HAMIRPUR BYPASS (NEAR CHILBAHA,NHAI,N24002052,2/2022,4/2025,N.A.,4/2025,"1,146.19",N.A.,"1,146.19",891.46,53.44
HIMACHAL PRADESH,ROAD TRANSPORT AND,505,REHABILITATION AND UP- GRADATION TO 4L CONFIGURATION AND STRENGTHENING OF THANPURI TO PAROR SECTION F,NHAI,N24002192,6/2022,12/2025,N.A.,12/2025,815.69,815.69,815.69,328.13,9.87
HIMACHAL PRADESH,ROAD TRANSPORT AND,506,FOUR LANNING OF NERCHOWK- PANDOH BYPASS SECTION OF NH-21(PACKAGE-I KM 190.000 TO KM 221.305) UNDER NH,NHAI,N24000613,9/2016,7/2020,N.A.,8/2024,"1,273.71",N.A.,"1,478.61","1,383.76",92.74
HIMACHAL PRADESH,ROAD TRANSPORT AND,507,"FOUR LANING OF SOLAN- KAITHLIGHAT SECTION OF NH-22 (NOW NH-5) FROM KM 106.139 TO KM 129.050, ON EPC M",NHAI,N24000852,3/2018,5/2021,Dec-24,12/2024,478.74,N.A.,"1,514.46","1,349.59",83
HIMACHAL PRADESH,ROAD TRANSPORT AND,508,REHABILITATION AND UPGRADATION TO 2-LANE/2- LANE WITH PAVED SHOULDERS/4-LANE CONFIGURATION OF PAONTA,MoRTH,N24001381,8/2020,4/2021,N.A.,4/2021,272.98,N.A.,272.98,137.79,97
HIMACHAL PRADESH,ROAD TRANSPORT AND,509,REHABILITATION AND UPGRADATION TO 2-LANE CONFIGURATION OF HEWNA- ASHYARI SECTION (KM 25.000 TO KM 50.,MoRTH,N24001382,8/2020,3/2021,N.A.,7/2024,242.80,N.A.,242.80,86.43,84
HIMACHAL PRADESH,ROAD TRANSPORT AND,510,REHABILITATION AND UPGRADATION TO INTERMEDIATE LANE CONFIGURATION OF SHRI KYARI- GUMMA SECTION (KM 75,MoRTH,N24001383,8/2020,4/2021,N.A.,4/2021,349.20,N.A.,349.20,239.34,100
HIMACHAL PRADESH,ROAD TRANSPORT AND,511,REHABILITATION AND UPGRADATION TO 2-LANE CONFIGURATION OF ASHYARI- SHRI KYARI SECTION (KM 50.000 TO K,MoRTH,N24001422,2/2021,9/2021,N.A.,7/2024,345.89,N.A.,345.89,152.01,82
HIMACHAL PRADESH,ROAD TRANSPORT AND,512,REHABILITATION AND UPGRADATION TO 2-LANE CONFIGURATION OF HAMIRPUR- KARNOHAL SECTION (KM 141.000 TO K,MoRTH,N24001447,8/2020,12/2024,N.A.,12/2024,371.93,N.A.,371.93,190.98,0
HIMACHAL PRADESH,ROAD TRANSPORT AND,513,REHABILITATION AND UPGRADATION TO 2-LANE CONFIGURATION OF KALWAHAN- MANDI SECTION (KM 208.950 TO KM 2,MoRTH,N24001470,8/2020,4/2025,N.A.,4/2025,314.32,N.A.,314.32,78.65,0
HIMACHAL PRADESH,ROAD TRANSPORT AND,514,REHABILITATION AND UPGRADING FROM 2 L TO 4 L FROM BHANGBAR(NEAR RANITAL) TO KANGRA BYPASS SECTION OF,NHAI,N24001808,3/2021,12/2024,Dec-24,12/2024,"1,322.95","1,442.47","1,442.47",829.78,85.16
HIMACHAL PRADESH,ROAD TRANSPORT AND,515,CONVERSION OF PARTIALLY EXCAVATED ESCAPE TUNNEL TO UNIDIRECTIONAL TWO LANE TUNNEL (INCLUDING CONSTRU,NHAI,N24001809,5/2022,3/2024,Dec-24,12/2024,469.95,N.A.,280.00,299.33,95.68
HIMACHAL PRADESH,ROAD TRANSPORT AND,516,4L SUNDER NAGAR BYPASS FROM KM173.900 TO KM 179.600 OF NH-21 IN THE STATE OF HP,NHAI,N24001810,2/2022,6/2024,N.A.,6/2024,190.60,N.A.,163.00,103.48,100
HIMACHAL PRADESH,ROAD TRANSPORT AND,517,4L OF MO - SIHUNI FROM KM. 42.00 TO KM. 51.00 OF OLD NH-20 (NEW NH-154) (PACKAGE-IB),NHAI,N24001811,4/2021,6/2024,N.A.,12/2024,583.93,770.00,704.30,170.97,98.21
HIMACHAL PRADESH,ROAD TRANSPORT AND,518,4L OF HP/PUNJAB BO4L OF HP/PUNJAB BORDER - MO FROM KM. 11.00 TO KM. 42.00 OF OLD NH-20 (NEW NH-154),NHAI,N24001812,3/2021,5/2024,N.A.,12/2025,"1,002.11","1,361.79","1,361.79",189.47,40.97
HIMACHAL PRADESH,ROAD TRANSPORT AND,519,4L OF END OF PINJORE BYPASS - BADDI - NALAGARH SECTION (KM. 4.200 TO KM. 35.370) OF NH21A,NHAI,N24001813,7/2021,9/2024,N.A.,9/2024,"1,692.05",N.A.,"1,692.05",942.14,21.6
HIMACHAL PRADESH,ROAD TRANSPORT AND,520,IMPROVEMENT/CONSTRUCTION OF EXISTING CLASS-5 ROAD TO NH INTERMEDIATE LANE SPECIFICATION WITH HARD SH,BRO,N24001915,3/2021,6/2026,N.A.,6/2026,230.54,N.A.,230.54,0.00,20
HIMACHAL PRADESH,ROAD TRANSPORT AND,521,IMPROVEMENT/CONSTRUCTION OF EXISTING CLASS 5 ROAD TO NH INTERMEDIATE LANE SPECIFICATION WITH HARD SH,BRO,N24001916,3/2021,5/2026,N.A.,5/2026,314.67,N.A.,314.67,0.00,41
HIMACHAL PRADESH,URBAN DEVELOPMENT,522,CONSTRUCTION OF PERMANENT CAMPUS OF CENTRAL UNIVERSITY OF HIMACHAL PRADESH AT DEHRA AND JADRANGAL (D,CPWD,N28000154,4/2022,11/2024,N.A.,11/2024,512.34,N.A.,512.34,0.00,0
JAMMU AND KASHMIR,CIVIL AVIATION,523,JAMMU - CONSTRUCTION OF NEW CIVIL ENCLAVE,AAI,N04000107,7/2022,6/2026,N.A.,6/2026,861.37,N.A.,861.37,77.57,15
JAMMU AND KASHMIR,DEPARTMENT OF,524,CONSTRUCTION OF PERMANENT CAMPUS OF IIM JAMMU (PHASE 1),CPWD EDUCATION,N28000130,3/2019,7/2022,Aug-24,8/2024,424.93,500.91,500.91,467.62,98
JAMMU AND KASHMIR,DEPARTMENT OF,525,CONSTRUCTION OF PERMANENT CAMPUS IIT JAMMU (PHASE 1C),CPWD EDUCATION,N28000131,1/2018,4/2023,Sep-24,9/2024,676.00,"1,148.68","1,144.68",64.75,99.1
JAMMU AND KASHMIR,HEALTH AND FAMILY WELFARE,526,C/O AIIMS AT AWANTIPORA (KASHMIR) JAMMU AND KASHMIR,CPWD FOR HEALTH,N28000150,3/2019,9/2025,Jan-25,11/2025,"1,828.00","1,577.00","1,577.00","1,136.05",60
JAMMU AND KASHMIR,HEALTH AND FAMILY WELFARE,527,"CONSTRUCTION OF AIIMS AT JAMMU VIJAYPUR, SAMBA JAMMU AND KASHMIR",CPWD FOR HEALTH,N21000029,3/2019,9/2023,Nov-24,11/2024,"1,404.00","1,642.00","1,642.00","1,446.12",100
JAMMU AND KASHMIR,PETROLEUM,528,SETTING UP A COMMON USER PETROLEUM TERMINAL AT JAMMU FOR RE-SITEMENT OF EXISTING DEPOTS OF PSU OMCS,BPCL,N16000500,4/2021,3/2025,N.A.,3/2025,676.89,N.A.,676.89,439.03,54.5
JAMMU AND KASHMIR,PETROLEUM,529,CGD PROJECT AT JAMMU DISTRICTS,IOCL,N16000527,3/2022,3/2032,Sep-34,9/2034,538.00,N.A.,538.00,4.15,0.4
JAMMU AND KASHMIR,POWER,530,PAKAL DUL HYDRO ELECTRIC PROJECT (1000 MW),CVPPPL,N18000172,10/2014,4/2020,Jul-25,9/2026,"8,112.12",N.A.,"8,112.12","5,304.98",62
JAMMU AND KASHMIR,POWER,531,KIRU HYDRO ELECTRIC PROJECT,CVPPPL,N18000278,3/2019,8/2024,N.A.,9/2026,"4,287.59",N.A.,"4,287.59","1,999.02",46.69
JAMMU AND KASHMIR,POWER,532,RATLE HE PROJECT,NHPC,N18000324,2/2021,2/2026,N.A.,12/2026,"5,281.94",N.A.,"5,281.94",825.75,16.91
JAMMU AND KASHMIR,POWER,533,KWAR HE PROJECT,CVPPPL,N18000363,5/2022,11/2026,N.A.,12/2027,"4,526.12",N.A.,"4,526.12",791.45,17.27
JAMMU AND KASHMIR,RAILWAYS,534,"UDHAMPUR-SRINAGAR- BARAMULLA (NL),NR",NR,220100133,3/1995,11/2002,Dec-24,12/2024,"2,500.00","37,012.26","42,500.00","41,327.84",99
JAMMU AND KASHMIR,ROAD TRANSPORT AND,535,2L NH-1 FROM KM 8.660 TO KM 33.775 (SUMBAL TO WAYUL) TO 4L DUAL CARRIAGEWAY NH STANDARD AS PART OF S,NHAI,N24002059,9/2022,6/2026,N.A.,6/2026,"1,183.60",N.A.,"1,183.60",129.45,5.6
JAMMU AND KASHMIR,ROAD TRANSPORT AND,536,DELHI AMRITSAR KATRA EXPRESSWAY (PHASE-II PKG XVIII) DEVELOPMENT AND UPGRADATION OF FOUR LANE ACCESS,NHAI,N24002060,3/2023,11/2025,N.A.,11/2025,"1,107.00",N.A.,"1,107.00",105.87,15.37
JAMMU AND KASHMIR,ROAD TRANSPORT AND,537,4/6L ACCESS CONTROL EXPRESSWAY FROM DESIGN CHAINAGE KM 515.000 TO 528.300 (KUNJWANI TO SIDHRA SECTIO,NHAI,N24002061,8/2022,6/2025,N.A.,8/2025,"2,474.47",N.A.,"2,675.93",726.52,22.75
JAMMU AND KASHMIR,ROAD TRANSPORT AND,538,REHABILITATION AND UPGRADATION TO 2 LANE WITH PAVED SHOULDER FROM DESIGN CHAINAGE KM 162.800 TO KM,BRO,N24002119,10/2022,1/2026,N.A.,1/2026,562.45,N.A.,562.45,80.79,18
JAMMU AND KASHMIR,ROAD TRANSPORT AND,539,CONSTRUCTION OF 4 LANE WITH PAVED SHOULDER (PATTAN BYPASS) GREENFIELD BYPASS FROM EXISTING CH. KM 24,BRO,N24002179,3/2023,7/2026,N.A.,7/2026,980.21,N.A.,980.21,222.74,5
JAMMU AND KASHMIR,ROAD TRANSPORT AND,540,REHABILITATION AND UPGRADATION TO 2 LANE WITH PAVED SHOULDER FROM EXISTING CHAINAGE KM 166.100 TO KM,BRO,N24002180,9/2021,7/2026,N.A.,7/2026,734.64,N.A.,734.64,19.60,8
JAMMU AND KASHMIR,ROAD TRANSPORT AND,541,CONSTRUCTION OF 2 LANE WITH PAVED SHOULDERS (BARAMULLA BYPASS) GREENFIELD BYPASS FROM EXISTING CH. K,BRO,N24002185,3/2023,9/2026,N.A.,9/2026,992.43,N.A.,992.43,315.99,0
JAMMU AND KASHMIR,ROAD TRANSPORT AND,542,FOUR LANING OF UDHAMBUR - RAMBAN SECTION OF NH-1A,NHAI,N24000488,12/2015,12/2018,Dec-24,12/2024,"2,136.97","2,644.00","2,644.00","2,381.53",99.5
JAMMU AND KASHMIR,ROAD TRANSPORT AND,543,CONSTRUCTION OF STAND ALONE RING ROAD/ BYPASS AROUND JAMMU CITY IN THE STATE OF J AND K ON EPC MODE,NHAI,N24000717,12/2017,7/2021,Dec-24,12/2024,"1,471.75","1,471.75","1,903.98","1,628.53",97.4
JAMMU AND KASHMIR,ROAD TRANSPORT AND,544,UP-GRADATION TO 4-LANE WITH PAVED SHOULDER OF JAMMU- AKHNOOR ROAD SECTION OF NH-144A FROM GANESH VIHA,NHIDCL,N24000868,3/2018,7/2021,Aug-23,6/2025,253.44,N.A.,253.44,180.32,78.83
JAMMU AND KASHMIR,ROAD TRANSPORT AND,545,"CONSTRUCTION, OPERATION AND MAINTENANCE OF Z-MORH TUNNEL INCLUDING APPROACHES ON NH-01 SRINAGAR-SONA",NHIDCL,N24001253,12/2019,12/2023,N.A.,7/2024,"2,680.42",N.A.,"2,680.42",0.00,95.05
JAMMU AND KASHMIR,ROAD TRANSPORT AND,546,CONSTRUCTION OF (I) CONNECTING ROAD FROM Z- MORH TUNNEL TO ZOJILA TUNNEL AND (II) 14.150 KM LONG BI-D,NHIDCL,N24001256,8/2020,9/2026,N.A.,9/2026,"6,808.69",N.A.,"6,808.69","3,013.84",49.92
JAMMU AND KASHMIR,ROAD TRANSPORT AND,547,UP-GRADATION TO 2-LANE WITH PAVED SHOULDER FROM KM 12.850 TO KM20.300 OF 7.450KM LENGTH ON GOHA-KHEL,NHIDCL,N24001264,7/2020,4/2022,Oct-24,10/2025,228.39,N.A.,228.39,65.27,85.33
JAMMU AND KASHMIR,ROAD TRANSPORT AND,548,UP-GRADATION TO 2-LANE WITH PAVED SHOULDER FROM KM 20.300 TO KM 29.030 OF 8.730 KM LENGTH ON GOHA-K,NHIDCL,N24001266,7/2020,4/2022,Nov-23,3/2025,210.79,N.A.,210.79,67.63,87.11
JAMMU AND KASHMIR,ROAD TRANSPORT AND,549,KHELLANI-KHANABAL PKG-1,NHIDCL,N24001323,3/2021,9/2022,Oct-24,1/2025,486.45,N.A.,486.45,120.08,96.1
JAMMU AND KASHMIR,ROAD TRANSPORT AND,550,KHELLANI-KHANABAL PKG-3,NHIDCL,N24001341,3/2021,12/2022,Oct-24,3/2025,398.51,N.A.,398.51,76.47,91.06
JAMMU AND KASHMIR,ROAD TRANSPORT AND,551,DONIPAWA TO ASHAJIPORA BYPASS PKG-7,NHIDCL,N24001342,3/2021,12/2022,N.A.,7/2024,260.40,N.A.,260.40,191.88,93.8
JAMMU AND KASHMIR,ROAD TRANSPORT AND,552,KHELLANI-KHANABAL PKG-2,NHIDCL,N24001394,7/2021,2/2023,Jun-25,12/2025,512.43,N.A.,512.43,65.31,48.73
JAMMU AND KASHMIR,ROAD TRANSPORT AND,553,KHELLANI-KHANABAL PKG-4,NHIDCL,N24001395,7/2021,8/2023,Dec-25,12/2025,859.67,N.A.,859.67,175.40,40.38
JAMMU AND KASHMIR,ROAD TRANSPORT AND,554,KHELLANI-KHANABAL PKG-5,NHIDCL,N24001396,7/2021,2/2023,Mar-25,6/2025,497.09,N.A.,497.09,149.27,74.6
JAMMU AND KASHMIR,ROAD TRANSPORT AND,555,GOHA-KHELLANI PKG-3,NHIDCL,N24001397,2/2021,3/2023,Oct-24,2/2025,431.28,N.A.,431.28,321.23,91.86
JAMMU AND KASHMIR,ROAD TRANSPORT AND,556,BALANCE WORKS OF FOUR LANING FROM RAMBAN KM 151.00 TO BANIHAL KM 187.00 OF NH-1A (NOW NH-44) WITH VA,NHAI,N24001472,9/2021,12/2023,Oct-24,10/2024,811.19,N.A.,811.19,809.25,99
JAMMU AND KASHMIR,ROAD TRANSPORT AND,557,CONSTRUCTION OF FOUR LANE RINGROAD BYPASS SRINAGAR CITY,NHAI,N24001511,3/2021,2/2024,Aug-24,6/2025,"2,919.96",N.A.,"2,919.96","2,214.10",63.5
JAMMU AND KASHMIR,ROAD TRANSPORT AND,558,FOUR LANING OF JAMMU- AKHNOOR PKG-1,NHIDCL,N24001543,7/2022,1/2025,N.A.,4/2025,245.34,N.A.,245.34,53.27,33.56
JAMMU AND KASHMIR,ROAD TRANSPORT AND,559,DELHI-AMRITSAR-KATRA EXPRESSWAY (PHASE-II PKG- XVI) EXISTING JAKH (VIJAYPUR)- KUNJWANI SECTION OF NH-4,NHAI,N24001550,9/2021,9/2024,Sep-25,9/2025,"1,821.72","1,917.32","1,917.32",809.59,64.5
JAMMU AND KASHMIR,ROAD TRANSPORT AND,560,DELHI-AMRITSAR-KATRA EXPRESSWAY (PHASE-II PKG- XIV) FROM JUNCTION WITH PATHANKOT-GURDASPUR ROAD (NH-5,NHAI,N24001551,10/2021,9/2024,Jul-25,7/2025,"3,044.02","3,044.02","3,044.02","1,349.97",54.05
JAMMU AND KASHMIR,ROAD TRANSPORT AND,561,DELHI-AMRITSAR-KATRA EXPRESSWAY (PHASE-II PKG-XV) [JUNCTION WITH HIRANAGAR ROAD NEAR VILLAGE GURHA B,NHAI,N24001552,10/2021,9/2024,Sep-25,9/2025,"2,714.95","2,714.95","2,714.95","1,523.44",70.25
JAMMU AND KASHMIR,ROAD TRANSPORT AND,562,CORRIDOR EFFICIENCY IMPROVEMENT INCLUDING REMOVAL OF BLACK SPOTS IN LAKHANPUR - SAMBA SECTION OF NH-,NHAI,N24001619,8/2022,6/2024,Jun-25,6/2025,200.05,200.05,208.92,107.16,42.42
JAMMU AND KASHMIR,ROAD TRANSPORT AND,563,CONSTRUCTION OF TUNNELS/VIADUCTS AT IDENTIFIED SLIDING/SLIP ZONES AT KM 130.550 TO KM.130.750; KM.,NHAI,N24001620,9/2021,10/2023,May-25,5/2025,442.14,N.A.,442.14,272.47,19.88
JAMMU AND KASHMIR,ROAD TRANSPORT AND,564,"4L OF KM.165.092 TO KM.171.855 (NORTH BOUND) AND FROM KM.166.895 TO KM.173.638 (SOUTH BOUND), EXCL.",NHAI,N24001621,7/2021,8/2024,Jun-25,6/2025,614.48,N.A.,614.48,162.58,7
JAMMU AND KASHMIR,ROAD TRANSPORT AND,565,4L TWIN TUBE TUNNEL INCLUDING APPROACHES FROM DIGDOL TO KHUNI NALLAH (NORTH BOUND CONNECTING WITH EX,NHAI,N24001622,7/2021,6/2024,Jun-25,6/2025,"1,401.87",N.A.,"1,401.87",596.67,0
JAMMU AND KASHMIR,ROAD TRANSPORT AND,566,BANIHAL BYPASS (DELINKED FROM SRINAGAR - BANIHAL) FROM KM. 187.00 TO KM. 189.350,NHAI,N24001623,1/2020,1/2024,Dec-24,12/2024,336.01,N.A.,336.01,192.82,34
JAMMU AND KASHMIR,ROAD TRANSPORT AND,567,CONSTRUCTION OF EMERGENCY LANDING FACILITY FROM KM. 246.60 TO KM. 249.70 ON SRINAGAR - BANIHAL SECTI,NHAI,N24001624,7/2019,10/2020,Apr-23,9/2024,157.05,N.A.,157.05,139.54,100
JAMMU AND KASHMIR,ROAD TRANSPORT AND,568,4L OF TWIN TUBE TUNNEL CONFIGURATION INCLUDING APPROACHES FROM MAROG TO DIGDOL (FROM KM.154.210 TO K,NHAI,N24001627,7/2021,2/2025,Feb-25,2/2025,"1,912.17",N.A.,"1,912.17",56.68,0
JAMMU AND KASHMIR,ROAD TRANSPORT AND,569,JAMMU - AKHNOOR SECTION OF NH 144A PKG-3B,NHIDCL,N24001833,7/2022,3/2025,N.A.,3/2025,198.28,N.A.,198.28,72.01,54.37
JAMMU AND KASHMIR,ROAD TRANSPORT AND,570,REHABILITATION AND UPGRADATION TO 2 LANE WITH PAVED SHOULDER FROM EXISTING CHAINAGE KM 102 TO KM 13,BRO,N24001897,3/2021,7/2024,N.A.,12/2024,642.24,N.A.,642.24,483.08,92
JAMMU AND KASHMIR,ROAD TRANSPORT AND,571,REHABILITATION AND UPGRADATION TO 2 LANE WITH PAVED SHOULDER FROM EXISTING CHAINAGE KM 30.000 TO K,BRO,N24001898,7/2020,11/2024,N.A.,11/2024,272.49,N.A.,272.49,177.33,87
JAMMU AND KASHMIR,ROAD TRANSPORT AND,572,REHABILITATION AND UPGRADATION TO 2 LANE WITH PAVED SHOULDER FROM EXISTING CHAINAGE KM 134.95 TO KM,BRO,N24001899,2/2021,7/2024,N.A.,3/2025,395.25,N.A.,395.25,198.77,60
JAMMU AND KASHMIR,ROAD TRANSPORT AND,573,REHABILITATION AND UPGRADATION TO 2 LANE WITH PAVED SHOULDER FROM EXISTING CHAINAGE KM 49.150 TO KM,BRO,N24001900,3/2020,8/2024,N.A.,3/2025,796.97,N.A.,796.97,459.00,79
JAMMU AND KASHMIR,ROAD TRANSPORT AND,574,REHABILITATION AND UPGRADATION TO 2 LANE WITH PAVED SHOULDER FROM EXISTING CHAINAGE KM 64.535 TO K,BRO,N24001901,3/2020,9/2023,N.A.,3/2025,152.93,N.A.,152.93,103.81,78.25
JAMMU AND KASHMIR,ROAD TRANSPORT AND,575,CONSTRUCTION OF TWIN TUBE TUNNELS ON JAMMU KASHMIR RING ROAD (NH-244A) BETWEEN DESIGN CH. 50+600 TO,NHAI,N24001926,3/2023,6/2025,N.A.,6/2025,939.86,N.A.,939.86,293.05,40.98
JAMMU AND KASHMIR,ROAD TRANSPORT AND,576,"CONSTRUCTION OF 4 LANE WITH PAVED SHOULDER FROM (DESIGN CH. 14+200 TO 24+400), (DESIGN CH. 35+300 TO",BRO,N24001998,6/2022,8/2025,N.A.,8/2025,832.46,N.A.,823.46,301.83,35
JHARKHAND,COAL,577,RAJRAPPA RCE OCP ( 3.0 MTY),CCL,N06000087,12/2009,3/2016,N.A.,3/2025,510.85,N.A.,510.85,488.31,74.5
JHARKHAND,COAL,578,MURAIDIH UG TURN-KEY PROJECT,BCCL,N06000096,2/2011,4/2014,N.A.,1/2026,339.88,N.A.,339.88,190.48,70
JHARKHAND,COAL,579,MOONIDIH XV SEAM UG,BCCL,N06000098,8/2011,3/2019,N.A.,2/2026,"1,230.27",N.A.,"1,230.27",595.14,80
JHARKHAND,COAL,580,MADHUBAND NLW WASHERY,BCCL,N06000126,8/2010,5/2014,N.A.,11/2023,289.45,N.A.,302.00,300.01,100
JHARKHAND,COAL,581,CHITRA EAST (RCE) OCP,ECL,N06000169,8/2018,3/2024,Mar-26,3/2026,513.98,N.A.,513.98,185.85,51
JHARKHAND,COAL,582,TETARIAKHAR EXPANSION OCP,CCL,N06000186,11/2019,3/2023,N.A.,3/2025,243.52,N.A.,243.52,44.39,46.6
JHARKHAND,COAL,583,PACHWARA SOUTH COAL BLOCK,NLC,N06000193,7/2013,9/2028,N.A.,9/2028,"2,242.92","2,242.90","2,242.90",230.57,43
JHARKHAND,COAL,584,PATHERDIH 2.5 NLW COAL WASHERY,BCCL,N06000194,10/2015,4/2018,N.A.,6/2025,334.27,N.A.,334.27,122.47,43
JHARKHAND,COAL,585,REVISED PROJECT REPORT MAGADH EXPANSION OCP,CCL,N06000216,8/2020,3/2028,N.A.,3/2028,"7,254.37",N.A.,"7,254.37","1,287.68",19
JHARKHAND,COAL,586,EXPANSION PROJECT AMRAPALI OCP,CCL,N06000217,8/2020,3/2028,N.A.,3/2028,"5,136.15",N.A.,"5,136.15",770.67,19
JHARKHAND,COAL,587,UCE OF EPR OF NORTH URIMARI OCP,CCL,N06000218,7/2021,3/2026,N.A.,3/2026,778.80,N.A.,778.80,683.42,75
JHARKHAND,COAL,588,KOTRE BASANTPUR PACHMO OCP,CCL,N06000237,8/2020,3/2032,N.A.,3/2032,625.40,625.40,625.40,411.40,38
JHARKHAND,COAL,589,CHANDRAGUPT OCP,CCL,N06000238,8/2020,3/2032,N.A.,3/2032,973.50,N.A.,973.50,7.95,12.4
JHARKHAND,COAL,590,SIRKA OCP,CCL,N06000239,5/2020,3/2025,N.A.,3/2025,222.82,N.A.,222.82,139.31,60
JHARKHAND,COAL,591,JHARKHAND LAIYO OCP,CCL,N06000240,8/2020,3/2031,N.A.,3/2031,764.57,N.A.,764.57,145.80,20
JHARKHAND,COAL,592,EPR TAPIN SOUTH OCP,CCL,N06000241,11/2020,3/2025,N.A.,3/2025,230.41,N.A.,230.41,18.14,18.3
JHARKHAND,COAL,593,EPR PUNDI OCP,CCL,N06000242,11/2020,3/2027,N.A.,3/2027,713.35,N.A.,713.35,236.57,39
JHARKHAND,COAL,594,EPR ROHINI KARKATA OCP,CCL,N06000243,1/2021,3/2028,N.A.,3/2028,"1,020.42",N.A.,"1,020.42",82.92,11.7
JHARKHAND,COAL,595,EXPANSION OF KONAR OCP,CCL,N06000245,1/2022,3/2032,N.A.,3/2032,799.34,N.A.,799.34,390.37,32
JHARKHAND,COAL,596,EXPANSION OF KARO OCP,CCL,N06000246,1/2022,3/2026,N.A.,3/2026,908.47,N.A.,908.47,145.93,17.2
JHARKHAND,COAL,597,EXPANSION OF ASHOK OCP,CCL,N06000247,5/2021,3/2028,N.A.,3/2028,"2,898.28",N.A.,"2,898.28",175.01,12.1
JHARKHAND,COAL,598,AMALGAMATED NTST KUJAMA OCP 8.5 MTY,BCCL,N06000273,1/2023,3/2030,N.A.,3/2030,"4,011.85",N.A.,"4,011.85",389.65,24.2
JHARKHAND,COAL,599,HURA C OC,ECL,N06000275,8/2022,3/2029,N.A.,3/2029,859.41,N.A.,859.41,33.33,62
JHARKHAND,DEPARTMENT OF HIGHER EDUCATION,600,2000 BOYS HOSTEL(1000 DOUBLE BEDDED ROOM) AT ISM DHANBAD,CPWD EDUCATION,N28000067,9/2012,3/2016,N.A.,3/2016,171.86,N.A.,171.86,175.52,0
JHARKHAND,PETROLEUM,601,DEVELOPMENT PLAN OF CBM - BOKARO BLOCK,ONGC,N16000239,12/2015,3/2023,Mar-24,3/2025,823.27,"1,137.79","1,137.79","1,058.54",83.1
JHARKHAND,PETROLEUM,602,DEVELOPMENT OF JHARIA CBM BLOCK (PHASE-1),ONGC,N16000445,11/2019,1/2024,Mar-24,12/2024,431.00,N.A.,431.00,162.50,56.65
JHARKHAND,PETROLEUM,603,LAYING OF NATURAL GAS PIPELINE FROM HAZARIBAGH TO RANCHI,IOCL,N16000480,3/2023,2/2026,N.A.,2/2026,202.07,N.A.,202.07,45.05,35.16
JHARKHAND,PETROLEUM,604,CGD PROJECT IN BIHAR JHARKHAND,HPCL,N16000497,6/2022,6/2030,N.A.,6/2030,"1,377.00",N.A.,"1,377.00",189.37,19
JHARKHAND,POWER,605,NORTH KARANPURA STPP (3X660 MW),NTPC,N18000177,2/2014,6/2019,Oct-22,12/2024,"16,242.90",N.A.,"17,007.00","15,361.62",85
JHARKHAND,POWER,606,PATRATU STPP-I (3X800MW),NTPC,N18000275,11/2017,3/2023,N.A.,11/2025,"17,112.00",N.A.,"17,112.00","13,151.45",68
JHARKHAND,POWER,607,BADAM COAL MINING PROJECT,NTPC,N18000367,2/2019,10/2024,N.A.,10/2024,501.79,N.A.,501.79,40.35,0
JHARKHAND,POWER,608,KERANDARI COAL MINING PROJECT,NTPC,N18000370,9/2015,11/2019,N.A.,11/2019,"1,553.00",N.A.,"2,804.00",0.00,0
JHARKHAND,RAILWAYS,609,"KODERMA-TILAIYA (NL), ECR",ECR,220100305,4/2002,,N.A.,3/2025,459.91,"1,625.87","1,700.00","1,802.45",70
JHARKHAND,RAILWAYS,610,BONDAMUNDA RANCHI DOUBLING,SER,N22000396,3/2016,3/2021,N.A.,6/2026,"1,724.20","3,029.04","3,029.04","2,207.61",80
JHARKHAND,RAILWAYS,611,LODHMA TO PISKA LINK LINE BY PASSING HATIA/RANCHI WITH Y CONNECTION (17.2 KM),SER,N22000508,4/2018,6/2022,N.A.,6/2026,428.65,N.A.,472.50,274.21,2
JHARKHAND,RAILWAYS,612,DOUBLING OF PRADHANKHUNTA JN -PATHERDIH BAZAR- BHOJUDIH,ECR,N22000529,11/2022,11/2027,N.A.,11/2027,202.00,349.22,349.22,9.54,0
JHARKHAND,RAILWAYS,613,KHARAGPUR-ADITYAPUR - 3RD LINE (132 KM),RVNL,N22000595,12/2015,3/2025,N.A.,3/2025,"1,116.00",N.A.,"3,270.07","2,899.45",0
JHARKHAND,RAILWAYS,614,3RD LINE BETWEEN DHANBAD SONNAGAR,RVNL,N22000599,11/2016,3/2026,N.A.,3/2026,"8,975.00",N.A.,"7,906.38","4,705.38",0
JHARKHAND,RAILWAYS,615,GARHWA ROAD - RAIL OVER RAIL,ECR,N22000610,3/2017,3/2024,N.A.,3/2025,262.71,N.A.,262.71,197.27,73
JHARKHAND,RAILWAYS,616,GOMOH - FLYOVER FOR DOWN TRAINS,ECR,N22000611,1/2018,12/2025,N.A.,12/2025,487.73,N.A.,487.73,318.38,16
JHARKHAND,ROAD TRANSPORT AND,617,FOUR LANING OF KHAJURI TO WYNDHAMGANJ FROM KM 219.600 TO KM 260.483 ON NH-75 PKG SEC-V ON HAM,NHAI,N24002053,4/2022,9/2025,N.A.,9/2025,"1,232.00","1,343.00","1,400.00",344.60,51.48
JHARKHAND,ROAD TRANSPORT AND,618,FOUR LANING OF BHOGU TO SANKHA FROM KM 147.450 TO KM 196.870 ON NH-75 PKG SEC-III,NHAI,N24002054,10/2022,11/2025,N.A.,11/2025,"1,390.77","1,391.00","1,600.00",205.88,54.03
JHARKHAND,ROAD TRANSPORT AND,619,FOUR LANING OF BASUKINATH- DEOGHAR SECTION OF NH-114A FROM KM 85.081 TO KM 130.240 UNDER NHDP PHASE-I,NHAI,N24002055,3/2023,12/2025,N.A.,12/2025,"1,444.94",N.A.,"1,444.94",0.00,0
JHARKHAND,ROAD TRANSPORT AND,620,BHARATMALA PARIYOJANA OF BOKARO JAINA MORE - GOLA SECTION OF NH-320 FROM KM. 21.110 TO KM. 53.600 IN,NHAI,N24002056,6/2020,6/2025,N.A.,6/2025,964.64,N.A.,964.64,362.33,35.86
JHARKHAND,ROAD TRANSPORT AND,621,FOUR LANING OF MEHGAMA HANSDIHA SECTION OF NH-33 FROM EXISTING KM 41.900 TO 93.000 IN THE STATE OF J,NHAI,N24002057,12/2022,5/2025,N.A.,5/2025,"1,443.77",N.A.,"1,443.77",0.00,0
JHARKHAND,ROAD TRANSPORT AND,622,FOUR LANING OF BARHI - KODERMA SECTION OF NH - 31,NHAI,N24000725,1/2018,11/2021,Oct-24,10/2024,273.46,N.A.,276.17,255.63,98
JHARKHAND,ROAD TRANSPORT AND,623,SIX LANING OF BIHAR - JHARKHAND BORDER (CHORDAHA) TO GORHAR SECTION,NHAI,N24000726,1/2018,11/2021,Jun-25,6/2025,"1,155.16",N.A.,950.49,629.74,69
JHARKHAND,ROAD TRANSPORT AND,624,WIDENING TO 2 LANE WITH PAVED SHOULDERS AND GEOMETRIC IMPROVEMENT OF NH-114A FROM KM 141 TO KM 184 I,MoRTH,N24001216,12/2016,9/2021,Dec-24,12/2024,196.00,N.A.,196.00,164.21,90
JHARKHAND,ROAD TRANSPORT AND,625,HARIHARGANJ TO PARWA MODE SECTION FROM KM 23.284 TO KM 57.049 OF NH-98,NHAI,N24001589,9/2020,3/2024,Dec-24,12/2024,755.26,N.A.,"1,039.00",550.12,82.62
JHARKHAND,ROAD TRANSPORT AND,626,4L FROM KM 196.87 (SANKHA) TO KM 219.6 (KHAJURI) ON NH-75 [REHLA / GARHWA BYPASS],NHAI,N24001590,9/2020,10/2023,Dec-24,12/2024,748.99,N.A.,903.00,813.91,99.99
JHARKHAND,ROAD TRANSPORT AND,627,ELEVATED CORRIDOR IN RANCHI CITY FROM KM 0.00 TO KM 3.260 OF NH-75 INCLUDING DOWN RAMP ON NH-23 FROM,NHAI,N24001594,2/2022,1/2025,N.A.,1/2025,534.73,N.A.,534.73,65.31,74.85
JHARKHAND,ROAD TRANSPORT AND,628,4L OF PALMA TO GUMLA SECTION OF NH23 FROM KM. 26.00 TO KM. 89.170 ON HAM MODE IN THE STATE OF JHARKH,NHAI,N24001595,8/2020,3/2024,N.A.,12/2024,"1,034.00","1,785.18","1,785.18",41.50,90.04
JHARKHAND,ROAD TRANSPORT AND,629,4L OF MIRZA CHAUKI TO FARKKA SECTION OF NH80 FROM KM 215.00 TO KM 260.00 ON HAM MODE IN THE STATE OF,NHAI,N24001596,11/2021,7/2023,Jun-25,6/2025,"1,302.72","1,504.80","1,504.80",837.23,61.78
JHARKHAND,ROAD TRANSPORT AND,630,FOUR LANING WITH PAVED SHOULDER OF SECTION FROM KM 53.600 (GOLA ON NH-320) TO KM 81.446 (ORMANJHI ON,NHAI,N24001854,6/2023,6/2025,N.A.,6/2025,"1,214.93","1,324.95","1,324.95",650.50,50
JHARKHAND,ROAD TRANSPORT AND,631,WIDENING TO 2-LANE WITH PAVED SHOULDER FROM KM 0.00 TO 44.00 (KURU-GHAGHRA SECTION) OF NH-143A INCLU,MoRTH,N24001922,2/2020,8/2023,Dec-24,12/2024,153.01,N.A.,153.01,83.63,84
JHARKHAND,ROAD TRANSPORT AND,632,WIDENING AND STRENGTHENING OF EXISTING PAVEEMNT TO TWO LANE WITH PAVED SHOULDERS FROM KM 116.00 TO K,MoRTH,N24001923,1/2022,7/2024,Dec-24,12/2024,315.21,N.A.,315.21,81.74,75
JHARKHAND,ROAD TRANSPORT AND,633,WIDENING AND STRENGTHENING TO TWO LANE WITH PAVED SHOULDER/TWO LANE+ PAVED SHOULDER WITH SERVICE ROA,MoRTH,N24001924,3/2022,8/2025,N.A.,8/2025,514.22,N.A.,514.22,10.49,6
JHARKHAND,ROAD TRANSPORT AND,634,WIDENING AND STRENGTHENING/RECONSTRUC TION TO TWO LANE WITH PAVED SHOULDER/ TWO LANE WITH PAVED SHOUL,MoRTH,N24001925,3/2022,8/2025,N.A.,8/2025,423.18,N.A.,423.18,0.11,0
JHARKHAND,STEEL,635,NEW SINTER PLANT AT BOKARO STEEL PLANT,SAIL,N12000095,3/2015,10/2017,Nov-26,11/2026,"1,034.01","1,752.30","1,752.30",872.02,51.75
JHARKHAND,STEEL,636,REVAMPING OF OLD SUB SYSTEM OF BLAST FURNACE 3 AT BOKARO STEEL PLANT,SAIL,N12000129,9/2023,7/2025,N.A.,7/2025,513.82,N.A.,513.82,82.67,48
JHARKHAND,STEEL,637,REBUILDING OF COKE OVEN BATTERY NO.6 OF BOKARO STEEL PLANT,SAIL,N12000133,11/2023,11/2026,N.A.,11/2026,627.31,N.A.,627.31,60.85,24
JHARKHAND,STEEL,638,REPLACEMENT OF REMAINING 04 NOS. OF BATTERY CYCLONES WITH 04 NOS. OF ESPS IN SINTER PLANT-1 AT BSL,SAIL,N12000135,3/2024,6/2026,N.A.,6/2026,260.37,N.A.,260.37,0.00,2.5
KARNATAKA,CIVIL AVIATION,639,BELAGAVI AIRPORT- EXPANSION OF TERMINAL BUILDING AND ASSOCIATED WORKS,AAI,N04000105,6/2023,2/2026,N.A.,2/2026,322.45,N.A.,322.45,47.35,25
KARNATAKA,CIVIL AVIATION,640,HUBBALI AIRPORT - CONSTRUCTION OF NEW DOMESTIC TERMINAL BUILDING AND MISCELLANEOUS WORKS,AAI,N04000108,6/2023,2/2026,N.A.,1/2026,320.47,N.A.,320.47,24.25,19
KARNATAKA,DEPARTMENT OF HIGHER EDUCATION,641,"CONSTRUCTION OF PERMANENT CAMPUS FOR INDIAN INSTITUTE OF TECHNOLOGY, DHARWAD (PHASE 1A)",CPWD EDUCATION,N42000006,7/2019,3/2022,Oct-22,3/2023,851.00,851.00,851.00,886.26,100
KARNATAKA,DEPARTMENT OF HIGHER EDUCATION,642,ADDITIONAL INFRASTRUCTURE AT IISC BANGALORE SH RCC MONOLITHIC FOR MEN WOMEN HOSTEL,CPWD,N42000010,8/2021,2/2024,Nov-24,11/2024,316.25,N.A.,316.25,333.42,94
KARNATAKA,PETROLEUM,643,CONSTRUCTION OF 80000MT LPG CAVERN AT MANGALORE,HPCL,N16000369,12/2018,12/2022,Mar-25,3/2025,854.00,854.00,854.00,647.64,92.4
KARNATAKA,PETROLEUM,644,"REVAMPING, AUGMENTATION OF FACILITIES AT EXISTING PORT TERMINAL AT MANGALORE",IOCL,N16000437,1/2022,7/2025,Dec-25,12/2025,463.00,500.62,500.62,184.54,58.3
KARNATAKA,PETROLEUM,645,POWER SYSTEM UPGRADATION PROJECT,MANGALORE REFIN,N16000509,10/2023,2/2026,N.A.,2/2026,385.00,N.A.,385.00,58.60,30.92
KARNATAKA,PETROLEUM,646,DEMO PLANT FOR PRODUCTION OF BIO-ATF,MANGALORE REFIN,N16000536,3/2024,3/2027,N.A.,3/2027,364.00,N.A.,364.00,7.24,0.5
KARNATAKA,POWER,647,TS FOR INTRGRATION OF RE ZONE (PHASE II) IN KOPPAL II (PHASE A and B) AND GADAG II (PHASE A) IN KARN,PGCIL,N18000385,12/2023,12/2025,N.A.,12/2025,"2,889.00",N.A.,"2,889.00",157.00,8
KARNATAKA,POWER,648,"TS FOR SOLAR ENERGY ZONE IN BIDAR (2500MW), KARNATAKA [BIDAR TRANSMISSION LTD]",PGCIL,N18000388,2/2024,2/2026,N.A.,2/2026,"2,148.00",N.A.,"2,148.00",173.00,17
KARNATAKA,RAILWAYS,649,TUMKUR-CHITRADURGA- DAVENGERE NL,SWR,N22000256,4/2011,,N.A.,12/2027,"1,801.01",N.A.,"1,801.01",488.95,12
KARNATAKA,RAILWAYS,650,BAGALKOT-KUDACHI NL,SWR,N22000258,4/2010,3/2016,N.A.,3/2027,986.30,"1,378.00","1,378.00",564.54,34
KARNATAKA,RAILWAYS,651,HOSPET-HUBLI-LONDA- VASCODAGAMA DL,RVNL,N22000297,4/2010,3/2023,N.A.,12/2026,"2,127.00",N.A.,"3,692.60","3,505.49",0
KARNATAKA,RAILWAYS,652,GADAG-WADI NL,SWR,N22000299,4/2013,12/2018,N.A.,12/2027,"2,841.84",N.A.,"2,841.84","1,217.38",28
KARNATAKA,RAILWAYS,653,MARIKUPPAM - KUPPAM,SWR,N22000308,4/2012,3/2016,N.A.,12/2026,279.54,296.72,296.72,106.75,14
KARNATAKA,RAILWAYS,654,KADUR CHIKMAGALUR SAKLESHPUR NEW LINE (93 KM),SWR,N22000486,3/1996,3/2017,N.A.,3/2026,644.78,825.31,825.31,618.97,66
KARNATAKA,RAILWAYS,655,BAIYYAPPANAHALLI-HOSUR (48 KM),NCRTC,N22000542,4/2019,3/2026,N.A.,3/2026,375.67,N.A.,375.67,0.00,0
KARNATAKA,RAILWAYS,656,YESHVANTHPUR- CHANNASANDRA (21.7 KM),NCRTC,N22000543,4/2019,3/2026,N.A.,3/2026,169.65,N.A.,169.65,71.75,0
KARNATAKA,RAILWAYS,657,BELGAUM-DHARWAD VIA KITTUR (73.10 KM) (UMBRELLA WORK PB#22/2019-20/NR),SWR,N22000557,9/2020,3/2026,N.A.,12/2027,"1,590.80",927.42,927.42,0.40,0
KARNATAKA,RAILWAYS,658,HASSAN (ALUR) - BELUR (32 KM) (UMBRELLA WORK PB#23/2018- 19/NR),SWR,N22000558,6/2019,4/2028,N.A.,3/2028,663.03,748.85,748.85,0.34,1
KARNATAKA,RAILWAYS,659,SHIMOGA-SHIKARIPURA- RANEBENNUR (UMBRELLA WORK PB#23/2018-19/NR),SWR,N22000559,9/2019,12/2027,N.A.,12/2027,"1,453.73",994.47,994.47,66.21,7
KARNATAKA,RAILWAYS,660,BANGALORE-WHITEFIELD- BANGALORE CITY- KRISHNARAJAPURAM QUADRUPLING,SWR,N22000621,3/2018,3/2025,N.A.,6/2025,492.87,N.A.,492.87,176.78,46
KARNATAKA,ROAD TRANSPORT AND,661,WIDENING TO 2 LANE WITH PAVED SHOULDERS FROM DESIGN KM 103.200 (EXISTING KM 103.200) TO DESIGN KM 11,MoRTH,N24002186,3/2024,9/2025,N.A.,9/2025,166.58,N.A.,166.58,3.62,0
KARNATAKA,ROAD TRANSPORT AND,662,CONSTRUCTION OF 2 LANE WITH PAVED SHOULDER FROM KM 55.6 TO KM 90.7 (EXISTING CHAINAGES) OF NH-766C (,MoRTH,N24002187,2/2024,2/2026,N.A.,2/2026,313.56,N.A.,313.56,53.65,0
KARNATAKA,ROAD TRANSPORT AND,663,WIDENING TO 2L+PS FROM KM 71.00 TO 104.00 (EXISTING CHAINAGES) (SARJAPUR TO PATTADKALLU) ON BHANAPUR,MoRTH,N24002188,3/2024,3/2026,N.A.,3/2026,445.62,N.A.,445.62,33.24,0
KARNATAKA,ROAD TRANSPORT AND,664,WIDENING TO TWO LANE WITH PAVED SHOULDERS FROM KM 0.00 (DESIGN CHAINAGE 0.00) TO KM 23.338 (DESIGN C,MoRTH,N24002189,9/2024,3/2026,N.A.,3/2026,196.05,N.A.,196.05,2.34,0
KARNATAKA,ROAD TRANSPORT AND,665,STRENGTHENING AND WIDENING TO TWO LANE WITH PAVED SHOULDERS FROM KM.106.00 TO 153.00 OF NH-218 BIJAP,MoRTH,N24000334,3/2015,11/2015,Aug-24,8/2024,165.67,N.A.,165.67,126.47,99
KARNATAKA,ROAD TRANSPORT AND,666,4-LANING OF GOA/KARNATAKA BORDER-KUNDAPUR SECTION,NHAI,N24000462,5/2014,8/2016,Jan-20,3/2025,"1,655.01","1,990.99","1,990.99","1,807.49",97.8
KARNATAKA,ROAD TRANSPORT AND,667,4-LANNING EXISTING KM 189.700 TO 237.00] HASSAN TO MARANAHALLY,NHAI,N24000552,3/2016,3/2019,Dec-23,3/2025,701.40,591.86,701.40,463.20,81
KARNATAKA,ROAD TRANSPORT AND,668,HOSPET-BELLARY-KARNATAKA AP BORDER,NHAI,N24000603,8/2016,3/2019,May-25,5/2025,"1,167.42",N.A.,"1,224.01",851.32,80.85
KARNATAKA,ROAD TRANSPORT AND,669,WIDENING TO TWO LANE WITH PAVED SHOULDER FROM KM 544.200 TO KM 594.000 OF NH- 150A HOSMANE CROSS ? PA,MoRTH,N24001156,1/2017,9/2017,May-23,5/2023,166.67,N.A.,264.34,192.08,100
KARNATAKA,ROAD TRANSPORT AND,670,IMPROVEMENTS AND RECONSTRUCTION TO TWO LANE WITH PAVED SHOULDERS FROM KM 243.20 TO KM 290.20 OF NH,MoRTH,N24001157,8/2016,2/2017,Jul-24,7/2024,175.50,N.A.,241.60,189.72,90
KARNATAKA,ROAD TRANSPORT AND,671,RECONSTRUCTION TO TWO LANE WITH PAVED SHOULDERS FROM DS. CH. 442+180 (EX. KM 448.00) TO DS. CH.485+2,MoRTH,N24001158,3/2018,6/2019,Dec-23,12/2023,159.97,N.A.,242.61,113.15,100
KARNATAKA,ROAD TRANSPORT AND,672,WIDENING TO TWO LANE WITH PAVED SHOULDERS FROM KM 20.150 TO KM 40.00 OF BC ROAD KOTTIGEHARA SECTION,MoRTH,N24001159,1/2018,7/2018,N.A.,3/2022,159.70,N.A.,159.70,142.88,100
KARNATAKA,ROAD TRANSPORT AND,673,WIDENING TO TWO LANE WITH PAVED SHOULDER FROM KM 194.900 TO KM 243.200 OF NH- 234 BANAVARA-HULIYAR,MoRTH,N24001160,9/2017,10/2018,Apr-22,4/2022,191.60,N.A.,191.60,112.03,100
KARNATAKA,ROAD TRANSPORT AND,674,WIDENING TO TWO LANE WITH PAVED SHOULDERS FROM 24.600 TO 70.063 OF MUDIGERE TO KADUR SECTION OF NH-,MoRTH,N24001161,12/2017,1/2019,Apr-22,4/2022,297.30,N.A.,318.28,280.25,100
KARNATAKA,ROAD TRANSPORT AND,675,IMPROVEMENT AND RECONSTRUCTION TO TWO LANE WITH PAVED SHOULDERS FROM KM 489.845 (NEW KM.58.125) AN,MoRTH,N24001162,3/2018,10/2018,Nov-22,11/2022,325.86,N.A.,386.41,356.78,100
KARNATAKA,ROAD TRANSPORT AND,676,WIDENING TO 2 LANE WITH PAVED SHOULDERS FROM KM 0 TO 54 OF NH-50 UNDER EPC MODE IN THE STATE OF KARN,MoRTH,N24001164,10/2016,3/2017,Jul-22,7/2022,396.96,N.A.,396.96,329.58,100
KARNATAKA,ROAD TRANSPORT AND,677,WIDENING TO 2 LANE WITH PAVED SHOULDERS FROM KM 34.00 TO 70.900 OF NH-150 UNDER EPC MODE IN THE STAT,MoRTH,N24001165,11/2016,3/2017,Oct-21,10/2021,314.90,N.A.,314.90,233.95,100
KARNATAKA,ROAD TRANSPORT AND,678,WIDENING TWO LANE WITH PAVED SHOULDERS FROM FROM KM.56.00 TO 106.00 OF NH- 218 (218-KNT-2014-15-775),MoRTH,N24001166,3/2015,1/2016,N.A.,7/2024,159.12,N.A.,159.12,127.72,98
KARNATAKA,ROAD TRANSPORT AND,679,ESTIMATE FOR WIDENING TWO LANE TO FOUR LANE FROM FROM KM.129.00 TO 144.00 OF NH-63 ANKOLA-GOOTY SECT,MoRTH,N24001168,5/2018,5/2018,Dec-23,12/2023,171.60,N.A.,171.60,134.81,100
KARNATAKA,ROAD TRANSPORT AND,680,WIDENING TO TWO LANE WITH PAVED SHOULDER FROM KM 4.40 TO KM 56.00 OF NH-218 BIJAPURA-HUBLI SECTION U,MoRTH,N24001172,1/2017,8/2017,N.A.,6/2022,291.49,N.A.,291.49,238.77,100
KARNATAKA,ROAD TRANSPORT AND,681,CONSTRUCTION OF MAJOR BRIDGE AT KM 180.865 ACROSS RIVER KRISHNA ON NH-167 HAGARI ? JADERCELA SECTION,MoRTH,N24001173,2/2017,5/2019,N.A.,10/2025,157.32,188.00,187.61,62.31,60
KARNATAKA,ROAD TRANSPORT AND,682,WIDENING TO 2-LANE WIH PAVED SHOULDER FROM KM. 544.20 TO 594.00 (HOSAMANE CROSS TO PANDAVAPURA) SECT,MoRTH,N24001387,1/2017,9/2017,May-23,5/2023,264.34,N.A.,264.34,201.07,100
KARNATAKA,ROAD TRANSPORT AND,683,CONSTRUCTION OF MAJOR BRIDGE ACROSS SHARAVATHI BACKWATERS AND APPROCHES BETWEEN AMBARGODU AND KALASA,MoRTH,N24001388,3/2019,12/2019,Nov-24,11/2024,423.15,N.A.,423.15,284.58,82
KARNATAKA,ROAD TRANSPORT AND,684,4L OF ADDAHOLE TO BANTWAL CROSS SECTION INCLUDING FLYOVER AT KALLADKA TOWN,NHAI,N24001425,3/2021,11/2021,Mar-25,3/2025,"1,100.88","1,713.98","1,713.98",940.93,67
KARNATAKA,ROAD TRANSPORT AND,685,4L OF ADDAHOLE TO BANTWAL CROSS SECTION,NHAI,N24001426,3/2021,10/2021,Mar-25,3/2025,317.90,576.32,576.32,343.47,95
KARNATAKA,ROAD TRANSPORT AND,686,6L FROM SANKESHWAR BYPASS TO MH KNT BORDER FROM KM. 555.017 TO KM. 592.853 OF NH-48 (PKG II),NHAI,N24001598,1/2022,4/2025,Apr-25,4/2025,"1,388.70","1,388.70","1,388.70",347.10,53.5
KARNATAKA,ROAD TRANSPORT AND,687,BELAKERI PORT TO KUMTA - SIRSI ROAD FROM KM 0.00 - KM 4.265 OF BELEKERI PORT ROAD LINK RD. AND KM 4.,NHAI,N24001599,3/2018,12/2022,Dec-22,5/2025,440.16,N.A.,440.16,309.40,58.84
KARNATAKA,ROAD TRANSPORT AND,688,BANGALORE/TN BORDER TO HOSKOTE,NHAI,N24001674,2/2023,2/2025,N.A.,2/2025,"1,240.60",N.A.,"1,240.60",669.74,70.19
KARNATAKA,ROAD TRANSPORT AND,689,6L OF MH/KN BORDER (NIMBAL VILLAGE) TO KN/TS BORDER (SINGNODI VILLAGE) FROM KM. 162.5 TO KM. 203.100,NHAI,N24001675,11/2022,5/2025,N.A.,5/2025,"1,732.73",N.A.,"1,732.73",540.35,95.67
KARNATAKA,ROAD TRANSPORT AND,690,6L OF MH/KN BORDER (NIMBAL VILLAGE) TO KN/TS BORDER (SINGNODI VILLAGE) FROM KM. 26.000 TO KM. 97.000,NHAI,N24001676,12/2022,6/2025,N.A.,6/2025,"2,718.46",N.A.,"2,718.46",312.90,36.41
KARNATAKA,ROAD TRANSPORT AND,691,BALANCE WORK OF 2L PS FROM KM 30.800 TO 70.800 AND 2L WITH RIGID CARRIAGEWAY FROM 70.800 TO KM 84.12,NHAI,N24001677,11/2022,5/2024,May-24,5/2024,226.76,226.76,226.76,70.45,54
KARNATAKA,ROAD TRANSPORT AND,692,6L FROM BELGAUM TO SANKESHWAR BYPASS FROM KM 515.000 TO KM 555.017 OF NH 48,NHAI,N24001679,10/2022,4/2025,Apr-25,4/2025,"1,479.30","1,479.30","1,479.30",443.60,63.32
KARNATAKA,ROAD TRANSPORT AND,693,4L OF SANNUR TO BIKARNAKATTE SECTION FROM KARKALA TO MANGALORE,NHAI,N24001680,3/2021,10/2024,Dec-25,12/2025,"1,409.68","1,633.91","1,633.91",827.59,44.45
KARNATAKA,ROAD TRANSPORT AND,694,TUMKUR - NELAMANGALA(6L),NHAI,N24001681,8/2022,8/2025,Aug-25,12/2025,"2,032.15","2,032.15","2,032.15",164.69,43.8
KARNATAKA,ROAD TRANSPORT AND,695,UPGRADATION 2/4 LANE NH CONNECTIVITY UNDER SAGARMALA SCHEME SH 2 HAVERI YEKAMBI SH 69 YEKAMBI KUMTA,NHAI,N24001682,3/2022,3/2024,Sep-25,9/2025,294.62,309.90,309.90,32.56,13.47
KARNATAKA,ROAD TRANSPORT AND,696,AURAD - BIDAR KM 0.00 TO KM 45.878,NHAI,N24001683,9/2021,4/2023,Dec-24,12/2024,912.37,N.A.,424.16,330.84,98.45
KARNATAKA,ROAD TRANSPORT AND,697,4L OF CHANNARAYAPATNA BYPASS AND HASSAN BYPASS WITH STRUCTURES IN DEVIHALLI -HASSAN SECTION,NHAI,N24001684,9/2020,1/2023,Sep-20,5/2025,688.00,602.09,688.00,474.34,75.93
KARNATAKA,ROAD TRANSPORT AND,698,FOUR LANING OF BANAVARA TO BETTADAHALLI SECTION FROM KM. 119+790 (DESIGN KM. 121+900) TO KM. 166+100,NHAI,N24001686,3/2021,3/2023,Jan-25,1/2025,"1,065.06","1,444.50","1,444.50",160.13,89.47
KARNATAKA,ROAD TRANSPORT AND,699,FOUR LANING OF BETTADAHALLI TO SRIRAMPURA SECTION FROM KM. 166+100 (DESIGN KM. 170+415) TO KM. 217+0,NHAI,N24001687,10/2021,10/2023,Mar-25,3/2025,"1,331.77","2,082.98","2,082.98",341.64,69.51
KARNATAKA,ROAD TRANSPORT AND,700,FOUR LANING OF KARADI TO BANAVARA SECTION FROM KM. 66+540 (DESIGN KM. 65+195) TO KM. 119+790 (DESIGN,NHAI,N24001691,10/2019,10/2021,Jan-25,1/2025,"1,225.24","1,505.85","1,505.85",79.09,93.79
KARNATAKA,ROAD TRANSPORT AND,701,BALANCE WORK OF CONTSRUCTION OF TWO/FOUR LANE WITH PAVED SHOULDER FROM KM. 54.370 TO KM. 101.400 (BI,MoRTH,N24001936,3/2021,3/2023,Jul-24,7/2024,344.79,N.A.,344.79,10.00,90
KARNATAKA,ROAD TRANSPORT AND,702,BALANCE WORK OF REHABILITATION AND UPGRADING TO 2LANE/2LANE WITH PAVED SHOULDER CONFIGURATION AND ST,MoRTH,N24001937,2/2023,2/2024,Feb-25,2/2025,398.48,N.A.,398.48,5.00,50
KARNATAKA,ROAD TRANSPORT AND,703,"CONSTRUCTION OF ELEVATED CORRIDOR FROM KM. 135.650 TO 136.300 ON 63, FROM KM. 249 TO KM. 250.050 ON",MoRTH,N24001938,6/2021,6/2024,Jun-25,6/2025,298.00,N.A.,298.00,10.70,52
KARNATAKA,ROAD TRANSPORT AND,704,WIDENING TO 2 LANE WITH PAVED SHOULDERS FROM DESIGN KM 103.200 (EXISTING KM 103.200) TO DESIGN KM 11,MoRTH,N24001940,1/2023,1/2026,Sep-25,9/2025,166.58,N.A.,166.58,3.54,0
KARNATAKA,ROAD TRANSPORT AND,705,WIDENING TO 4 LANE FROM KM. 133.00 TO 158.04 (DESIGN CHAINAGE KM. 130.88 TO 155.145) (SHIRUR CROSS T,MoRTH,N24001941,1/2023,1/2025,Jan-25,1/2025,350.69,N.A.,350.69,10.00,56
KARNATAKA,ROAD TRANSPORT AND,706,WIDENING TO TWO LANE WITH PAVED SHOULDERS FROM KM. 33.13 TO KM. 40.23 AND KM. 52.00 TO KM. 71.00 (EX,MoRTH,N24001943,9/2022,3/2024,Jan-25,1/2025,172.98,N.A.,172.98,6.48,65
KARNATAKA,ROAD TRANSPORT AND,707,WIDENING TO INTERMEDIATE/TWO LANE TO 2 LANE WITH PAVED SHOULDER FROM EXISTING CHANAGES KM 112.750 TO,MoRTH,N24001944,1/2023,6/2024,Jul-24,7/2024,255.88,N.A.,255.88,60.99,78
KARNATAKA,ROAD TRANSPORT AND,708,WIDENING TO 2 LANE WITH PAVED SHOULDERS FROM KM 116.800 TO 149.070(DESIGN CHANGES) ON HOSADURGA HOL,MoRTH,N24001945,8/2022,2/2024,Dec-24,12/2024,170.34,N.A.,170.34,4.25,72
KARNATAKA,ROAD TRANSPORT AND,709,"WIDENING TO 2 LANES WITH PAVED SHOULDERS FROM KM 24.400 TO 27.270, 40.500 TO 41.900, 84.300 TO 88.20",MoRTH,N24001946,11/2022,11/2024,Nov-24,11/2024,218.93,N.A.,218.93,10.00,95
KARNATAKA,ROAD TRANSPORT AND,710,WIDENING TO EXISTING 2 LANE WITH PAVED SHOULDER TO 4 LANE WITH PAVED SHOULDER FROM DESIGN KM 153.00,MoRTH,N24001947,2/2023,2/2025,Feb-25,2/2025,177.94,N.A.,177.94,6.66,47
KARNATAKA,ROAD TRANSPORT AND,711,WIDENING TO 4 LANE FROM KM 51.60 TO 76.20 (HEBRI TO PARKALA) AND FROM KM 85.20 TO 88.90 (KARAVALI JU,MoRTH,N24001948,10/2022,10/2024,Dec-24,12/2024,355.72,N.A.,355.72,11.32,60
KARNATAKA,ROAD TRANSPORT AND,712,FOUR LANING OF LEFT OVER WORKS OF HOSPET BELLARY KARNATAKA/ AP BORDER FROM KM.280.080 TO KM. 375.450,NHAI,N24001989,3/2023,5/2025,N.A.,5/2025,830.28,N.A.,830.28,457.69,53.45
KARNATAKA,ROAD TRANSPORT AND,713,DEVELOPMENT OF 6 LANE ACCESS CONTROLLED GREENFIELD HIGHWAY FROM KM. 97.000 TO KM. 162.500 MARADGI S,NHAI,N24001993,12/2022,10/2025,N.A.,10/2025,"1,589.00",N.A.,"1,589.00",400.50,46.2
KARNATAKA,ROAD TRANSPORT AND,714,4/6L OF BANGALORE - PUNE SECTION OF BYPASS CONNECTING DHARWAD - HUBLI FROM KM. 403.80 TO KM. 433.20,NHAI,N24001994,5/2022,3/2023,N.A.,9/2025,"1,135.39",N.A.,"1,135.39",249.61,45.21
KARNATAKA,ROAD TRANSPORT AND,715,BALANCE WORK OF CONSTRUCTION OF TWO/FOUR LANE WITH PAVED SHOULDER FROM KM 422.000 TO 523.600 ( CHITR,MoRTH,N24002011,12/2021,6/2024,Dec-24,12/2024,516.96,N.A.,516.96,19.93,70
KARNATAKA,ROAD TRANSPORT AND,716,WIDENING TO TWO LANE WITH PAVED SHOULDERS FROM KM 40.00 TO KM 75.00 (EXISTING CHAINAGES) OF MANGALOR,MoRTH,N24002012,3/2023,3/2025,Mar-25,3/2025,718.52,N.A.,718.52,24.81,23
KARNATAKA,ROAD TRANSPORT AND,717,CONSTRUCTION OF TWO LANE WITH PAVED SHOULDER FROM KM.0 TO KM. 80 ON NH 548B (VIJAYAPURA-SANKESWAR SE,MoRTH,N24002013,3/2021,2/2022,Oct-24,10/2024,766.64,N.A.,766.64,13.55,75
KARNATAKA,URBAN DEVELOPMENT,718,BANGALORE METRO RAIL PROJECT PHASE-2,BMRCL,N28000058,2/2014,2/2021,N.A.,3/2025,"26,405.14",N.A.,"26,405.14","20,936.29",0
KARNATAKA,URBAN DEVELOPMENT,719,BANGALORE METRO RAIL PROJECT LIMITED. PHASE. 2A AND 2B,BMRCL,N28000151,6/2021,6/2026,N.A.,6/2026,"14,788.10",N.A.,"14,788.10","2,424.04",30
KERALA,CIVIL AVIATION,720,CALICUT AIRPORT - DEVELOPMENT OF ADDITIONAL RESA ON EITHER END ON RUNWAY 10-28 AT CALICUT AIRPORT,AAI,N04000111,6/2023,9/2025,N.A.,9/2025,323.98,N.A.,323.98,10.62,3.5
KERALA,DEPARTMENT OF HIGHER EDUCATION,721,"C/O PERMANENT CAMPUS OF IIT PALAKKAD PHASE IA AT PUDESSERY VILLAGE,KANJIKODE WEST, DISTRICT PALAKKA",CPWD EDUCATION,N28000140,7/2019,3/2021,Mar-23,11/2025,753.63,N.A.,753.63,412.37,66
KERALA,HEALTH AND FAMILY WELFARE,722,C/O NEW HOSPITAL BLOCK FOR SREE CHITRA TIRUNAL INSTITIUTE OF MEDICAL SCIENCE AND TECHNOLOGY (SCTIMST,CPWD FOR HEALTH,N28000112,9/2017,3/2020,May-24,11/2024,150.29,N.A.,162.00,150.00,99.75
KERALA,PETROLEUM,723,REPLACEMENT AND EXTENSION OF JETTY PIPELINES AT KOCHI REFINERY,BPCL,N16000508,3/2023,3/2026,N.A.,3/2026,621.87,N.A.,621.87,116.06,68.8
KERALA,PETROLEUM,724,SETTING UP POLYPROPYLENE UNIT AT KOCHI REFINERY,BPCL,N16000530,12/2023,10/2027,N.A.,10/2027,"4,460.00",N.A.,"4,460.00",76.55,5.6
KERALA,RAILWAYS,725,TRIVANDRUM-KANYAKUMARI DOUBLING,SR,N22000399,2/2015,,Dec-26,12/2026,"1,431.90","3,785.45","3,785.45","3,097.41",40
KERALA,RAILWAYS,726,ERNAKULAM-KUMBALAM - PATCH DOUBLING (7.71 KM),SR,N22000619,12/2010,3/2028,Dec-26,12/2026,600.82,595.39,595.39,270.57,5
KERALA,RAILWAYS,727,KUMBALAM-THURAVUR - PATCH DOUBLING (15.59 KM),SR,N22000620,12/2011,8/2023,Dec-26,12/2026,812.85,802.80,802.80,258.69,5
KERALA,ROAD TRANSPORT AND,728,WIDENING/DEVELOPMENT OF EXISTING NH-85 FROM KM 0.000 TO KM 124.636 SECTION TO 2L/@L+PS SECTION IN TH,NHAI,N24002074,8/2022,6/2025,N.A.,6/2025,"1,231.74",N.A.,"1,231.74",117.32,20.7
KERALA,ROAD TRANSPORT AND,729,4-LANNING OF THALSERRY - MAHE BYPASS,NHAI,N24000704,9/2017,5/2020,Nov-23,2/2024,"1,124.11","1,573.18","1,573.18","1,522.68",100
KERALA,ROAD TRANSPORT AND,730,6-LANING OF KOZHIKODE BYPASS (CALICUT BYPASS) (I.E. VENGALAM JN. TO RAMANATTUKARA JN.) SECTION OF NH,NHAI,N24000784,2/2018,2/2023,Dec-24,4/2025,"1,424.77","2,065.95","2,065.95",779.78,80
KERALA,ROAD TRANSPORT AND,731,WIDENING TO 2 LANES WITH PAVED SHOULDERS FROM KM.87/000 TO 133/720 (NATTUKAL TO THANAU JN. IN PALAKK,MoRTH,N24001369,2/2017,8/2017,Mar-22,8/2024,294.28,296.53,296.53,285.47,98
KERALA,ROAD TRANSPORT AND,732,WIDENING TO 2-LANE WITH PAVED SHOULDERS FROM KM 119/017 TO KM 161/300 ON NH 85 (OLD NH 49),MoRTH,N24001370,2/2017,9/2017,Jan-23,8/2024,380.76,372.87,372.87,337.83,100
KERALA,ROAD TRANSPORT AND,733,CONSTRUCTION OF 6 LANE ELEVATED CORRIDOR ALONG WITH DEVELOPMENT OF EXISTING 4 LANE ROAD AT GROUND LE,NHAI,N24001648,8/2022,1/2026,N.A.,1/2026,"2,429.52",N.A.,"2,429.52",694.05,41.35
KERALA,ROAD TRANSPORT AND,734,SIX LANING OF PARAVOOR(DESIGN KM. 417+000) TO KOTTUKULANGARA(DESIGN KM. 454+500) SECTION OF NEW NH-6,NHAI,N24001649,12/2021,2/2025,Feb-25,2/2025,"3,273.61",N.A.,"3,273.61",475.22,47.3
KERALA,ROAD TRANSPORT AND,735,SIX LANING OF KADAMBATTUKONAM TO KAZHAKKOOTTAM SECTION OF NH-66(OLD NH-47) FROM KM. 517+250 TO KM.54,NHAI,N24001650,12/2021,1/2025,Aug-25,8/2025,"3,635.64",N.A.,"3,635.64",280.92,36.82
KERALA,ROAD TRANSPORT AND,736,SIX LANING OF THURAVOOR (DESIGN KM. 378+612) TO PARAVOOR (DESIGN KM.417+000) SECTION OF NEW NH-66 (O,NHAI,N24001651,9/2021,9/2024,Mar-26,9/2024,"2,878.97",N.A.,"2,878.97",350.43,27.71
KERALA,ROAD TRANSPORT AND,737,6L MINOR BRIDGE (PALOLI PALAM) AT KM. 203.160 and MAJOR BRIDGE (MORAD) AT KM. 204.895 AND ALLIED WOR,NHAI,N24001652,3/2020,6/2022,Feb-24,6/2024,210.37,216.94,216.94,198.10,100
KERALA,ROAD TRANSPORT AND,738,SIX LANING FROM KODUNGALLUR TO EDAPALLY SECTION OF NH ?66 (OLD NH-17) FROM DESIGN CHAINAGE 397+750 (,NHAI,N24001653,11/2021,4/2025,N.A.,4/2025,"3,565.82",N.A.,"3,064.11","1,910.41",45.01
KERALA,ROAD TRANSPORT AND,739,SIX LANING OF START OF KOLLAM BYPASS (KM.486+000) KADAMBATTUKONAM (KM.517+250) SECTION OF NEW NH-66,NHAI,N24001654,6/2021,3/2025,Feb-25,2/2025,"2,641.37",N.A.,"2,641.37",450.72,59.94
KERALA,ROAD TRANSPORT AND,740,SIX LANING FROM KAPPIRIKKAD TO THALIKULAM SECTION OF NH ? 66 (OLD NH-17) FROM DESIGN CH. 335+850 (EX,NHAI,N24001655,6/2021,2/2025,N.A.,11/2025,"3,606.00","3,946.56","3,946.56","3,033.98",57.47
KERALA,ROAD TRANSPORT AND,741,SIX LANING FROM THALIKULAM TO KODUNGALLUR SECTION OF NH ? 66 (OLD NH-17) FROM DESIGN CH.369+015 (EX.,NHAI,N24001656,6/2021,3/2025,N.A.,12/2025,"2,595.00",N.A.,"4,009.57","2,917.23",50.61
KERALA,ROAD TRANSPORT AND,742,SIX LANING OF KOTTUKULANGARA (DESIGN KM. 454+500) TO START OF KOLLAM BYPASS (DESIGN KM. 486+000) SEC,NHAI,N24001657,6/2021,10/2024,Dec-25,12/2025,"2,842.14",N.A.,"2,842.14",463.03,60.2
KERALA,ROAD TRANSPORT AND,743,SIX LANING OF RAMANATTUKARA JUNCTION TO START OF VALANCHERY BYPASS SECTION OF NH-66 (OLD NH-17) FROM,NHAI,N24001658,1/2021,7/2024,Mar-25,3/2025,"4,265.42",N.A.,"4,728.40","3,365.44",88.5
KERALA,ROAD TRANSPORT AND,744,SIX LANING FROM START OF VALANCHERY BYPASS TO KAPPIRIKKAD-SECTION OF NH- 66(OLD NH-17) FROM DESIGN CH,NHAI,N24001659,2/2021,7/2024,Mar-25,3/2025,"3,375.31","3,824.07","3,824.07","2,240.36",88.6
KERALA,ROAD TRANSPORT AND,745,SIX LANING OF THALIPARAMBHA- MUZHAPILANGAD SECTION FROM KM 137.900 TO KM. 170.600 OF NH-17 (NEW NH,NHAI,N24001660,8/2020,2/2024,Nov-21,12/2025,"2,714.60","3,319.41","2,714.60","1,775.03",63
KERALA,ROAD TRANSPORT AND,746,6L OF AZHIYUR-VENGALAM FROM KM. 189.200 TO KM. 230.400 OF NH-66,NHAI,N24001661,10/2020,4/2024,May-25,12/2025,"3,219.47","3,898.46","3,896.46","2,079.48",50
KERALA,ROAD TRANSPORT AND,747,SIX LANING OF KT/KL BORDER (THALAPPDY) TO CHENGALA SECTION OF NH17 (NEW NH-66) FROM CH. 17.200 TO CH,NHAI,N24001662,5/2020,5/2024,Nov-21,3/2025,"1,981.07","2,627.66","1,981.07","1,397.35",80.54
KERALA,ROAD TRANSPORT AND,748,SIX LANING OF NEELESHWARAM TO THALIPARAMBHA SECTION FROM CH. 94+540 (EXISTING KM 96+450) TO CH. 134+,NHAI,N24001663,6/2020,4/2024,Oct-21,12/2025,"3,041.65","3,799.76","3,041.65","2,156.43",57.5
KERALA,ROAD TRANSPORT AND,749,SIX LANING OF CHENGALA TO NEELESHWARAM SECTION OF NH-17 (NEW NH-66) FROM CH. 56+200 (EXISTING KM 57+,NHAI,N24001664,6/2020,4/2024,Oct-21,11/2025,"1,746.45","2,377.88","1,746.45","1,125.92",62.21
KERALA,URBAN DEVELOPMENT,750,KOCHI METRO RAIL PROJECT,KMRCL,N28000081,7/2012,7/2017,Sep-20,9/2020,"5,181.79",N.A.,"6,218.14","6,059.17",100
KERALA,URBAN DEVELOPMENT,751,KOCHI METRO RAIL PROJECT PHASE II FROM JLN STADIUM TO INFOPARK VIA KAKKANAD,KMRCL,N28000158,7/2018,11/2026,N.A.,11/2026,"1,957.05",N.A.,"1,957.05",2.81,0
KERALA,URBAN DEVELOPMENT,752,KOCHI METRO RAIL PROJECT PHASE IB SECTION FROM S N JUNCTION TO THRIPUNITHURA,KMRCL,N28000159,6/2019,9/2023,N.A.,9/2023,355.70,448.00,448.33,1.64,0
LADAKH,CIVIL AVIATION,753,CONSTRUCTION OF TERMINAL BUILDING AND ASSOCIATED WORKS AT LEH AIRPORT,AAI,N04000078,7/2018,9/2021,Oct-24,10/2025,480.33,N.A.,640.00,378.16,61.81
LADAKH,ROAD TRANSPORT AND,754,KARGIL-ZANSKR PACKAGE-1,NHIDCL,N24001343,3/2021,1/2023,Dec-24,10/2025,384.23,N.A.,384.23,115.95,58.53
LADAKH,ROAD TRANSPORT AND,755,KARGIL-ZANSKR PACKAGE-2,NHIDCL,N24001344,3/2021,1/2023,Feb-25,2/2025,404.89,N.A.,404.89,174.48,64.36
LADAKH,ROAD TRANSPORT AND,756,KARGIL-ZANSKR PACKAGE-3,NHIDCL,N24001345,8/2020,1/2023,Aug-25,8/2025,381.01,N.A.,381.01,196.07,73.97
LADAKH,ROAD TRANSPORT AND,757,KARGIL-ZANSKR PACKAGE-8,NHIDCL,N24001348,3/2021,1/2023,Aug-24,11/2024,398.37,N.A.,398.37,208.23,82.11
LADAKH,ROAD TRANSPORT AND,758,CONSTRUCTION OF REALIGNMENT BETWEEN PANDRASS- PASHKYUN (TOTAL LENGTH 27.10 KM) ON ROAD ZOZILA-KARGIL,BRO,N24001999,11/2021,6/2025,N.A.,6/2025,426.14,N.A.,426.14,76.75,37
MADHYA PRADESH,CIVIL AVIATION,759,UPGRADATION OF JABALPUR AIRPORT,AAI,N04000087,6/2016,6/2021,N.A.,7/2024,412.24,N.A.,412.24,401.35,100
MADHYA PRADESH,CIVIL AVIATION,760,DEVELOPMENT OF GWALIOR AIRPORT PHASE 01,AAI,N04000098,10/2021,8/2023,Jun-24,8/2024,446.12,N.A.,446.12,431.65,100
MADHYA PRADESH,COAL,761,KANCHAN OC EXPANSION,SECL,N06000125,12/2014,3/2021,Mar-26,3/2026,371.04,N.A.,371.04,134.02,47
MADHYA PRADESH,COAL,762,AMADAND OPENCAST EXPANSION PROJECT,SECL,N06000148,3/2016,3/2021,Mar-27,3/2027,869.44,N.A.,869.44,253.51,64
MADHYA PRADESH,COAL,763,DUDHICHUA EXPANSION OCP (10 TO 20 MTPA),NCL,N06000162,11/2017,3/2022,N.A.,3/2025,"1,255.17",N.A.,"1,255.17","1,237.80",97.78
MADHYA PRADESH,COAL,764,GANDHIGRAM UG MINE,WCL,N06000183,8/2019,3/2026,N.A.,3/2026,414.16,N.A.,414.16,24.98,28
MADHYA PRADESH,COAL,765,BLOCK-B EXPANSION OPENCAST PROJECT,NCL,N06000184,7/2019,3/2023,N.A.,3/2025,998.71,N.A.,998.71,375.66,27.07
MADHYA PRADESH,COAL,766,NIGAHI EXPANSION OCP (15 TO 25 MTPA),NCL,N06000196,11/2020,3/2025,N.A.,3/2025,"1,729.68",N.A.,"1,729.68",687.86,41.49
MADHYA PRADESH,COAL,767,RAMPUR BATURA OC (4.0 MTY),SECL,N06000233,7/2019,3/2026,N.A.,3/2026,"1,248.93",N.A.,"1,248.93",472.87,44
MADHYA PRADESH,COAL,768,TAWA III UG MINE,WCL,N06000250,12/2021,3/2027,N.A.,3/2027,324.25,N.A.,324.25,12.32,9
MADHYA PRADESH,COAL,769,AMALGAMATED DHANKASA JAMUNIA UG (1.84 MTY),WCL,N06000257,9/2022,3/2027,N.A.,3/2027,497.01,N.A.,497.01,160.98,42
MADHYA PRADESH,COAL,770,VISHNUPURI UG TO OC,WCL,N06000260,11/2022,3/2029,N.A.,3/2029,227.65,N.A.,227.65,7.02,7
MADHYA PRADESH,COAL,771,URDHAN OC,WCL,N06000265,7/2022,3/2031,N.A.,3/2031,228.42,N.A.,228.42,27.67,9
MADHYA PRADESH,COAL,772,SHARDA UG,WCL,N06000266,7/2022,3/2028,N.A.,3/2028,200.16,N.A.,200.16,34.40,11
MADHYA PRADESH,PETROLEUM,773,ETHYLENE CRACKER PROJECT AT BINA REFINERY INCLUDING DOWNSTREAM PETROCHEMICAL PLANTS AND EXPANSION OF,BPCL,N16000518,5/2023,5/2028,N.A.,5/2028,"43,367.00",N.A.,"43,367.00",826.00,7.3
MADHYA PRADESH,POWER,774,SHAJAPUR 325MW SOLAR PV PROJECT,NTPC,N18000348,6/2022,3/2024,N.A.,3/2025,"1,530.49",N.A.,"1,530.49","1,143.94",70
MADHYA PRADESH,POWER,775,TS FOR EVACUATION POWER RAJASTHAN REZ PH-IV (PART- 2:5.5GW) (JAISALMER/BARMER COMPLEX): PART-C,PGCIL,N18000392,8/2024,8/2026,N.A.,8/2026,"2,708.00",N.A.,"2,708.00",0.00,0
MADHYA PRADESH,RAILWAYS,776,"RAMGANJMUNDI-BHOPAL (NL),WCR",WCR,220100314,4/2001,3/2021,Dec-25,12/2025,424.60,"3,032.46","5,125.16","3,138.92",68
MADHYA PRADESH,RAILWAYS,777,RATLAM-MHOW-KHANDWA- AKOLA (GC),WR,N22000120,4/2008,3/2022,Feb-27,2/2027,"3,503.69","5,677.80","6,203.51","3,969.38",80
MADHYA PRADESH,RAILWAYS,778,KATNI - SINGRAULI DOUBLING PROJECT,WCR,N22000351,12/2015,3/2020,Dec-27,12/2027,"1,763.93","2,445.30","4,353.50","2,919.21",85
MADHYA PRADESH,RAILWAYS,779,KATNI GRADE SEPARATOR/BYE PASS,WCR,N22000416,8/2016,3/2022,N.A.,9/2024,582.13,N.A.,"1,247.64","1,180.23",75
MADHYA PRADESH,RAILWAYS,780,ANUPPUR-KATNI,SECR,N22000485,4/2015,12/2021,Dec-23,12/2024,"1,370.00","1,680.00","2,311.02","1,682.06",74
MADHYA PRADESH,RAILWAYS,781,NIMACH BADI SADRI NEW LINE PROJECT,WR,N22000503,4/2017,3/2022,N.A.,3/2026,495.18,N.A.,495.18,188.05,10
MADHYA PRADESH,RAILWAYS,782,NIMACH-RATLAM (133 KM),WR,N22000536,10/2021,10/2027,Mar-25,3/2025,910.00,"1,095.88","1,095.88",836.09,87
MADHYA PRADESH,RAILWAYS,783,SATNA - REWA (50 KM),WCR,N22000554,11/2015,3/2026,N.A.,3/2026,500.00,40.00,500.00,1.41,80
MADHYA PRADESH,RAILWAYS,784,INDORE BUDNI (INDORE JABALPUR),RVNL,N22000601,9/2018,9/2030,N.A.,9/2030,"4,340.00",N.A.,"7,393.75","1,004.86",0
MADHYA PRADESH,ROAD TRANSPORT AND,785,BALANCE WORK OF 4L OF NAURADEHI SANCTUARY DE- SCOPED STRETCH OF HIRAN RIVER TO SINDOOR RIVER FROM KM.,NHAI,N24002067,1/2021,7/2023,N.A.,12/2024,178.18,N.A.,178.18,161.64,84.39
MADHYA PRADESH,ROAD TRANSPORT AND,786,CONSTRUCTION OF 4-LANE FROM BARELA TO MANEGAON SECTION OF NH-30 FROM DESIGN CH. 2.900 TO DESIGN CH.,NHAI,N24002068,12/2022,3/2025,N.A.,3/2025,652.33,N.A.,652.33,253.55,50.95
MADHYA PRADESH,ROAD TRANSPORT AND,787,CONSTRUCTION OF ADDITIONAL 3 LANE WITH PAVED SHOULDER (DESIGN LENGTH 8.87 KM) AS REALIGNMENT OF BAKA,NHAI,N24002069,7/2022,12/2024,N.A.,12/2024,209.29,N.A.,209.29,137.95,100
MADHYA PRADESH,ROAD TRANSPORT AND,788,INDORE - EDLABAD (PKG-II) [TEJAJINAGAR TO BALWARA],NHAI,N24002070,1/2022,1/2025,N.A.,1/2025,"1,162.80",N.A.,"1,162.80",475.34,74.1
MADHYA PRADESH,ROAD TRANSPORT AND,789,CONSTRUCTION OF (I) 4-LANE HIGHWAY FROM VIDISHA TO HINOTIYA FROM KM. 0.000 TO KM. 27.000 (LENGTH=27,NHAI,N24002077,9/2022,12/2025,N.A.,12/2025,"1,000.63",N.A.,"1,000.63",169.81,22.09
MADHYA PRADESH,ROAD TRANSPORT AND,790,FOUR LANING OF RAGHOGARH (DESIGN CH.29.300/EXISTING CH. 29.555) TO NANASA (DESIGN CH.92.971/EXISTING,NHAI,N24002166,3/2024,3/2026,Mar-26,3/2026,799.20,N.A.,799.20,195.45,10.89
MADHYA PRADESH,ROAD TRANSPORT AND,791,BALANCE WORKS OF 4 LANE DIVIDED CARRIAGEWAY OF MISSING LINK SECTION OF NH- 39 (REWA BYPASS) FROM JUNC,NHAI,N24002200,4/2024,4/2026,N.A.,4/2026,355.36,N.A.,355.36,0.38,5.25
MADHYA PRADESH,ROAD TRANSPORT AND,792,UMARIYA TO SHAHDOL SECTION OF NH-78 IN MADYA PRADESH KM 68/4 TO 142/200,MoRTH,N24000513,3/2015,8/2017,Dec-23,6/2025,511.83,N.A.,511.83,485.18,93.06
MADHYA PRADESH,ROAD TRANSPORT AND,793,BALANCE WORK FOR FOUR LANING OF ITARSI TO BETUL SECTION OF NH69 FROM KM 63.000 TO KM 137.00 (DESIGN,NHAI,N24000709,12/2017,2/2020,Dec-24,12/2024,950.27,N.A.,786.43,627.68,98.44
MADHYA PRADESH,ROAD TRANSPORT AND,794,2L+PS OF THIKRI ANJAD SECTION OF NH-347B,MoRTH,N24000892,11/2017,7/2018,N.A.,8/2021,249.05,N.A.,249.05,221.19,100
MADHYA PRADESH,ROAD TRANSPORT AND,795,4LBERKHEDI TO GODPEHRA NH- 44,NHAI,N24001614,2/2022,11/2024,N.A.,11/2024,524.84,N.A.,524.84,"2,173.08",35
MADHYA PRADESH,ROAD TRANSPORT AND,796,4L OF SAGAR - MOHARI FROM KM.8 TO KM.50 (PKG-I),NHAI,N24001615,3/2021,4/2024,May-24,8/2024,790.78,N.A.,790.78,"1,518.62",46
MADHYA PRADESH,ROAD TRANSPORT AND,797,2L PS OF SATNA - MAIHAR SECTION OF NH-135BG FROM KM 80.800 TO KM 120.125,NHAI,N24001616,1/2021,10/2023,N.A.,12/2024,428.04,N.A.,428.04,351.22,98.9
MADHYA PRADESH,ROAD TRANSPORT AND,798,KATNI BYPASS FROM KM. 359.50 TO KM. 378.50,NHAI,N24001618,9/2019,9/2022,N.A.,12/2024,194.40,N.A.,194.40,180.61,88.64
MADHYA PRADESH,ROAD TRANSPORT AND,799,4L OF UJJAIN TO BADNAWAR FROM KM 26.900 TO KM 96.00 OF NH-752D,NHAI,N24001756,10/2020,10/2024,N.A.,1/2025,"1,352.56",N.A.,"1,480.94",832.87,96.86
MADHYA PRADESH,ROAD TRANSPORT AND,800,4L OF SUHAGADI TO BARDIYA AMRA FROM KM. 89.200 TO KM. 135.351 OF NH-752D (PKG-III),NHAI,N24001758,1/2020,10/2024,N.A.,2/2025,823.05,N.A.,823.05,371.34,99.38
MADHYA PRADESH,ROAD TRANSPORT AND,801,4L OF CHANDESARA TO KHEDAKHAJURIYA FROM KM. 0.000 TO (-) 750 AND KM 0.000 TO KM 41.400 OF NH-752D,NHAI,N24001759,1/2020,6/2024,Dec-24,12/2024,909.84,N.A.,909.84,429.45,81.2
MADHYA PRADESH,ROAD TRANSPORT AND,802,4L OF HARDA - BETUL (PKG-II) FROM KM. 30.00 TO KM.81.00 [TEMAGAON TO CHICHOLI],NHAI,N24001761,2/2023,2/2025,Feb-25,2/2025,520.28,N.A.,520.28,381.60,97.06
MADHYA PRADESH,ROAD TRANSPORT AND,803,INDORE - HARDA (PKG-III) [NANASA TO PIDGAON SECTION FROM KM 95.000 TO KM 142.445],NHAI,N24001762,10/2021,1/2024,Dec-24,12/2024,"1,146.22",N.A.,"1,146.22",556.17,80.23
MADHYA PRADESH,ROAD TRANSPORT AND,804,"ADDITIONAL WORKS (2VUPS, MR- 10 JUNCTION FLYOVER AND UNDERPASS) IN SIX LANE INDORE-DEWAS SECTION OF N",NHAI,N24001765,8/2022,7/2024,N.A.,5/2025,207.77,N.A.,207.77,46.09,35.35
MADHYA PRADESH,ROAD TRANSPORT AND,805,INDORE - HARDA (PKG-I) [INDORE TO RAGHAV GARH FROM KM. 0.25 TO KM. 26.903],NHAI,N24001766,1/2022,10/2024,N.A.,5/2025,"1,011.29",N.A.,"1,011.29",154.39,34.17
MADHYA PRADESH,ROAD TRANSPORT AND,806,4L OF INDORE - BOREGAON (PKG-III) [BALWARA TO DHANGAON] FROM KM. 42.260 TO KM. 82.660 OF NH347BG AND,NHAI,N24001767,1/2021,4/2024,N.A.,4/2024,"1,001.69",N.A.,"1,001.69",483.98,78.4
MADHYA PRADESH,ROAD TRANSPORT AND,807,BALANCE WORK OF 4L OF INDORE-GUJARAT/MP BORDER FROM KM 106.210 TO KM 115.250 (START AND END POINT OF,NHAI,N24001768,8/2019,4/2023,N.A.,11/2023,323.51,N.A.,323.51,50.43,100
MADHYA PRADESH,ROAD TRANSPORT AND,808,4L OF OBEDULLGANJ - BUDNI SECTION FROM KM. 8.400 TO KM. 20.700 IN RATANPANI WILDLIFE AREA OF NH - 69,NHAI,N24001770,2/2022,3/2024,Dec-24,12/2024,417.51,N.A.,417.51,237.10,77.02
MADHYA PRADESH,ROAD TRANSPORT AND,809,2- LANE WITH PAVED SHOULDERS OF HINOTIYA TO MEHULWA FROM DESIGN KM 27+000 9OF EXISTING SH-19 KM 26+5,NHAI,N24001921,8/2021,9/2025,N.A.,9/2025,581.65,592.03,581.65,169.81,28.01
MADHYA PRADESH,ROAD TRANSPORT AND,810,"CONSTRUCTION OF MIHONA BYPASS, LAHAR BYPASS, DABOH BYPASS and BHANDER BYPASS (TOTAL LENGTH 20.60 KM)",MoRTH,N24001962,3/2022,12/2024,N.A.,12/2024,179.19,N.A.,179.19,75.91,60
MADHYA PRADESH,ROAD TRANSPORT AND,811,UPGRADATION OF NASRULLAGANI-REHTI-BUDHNI SCCTION TO 2-LANE WITH PAVED SHOULDER FROM KM 0+150 TO KM,MoRTH,N24001963,12/2021,10/2024,N.A.,3/2025,305.12,N.A.,305.12,96.88,17.25
MADHYA PRADESH,ROAD TRANSPORT AND,812,UPGRADATION and WIDENING OF JHARKHEDA- BERASIA - DHOLKHEDI FROM DESIGN KM 0+000 TO KM 87+900 (DESIGN,MoRTH,N24001964,3/2022,5/2025,N.A.,5/2025,365.21,N.A.,365.21,161.96,64
MADHYA PRADESH,ROAD TRANSPORT AND,813,"REHABILITATION AND UPGRADATION OF KURWAI?MUNGAOLI?CHANDERI ROAD SECTION OF NH-346, FROM DESIGN CHAIN",MoRTH,N24001965,3/2022,2/2025,N.A.,2/2025,386.49,N.A.,386.49,119.76,39.06
MADHYA PRADESH,ROAD TRANSPORT AND,814,BALANCE WORK FOR REHABILITATION AND UP- GRADATION OF SIDHI- SINGRAULI FROM KM 82.400 TO KM 187.993 SEC,MoRTH,N24001966,12/2020,4/2023,May-23,6/2025,529.44,N.A.,529.44,191.24,45.69
MADHYA PRADESH,ROAD TRANSPORT AND,815,4L GREENFIELD RUDHI TO DESHGAON (PKG V OF BETUL- KHANDWA/DESHGAON) - N/04015/06003/MP,NHAI,N24001967,11/2018,10/2025,N.A.,10/2025,521.21,N.A.,521.21,58.23,20
MADHYA PRADESH,ROAD TRANSPORT AND,816,REHABILITATION AND UPGRADATION TO 2-LANE WITH PAVED SHOULDER CONFIGURATION OF JIRAPUR- SUSNER-MP-RJ B,MoRTH,N24002018,1/2022,3/2025,N.A.,3/2025,239.72,232.22,232.22,172.70,80.71
MADHYA PRADESH,ROAD TRANSPORT AND,817,UPGRADATION OF DINDORI- SAGARTOLA-KABICHABUTRA (MP- CG BORDER) SECTION OF NH -45 FROM KM 0+00(DESIGN),MoRTH,N24002019,1/2022,9/2025,N.A.,9/2025,329.14,319.09,319.09,145.04,46.73
MADHYA PRADESH,ROAD TRANSPORT AND,818,"CONSTRUCTION OF KAITHI- PADARIA KALA BYPASS, PATNA- TAMOLI BYPASS, JASO BYPASS , NAGOD BYPASS (TOTAL L",MoRTH,N24002020,3/2022,10/2025,N.A.,10/2025,158.36,158.00,158.36,40.05,17
MADHYA PRADESH,SOCIAL JUSTICE,819,CENTRE FOR DISABILITY SPORTS,CPWD,N38000001,2/2019,3/2024,N.A.,3/2024,170.99,N.A.,170.99,73.80,74
MADHYA PRADESH,URBAN DEVELOPMENT,820,BHOPAL METRO RAIL,MPMRCL,N28000124,11/2018,2/2023,Jun-28,6/2028,"6,941.40",N.A.,"6,941.40","2,513.88",34.43
MADHYA PRADESH,URBAN DEVELOPMENT,821,INDORE METRO RAIL,MPMRCL,N28000125,11/2018,2/2023,Dec-28,12/2028,"7,500.80",N.A.,"7,500.80","3,292.80",48.6
MAHARASHTRA,CIVIL AVIATION,822,"CONSTRUCTION OF NEW INTEGRATED TERMINAL BUILDING, RECONSTRUCTION OF OLD TERMINAL BUILDING, MODIFICAT",AAI,N04000079,3/2017,4/2021,N.A.,12/2023,475.39,N.A.,520.00,508.45,100
MAHARASHTRA,CIVIL AVIATION,823,"EXTENSION OF RUNWAY WITH BLAST PAD, RESA, TAXIWAY, APRON, GSE AREA, ISOLATION BAY, NEW DOMESTIC TERM",AAI,N04000096,6/2017,12/2020,N.A.,4/2024,255.68,N.A.,270.00,267.86,100
MAHARASHTRA,COAL,824,AMALGAMATED YEKONA-I YEKONA-II,WCL,N06000132,8/2015,3/2025,N.A.,3/2025,727.28,N.A.,727.28,534.87,86
MAHARASHTRA,COAL,825,UKNI DEEP OC,WCL,N06000179,11/2018,3/2021,Mar-25,3/2025,318.14,N.A.,318.14,253.27,91
MAHARASHTRA,COAL,826,BELLORA-NAIGAON DEEP OC,WCL,N06000180,11/2018,3/2021,Mar-25,3/2025,252.71,N.A.,252.71,122.94,56
MAHARASHTRA,COAL,827,GHONSA EXPANSION DEEP OC,WCL,N06000205,3/2021,3/2028,N.A.,3/2028,241.72,N.A.,241.72,59.30,6
MAHARASHTRA,COAL,828,SASTI EXPANSION OC,WCL,N06000206,8/2020,3/2026,N.A.,3/2026,371.59,N.A.,371.59,105.64,24
MAHARASHTRA,COAL,829,DHUPTALA OC(SASTI UG TO OC),WCL,N06000209,2/2019,3/2028,N.A.,3/2028,720.87,N.A.,720.87,179.54,33
MAHARASHTRA,COAL,830,ADASA UG TO OC (1.50 MTY),WCL,N06000219,11/2018,3/2024,Mar-25,3/2025,333.43,N.A.,333.43,223.17,78
MAHARASHTRA,COAL,831,DINESH (MAKARDHOKDA-III) OC (8.0 MTY),WCL,N06000222,2/2020,3/2027,N.A.,3/2027,"1,184.33",N.A.,"1,184.33",849.44,48
MAHARASHTRA,COAL,832,AMALGAMATED INDER-KAMPTEE DEEP OC (3.20 MTY),WCL,N06000226,9/2018,3/2024,Mar-25,3/2025,313.34,N.A.,313.34,205.45,87
MAHARASHTRA,COAL,833,MUNGOLI NIRGUDA EXTENSION (DEEP) OC,WCL,N06000231,11/2020,3/2026,N.A.,3/2026,826.80,N.A.,826.80,518.85,52
MAHARASHTRA,COAL,834,SAONER UG MINE I EXPANSION,WCL,N06000251,1/2022,3/2028,N.A.,3/2028,253.51,N.A.,253.51,111.68,27
MAHARASHTRA,COAL,835,SINGHORI DEEP OC,WCL,N06000252,5/2022,3/2029,N.A.,3/2029,421.84,N.A.,421.84,115.89,16
MAHARASHTRA,COAL,836,MAKARDHOKDA I EXPANSION OC,WCL,N06000253,6/2022,3/2026,N.A.,3/2026,497.06,N.A.,497.06,144.88,12
MAHARASHTRA,COAL,837,BHATADI EXPANSION OC,WCL,N06000254,2/2020,3/2028,N.A.,3/2028,729.86,N.A.,729.86,159.12,17
MAHARASHTRA,COAL,838,NEW MAJARI UG TO OC (3.0 MTY),WCL,N06000255,5/2019,3/2027,N.A.,3/2027,496.38,N.A.,496.38,143.72,27
MAHARASHTRA,COAL,839,BHANEGAON OC (1.15MTY),WCL,N06000256,9/2022,3/2028,N.A.,3/2028,494.60,N.A.,494.60,99.87,7
MAHARASHTRA,COAL,840,GOKUL EXPANSION OC,WCL,N06000264,4/2021,3/2026,N.A.,3/2026,456.95,N.A.,456.95,148.57,7
MAHARASHTRA,COAL,841,KOLGAON EXPANSION (DEEP) OC,WCL,N06000267,1/2023,3/2027,N.A.,3/2027,206.19,N.A.,206.19,7.75,5
MAHARASHTRA,COAL,842,AMALGAMATED GAURI PAUNI EXPANSION OC,WCL,N06000271,3/2024,3/2030,N.A.,3/2030,"1,428.25",N.A.,"1,428.25",203.03,17
MAHARASHTRA,COAL,843,GAURI CENTRAL OCM,WCL,N06000278,8/2023,3/2030,N.A.,3/2030,"1,015.07",N.A.,"1,015.07",0.00,0
MAHARASHTRA,DEPARTMENT OF HIGHER EDUCATION,844,"CONSTRUCTION OF IITB RESEARCH PARK AT IIT BOMBAY, POWAI, MUMBAI",CPWD EDUCATION,N28000117,1/2018,7/2020,Nov-23,2/2024,223.37,275.00,230.00,141.16,100
MAHARASHTRA,HEALTH AND FAMILY WELFARE,845,500 BEDDED HOSPITAL INCLUDING 50 SUPERSPECIALITY BEDS FOR ESIC AT PUNE,CPWD,N21000033,7/2022,9/2025,N.A.,9/2025,429.25,N.A.,429.25,99.08,0
MAHARASHTRA,PETROLEUM,846,LIFE EXTENSION OF WALL PLATFORMS OF MUMBAI HIGH AND HEERA FIELDS,ONGC,N16000213,12/2015,4/2018,Dec-23,6/2026,"3,190.69","3,375.90","3,375.90","2,961.86",87.6
MAHARASHTRA,PETROLEUM,847,MUMBAI HIGH NORTH REDEVELOPMENT PHASE-IV,ONGC,N16000358,4/2019,3/2022,Jun-24,2/2025,"3,228.80","3,976.67","3,976.67","3,949.03",99
MAHARASHTRA,PETROLEUM,848,SETTING UP 500KTPA PROPANE DEHYDROGENATION INTEGRATED WITH POLYPROPYLENE UNIT ALONG WITH OFFSITE AND,GAIL,N16000430,5/2019,4/2025,Oct-25,10/2025,"8,797.00","11,256.00","11,256.00","5,327.05",76.8
MAHARASHTRA,PETROLEUM,849,PIPELINE REPLACEMENT PROJECT - VII,ONGC,N16000436,1/2022,5/2024,Jan-25,1/2025,"3,183.58",N.A.,"3,645.23","3,417.00",99.1
MAHARASHTRA,PETROLEUM,850,DEBOTTLENECKING AND AUGMENTATION OF CRYOGENIC FACILITIES AT URAN LPG IMPORT TERMINAL,BPCL,N16000442,4/2021,6/2024,N.A.,4/2025,"1,164.69",N.A.,"1,164.69",614.37,59.4
MAHARASHTRA,PETROLEUM,851,EXPANSION OF CRYOGENICS GROUP BY SETTING UP NEW MANUFACTURING FACILITY,IOCL,N16000446,9/2021,10/2023,May-24,5/2024,378.00,N.A.,378.00,120.07,39.08
MAHARASHTRA,PETROLEUM,852,CONSTRUCTION OF LUBE OIL BLENDING AND FILLING PLANT AT RASAYANI,BPCL,N16000452,5/2022,3/2024,N.A.,9/2024,423.39,N.A.,423.39,191.48,66.5
MAHARASHTRA,PETROLEUM,853,ATF PIPELINE FROM JAWAHARLAL NEHRU PORT TRUST (JNPT) TO NAVI MUMBAI INTERNATIONAL AIRPORT (NMIA),IOCL,N16000456,9/2022,8/2025,N.A.,8/2025,165.00,N.A.,165.00,54.01,53.56
MAHARASHTRA,PETROLEUM,854,DAMAN UPSIDE DEVELOPMENT PROJECT (DUDP) IN TAPTI DAMAN BLOCK,ONGC,N16000470,6/2022,10/2025,N.A.,2/2026,"4,144.41","6,406.90","6,406.90",243.43,23.7
MAHARASHTRA,PETROLEUM,855,"CGD PROJECT AT BEED, JALGAON AND JALNA DISTRICTS",IOCL,N16000487,3/2022,3/2030,N.A.,9/2031,865.00,N.A.,865.00,46.21,1.5
MAHARASHTRA,PETROLEUM,856,ANDHERI RESIDENTIAL TOWERS MUMBAI,IOCL,N16000503,6/2017,5/2025,N.A.,5/2025,281.35,N.A.,281.35,86.77,42.5
MAHARASHTRA,PETROLEUM,857,CONSTRUCTION OF ADDITIONAL TANKAGES AND ALLIED FACILITIES AT JNPT TERMINAL,IOCL,N16000504,4/2022,10/2024,Aug-26,8/2026,341.43,N.A.,341.43,202.29,31.2
MAHARASHTRA,PETROLEUM,858,INSTALLATION OF INDEPENDENT DE- AROMATIZED SOLVENTS PRODUCTION FACILITIES AT MUMBAI REFINERY,BPCL,N16000507,3/2023,7/2025,N.A.,7/2025,405.00,N.A.,405.00,73.75,58
MAHARASHTRA,PETROLEUM,859,PART REPLACEMENT PIPELINE PROJECT (PRPP),ONGC,N16000515,11/2022,5/2024,Dec-24,12/2024,"1,219.48",N.A.,"1,145.10",227.21,54.6
MAHARASHTRA,PETROLEUM,860,POL AND LOBS INSTALLATIONS WITH RECEIPT PIPELINES AT RASAYANI,BPCL,N16000519,5/2023,5/2026,N.A.,5/2026,"2,585.00",N.A.,"2,585.00",137.83,38.9
MAHARASHTRA,PETROLEUM,861,MHN TCPP PGC BGC PROJECT (MTPBP),ONGC,N16000526,2/2024,5/2026,N.A.,5/2026,"2,329.45",N.A.,"2,354.23",225.32,18.7
MAHARASHTRA,PETROLEUM,862,PRP-VIII GROUP B (NH AND BS ASSET),ONGC,N16000533,6/2024,5/2026,N.A.,2/2026,"2,379.84",N.A.,"2,379.84",0.00,14.8
MAHARASHTRA,PETROLEUM,863,HP TDAE UNIT IN MUMBAI REFINERY,HPCL,N16000534,6/2024,4/2026,N.A.,4/2026,240.00,N.A.,240.00,6.90,11.3
MAHARASHTRA,PETROLEUM,864,INTEGRATED DEVELOPMENT OF 4 CONTRACT AREAS UNDER DSF2,ONGC,N16000537,5/2023,4/2027,N.A.,4/2027,"6,183.79",N.A.,"6,183.79",0.00,0
MAHARASHTRA,POWER,865,BIKANER SOLAR POWER PROJECT,SJVN,N18000335,4/2022,5/2024,N.A.,7/2025,"5,491.89",532.00,"5,491.89","2,708.04",64
MAHARASHTRA,POWER,866,TS FOR EVACUATION OF 7GW RE INJECTION AT KHAVDA PS UNDER PHASE-IV PART E4,PGCIL,N18000377,11/2023,7/2025,N.A.,7/2025,224.00,N.A.,224.00,0.00,1
MAHARASHTRA,RAILWAYS,867,AHMEDNAGAR-PARLI VAIJNATH(NL) CR,CR,220100181,2/1997,3/2021,N.A.,12/2025,"2,271.50",N.A.,"4,909.82","4,467.79",89
MAHARASHTRA,RAILWAYS,868,MUMBAI URBAN TRANSPORT PROJECT PHASE-II,MRTP,N22000092,4/2008,3/2014,N.A.,3/2014,"5,300.00",N.A.,918.53,"7,135.77",77.3
MAHARASHTRA,RAILWAYS,869,WARDHA-NANDED MAHARASHTRA,CR,N22000231,4/2008,3/2023,N.A.,12/2026,"3,168.29",N.A.,"3,445.48","2,850.45",47
MAHARASHTRA,RAILWAYS,870,KALYAN-KASARA 3RD LINE,CR,N22000233,4/2011,3/2021,N.A.,12/2025,792.89,N.A.,"1,432.61",805.80,50
MAHARASHTRA,RAILWAYS,871,WARDHA-SEWAGRAM NGP 3RD LINE,CR,N22000250,4/2012,3/2022,N.A.,5/2025,540.02,N.A.,540.02,668.28,72
MAHARASHTRA,RAILWAYS,872,WARDHA-BALHARSHAH - 3RD LINE (132 KM),CR,N22000356,2/2015,3/2022,N.A.,8/2025,"1,272.19",N.A.,"1,384.72","1,272.02",67
MAHARASHTRA,RAILWAYS,873,ITARSI-NAGPUR (BAL.) - 3RD LINE (267 KM),CR,N22000358,2/2015,3/2023,N.A.,3/2027,"2,449.91",N.A.,"2,449.91","1,482.58",48
MAHARASHTRA,RAILWAYS,874,PUNE-MIRAJ-LONDA (467 KM),CR,N22000359,2/2015,3/2024,N.A.,1/2025,"3,627.47","3,627.00","6,463.49","4,203.93",84
MAHARASHTRA,RAILWAYS,875,DAUND - MANMAD (236 KM),CR,N22000360,2/2016,3/2023,N.A.,12/2024,"1,876.00",N.A.,"2,081.27","2,430.34",87
MAHARASHTRA,RAILWAYS,876,MANMAD - JALGAON - 3RD LINE (160 KM),CR,N22000361,2/2016,3/2022,N.A.,3/2025,"1,035.16",N.A.,"1,552.24","1,443.13",75
MAHARASHTRA,RAILWAYS,877,WARDHA - NAGPUR - 4TH LINE (76 KM),CR,N22000362,2/2016,3/2023,N.A.,5/2025,637.95,N.A.,637.95,835.31,70
MAHARASHTRA,RAILWAYS,878,RAJNANDGAON - NAGPUR - 3RD LINE (SECR),SECR,N22000420,9/2016,3/2023,N.A.,12/2025,"1,908.51",N.A.,"3,544.25","2,855.55",90
MAHARASHTRA,RAILWAYS,879,MUMBAI CENTRAL VIRAR VADODARA AHMEDABAAD TRAIN PROTECTION SYSTEM 500 RKM,WR,N22000434,3/2010,,N.A.,3/2024,265.88,N.A.,311.36,0.00,0
MAHARASHTRA,RAILWAYS,880,WADSA-GADHCHIROLI NEW LINE (52.36 KM),SECR,N22000480,6/2018,12/2021,N.A.,12/2026,229.00,N.A.,"1,886.05",534.42,22
MAHARASHTRA,RAILWAYS,881,PACHORA-JAMNER WITH EXTENSION UPTO MALKAPUR NG TO BG,CR,N22000511,8/2022,8/2027,N.A.,3/2029,955.00,N.A.,"2,093.82",60.68,0
MAHARASHTRA,RAILWAYS,882,SOLAPUR-TULJAPUR- OSMANABAD (UMBRELLA WORK),CR,N22000513,1/2019,3/2028,N.A.,10/2027,904.92,N.A.,"3,295.74","1,030.94",5
MAHARASHTRA,RAILWAYS,883,DHULE (BORVIHIR)-NARDANA (UMBRELLA WORK),CR,N22000514,1/2019,3/2026,N.A.,9/2027,492.76,N.A.,"1,102.50",151.88,5
MAHARASHTRA,RAILWAYS,884,KALYAN-MURBAD VIA ULHASNAGAR (UMBRELLA WORK),CR,N22000515,2/2023,3/2027,N.A.,3/2027,836.12,N.A.,836.12,8.65,0
MAHARASHTRA,RAILWAYS,885,BARAMATI - LONAND,CR,N22000615,2/1999,3/2027,N.A.,2/2026,736.44,N.A.,"1,843.90",600.55,50
MAHARASHTRA,RAILWAYS,886,MUMBAI URBAN TRANSPORT PROJECT IIIA,MRVC,N22000627,4/2019,3/2025,N.A.,12/2027,"33,690.00",N.A.,"33,690.00",846.83,0
MAHARASHTRA,RAILWAYS,887,NAGPUR- NAGBHIR RAILWAY LINE GAUGE CONVERSION PROJECT,MRIDC,N22000629,10/2019,6/2024,Mar-25,3/2025,"1,400.00",N.A.,"1,400.00",0.00,78
MAHARASHTRA,ROAD TRANSPORT AND,888,4L OF INDORA CHOWK TO PACHPAOLI AND AGRASEN CHOWK - ASHOKA CHOWK,NHAI,N24002071,3/2023,6/2026,N.A.,6/2026,998.27,N.A.,998.27,174.47,24.23
MAHARASHTRA,ROAD TRANSPORT AND,889,IMPROVEMENT OF EXISTING ALIGNMENT OF PANDHARPUR TOWN PART BYPASSED SECTION FROM WAKHARI TO LORD VITT,NHAI,N24002072,7/2022,10/2025,N.A.,10/2025,150.21,150.21,150.21,14.94,26
MAHARASHTRA,ROAD TRANSPORT AND,890,STRENGTHENING OF 6-LANE PIMPALGAON-NASHIK-GONDE (KM. 380 - KM. 440) SECTION OF NH-3 IN MAHARASHTRA U,NHAI,N24002137,2/2024,3/2025,N.A.,3/2025,175.00,N.A.,175.00,101.34,49.34
MAHARASHTRA,ROAD TRANSPORT AND,891,REHABILITATION/UPGRADATION OF EXISTING HIGHWAY TO 2L+PS/4 LANE OF DHAWALI TO RAJOLI FROM DESIGN KM.1,MoRTH,N24002169,3/2022,9/2025,N.A.,9/2025,316.44,N.A.,316.44,0.00,0
MAHARASHTRA,ROAD TRANSPORT AND,892,REHABILITATION/ UPGRADATION OF EXISTING HIGHWAY TO FOUR LANE STANDARDS IN KURKHEDA TOWN FROM (KM.413,MoRTH,N24002170,3/2022,5/2025,N.A.,5/2025,163.86,N.A.,163.86,0.00,0
MAHARASHTRA,ROAD TRANSPORT AND,893,REHABILITATION & UP- GRADATION FOR TALERE A?? GAGANBAWDAA?? KOLHAPUR ROAD (NH-166G) STRETCHES START F,MoRTH,N24002171,2/2023,4/2025,N.A.,4/2025,249.13,N.A.,249.13,0.00,0
MAHARASHTRA,ROAD TRANSPORT AND,894,"UP-GRADATION TO 4 LANE CONFIGURATION FOR THE WORK OF PETH NAKA TO SANGLI ROAD, NH-166H, FROM KM 0+00",MoRTH,N24002172,2/2023,12/2025,N.A.,12/2025,856.82,N.A.,856.82,0.00,0
MAHARASHTRA,ROAD TRANSPORT AND,895,REHABILITATION AND UP- GRADATION TO 2 LANE WITH PAVED SHOULDER CONFIGURATION OF MAHUD SANGOLA ROAD NH,MoRTH,N24002173,2/2023,4/2025,N.A.,4/2025,253.78,N.A.,253.78,0.00,0
MAHARASHTRA,ROAD TRANSPORT AND,896,UP-GRADATION TO FOUR LANE/ TWO LANE WITH PAVED SHOULDERS CONFIGURATION OF KALYAN - MURBAD - MALSHEJ,MoRTH,N24002174,2/2023,8/2026,N.A.,8/2026,984.07,N.A.,984.07,0.00,0
MAHARASHTRA,ROAD TRANSPORT AND,897,CONSTRUCTION OF FOUR-LANE CONCRETE ROAD FROM POLICE HEADQUARTER GONDIA CITY TO RAWANWADI VILLAGE (BI,MoRTH,N24002175,2/2023,8/2025,N.A.,8/2025,328.11,N.A.,328.11,0.00,0
MAHARASHTRA,ROAD TRANSPORT AND,898,REHABILITATION/UP GRADATION OF KARANJA ? KHERDA - MURTIZAPUR SECTION TO 4LANE+PAVED SHOULDER STANDA,MoRTH,N24002176,3/2023,2/2026,N.A.,2/2026,594.44,N.A.,594.44,0.00,0
MAHARASHTRA,ROAD TRANSPORT AND,899,REHABILITATION / UPGRADATION TO 4 LANE WITH PAVED SHOULDER OF EXISTING SECTION IN SILLOD TOWN WITH D,MoRTH,N24002177,3/2023,7/2025,N.A.,7/2025,153.79,N.A.,153.79,0.00,0
MAHARASHTRA,ROAD TRANSPORT AND,900,"REHABILITATION, UPGRADATION & WIDENING OF EXISTING HIGHWAY TO RIGID PAVEMENT 2 LANE WITH PAVED SHOUL",MoRTH,N24002178,2/2023,7/2026,N.A.,7/2026,723.13,N.A.,723.13,0.00,0
MAHARASHTRA,ROAD TRANSPORT AND,901,REHABILITATION AND UPGRADATION OF END OF AHMEDNAGAR BYPASS TO KHARWANDI KASAR SECTION OF NH-222 FROM,MoRTH,N24000332,1/2015,,N.A.,,225.81,N.A.,225.81,167.96,96
MAHARASHTRA,ROAD TRANSPORT AND,902,"CONSTRUCTION OF FLYOVER AT KM.544.650 INCLUDING ROB ,SERVICE ROADS ,FOOTPATH FOR RCC DRAINS ON URBAN",NHAI,N24000442,12/2015,3/2019,Nov-23,12/2024,649.50,N.A.,649.50,589.76,89.33
MAHARASHTRA,ROAD TRANSPORT AND,903,NAGPUR RING ROAD PACKAGE-1,NHAI,N24000558,3/2016,7/2019,Jul-23,9/2024,546.00,N.A.,546.00,528.35,100
MAHARASHTRA,ROAD TRANSPORT AND,904,NAGPUR RING ROAD PACKAGE-2,NHAI,N24000560,3/2016,7/2019,Mar-24,12/2024,591.66,N.A.,591.66,617.70,93.46
MAHARASHTRA,ROAD TRANSPORT AND,905,4-LANNING OF NH17 AND NEW NO. NH66 FROM KM 161/600 TO 205/400 UNDER HYBRID ANNUITY MODE,MoRTH,N24000584,3/2016,,N.A.,12/2023,"1,142.62","1,907.03","1,142.62","1,056.08",95.17
MAHARASHTRA,ROAD TRANSPORT AND,906,4-LANNING OF NH17 AND NEW NO. NH66 FROM KM 241/300 TO 281/300 UNDER HYBRID ANNUITY MODE,MoRTH,N24000585,3/2016,,N.A.,,"1,101.58",N.A.,"1,101.58",608.53,0
MAHARASHTRA,ROAD TRANSPORT AND,907,CONSTRUCTION OF NEW 4-LANE BRIDGE ACROSS VARSOVA CREEK AND ITS APPROACHES WITH INTERCHANGE IN THE ST,NHAI,N24000655,3/2017,3/2020,Nov-24,11/2024,247.02,N.A.,157.49,91.81,98.95
MAHARASHTRA,ROAD TRANSPORT AND,908,4-LANNING OF BODHRE-DHULE SECTION(KM 390.000 TO 452.800),NHAI,N24000656,3/2017,3/2020,Jul-22,7/2024,744.64,N.A.,"1,007.00",380.66,74.89
MAHARASHTRA,ROAD TRANSPORT AND,909,4-LANNING OF WARANGA- MAHAGAON SECTION(KM 253.7000 TO 320.580),NHAI,N24000659,3/2017,3/2017,May-21,10/2024,"1,059.73","1,071.00","1,071.00",878.19,82.04
MAHARASHTRA,ROAD TRANSPORT AND,910,CONSTRUCTION OF 8 LANING OF EXISTING 4 LANE VADAPE TO THANE FROM KM 539.202 TO KM 563.000 SECTION OF,NHAI,N24000851,3/2018,7/2021,N.A.,6/2025,"1,162.92","1,182.87","1,182.87",371.48,55.5
MAHARASHTRA,ROAD TRANSPORT AND,911,SARSAM TO KOTHARI,MoRTH,N24001002,2/2016,7/2019,N.A.,12/2023,545.64,N.A.,545.64,232.64,93.68
MAHARASHTRA,ROAD TRANSPORT AND,912,AKOLA TO AKOT,MoRTH,N24001003,1/2017,6/2019,N.A.,12/2023,313.95,N.A.,313.95,270.26,99
MAHARASHTRA,ROAD TRANSPORT AND,913,DIGRAS DARWAH KARANJA,MoRTH,N24001013,1/2017,6/2019,N.A.,12/2023,391.06,391.00,391.06,287.60,92.76
MAHARASHTRA,ROAD TRANSPORT AND,914,DAHEGAON TO KUHI,MoRTH,N24001017,1/2017,6/2019,N.A.,12/2023,228.89,229.00,228.89,154.82,99
MAHARASHTRA,ROAD TRANSPORT AND,915,BHANDARA TO GHOTITOK,MoRTH,N24001018,1/2017,6/2019,N.A.,6/2019,392.83,393.00,392.83,274.75,100
MAHARASHTRA,ROAD TRANSPORT AND,916,AMDI TO SAONER,MoRTH,N24001021,1/2017,6/2019,N.A.,12/2023,396.91,397.00,396.91,289.79,98.69
MAHARASHTRA,ROAD TRANSPORT AND,917,WADI TO ASOLA,MoRTH,N24001022,1/2017,9/2019,N.A.,12/2023,363.82,364.00,363.82,154.65,93.15
MAHARASHTRA,ROAD TRANSPORT AND,918,SHAHPUR PATGAON SECTION I,MoRTH,N24001027,1/2018,12/2019,N.A.,3/2024,150.79,N.A.,150.79,81.14,70.66
MAHARASHTRA,ROAD TRANSPORT AND,919,JINTUR TO PARBHANI,MoRTH,N24001039,1/2017,,N.A.,12/2023,356.66,N.A.,356.66,209.48,80.48
MAHARASHTRA,ROAD TRANSPORT AND,920,RALEGAON TO RAMTIRTH,MoRTH,N24001046,1/2017,7/2019,N.A.,8/2023,210.81,N.A.,210.81,210.81,96.5
MAHARASHTRA,ROAD TRANSPORT AND,921,VITA TO NAGAJ,MoRTH,N24001050,3/2018,12/2019,N.A.,12/2023,304.58,305.00,304.58,154.68,68
MAHARASHTRA,ROAD TRANSPORT AND,922,KARAD PATAN CHIPLUN GUHAGAR,MoRTH,N24001057,2/2017,6/2019,N.A.,10/2023,407.19,407.00,407.19,323.02,89.97
MAHARASHTRA,ROAD TRANSPORT AND,923,KARWANDI TO RAJURI,MoRTH,N24001058,3/2018,12/2019,N.A.,3/2024,276.95,277.00,276.95,160.94,92.06
MAHARASHTRA,ROAD TRANSPORT AND,924,PALPHATA TO PHULAMBARI,MoRTH,N24001060,3/2018,12/2019,N.A.,12/2023,227.19,227.00,227.19,141.92,95
MAHARASHTRA,ROAD TRANSPORT AND,925,NANDED TO JALKOT,MoRTH,N24001069,12/2017,9/2019,N.A.,9/2019,456.93,457.00,456.93,278.22,0
MAHARASHTRA,ROAD TRANSPORT AND,926,PUNE TO MALE VILLAGE,MoRTH,N24001078,3/2018,12/2019,N.A.,12/2023,228.31,N.A.,228.31,100.97,93.83
MAHARASHTRA,ROAD TRANSPORT AND,927,ARDHAPUR TO HIMAYATNAGAR,MoRTH,N24001079,12/2017,6/2020,N.A.,12/2023,426.06,426.00,426.06,271.40,96.25
MAHARASHTRA,ROAD TRANSPORT AND,928,MALE VILLAGE TO PUNE RAIGARH DISTRICT BORDER,MoRTH,N24001080,3/2018,12/2019,N.A.,10/2023,256.15,N.A.,256.15,126.62,98
MAHARASHTRA,ROAD TRANSPORT AND,929,HIMAYATNAGAR TO PHULSAWANGI,MoRTH,N24001081,3/2018,12/2019,N.A.,12/2023,294.87,295.00,294.87,183.17,89.99
MAHARASHTRA,ROAD TRANSPORT AND,930,PUNE RAIGARH DISTRICT BORDER TO MANGAON,MoRTH,N24001082,3/2018,12/2019,N.A.,12/2023,223.46,N.A.,223.46,123.46,100
MAHARASHTRA,ROAD TRANSPORT AND,931,KOLDE TO KHETIYA,MoRTH,N24001090,1/2017,7/2019,N.A.,12/2023,509.18,N.A.,509.18,283.13,94.81
MAHARASHTRA,ROAD TRANSPORT AND,932,SATARA TO MHASWAD,MoRTH,N24001092,1/2017,7/2019,N.A.,12/2023,653.46,N.A.,653.46,369.62,76.76
MAHARASHTRA,ROAD TRANSPORT AND,933,SATARA MURVAD PILLOV PANDHARPUR,MoRTH,N24001095,1/2017,,N.A.,6/2024,388.44,N.A.,388.44,240.05,88.16
MAHARASHTRA,ROAD TRANSPORT AND,934,SELDOH TO PANVAR,MoRTH,N24001097,7/2018,5/2020,N.A.,5/2020,404.33,404.00,404.33,140.65,0
MAHARASHTRA,ROAD TRANSPORT AND,935,MHASWAD TO TEMBHURNI,MoRTH,N24001099,1/2017,7/2019,N.A.,12/2023,488.60,N.A.,488.60,279.42,76.5
MAHARASHTRA,ROAD TRANSPORT AND,936,KURUDWADI TO PANDHARPUR,MoRTH,N24001101,1/2017,7/2019,N.A.,11/2023,307.63,N.A.,307.63,232.57,96.27
MAHARASHTRA,ROAD TRANSPORT AND,937,PANDHARPUR TO SANGOLA,MoRTH,N24001102,7/2017,7/2019,N.A.,12/2023,218.38,N.A.,218.38,182.63,100
MAHARASHTRA,ROAD TRANSPORT AND,938,PEN TO KHOPOLI,MoRTH,N24001106,3/2018,3/2018,N.A.,1/2024,301.39,302.00,301.39,170.12,82.07
MAHARASHTRA,ROAD TRANSPORT AND,939,PANCHARAL TO MANDANGHAR,MoRTH,N24001107,7/2018,5/2020,N.A.,5/2020,381.08,302.00,381.08,45.66,0
MAHARASHTRA,ROAD TRANSPORT AND,940,KOLHA TO NASRATPUR,MoRTH,N24001111,4/2016,4/2019,N.A.,8/2024,281.78,282.00,281.78,77.83,0
MAHARASHTRA,ROAD TRANSPORT AND,941,NASRATPUR TO BARASGAON,MoRTH,N24001112,7/2016,9/2019,N.A.,3/2024,406.54,407.00,406.54,274.30,80.7
MAHARASHTRA,ROAD TRANSPORT AND,942,INDAPUR TO VADPALE,MoRTH,N24001114,1/2017,12/2019,N.A.,3/2024,"1,202.52","1,656.94","1,202.52","1,450.82",61.42
MAHARASHTRA,ROAD TRANSPORT AND,943,PAITHAN TO SHIRUR,MoRTH,N24001122,3/2017,6/2019,N.A.,3/2024,341.80,N.A.,341.80,226.19,78.6
MAHARASHTRA,ROAD TRANSPORT AND,944,SHIRUR TO KHARDA,MoRTH,N24001123,2/2017,6/2019,N.A.,12/2023,381.77,N.A.,381.77,199.48,83.93
MAHARASHTRA,ROAD TRANSPORT AND,945,AURANGABAD TO SILLOD,MoRTH,N24001124,2/2017,6/2019,N.A.,12/2023,456.32,541.93,456.32,355.54,94.07
MAHARASHTRA,ROAD TRANSPORT AND,946,SILLOD TO FARDAPUR,MoRTH,N24001125,2/2017,6/2019,N.A.,12/2023,337.46,432.98,337.46,335.30,91.56
MAHARASHTRA,ROAD TRANSPORT AND,947,KUMBHARI PHTA TO DEULGAON RAJA,MoRTH,N24001127,2/2017,6/2019,N.A.,2/2024,406.51,N.A.,406.51,340.26,87.84
MAHARASHTRA,ROAD TRANSPORT AND,948,BHOGAN KHURD TO KASHEDI,MoRTH,N24001132,9/2017,6/2021,N.A.,12/2023,743.21,743.00,743.21,911.64,88.69
MAHARASHTRA,ROAD TRANSPORT AND,949,KANTE TO WAKED,MoRTH,N24001134,3/2016,11/2019,N.A.,12/2024,"1,230.02","1,230.00","1,230.02",791.80,0
MAHARASHTRA,ROAD TRANSPORT AND,950,PARLI PIMPLA DAHIGUDA,MoRTH,N24001138,2/2017,6/2019,N.A.,8/2023,205.72,206.00,205.72,85.71,100
MAHARASHTRA,ROAD TRANSPORT AND,951,MOHOL TO WAKHARI PACKAGE1 SANT DNYANESHWAR MAHARAJ PALKHI MARG SECTION OF NH965,NHAI,N24001377,2/2019,1/2022,Aug-23,8/2023,731.89,731.99,731.99,689.19,0.2
MAHARASHTRA,ROAD TRANSPORT AND,952,WAKHARI TO KHUDUS PACKAGE2 SANT DNYANESHWAR MAHARAJ PALKHI MARG SECTION OF NH965,NHAI,N24001378,2/2019,1/2022,Jun-23,6/2023,362.46,372.46,372.46,352.01,0.7
MAHARASHTRA,ROAD TRANSPORT AND,953,KHUDUS TO DHARAMPURI PACKAGE 3 SANT DNYANESHWAR MAHARAJ PALKHI MARG SECTION OF NH965,NHAI,N24001379,2/2019,1/2022,Aug-23,8/2023,594.75,594.75,613.75,585.20,0.5
MAHARASHTRA,ROAD TRANSPORT AND,954,UPGRADATION OF ADHALGAON- JAMKHED SECTION OF NH-548 D FROM KM 132/600 TO KM 195/375 TO TWO LANE WITH,MoRTH,N24001448,11/2021,2/2022,N.A.,2/2022,223.35,N.A.,223.35,209.36,87.88
MAHARASHTRA,ROAD TRANSPORT AND,955,REPANPALLI TO SIRONCHA,MoRTH,N24001468,3/2022,6/2022,N.A.,6/2024,282.07,N.A.,282.07,34.65,0
MAHARASHTRA,ROAD TRANSPORT AND,956,TUNNEL AT KHAMBATAKI GHAT SECTION AND ITS APPROACHES FROM EXISTING KM. 771.730 TO EXISTING KM. 782.0,NHAI,N24001486,2/2019,2/2022,Dec-24,12/2024,493.00,N.A.,493.00,375.62,74.21
MAHARASHTRA,ROAD TRANSPORT AND,957,DHARAMPURI-LONAND FROM KM. 117.00 TO 166.40 (PKG-IV) ON MOHOL-ALANDI SECTION,NHAI,N24001488,9/2021,9/2023,Dec-24,12/2024,618.45,N.A.,618.45,600.38,90.4
MAHARASHTRA,ROAD TRANSPORT AND,958,6L OF KAGAL-SATARA SECTION FROM KM 658.000 TO KM 725.000 OF NH-48 (PKG-II),NHAI,N24001493,12/2022,12/2024,N.A.,12/2024,"1,749.86",N.A.,"1,749.86","1,611.00",59.02
MAHARASHTRA,ROAD TRANSPORT AND,959,4L OF RATNAGIRI - KOLHAPUR SECTION OF NH-166 FROM KM 0.000 TO KM 19.769 AND KM 31.000 TO KM 67.140 (,NHAI,N24001495,11/2022,11/2024,N.A.,11/2024,930.00,N.A.,930.00,590.45,63.49
MAHARASHTRA,ROAD TRANSPORT AND,960,PATAS-VASUNDE PHATA - BARAMATI BYPASS,NHAI,N24001501,9/2021,9/2023,Jul-23,7/2023,531.86,532.41,532.41,520.71,0.5
MAHARASHTRA,ROAD TRANSPORT AND,961,4L OF BARAMATI TO INDAPUR (PKG-II) FROM KM. 41.400 TO KM. 84.550 OF NH-965G (SAINT TUKARAM MARG),NHAI,N24001502,9/2021,9/2023,Mar-24,3/2025,624.45,580.15,580.15,398.06,2
MAHARASHTRA,ROAD TRANSPORT AND,962,4L OF INDAPUR TO TONDLE (PKG-III) FROM KM.84.550 TO KM. 131.00 OF NH-965G (SAINT TUKARAM MARG),NHAI,N24001503,9/2021,9/2023,Mar-24,3/2025,667.66,666.21,666.21,590.90,13
MAHARASHTRA,ROAD TRANSPORT AND,963,VADODARA MUMBAI EXPRESSWAY (PHASE II - PKG XI) [KM. 77.000 TO KM. 103.400] (GANJAD - TALSARI),NHAI,N24001504,5/2022,5/2024,Jan-25,1/2025,"1,260.00",N.A.,"1,260.00",608.72,92
MAHARASHTRA,ROAD TRANSPORT AND,964,VADODARA MUMBAI EXPRESSWAY (PHASE II - PKG XII) [KM. 50.700 TO KM. 77.000] (MASVAN - GANJAD),NHAI,N24001505,3/2022,3/2024,May-25,5/2025,"1,549.02",N.A.,"1,549.02",537.10,52.13
MAHARASHTRA,ROAD TRANSPORT AND,965,VADODARA MUMBAI EXPRESSWAY (PHASE II - PKG XIII) [KM. 26.582 TO KM. 50.700] (SHIRSAD - MASVAN),NHAI,N24001506,2/2022,2/2024,Jun-25,6/2025,"2,747.00",N.A.,"2,747.00",929.38,65.41
MAHARASHTRA,ROAD TRANSPORT AND,966,VADODARA MUMBAI EXPRESSWAY (PHASE II - PKG XIV) [KM. 3.000 TO KM. 20.200 OF SPUR] (SHIRSAD - AKLOLI),NHAI,N24001507,11/2022,5/2024,Jun-25,6/2025,"1,124.00",N.A.,"1,124.00",299.43,46.5
MAHARASHTRA,ROAD TRANSPORT AND,967,VADODARA MUMBAI EXPRESSWAY (PHASE II - PKG XVI) [KM. 43.000 TO KM. 69.800 OF SPUR] (AMNE - BHOJ),NHAI,N24001508,11/2022,10/2024,Jun-25,6/2025,"1,450.00",N.A.,"1,450.00",545.51,66
MAHARASHTRA,ROAD TRANSPORT AND,968,VADODARA MUMBAI EXPRESSWAY (PHASE II - PKG XV) [KM. 20.200 TO KM. 43.000 OF SPUR] (AKLOLI - AMNE),NHAI,N24001521,11/2022,10/2024,Apr-25,4/2025,990.00,N.A.,990.00,296.63,52.25
MAHARASHTRA,ROAD TRANSPORT AND,969,6L OF KAGAL-SATARA SECTION FROM KM 592.240 TO KM 658.000 OF NH-48 (PKG-I),NHAI,N24001546,1/2023,1/2025,N.A.,1/2025,"1,025.20",N.A.,"1,025.20",758.28,47.67
MAHARASHTRA,ROAD TRANSPORT AND,970,BALANCE WORKS OF 4L PANVEL- INDAPUR SECTION OF NH-66 (OLD NH-17) FROM KM 42.300 (KASU) TO KM 84.600 (,NHAI,N24001607,10/2022,5/2024,N.A.,5/2024,332.00,N.A.,332.00,194.88,42.44
MAHARASHTRA,ROAD TRANSPORT AND,971,VADODARA MUMBAI EXPRESSWAY (PHASE II - PKG XVII) [KM. 69.800 TO KM. 79.783 OF SPUR] (BHOJ - MORBE),NHAI,N24001608,9/2021,7/2025,N.A.,7/2025,"2,208.68",N.A.,"2,208.68",411.34,56.48
MAHARASHTRA,ROAD TRANSPORT AND,972,BALANCE WORK OF 4 LANING OF PANVEL TO INDAPUR SECTION OF NH-66(OLD NH- 17) FROM KM 0.000 (PANVEL) TO,NHAI,N24001609,1/2023,12/2023,Dec-24,12/2024,151.26,N.A.,151.26,115.47,67.03
MAHARASHTRA,ROAD TRANSPORT AND,973,4L OF EXISTING 2/4L STRETCH FROM LONAND TO DIVE GHAT (KM 166.400 TO KM 220.900 ) OF MOHOL ? ALANDI S,NHAI,N24001610,1/2022,5/2024,Mar-25,3/2025,"1,833.73",N.A.,"1,833.73",443.48,83.26
MAHARASHTRA,ROAD TRANSPORT AND,974,FOUR LANING OF AURANGABAD- PAITHAN SECTION OF NH-752E ON EPC MODE IN THE STATE OF MAHARASHTRA .,NHAI,N24001795,10/2022,7/2024,N.A.,12/2024,490.40,N.A.,289.00,262.55,85
MAHARASHTRA,ROAD TRANSPORT AND,975,4L OF RAJURA-KORPANA- ADILABAD ROAD UPTO M.S. BORDER FROM KM 32.910 TO KM 89.090 OF NH-353B,NHAI,N24001796,3/2022,10/2024,Apr-25,4/2025,"1,013.33","1,013.33","1,111.33",355.07,62.01
MAHARASHTRA,ROAD TRANSPORT AND,976,6L OF WAINGANGA BRIDGE - BHANDARA (INCLUDING BHANDARA BYPASS) SECTION FROM KM 485.000 TO KM 499.800,NHAI,N24001797,10/2021,1/2024,N.A.,3/2025,815.77,N.A.,815.77,652.04,92.87
MAHARASHTRA,ROAD TRANSPORT AND,977,4L MITIGATION MEASURE STRUCTURES ON CH/MH BORDER TO WAINGANGA BRIDGE SECTION OF NH-53,NHAI,N24001798,2/2021,11/2023,N.A.,1/2025,540.21,N.A.,540.21,425.12,98.05
MAHARASHTRA,ROAD TRANSPORT AND,978,4L OF NAGPUR-KATOL SECTION FROM KM. 13.00 TO KM. 62.900 OF NH-353J,NHAI,N24001799,2/2021,10/2023,N.A.,12/2024,"1,166.96",N.A.,"1,251.00","1,042.63",80
MAHARASHTRA,ROAD TRANSPORT AND,979,BAL. WORKS OF FAGNE (KM. 510.000) TO MAHARASHTRA/GUJARAT BORDER (KM. 650.794),NHAI,N24001804,12/2019,9/2022,Jun-24,6/2024,"1,654.07",N.A.,980.00,835.19,91.76
MAHARASHTRA,ROAD TRANSPORT AND,980,4L OF RATNAGIRI - KOLHAPUR SECTION FROM KM 67.140 TO KM 112.340 OF NH-166 (PKG ? II),NHAI,N24001834,5/2023,5/2025,N.A.,5/2025,839.00,N.A.,839.00,412.49,39.7
MAHARASHTRA,ROAD TRANSPORT AND,981,4L OF RATNAGIRI - KOLHAPUR SECTION FROM KM 112.340 TO KM 145.300 OF NH-166 (PKG?III),NHAI,N24001835,5/2023,5/2025,N.A.,5/2025,986.00,N.A.,986.00,373.70,39.5
MAHARASHTRA,ROAD TRANSPORT AND,982,REHABILITATION AND UP- GRADATION TO 4 LANE ROAD WITH PAVED SHOULDER CONFIGURATION OF SECTION FROM UND,MoRTH,N24001880,3/2022,7/2025,N.A.,7/2025,778.18,N.A.,778.18,135.78,27.35
MAHARASHTRA,ROAD TRANSPORT AND,983,CONSTRUCTION OF NEW FOUR LANE BYPASS TO PARBHANI CITY (PARWA TO ASOLA) KM 463/265 TO KM 481/180 (DES,MoRTH,N24001882,3/2022,10/2024,N.A.,10/2024,496.64,N.A.,496.64,0.00,8
MAHARASHTRA,ROAD TRANSPORT AND,984,CONSTRUCTION OF 4 LANE FLYOVER AT NAGPUR RTO CHOWK TO NAGPUR UNIVERSITY CAMPUS FROM CH 2/250 TO 5/10,MoRTH,N24001883,3/2021,3/2024,N.A.,4/2024,478.83,N.A.,478.83,233.48,65
MAHARASHTRA,ROAD TRANSPORT AND,985,REHABILITATION AND UPGRADATION OF SATANA TO MANGRUL (CHANDWAD) SECTION OF NH752 G DESIGN CH: KM 64.0,MoRTH,N24001884,3/2023,5/2025,N.A.,5/2025,428.80,N.A.,428.80,54.11,30.69
MAHARASHTRA,ROAD TRANSPORT AND,986,REHABILITATION AND UP- GRADATION OF JINTUR- SHIRAD SHAHAPUR SECTION KM 258.300 TO KM 306.300 [DESIGN,MoRTH,N24001885,2/2023,12/2024,N.A.,12/2024,414.81,N.A.,414.81,0.00,0
MAHARASHTRA,ROAD TRANSPORT AND,987,DEVELOPMENT/WIDENING OF TALEGAON ? CHAKAN ? SHIKRAPUR ? NHAVARA SECTION OF NH 548DG (NHAVARA TO CHOU,MoRTH,N24001886,10/2022,8/2024,N.A.,8/2024,304.68,N.A.,304.68,97.09,58.78
MAHARASHTRA,ROAD TRANSPORT AND,988,REHABILITATION AND UPGRADATION OF BHOKARDAN TO KUMBHARI FATA DESIGN CH. (KM 13+500 TO 17+00) AND RAJ,MoRTH,N24001887,8/2022,6/2024,N.A.,6/2024,291.37,N.A.,291.37,102.94,0
MAHARASHTRA,ROAD TRANSPORT AND,989,"UP-GRADATION OF TIRORA- GONDIA, STATE HIGHWAY FROM EXISTING KM 163+213 (ON SH- 335, TIRORA) TO KM 191+",MoRTH,N24001888,8/2021,4/2023,N.A.,5/2024,288.14,N.A.,288.14,63.01,46
MAHARASHTRA,ROAD TRANSPORT AND,990,2 LANE + PS PIMPLNER TO SATANA -[DESIGN CHAINAGE KM 21.427 TO 64.00 ] OF NH-752G],MoRTH,N24001889,9/2019,7/2021,N.A.,12/2023,277.81,N.A.,277.81,148.68,0
MAHARASHTRA,ROAD TRANSPORT AND,991,REHABILITATION AND UPGRADATION OF PARLI TO SIRSALA SECTION OF NH-361F (KM 136+700 TO 115+000) (LENGT,MoRTH,N24001890,2/2023,12/2024,N.A.,12/2024,261.82,N.A.,261.82,70.59,46
MAHARASHTRA,ROAD TRANSPORT AND,992,BALANCE WORK OF REHABILITATION AND UP- GRADATION TO NH-166F FROM MAHAD JUNCTION (AT KM 123/400 ON NH-,MoRTH,N24001891,7/2021,11/2023,N.A.,3/2024,256.54,N.A.,256.54,80.10,59.66
MAHARASHTRA,ROAD TRANSPORT AND,993,REHABILITATION AND UPGRADATION OF SHIRAPUR JUNCTION TO SHIVAJI CHOWK (DESIGN CHAINAGE KM. 130+00 TO,MoRTH,N24001892,2/2023,12/2024,N.A.,12/2024,245.61,N.A.,245.61,43.39,32.5
MAHARASHTRA,ROAD TRANSPORT AND,994,2 LANE + PS ASTHAMODE - TIVATYAL [DESIGN CH. KM 24.300 - 62.00] [KM 134.98-172.95 OF NH- 63],MoRTH,N24001894,9/2019,7/2021,N.A.,12/2023,228.82,N.A.,228.82,144.54,95
MAHARASHTRA,ROAD TRANSPORT AND,995,REHABILATION AND UPGRADATION TO TWO LANES WITH PAVED SHOULDER CONFIGURATION FROM WATUR TO CHARTHANA,MoRTH,N24001895,11/2021,9/2023,N.A.,12/2023,228.01,N.A.,228.01,103.01,99
MAHARASHTRA,ROAD TRANSPORT AND,996,UPGRADATIOBN AND REHABILITATION OF SECTION OF NH 361 F FROM PARLI (00/000) TO GANGAKHED (30/400) TO,MoRTH,N24001896,11/2021,9/2023,N.A.,4/2024,224.44,N.A.,224.44,75.34,45.63
MAHARASHTRA,ROAD TRANSPORT AND,997,REHABILITATION AND UP- GRADATION OF SABALKHED TO ASHTI SECTION FROM KM 37+900 TO KM 55+100 AND CHINCH,MoRTH,N24001902,12/2022,9/2024,N.A.,9/2024,213.32,N.A.,213.32,20.00,34
MAHARASHTRA,ROAD TRANSPORT AND,998,REHABILITATION AND UP- GRADATION OF MUDKHED TO NANDED SECTION FROM KM. 372+000 TO KM 388+400 OF NH 16,MoRTH,N24001903,8/2022,4/2025,N.A.,4/2025,206.54,N.A.,206.54,21.36,0
MAHARASHTRA,ROAD TRANSPORT AND,999,KOPARGAON TO SAVALI VIHIR SECTION,MoRTH,N24001904,9/2022,7/2024,N.A.,7/2024,195.38,N.A.,195.38,29.59,19.76
MAHARASHTRA,ROAD TRANSPORT AND,1000,"CONSTRUCTION OF MAJOR BRIDGE ACROSS MANJRA RIVER NEAR YESGI VILLAGE @ KM, 166/500 ON NH 63 TQ BILOLI",MoRTH,N24001905,10/2021,8/2023,N.A.,12/2023,188.69,N.A.,188.69,111.26,96
MAHARASHTRA,ROAD TRANSPORT AND,1001,UP-GRADATION TO 4 LANING OF DAULTABAD T-POINT TO MALIWADA [FROM DESIGN KM.0.000 TO KM 4.000] AND UPG,MoRTH,N24001906,8/2022,3/2024,N.A.,3/2024,185.59,N.A.,185.59,63.56,48
MAHARASHTRA,ROAD TRANSPORT AND,1002,"CONSTRUCTION OF SIX LANE FLYOVER AT KATRAJ JUNCTION AT KM, 3/880 OF NH 548-DD (VADGAON - KATRAJ - KO",MoRTH,N24001907,6/2021,2/2024,N.A.,3/2024,169.15,N.A.,169.15,36.94,35.96
MAHARASHTRA,ROAD TRANSPORT AND,1003,UPGRADATION OF EXHISTING 2 LANE FLEXIBLE PAVEMENT TO 2 LANE PAVED SHOULDERS RIGID PAVEMENT FROM DESI,MoRTH,N24001908,12/2021,5/2024,N.A.,5/2024,167.97,N.A.,167.97,35.28,36.76
MAHARASHTRA,ROAD TRANSPORT AND,1004,"STRENGTHING AND WIDINING OF EXISTING CARRIAGEWAY TO 10 M IN KM, 156/160 TO 229/160 (TEMBHURNI - KUSL",MoRTH,N24001909,11/2021,6/2024,N.A.,6/2024,157.72,N.A.,157.72,55.38,90
MAHARASHTRA,ROAD TRANSPORT AND,1005,REHABILITATION AND UPGRADATION OF JAMKHED TO SAUTADA SECTION OF NH548 D (FROM KM 195.375 TO KM 208.7,MoRTH,N24001910,9/2022,7/2024,N.A.,7/2024,157.62,N.A.,157.62,13.86,17.03
MAHARASHTRA,ROAD TRANSPORT AND,1006,PANGAON TO DHARMAPURI AND PARALI TO INJEGAON 2L+PS,MoRTH,N24001911,3/2018,7/2024,N.A.,12/2023,152.03,N.A.,152.03,81.35,97.57
MAHARASHTRA,URBAN DEVELOPMENT,1007,MUMBAI METRO LINE 3 (COLABA- BANDRA-SEEPZ),MMRCL,N28000086,7/2013,3/2020,N.A.,12/2023,"23,136.00",N.A.,"37,276.00","23,687.33",87.2
MAHARASHTRA,URBAN DEVELOPMENT,1008,PUNE METRO RAIL PROJECT (PHASE 1),MMRC,N28000121,12/2016,11/2021,Sep-24,9/2024,"11,420.00","13,656.22","13,656.22","12,797.93",100
MAHARASHTRA,URBAN DEVELOPMENT,1009,NAGPUR METRO RAIL PROJECT PHASE II,NMRCL,N28000155,12/2022,12/2027,N.A.,12/2027,"6,708.00",N.A.,"6,708.00",357.16,14.1
MAHARASHTRA,URBAN DEVELOPMENT,1010,PCMC NIGDI PROJECT EXTENSION OF CORRIDOR 1 OF PUNE METRO PHASE 1,MMRC,N28000157,10/2023,1/2027,N.A.,1/2027,910.18,N.A.,910.18,18.46,7
MAHARASHTRA,URBAN DEVELOPMENT,1011,PUNE METRO PHASE-1 EXTENSION FROM SWARGATE TO KATRAJ,MMRC,N28000160,9/2024,3/2029,N.A.,3/2029,"2,954.53",N.A.,"2,954.53",1.02,1
MAHARASHTRA,WATER RESOURCES,1012,PROTECTION OF MAJULI ISLAND FROM FLOOD AND EROSION OF RIVER BRAHMAPUTRA,BPB,N30000001,3/2017,12/2019,Aug-24,12/2023,233.57,N.A.,233.57,217.42,
MANIPUR,CIVIL AVIATION,1013,"CONSTRUCTION OF NEW INTEGRATED TERMINAL BUILDING, CONTROL TOWER CUM TECHNICAL BLOCK, APRON, LINK TAX",AAI,N04000100,11/2021,7/2024,Mar-26,3/2026,499.00,N.A.,499.00,115.07,37.88
MANIPUR,RAILWAYS,1014,JIRIBAM TO IMPHAL (TUPUI)(NL)(NEFR),NFR,220100288,4/2003,3/2011,Mar-28,12/2028,"4,454.17","12,274.06","19,517.70","14,933.20",80.25
MANIPUR,ROAD TRANSPORT AND,1015,UKHRUL TOLOI TADUBI PKG-2,NHIDCL,N24002131,3/2023,2/2026,Mar-26,3/2026,578.98,N.A.,578.98,68.63,37.24
MANIPUR,ROAD TRANSPORT AND,1016,2-LANING OF CHURACHANDPUR TUIVAI SECTION OF NH-102B (PKG- 2A),NHIDCL,N24001270,3/2020,6/2022,Jan-25,1/2025,292.24,N.A.,292.24,127.86,85.33
MANIPUR,ROAD TRANSPORT AND,1017,2-LANING OF CHURACHANDPUR TUIVAI SECTION OF NH-102B (PKG- 2B),NHIDCL,N24001271,6/2020,8/2022,Jan-25,1/2025,365.53,N.A.,365.53,156.31,77.36
MANIPUR,ROAD TRANSPORT AND,1018,2-LANING OF CHURACHANDPUR TUIVAI SECTION OF NH-102B (PKG- 4A),NHIDCL,N24001272,3/2020,6/2022,Jan-25,1/2025,167.95,204.12,167.95,88.05,69.89
MANIPUR,ROAD TRANSPORT AND,1019,2-LANING OF CHURACHANDPUR TUIVAI SECTION OF NH-102B (PKG- 4B),NHIDCL,N24001273,7/2020,8/2022,Feb-25,2/2025,177.76,N.A.,177.76,89.67,80.53
MANIPUR,ROAD TRANSPORT AND,1020,IMPROVEMENT/UPGRADATION OF EXISTING 2-LANE TO 4-LANE DIVIDED HIGHWAY FROM TAPHOU KUKI TO DAILI SECTI,NHIDCL,N24001274,8/2020,4/2022,May-25,5/2025,379.39,N.A.,379.39,189.86,48.33
MANIPUR,ROAD TRANSPORT AND,1021,IMPROVEMENT/UPGRADATION OF EXISTING 2-LANE TO 4-LANE DIVIDED HIGHWAY FROM DAILI TO KURAOPOKPI SECTIO,NHIDCL,N24001275,8/2020,4/2022,N.A.,6/2026,268.98,N.A.,268.98,22.08,0
MANIPUR,ROAD TRANSPORT AND,1022,IMPROVEMENT/UPGRADATION OF EXISTING 2-LANE TO 4-LANE DIVIDED HIGHWAY FROM KURAOPOKPI TO SEKMAI SECTI,NHIDCL,N24001276,8/2020,4/2022,N.A.,12/2025,228.97,N.A.,228.97,0.00,0
MANIPUR,ROAD TRANSPORT AND,1023,MARIAM - PEREN PKG-1A,NHIDCL,N24001349,2/2021,12/2022,Mar-25,3/2025,226.32,N.A.,226.32,88.98,67.34
MANIPUR,ROAD TRANSPORT AND,1024,MARIAM - PEREN (PKG 1B),NHIDCL,N24001350,2/2021,12/2022,Oct-24,12/2024,188.36,N.A.,188.36,126.71,97.95
MANIPUR,ROAD TRANSPORT AND,1025,IMPHAL ? MOREH PACKAGE- 3,NHIDCL,N24001352,3/2021,12/2022,N.A.,6/2024,259.31,N.A.,259.31,144.94,100
MANIPUR,ROAD TRANSPORT AND,1026,IMPHAL - KHONGSANG PKG-2,NHIDCL,N24001353,3/2021,12/2022,Mar-25,3/2025,195.14,N.A.,195.14,61.81,50.79
MANIPUR,ROAD TRANSPORT AND,1027,TAMENGLONG - MAHUR PKG-3,NHIDCL,N24001354,3/2021,12/2022,Jan-25,1/2025,234.08,N.A.,234.08,139.45,90.34
MANIPUR,ROAD TRANSPORT AND,1028,IMPHAL ? MOREH (PACKAGE 4),NHIDCL,N24001399,3/2021,1/2023,N.A.,4/2024,277.99,N.A.,277.99,146.35,100
MANIPUR,ROAD TRANSPORT AND,1029,SENAPATI- IMPHAL PKG-5B,NHIDCL,N24001400,3/2021,1/2023,May-25,5/2025,211.70,N.A.,211.70,48.85,40.1
MANIPUR,ROAD TRANSPORT AND,1030,IMPHAL - KHONGSANG PKG-3,NHIDCL,N24001401,7/2021,3/2023,Mar-25,3/2025,467.00,N.A.,467.00,183.55,75.34
MANIPUR,ROAD TRANSPORT AND,1031,TAMENGLONG - MAHUR PKG-1,NHIDCL,N24001402,7/2021,3/2023,Jan-25,1/2025,185.80,N.A.,185.80,112.31,93.48
MANIPUR,ROAD TRANSPORT AND,1032,TAMENGLONG - MAHUR PKG-2,NHIDCL,N24001403,7/2021,3/2023,Aug-24,1/2025,483.87,N.A.,483.87,278.89,91.03
MANIPUR,ROAD TRANSPORT AND,1033,TAMENGLONG - MAHUR PKG-4,NHIDCL,N24001404,7/2021,3/2023,Feb-25,2/2025,198.77,N.A.,198.77,110.09,87.15
MANIPUR,ROAD TRANSPORT AND,1034,CHURACHANPUR TUIVAI PKG-3,NHIDCL,N24001405,7/2021,10/2023,Mar-25,3/2025,673.27,N.A.,673.27,361.71,72.9
MANIPUR,ROAD TRANSPORT AND,1035,TAMENGLONG - MAHUR PKG-5,NHIDCL,N24001436,8/2021,5/2023,Apr-25,4/2025,477.86,N.A.,477.86,235.67,80.3
MANIPUR,ROAD TRANSPORT AND,1036,TAMENGLONG - MAHUR PKG-6,NHIDCL,N24001437,9/2021,5/2023,Nov-24,4/2025,311.18,N.A.,311.18,171.57,72.7
MANIPUR,ROAD TRANSPORT AND,1037,MARAM - PEREN PKG-3,NHIDCL,N24001439,8/2021,5/2023,Oct-24,1/2025,467.41,N.A.,467.41,244.38,94.25
MANIPUR,ROAD TRANSPORT AND,1038,IMPHAL - KHONGSANG PKG-4,NHIDCL,N24001453,8/2021,12/2023,Jul-25,7/2025,579.63,N.A.,579.63,133.50,53.35
MANIPUR,ROAD TRANSPORT AND,1039,CONSTRUCTION OF 2-LANING WITH HARD SHOULDER ROAD OF UKHRUL - TOLOI - TADUBI SECTION OF NH-102A FROM,NHIDCL,N24001473,9/2021,2/2024,Mar-25,3/2025,310.76,N.A.,310.76,121.56,80.19
MANIPUR,ROAD TRANSPORT AND,1040,IMPHAL - KHONGSANG PKG-5,NHIDCL,N24001538,12/2021,5/2024,Feb-25,2/2025,410.68,N.A.,410.68,105.71,51.05
MANIPUR,ROAD TRANSPORT AND,1041,IMPHAL - KHONGSANG PKG-6,NHIDCL,N24001539,12/2021,2/2025,Sep-25,9/2025,504.76,N.A.,504.76,114.52,52.58
MANIPUR,ROAD TRANSPORT AND,1042,AKASH BRIDGE - JESSAMI SECTION PKG-2,NHIDCL,N24001540,3/2022,2/2025,Feb-25,2/2025,152.11,N.A.,152.11,53.26,78
MANIPUR,ROAD TRANSPORT AND,1043,CONSTRUCTION OF 2-LANING WITH HARD SHOULDER ROAD OF UKHRUL - TOLOI - TADUBI SECTION OF NH-102A FROM,NHIDCL,N24001974,9/2021,1/2025,Sep-25,9/2025,315.56,N.A.,315.56,73.38,53.05
MANIPUR,ROAD TRANSPORT AND,1044,LMPHAL TO JIRIBAM PKG-7,NHIDCL,N24002028,1/2023,12/2025,Dec-25,12/2025,760.16,N.A.,760.16,67.07,32.38
MEGHALAYA,DEPARTMENT OF HIGHER EDUCATION,1045,CONSTRUCTION AND DEVELOPMENT OF NATINAL INSTITUTE OF TECHNOLOGY MEGHALAYA PERMANENT CAMPUS AT SOHRA,RITES OF HIGHER,N42000001,9/2013,9/2014,Jul-24,7/2024,484.32,429.70,429.70,285.05,75
MEGHALAYA,DONER,1046,"CONSTRUCTION OF INTERNATIONAL CENTRE FOR PERFORMING ARTS AND CULTURE,SHILONG IN MEGALAYA UNDER NLCPR",HSCL FOR DONER,N12000103,4/2014,9/2017,N.A.,9/2017,151.33,N.A.,151.33,148.33,98.5
MEGHALAYA,ROAD TRANSPORT AND,1047,CONSTRUCTION OF 2-LANE WITH PAVED SHOULDER OF SHILLONG WESTERN BYPASS STARTING FROM NH-06 NEAR LADUM,NHIDCL,N24002156,3/2023,9/2026,N.A.,9/2026,620.30,N.A.,620.30,168.64,2.5
MEGHALAYA,ROAD TRANSPORT AND,1048,SHILLONG WESTERN BYPASS PACKAGE-2,NHIDCL,N24002157,3/2023,9/2026,N.A.,9/2026,686.00,N.A.,686.00,241.74,0
MEGHALAYA,ROAD TRANSPORT AND,1049,CONSTRUCTION OF 2-LANE WITH PAVED SHOULDERS OF SHILLONG WESTERN BYPASS STARTING FROM NH-06 NEAR LADU,NHIDCL,N24002158,3/2023,9/2026,N.A.,9/2026,562.48,N.A.,562.48,263.14,0
MEGHALAYA,ROAD TRANSPORT AND,1050,WIDENING TO 2-LANE WITH GEOMETRIC IMPROVEMENTS OF TURA DALU ROAD UNDER JICA FUNDING FROM KM 85.000 T,NHIDCL,N24000771,4/2017,9/2021,Jul-23,3/2025,553.51,610.09,553.51,345.05,68.95
MEGHALAYA,ROAD TRANSPORT AND,1051,IMPROVEMENT/WIDENING TO 2-L WITH PAVED SHOULDER FROM (DESIGN KM 0.00 TO KM 10.670) / 4-LANING FROM (,NHIDCL,N24001313,11/2020,12/2023,Oct-25,10/2025,351.12,N.A.,351.12,232.80,32
MEGHALAYA,ROAD TRANSPORT AND,1052,IMPROVEMENT/WIDENING TO 2- LANE WITH PAVED SHOULDER FROM (DESIGN KM 10.670 TO KM 37.550) BETWEEN SHIL,NHIDCL,N24001314,11/2020,12/2023,N.A.,8/2026,525.68,N.A.,525.68,390.67,14.6
MEGHALAYA,ROAD TRANSPORT AND,1053,IMPROVEMENT/WIDENING TO 2- LANE WITH PAVED SHOULDER FROM (DESIGN KM 45.760 TO KM 63.530) BETWEEN SHIL,NHIDCL,N24001334,11/2020,12/2023,N.A.,4/2026,445.51,N.A.,445.51,193.78,10.2
MEGHALAYA,ROAD TRANSPORT AND,1054,IMPROVEMENT/WIDENING TO 2- LANE WITH PAVED SHOULDER / 4-LANING FROM (DESIGN KM 63.530 TO KM 71.520) B,NHIDCL,N24001335,11/2020,12/2023,N.A.,11/2026,284.21,N.A.,284.21,45.46,5.5
MEGHALAYA,ROAD TRANSPORT AND,1055,RANIKOR-MAHESHKHOLA- BAGHMARA (RMB) PKG-4 (KANAI- RONGARA),NHIDCL,N24001339,10/2020,4/2022,Jun-24,12/2024,157.86,146.92,157.86,147.62,97.49
MEGHALAYA,ROAD TRANSPORT AND,1056,RANIKOR-MAHESHKHOLA- BAGHMARA (RMB) PKG-3,NHIDCL,N24001360,3/2021,12/2022,Jun-24,11/2024,260.21,N.A.,260.21,217.61,93.45
MEGHALAYA,ROAD TRANSPORT AND,1057,REHABILITATION AND UPGRADATION OF NONGSTOIN TO WAHKAJI SECTION OF PROJECT ROAD KM 0.000 TO KM 43.06,MoRTH,N24001441,8/2020,2/2022,Dec-24,12/2024,302.88,N.A.,302.88,213.32,93.11
MEGHALAYA,ROAD TRANSPORT AND,1058,REHABITITATION AND UP GRADATION OF NONGSTOIN- RAMBRAI-KYRSHAI ROAD UP TO MEGHALAYA-ASSAM BORDER FROM,NHIDCL,N24001474,9/2021,5/2024,N.A.,12/2024,359.86,N.A.,359.86,220.69,79.2
MEGHALAYA,ROAD TRANSPORT AND,1059,RANIKOR- MAHESHKHOLA- BAGHMARA PKG-2,NHIDCL,N24001541,11/2021,6/2024,N.A.,12/2024,283.50,N.A.,283.50,203.23,73.5
MIZORAM,RAILWAYS,1060,"BHAIRABI SAIRONG, NL, NEFR",NFR,N22000100,4/2008,3/2014,N.A.,7/2025,"2,393.47","5,021.45","8,213.72","7,612.43",93
MIZORAM,ROAD TRANSPORT AND,1061,WIDENING AND UP-GRADATION TO 2-LANE WITH PAVED SHOULDER CONFIGURATION AND GEOMETRIC IMPROVEMENTS FRO,NHIDCL,N24000857,4/2017,4/2023,Nov-24,1/2025,519.09,785.65,785.65,657.51,90.12
MIZORAM,ROAD TRANSPORT AND,1062,WIDENING AND UP-GRADATION TO 2-LANE WITH PAVED SHOULDER CONFIGURATION AND GEOMETRIC IMPROVEMENTS FRO,NHIDCL,N24000858,4/2017,7/2023,May-24,5/2024,640.07,990.88,"1,286.35","1,217.65",98.9
MIZORAM,ROAD TRANSPORT AND,1063,WIDENING AND UP-GRADATION TO 2-LANE WITH PAVED SHOULDER CONFIGURATION AND GEOMETRIC IMPROVEMENTS FRO,NHIDCL,N24000859,4/2017,6/2023,Mar-24,3/2024,642.96,988.23,988.23,729.84,99.34
MIZORAM,ROAD TRANSPORT AND,1064,WIDENING AND UP-GRADATION TO 2-LANE WITH PAVED SHOULDER CONFIGURATION AND GEOMETRIC IMPROVEMENTS FRO,NHIDCL,N24000861,4/2017,4/2023,Nov-24,2/2025,473.18,688.25,688.25,521.23,85.1
MIZORAM,ROAD TRANSPORT AND,1065,WIDENING AND UP-GRADATION TO 2-LANE WITH PAVED SHOULDER CONFIGURATION AND GEOMETRIC IMPROVEMENTS FRO,NHIDCL,N24000862,4/2017,4/2023,Jul-24,2/2025,537.82,789.05,789.05,752.90,91.6
MIZORAM,ROAD TRANSPORT AND,1066,WIDENING AND UP-GRADATION TO 2-LANE WITH PAVED SHOULDER CONFIGURATION AND GEOMETRIC IMPROVEMENTS FRO,NHIDCL,N24000863,4/2017,6/2023,Oct-24,3/2025,518.53,906.76,906.76,804.57,90.15
MIZORAM,ROAD TRANSPORT AND,1067,WIDENING AND UP-GRADATION TO 2-LANE WITH PAVED SHOULDER CONFIGURATION AND GEOMETRIC IMPROVEMENTS FRO,NHIDCL,N24000864,4/2017,4/2024,Nov-24,3/2025,404.29,750.32,750.32,599.84,85.6
MIZORAM,ROAD TRANSPORT AND,1068,WIDENING AND UP-GRADATION TO 2-LANE WITH PAVED SHOULDER CONFIGURATION AND GEOMETRIC IMPROVEMENTS FRO,NHIDCL,N24000865,4/2017,9/2023,Nov-24,3/2025,428.11,746.39,746.39,588.02,87.7
MIZORAM,ROAD TRANSPORT AND,1069,CONSTRUCTION OF CHHIATHLANG -SERCHHIP BYPASS (PKG-1) ON AIZAWL- TUIPANG SECTION OF NH-54,NHIDCL,N24001277,9/2020,10/2022,Mar-24,3/2024,275.02,247.25,247.25,231.19,99.73
MIZORAM,ROAD TRANSPORT AND,1070,CONSTRUCTION OF TWO LANE WITH PAVED SHOULDER OF SELLING-DULTE SECTION OF NH- 06 (PKG-I),NHIDCL,N24001278,3/2020,7/2022,Jun-24,6/2024,206.88,219.33,219.33,206.58,97.01
MIZORAM,ROAD TRANSPORT AND,1071,CONSTRUCTION OF TWO LANE WITH PAVED SHOULDER OF SELLING-DULTE SECTION OF NH- 06 (PKG-III),NHIDCL,N24001281,3/2020,7/2022,Oct-24,10/2024,292.24,331.17,331.17,293.90,91.64
MIZORAM,ROAD TRANSPORT AND,1072,DULTE- KWALKULH - CHAMPAI PKG.1,NHIDCL,N24001355,3/2021,12/2022,Mar-24,3/2024,374.39,318.92,318.92,292.37,100
MIZORAM,ROAD TRANSPORT AND,1073,DULTE- KWALKULH - CHAMPAI PKG.2,NHIDCL,N24001356,3/2021,12/2022,Apr-24,4/2024,233.25,233.25,233.25,178.37,100
MIZORAM,ROAD TRANSPORT AND,1074,TLABUNG - LUNGLEI PKG-A,NHIDCL,N24001358,3/2021,12/2022,Dec-24,12/2025,698.44,698.45,698.45,400.71,43
MIZORAM,ROAD TRANSPORT AND,1075,TLABUNG - LUNGLEI PKG-B,NHIDCL,N24001359,3/2021,1/2023,Dec-24,12/2025,740.58,740.58,740.58,293.89,42
MIZORAM,ROAD TRANSPORT AND,1076,KEIFANG - TUVAI PKG-1,NHIDCL,N24001440,9/2021,5/2023,May-24,5/2024,492.94,492.94,492.94,357.26,84.7
MIZORAM,ROAD TRANSPORT AND,1077,UP-GRADATION TO 2-LANE WITH PAVED SHOULDERS OF NGOPA - PAWLRANG SECTION OF NH 102B OF AIZAWL - IMPHA,NHIDCL,N24001975,9/2021,2/2025,N.A.,2/2026,523.78,N.A.,523.78,263.25,49.8
MIZORAM,ROAD TRANSPORT AND,1078,KEIFANG - TUVAI PKG-3,NHIDCL,N24002027,12/2021,2/2025,N.A.,12/2025,500.88,N.A.,500.88,148.96,41.52
MULTI STATE,COAL,1079,NILJAI EXPANSION (DEEP) OC (3.5 MTY),WCL,N06000154,8/2016,3/2022,Mar-25,3/2025,319.76,319.76,319.76,281.40,98
MULTI STATE,COAL,1080,DURGAPUR EXTENSION (DEEP) OC (3.0 MTY),WCL,N06000157,2/2017,3/2021,Mar-25,3/2025,328.00,N.A.,328.00,321.43,96
MULTI STATE,COAL,1081,BINA KAKRI AMALGAMATION OCP 14 MTPA,NCL,N06000192,8/2020,3/2024,N.A.,3/2025,836.42,N.A.,836.42,701.97,55.92
MULTI STATE,DPIIT,1082,NATIONAL INDUSTRIAL CORRIDOR PROJECT,DMIC FOR DPIIT,N40000001,9/2011,3/2027,Mar-27,3/2027,"20,084.00","20,084.00","20,084.00","10,217.21",50.99
MULTI STATE,PETROLEUM,1083,KOCHI-KOOTTANAD-BANGALORE- MANGALORE PIPELINE PHASE-II,GAIL,N16000285,6/2009,12/2012,Feb-25,3/2025,"2,915.00","5,909.00","5,909.00","4,106.70",92.6
MULTI STATE,PETROLEUM,1084,SRIKAKULAM ANGUL PIPELINE PROJECT,GAIL,N16000388,9/2019,7/2022,Jun-25,6/2025,"2,658.34",N.A.,"2,658.34","1,985.10",92.8
MULTI STATE,PETROLEUM,1085,DHAMRA HALDIA PIPELINE PROJECT,GAIL,N16000391,3/2020,11/2022,Mar-25,3/2025,"1,030.65",N.A.,"1,030.65",791.00,84.9
MULTI STATE,PETROLEUM,1086,MUMBAI NAGPUR JHARSUGUDA PIPELINE PROJECT,GAIL,N16000398,6/2020,5/2023,Jun-25,6/2025,"7,844.25",N.A.,"7,844.25","5,869.80",90.7
MULTI STATE,PETROLEUM,1087,CGD PROJECT AT NAWADA AND KODERMA DISTRICTS,IOCL,N16000426,6/2019,12/2029,Mar-30,3/2030,169.00,N.A.,169.00,72.21,17.9
MULTI STATE,PETROLEUM,1088,NORTH EAST GAS GRID,IGGL,N16000439,11/2020,3/2024,Mar-25,3/2027,"9,265.00","9,265.00","9,265.00","5,483.02",83.85
MULTI STATE,PETROLEUM,1089,GURDASPUR JAMMU PIPELINE,GAIL,N16000531,7/2023,7/2026,Jul-26,7/2026,521.92,521.92,521.92,10.30,19.4
MULTI STATE,POWER,1090,ESTABLISHMENT OF FIBER OPTIC COMMUNICATION SYSTEM IN NR UNDER FIBER OPTIC EXPANSION PROJECT (ADDITIO,PGCIL,N18000184,3/2015,3/2018,N.A.,12/2024,197.40,N.A.,197.40,162.89,98
MULTI STATE,POWER,1091,COMPREHENSIVE SCHEME FOR THE STRENGHTENING OF THE TRANSMISSION AND DISTRIBUTION SYSTEM IN A P,PGCIL,N18000249,12/2014,12/2018,Mar-25,3/2025,"4,754.42","9,129.32","9,129.32","6,869.50",77.6
MULTI STATE,POWER,1092,NORTH EASTERN REGION POWER SYSTEM IMPROVEMENT PROJECT (NERPSIP) FOR SIX (6) STATES,PGCIL,N18000250,12/2014,12/2018,Mar-25,3/2025,"5,111.33","6,700.00","6,700.00","4,987.61",95.3
MULTI STATE,POWER,1093,HVDC BIPOLE LINK BETWEEN WR AND SR -NORTH TRICHUR - SCHEME -II AC SYSTEM STRENGTHENING AT PUGALUR EN,PGCIL,N18000264,8/2017,2/2020,Apr-23,9/2025,"1,931.39","2,635.55","2,635.55","1,972.44",99
MULTI STATE,POWER,1094,NORTH EASTERN REGION STRENGTHENING SCHEME-XII,PGCIL,N18000316,5/2021,3/2023,N.A.,8/2024,576.42,576.42,576.42,419.96,100
MULTI STATE,POWER,1095,TS FOR EVACUATION OF POWER FROM PAKALDUL HEP IN CHENAB VALLEY HEPS - LTA SYSTEM,PGCIL,N18000328,2/2022,4/2025,N.A.,4/2025,318.12,N.A.,318.12,146.75,86
MULTI STATE,POWER,1096,TRANSMISSION SYSTEM STRENGTHENING FOR SRINAGAR-LEH TRANSMISSION SYSTEM,PGCIL,N18000330,3/2022,12/2024,N.A.,9/2025,288.71,N.A.,288.71,131.79,44
MULTI STATE,POWER,1097,TRANSMISSION SYSTEM STRENGTHENING SCHEME FOR EVACUATION OF POWER FROM SOLAR ENERGY ZONES IN RAJASTHA,PGCIL,N18000331,2/2022,9/2023,N.A.,3/2025,359.47,N.A.,359.47,234.97,73
MULTI STATE,POWER,1098,TRANSMISSION SYSTEM STRENGTHENING SCHEME FOR EVACUATION OF POWER FROM SOLAR ENERGY ZONES IN RAJASTHA,PGCIL,N18000332,5/2022,11/2023,N.A.,3/2025,"1,666.00",N.A.,"1,666.00","1,341.62",81
MULTI STATE,POWER,1099,TRANSMISSION NETWORK EXPANSION IN GUJARAT TO INCREASE ATC FROM ISTS: PART B,PGCIL,N18000337,7/2022,6/2023,N.A.,3/2025,"4,546.26",N.A.,"4,546.26","2,423.35",75
MULTI STATE,POWER,1100,TRANSMISSION NETWORK EXPANSION IN GUJARAT TO INCREASE ATC FROM ISTS: PART C,PGCIL,N18000338,7/2022,3/2025,N.A.,3/2025,186.19,N.A.,186.19,66.53,68
MULTI STATE,POWER,1101,SYSTEM STRENGTHENING SCHEME FOR EASTERN AND NORTH EASTERN REGION,PGCIL,N18000343,10/2022,10/2025,N.A.,10/2025,307.87,N.A.,307.87,101.31,59
MULTI STATE,POWER,1102,TRANSMISSION SYSTEM FOR KURNOOL WIND ENERGY ZONE SOLAR ENERGY ZONE (AP) PART- A PART B,PGCIL,N18000352,3/2023,11/2024,N.A.,3/2025,"3,546.94",N.A.,"3,546.94","1,687.14",68
MULTI STATE,POWER,1103,ER WR TRANSMISSION LIMITED,PGCIL,N18000353,3/2023,3/2025,N.A.,3/2025,281.16,N.A.,281.16,54.14,50
MULTI STATE,RAILWAYS,1104,"NANGALDAM-TALWARA(NL),NR",NR,220100188,3/1981,7/2012,Jan-27,1/2027,450.00,N.A.,"2,017.96","1,487.70",70
MULTI STATE,RAILWAYS,1105,"LALITPUR-SATNA-REWA- SINGRULI NL, (NCR)",WCR,220100232,9/1998,5/2008,N.A.,3/2025,247.66,63.57,"8,248.50","2,520.04",43
MULTI STATE,RAILWAYS,1106,CHHAPRA-BALLIA UP,NER,N22000134,3/2013,1/2019,N.A.,2/2025,295.00,954.00,995.82,992.64,95
MULTI STATE,RAILWAYS,1107,CHOTTAUDEPUR-DHAR(NL),WR,N22000138,4/2007,3/2022,Dec-27,12/2027,"1,347.26","1,793.63","1,793.63","1,498.69",58
MULTI STATE,RAILWAYS,1108,"DAHOD-INDORE VIA SARDARPUR, JHABUA AND DHAR (NL)",WR,N22000139,4/2007,3/2022,Feb-27,2/2027,"1,640.04","1,873.10","2,873.11","2,247.16",58
MULTI STATE,RAILWAYS,1109,GWALIOR-SEOPURKALA WITH EXTENSION TO KOTA (GC),NCR,N22000148,4/2011,3/2022,N.A.,12/2024,"2,912.96",N.A.,"3,845.60","1,024.32",0
MULTI STATE,RAILWAYS,1110,DHOLPUR-SIRMUTTRA WITH EXTENSION TO GANGAPURCITY AND MOHARI-TANTPUR AND TANPUR-BANSI PAHARPUR,NCR,N22000158,4/2010,,Dec-26,12/2026,"2,030.50",746.83,746.83,81.25,19
MULTI STATE,RAILWAYS,1111,NEW BONGAIGAON-RANGIA- KAMAKGHYA DOUBLING,NFR,N22000183,4/2013,3/2019,N.A.,10/2024,"1,798.00",N.A.,"2,832.35","3,296.05",99.5
MULTI STATE,RAILWAYS,1112,NEW BG LINE FROM BALURGHAT TO HILLY NFR,NFR,N22000206,4/2010,3/2020,N.A.,3/2027,242.22,N.A.,"1,195.95",389.34,5
MULTI STATE,RAILWAYS,1113,NEW BG LINE FROM JAGBANI TO BIRATNAGAR,NFR,N22000207,4/2010,,N.A.,3/2023,241.52,N.A.,401.65,343.30,85.42
MULTI STATE,RAILWAYS,1114,MURKONGSELEK-PASIGHAT NL,NFR,N22000208,4/2011,3/2020,N.A.,5/2025,414.84,N.A.,"1,265.16",619.09,37
MULTI STATE,RAILWAYS,1115,PIRPAINTI-JASIDIH,ER,N22000219,4/2013,3/2022,Mar-28,3/2028,915.98,N.A.,"2,610.84",810.98,45
MULTI STATE,RAILWAYS,1116,KAZIPET-VIJAYAWADA 3RD LINE WITH ELECTRIFICATION,SCR,N22000261,4/2012,3/2023,N.A.,3/2025,"1,856.95",N.A.,"1,952.68","1,469.05",0
MULTI STATE,RAILWAYS,1117,DEOBAND (MUZAFFARNAGAR)- ROORKEE NL,NR,N22000274,4/2007,,N.A.,2/2024,336.91,N.A.,791.39,572.99,40
MULTI STATE,RAILWAYS,1118,RAYADURGA-TUMKUR NL,SWR,N22000279,4/2007,,N.A.,2/2027,"2,062.30","2,495.59","2,495.59","1,433.51",60
MULTI STATE,RAILWAYS,1119,HOTGI-KUDGI-GADAG,SWR,N22000333,3/2015,3/2019,N.A.,6/2025,"1,614.59","1,877.81","2,458.87","2,412.54",89
MULTI STATE,RAILWAYS,1120,KAZIPET-BALHRSHA,SCR,N22000367,4/2015,3/2021,N.A.,1/2025,"2,063.03",N.A.,"2,909.00","2,649.56",0
MULTI STATE,RAILWAYS,1121,MUMBAI AHMEDABAD HIGH SPEED RAIL PROJECT,NHSRCL,N22000463,12/2015,12/2023,N.A.,8/2027,"108,000.00",N.A.,"108,000.00","68,101.00",47.6
MULTI STATE,RAILWAYS,1122,WESTERN DEDICATED FREIGHT CORRIDOR,DFCC,N22000464,11/2007,3/2020,N.A.,3/2020,"16,592.00","51,101.00","51,101.00","47,476.00",83
MULTI STATE,RAILWAYS,1123,CHANDIGARH-BADDI,NR,N22000467,4/2007,3/2023,Apr-26,4/2026,328.14,"1,540.14","1,540.14",876.80,14
MULTI STATE,RAILWAYS,1124,NARAYANGARH TO BHADRAK 3RD LINE (155 KM),SER,N22000506,3/2019,5/2023,N.A.,6/2026,"1,866.31",N.A.,"1,866.31","1,676.08",55
MULTI STATE,ROAD TRANSPORT AND HIGHWAYS,1125,VARANASI-AURANGABAD KM.786 TO KM.978.40,NHAI,N24000182,9/2011,3/2014,N.A.,9/2024,"2,848.00",N.A.,"3,241.56","3,901.66",86.14
MULTI STATE,ROAD TRANSPORT AND HIGHWAYS,1126,4/6L OF SPUR TO HARIDWAR (GREENFIELD) FROM KM. 0.000 TO KM. 49.000,NHAI,N24001628,11/2021,2/2025,N.A.,2/2025,"2,155.95",N.A.,"2,155.95","1,178.79",50.62
MULTI STATE,ROAD TRANSPORT AND HIGHWAYS,1127,6L WITH ACCESS CONTROL PROVISION SAHARANPUR BYPASS TO GANESHPUR SECTION FROM 13.89 KM TO 41.820 KM O,NHAI,N24001629,4/2022,11/2024,Dec-24,11/2024,796.65,N.A.,796.65,296.71,65.95
MULTI STATE,SHIPPING AND PORTS,1128,JAL MARG VIKAS PROJECT,IWAI,N25000072,1/2018,3/2023,Dec-25,12/2025,"5,369.18","5,061.15","5,061.15","3,131.61",62.04
MULTI STATE,TELECOMMUNICATIONS,1129,PHASE-I OF CONSOLIDATION OF EXISTING CDR DATA CENTERS AND NIB-P3 DATA CENTERS WITH STATE OF THE ART,BSNL,N26000114,3/2020,6/2021,Nov-21,3/2025,461.42,461.42,461.42,159.98,81
MULTI STATE,TELECOMMUNICATIONS,1130,SUPER EDGE ROUTERS FOR BSNL INTERNET PROTOCOL - MULTI PROTOCOL LEBEL SWITCHING (IPMPLS) NETWORK and,BSNL,N26000115,3/2023,3/2024,Jul-24,12/2024,239.60,N.A.,239.60,170.64,100
MULTI STATE,TELECOMMUNICATIONS,1131,MPLS-IP BASED ACCESS AND AGGREGATION NETWORK (MAAN) IN BSNL ALONG WITH TEST AND MEASURING EQUIPMENT,BSNL,N26000116,5/2023,8/2024,Nov-24,11/2024,645.13,N.A.,645.13,268.77,85.63
MULTI STATE,TELECOMMUNICATIONS,1132,PLANNIN ENGINEERING SUPPLY INSTALLATION TESTING COMMISSIONING INTEGARTION and ANNUAL MAINTENANCE OF,BSNL,N26000117,6/2023,6/2025,N.A.,6/2025,"24,556.35","24,544.55","24,544.55","4,774.91",60.11
MULTI STATE,TELECOMMUNICATIONS,1133,OPTICAL TRANSPORT NETWORK (OTN) PH-4 IN BSNL,BSNL,N26000118,2/2024,8/2025,N.A.,8/2025,810.99,N.A.,810.99,400.00,66.45
MULTI STATE,URBAN DEVELOPMENT,1134,DELHI GHAZIABAD MEERUT RRTS CORRIDOR,NCRTC,N28000134,3/2019,6/2025,N.A.,6/2025,"30,274.00",N.A.,"30,274.00","23,202.31",81.3
NAGALAND,PETROLEUM,1135,"AUGMENTATION OF DIMAPUR DEPOT, DIMAPUR",IOCL,N16000529,8/2023,11/2027,N.A.,11/2027,227.62,N.A.,227.62,0.48,10.7
NAGALAND,RAILWAYS,1136,NEW LINE FROM DIMAPUR TO ZUBZA(KOHIMA) NATIONAL PROJECT (NEFR),NFR,N22000124,4/2006,3/2015,N.A.,12/2029,"2,326.52","6,663.20","6,663.20","3,908.49",62
NAGALAND,ROAD TRANSPORT AND,1137,FOUR LANING OF DIMAPUR KOHIMA ROAD FROM DESIGN KM 123.840 TO KM 138.775 (EXISTING KM 124.100 TO KM 1,NHIDCL,N24000686,3/2016,9/2019,Nov-22,12/2024,373.07,534.41,534.41,382.50,99.81
NAGALAND,ROAD TRANSPORT AND,1138,FOUR LANING OF EXISTING DIMAPUR KOHIMA ROAD FROM DESIGN KM 152.490 TO KM 166.700 (EXISTING KM 156.00,NHIDCL,N24000688,3/2016,8/2022,Sep-25,9/2025,429.52,794.74,794.74,291.85,83.89
NAGALAND,ROAD TRANSPORT AND,1139,(I) CONSTRUCTION OF FOUR/SIX LANING FROM KM 132.375 TO KM 158.058 (TOTAL NEW ALIGNMENT LENGTH OF 20.,NHIDCL,N24000752,2/2017,9/2020,Feb-23,12/2024,387.00,688.12,688.12,387.50,99.32
NAGALAND,ROAD TRANSPORT AND,1140,(II) CONSTRUCTION OF DIMAPUR BYPASS (ASSAM PORTION) OF 4/6 LANE PAVEMENT ON EPC BASIS FROM EXISTING,NHIDCL,N24000753,3/2018,11/2022,Aug-24,12/2024,500.09,698.81,698.81,373.62,95.67
NAGALAND,ROAD TRANSPORT AND,1141,CONSTRUCTION OF TWO LANE WITH HARD SHOULDERS OF CHAKABAMA-ZUNHEBOTO ROAD FROM EXISTING KM 52.370 TO,NHIDCL,N24000756,3/2018,9/2022,Jan-23,7/2024,285.68,N.A.,285.68,174.28,99.9
NAGALAND,ROAD TRANSPORT AND,1142,CONSTRUCTION OF TWO LANE WITH HARD SHOULDERS OF MERANGKONG-TAMLU-MON ROAD FROM EXISTING KM 20.456 TO,NHIDCL,N24000763,3/2018,12/2021,Aug-22,8/2025,215.79,N.A.,215.79,114.99,40.71
NAGALAND,ROAD TRANSPORT AND,1143,CONSTRUCTION OF TWO LANE WITH HARD SHOULDERS OF MERANGKONG-TAMLU-MON ROAD FROM EXISTING KM 60.345 TO,NHIDCL,N24000765,3/2018,9/2018,Jun-23,9/2025,323.98,N.A.,323.98,93.80,30.19
NAGALAND,ROAD TRANSPORT AND,1144,CONSTRUCTION OF 2 LANE WITH PAVED SHOULDER FROM KM. 168 TO 183.783 (YESEMYONG TO UNGER) ON MOKOKCHUN,MoRTH,N24001179,3/2017,11/2020,Feb-23,2/2023,217.35,N.A.,217.35,214.18,100
NAGALAND,ROAD TRANSPORT AND,1145,WIDENING OF EXISTING SINGLE/INTERMEDIATE LANE ROAD TO 2 LANE ROAD FROM KM. 83.00 TO KM 101.00 ON NH-,MoRTH,N24001180,3/2019,12/2022,Jan-23,1/2023,237.51,N.A.,237.51,201.20,100
NAGALAND,ROAD TRANSPORT AND,1146,CONSTRUCTION OF 2-LANE WITH PAVED SHOULDER OF KOHIMA-BYPASS ROAD FROM DESIGN KM10.500 TO 21.00KM [D,NHIDCL,N24001255,9/2020,10/2022,Apr-24,9/2024,277.44,N.A.,277.44,164.96,62.57
NAGALAND,ROAD TRANSPORT AND,1147,CONSTRUCTION OF 2-LANE WITH PAVED SHOULDER OF KOHIMA-BYPASS ROAD FROM DESIGN KM21.0 TO KM32.0 [DESIG,NHIDCL,N24001257,8/2020,10/2022,Jun-25,6/2025,159.85,342.29,159.85,80.30,17.09
NAGALAND,ROAD TRANSPORT AND,1148,CONSTRUCTION OF 2-LANE WITH PAVED SHOULDER OF KOHIMA-BYPASS ROAD FROM DSIGN KM32.0 TO KM43.454 [DES,NHIDCL,N24001258,8/2020,4/2022,Apr-23,2/2025,202.36,N.A.,202.36,72.03,26.96
NAGALAND,ROAD TRANSPORT AND,1149,UPGRADATION OF EXISTING ROAD TO 2-LANE WITH PAVED SHOULDER FROM KOHIMA TO MAO FROM KM 185.540 TO KM,NHIDCL,N24001259,9/2020,4/2022,May-24,2/2025,315.63,N.A.,315.63,95.84,74.23
NAGALAND,ROAD TRANSPORT AND,1150,2 LANING OF KOHIMA - JESSAMI SECTION (PACKAGE II),NHIDCL,N24001282,3/2020,6/2022,N.A.,1/2026,355.79,N.A.,355.79,109.24,60.6
NAGALAND,ROAD TRANSPORT AND,1151,2-LANING OF CHANGTONGYA TO LONGLENG ROAD OF NH-702 (PKG-I),NHIDCL,N24001286,3/2020,6/2022,Oct-22,6/2023,278.95,N.A.,278.95,166.29,100
NAGALAND,ROAD TRANSPORT AND,1152,2 LANING OF KOHIMA - JESSAMI SECTION (PACKAGE V),NHIDCL,N24001287,4/2020,12/2021,Nov-25,11/2025,330.80,N.A.,330.80,115.30,63.65
NAGALAND,ROAD TRANSPORT AND,1153,CONSTRUCTION OF 2-LANE WITH PAVED SHOULDER OF KOHIMA-BYPASS ROAD FROM DESIGN KM 0.00 TO KM 10.500 [D,NHIDCL,N24001288,8/2020,4/2022,Nov-26,11/2026,232.29,350.88,232.29,46.11,3.33
NAGALAND,ROAD TRANSPORT AND,1154,CHANGTONGYA TO LONGLENG ROAD PKG-2,NHIDCL,N24001389,3/2020,6/2022,Sep-22,1/2025,206.53,N.A.,206.53,119.25,99.4
NAGALAND,ROAD TRANSPORT AND,1155,PEREN-DIMAPUR SECTION PKG- 2,NHIDCL,N24001406,7/2021,3/2023,Sep-25,9/2025,258.52,N.A.,258.52,65.31,62.71
NAGALAND,ROAD TRANSPORT AND,1156,PEREN-DIMAPUR PKG-5,NHIDCL,N24001407,2/2021,3/2023,N.A.,3/2023,207.33,N.A.,207.33,0.00,0
NAGALAND,ROAD TRANSPORT AND,1157,MERANGKONG-TAMLU-MON (MTM) PKG-5,NHIDCL,N24001438,7/2021,12/2023,N.A.,9/2025,161.73,N.A.,161.73,48.16,34.09
NAGALAND,ROAD TRANSPORT AND,1158,WIDENING OF EXISTING SINGLE LANE / INTERMEDIATE LANE ROAD TO 2 LANE FROM KM 101 TO KM 125 OF NH 61 I,MoRTH,N24001465,6/2020,9/2024,Jun-26,6/2026,252.19,N.A.,252.19,0.28,0
NAGALAND,ROAD TRANSPORT AND,1159,WIDENING TO EXISTING SINGLE LANE /INTERMEDIATE LANE TO 2 LANE FROM KM185.00 TO KM 220.00 OF NH-61 (N,MoRTH,N24001466,3/2021,7/2024,Mar-25,3/2025,297.24,N.A.,297.24,121.34,67.62
NAGALAND,ROAD TRANSPORT AND,1160,WIDENING TO EXISTING SINGRE/INTERMEDIATE RANE TO 2 LANE FROM KM 135 TO KM 147 AND FROM KM 156.00 TO,MoRTH,N24001467,3/2021,2/2024,Jan-25,1/2025,226.44,N.A.,226.44,116.20,82.13
NAGALAND,ROAD TRANSPORT AND,1161,CONSTRUCTION OF 2 LANE WITH HARD SHOULDER FROM DESIGN CHAINAGE KM 283.000 TO KM 325.440 (5- LEGGED J,NHIDCL,N24001475,3/2022,12/2024,N.A.,12/2024,605.36,N.A.,605.36,227.62,91.89
NAGALAND,ROAD TRANSPORT AND,1162,WIDENING OF EXISTING SINGLE LANE ROAD TO INTERMEDIATE LANE ROAD FROM MOKOKCHUNG TO CHARE VIA DIKHU I,MoRTH,N24001855,2/2021,6/2025,Jun-25,6/2025,192.93,N.A.,192.93,68.29,67.79
NAGALAND,ROAD TRANSPORT AND,1163,PEREN-DIMAPUR PKG-3,NHIDCL,N24001912,2/2021,6/2025,N.A.,6/2025,177.77,199.02,199.02,24.06,33.55
NAGALAND,ROAD TRANSPORT AND,1164,WIDENING TO 2 LANE WITH HARD SHOULDER OF AKEGWO- AVANGKHU SECTION OF NH- 202K FOR PACKAGE-I (DESIGN CH,NHIDCL,N24001976,12/2022,2/2026,N.A.,2/2026,430.24,N.A.,430.24,41.48,25.6
NAGALAND,ROAD TRANSPORT AND,1165,WIDENING TO 2 LANE WITH HARD SHOULDER OF AKEGWO- AVANGKHU SECTION OF NH- 202K FOR PACKAGE-II (DESIGN C,NHIDCL,N24001977,12/2022,2/2026,N.A.,2/2026,442.54,N.A.,442.54,17.58,12.53
NAGALAND,ROAD TRANSPORT AND,1166,WIDENING TO 2 LANE WITH HARD SHOULDER OF AKEGWO- AVANGKHU SECTION OF NH- 202K FOR PACKAGE-III (DESIGN,NHIDCL,N24001978,12/2022,2/2026,N.A.,2/2026,497.18,N.A.,497.18,78.00,37.8
ODISHA,COAL,1167,BASUNDHARA (WEST) OC EXTN(7.00 MTY),MCL,N06000112,5/2014,3/2019,N.A.,3/2027,479.15,N.A.,479.15,266.76,62
ODISHA,COAL,1168,SIARMAL OCP (40.00MTY),MCL,N06000113,2/2021,3/2029,N.A.,3/2029,"5,194.96",N.A.,"5,194.96","3,407.78",42.7
ODISHA,COAL,1169,GARJANBAHAL OCP,MCL,N06000117,11/2014,3/2021,N.A.,3/2026,"1,375.38",N.A.,"1,375.38",836.84,58
ODISHA,COAL,1170,INTEGRATED LAKHANPUR- BELPAHAR-LILARI OCP,MCL,N06000167,5/2018,3/2027,N.A.,3/2027,"2,434.75",N.A.,"2,434.75","1,847.87",55
ODISHA,COAL,1171,REORGANISATION OF BHARATPUR OCP EXPANSION,MCL,N06000171,11/2018,3/2029,N.A.,3/2029,"2,838.87",N.A.,"2,838.87","1,675.54",44.5
ODISHA,COAL,1172,TALABIRA II AND III OCP,NLC,N06000189,7/2017,1/2027,N.A.,1/2027,"2,401.07",N.A.,"2,401.07","1,399.68",53.8
ODISHA,COAL,1173,NAINI COAL MINE,SCCL,N06000203,3/2020,3/2024,N.A.,3/2026,494.30,N.A.,494.30,491.33,35
ODISHA,COAL,1174,BHUBANESWARI EXPANSION OCP,MCL,N06000227,3/2024,3/2031,N.A.,3/2031,"6,321.73",N.A.,"6,321.73","1,239.91",18.2
ODISHA,COAL,1175,GOPALJI-KANIHA OCP,MCL,N06000229,4/2022,3/2028,N.A.,3/2028,"6,107.87",N.A.,"6,107.87","1,633.59",16.6
ODISHA,COAL,1176,BALARAM EXPANSION OCP,MCL,N06000230,8/2020,3/2029,N.A.,3/2029,"3,504.21",N.A.,"3,504.21",951.04,49.9
ODISHA,COAL,1177,KULDA EXPANSION OCP- 15 MTY,MCL,N06000248,6/2014,3/2018,N.A.,3/2026,348.16,N.A.,348.16,204.68,60
ODISHA,COAL,1178,SUBHADRA OCP,MCL,N06000249,5/2021,3/2029,Mar-29,3/2029,"1,693.81",N.A.,"1,693.81","1,169.28",39
ODISHA,COAL,1179,RPR OF HINGULA -II EXPANSION PH-III,MCL,N06000261,12/2022,3/2029,N.A.,3/2029,"2,264.68",N.A.,"2,264.68","1,011.46",39.1
ODISHA,COAL,1180,NLC TALABIRA THERMAL POWER PROJECT (PHASE-1: 3 X 800 MW),NLC,N06000270,1/2024,5/2029,Mar-30,5/2029,"27,213.00",N.A.,"27,213.00",970.98,1.51
ODISHA,DEPARTMENT OF HIGHER EDUCATION,1181,INDIAN INSTITUTE OF SCIENCE EDUCATION AND RESEARCH BERHAMPUR,CPWD EDUCATION,N28000126,1/2019,3/2022,N.A.,2/2025,790.79,N.A.,790.79,678.17,95
ODISHA,MINES,1182,5TH STREAM ALUMINA REFINERY EXPANSION PROJECT,NALCO,N10000010,12/2014,4/2021,Sep-25,9/2025,"4,103.00","5,677.40","5,677.40","3,336.68",69.24
ODISHA,MINES,1183,UTKAL D AND E COAL BLOCK,NALCO,N10000011,5/2016,1/2020,Nov-23,3/2024,534.00,N.A.,"1,021.97",752.42,81.5
ODISHA,MINES,1184,CONVERSION OF FLAT BOTTOM SETTLERS AND WASHERS WITH A SINGLE TRAIN OF HRDS AND DCWS IN STREAMS 1 AND,NALCO,N10000012,12/2015,11/2020,Sep-25,11/2026,355.00,581.00,581.00,109.88,12.6
ODISHA,MINES,1185,SOURCING OF BAUXITE ARRANGEMENT FOR 5TH STREAM ALUMINA REFINERY FROM SOUTH BLOCK MINING LEASE OF PAN,NALCO,N10000013,11/2017,4/2021,May-25,5/2025,483.00,483.00,483.00,359.12,86.51
ODISHA,MINES,1186,POTTANGI BAUXITE MINES,NALCO,N10000016,5/2018,12/2024,N.A.,5/2025,"1,437.00",N.A.,"1,381.00",649.96,50.4
ODISHA,MINES,1187,CONSTRUCTION OF RED MUD POND - II AT NALCO DAMANJODI ODISHA,NALCO,N10000017,9/2019,3/2023,May-24,5/2024,225.79,N.A.,270.66,5.00,100
ODISHA,PETROLEUM,1188,ADDITIONAL STORAGE TANKS AT PARADIP,IOCL,N16000361,11/2018,9/2021,Dec-24,12/2024,462.30,552.44,552.44,481.20,95.3
ODISHA,PETROLEUM,1189,Fuel Quality Upgradation Project at Paradip Refinery,IOCL,N16000362,5/2019,8/2021,Dec-24,12/2024,"3,361.00",N.A.,"3,361.00","2,720.58",98.5
ODISHA,PETROLEUM,1190,INSTALLATION OF STANDBY SRU TRAIN OF 525 TPD ALONGWITH INCINERATOR AT PARADIP REFINERY,IOCL,N16000368,6/2019,9/2022,Dec-24,12/2024,427.10,427.10,427.10,312.10,94.8
ODISHA,PETROLEUM,1191,INTEGRATED PARA XYLENE (PX) AND PURIFIED TEREPHTHALIC ACID (PTA) PROJECT AT PARADIP REFINERY,IOCL,N16000396,7/2020,1/2024,Apr-25,4/2025,"13,805.00",N.A.,"13,805.00","7,076.23",86.3
ODISHA,POWER,1192,EASTERN REGION EXPANSION SCHEME XXIX,PGCIL,N18000351,3/2023,11/2025,N.A.,11/2025,524.04,N.A.,524.04,320.97,58
ODISHA,POWER,1193,TALCHER THERMAL POWER PROJECT STAGE III(2X660 MW),NTPC,N18000364,8/2022,5/2027,N.A.,5/2027,"11,844.00",N.A.,"11,844.00","1,405.09",8.4
ODISHA,RAILWAYS,1194,KHURDA ROAD- BOLANGIR(NL)ECOR,ECOR,220100284,4/1994,3/2009,Dec-26,12/2026,"2,923.13","3,791.66","5,089.37","4,212.72",80
ODISHA,RAILWAYS,1195,TALCHER- BIMALAGARH(NL)(ECOR),ECOR,220100328,4/2005,6/2021,N.A.,3/2026,810.78,N.A.,"1,928.07","1,552.14",40
ODISHA,RAILWAYS,1196,BHADRAK - NERGUNDI 3RD LINE,ECOR,N22000316,3/2013,10/2020,Oct-25,10/2025,843.04,"1,284.39","1,284.39","1,150.88",75
ODISHA,RAILWAYS,1197,JAGADALPUR-KORAPUT DOUBLING,ECOR,N22000376,4/2015,3/2022,N.A.,3/2022,"1,547.38",N.A.,"1,547.38","1,219.25",88.5
ODISHA,RAILWAYS,1198,KORAPUT - SINGAPUR ROAD DOUBLING,ECOR,N22000379,4/2015,3/2022,Mar-26,3/2026,"2,361.74","2,361.74","2,361.74","1,611.54",71
ODISHA,RAILWAYS,1199,JARAPADA - BUDHAPANK WITH FLY OVER AT TALCHER ROAD 3RD AND 4TH LINE,ECOR,N22000380,4/2015,11/2018,Aug-26,8/2026,701.61,N.A.,810.02,547.64,75
ODISHA,RAILWAYS,1200,BUDHAPANK - SALEGAON VIA RAJATGARH 3RD AND 4TH LINE.,ECOR,N22000381,4/2015,12/2018,Jul-25,7/2025,"1,172.92",N.A.,"2,022.75","1,656.93",72
ODISHA,RAILWAYS,1201,VIZIANAGARAM -SAMABALPUR 3RD LINE,RVNL,N22000409,1/1991,12/2024,N.A.,12/2026,"2,335.67",N.A.,"4,803.16","4,691.52",0
ODISHA,RAILWAYS,1202,EXECUTION OF RAIL CONNECTIVITY PROJECT FOR COAL TRANSPORTATION IN ODISHA FOR MCRL,IRCON,N22000418,4/2016,3/2020,N.A.,12/2025,"5,200.00",N.A.,"5,200.00",0.00,17.4
ODISHA,RAILWAYS,1203,JEYPORE MALKANGIRI NEW LINE,ECOR,N22000516,2/2018,7/2033,N.A.,7/2033,642.69,N.A.,642.69,164.45,0.1
ODISHA,RAILWAYS,1204,JEYPORE NABARANGPUR NEWLINE,ECOR,N22000517,7/2017,7/2028,N.A.,7/2028,499.99,N.A.,747.91,0.00,0
ODISHA,RAILWAYS,1205,TALCHER - ANGUL NEW LINE WITH Y CONNECTION AT TALCHER,ECOR,N22000518,7/2018,12/2026,N.A.,12/2026,278.96,495.00,494.62,29.50,0
ODISHA,RAILWAYS,1206,KODINGAMALI BAUXITE MINES TO SINGARAM RAILWAY STATION,ECOR,N22000519,8/2022,8/2027,N.A.,8/2027,190.90,N.A.,190.90,10.00,0
ODISHA,RAILWAYS,1207,GANDHAMARDAN IRON ORE MINES TO GOALDIH STATION,ECOR,N22000520,9/2022,9/2027,N.A.,9/2027,189.93,N.A.,189.93,5.14,0
ODISHA,RAILWAYS,1208,BRUNDAMAL-JHARSUGUDA- FLYOVER CONNECTION FOR JOINING DN LINE,ECOR,N22000521,12/2009,12/2026,N.A.,12/2026,48.44,N.A.,297.00,146.95,10
ODISHA,RAILWAYS,1209,BAGHUAPAL FLY OVER (20 KM),ECOR,N22000522,8/2019,8/2027,Aug-27,8/2027,183.00,257.97,257.97,0.25,0
ODISHA,RAILWAYS,1210,ROURKELA-BONDAMUNDA A- CABIN 5TH LINE (10 KM) (UMBRELLA WORK PB#57/2019- 20/NR),SER,N22000571,9/2022,9/2026,N.A.,3/2026,209.75,N.A.,244.99,48.70,8
ODISHA,ROAD TRANSPORT AND,1211,REHABILITATION AND UP GRADATION FROM 4 TO 8 LANING OF CHANDIKHOLE PARADIP SECTION OF NH 53 FROM KM.,NHAI,N24002078,12/2023,12/2025,N.A.,12/2025,711.00,N.A.,711.00,96.90,22.1
ODISHA,ROAD TRANSPORT AND,1212,REHABILITATION AND UP GRADATION FROM 4 TO 8 LANING OF CHANDIKHOLE PARADIP SECTION OF NH 53 FROM KM,NHAI,N24002079,12/2023,12/2025,N.A.,12/2025,742.25,N.A.,742.25,146.86,30.12
ODISHA,ROAD TRANSPORT AND,1213,REHABILITATION AND UP GRADATION FROM 4 TO 8 LANING OF CHANDIKHOLE PARADIP SECTION OF NH 53 FROM KM,NHAI,N24002080,12/2023,12/2025,N.A.,12/2025,762.75,N.A.,762.75,161.57,27.35
ODISHA,ROAD TRANSPORT AND,1214,3L MAJOR BRIDGE OVER RIVER BRAHMANI AT KM. 401.250 (DUBURI CHANDIKHOLE SECTION) OF NH 200 (NEW NH 5,NHAI,N24002081,8/2022,1/2025,N.A.,6/2025,153.61,N.A.,153.61,14.22,17.94
ODISHA,ROAD TRANSPORT AND,1215,WIDENING AND STRENGTHENLNG TO 2L+PS FROM KM 0.000 TO 40.000 (DHAUGAON- PODAMARI SECTION) OF NH 326 I,MoRTH,N24002135,3/2022,2/2026,N.A.,2/2026,186.52,N.A.,186.52,32.98,5
ODISHA,ROAD TRANSPORT AND,1216,WIDENING AND STRENGTHENING TO 4L+PS/2L+PS FROM KM 0.000 TO 35.800 (KUAKHIA - MANGALPUR SECTION) OF N,MoRTH,N24002136,3/2022,2/2026,N.A.,2/2026,636.10,N.A.,636.10,197.70,16.66
ODISHA,ROAD TRANSPORT AND,1217,DEVELOPMENT OF FOUR LANNING OF ANGUL- SAMBALPUR SECTION OF NATIONAL HIGHWAY NH-42 (NEW NH-55 IN THE S,NHAI,N24000619,9/2016,8/2019,N.A.,12/2024,"2,510.04",N.A.,"2,510.04","1,104.98",99
ODISHA,ROAD TRANSPORT AND,1218,REHABILITATION AND UPGRADATION OF CUTTACK ANGUL SECTION OF NH-42 (NEW NH-55) TO 4 LANE (KM. 0+400 TO,NHAI,N24000715,12/2017,7/2020,N.A.,3/2025,686.65,565.00,686.65,574.26,89
ODISHA,ROAD TRANSPORT AND,1219,REHABILITATION AND UP- GRADATION OF EXISTING 2- LANE TO 4 LANE OF DUBURI (KM 388.376) TO CHANDIKHOLE (,NHAI,N24000733,1/2018,8/2022,N.A.,2/2025,633.68,492.83,633.68,560.38,81
ODISHA,ROAD TRANSPORT AND,1220,REHABILITATION AND UP- GRADATION OF EXISTING 2- LANE TO FOUR LANE FROM TALCHAR TO END OF KAMAKHYANAG,NHAI,N24000734,1/2018,8/2021,N.A.,12/2024,614.48,503.30,757.12,664.48,99
ODISHA,ROAD TRANSPORT AND,1221,REHABILITATION AND UPGRADATION OF CUTTACK- ANGUL SECTION TO 4 LANE (KM 60.20) TO (KM 112.0) PKG II ON,NHAI,N24000736,1/2018,9/2020,N.A.,3/2025,686.65,504.09,"1,015.16",435.85,84
ODISHA,ROAD TRANSPORT AND,1222,REHABILITATION AND UPGRADATION OF SIX LANING OF BHADRAK BALESHWAR SECTION (KM 136.50) TO (KM 199.141,NHAI,N24000738,1/2018,9/2021,N.A.,3/2025,999.00,"1,152.70","1,152.70",387.08,78.5
ODISHA,ROAD TRANSPORT AND,1223,REHABILITATION AND UP- GRADATION TO 4-LANING OF RAJAMUNDA-BARKOTE SECTION OF NH-23 (NEW NH NO. 143) (,NHAI,N24000739,1/2018,6/2021,Dec-24,12/2024,503.88,609.03,609.03,536.89,95
ODISHA,ROAD TRANSPORT AND,1224,WIDENING TO 2LPS FROM 0/0 TO 119/0 OF NH-157 IN THE STATE OF ODISHA.,MoRTH,N24000912,8/2016,2/2017,N.A.,1/2025,287.70,N.A.,293.66,274.44,98.66
ODISHA,ROAD TRANSPORT AND,1225,WIDENING TO 2LPS FROM 239/9 TO 294/3 OF NH-57 (NAYAGARH TO KHURDA) IN THE STATE OF ODISHA,MoRTH,N24000914,12/2016,8/2018,N.A.,3/2025,223.50,N.A.,223.50,220.50,92
ODISHA,ROAD TRANSPORT AND,1226,WIDENING TO 2LPS FROM 269/30 TO 328/20 OF NH-49 IN THE STATE OF ODISHA,MoRTH,N24000917,3/2018,8/2018,N.A.,1/2025,199.16,N.A.,199.16,155.44,98
ODISHA,ROAD TRANSPORT AND,1227,BALANCE WORK OF PANIKOILI RIMULI SECTION OF NEW NH-20 FROM KM 0.00 TO KM. 163.000,NHAI,N24001647,8/2020,3/2022,N.A.,12/2024,200.00,154.73,154.73,137.04,100
ODISHA,ROAD TRANSPORT AND,1228,6L GREENFIELD KANDILI - ALURU SECTION OF NH-130-CD ROAD FROM KM 342+500 TO KM 365+033 (PACKAGE-OD-8,NHAI,N24001665,12/2021,10/2024,N.A.,10/2025,"1,592.00","1,592.00","1,592.00",916.95,65.68
ODISHA,ROAD TRANSPORT AND,1229,6L GREENFIELD BARAJA - KANDILI SECTION OF NH- 130-CD ROAD FROM KM 338+500 TO KM 342+500 (PACKAGE-OD,NHAI,N24001666,12/2021,9/2024,N.A.,8/2025,714.00,714.00,714.00,477.60,77.27
ODISHA,ROAD TRANSPORT AND,1230,6L GREENFIELD KALIAGURA ? BAUNSAGUAR SECTION OF NH- 130-CD ROAD FROM KM 249+000 TO KM 293+000 (PACKAG,NHAI,N24001667,9/2021,5/2024,N.A.,10/2025,"1,734.00","1,734.00","1,734.00","1,064.83",75.12
ODISHA,ROAD TRANSPORT AND,1231,6L OF BADAKUMARI - KARKI SECTION FROM KM 179.000 TO KM 226.500 OF NH-130-CD (PACKAGE ? OD-3),NHAI,N24001668,3/2021,4/2024,N.A.,3/2025,"1,249.00",N.A.,"1,249.00",405.98,71.84
ODISHA,ROAD TRANSPORT AND,1232,6L OF DHANARA - HATIBENA SECTION FROM KM 124.611 TO KM 146.50 OF NH-130-CD (PACKAGE ? OD-1),NHAI,N24001669,2/2021,3/2024,N.A.,3/2025,586.00,N.A.,586.00,186.65,68.9
ODISHA,ROAD TRANSPORT AND,1233,6L OF KARKI ? KALIAGURA SECTION FROM KM 226.500 TO KM 249.000 OF NH-130-CD (PACKAGE ? OD-4),NHAI,N24001670,2/2021,3/2024,N.A.,3/2025,593.00,N.A.,593.00,253.55,90.1
ODISHA,ROAD TRANSPORT AND,1234,6L OF HATIBENA - BADAKUMARI SECTION FROM KM 146.50 TO KM 179.00 OF NH-130-CD (PACKAGE ? OD-2),NHAI,N24001671,2/2021,3/2024,N.A.,12/2024,925.00,N.A.,925.00,398.30,94.91
ODISHA,ROAD TRANSPORT AND,1235,6L GREENFIELD BAUNSAGUAR - BARAJA SECTION OF NH-130-CD ROAD FROM KM 293+000 TO KM 338+500 (PACKAGE ?,NHAI,N24001678,8/2021,6/2024,N.A.,6/2025,"1,460.00","1,460.00","1,460.00",856.98,80.32
ODISHA,ROAD TRANSPORT AND,1236,CONSTRUCTION OF ROAD FROM KM 0/0 TO 72/0 OF NH-26 SUCH AS 4 LANE FROM KM 0/0 TO 21/0 (BARGARH TO BAR,MoRTH,N24001857,6/2020,12/2023,N.A.,1/2025,414.24,N.A.,414.24,283.70,60
ODISHA,ROAD TRANSPORT AND,1237,WIDENING AND STRENGTHENING TO 2L+PS INCLUDING LA OF KANDARPUR- BALIKUDA FROM KM 277/500 TO 318/970 OF,MoRTH,N24001858,3/2022,6/2025,N.A.,6/2025,499.79,N.A.,499.79,240.96,12
ODISHA,ROAD TRANSPORT AND,1238,CONSTRUCTION OF BYPASS ON NH-59 FROM KM 336/350 TO 349/910 (13.56 KM) NEAR BERHAMPUR TOWN INCLUDING,MoRTH,N24001859,3/2021,3/2024,N.A.,3/2025,196.94,N.A.,196.94,66.09,15
ODISHA,ROAD TRANSPORT AND,1239,CONSTRUCTION OF BYPASS TO NAYAGARH TOWN FROM KM 235.469 TO 252.482 OF NH-57 INCLUDING LAND ACQUISITI,MoRTH,N24001860,1/2022,4/2025,N.A.,4/2025,300.33,N.A.,300.33,166.44,47.32
ODISHA,ROAD TRANSPORT AND,1240,CONSTRUCTION OF BYPASS TO KHORDHA TOWN FROM KM 294/000 TO 300/300 ON NH-57 INCLUDING LA IN THE STATE,MoRTH,N24001861,2/2022,11/2024,Mar-25,3/2025,157.49,N.A.,157.49,62.46,31.74
ODISHA,ROAD TRANSPORT AND,1241,CONSTRUCTION OF BYPASS ROAD TO BALANGIR TOWN FROM KM 72/400 (DESING KM 0/0) TO KM 79/800 (DESIGN KM,MoRTH,N24001862,2/2022,10/2025,Nov-25,11/2025,238.78,N.A.,238.78,17.26,10
ODISHA,ROAD TRANSPORT AND,1242,"CONSTRUCTION OF 5 HL BRIDGES AT KM 379/000 (PANGAM), KM 439/400 (POTTERU), KM 444/237 (KONGURUKONDA)",MoRTH,N24001863,3/2021,6/2024,N.A.,6/2025,154.05,N.A.,154.05,47.47,15
ODISHA,ROAD TRANSPORT AND,1243,CONSTRUCTION OF FOUR LANE ROB AND ITS APPROACHES IN LIEU OF EXISTING LEVEL CROSSING NO. RV-71 AT KM,MoRTH,N24001864,11/2021,6/2025,N.A.,6/2025,154.49,N.A.,154.49,50.75,10
ODISHA,ROAD TRANSPORT AND,1244,CONSTRUCTION OF 4 LANE ROB WITH APPROACHES IN LIEU OF LC NO. RV-172 AT KM 176.00 OF NH-201 (PRESENT,MoRTH,N24001865,12/2021,5/2025,N.A.,5/2025,324.09,N.A.,324.09,74.19,20
ODISHA,STEEL,1245,REBUILDING OF COKE OVEN BATTERY-2 ALONGWITH AUGMENTATION OF COKE HANDLING AND GAS HANDLING FACILITY,SAIL,N12000122,11/2020,5/2023,N.A.,11/2024,377.18,N.A.,377.18,419.74,93.28
ODISHA,STEEL,1246,INSTALLATION OF 4TH SLAB CASTER ALONG WITH ITS AUXILIARIES AND A NEW LADLE FURNACE IN SMS-II AT RSP,SAIL,N12000125,1/2022,5/2025,N.A.,5/2025,970.18,N.A.,970.18,522.31,70.23
PUNJAB,DEPARTMENT OF HIGHER EDUCATION,1247,"CONSTRUCTION OF PERMANENT CAMPUS OF INDIAN INSTITUTE OF MANAGEMENT (IIM) AMRITSAR, PUNJAB.",CPWD EDUCATION,N28000142,10/2019,5/2022,N.A.,12/2024,348.24,N.A.,348.24,276.04,88.5
PUNJAB,PETROLEUM,1248,"SECOND GENERATION ETHANOL BIOREFINERY PROJECT, BATHINDA, PUNJAB",HPCL,N16000402,5/2020,2/2023,Sep-24,12/2024,"1,421.46",N.A.,"1,421.46","1,075.15",95.2
PUNJAB,PETROLEUM,1249,BHATINDA SANGRUR PIPELINE,HPCL,N16000440,11/2021,5/2024,Feb-25,2/2025,367.00,397.00,397.00,292.11,84.41
PUNJAB,PETROLEUM,1250,CGD PROJECT AT PATHANKOT DISTRICT,IOCL,N16000488,3/2022,3/2030,Sep-33,9/2033,151.00,N.A.,151.00,7.78,1.5
PUNJAB,RAILWAYS,1251,"MANSA-BHATINDA (PHASE-I), INCL. NEW MATERIAL MODIFICATION FOR RAMA MANDI (RAMAN) - SADA SINGHWALA VI",NR,N22000502,6/2009,8/2016,N.A.,8/2025,404.00,N.A.,404.00,190.00,60
PUNJAB,RAILWAYS,1252,LUDHIANA MULLANPUR DOUBLING,NR,N22000589,9/2020,3/2025,N.A.,3/2025,82.99,N.A.,235.00,0.00,0
PUNJAB,RAILWAYS,1253,FEROZPUR - PATTI (25.72 KM),NR,N22000614,4/2017,3/2027,N.A.,3/2027,299.74,N.A.,299.74,0.00,0
PUNJAB,ROAD TRANSPORT AND,1254,6L OF JODHPUR ROMANA (BATHINDA) - MANDI DABWALI (PUNJAB HARYANA BORDER) SECTION OF NH-54 FROM KM. 0.,NHAI,N24002075,12/2020,8/2025,Aug-25,8/2025,757.13,757.00,757.00,246.51,93
PUNJAB,ROAD TRANSPORT AND,1255,6L AMRITSAR-BATHINDA GREENFIELD SECTION FROM JN. WITH BHAGTA BHAI KA- BHADAUR ROAD NEAR DYALPURA BHAI,NHAI,N24002076,3/2021,10/2025,Oct-25,10/2025,"2,029.17","2,029.00","2,029.00",84.23,30
PUNJAB,ROAD TRANSPORT AND,1256,6L ACCESS CONTROLLED LUDHIANA-BATHINDA GREENFIELD HIGHWAY FROM JN. WITH AMRITSAR-BATHANDA GREENFIELD,NHAI,N24002091,6/2021,9/2025,Sep-25,9/2025,906.51,906.51,906.51,184.35,30.5
PUNJAB,ROAD TRANSPORT AND,1257,6-LANE AMRITSAR-BATHINDA GREENFIELD SECTION OF NH- 754A FROM JUNCTION WITH MOGA JALANDHAR ROAD (NH-70,NHAI,N24002092,3/2021,10/2025,N.A.,10/2025,"1,801.37",N.A.,"1,801.37",867.81,20.71
PUNJAB,ROAD TRANSPORT AND,1258,6L OF AMBALA-CHANDIGARH GREENFIELD SECTION FROM KM. 0.000 TO KM. 25.000 WITH 4L SPUR TO LALRU FROM K,NHAI,N24002098,3/2022,10/2025,N.A.,10/2025,"1,641.66",N.A.,"1,641.66",98.00,35
PUNJAB,ROAD TRANSPORT AND,1259,4L OF EXISTING BEAS ? BABA BAKALA - DERA BABA NANAK SECTION FROM START OF BATALA BYPASS TILL INTERSE,NHAI,N24002100,10/2021,6/2025,N.A.,6/2025,"1,003.38",N.A.,"1,003.38",231.73,61.9
PUNJAB,ROAD TRANSPORT AND,1260,4L OF BEAS-MEHTA-BATALA- DERA BABA NANAK FROM INTERSECTION WITH JALANDHAR-AMRITSAR HIGHWAY (NH-3) NEA,NHAI,N24002101,8/2021,6/2025,N.A.,6/2025,809.51,N.A.,809.51,145.75,38.2
PUNJAB,ROAD TRANSPORT AND,1261,DELHI-AMRITSAR-KATRA EXPRESSWAY (PHASE-I SPUR-I) FROM JN. WITH KAPURTHALA - SULTANPUR LODHI ROAD (NH,NHAI,N24002102,1/2020,4/2026,N.A.,4/2026,"2,165.23",N.A.,"2,165.23",132.95,15.22
PUNJAB,ROAD TRANSPORT AND,1262,WIDENING AND PAVED SHOULDER OF TOHANA (IN HARYANA) PUNJAB/HARYANA BORDER TO MOONAK-JAKHAL- BUDHLADA,MoRTH,N24000907,3/2018,8/2020,N.A.,7/2024,293.10,N.A.,315.00,306.60,100
PUNJAB,ROAD TRANSPORT AND,1263,JALANDHAR-HOSHIARPUR SECTION OF NH-70 [NEW NH NO. 3] FROM EXISTING KM 11.400 TO KM 49.200,MoRTH,N24000909,10/2017,10/2019,N.A.,12/2025,"1,069.59",N.A.,"1,069.59",739.08,44
PUNJAB,ROAD TRANSPORT AND,1264,REHABILITATION AND UP GRADATION TO 2 LANE WITH PAVED SHOULDER OF NH-703A FROM MAKHU (DESIGN CH 0 000,MoRTH,N24000910,3/2018,11/2020,N.A.,6/2024,170.57,192.48,150.00,104.98,79
PUNJAB,ROAD TRANSPORT AND,1265,REHABILITATION AND UPGRADATION TO 2 LANE WITH PAVED SHOULDER OF MOGA (DESIGN CH 0.000) TO MAKHU (DES,MoRTH,N24000941,3/2018,8/2020,N.A.,8/2020,293.64,N.A.,293.64,295.46,100
PUNJAB,ROAD TRANSPORT AND,1266,DELHI-AMRITSAR-KATRA EXPRESSWAY FROM JUNCTION WITH PATIALA-BATHINDA ROAD (NH-7) NEAR BHAWANIGARH TO,NHAI,N24001415,12/2020,4/2024,Jul-24,7/2024,881.00,N.A.,881.00,867.69,89.15
PUNJAB,ROAD TRANSPORT AND,1267,DELHI-AMRITSAR-KATRA EXPRESSWAY FROM JUNCTION WITH LUDHIANA-MALERKOTLA ROAD (SH-11) NEAR BHOGIWAL VI,NHAI,N24001416,12/2020,1/2024,Mar-25,3/2025,989.66,N.A.,989.66,319.95,31.08
PUNJAB,ROAD TRANSPORT AND,1268,DELHI-AMRITSAR-KATRA EXPRESSWAY FROM JUNCTION WITH LUDHIANA-MOGA ROAD (NH-5) NEAR MULLANPUR DAKHA TO,NHAI,N24001417,12/2020,4/2024,Sep-25,9/2025,"1,234.40",N.A.,"1,234.40",744.28,57.8
PUNJAB,ROAD TRANSPORT AND,1269,DELHI-AMRITSAR-KATRA EXPRESSWAY FROM CH.KM 303+900 TO KM 319+400 OF MAIN EXPRESSWAY) AND AMRITSAR CO,NHAI,N24001418,12/2020,4/2024,Sep-25,9/2025,"1,094.46",N.A.,"1,094.46",778.76,61.11
PUNJAB,ROAD TRANSPORT AND,1270,DELHI-AMRITSAR-KATRA EXPRESSWAY (PHASE-I PKG-XI) FROM JUNCTION WITH JALANDHAR - KAPURTHALA ROAD (NH-,NHAI,N24001419,2/2021,4/2024,Nov-24,11/2024,"1,269.96",N.A.,"1,269.96",585.86,43.45
PUNJAB,ROAD TRANSPORT AND,1271,DELHI-AMRITSAR-KATRA EXPRESSWAY (PHASE-I PKG-XII) FROM JUNCTION WITH AMRITSAR-MEHTA- SRIHARGOBINDPUR-,NHAI,N24001420,2/2021,4/2024,Dec-25,12/2025,853.66,N.A.,853.66,118.62,14.17
PUNJAB,ROAD TRANSPORT AND,1272,4/6L GREENFIELD LUDHIANA RUPNAGAR HIGHWAY FROM JUNCTION WITH NE 05 VILLAGR NEAR TO MANEWAL (LUDHIANA,NHAI,N24001630,7/2021,2/2025,N.A.,2/2025,"1,501.02",N.A.,"1,501.02",308.00,73
PUNJAB,ROAD TRANSPORT AND,1273,6L OF IT CITY CHOWK TO KURALI CHANDIGARH ROAD,NHAI,N24001631,3/2021,10/2024,N.A.,10/2024,"1,525.31",N.A.,"1,525.31",293.00,71
PUNJAB,ROAD TRANSPORT AND,1274,CONSTRUCTION OF FOUR LANE GREENFIELD PROJECT OF DELHI- AMRITSAR-KATRA EXPRESSWAY (PHASE-I PKG-V) FROM,NHAI,N24001632,1/2021,5/2024,Apr-25,4/2025,"1,741.86",N.A.,"1,741.86","1,169.42",87.28
PUNJAB,ROAD TRANSPORT AND,1275,CONSTRUCTION OF FOUR/SIX LANE GREENFIELD LUDHIANA ? RUPNAGAR NATIONAL HIGHWAY NO. NH-205K UNDER BHAR,NHAI,N24001636,5/2021,12/2024,Dec-25,12/2025,"1,368.91","1,368.91","1,368.91",163.58,15.31
PUNJAB,ROAD TRANSPORT AND,1276,DEVELOPMENT OF 6 LANE JALANDHAR BYPASS FROM KAHLWAN NATIONAL HIGHWAY 03 DESIGN KM 0.00 ENDING AT K,NHAI,N24001637,3/2021,1/2025,N.A.,1/2025,"1,754.84",N.A.,"1,754.84",990.38,30.02
PUNJAB,ROAD TRANSPORT AND,1277,4L GREENFIELD A. MALOUT BYPASS FROM CH. KM 44.500 TO CH. KM 35.500 ON NH-07 AND CH. KM 0.000 TO KM 6,NHAI,N24001638,11/2021,7/2024,Dec-24,12/2024,646.42,646.42,646.42,481.67,93
PUNJAB,ROAD TRANSPORT AND,1278,FOUR LANING OF MOGA TO BAJAKHANA LAMBWALI SECTION OF 105B GREENFIELD ALIGNMENT FROM DESIGN CHAINAGE,NHAI,N24001639,5/2020,12/2024,Aug-25,8/2025,864.23,864.23,864.23,434.88,42
PUNJAB,ROAD TRANSPORT AND,1279,6L AMRITSAR BATHINDA GREENFIELD SECTION FROM VILLAGE TIBA ON NE 5A TO JN. WITH MOGA JALANDHAR ROAD N,NHAI,N24001640,3/2021,11/2024,N.A.,11/2024,"1,229.38",N.A.,"1,229.38",680.13,31.56
PUNJAB,ROAD TRANSPORT AND,1280,DELHI AMRITSAR KATRA EXPRESSWAY PHASE I SPUR III FROM JUNCTION WITH AMRITSAR JALANDHAR ROAD NH3 NEAR,NHAI,N24001641,3/2021,10/2024,Sep-25,9/2025,"1,641.75",N.A.,"1,641.75",179.85,23.75
PUNJAB,ROAD TRANSPORT AND,1281,FOUR LANING OF AMRITSAR BYPASS FROM NEW TARN TARAN ROAD TO AJNALA ROAD FROM DESIGN KM. 0.750 TO DESI,NHAI,N24001642,2/2021,8/2024,Mar-25,3/2025,"1,474.77",N.A.,"1,474.77",389.27,66.68
PUNJAB,ROAD TRANSPORT AND,1282,4L OF AMRITSAR GHOMAN TANDA UNA SECTION FROM KM 8.270 TO KM 54.000 OF NH 503A PACKAGE I,NHAI,N24001643,12/2020,6/2024,Jun-25,6/2025,857.91,N.A.,857.91,127.71,36.5
PUNJAB,ROAD TRANSPORT AND,1283,AMRITSAR AIRPORT JUNCTION RAMDAS FROM KM. 100.835 TO KM. 139.813 PKG IV,NHAI,N24001644,12/2020,9/2023,Mar-25,3/2025,524.88,416.58,416.58,157.14,69
PUNJAB,ROAD TRANSPORT AND,1284,UP-GRADATION TO TWO LANE WITH PAVED SHOULDER CONFIGURATION OF NH-354 SECTION ARIFKES-FEROZEPUR- MUKTS,MoRTH,N24001960,3/2021,10/2023,N.A.,4/2025,263.19,N.A.,220.00,94.08,42
PUNJAB,ROAD TRANSPORT AND,1285,WORK OF WIDENING/UPGRADATION OF 2- LANE WITH PAVED SHOULDER OF SRI MUKTSAR SAHIB TO MALOUT ROAD FROM,MoRTH,N24001961,3/2022,10/2023,N.A.,4/2025,152.58,N.A.,152.58,81.25,69
RAJASTHAN,CIVIL AVIATION,1286,CONSTRUCTION OF NEW TERMINAL BUILDING AT JODHPUR AIRPORT,AAI,N04000101,5/2022,11/2024,N.A.,6/2025,480.00,N.A.,480.00,142.82,58
RAJASTHAN,CIVIL AVIATION,1287,UDAIPUR AIRPORT- CONSTRUCTION OF NEW INTEGRATED PASSENGER TERMINAL BUILDING,AAI,N04000104,6/2023,3/2026,Sep-26,9/2026,887.00,N.A.,887.00,165.35,35.09
RAJASTHAN,COAL,1288,NLCIL 300 MW SOLAR POWER PROJECT (PART OF 510 MW CPSU SCHEME),NLC,N06000269,3/2023,9/2024,N.A.,3/2025,"1,813.00",N.A.,"1,813.00",403.48,55
RAJASTHAN,PETROLEUM,1289,NEW MUNDRA-PANIPAT CRUDE OIL PIPELINE,IOCL,N16000435,12/2021,10/2024,Dec-25,12/2025,"9,028.00",N.A.,"9,028.00","5,886.77",70.16
RAJASTHAN,PETROLEUM,1290,"CGD PROJECT AT JHUNJHUNU, SIKAR AND NAGAUR DISTRICTS",IOCL,N16000489,3/2022,3/2030,N.A.,3/2031,575.00,N.A.,575.00,120.89,8.1
RAJASTHAN,PETROLEUM,1291,"CGD PROJECT IN TONK, SAWAI MADHOPUR, DAUSA, KARAULI",HPCL,N16000496,3/2022,3/2030,N.A.,3/2030,"1,751.00",N.A.,"1,751.00",193.08,20.6
RAJASTHAN,PETROLEUM,1292,SETTING UP OF PETROCHEMICAL EVACUATION MARKETING TERMINAL (PEMT) AT BARMER,HPCL,N16000512,12/2023,12/2026,N.A.,12/2026,461.05,N.A.,461.05,32.90,25.1
RAJASTHAN,PETROLEUM,1293,RAJASTHAN REFINERY PROJECT,HPCLRRL(JV,N16000513,10/2017,10/2022,Mar-25,3/2025,"43,129.00","72,937.00","72,937.00","51,793.74",83.3
RAJASTHAN,PETROLEUM,1294,CGD PROJECTS AT FAZILKA (EXCEPT AREA ALREADY AUTHORIZED) GANGANAGAR AND HANUMANGARH DISTRICTS,BPCL,N16000520,12/2022,6/2030,N.A.,6/2030,"3,207.00",N.A.,"3,207.00",195.33,16.3
RAJASTHAN,POWER,1295,SAMBHU KI BHURJ-II SOLAR 300MW,NTPC,N18000286,3/2020,9/2021,N.A.,3/2025,"1,782.00",N.A.,"1,782.00","1,349.50",95
RAJASTHAN,POWER,1296,ANTA SOLAR 90 MW,NTPC,N18000292,1/2021,3/2022,N.A.,3/2022,382.22,N.A.,382.22,497.17,100
RAJASTHAN,POWER,1297,BHENSARA 320 MW,NTPC,N18000293,1/2021,7/2022,N.A.,3/2025,"1,221.73","1,521.00","1,221.73",983.44,0
RAJASTHAN,POWER,1298,CHHATTARGARH 150 MW,NTPC,N18000294,2/2021,7/2022,N.A.,3/2024,599.99,N.A.,599.99,599.99,100
RAJASTHAN,POWER,1299,TRANSMISSION SYSTEM STRENGTHENING SCHEME FOR EVACUATION OF POWER FROM SOLAR ENERGY ZONES IN RAJASTHA,PGCIL,N18000306,6/2021,12/2022,N.A.,12/2024,"1,562.00",N.A.,"1,562.00","1,292.25",99
RAJASTHAN,POWER,1300,TRANSMISSION SYSTEM STRENGTHENING SCHEME FOR EVACUATION OF POWER FROM SOLAR ENERGY ZONES IN RAJASTHA,PGCIL,N18000307,6/2021,12/2022,N.A.,10/2024,"1,006.00",N.A.,"1,006.00",884.11,100
RAJASTHAN,POWER,1301,NOKH PLOT-1 SOLAR PV PROJECT 245MW,NTPC,N18000320,3/2022,8/2023,N.A.,3/2025,"1,352.71",N.A.,"1,352.71",850.99,45
RAJASTHAN,POWER,1302,NOKH PLOT-2 SOLAR PV PROJECT 245MW,NTPC,N18000321,3/2022,8/2023,N.A.,3/2025,"1,409.52",N.A.,"1,409.52","1,296.38",95
RAJASTHAN,POWER,1303,NOKH PLOT-3 SOLAR PV PROJECT 245MW,NTPC,N18000322,3/2022,8/2023,N.A.,3/2025,"1,426.94",N.A.,"1,426.94",963.00,80
RAJASTHAN,POWER,1304,BHADLA-II 500MW SOLAR PV PROJECT,NTPC,N18000347,6/2022,3/2024,N.A.,12/2024,"2,598.92",N.A.,"2,598.92","1,305.43",12
RAJASTHAN,POWER,1305,TRANSMISSION SYSTEM SCHEME FOR EVACUATION OF POWER FROM REZ RAJASTHAN (8.1 GW) UNDER PHASE-II PART,PGCIL,N18000356,3/2023,9/2024,N.A.,1/2025,"1,433.28",N.A.,"1,433.28",661.47,66
RAJASTHAN,POWER,1306,300 MW SOLAR POWER PROJECT UNDER CPSU SCHEME,NHPC,N18000368,5/2022,11/2023,N.A.,3/2025,"1,677.12",N.A.,"1,677.12",737.97,66
RAJASTHAN,POWER,1307,TRANSMISSION SYSTEM FOR EVACUATION OF POWER FROM RAJASTHAN REZ PHASE-IV PART- I (BIKANER COMPLEX) PAR,PGCIL,N18000372,6/2023,1/2025,Dec-25,12/2025,202.39,N.A.,202.39,20.04,76
RAJASTHAN,POWER,1308,"TS FOR EVACUATION OF POWER FROM REZ IN RAJASTHAN (20GW) UNDER PHASE-III, PART E1",PGCIL,N18000373,8/2023,2/2025,N.A.,2/2025,688.74,N.A.,688.74,121.10,65
RAJASTHAN,POWER,1309,TS FOR EVACUATION POWER FROM REZ IN RAJASTHAN (20GW) UNDER PHASE-III PART H,PGCIL,N18000374,10/2023,4/2025,N.A.,4/2025,"2,211.00",N.A.,"2,211.00",458.63,28
RAJASTHAN,POWER,1310,TS FOR EVACUATION POWER FROM REZ IN RAJASTHAN (20GW) UNDER PHASE-III PART C1,PGCIL,N18000375,10/2023,4/2025,N.A.,10/2025,"1,796.00",N.A.,"1,796.00",579.48,33
RAJASTHAN,POWER,1311,TS FOR EVACUATION POWER FROM REZ IN RAJASTHAN (20GW) UNDER PHASE-III PART B1,PGCIL,N18000376,9/2023,4/2025,N.A.,4/2025,"2,191.00",N.A.,"2,191.00",668.26,42
RAJASTHAN,POWER,1312,TS FOR EVACUATION POWER FROM REZ IN RAJASTHAN (20GW) UNDER PHASE-III PART J,PGCIL,N18000378,12/2022,3/2025,N.A.,8/2025,331.00,N.A.,331.00,8.66,26
RAJASTHAN,POWER,1313,TS FOR EVACUATION POWER FROM REZ IN RAJASTHAN (20GW) UNDER PHASE-III PART E2,PGCIL,N18000379,11/2023,6/2025,N.A.,6/2025,428.00,N.A.,428.00,0.00,3
RAJASTHAN,POWER,1314,TS FOR EVACUATION OF POWER FROM RAJASTHAN REZ PH-IV (PART-1) [BIKANER COMPLEX] PART A [BIKANER III N,PGCIL,N18000386,12/2023,12/2025,N.A.,12/2025,"2,998.00",N.A.,"2,998.00",239.98,15
RAJASTHAN,POWER,1315,TS FOR EVACUATION OF POWER FROM RAJASTHAN REZ PH-IV (PART-1) [BIKANER COMPLEX] PART D [NEEMRANA II B,PGCIL,N18000387,12/2023,12/2025,N.A.,12/2025,"2,056.00",N.A.,"2,056.00",215.00,20
RAJASTHAN,POWER,1316,TS FOR EVACUATION OF POWER FROM REZ IN RAJASTHAN (20GW) UNDER PH-III PART D [SIKAR KHETRI TRANSMISSI,PGCIL,N18000389,2/2024,8/2025,N.A.,8/2025,"2,000.00",N.A.,"2,000.00",272.94,18
RAJASTHAN,POWER,1317,TS FOR EVACUATION POWER FROM RAJASTHAN REZ PH-IV (PART-2:5.5GW) PART-B (JAISALMER/BARMER COMPLEX),PGCIL,N18000391,8/2024,8/2026,N.A.,8/2026,"3,279.00",N.A.,"3,279.00",0.00,0
RAJASTHAN,POWER,1318,TS FOR EVACUATION POWER FROM RAJASTHAN REZ PH-IV (PART-2:5.5GW) (JAISALMER/BARMER COMPLEX) PART-C,PGCIL,N18000393,8/2024,8/2026,N.A.,8/2026,"2,227.00",N.A.,"2,227.00",0.00,0
RAJASTHAN,POWER,1319,TS FOR EVACUATION POWER FROM RAJASTHAN REZ PH-IV (PART-2:5.5GW) (JAISALMER/BARMER COMPLEX) PART-E,PGCIL,N18000394,8/2024,8/2026,N.A.,8/2026,"3,251.00",N.A.,"3,251.00",0.00,0
RAJASTHAN,RAILWAYS,1320,AGRA FORT-BANDIKUI,NCR,N22000553,6/2022,6/2027,May-26,5/2026,"1,389.81",N.A.,987.83,9.85,11
RAJASTHAN,RAILWAYS,1321,GUDHA THATHANA MITHRI TEST TRACK FOR RDSO,NWR,N22000593,4/2019,3/2025,N.A.,3/2025,528.48,N.A.,528.48,332.67,70
RAJASTHAN,RAILWAYS,1322,DEDICATED TEST TRACK FOR RDSO (PHASE II),NWR,N22000594,11/2021,11/2026,N.A.,12/2024,466.42,N.A.,466.42,589.76,72
RAJASTHAN,RAILWAYS,1323,DOUBLING BETWEEN CHURU- RATANGARH (42.81 KM),NWR,N22000605,2/2023,2/2028,N.A.,1/2026,422.60,N.A.,422.60,124.09,38
RAJASTHAN,RAILWAYS,1324,SAWAIMADHOPUR - BYPASS LINE (6.98 KM) (UMBRELLA WORK PB#57/2019-20/NR),NWR,N22000607,12/2022,6/2026,N.A.,12/2025,304.00,239.54,239.54,82.85,20
RAJASTHAN,RAILWAYS,1325,GC OF NATHDWARA - DEVGARH MADARIYA (82.5KM),NWR,N22000608,1/2023,6/2028,N.A.,1/2027,968.92,N.A.,968.92,236.80,18
RAJASTHAN,ROAD TRANSPORT AND,1326,ADDITIONAL STRUCTURES ON 6LGURGAON-JAIPUR SECTION OF NH-48 BETWEEN KM 42.700 TO KM 273.00,NHAI,N24002058,8/2022,6/2024,N.A.,6/2025,409.64,N.A.,409.64,195.75,44.8
RAJASTHAN,ROAD TRANSPORT AND,1327,UPGRADATION TO 2 LANE WITH PAVED SHOULDER OF HANUMANGARH TO KENCHIYAN OF NH 54 ON EPC MODE IN THE ST,MoRTH,N24002167,3/2024,10/2026,N.A.,10/2026,334.64,N.A.,334.64,0.00,0
RAJASTHAN,ROAD TRANSPORT AND,1328,UPGRADATION TO 2 LANE WITH PAVED SHOULDER FROM NEECHLI ODEN (NATHDWARA) AT DESIGN KM 88.800 TO BHATE,MoRTH,N24002168,3/2023,10/2026,N.A.,10/2026,606.61,N.A.,606.61,0.00,0
RAJASTHAN,ROAD TRANSPORT AND,1329,CONSTRUCTION/ UP-GRATION OF FOUR/TWO LANE WITH PAVED SHOULDER OF NH68 FROM TANOT-RAMGARH BHADASAR-JA,NHAI,N24000795,2/2018,4/2021,Dec-24,12/2024,741.86,649.00,649.00,672.53,96
RAJASTHAN,ROAD TRANSPORT AND,1330,UP-GRADATION TO TWO LANING WITH PAVED SHOULDER OF AJMER-NAGAUR SECTION BY EXECUTING BALANCE WORK FRO,MoRTH,N24001241,3/2020,10/2022,Dec-24,12/2024,255.23,N.A.,255.23,256.00,97
RAJASTHAN,ROAD TRANSPORT AND,1331,4L+PS OF NH -58 FROM BEAWAR- GOMTI (OLD CH KM 58.245 TO KM. 108.600) PKG-I.,MoRTH,N24001411,12/2020,10/2023,N.A.,12/2025,379.23,N.A.,379.23,233.62,93
RAJASTHAN,ROAD TRANSPORT AND,1332,2L+PS FOR WORK OF NH-325 (BALOTRA TO SANDERAO VIA JALORE) BY CONSTRUCTION OF BYPASSES:(1) ASOTRA- BR,MoRTH,N24001527,12/2021,5/2024,N.A.,12/2024,411.40,N.A.,411.40,162.61,55
RAJASTHAN,ROAD TRANSPORT AND,1333,WIDENING OF PACHPADRA- BAGUNDI SECTION TO 4 LANE FROM KM 73/60 TO 95/70 OF NH- 25 ON EPC MODE IN THE,MoRTH,N24001528,1/2022,12/2024,N.A.,12/2024,194.88,N.A.,194.88,104.69,69
RAJASTHAN,ROAD TRANSPORT AND,1334,44 LANE DIVIDED CARRIAGEWAY OF BARMER BYPASS OF NH-15 (NEW NH-68) IN THE STATE OF RAJASTHAN ON EPC M,MoRTH,N24001529,12/2021,8/2024,N.A.,12/2024,451.66,N.A.,451.66,401.78,97
RAJASTHAN,ROAD TRANSPORT AND,1335,UPGRADATION TO TWO LANE PAVED SHOULDER OF KOTHUN- LALSOT-KAROLI-DHOLPUR ROAD NH-23 (OLD NH-11B) IN TH,MoRTH,N24001530,12/2021,9/2024,N.A.,3/2025,150.11,N.A.,150.11,57.83,63
RAJASTHAN,ROAD TRANSPORT AND,1336,4L GREENFIELD SPUR FROM DELHI-VADODARA GREENFIELD EXPRESSWAY NEAR BANDIKUI TO JAIPUR,NHAI,N24001557,3/2022,11/2024,Feb-25,2/2025,"1,636.15",N.A.,"1,636.15",717.61,81.86
RAJASTHAN,ROAD TRANSPORT AND,1337,4L OF KARWAR (KM. 281.980 OF NH-62 NAGAUR ROAD) TO DANGIYAVAS OF JODHPUR RING ROAD (PKG-II),NHAI,N24001558,11/2021,8/2024,Dec-24,12/2024,736.75,N.A.,736.75,216.39,78.25
RAJASTHAN,ROAD TRANSPORT AND,1338,2L PS SRIGANGANAGAR TO RAISINGHNAGAR (DESIGN CHAINAGE -0.500 KM TO DESIGN CHAINAGE 101.000 KM) (PACK,NHAI,N24001559,9/2021,6/2024,Jan-25,1/2025,672.35,N.A.,672.35,392.56,98
RAJASTHAN,ROAD TRANSPORT AND,1339,DEOGARH (NEAR DHANDHANIYA)- RAJASTHAN/GUJARAT BORDER (PHASE-I) (AJ/DRGB-PACKAGE-8),NHAI,N24001561,10/2019,10/2023,Nov-24,11/2024,839.63,N.A.,839.63,213.85,100
RAJASTHAN,ROAD TRANSPORT AND,1340,DEOGARH (NEAR DHANDHANIYA)- RAJASTHAN/GUJARAT BORDER (PHASE-I) (AJ/DRGB-PACKAGE-6),NHAI,N24001563,10/2019,8/2023,Dec-24,12/2024,846.59,N.A.,846.59,152.82,97.8
RAJASTHAN,ROAD TRANSPORT AND,1341,DEOGARH (NEAR DHANDHANIYA)- RAJASTHAN/GUJARAT BORDER (PHASE-I) (AJ/DRGB-PACKAGE-7),NHAI,N24001564,10/2019,7/2023,Dec-24,12/2024,662.08,N.A.,662.08,116.22,96.5
RAJASTHAN,ROAD TRANSPORT AND,1342,DELHI-VADODARA GREENFIELD ALIGNMENT (NH-148N) (PKG-11) (CH. 319.400 TO CH. 331.030) [HARDEOGANJ VILL,NHAI,N24001566,11/2019,5/2023,Dec-24,12/2024,"1,640.10",N.A.,"1,640.10","1,159.50",100
RAJASTHAN,ROAD TRANSPORT AND,1343,DELHI-VADODARA GREENFIELD ALIGNMENT (NH-148N) (PKG-10) (CH. 292.950 TO CH. 319.400) [END OF INTERCHA,NHAI,N24001567,11/2019,10/2022,Feb-25,2/2025,"1,272.97",N.A.,"1,272.97",603.74,84.03
RAJASTHAN,ROAD TRANSPORT AND,1344,DELHI-VADODARA GREENFIELD ALIGNMENT (NH-148N) (PKG-14) (CH. 388.420 TO CH. 419.000) [JUNCTION WITH N,NHAI,N24001568,11/2019,5/2023,Dec-24,12/2024,"1,119.35",N.A.,"1,119.35","1,438.04",99.8
RAJASTHAN,ROAD TRANSPORT AND,1345,DELHI-VADODARA GREENFIELD ALIGNMENT (NH-148N) (PKG-12) (CH. 331.030 TO CH. 359.170) [MAJOR BRIDGE ON,NHAI,N24001569,11/2019,3/2023,May-24,5/2024,"1,425.02",N.A.,"1,425.02","1,386.89",100
RAJASTHAN,ROAD TRANSPORT AND,1346,DELHI-VADODARA GREENFIELD ALIGNMENT (NH-148N) (PKG-13) (CH. 359.170 TO CH. 388.420) [JUNCTION WITH S,NHAI,N24001571,11/2019,12/2023,Dec-24,12/2024,"1,341.36",N.A.,"1,341.36","1,087.72",99.65
RAJASTHAN,ROAD TRANSPORT AND,1347,DELHI-VADODARA GREENFIELD ALIGNMENT (NH-148N) (PKG-09) (CH. 247.310 TO CH. 292.950) [JUNCTION WITH M,NHAI,N24001573,11/2019,12/2022,Dec-24,12/2024,"1,658.06",N.A.,"1,658.06",180.39,99.9
RAJASTHAN,ROAD TRANSPORT AND,1348,DELHI-VADODARA GREENFIELD ALIGNMENT (NH-148N) (PKG-15) (CH. 419.000 TO CH.427.300) [JUNCTION WITH NH,NHAI,N24001612,7/2020,1/2024,Sep-25,9/2025,"1,788.69",N.A.,"1,788.69",841.57,68.81
RAJASTHAN,ROAD TRANSPORT AND,1349,"CONSTRUCTION OF TWO LANE WITH PAVED SHOULDER FOR FATEHPUR BYPASS, MANDAWA BYPASS AND JHUNJHUNU BYPAS",MoRTH,N24001866,3/2022,8/2024,N.A.,6/2025,186.29,N.A.,186.29,142.69,72
RAJASTHAN,ROAD TRANSPORT AND,1350,UPGRADATION OF TWO LANE PAVED SHOULDER FROM SHAHPURA TO THANAGAZI OF NH-248A ON EPC MODE IN THE STAT,MoRTH,N24001867,3/2022,7/2024,N.A.,6/2025,174.34,N.A.,174.34,104.08,62
RAJASTHAN,ROAD TRANSPORT AND,1351,Sagwara Bypass and Garhi- Partapur Bypass of NH-927A in the State of Rajasthan.,MoRTH,N24001868,3/2022,8/2025,N.A.,2/2025,187.65,N.A.,187.65,66.57,44
RAJASTHAN,ROAD TRANSPORT AND,1352,UPGRADATION AND REHABILITATION TO TWO LANE WITH PAVED SHOULDER OF GHAGARIYA- MUNABAO SECTION FROM KM,MoRTH,N24001869,12/2022,8/2025,N.A.,8/2025,235.15,N.A.,235.15,92.69,66
RAJASTHAN,ROAD TRANSPORT AND,1353,UP-GRADATION TO 2 LANE WITH PAVED SHOULDER FROM CHARBHUJA AT DESIGN KM 0.00 (EXISTING KM 150.00) TO,MoRTH,N24001927,2/2022,9/2025,N.A.,9/2025,838.43,N.A.,838.43,237.87,42
RAJASTHAN,ROAD TRANSPORT AND,1354,CONSTRUCTION OF 2 LANE WITH PAVED SHOULDER NORTHERN BYPASS PHASE-II OF KOTA CITY FROM DESIGN CHAINAG,MoRTH,N24001928,3/2022,4/2025,N.A.,4/2025,317.74,N.A.,317.74,136.23,5
SIKKIM,CIVIL AVIATION,1355,PAKYONG AIRPORT- WIDENING OF BASIC STRIP AT WESTERN SIDE OF RUNWAY CHAINAGE 80M TO 920M I/C SLOPE ST,AAI,N04000110,11/2023,6/2026,N.A.,6/2026,323.26,N.A.,323.26,11.96,6
SIKKIM,DEPARTMENT OF HIGHER EDUCATION,1356,"CONSTRUCTION OF SIKKIM UNIVERSITY CAMPUS PHASE-I, PACKAGE -II AT YANGANG SOUTH SIKKIM",Sikkim Universi,N44000002,8/2020,1/2025,N.A.,12/2024,314.06,N.A.,303.55,157.24,54
SIKKIM,POWER,1357,TEESTA VI HE PROJECT,NHPC,N18000325,3/2019,3/2024,N.A.,12/2027,"5,748.04",N.A.,"5,748.04","3,853.90",63.86
SIKKIM,POWER,1358,RANGIT IV HE PROJECT,NHPC,N18000326,3/2021,5/2024,N.A.,12/2025,938.29,N.A.,"1,871.23","1,264.25",80.94
SIKKIM,RAILWAYS,1359,"SEVOK RANGPO, NEFR",NFR,N22000102,4/2008,12/2015,N.A.,12/2023,"1,339.48",N.A.,"7,876.92","3,290.96",39.8
SIKKIM,ROAD TRANSPORT AND,1360,CONSTRUCTION OF 2-LANE WITH PAVED SHOULDER INCLUDING GEOMETRIC IMPROVEMENT FROM KM 0.000 TO KM 16.00,NHIDCL,N24000767,3/2017,4/2022,May-22,12/2023,375.80,N.A.,375.80,287.54,96.55
SIKKIM,ROAD TRANSPORT AND,1361,CONSTRUCTION OF 2-LANE WITH PAVED SHOULDER INCLUDING GEOMETRIC IMPROVEMENT FROM KM 16.000 TO KM 32.5,NHIDCL,N24000768,11/2017,10/2020,Aug-23,4/2024,290.05,N.A.,290.05,218.36,100
SIKKIM,ROAD TRANSPORT AND,1362,CONSTUCTION/UPGRADATION OF EXISTING HIGHWAY TO 2 LANE WITH PAVED SHOULDER FROM KM 0.00 TO KM 13.00 N,NHIDCL,N24001251,3/2019,4/2022,N.A.,1/2025,402.94,N.A.,402.94,238.46,73.45
SIKKIM,ROAD TRANSPORT AND,1363,CONSTUCTION/UPGRADATION OF EXISTING HIGHWAY TO 2 LANE WITH PAVED SHOULDER FROM KM 13.00 TO KM 25.600,NHIDCL,N24001252,8/2020,4/2023,Nov-24,3/2025,295.97,N.A.,295.97,243.94,93.56
SIKKIM,ROAD TRANSPORT AND,1364,CONSTUCTION/UPGRADATION OF EXISTING HIGHWAY TO 2 LANE WITH PAVED SHOULDER FROM KM 26.10 TO KM 40.00,NHIDCL,N24001254,3/2020,6/2022,N.A.,1/2024,242.97,N.A.,244.45,246.91,100
SIKKIM,ROAD TRANSPORT AND,1365,CONSTRUCTION AND UPGRADATION OFEXISTINGROAD TO 2-LANE WITH PAVED SHOULDER INCLUDING GEOMETRIC IMPROV,NHIDCL,N24001261,8/2020,4/2023,N.A.,10/2024,311.00,N.A.,273.78,240.60,94.26
SIKKIM,ROAD TRANSPORT AND,1366,CONSTRUCTION AND UPGRADATION OFEXISTINGROAD TO 2-LANE WITH PAVED SHOULDER INCLUDING GEOMETRIC IMPROV,NHIDCL,N24001262,7/2020,4/2023,Aug-24,3/2025,345.38,395.59,395.59,356.67,89.53
SIKKIM,ROAD TRANSPORT AND,1367,CONSTRUCTION OF 2-LANE ROAD WITH PAVED SHOULDER (GREENFIELD ALIGNMENT) OF EXISTING STRETCH BETWEEN L,NHIDCL,N24001322,9/2020,5/2022,Oct-23,3/2025,183.31,439.56,439.56,351.80,46.68
SIKKIM,ROAD TRANSPORT AND,1368,CONSTRUCTION OF 2-LANE SPECIFICATION ROAD WITH PAVED SHOULDER AS REALIGNMENT (GREENFIELD ALIGNMENT),NHIDCL,N24001325,9/2020,5/2023,Aug-24,3/2025,262.84,414.20,414.20,220.26,46.17
SIKKIM,ROAD TRANSPORT AND,1369,REHABILITATION AND UPGRADATION OF EXISTING ROAD TO 2-LANE WITH PAVED SHOULDER INCLUDING GEOMETRIC IM,NHIDCL,N24001327,8/2020,5/2022,Oct-23,3/2025,292.80,N.A.,292.80,187.08,50
SIKKIM,ROAD TRANSPORT AND,1370,CONSTRUCTION AND UPGRADATION OF EXISTING ROAD TO 2-LANE WITH PAVED SHOULDER FROM KM27.200 (END OF RO,NHIDCL,N24001336,8/2020,4/2023,Oct-24,6/2025,230.45,244.91,244.91,200.82,77.42
SIKKIM,ROAD TRANSPORT AND,1371,CONSTRUCTION AND UPGRADATION OF EXISTING ROAD TO 2-LANE WITH PAVED SHOULDER FROM NEW ROLEP BRIDGE AT,NHIDCL,N24001337,10/2020,11/2023,Jul-25,7/2025,493.42,478.79,478.79,272.60,42.08
SIKKIM,ROAD TRANSPORT AND,1372,CONSTRUCTION OF 2-LANE WITH PAVED SHOULDER OF NEW GREEN FIELD ALIGNMENT FROM CHOCHENPHERI AT KM 52.0,NHIDCL,N24001338,10/2020,12/2023,Jun-25,12/2025,816.79,786.60,786.60,280.12,39.71
SIKKIM,ROAD TRANSPORT AND,1373,RISHI BORDER- ROLEP- MENLA PKG- 2A,NHIDCL,N24001361,1/2021,9/2023,Apr-25,12/2025,332.20,N.A.,332.20,149.38,41.04
SIKKIM,ROAD TRANSPORT AND,1374,RISHI BORDER- ROLEP- MENLA PKG- 3B,NHIDCL,N24001362,12/2020,2/2024,Apr-25,6/2025,410.60,379.30,379.30,199.58,45.9
SIKKIM,ROAD TRANSPORT AND,1375,CONSTRUCTION OF 2-LANE WITH PAVED SHOULDER GANGTOK BYPASS ROAD FROM RANIPOOL TO BURTUK (L=23.316KM),MoRTH,N24001442,10/2021,5/2024,Jan-25,1/2025,385.15,N.A.,385.15,167.49,78
SIKKIM,ROAD TRANSPORT AND,1376,SPECIAL PROTECTION WORK ON REHABILITATION AND RESTORATION OF SLIDING AND SINKING ZONE FROM RANGPO TO,NHIDCL,N24001913,3/2017,6/2022,N.A.,6/2022,165.56,N.A.,165.56,0.00,71.74
TAMIL NADU,CIVIL AVIATION,1377,"MODERNIZATION OF CHENNAI AIRPORT PHASE II, CHENNAI",AAI,N04000074,6/2018,2/2022,Mar-26,3/2026,"2,467.00",N.A.,"2,467.00","1,515.13",61.41
TAMIL NADU,CIVIL AVIATION,1378,UPGRADATION OF PASSENGER TERMINAL BUILDING AND AIRSIDE FACILITIES AT TIRUCHIRAPALLI INTERNATIONAL AI,AAI,N04000075,8/2018,10/2021,N.A.,12/2023,951.28,N.A.,"1,112.49","1,112.49",100
TAMIL NADU,CIVIL AVIATION,1379,DEVELOPMENT OF TUTICORIN AIRPORT,AAI,N04000090,6/2019,3/2022,Mar-25,3/2025,380.87,N.A.,455.99,329.02,94
TAMIL NADU,COAL,1380,JAWAHAR KHANI OPENCAST (JK OC) MINE,SCCL,N06000259,12/2021,3/2025,N.A.,3/2025,297.88,N.A.,297.88,45.15,20
TAMIL NADU,COAL,1381,50 MW SOLAR POWER PROJECT - NEYVELI MINED OUT AREA,NLC,N06000279,5/2023,6/2025,N.A.,5/2025,218.03,N.A.,218.03,107.33,22
TAMIL NADU,FINANCE,1382,CONSTRUCTION OF 726 Nos RESIDENTIAL QUARTERS CHENNAI,CPWD FOR FINANC,N28000109,11/2017,11/2021,N.A.,11/2022,348.77,N.A.,348.77,223.39,100
TAMIL NADU,MINES,1383,25.5 MW WIND POWER PROJECT AT KAYATHAR IN TAMILNADU,NALCO,N10000014,9/2017,6/2019,Mar-24,12/2024,166.62,163.17,163.17,135.63,65
TAMIL NADU,PETROLEUM,1384,IRUGUR-DEVANGONTHI POL PIPELINE,BPCL,N16000234,11/2012,2/2017,Oct-25,10/2025,678.00,"1,732.00","1,732.00",532.07,43.6
TAMIL NADU,PETROLEUM,1385,"CONSTRUCTION OF CAPTIVE POL LPG JETTY AT KAMARAJAR PORT, CHENNAI",IOCL,N16000403,10/2020,9/2023,Dec-24,12/2024,921.00,N.A.,921.00,753.43,95.7
TAMIL NADU,PETROLEUM,1386,"SETTING UP LUBE COMPLEX AT VILLAGES AMULLAVOYAL AND VAIKKADU, CHENNAI AS RESITEMENT OF EXISTING FACI",IOCL,N16000405,10/2020,12/2023,Dec-24,12/2024,"1,398.00","1,587.00","1,587.00","1,240.66",96
TAMIL NADU,PETROLEUM,1387,CBR 9 MMTPA PROJECT,CPCL,N16000434,1/2021,6/2025,N.A.,6/2025,"31,580.00","31,580.00","36,354.00","1,268.85",10.2
TAMIL NADU,PETROLEUM,1388,"GRASS ROOT POL TERMINAL AT VALLUR, CHENNAI",IOCL,N16000438,1/2022,7/2024,Dec-24,6/2025,827.00,887.71,887.71,506.67,76.3
TAMIL NADU,PETROLEUM,1389,CBR ASANUR PIPELINE AND ITS HOOK UP WITH EXISTING CHENNAI TRICHY MADURAI PRODUCT PIPELINE,IOCL,N16000451,3/2022,11/2024,N.A.,9/2026,564.00,N.A.,564.00,144.55,35.67
TAMIL NADU,PETROLEUM,1390,LAYING OF POL PIPELINES IN COMMON CORRIDOR FOR PROPOSED GRASS ROOT TERMINAL AT VALLUR (CHENNAI),IOCL,N16000455,1/2022,7/2024,May-26,5/2026,829.00,N.A.,829.00,209.56,52.93
TAMIL NADU,PETROLEUM,1391,EXTENSION OF ASANUR- SANKARI SECTION OF CHENNAI- TRICHY-MADURAI PIPELINE UPTO COIMBATORE (IRUGUR),IOCL,N16000479,1/2023,1/2025,N.A.,1/2025,346.70,N.A.,346.70,0.72,17.25
TAMIL NADU,PETROLEUM,1392,CGD PROJECT AT DHARMAPURI AND KRISHNAGIRI DISTRICTS,IOCL,N16000486,3/2022,3/2030,N.A.,12/2030,501.00,N.A.,501.00,90.20,4.2
TAMIL NADU,PETROLEUM,1393,"CGD PROJECT AT MADURAI, THENI AND VIRUDHNAGAR DISTRICTS",IOCL,N16000490,3/2022,3/2030,Dec-30,12/2030,"1,328.00",N.A.,"1,328.00",138.78,4.4
TAMIL NADU,PETROLEUM,1394,"CGD PROJECT AT KANYAKUMARI, TUTICORIN, TIRUNVELI KATTABO AND TENKASI DISTRICTS",IOCL,N16000492,3/2022,3/2030,N.A.,12/2030,"1,295.00",N.A.,"1,295.00",136.41,4.6
TAMIL NADU,PETROLEUM,1395,CGD PROJECTS AT THE NILGIRIS AND ERODE DISTRICTS,BPCL,N16000521,12/2022,3/2030,N.A.,3/2030,"3,685.00",N.A.,"3,685.00",98.80,6.3
TAMIL NADU,RAILWAYS,1396,"EXTENSION OF MRTS FROM VELACHERY TO STN. THOMAS, MTP",MRTP,N22000028,4/2006,6/2013,Jan-25,1/2025,495.74,N.A.,734.01,631.34,98
TAMIL NADU,RAILWAYS,1397,TIDIVANAM-NAGARI (NL),SR,N22000085,9/2006,,Mar-28,3/2028,582.83,"3,631.34","3,631.34",779.31,10
TAMIL NADU,RAILWAYS,1398,CHENNAI BEACH-CHENNAI EGMORE (4.3 KM) (UMBRELLA WORK PB#57/2019-20/NR),SR,N22000568,3/2022,3/2026,Jan-25,1/2025,359.60,274.20,274.20,231.05,80
TAMIL NADU,RAILWAYS,1399,MORAPPUR-DHARMAPURI,SR,N22000618,2/2019,3/2028,Mar-27,3/2027,358.95,N.A.,358.95,37.70,1
TAMIL NADU,RAILWAYS,1400,KARAIKAL PERALAM(23KM)-NEW LINE PROJECT,SR,N22000625,1/2019,3/2026,Jan-25,1/2025,304.22,N.A.,373.42,232.47,75
TAMIL NADU,RAILWAYS,1401,NAGAPATTINAM THIRUTURAIPUNDI (38KM)- NEW LINE PROJECT,SR,N22000626,7/2008,3/2026,Mar-27,3/2027,677.12,N.A.,788.05,129.22,18
TAMIL NADU,ROAD TRANSPORT AND,1402,4L OF THIRUMANGALAM TO VADUGAPATTI SECTION FROM KM 0.000 TO KM 36.000 OF NH- 744,NHAI,N24002084,3/2022,2/2025,N.A.,3/2025,"1,076.97",N.A.,"1,076.97",370.72,69.28
TAMIL NADU,ROAD TRANSPORT AND,1403,CONSTRUCTION OF NEW DOUBLE TIER 4 LANE ELEVATED CORRIDOR FROM CHENNAI PORT TO MADURAVOYAL IN CHENNAI,NHAI,N24002107,3/2023,5/2026,N.A.,5/2026,"1,382.00",N.A.,"1,382.00",0.00,0
TAMIL NADU,ROAD TRANSPORT AND,1404,CONSTRUCTION OF NEW DOUBLE TIER 4L ELEVATED CORRIDOR FROM CHENNAI PORT TO MADURAVOYAL IN CHENNAI DIS,NHAI,N24002108,3/2023,5/2026,N.A.,5/2026,"1,618.96",N.A.,"1,618.96",0.00,0
TAMIL NADU,ROAD TRANSPORT AND,1405,CONSTRUCTION OF NEW DOUBLE TIER 4L ELEVATED CORRIDOR FROM CHENNAI PORT TO MADURAVOYAL IN CHENNAI DIS,NHAI,N24002109,3/2023,5/2026,N.A.,5/2026,"1,301.37",N.A.,"1,301.37",0.00,0
TAMIL NADU,ROAD TRANSPORT AND,1406,CONSTRUCTION OF NEW DOUBLE TIER 4L ELEVATED CORRIDOR FROM CHENNAI PORT TO MADURAVOYAL IN CHENNAI DIS,NHAI,N24002110,3/2023,5/2026,N.A.,5/2026,"1,207.40",N.A.,"1,207.40",0.00,0
TAMIL NADU,ROAD TRANSPORT AND,1407,FOUR LANING OF MUGAIYUR TO MARAKKANAM SECTION OF NH- 332A FROM KM 31.000 TO KM 62.000,NHAI,N24002111,2/2019,12/2025,Dec-25,12/2025,825.94,"1,116.13","1,116.13",194.00,26.76
TAMIL NADU,ROAD TRANSPORT AND,1408,SIX LANING OF TUTICORIN PORT ROAD SECTION OF NH-7A (NEW NH-138) FROM KM 0.000 TO KM 6.140 [EFFECTIVE,NHAI,N24002112,3/2023,7/2024,N.A.,1/2025,200.30,N.A.,200.30,67.17,68.1
TAMIL NADU,ROAD TRANSPORT AND,1409,4L OF LEFT-OVER WORKS INCLUDING ADDITIONAL STRUCTURES FROM KERALA/TAMIL NADU BORDER TO KANYAKUMARI S,NHAI,N24002113,3/2023,8/2025,N.A.,8/2025,"1,141.78",N.A.,"1,141.78",273.01,27.39
TAMIL NADU,ROAD TRANSPORT AND,1410,4L OF VADUGAPATTI TO THERKUVENGANALLUR (RAJAPALYAM) SECTION FROM KM 36.000 TO KM 71.600 OF NH744 UND,NHAI,N24002114,2/2022,4/2025,N.A.,4/2025,"1,097.59",N.A.,"1,317.06",644.13,89.92
TAMIL NADU,ROAD TRANSPORT AND,1411,WIDENING TO 4L/4L+PS AND STRENGTHENING IN SELECTED STRETCHES FROM KM 0/8 TO 50/570 OF NH 532 INCLUD,MoRTH,N24002151,3/2022,1/2024,N.A.,7/2025,257.14,294.70,294.70,111.53,45
TAMIL NADU,ROAD TRANSPORT AND,1412,WIDENING FROM 2L+PS TO 4L/4L+PS AND IMPROVEMENTS THE SELECTED STRETHCES FROM KM 26/5 - 81/2 INCLU,MoRTH,N24002152,3/2023,11/2023,N.A.,11/2025,274.84,N.A.,274.84,188.00,78
TAMIL NADU,ROAD TRANSPORT AND,1413,"STRENGTHENING OF 2L+PS FROM KM 17/8 ? 18/2, CONSTRUCTION OF 2L+PS FROM KM 18/2 TO KM 20/0 AND CONSTR",MoRTH,N24002153,3/2023,2/2024,N.A.,8/2025,169.68,N.A.,169.68,53.14,45
TAMIL NADU,ROAD TRANSPORT AND,1414,CONSTRUCTION OF BYPASS TO MADURAI - ACHAMBATHU - VIRATIPATHU IN KM 6/850 - 10/382 OF NH 49 EXTN. (NE,MoRTH,N24002165,3/2022,8/2026,N.A.,8/2026,238.97,260.07,260.07,34.51,10
TAMIL NADU,ROAD TRANSPORT AND,1415,FOUR LANNING OF CHOLOPURAM-THANJAVUR,NHAI,N24000697,8/2017,9/2020,Dec-24,12/2024,"1,176.37",N.A.,"1,176.37","1,325.06",98.5
TAMIL NADU,ROAD TRANSPORT AND,1416,4-LANNING OF STHIYATHOPU- CHOLOPURAM,NHAI,N24000708,9/2017,8/2020,Feb-25,2/2025,"1,227.87",N.A.,"1,227.87","1,351.42",92.2
TAMIL NADU,ROAD TRANSPORT AND,1417,FOUR LANINIG OF CHETTIKULAM TO NATHAM SECTION OF NH-785 FROM CHETTIKULUM (KM 7.300) TO NATHAM (KM. 3,NHAI,N24000826,3/2018,10/2022,Dec-24,12/2024,505.35,N.A.,837.69,376.61,99.75
TAMIL NADU,ROAD TRANSPORT AND,1418,FOUR LANING OF VILUPPURAM TO PUDHUCHERRY (DESIGN CH. KM. 00/000 TO KM. 29/000) SECTION OF NH-45A ON,NHAI,N24001428,3/2018,11/2021,Dec-24,12/2024,998.70,"1,358.32","1,358.32",917.97,97.53
TAMIL NADU,ROAD TRANSPORT AND,1419,FOUR LANING OF PUDUCHERRY (KM.29/000) TO POONDIYANKUPPAM (KM.67/000) SECTION OF NH-45A ON HAM UNDER,NHAI,N24001429,3/2018,11/2021,Dec-24,12/2024,"1,294.47","1,588.40","1,588.40",854.92,97.94
TAMIL NADU,ROAD TRANSPORT AND,1420,FOUR LANING OF POONDIYANKUPPAM (KM.67/000) TO SATTANATHAPOURAM (KM.123/800) SECTION OF NH-45A ON HAM,NHAI,N24001430,3/2018,1/2022,Dec-24,12/2024,"2,120.40","2,565.63","2,565.63","1,465.06",99.8
TAMIL NADU,ROAD TRANSPORT AND,1421,FOUR LANING OF SATTANATHAPURAM (KM.123/800) TO NAGAPATTINAM (KM.179/555) SECTION OF NH-45A ON HAM UN,NHAI,N24001431,3/2018,10/2020,Aug-25,8/2025,"1,872.68","2,661.51","2,756.09","1,275.11",54.78
TAMIL NADU,ROAD TRANSPORT AND,1422,CONSTRUCTION OF 4 LANE WITH PAVED SHOULDERS THIRUVAYARU BYPASS IN BETWEEN EXISTING KM.55/926 TO 62/6,MoRTH,N24001455,2/2022,8/2022,N.A.,10/2024,191.33,N.A.,191.33,185.78,94
TAMIL NADU,ROAD TRANSPORT AND,1423,BALANCE WORK 2-LANE WITH PAVED SHOULDERS OF NAGAPATTINAM - THANJAVUR SECTION OF NH-67 (NEW NH-83),NHAI,N24001600,10/2020,5/2023,Dec-24,12/2024,434.12,N.A.,434.12,258.89,99.3
TAMIL NADU,ROAD TRANSPORT AND,1424,4-LANING OF KAMALAPURAM - ODDANCHATRAM SECTION OF NH-209,NHAI,N24001601,1/2019,1/2023,Jun-25,6/2025,"1,051.69",N.A.,"1,051.69",556.92,77.35
TAMIL NADU,ROAD TRANSPORT AND,1425,4-LANING OF MADATHUKULAM - POLLACHI SECTION OF NH-209 (NEW NH-83),NHAI,N24001602,1/2019,12/2022,Nov-25,11/2025,"1,409.38",N.A.,"1,409.38",629.88,87
TAMIL NADU,ROAD TRANSPORT AND,1426,4-LANING OF ODDANCHATRAM - MADATHUKULAM SECTION OF NH-209 (NEW NH-83),NHAI,N24001603,1/2019,10/2022,Dec-23,12/2023,"1,518.53",N.A.,"1,607.54",915.40,100
TAMIL NADU,ROAD TRANSPORT AND,1427,"REMAINING WORK OF 2L+PS OF TRICHY - KARAIKUDI SECTION OF NH-210, INCLUDING TRICHY BYPASS",NHAI,N24001604,2/2019,3/2021,N.A.,10/2023,166.90,N.A.,166.90,121.94,100
TAMIL NADU,ROAD TRANSPORT AND,1428,"4-LANING OF MELUR - PILLAYARPATTI - KARAIKUDI SECTION OF NH-338, NH-36, NH- 383",NHAI,N24001605,6/2018,3/2022,N.A.,1/2025,"1,103.86",N.A.,"1,103.86",461.32,70.7
TAMIL NADU,ROAD TRANSPORT AND,1429,4-LANING OF VADIPPATTI - THAMARAIPATTI SECTION OF NH- 744A (MADURAI RING ROAD),NHAI,N24001606,12/2018,3/2022,Jun-25,6/2025,854.94,N.A.,854.94,334.05,67.2
TAMIL NADU,ROAD TRANSPORT AND,1430,BALANCE WORKS OF FOUR LANE FROM KM 43+950 (THIRUVALLUR BYPASS) TO KM 61+470 (VEPPAMPATTU BYPASS) PAS,NHAI,N24001692,1/2022,9/2024,N.A.,9/2024,467.99,N.A.,468.00,18.83,12.2
TAMIL NADU,ROAD TRANSPORT AND,1431,FOUR LANING OF NERALURU TO THORAPALLI AGRAHARAM SECTION OF NH-844 (PKG-I) FROM KM.0+000 TO KM.23+350,NHAI,N24001693,9/2021,10/2024,N.A.,10/2024,"1,751.18",N.A.,"1,757.27",49.69,0
TAMIL NADU,ROAD TRANSPORT AND,1432,FOUR LANING OF THORAPALLI AGRAHARAM TO JITTANDAHALLI SECTION OF NH-844 (PKG-II) FROM KM.23+350 TO KM,NHAI,N24001694,2/2019,12/2023,Dec-24,12/2024,"1,243.57",N.A.,"1,243.57",171.63,0
TAMIL NADU,ROAD TRANSPORT AND,1433,FOUR LANING OF JITTANDAHALLI TO DHARMAPURI SECTION OF NH- 844 (PKG-III) FROM KM.60+100 TO KM.94+460,NHAI,N24001696,2/2019,8/2023,Dec-24,12/2024,"1,291.37",N.A.,"1,291.37",215.02,0
TAMIL NADU,ROAD TRANSPORT AND,1434,THOPPUR METTUR BHAVANI ERODE SECTION OF NH 544H FOR A LENGTH OF 85 KM,NHAI,N24001716,7/2022,8/2023,Dec-24,12/2024,186.50,210.81,210.81,12.92,90
TAMIL NADU,ROAD TRANSPORT AND,1435,BANGALORE CHENNAI EXPRESSWAY PHASE-III PACKAGE III (ARAKKONAM TO KANCHEEPURAM) FROM KM 204.500 TO K,NHAI,N24001717,11/2020,8/2024,N.A.,3/2025,"1,155.49","1,525.10","1,525.10",485.62,52.39
TAMIL NADU,ROAD TRANSPORT AND,1436,BANGALORE CHENNAI EXPRESSWAY PHASE-III PACKAGE II (WALAJAHPET TO ARAKKONAM) FROM KM 180.000 TO KM 2,NHAI,N24001718,12/2020,7/2024,N.A.,3/2025,843.48,"1,051.36","1,051.36",389.23,90
TAMIL NADU,ROAD TRANSPORT AND,1437,4L BANGALORE-CHENNAI EXPRESSWAY FROM KM. 230.000 TO KM. 261.705 OF KANCHEPURAM TO SRIPERUMBUDUR SECT,NHAI,N24001719,2/2021,7/2024,N.A.,7/2025,"2,948.31","3,516.83","3,516.83",728.20,66.66
TAMIL NADU,ROAD TRANSPORT AND,1438,BANGALORE CHENNAI EXPRESSWAY PHASE-III ? PACKAGE I (GUDIPALA TO WALAJAJHPET) FROM KM 156.000 TO KM 1,NHAI,N24001720,10/2020,5/2024,N.A.,3/2025,"1,023.91","1,341.51","1,341.51",574.44,75.15
TAMIL NADU,ROAD TRANSPORT AND,1439,FOUR LANING OF MAMALLAPURAM TO MUGAIYUR SECTION OF NH332A FROM KM 0.000 TO KM 31.000,NHAI,N24001721,2/2019,5/2024,Aug-25,8/2025,"1,008.99","1,360.53","1,360.53",168.38,39.04
TAMIL NADU,ROAD TRANSPORT AND,1440,6L OF MADURAVOYAL TO SRIPERUMBUDUR SECTION FROM KM. 13.800 TO KM. 37.000 OF NH-4 THROUGH STATE HIGH,NHAI,N24001722,11/2021,2/2023,N.A.,12/2024,463.44,463.07,463.44,331.22,98.5
TAMIL NADU,ROAD TRANSPORT AND,1441,KARAIPETTAI TO WALAJAPET FROM KM 71.015 TO 107.091,NHAI,N24001723,10/2018,2/2021,N.A.,3/2025,707.90,766.51,766.51,460.67,83.67
TAMIL NADU,ROAD TRANSPORT AND,1442,6L OF SRIPERUMBUDUR TO KARAIPETTAI FROM KM 37.000 TO KM 71.015 OF NH 48,NHAI,N24001725,1/2019,5/2021,N.A.,3/2026,819.89,"1,314.82",922.85,384.20,57.32
TAMIL NADU,ROAD TRANSPORT AND,1443,CONSTRUCTION OF BYPASS TO GUDIYATHAM TOWN IN KM 23/100 ? 29/250 INCLUDING LA AND SHIFTING OF NH-234,MoRTH,N24001828,1/2022,11/2024,N.A.,11/2024,221.03,243.95,243.95,140.41,75
TAMIL NADU,ROAD TRANSPORT AND,1444,FOUR LANING OF OTTANCHATRAM TO PALANI SECTION FROM KM 30/700 TO KM 55/000 OF NH 209(NEW NH-83) INCLU,MoRTH,N24001829,10/2022,11/2024,N.A.,11/2024,172.15,N.A.,172.15,120.23,90
TAMIL NADU,ROAD TRANSPORT AND,1445,CONSTRUCTION OF STRR (WEST SIDE)-NH948A- BALAGONDAPALLI (TAMIL NADU) TO KARNATAKA/TAMIL NADU BORDER F,NHAI,N24001968,4/2022,5/2025,N.A.,5/2025,"1,260.74",N.A.,"1,260.74",487.46,44.95
TAMIL NADU,URBAN DEVELOPMENT,1446,CHENNAI METRO RAIL LTD (PHASE 1),CMRL,N28000084,2/2009,12/2015,N.A.,12/2015,"14,600.00",N.A.,"18,380.00","17,619.68",100
TAMIL NADU,URBAN DEVELOPMENT,1447,CHENNAI METRO RAIL LTD (PHASE 1 EXT),CMRL,N28000097,6/2016,3/2018,N.A.,2/2021,"3,770.00",N.A.,"3,770.00","2,527.73",100
TELANGANA,CIVIL AVIATION,1448,"CO CIVIL AVIATION REASEARCH ORG. (PH-II) AT BEGUMPET AIRPORT, HYDRABAD",AAI,N04000086,5/2020,5/2022,Jun-23,6/2023,353.61,N.A.,353.61,303.22,100
TELANGANA,COAL,1449,KAKATIYAKHANI OPENCAST III PROJECT PHASE-1,SCCL,N06000161,3/2017,3/2022,N.A.,3/2025,413.84,N.A.,413.84,379.13,60
TELANGANA,COAL,1450,GODAVARIKHANI COAL MINE,SCCL,N06000202,7/2019,3/2023,N.A.,3/2025,438.98,N.A.,438.98,164.14,68
TELANGANA,COAL,1451,VENKATESH KHANI COAL MINE,SCCL,N06000204,10/2020,3/2023,N.A.,3/2026,484.51,N.A.,484.51,280.62,30
TELANGANA,COAL,1452,RCE OF RAMAGUNDAM OPENCAST II EXTENSION PROJECT,SCCL,N06000210,11/2015,3/2023,N.A.,3/2025,489.62,N.A.,489.62,405.54,70
TELANGANA,COAL,1453,RCE OF INDARAM OPENCAST PROJECT,SCCL,N06000211,8/2017,3/2021,N.A.,3/2025,349.28,N.A.,424.81,400.11,80
TELANGANA,COAL,1454,RCE OF KALYANIKHANI OPENCAST PROJECT,SCCL,N06000213,3/2016,3/2020,N.A.,3/2025,384.32,N.A.,384.32,247.36,75
TELANGANA,COAL,1455,RCE OF KAKATHIYAKHANI OC - 2 PROJECT,SCCL,N06000214,8/2017,3/2020,N.A.,3/2025,442.42,N.A.,442.42,201.13,63
TELANGANA,COAL,1456,GOLETI OPENCAST MINE,SCCL,N06000258,7/2021,3/2026,N.A.,3/2026,345.60,N.A.,345.60,55.12,18
TELANGANA,HEALTH AND FAMILY WELFARE,1457,ESTABLISHMENT OF NATIONAL ANIMAL RESOURCE FACILITY FOR BIOMEDICAL RESEARCH AT HYDERABAD,CPWD FOR HEALTH,N28000098,10/2016,3/2020,Jan-25,1/2025,209.84,281.05,281.05,251.87,97.5
TELANGANA,HEALTH AND FAMILY WELFARE,1458,"COMPREHENSIVE PLANNING, DESIGNING, EXECUTION OF ALL INDIA INSTITUTE OF MEDICAL SCIENCES AT BIBINAGAR",HITES,N21000031,12/2018,7/2024,N.A.,3/2025,"1,110.55",N.A.,"1,110.55",647.73,77.87
TELANGANA,POWER,1459,TELANGANA SUPER THERMAL POWER PROJECT PHASE I,NTPC,N18000212,1/2016,11/2020,N.A.,2/2024,"10,598.98",N.A.,"10,998.00","10,437.71",100
TELANGANA,RAILWAYS,1460,MANOHARABAD-KOTHPALL NEW LINE(SCR),SCR,N22000032,4/2006,3/2010,N.A.,3/2025,"1,160.48",N.A.,"3,014.00","1,365.61",0
TELANGANA,ROAD TRANSPORT AND,1461,IMPROVEMENT OF GEOMETRICS OF THONDUPALLY TO KOTHUR FROM KM 22.300 TO KM 34.14 OF NH-44-RCW,NHAI,N24002082,2/2022,9/2024,N.A.,1/2026,541.58,N.A.,541.58,20.82,0
TELANGANA,ROAD TRANSPORT AND,1462,FOUR LANING OF KARIMNAGAR- WARANGAL SECTION OF NH-563 FROM DESIGN CH.48.860 KM NEAR SH-1 CH.170.400 K,NHAI,N24002083,3/2022,7/2025,N.A.,7/2025,"2,146.86","2,413.00","2,414.46",826.97,53.83
TELANGANA,ROAD TRANSPORT AND,1463,CONSTRUCTION OF 4-LANE ACCESS CONTROLLED GREENFIELD HIGHWAY SECTION ON NH-163G (KHAMMAM- VIJAYAWADA),NHAI,N24002190,3/2023,8/2026,N.A.,8/2026,983.00,N.A.,983.00,0.00,0
TELANGANA,ROAD TRANSPORT AND,1464,REHABILITATION AND UPGRADATION OF NH -565 FROM KM 1.00 TO 86.057 (NAKREKAL TO NAGARJUNSAGAR DAM SECT,MoRTH,N24000245,1/2014,3/2016,Sep-19,9/2019,270.00,N.A.,270.00,0.00,72.15
TELANGANA,ROAD TRANSPORT AND,1465,REHABILITATION AND UPGRADATION OF NH-221 FROM KM 121/0 TO 165/00 (OF VIJAYAWADA-JAGDALPUR RUDRAMPUR,MoRTH,N24000247,10/2014,2/2017,Dec-22,3/2025,295.47,N.A.,295.47,224.42,98.51
TELANGANA,ROAD TRANSPORT AND,1466,EPC- CORRIDOR APPROACH WORKS - NH (O): WIDENING EXISTING 2 LANE TO 2 LANE WITH PAVED SHOULDERS IN KM,MoRTH,N24000248,3/2015,1/2017,N.A.,12/2023,153.21,N.A.,153.21,101.15,93.11
TELANGANA,ROAD TRANSPORT AND,1467,WIDEINING TO TWO/FOUR LANE WITH PAVED SHOULDERS FROM EXISTING KM 182.120 TO KM 227.600 OF NH-167 ON,MoRTH,N24000980,10/2016,2/2019,Jun-22,8/2024,298.32,N.A.,298.32,178.47,98
TELANGANA,ROAD TRANSPORT AND,1468,WIDEINING TO TWO/FOUR LANE WITH PAVED SHOULDERS FROM EXISTING KM 180.60 TO KM 223.00 OF NH-63 ON NIZ,MoRTH,N24000981,10/2016,3/2019,Apr-23,8/2024,248.83,N.A.,248.83,173.82,100
TELANGANA,ROAD TRANSPORT AND,1469,WIDENING TO TWO LANE WITH PAVED SHOULDERS FROM KM 40/410 TO KM 84/037OF THIRUMALAGIRI TO SURYAPET SE,MoRTH,N24000982,1/2017,5/2019,Aug-19,8/2019,244.54,N.A.,244.54,176.32,99.9
TELANGANA,ROAD TRANSPORT AND,1470,WIDENING TO TWO LANE WITH PAVED SHOULDERS FROM KM 0/970 TO KM 40/410 OF JANAGAON-THIRUMALAGIRI OF NH,MoRTH,N24000983,1/2017,10/2019,Oct-19,2/2024,196.52,N.A.,196.52,125.53,95.7
TELANGANA,ROAD TRANSPORT AND,1471,WIDENING TO TWO LANE WITH PAVED SHOULDERS FROM KM 15.525 TO KM 62.880 OF JADCHERLA-KALWAKURTHY SECTI,MoRTH,N24000984,1/2017,12/2019,Dec-19,12/2019,283.00,N.A.,283.00,259.15,99.3
TELANGANA,ROAD TRANSPORT AND,1472,WIDENING TO TWO LANE WITH PAVED SHOULDERS FROM KM 67.00 TO 114.425 OF KALWAKURTHY-MALLEPALLY SECTION,MoRTH,N24000986,1/2017,5/2019,Jul-21,1/2024,300.00,N.A.,300.00,242.86,96.05
TELANGANA,ROAD TRANSPORT AND,1473,6 LANING FROM KM 9.90 TO KM 19.948 (ARAMGARH-SAMSHABAD SECTION) OF HYDERABAD- SAMSHABAD SECTION OF NH,MoRTH,N24000987,1/2018,5/2020,Dec-22,8/2024,283.15,N.A.,283.15,278.69,92.59
TELANGANA,ROAD TRANSPORT AND,1474,WIDENING AND STRENGTHENING OF EXISTING 2- LANE TO 2-LANE WITH PAVED SHOULDERS FROM KM.159/0 TO 165/4,MoRTH,N24000988,1/2018,12/2019,Nov-20,11/2020,230.03,N.A.,230.03,231.34,99.9
TELANGANA,ROAD TRANSPORT AND,1475,WIDENING AND STRENGTHENING OF EXISTING CARRIAGEWAY IN 2 LANE WITH PAVED SHOULDERS FROM KM.25/0 TO 59,MoRTH,N24000989,2/2018,6/2020,Jan-21,1/2021,206.13,N.A.,206.13,190.94,98.36
TELANGANA,ROAD TRANSPORT AND,1476,REHABILITATION AND UPGRADATION OF NH-167 FROM DESIGN KM.113.900 TO 154.479 (MALLEPALLY - HALIYA SECT,MoRTH,N24000990,2/2018,11/2019,Mar-22,1/2024,294.13,N.A.,294.13,200.10,87.44
TELANGANA,ROAD TRANSPORT AND,1477,REHABILITATION AND UPGRADATION OF NH-167 FROM DESIGN KM.187.723 TO 234.434 (MIRYALAGUDA TO KODAD SEC,MoRTH,N24000993,3/2018,9/2020,Jun-22,6/2023,322.81,N.A.,322.81,317.05,98.09
TELANGANA,ROAD TRANSPORT AND,1478,CONSTRUCTION OF SIX LANE ELEVATED CORRIDOR FROM KM.7.950 (UPPAL) TO KM.14.200 OF NH-163 TO DE-CONGES,MoRTH,N24000994,3/2018,7/2020,Jun-24,2/2026,626.76,N.A.,626.76,282.78,44.3
TELANGANA,ROAD TRANSPORT AND,1479,REHABILITATION AND UP- GRADATION TO TWO LANE WITH PAVED SHOULDERS FROM KM 0/0 TO 72/6 OF NH-365 (NAKR,MoRTH,N24000996,1/2017,10/2019,Oct-19,6/2021,605.08,N.A.,605.08,416.32,99.84
TELANGANA,ROAD TRANSPORT AND,1480,REHABILITATION AND UP GRADATION FROM KM. 121/0 TO 154/0 OF NAKAREKAL ? MALLAMPALLY SECTION OF NH- 365,MoRTH,N24000997,3/2018,7/2019,Jun-22,8/2024,192.67,N.A.,192.67,176.37,92
TELANGANA,ROAD TRANSPORT AND,1481,WIDENING AND STRENGTHENING/ RECONSTRUCTION OF EXISTING PAVEMENT TO FOUR ALNE WITH PAVED SHOULDERS FR,MoRTH,N24000998,1/2019,,Jan-23,8/2024,193.19,249.72,249.72,226.89,95
TELANGANA,ROAD TRANSPORT AND,1482,KHAMMAM-DEVARAPALLE PKG I [4L ACCESS CONTROLLED (GREENFIELD) FROM THALLAMPADU VILLAGE TO SOMAVARAM,NHAI,N24001482,8/2022,10/2024,N.A.,10/2024,772.11,N.A.,772.11,452.54,60.11
TELANGANA,ROAD TRANSPORT AND,1483,KHAMMAM DEVARAPALLE PKG II 4L ACCESS CONTROLLED (GREENFIELD) FROM SOMAVARAM VILLAGE TO CHINTAGUDEM V,NHAI,N24001483,2/2022,9/2024,N.A.,9/2024,637.11,N.A.,637.11,324.52,56.5
TELANGANA,ROAD TRANSPORT AND,1484,KHAMMAM-DEVARAPALLE PKG III [4L ACCESS CONTROLLED (GREENFIELD) FROM CHINTAGUDEM VILLAGE TO RECHERLA,NHAI,N24001484,9/2022,2/2024,Dec-24,12/2024,804.69,N.A.,804.69,417.69,66.16
TELANGANA,ROAD TRANSPORT AND,1485,4L OF KODAD (DESIGN KM 0.00/EXISTING KM 185.00 OF NH- 65) TO KHAMMAM (DESIGN KM 31.800/EXISTING KM 29,NHAI,N24001522,1/2021,1/2024,Dec-24,12/2024,"1,307.95",N.A.,"1,307.95",638.26,97.12
TELANGANA,ROAD TRANSPORT AND,1486,"6 LANING OF EXISTING 4-LANE STRETCH FROM KALKALLU AT KM.454+000 TO GUNDLA POCHAMPALLY AT KM.471+000,",NHAI,N24001555,3/2022,1/2025,N.A.,1/2025,955.49,N.A.,955.49,175.83,29.79
TELANGANA,ROAD TRANSPORT AND,1487,6L OF EXISTING 4L FROM GUNDLAPOCHAMPALLY TO BOWENPALLY FROM KM 471.300 TO KM 481.331 OF NH-44,NHAI,N24001556,12/2021,7/2024,N.A.,7/2024,521.53,N.A.,521.53,223.18,44.57
TELANGANA,ROAD TRANSPORT AND,1488,6L ACCESS CONTROLLED GREENFIELD HIGHWAY OF JULEKAL VILLAGE TO DINNEDEVARAPADU VILLAGE FROM KM 242.20,NHAI,N24001625,1/2022,1/2025,N.A.,7/2025,"1,227.57",N.A.,"1,227.57",288.58,34.12
TELANGANA,ROAD TRANSPORT AND,1489,6L ACCESS CONTROLLED GREENFIELD HIGHWAY OF NANDINNE VILLAGE TO JULEKAL VILLAGE FROM KM 202.900 TO KM,NHAI,N24001626,2/2022,1/2025,N.A.,1/2025,972.06,N.A.,972.06,368.38,46.48
TELANGANA,ROAD TRANSPORT AND,1490,WIDENING AND STRENGTHENING OF EXISTING 2 LANE WITH PAVED SHOULDER TO 4 LANE WITH PAVED SHOULDER FRO,MoRTH,N24002000,3/2021,7/2024,N.A.,8/2024,317.19,N.A.,317.19,164.72,67
TELANGANA,ROAD TRANSPORT AND,1491,WIDENING TO 2 LANE WITH PAVED SHOULDERS OF MEDAK - SIDDIPET SECTION FROM KM 0/0 TO KM 69/978 OF NH-,MoRTH,N24002001,1/2022,1/2025,N.A.,6/2025,882.18,N.A.,882.18,263.81,60.63
TELANGANA,ROAD TRANSPORT AND,1492,WIDENING AND IMPROVEMENT OF EXISTING CARRIAGE WAY TO 2 LANE WITH PAVED SHOULDERS FROM KM. 86/160 TO,MoRTH,N24002002,1/2022,12/2024,N.A.,12/2024,423.48,N.A.,423.48,198.05,65.1
TELANGANA,ROAD TRANSPORT AND,1493,REHABILITATION AND UP- GRADATION OF VALIGONDA TO THORRUR SECTION TO TWO LANE WITH PAVED SHOULDERS FRO,MoRTH,N24002003,1/2022,12/2024,N.A.,3/2025,549.28,N.A.,549.28,173.25,56.79
TELANGANA,ROAD TRANSPORT AND,1494,REHABILITATION AND UPGRADATION OF LB-NAGAR TO MALKAPUR SECTION TO 6-LANE MAIN CARRIAGEWAY WITH SERVI,MoRTH,N24002004,3/2021,7/2024,N.A.,6/2025,545.11,N.A.,545.11,292.77,68.71
TELANGANA,ROAD TRANSPORT AND,1495,WIDENING TO TWO LANE WITH PAVED SHOULDERS OF 'BODHAN BASAR BHAINSA ' SECTION FROM KM 38/900 TO 95/3,MoRTH,N24002005,3/2022,3/2025,N.A.,6/2025,644.45,N.A.,644.45,227.04,64.9
TELANGANA,ROAD TRANSPORT AND,1496,"ONSTRUCTION OF 4-LANE FLYOVER AT AMBERPET-X ROAD, HYDERABAD ON NH-202 IN THE STATE OF TELANGANA",MoRTH,N24002006,10/2017,6/2023,N.A.,12/2024,186.71,N.A.,186.71,177.53,87.3
TELANGANA,ROAD TRANSPORT AND,1497,WIDENING TO TWO LANE WITH PAVED SHOULDERS FROM KM 0/000 TO KM 79/300 OF KALWAKURTHY - KOLLAPUR SECTI,MoRTH,N24002007,3/2022,7/2025,N.A.,7/2025,886.69,N.A.,886.69,148.25,46.87
TELANGANA,ROAD TRANSPORT AND,1498,WIDENING TO 2 LANE WITH PAVED SHOULDERS OF SIDDIPET-ELKATHURTHY SECTION FROM KM 69/978 TO KM 133/6,MoRTH,N24002008,1/2022,12/2024,N.A.,12/2024,578.85,N.A.,578.85,196.36,76.64
TELANGANA,ROAD TRANSPORT AND,1499,WIDENING AND STRENGTHENING TO 2/4 LANE WITH PAVED SHOULDERS OF MAHABUBNAGAR ? CHINCHOLI SECTION FROM,MoRTH,N24002009,1/2022,1/2025,N.A.,7/2025,703.68,N.A.,703.68,252.18,53.65
TELANGANA,ROAD TRANSPORT AND,1500,WIDENING AND STRENGTHENING TO 4 LANE / 2- LANE WITH PAVED SHOULDERS OF MAHABUBNAGAR-CHINCHOLI SECTION,MoRTH,N24002010,3/2022,3/2024,N.A.,10/2025,631.49,N.A.,631.49,54.44,17.65
TRIPURA,PETROLEUM,1501,"GRASS ROOT RAIL FED DEPOT AT SEKERKOTE, AGARTALA AS RESITEMENT OF EXISTING DHARMANAGAR DEPOT",IOCL,N16000495,6/2022,8/2025,Sep-25,9/2025,656.00,N.A.,656.00,310.99,67.8
TRIPURA,ROAD TRANSPORT AND,1502,4 LANE WITH PAVED SHOULDER AGARTALA BYPASS (WESTERN SIDE) CONNECTING NH-8,NHIDCL,N24002132,3/2023,3/2027,N.A.,3/2027,"2,026.05",N.A.,"2,026.05",0.00,1.59
TRIPURA,ROAD TRANSPORT AND,1503,REHABILITATION AND UP- GRADATION OF ROAD FROM DESIGN KM 25.250 TO KM 36.460 (TOTAL LENGH: 11.210 KM),NHIDCL,N24002159,2/2020,3/2026,N.A.,3/2026,174.43,N.A.,174.43,0.00,0.04
TRIPURA,ROAD TRANSPORT AND,1504,IMPROVEMENT AND WIDENING TO 2-LANE WITH PAVED SHOULDER OF ROAD FROM KM 101.300 TO KM 127.319 (TOTAL,NHIDCL,N24002160,1/2024,7/2026,N.A.,7/2026,431.78,N.A.,431.78,0.00,3.08
TRIPURA,ROAD TRANSPORT AND,1505,KHOWAI ?TELIAMURA-AMARPUR- HARINA-SABROOM PACKAGE-2,NHIDCL,N24002161,1/2024,9/2026,N.A.,9/2026,657.21,N.A.,657.21,8.31,5
TRIPURA,ROAD TRANSPORT AND,1506,KHOWAI ?TELIAMURA-AMARPUR- HARINA-SABROOM PACKAGE-3,NHIDCL,N24002162,1/2024,9/2026,N.A.,9/2026,670.90,N.A.,670.90,0.00,0
TRIPURA,ROAD TRANSPORT AND,1507,REHABILITATION AND UPGRADATION OF ROAD FROM KM 0.00 TO KM 18.600 OF KUMARGHAT-KAILASHAHAR SECTION,NHIDCL,N24001263,6/2020,1/2022,Feb-24,12/2024,277.50,302.02,302.02,253.50,99.37
TRIPURA,ROAD TRANSPORT AND,1508,KAILASHAHAR TO KHOWAI PKG-4,NHIDCL,N24001309,11/2020,6/2022,Oct-23,11/2024,159.13,171.50,171.50,84.33,100
TRIPURA,ROAD TRANSPORT AND,1509,2-LANING FROM JOLAIBARI - BELONIA,NHIDCL,N24001317,6/2020,1/2022,Jul-24,11/2024,201.99,287.47,287.47,144.07,95.5
TRIPURA,ROAD TRANSPORT AND,1510,2-LANING OF KHOWAI - AGARTALA SECTION FROM DESIGN KM 31.300 TO KM 45.300 OF NH-208A PKG-3,NHIDCL,N24001318,9/2020,4/2022,Oct-22,5/2024,173.17,N.A.,173.17,93.35,100
TRIPURA,ROAD TRANSPORT AND,1511,MANU-SIMLUNG ( PKG 4),NHIDCL,N24001363,3/2021,12/2022,Jun-23,1/2025,354.79,N.A.,354.79,34.08,17.2
TRIPURA,ROAD TRANSPORT AND,1512,2 LANING FROM MANU-SIMLUNG PKG-2,NHIDCL,N24001542,2/2022,1/2025,N.A.,1/2025,456.88,N.A.,456.88,95.50,41
TRIPURA,ROAD TRANSPORT AND,1513,IMPROVEMENT AND WIDENING TO 2-LANE WITH EARTHEN PAVED SHOULDER FROM UDAIPUR TO SRIMANTAPUR,NHIDCL,N24001914,5/2023,11/2024,N.A.,2/2025,195.95,N.A.,195.95,21.27,21.74
UTTAR PRADESH,CIVIL AVIATION,1514,"CCS INTERNATIONAL AIRPORT , LUCKNOW",AAI,N04000077,6/2018,9/2021,Oct-26,10/2026,"1,383.00","1,938.00","3,291.81","2,134.12",76.57
UTTAR PRADESH,CIVIL AVIATION,1515,DEVELOPMENT OF AYODHYA AIRPORT PHASE-01,AAI,N04000094,3/2021,12/2022,Mar-25,3/2025,242.14,328.00,358.00,339.11,99.9
UTTAR PRADESH,CIVIL AVIATION,1516,"PRAYAGRAJ AIRPORT - CONSTRUCTION OF NEW TERMINAL BUILDING, SECOND LINK TAXI TRACK, APRON EXPANSION,",AAI,N04000102,5/2023,11/2024,Jun-25,6/2025,185.75,274.38,274.38,113.75,55
UTTAR PRADESH,CIVIL AVIATION,1517,AGRA: DEVELOPMENT OF NEW CIVIL ENCLAVE AT AGRA AIRPORT.,AAI,N04000113,6/2024,7/2026,N.A.,7/2026,579.00,N.A.,579.00,0.00,0
UTTAR PRADESH,CIVIL AVIATION,1518,"VARANASI: DEVELOPMENT OF LAL BAHADUR SHASTRI INTERNATIONAL AIRPORT, VARANASI.",AAI,N04000114,7/2024,7/2027,N.A.,7/2027,"2,869.65",N.A.,"2,869.65",7.54,1.6
UTTAR PRADESH,COAL,1519,NEYVELI UTTAR PRADESH POWER PROJECT LIMITED 1980 MW,NLC,N06000152,7/2016,11/2021,Jun-25,6/2025,"17,237.00","21,780.94","21,780.94","18,887.42",87.78
UTTAR PRADESH,COAL,1520,KHADIA EXPANSION OCP,NCL,N06000208,6/2021,3/2025,N.A.,3/2026,491.67,N.A.,491.67,49.85,5.49
UTTAR PRADESH,HOME AFFAIRS,1521,CONSTRUCTION OF 683 VARIOUS TYPE FAMILY QUARTERS AT GROUP CENTRE CRPF CHANDAULI,CPWD FOR MHA,N45000003,5/2019,1/2022,Mar-23,3/2023,199.31,N.A.,199.31,86.49,85
UTTAR PRADESH,PETROLEUM,1522,60 KTA POLYPROPYLENE PROJECT,GAIL,N16000429,3/2019,4/2024,Apr-24,3/2025,910.56,"1,299.02","1,299.02",853.40,92.2
UTTAR PRADESH,PETROLEUM,1523,AUGMENTATION OF FACILITIES AT MATHURA BITUMEN PLANT,IOCL,N16000505,4/2022,4/2025,Dec-26,12/2026,260.12,N.A.,260.12,0.97,18.5
UTTAR PRADESH,PETROLEUM,1524,GRASS-ROOT TERMINAL AT MIRZAPUR UTTAR PRADESH,IOCL,N16000506,9/2022,6/2026,N.A.,11/2026,980.45,N.A.,980.45,135.97,37.6
UTTAR PRADESH,PETROLEUM,1525,"CITY GAS DISTRIBUTION PROJECTS AT LAKHIMPUR KHERI , SITAPUR, BAHRAICH, SHRAVASTI,BALRAMPUR,",BPCL,N16000525,12/2022,6/2030,N.A.,6/2030,"16,654.00",N.A.,"16,654.00",303.61,4.6
UTTAR PRADESH,POWER,1526,KHURJA SUPER THERMAL POWER PROJECT,THDCIL,N18000272,3/2019,9/2023,N.A.,3/2025,"11,089.42",N.A.,"13,129.25","11,419.08",93
UTTAR PRADESH,POWER,1527,KALPI SOLAR POWER PROJECT,NHPC,N18000323,7/2020,3/2022,Mar-24,3/2024,314.64,N.A.,350.46,328.95,94
UTTAR PRADESH,POWER,1528,"SINGRAULI SUPER THERMAL POWER PROJECT, STAGE-III (2X800 MW)",NTPC,N18000382,3/2024,2/2030,N.A.,2/2030,"17,195.31",N.A.,"17,195.31",531.00,0
UTTAR PRADESH,RAILWAYS,1529,VARANASI-MODHOSINGH- ALLAHABAD DOUBLING,RVNL,N22000401,4/2015,3/2022,N.A.,12/2024,943.60,N.A.,"2,018.23","1,780.22",0
UTTAR PRADESH,RAILWAYS,1530,RAMNA - SINGRAULI DOUBLING,ECR,N22000417,8/2015,3/2020,N.A.,9/2024,"2,436.21","2,880.40","2,880.40","2,943.00",90
UTTAR PRADESH,RAILWAYS,1531,KARAILA ROAD - SHAKTINAGAR DOUBLING,ECR,N22000419,8/2015,3/2019,N.A.,8/2024,528.57,762.97,762.97,794.29,90
UTTAR PRADESH,RAILWAYS,1532,BURHWAL - GONDA - 3RD RUNNING LINE.,NER,N22000468,4/2016,,N.A.,9/2025,602.50,N.A.,"1,015.59",937.18,48
UTTAR PRADESH,RAILWAYS,1533,"SHAHGANJ-BHATNI-PHEPHNA- INDARA, MAU-SHAHGANJ (EXCL. MAU-INDARA) PATCH DOUBLING.",NER,N22000470,4/2016,12/2019,N.A.,2/2025,"1,177.96",N.A.,"2,000.00","1,976.93",80
UTTAR PRADESH,RAILWAYS,1534,JHANSI MANIKPUR AND KHAIRAR BHIMSEN DOUBLING,NCR,N22000495,3/2018,3/2023,Mar-27,3/2027,"4,329.53",N.A.,"4,329.53","1,291.69",32
UTTAR PRADESH,RAILWAYS,1535,JHANSI BINA DOUBLING,NCR,N22000496,9/2016,3/2021,Mar-27,3/2027,"2,001.00",N.A.,"2,001.00","1,677.56",85
UTTAR PRADESH,RAILWAYS,1536,MATHURA-JHANSI-3RD LINE (273.80 KM),RVNL,N22000501,6/2016,12/2023,N.A.,12/2024,"3,677.76",N.A.,"5,190.26","5,046.07",0
UTTAR PRADESH,RAILWAYS,1537,SURFACE TRIANGLE LINE BETWEEN BHADURA STATION AND NEW CROSSING STN KARMA DOUBLING,ECR,N22000525,10/2022,10/2027,N.A.,10/2027,199.96,N.A.,199.96,55.09,0
UTTAR PRADESH,RAILWAYS,1538,MUGHALSARAI - ALLAHABAD - 3RD LINE,NCR,N22000544,8/2019,12/2026,N.A.,12/2026,"2,390.00",N.A.,"2,390.00",83.10,55
UTTAR PRADESH,RAILWAYS,1539,ALIGARH-HARDUAGANJ FLYOVER (22 KM),NCR,N22000545,4/2020,6/2026,N.A.,6/2026,"1,456.89","1,244.13","1,456.89",0.00,8
UTTAR PRADESH,RAILWAYS,1540,LALITPUR - BIRARI WITH FLYOVER AT LALITPUR,NCR,N22000546,3/2017,12/2024,Jun-25,6/2025,260.00,356.00,356.00,150.28,50
UTTAR PRADESH,RAILWAYS,1541,ALIGARH-DAUD KHAN - 3RD LINE 6.9 KM AND CONSTRUCTION OF FLYOVER AT DAUD KHAN,NCR,N22000562,4/2019,12/2025,N.A.,12/2025,451.99,779.49,779.49,0.00,30
UTTAR PRADESH,RAILWAYS,1542,ALLAHABAD-BAMHRAULI - 4TH LINE (10 KM) WITH FLY-OVER AT SUBEDARGANJ,NCR,N22000563,4/2019,3/2026,N.A.,3/2026,494.11,N.A.,494.11,0.00,42
UTTAR PRADESH,RAILWAYS,1543,BHANDAI - FLYOVER FOR ETAWAH BOUND DOWN TRAINS,NCR,N22000564,4/2019,12/2025,N.A.,3/2026,187.21,N.A.,250.17,1.75,0
UTTAR PRADESH,RAILWAYS,1544,SAHJANWA - DOHRIGHAT,NER,N22000565,8/2019,3/2029,N.A.,6/2027,371.77,N.A.,"1,319.75",428.43,1
UTTAR PRADESH,RAILWAYS,1545,BAHRAICH - NANPARA - NEPALGANJ (56.15 KM),NER,N22000566,7/2020,12/2024,N.A.,6/2025,950.00,N.A.,341.66,157.46,18
UTTAR PRADESH,RAILWAYS,1546,BAHRAICH SRAVASTI BALRAMPUR (TULSIPUR),NER,N22000569,10/2018,10/2030,N.A.,12/2026,"1,600.00",N.A.,"4,939.78","1,006.24",5
UTTAR PRADESH,RAILWAYS,1547,JANGHAI PRATAPGARH AMETHI DOUBLING,NR,N22000583,11/2017,3/2025,N.A.,3/2025,701.98,N.A.,"1,100.00",0.00,0
UTTAR PRADESH,RAILWAYS,1548,BARABANKI-MALHAUR - 3RD & 4TH LINE (32.84 KM),NR,N22000590,1/2019,3/2025,N.A.,3/2025,323.85,N.A.,323.85,0.00,0
UTTAR PRADESH,RAILWAYS,1549,DOUBLING BETWEEN JAUNPUR JN-ZAFFARABAD (6.28 KM),NR,N22000591,3/2023,12/2026,N.A.,12/2026,177.33,N.A.,177.33,0.00,0
UTTAR PRADESH,RAILWAYS,1550,JANGHAI-PHAPHAMAU - DOUBLING WITH ELECTRIFICATION (46.79 KM),RVNL,N22000596,11/2018,3/2025,N.A.,3/2025,357.48,N.A.,409.38,362.09,0
UTTAR PRADESH,RAILWAYS,1551,BHATNI - AUNRIHAR WITH ELECTRIFICATION (125 KM) (EXCL INDARA - MAU (116.95 KM)),RVNL,N22000598,5/2018,3/2024,N.A.,2/2025,"1,177.96",N.A.,"2,529.46","1,636.33",0
UTTAR PRADESH,RAILWAYS,1552,MATHURA - VRINDAVAN (11 KM),NCR,N22000612,8/2022,6/2025,N.A.,6/2025,402.88,N.A.,402.88,0.00,0
UTTAR PRADESH,RAILWAYS,1553,DOMINGARH - GORAKHPUR - GORAKHPUR CANTT - KUSUMHI - 3RD RUNNING LINE (21.15 KM),NER,N22000613,11/2016,6/2024,N.A.,5/2025,186.85,N.A.,470.47,444.12,85
UTTAR PRADESH,ROAD TRANSPORT AND,1554,GARHMUKTESHWAR (KM. 83.200 OF NH-24) TO MEERUT (KM. 9.860 OF NH-235) INCLUDING CONNECTOR TO NH-119,NHAI,N24002073,10/2019,10/2023,N.A.,6/2024,"2,068.99","2,171.00","2,171.00",209.60,50.5
UTTAR PRADESH,ROAD TRANSPORT AND,1555,WIDENING OF RAEBARELI TO PRAYAGRAJ SECTION FROM KM. 82.650 TO KM. 161.450 OF NH-30 AND LINK ROAD FRO,NHAI,N24002085,11/2023,3/2025,N.A.,3/2025,"1,470.93",N.A.,"1,470.93",69.56,16.37
UTTAR PRADESH,ROAD TRANSPORT AND,1556,CONSTRUCTION OF FOUR LANE HIGHWAY FORM GHAZIPUR BALLIA UP BIHAR STATE BORDER (GREENFIELD) SECTION OF,NHAI,N24002086,10/2022,7/2025,N.A.,7/2025,"1,706.47",N.A.,"1,706.47",688.34,42.05
UTTAR PRADESH,ROAD TRANSPORT AND,1557,CONSTRUCTION OF FOUR LANE HIGHWAY FROM GHAZIPUR BALLIA UP BIHAR STATE BORDER (GREENFIELD) SECTION OF,NHAI,N24002087,10/2022,10/2025,N.A.,10/2025,"1,493.14",N.A.,"1,493.14",45.30,21
UTTAR PRADESH,ROAD TRANSPORT AND,1558,CONSTRUCTION OF FOUR LANE HIGHWAY FROM GHAZIPUR BALLIA UP BIHAR STATE BORDER (GREENFIELD) SECTION OF,NHAI,N24002088,10/2022,8/2025,N.A.,8/2025,"1,493.50",N.A.,"1,493.50",474.79,26.28
UTTAR PRADESH,ROAD TRANSPORT AND,1559,CONSTRUCTION OF FOUR LANE HIGHWAY FROM GHAZIPUR BALLIA UP BIHAR STATE BORDER GREENFIELD SECTION OF N,NHAI,N24002089,10/2022,6/2025,N.A.,6/2025,617.87,N.A.,617.88,95.37,40
UTTAR PRADESH,ROAD TRANSPORT AND,1560,CONSTRUCTION OF FOUR-LANE ?WESTERN SIDE SPUR OF RAMPUR-RUDRAPUR SECTION CONNECTING NH-24 TO NH-87 BY,NHAI,N24002090,3/2021,11/2024,Apr-25,4/2025,646.27,N.A.,646.27,45.15,21.53
UTTAR PRADESH,ROAD TRANSPORT AND,1561,"IMPROVEMENT , UP-GRADATION OF NH-734 SECTION OF MORADABAD - THAKURDWARA - KASHIPUR: ?PACKAGE-I: MORA",NHAI,N24002093,10/2022,9/2025,N.A.,9/2025,"1,841.92",N.A.,"1,841.92",252.41,30.7
UTTAR PRADESH,ROAD TRANSPORT AND,1562,"IMPROVEMENT AND UP- GRADATION OF EXISTING ROAD TO 4L PS FROM KM 123.650 TO 175.080, FROM START OF SHA",NHAI,N24002094,9/2022,11/2025,N.A.,11/2025,"1,212.26",N.A.,"1,212.26",296.47,17.13
UTTAR PRADESH,ROAD TRANSPORT AND,1563,FOUR LANING OF SONAULI GORAKHPUR SECTION OF NH 29E (NEW NH 24) FROM DESIGN CH. 0.000 TO DESIGN CH. 7,NHAI,N24002095,12/2021,3/2025,N.A.,3/2025,"2,555.50",N.A.,"2,555.50",770.48,38.05
UTTAR PRADESH,ROAD TRANSPORT AND,1564,CONSTRUCTION OF 4 LANE GREEN FIELD NORTHERN EAST SIDE GORAKHPUR BYPASS (26.616 KMS) STARTING FROM NH,NHAI,N24002096,2/2023,1/2026,N.A.,1/2026,"1,973.98",N.A.,"1,973.98",545.40,25.47
UTTAR PRADESH,ROAD TRANSPORT AND,1565,STRENGTHENING OF EXISTING 4L AYODHYA BYPASS SECTION FROM DESIGN KM.121.600 TO KM. 144.020 OF NH 28 (,NHAI,N24002097,2/2023,9/2025,N.A.,3/2025,526.45,N.A.,526.45,139.37,63.85
UTTAR PRADESH,ROAD TRANSPORT AND,1566,CONSTRUCTION OF RING ROAD AROUND KANPUR FROM KM.000 TO KM. 23.325 (CHACHENDI SACHENDI I TO MAHARAJPU,NHAI,N24002104,1/2023,6/2026,N.A.,6/2026,"1,754.00",N.A.,"1,754.00",232.91,16.8
UTTAR PRADESH,ROAD TRANSPORT AND,1567,CONSTRUCTION OF NEW 4 LANE PRAYAGRAJ SOUTHERN BYPASS (PHASE-I) FROM DESIGN KM 43+200 (AT MAHUWARI VI,NHAI,N24002105,8/2023,6/2026,N.A.,6/2026,"1,378.36",N.A.,739.00,122.30,16.52
UTTAR PRADESH,ROAD TRANSPORT AND,1568,CONSTRUCTION OF NEW 4 LANE PRAYAGRAJ SOUTHERN BYPASS FROM DESIGN KM 50.860 (NABABA URF NIBI KALA UPA,NHAI,N24002106,8/2023,3/2025,N.A.,3/2025,993.77,N.A.,349.48,204.36,73.8
UTTAR PRADESH,ROAD TRANSPORT AND,1569,CONSTRUCTION OF MARIAHU BYPASS WITH FOUR LANE PAVED SHOULDER CONFIGURATION (KM.53.540 TO KM.59.200),MoRTH,N24002115,3/2023,8/2025,N.A.,8/2025,438.24,362.39,438.24,169.48,16
UTTAR PRADESH,ROAD TRANSPORT AND,1570,REHABILITATION AND UPGRADATION FROM KM 51.600 TO KM 75.700 OF NH-321G (NUHKHAS TO ETAH SECTION) TO T,MoRTH,N24002116,1/2022,8/2025,N.A.,8/2025,343.54,N.A.,343.54,46.95,19
UTTAR PRADESH,ROAD TRANSPORT AND,1571,CONSTRUCTION OF JASRA BYPASS WITH FOUR LANE PAVED SHOULDER CONFIGURATION FROM KM. 379.670 ON NH-76 (,MoRTH,N24002120,2/2023,9/2025,N.A.,9/2025,274.06,N.A.,274.06,88.18,54
UTTAR PRADESH,ROAD TRANSPORT AND,1572,IMPROVEMENT AND UP- GRADATION TO TWO LANE WITH PAVED SHOULDER CONFIGURATION FROM EXISTING KM. 420.00,MoRTH,N24002121,1/2022,9/2025,N.A.,9/2025,509.65,N.A.,509.65,135.93,12
UTTAR PRADESH,ROAD TRANSPORT AND,1573,REHABILITATION AND UP- GRADATION FROM KM. 0.000 TO KM. 40.390 OF NH-730S (MAHARAJGANJ ? NICHLOUL ? TH,MoRTH,N24002134,3/2023,12/2025,N.A.,12/2025,809.25,N.A.,809.25,152.15,0
UTTAR PRADESH,ROAD TRANSPORT AND,1574,CONSTRUCTION OF FOUR LANE HIGHWAY WITH PAVED SHOULDER FROM KM.74.700 TO KM.112.950 OF NH-731A (I/C Y,MoRTH,N24002138,3/2022,6/2026,N.A.,6/2026,"1,141.67",N.A.,"1,141.67",217.88,11
UTTAR PRADESH,ROAD TRANSPORT AND,1575,CONSTRUCTION OF BALRAMPUR BYPASS WITH 2L FLEXIBLE PAVEMENT CONFIGURATION FROM KM.223.000 OF NH-330 T,MoRTH,N24002150,12/2022,2/2026,N.A.,2/2026,515.69,N.A.,515.69,120.12,0
UTTAR PRADESH,ROAD TRANSPORT AND,1576,WIDENING TO 4L RIGID PAVEMENT CONFIGURATION FROM KM 90.00 TO KM 100.800 OF NH-96 (KM 42.O TO KM 53.3,MoRTH,N24002199,12/2022,11/2026,N.A.,11/2026,309.63,N.A.,309.63,3.47,0
UTTAR PRADESH,ROAD TRANSPORT AND,1577,IMPROVEMENT AND UP- GRADATION TO TWO LANE WITH PAVED SHOULDER/FOUR LANE CONFIGURATION FROM EXISTING K,MoRTH,N24002201,1/2022,5/2027,N.A.,5/2027,974.19,N.A.,974.19,0.00,0
UTTAR PRADESH,ROAD TRANSPORT AND,1578,CONSTRUCTION OF RING ROAD FOR RAEBARELI CITY (PHASE -I) ON EASTERN SIDE OF NH 24B,MoRTH,N24000331,12/2019,4/2022,N.A.,12/2024,282.41,N.A.,319.96,271.17,83
UTTAR PRADESH,ROAD TRANSPORT AND,1579,4-LANNING OF VARANASI GORAKHPUR SECTION OF NH-29 FROM 148.00 208.300 KM [PACKAGE-IV],NHAI,N24000551,3/2016,4/2019,Dec-24,12/2024,"1,587.49","3,473.59","3,500.00","3,356.11",96.3
UTTAR PRADESH,ROAD TRANSPORT AND,1580,FOUR LANNING OF RAMPUR- KATHGODAM SECTION OF NH-87 FROM KM 0.000 (KM. 190.000 OF NH-24) TO KM 42.791,NHAI,N24000556,3/2016,4/2019,Jan-25,1/2025,899.00,"1,623.88","1,623.88","1,142.95",92.37
UTTAR PRADESH,ROAD TRANSPORT AND,1581,4-LANNING OF HARIDWAR- NAGINA SECTION OF NH 74 FROM (KM 204.300 OF NH 58) TO KM 73.00,NHAI,N24000564,3/2016,7/2020,Mar-25,3/2025,"1,408.00","1,659.12","1,659.12","1,218.53",81.22
UTTAR PRADESH,ROAD TRANSPORT AND,1582,CONSTRUCTION OF NH-24 EXTENSION 4-LANE BYPASS STARTING FROM BEHTA ROAD AND TERMINATING AT SITAPUR RO,NHAI,N24000796,3/2018,12/2021,Dec-23,7/2024,"1,117.84",N.A.,"1,203.92","1,198.22",99.76
UTTAR PRADESH,ROAD TRANSPORT AND,1583,SIX LANING OF HAPUR BYPASS TO MORADABAD SECTION INCLUDING HAPUR BYPASS FROM KM 50.000 (DESIGN CHAINA,NHAI,N24000798,3/2018,11/2021,N.A.,6/2025,"2,140.93",N.A.,"2,140.93","2,063.10",98.15
UTTAR PRADESH,ROAD TRANSPORT AND,1584,SIX LANING OF CHAKERI TO ALLAHABAD SECTION OF NH-2 FROM KM 483.687 TO KM 628.753 (DESIGN LENGTH ? 14,NHAI,N24001185,11/2017,7/2021,Dec-24,12/2024,"2,159.00","2,262.00","2,262.00","2,249.93",97.5
UTTAR PRADESH,ROAD TRANSPORT AND,1585,TWO / FOUR LANING OF RAEBARELI - JAGDISHPUR SECTION OF NH-330A FROM KM. 0.000 TO KM. 47.800 (DESIGN,NHAI,N24001306,10/2020,3/2023,N.A.,5/2024,724.60,N.A.,724.60,569.96,84.92
UTTAR PRADESH,ROAD TRANSPORT AND,1586,CONSTRUCTION OF 6 LANE BRIDGE ON GANGA ON NH-96 AND ITS APPROACHES IN PHAPHAMAU ALLAHABAD ON EPC MOD,MoRTH,N24001421,7/2018,2/2024,N.A.,8/2025,"1,948.25",N.A.,"1,948.25","1,001.52",70
UTTAR PRADESH,ROAD TRANSPORT AND,1587,CONSTRUCTION OF FOUR-LANE ELEVATED VIADUCT FROM KM.4+634 TO KM.6+345 ON NH- 24A INCLUDING RETAINING W,MoRTH,N24001424,3/2021,9/2023,N.A.,12/2024,185.09,269.81,269.81,261.90,96
UTTAR PRADESH,ROAD TRANSPORT AND,1588,REHABILITATION AND UPGRADATION TO 2 LANE WITH PS OF RADHAITA TO PILIBHIT SECTION OF 46.130 KM,MoRTH,N24001456,4/2020,2/2024,N.A.,12/2024,199.39,212.96,199.39,167.77,97
UTTAR PRADESH,ROAD TRANSPORT AND,1589,REHABILITATION AND UPGRADATION TO 2 LANE WITH PS OF MIRANPUR KATRA TO RADHAITA SECTION OF NH-730C F,MoRTH,N24001457,4/2020,7/2024,N.A.,3/2025,172.50,169.56,172.50,95.74,61
UTTAR PRADESH,ROAD TRANSPORT AND,1590,2-LANE WITH PS OF BEWAR TO NEAR KARRI VILLAGE SECTION OF NH-92 FROM KM.0.00 TO 30.00 UNDER GNHCP,MoRTH,N24001461,4/2020,3/2024,N.A.,12/2024,236.47,N.A.,236.47,129.41,84
UTTAR PRADESH,ROAD TRANSPORT AND,1591,2-LANE WITH PS OF NEAR KARRI VILLAGE TO ETAWAH SECTION OF NH-92 FROM KM.30.000 TO 57.346 UNDER GNHCP,MoRTH,N24001462,4/2020,7/2024,N.A.,1/2025,211.09,N.A.,211.09,118.93,87
UTTAR PRADESH,ROAD TRANSPORT AND,1592,ALLAHGANJ TO MIRANPUR KATRA SECTION OF NH-730C FROM KM.52.770 TO 114.00,MoRTH,N24001463,4/2020,7/2024,N.A.,2/2024,294.84,309.99,294.84,293.39,100
UTTAR PRADESH,ROAD TRANSPORT AND,1593,PROJECTS- REHABILITATION AND UPGRADATION OF NH-731A FROM KM 0.00 TO KM.35.00,MoRTH,N24001464,3/2021,8/2023,N.A.,1/2025,264.86,N.A.,264.86,106.25,75
UTTAR PRADESH,ROAD TRANSPORT AND,1594,IMPROVEMENT AND UPGRADATION TO TWO LANE WITH PAVED SHOULDER CONFIGURATION FROM EXISTING KM 55.00 TO,MoRTH,N24001469,11/2021,5/2024,N.A.,3/2025,307.11,N.A.,307.11,177.96,75
UTTAR PRADESH,ROAD TRANSPORT AND,1595,R/U TO 2-LANE WITH PS OF BEWAR TO ALLAHGANJ SECTION OF NH-730C FROM KM.0.00 TO 52.770 UNDER GNHCP,MoRTH,N24001471,4/2020,11/2024,N.A.,3/2025,325.24,340.16,325.24,230.37,85
UTTAR PRADESH,ROAD TRANSPORT AND,1596,WIDENING AND UPGRADATION TO FOUR LANE CONFIGURATION FROM KM.34.900 (BHADOHI) TO KM.73.134 (JAUNPUR),MoRTH,N24001479,3/2021,5/2024,N.A.,6/2025,395.62,392.03,395.62,256.82,59
UTTAR PRADESH,ROAD TRANSPORT AND,1597,WIDENING AND STRENGTHENING FROM KM 0.00 TO KM 15.089 OF NH-334A (PURKAJI-LAKSAR-HARIDWAR ROAD) TO TW,MoRTH,N24001480,10/2021,4/2024,N.A.,12/2024,227.06,N.A.,227.06,119.19,90
UTTAR PRADESH,ROAD TRANSPORT AND,1598,6L ACCESS-CONTROLLED HIGHWAY FROM (GANESHPUR) TO(NEAR MOHAND) OF GANESHPUR ? DEHRADUN SECTION FROM K,NHAI,N24001523,3/2021,10/2023,Dec-24,12/2024,836.24,N.A.,836.24,782.44,98.63
UTTAR PRADESH,ROAD TRANSPORT AND,1599,6L OF ACCESS-CONTROLLED HIGHWAY FROM MOHAND TO DAAT KALI TUNNEL OF GANESHPUR ? DEHRADUN SECTION FROM,NHAI,N24001524,3/2021,10/2023,Dec-24,12/2024,990.28,N.A.,990.28,997.51,98.95
UTTAR PRADESH,ROAD TRANSPORT AND,1600,WIDENING AND STRENGTHENING OF SECTION FROM BHARTHANA CHOWK TO KODARKOOT (KM. 0.00 TO KM. 40.00) OF,MoRTH,N24001587,3/2020,9/2024,N.A.,1/2025,262.37,343.77,343.77,240.50,68
UTTAR PRADESH,ROAD TRANSPORT AND,1601,4L SPUR OF SHAMLI- MUZZAFARNAGAR CONNECTING NH-709AD (PANIPAT-SHAMLI- MUZAFFARNAGAR) AND NH-58 (MEERUT,NHAI,N24001726,1/2023,8/2024,N.A.,8/2024,391.26,N.A.,391.26,14.12,78.9
UTTAR PRADESH,ROAD TRANSPORT AND,1602,"IMPROVEMENT AND UP- GRADATION OF EXISTING ROAD TO 2/4L PS FROM KM 40.000 TO 88.750, START OF KHUTAR B",NHAI,N24001727,3/2022,2/2025,N.A.,2/2025,762.62,N.A.,762.62,424.23,70.95
UTTAR PRADESH,ROAD TRANSPORT AND,1603,"IMPROVEMENT AND UP- GRADATION OF EXISTING ROAD TO 4L PS FROM KM 175.080 TO 229.070, FROM END OF HARDO",NHAI,N24001728,12/2021,7/2025,N.A.,7/2025,"1,138.81",N.A.,"1,138.81",351.77,94.1
UTTAR PRADESH,ROAD TRANSPORT AND,1604,4L SPUR OF PANIPAT - SHAMLI CONNECTING NH-709AD (PANIPAT ? SHAMLI ? MUZAFFARNAGAR) AND NH-709A (KARN,NHAI,N24001729,8/2022,4/2024,N.A.,12/2024,326.79,N.A.,329.79,97.49,79.11
UTTAR PRADESH,ROAD TRANSPORT AND,1605,4L FROM GAJU VILLAGE AT KM 32.982 TO DEVINAGAR BYPASS (END) AT KM 208.000 OF NH 530B (PKG 1C),NHAI,N24001730,12/2021,1/2025,N.A.,1/2025,"1,384.79",N.A.,"1,384.79",657.94,97.98
UTTAR PRADESH,ROAD TRANSPORT AND,1606,6L GREENFIELD KANPUR - LUCKNOW (EXPRESSWAY) PKG II FROM KM. 28.500 TO KM. 73.744,NHAI,N24001731,12/2021,5/2025,May-25,5/2025,"2,470.64",N.A.,"2,335.00",534.88,69.8
UTTAR PRADESH,ROAD TRANSPORT AND,1607,"IMPROVEMENT AND UP- GRADATION OF EXISTING ROAD TO 4L PS FROM KM 229.070 TO 260.800, END OF HARDOI DIS",NHAI,N24001732,12/2021,10/2024,N.A.,4/2025,540.97,N.A.,540.97,212.00,68.47
UTTAR PRADESH,ROAD TRANSPORT AND,1608,6L ACCESS CONTROLLED GREENFIELD HIGHWAY OF JUNCTION OF EPE (VILL.- MAVIKALAN) TO VILL.-LOHADDA FROM K,NHAI,N24001733,3/2022,8/2024,N.A.,12/2024,"1,602.48",N.A.,"1,602.48",359.95,75.5
UTTAR PRADESH,ROAD TRANSPORT AND,1609,6L ACCESS CONTROL GREENFIELD HIGHWAY OF VILL- LOHADDA TO VILL-KARAUNDA MAHAJAN FROM KM. 27.000 TO KM.,NHAI,N24001734,3/2022,8/2024,N.A.,12/2024,"1,335.45",N.A.,"1,335.45",357.70,70.5
UTTAR PRADESH,ROAD TRANSPORT AND,1610,6L ACCESS CONTROL GREENFIELD HIGHWAY OF VILL- KHYAWARI TO VILL-LATIFPUR AT SAHARANPUR BYPASS FROM KM,NHAI,N24001735,3/2022,8/2024,N.A.,12/2024,"1,428.19",N.A.,"1,428.19",432.66,71
UTTAR PRADESH,ROAD TRANSPORT AND,1611,6L ACCESS CONTROL GREENFIELD HIGHWAY OF VILL- KARAUNDA MAHAJAN TO VILL- KHYAWARI FROM KM. 56.500 TO K,NHAI,N24001736,1/2022,8/2024,N.A.,12/2024,"1,159.96",N.A.,"1,159.96",510.48,98
UTTAR PRADESH,ROAD TRANSPORT AND,1612,"4LPS OF MUZAFFARNAGAR TO MIRANPUR SECTION OF NH- 709AD, PKG-III",NHAI,N24001737,11/2021,4/2024,N.A.,4/2024,923.15,N.A.,923.15,455.61,97.62
UTTAR PRADESH,ROAD TRANSPORT AND,1613,"2LPS OF BIJNOR TO KOTAWALI SECTION OF NH-709AD, PKG-IV",NHAI,N24001738,9/2021,10/2023,Dec-24,12/2024,300.79,N.A.,300.79,122.56,66.5
UTTAR PRADESH,ROAD TRANSPORT AND,1614,REHABILITATION and UPGRADATION FROM 2 LANE TO 4 LANE OF NH STRETCH UNDER BHARATMALA PARIYOJANA FOR U,NHAI,N24001739,10/2019,11/2023,Dec-24,12/2024,"1,779.83",N.A.,"2,200.00","1,056.00",99.46
UTTAR PRADESH,ROAD TRANSPORT AND,1615,"4L OF SHAMLI BYAPSS- SAHARANPUR FROM KM 92.2 TO KM 155.025 SECTION OF NH- 709B, PKG-II",NHAI,N24001744,5/2019,11/2022,N.A.,12/2024,779.17,N.A.,779.17,54.69,95.5
UTTAR PRADESH,ROAD TRANSPORT AND,1616,KANPUR LUCKNOW EXPRESSWAY PKG-1 CONSTRUCTION OF 6-LANE TO EIGHT LANE OF KANPUR LUCKNOW EXPRESSWAY (N,NHAI,N24001745,12/2021,7/2025,Jul-25,7/2025,"1,972.10",N.A.,"1,936.00",431.50,55.73
UTTAR PRADESH,ROAD TRANSPORT AND,1617,2-LANE EXISTING RAMPUR BYPASS OF RAMPUR TO BE DEVELOPED TO 4-LANE ON EPC MODE IN THE STATE OF UTTAR,NHAI,N24001746,3/2021,4/2024,Jan-25,1/2025,364.47,N.A.,364.47,138.71,70.3
UTTAR PRADESH,ROAD TRANSPORT AND,1618,4 LANING OF NAJIBABAD BYPASS OF NH-119 FROM KM. 105.423 TO KM. 118.373 (EXCLUDING 2.45 KM. OF NH-74,NHAI,N24001753,2/2022,6/2024,Dec-24,12/2024,570.98,578.02,578.02,342.58,82.02
UTTAR PRADESH,ROAD TRANSPORT AND,1619,SPUR OF MEERUT-GARH- MUKTESHWAR SECTION(NH- 709A) CONNECTING NH-119 AND NH-58 BYPASSING MEERUT TOWN,NHAI,N24001754,1/2022,10/2024,N.A.,10/2024,953.79,N.A.,953.79,384.66,45
UTTAR PRADESH,ROAD TRANSPORT AND,1620,4-LANING OF MEERUT NAJIBABAD SECTION FROM KM. 11.500 TO KM 39.250 AND KM 86.590 TO KM. 112.545.IN TH,NHAI,N24001755,10/2019,3/2023,Dec-24,12/2024,"1,936.68",N.A.,"2,458.03","1,380.90",98.8
UTTAR PRADESH,ROAD TRANSPORT AND,1621,4 LANE CONNECTOR FROM DELHI MEERUT EXPRESSWAY KM 50.000 TO KM 8.520 OF NH 235 IN THE STATE OF UTTAR,NHAI,N24001772,8/2021,3/2024,Dec-24,12/2024,"1,147.26",N.A.,"1,147.26",81.34,38
UTTAR PRADESH,ROAD TRANSPORT AND,1622,"4L BYPASSES FOR JAGATPUR, B4ABUGANJ, UNCHAHAR, ALAPUR BYPASS, AND SAI RIVER BRIDGE OF RAEBARELI- PRA",NHAI,N24001815,12/2022,11/2024,N.A.,11/2024,"1,699.00","1,078.00","1,699.00",64.39,51.2
UTTAR PRADESH,ROAD TRANSPORT AND,1623,VARANASI RING ROAD (PKG-II) CONNECTING SANDAHA VILLAGE (KM 11.70 / NH-29) WITH REVASA VILLAGE (KM 81,NHAI,N24001826,2/2019,2/2022,Dec-24,12/2024,927.77,N.A.,"1,603.00","1,202.77",79.45
UTTAR PRADESH,ROAD TRANSPORT AND,1624,SIX LANE ACCESS CONTROLLED OF DELHI SAHARANPUR HIGHWAY FROM DELHI UP BORDER TO EPE JUNCTION CH.14.75,NHAI,N24001830,6/2020,11/2023,Dec-24,12/2024,"2,002.79",N.A.,"2,002.79","1,989.85",99
UTTAR PRADESH,ROAD TRANSPORT AND,1625,4L FROM MATHURA BYPASS (START) AT EXISTING KM. 154.20 OF NH-44 TO GAJU VILLAGE AT KM 32.982 OF NH-53,NHAI,N24001851,1/2022,3/2025,N.A.,3/2025,"1,738.20",N.A.,"1,738.20",742.13,65
UTTAR PRADESH,ROAD TRANSPORT AND,1626,6L OF AGRA BYPASS (NORTHERN) CONNECTING KM. 174.500 OF NH-2 (NEW NH-19) TO KM. 141.000 OF YAMUNA EXP,NHAI,N24001852,10/2021,2/2025,N.A.,2/2025,957.62,N.A.,957.62,651.03,86
UTTAR PRADESH,ROAD TRANSPORT AND,1627,CONSTRUCTION OF LEFT OUT PORTION OF AGRA INNER RING ROAD CONNECTING VILLAGE DEORI TO NH-44 VILLAGE B,NHAI,N24001853,10/2021,9/2024,Mar-25,9/2024,772.05,N.A.,772.05,553.91,67.5
UTTAR PRADESH,ROAD TRANSPORT AND,1628,CONSTRUCTION OF 4-LANE GREEN FIELD HIGHWAY FROM KM. 35.000 TO KM. 49.155 OF NH- 731A WITH PAVED SHOUL,MoRTH,N24001929,1/2022,10/2025,N.A.,10/2025,697.66,N.A.,697.66,254.47,69
UTTAR PRADESH,ROAD TRANSPORT AND,1629,BALANCE WORKS OF 4-LANNING OF RAMPUR-KATHGODAM SECTION OF NH-87 (NEW NH NO. 09) FROM KM. 0.000 (KM 1,NHAI,N24001992,8/2022,2/2024,Jan-25,1/2025,199.31,199.38,199.38,130.59,68.81
UTTAR PRADESH,ROAD TRANSPORT AND,1630,CONSTRUCTION OF TWO LANE WITH PAVED SHOULDER HIGHWAY FROM DESIGN CH.0.000 TO CH.49.2OO OF NH- 731B ON,MoRTH,N24001996,3/2022,11/2025,N.A.,11/2025,640.18,602.76,602.76,373.04,47
UTTAR PRADESH,ROAD TRANSPORT AND,1631,CONSTRUCTION OF SHOHRATGARH BYPASS ON NH- 730 UNDER EPC MODE IN THE STATE OF UTTAR PRADESH,MoRTH,N24001997,10/2022,5/2025,N.A.,5/2025,189.31,N.A.,189.31,50.71,15
UTTAR PRADESH,ROAD TRANSPORT AND,1632,IMPROVEMENT AND UPGRADATION TO TWO LANE WITH PAVED SHOULDER CONFIGURATION FROM EXISTING KM 90.00 TO,MoRTH,N24002015,11/2021,6/2025,N.A.,6/2025,403.36,328.49,403.36,90.91,38
UTTAR PRADESH,ROAD TRANSPORT AND,1633,CONSTRUCTION OF PRATAPGARH BYPASS (EXTENSION) CONNECTING NH- 31 TO NH-330,MoRTH,N24002016,10/2022,6/2025,N.A.,6/2025,225.17,N.A.,225.17,94.39,43
UTTAR PRADESH,ROAD TRANSPORT AND,1634,WIDENING TO FOUR LANE WITH PAVED SHOULDER FROM DESIGN KM.49.200 TO KM.89.285 OF NH-731B ON EPC MODE,MoRTH,N24002029,3/2022,1/2026,N.A.,1/2026,917.91,956.30,917.91,496.60,26
UTTAR PRADESH,ROAD TRANSPORT AND,1635,CONSTRUCTION OF TWO LANE WITH PAVED SHOULDER FROM EXISTING KM.0.000 TO KM.55.610 (DESIGN KM. 0.000 T,MoRTH,N24002031,12/2021,2/2026,N.A.,2/2026,840.93,773.58,840.93,387.31,9
UTTAR PRADESH,ROAD TRANSPORT AND,1636,CONSTRUCTION OF 4-LANE HIGHWAY WITH PAVED SHOULDERS FROM KM 49.155 TO KM 74.700 OF NH-731A ON HYBRID,MoRTH,N24002032,1/2022,1/2026,N.A.,1/2026,"1,156.72",N.A.,"1,156.72",244.72,28
UTTAR PRADESH,ROAD TRANSPORT AND,1637,DEVELOPMENT OF SIX-LANE ACCESS CONTROLLED HIGHWAY FROM GOGWAN JALALPUR (SHAMLI DISTRICT) TO RANIPUR,NHAI,N24002036,4/2022,5/2025,N.A.,5/2025,"1,843.59",N.A.,"1,843.59",774.42,33
UTTAR PRADESH,URBAN DEVELOPMENT,1638,KANPUR METRO RAIL PROJECT,LMRCL,N28000144,5/2019,3/2024,N.A.,6/2026,"11,076.48",N.A.,"11,076.48","7,951.03",67
UTTAR PRADESH,URBAN DEVELOPMENT,1639,AGRA METRO RAIL PROJECT,LMRCL,N28000145,5/2019,3/2024,N.A.,12/2025,"8,379.62",N.A.,"8,379.62","4,161.93",45.5
UTTAR PRADESH,WATER RESOURCES,1640,"INTERCEPTION, DIVERSION AND TREATMENT WORKS FOR NAINI DISTRICT G PHAPHAMAU DISTRICT F AND JHUSI AREA",UPJalNigam,N30000006,5/2017,9/2021,N.A.,6/2023,767.59,N.A.,767.59,276.97,100
UTTAR PRADESH,WATER RESOURCES,1641,FARRUKHABAD I AND D AND STP WORKS HAM,UPJalNigam,N30000008,10/2017,3/2022,Feb-21,12/2024,213.62,261.12,261.12,177.62,95
UTTAR PRADESH,WATER RESOURCES,1642,STP AT PANKHA KANPUR AND INTEGRATION WITH EXISTING STPS,UPJalNigam,N30000010,3/2018,9/2021,N.A.,7/2023,967.23,708.70,967.23,254.98,100
UTTAR PRADESH,WATER RESOURCES,1643,"INTERCEPTION AND DIVERSION WORKS WITH STP AT BAREILLY, UTTAR PRADESH",UPJalNigam,N30000013,3/2019,8/2021,N.A.,7/2024,271.39,N.A.,271.39,182.26,100
UTTAR PRADESH,WATER RESOURCES,1644,MATHURA SEWERAGE SCHEME,UPJalNigam,N30000019,12/2017,12/2020,Jun-18,6/2022,460.45,N.A.,460.45,315.30,100
UTTAR PRADESH,WATER RESOURCES,1645,INTERCEPTION AND DIVERSION WORKS AND STP AT MUZAFFARNAGAR UTTAR PRADESH,UPJalNigam,N30000021,1/2019,12/2021,Jan-20,12/2024,231.79,234.03,234.03,141.79,96
UTTAR PRADESH,WATER RESOURCES,1646,INTERCEPTION AND DIVERSION WORKS AND SEWAGE TREATMENT PLANT AT JAUNPUR UTTAR PRADESH,UPJalNigam,N30000022,1/2019,10/2021,N.A.,7/2023,206.05,N.A.,206.05,140.22,100
UTTAR PRADESH,WATER RESOURCES,1647,SEWERAGE SCHEME INTERCEPTION AND DIVERSION WITH STP WORKS AT MEERUT UTTAR PRADESH,UPJalNigam,N30000024,2/2019,6/2022,N.A.,12/2025,681.78,N.A.,690.71,13.34,0
UTTAR PRADESH,WATER RESOURCES,1648,INTERCEPTION AND DIVERSION WORKS WITH STP AT LUCKNOW UTTAR PRADESH,UPJalNigam,N30000025,3/2019,7/2021,May-20,9/2024,298.12,N.A.,240.93,94.86,100
UTTARAKHAND,CIVIL AVIATION,1649,"CONSTRUCTION OF DOMESTIC PASSENGER TERMINAL BUILDING AT DEHRADUN AIRPORT, DEHRADUN",AAI,N04000085,7/2018,9/2020,N.A.,9/2024,456.86,N.A.,500.00,483.66,100
UTTARAKHAND,POWER,1650,TEHRI PUMPED STORAGE PLANT(1000MW),THDCIL,N18000010,7/2006,2/2016,Jun-22,6/2025,"1,657.00","4,825.60","7,686.32","7,160.12",97.8
UTTARAKHAND,POWER,1651,TAPOVAN-VISHNUGAD HEP (4X130MW),NTPC,N18000014,11/2006,3/2013,N.A.,4/2029,"2,978.48",N.A.,"7,103.00","6,298.38",75
UTTARAKHAND,POWER,1652,VISHNUGAD PIPALKOTI HYDRO ELECTRIC PROJECT,THDCIL,N18000042,8/2008,6/2013,N.A.,6/2026,"2,491.58","3,860.35","6,303.00","4,237.91",68.8
UTTARAKHAND,POWER,1653,LATA-TAPOVAN HYDRO ELECTRIC POWER PROJECT 3X57 MW,NTPC,N18000142,7/2012,8/2017,N.A.,8/2017,"1,527.00",N.A.,"1,527.00",149.93,0
UTTARAKHAND,RAILWAYS,1654,RISHIKESH - KARNAPRAYAG NEW LINE,RVNL,N22000406,4/2011,12/2024,N.A.,3/2025,"16,216.00",N.A.,"24,659.00","18,820.04",0
UTTARAKHAND,ROAD TRANSPORT AND,1655,CONSTRUCTION FOR MITIGATION MEASURES KM 368.00-UTTARAKHAND-TO KM 433.00 ON NH-07-PKG-1,NHIDCL,N24002163,12/2023,12/2025,N.A.,12/2025,216.88,N.A.,216.88,0.00,14.51
UTTARAKHAND,ROAD TRANSPORT AND,1656,CONSTRUCTION FOR MITIGATION MEASURES KM 450.00-UTTARAKHAND-TO KM 468.00 ON NH-07-PKG-3,NHIDCL,N24002164,12/2023,12/2025,N.A.,12/2025,250.33,N.A.,250.33,0.00,21
UTTARAKHAND,ROAD TRANSPORT AND,1657,4-LANING OF KASHIPUR- SITARGANJ SECTION,MEGA,N24000465,11/2012,8/2016,N.A.,8/2016,605.84,N.A.,605.84,0.00,0
UTTARAKHAND,ROAD TRANSPORT AND,1658,FOUR LANNING OF RAMPUR- KATHGODAM SECTION OF NH-87 FROM KM 42.791 (DESIGN CHAINAGE 43.446) TO KM 88,NHAI,N24000559,3/2016,10/2019,Dec-24,12/2024,720.00,"1,150.00","1,150.00",644.57,96.81
UTTARAKHAND,ROAD TRANSPORT AND,1659,CONSTRUCTION AND UPGRADATION OF EXISTING ROAD TO 2 LANE WITH PAVED SHOULDER FROM KM 368.00 TO KM 399,NHIDCL,N24000741,3/2018,11/2020,Dec-22,3/2024,274.31,N.A.,274.31,251.61,99
UTTARAKHAND,ROAD TRANSPORT AND,1660,2 LANE WITH PAVED SHOULDER FROM KM 399.00 TO KM 430.00 OF KARANPARYAG TO CHAMOLI UNDER CHARDHAM PARI,NHIDCL,N24000742,3/2018,11/2020,Dec-22,3/2024,403.36,N.A.,403.36,337.72,98.93
UTTARAKHAND,ROAD TRANSPORT AND,1661,2 LANE WITH PAVED SHOULDER FROM KM 430.00 TO KM 468.00 OF CHAMOLI TO PAINI UNDER CHARDHAM PARIYOJNA,NHIDCL,N24000743,3/2018,11/2020,Dec-22,3/2024,417.24,N.A.,417.24,344.20,99.88
UTTARAKHAND,ROAD TRANSPORT AND,1662,RECONSTRUCTION WITH GEOMETRIC IMPROVEMENT OF EXISTING 2 LANE/INTERMEDIATE LANE TO 2LANE WITH PAVED S,MoRTH,N24000772,12/2017,12/2019,N.A.,12/2019,257.34,N.A.,257.34,232.69,100
UTTARAKHAND,ROAD TRANSPORT AND,1663,RECONSTRUCTION WITH GEOMETRIC IMPROVEMENT OF EXISTING 2 LANE/INTERMEDIATE LANE TO 2LANE WITH PAVED S,MoRTH,N24000773,12/2017,12/2019,N.A.,12/2019,200.34,253.43,200.34,227.98,100
UTTARAKHAND,ROAD TRANSPORT AND,1664,WIDENING OF EXISTING SINGLE LANE ROAD TO TWO LANE WITH PAVED SHOULDERS CONFIGURATION FROM KM. 235.00,MoRTH,N24000774,12/2017,12/2019,N.A.,12/2019,248.22,N.A.,248.22,236.80,100
UTTARAKHAND,ROAD TRANSPORT AND,1665,RECONSTRUCTION WITH GEOMETRIC IMPROVEMENT OF EXISTING 2 LANE/INTERMEDIATE LANE TO 2LANE WITH PAVED S,MoRTH,N24000775,6/2017,6/2019,Mar-23,3/2023,282.08,N.A.,282.08,234.97,100
UTTARAKHAND,ROAD TRANSPORT AND,1666,RECONSTRUCTION WITH GEOMETIC IMPROVEMENT OF EXISTING TWO LANE TO 2- LANE WITH PAVED SHOULDERS CONFIG,MoRTH,N24000776,11/2017,11/2019,N.A.,11/2019,232.81,N.A.,232.81,201.58,100
UTTARAKHAND,ROAD TRANSPORT AND,1667,RECONSTRUCTION WITH GEOMETIC IMPROVEMENT OF SINGLE LANE TO 2- LANE WITH PAVED SHOULDER CONFIGURATION,MoRTH,N24000777,11/2017,11/2019,N.A.,11/2019,283.51,N.A.,283.51,278.51,100
UTTARAKHAND,ROAD TRANSPORT AND,1668,RECONSTRUCTION WITH GEOMETRIC IMPROVEMENT OF EXISTING SINGLE/INTERMEDIATE LANE TO 2LANE WITH PAVED S,MoRTH,N24000778,11/2017,11/2019,N.A.,11/2019,266.52,N.A.,266.52,250.34,100
UTTARAKHAND,ROAD TRANSPORT AND,1669,RECONSTRUCTION WITH GEOMETRIC IMPROVEMENT OF EXISTING SINGLE/INTERMEDIATE LANE TO 2 LANE WITH EAR,MoRTH,N24000779,2/2018,2/2020,Mar-23,3/2023,418.88,N.A.,418.88,339.71,94
UTTARAKHAND,ROAD TRANSPORT AND,1670,REHABILITATION AND UP GRADATION OF 2 LANE/ 2 LANE WITH PAVED SHOULDER FROM EXISTING KM. 172.900 TO K,MoRTH,N24000780,2/2018,,Apr-23,4/2023,293.68,N.A.,293.68,244.25,100
UTTARAKHAND,ROAD TRANSPORT AND,1671,CONSTRUCTION OF KUND BYPASS FROM EXISTING KM 33+130 TO KM 41+260 (EXISTING LENGTH: 8.130 KM); DESIGN,MoRTH,N24000781,5/2018,5/2020,Dec-23,12/2023,248.00,N.A.,248.00,120.50,65.56
UTTARAKHAND,ROAD TRANSPORT AND,1672,REHABILITATION AND UPGRADATION OF 2 LANE WITH PAVED SHOULDER FROM EXISTING KM. 195.175 TO KM. 220.00,MoRTH,N24000782,3/2018,,N.A.,,460.73,N.A.,461.00,0.00,0
UTTARAKHAND,ROAD TRANSPORT AND,1673,CONSTRUCTION OF 4.5 KM LONG SILKYARA TUNNEL BETWEEN KM 25.40 TO 50.25 KM (TUNNEL WORK),NHIDCL,N24000855,3/2018,7/2022,Jul-22,1/2026,"1,383.78",N.A.,"1,383.78",604.80,61.99
UTTARAKHAND,ROAD TRANSPORT AND,1674,RECONSTRUCTION WITH GEOMETRIC IMPROVMENT OF EXISTING INTERMEDIATE LANE TO 2 LANE WITH PAVED SHOULDER,MoRTH,N24001130,8/2016,12/2017,N.A.,12/2017,234.88,273.49,234.88,237.19,100
UTTARAKHAND,ROAD TRANSPORT AND,1675,6L ACCESS-CONTROLLED HIGHWAY OF DAAT KALI TUNNEL - DEHRADUN OF GANESHPUR ? DEHRADUN SECTION FROM KM.,NHAI,N24001525,3/2021,3/2024,Dec-24,12/2024,169.08,N.A.,169.08,94.67,98.87
UTTARAKHAND,ROAD TRANSPORT AND,1676,UPGRADATION AND 4L OF HARIDWAR BYPASS FROM KM 0.000 (KM 188.100 OF NH-58) TO KM. 15.100 (KM 5.100 OF,NHAI,N24001526,8/2021,10/2024,Aug-25,8/2025,"1,377.79","1,384.11","1,377.79",679.10,46.81
UTTARAKHAND,ROAD TRANSPORT AND,1677,4L MEDINIPUR TO BALLUPUR FROM KM. 458.65 TO KM. 487.65 OF NH-07(PKG-2),NHAI,N24001553,3/2022,2/2025,Feb-25,2/2025,"1,092.90","1,092.90","1,092.90",461.92,65.57
UTTARAKHAND,ROAD TRANSPORT AND,1678,4L POANTA SAHEB?MEDNIPUR FROM KM. 435.65 TO KM. 458.65 OF NH-07(PKG-1),NHAI,N24001990,6/2022,5/2025,May-25,5/2025,524.54,683.26,683.26,74.94,50.6
UTTARAKHAND,ROAD TRANSPORT AND,1679,ACCESS ROAD/BRIDGE CONNECTIVITY FROM NH-09 AT KM.40 NEAR JAGBUDA BRIDGE (INDIA) TO BOUNDARY PILLAR,NHAI,N24001991,5/2022,9/2024,May-25,5/2025,314.31,N.A.,314.31,154.78,58.5
UTTARAKHAND,WATER RESOURCES,1680,INTERCEPTION AND DIVERSION WITH STP AT RISHIKESH,UKJalNigam,N30000004,3/2017,11/2019,N.A.,2/2022,158.00,N.A.,158.00,105.88,100
WEST BENGAL,CIVIL AVIATION,1681,CONSTRUCTION OF ATC TOWER AND TECHNICAL BLOCK AT NSCBI AIRPORT KOLKATA,AAI,N04000080,1/2016,3/2020,Jun-22,12/2023,458.00,N.A.,458.00,246.68,100
WEST BENGAL,CIVIL AVIATION,1682,"AIRSIDE CAPACITY ENHANCEMENT OF NSBI AIRPORT, KOLKATA",AAI,N04000081,1/2019,11/2021,N.A.,5/2023,389.71,N.A.,397.00,396.49,100
WEST BENGAL,CIVIL AVIATION,1683,"NSCBI AIRPORT KOLKATA: RE- CONSTRUCTION OF RIGID POSITIONS OF SECONDARY RUNWAY, 'K' AND 'A' TAXIWAY",AAI,N04000109,4/2023,10/2025,N.A.,10/2025,328.30,N.A.,328.30,64.42,31
WEST BENGAL,CIVIL AVIATION,1684,BAGDOGRA AIRPORT: DEVELOPMENT OF NEW CIVIL ENCLAVE AT BAGDOGRA AIRPORT. SUB-HEAD : CONSTRUCTION OF N,AAI,N04000115,8/2024,3/2027,N.A.,3/2027,"1,549.00",N.A.,"1,549.00",44.52,1.3
WEST BENGAL,COAL,1685,RANIGANJ MASTER PLAN,ECL,N06000163,8/2009,8/2019,N.A.,8/2024,"2,661.73",N.A.,"5,146.48",766.22,41.5
WEST BENGAL,COAL,1686,SIDULI MINE (OC AND UG),ECL,N06000165,5/2018,3/2026,N.A.,3/2026,535.18,N.A.,535.17,4.30,14
WEST BENGAL,COAL,1687,NAKRAKONDA KUMARDIH B OCP,ECL,N06000170,8/2018,3/2029,N.A.,3/2029,502.68,N.A.,502.67,59.82,25.3
WEST BENGAL,COAL,1688,SHYAMSUNDARPUR UG INCLUDING SAPI UNIT,ECL,N06000191,4/2020,3/2025,Mar-26,3/2026,483.65,N.A.,483.65,34.20,12
WEST BENGAL,COAL,1689,2.0 MTPA BHOJUDIH NLW WASHERY,BCCL,N06000195,12/2015,3/2017,N.A.,12/2024,341.22,341.22,341.22,324.91,94
WEST BENGAL,COAL,1690,SONEPUR BAZARI EXPANSION OC,ECL,N06000220,7/2021,3/2029,N.A.,3/2029,"5,365.88","5,366.00","5,365.88",521.34,17
WEST BENGAL,COAL,1691,EXPANSION PR OF JHANJRA UG (5.00 MTY),ECL,N06000223,4/2020,3/2029,N.A.,3/2029,"1,210.12",N.A.,"1,210.12",410.48,38
WEST BENGAL,COAL,1692,MOHANPUR EXPANSION OC PHASE II,ECL,N06000236,11/2020,3/2025,Mar-26,3/2026,888.99,N.A.,888.99,93.60,30
WEST BENGAL,COAL,1693,BONJEMEHARI EXPANSION OCP,ECL,N06000244,8/2021,3/2025,Mar-26,3/2026,570.12,N.A.,570.11,53.26,16
WEST BENGAL,COAL,1694,ITAPARA OC,ECL,N06000272,12/2023,3/2030,N.A.,3/2030,929.10,N.A.,929.10,56.57,7
WEST BENGAL,COAL,1695,UCE OF TILABONI UG,ECL,N06000276,1/2023,3/2029,N.A.,3/2029,749.07,N.A.,749.07,3.59,10
WEST BENGAL,COAL,1696,UCE OF PARASEA BELBAID REORGANISATION UG,ECL,N06000277,1/2023,3/2029,N.A.,3/2029,389.10,N.A.,389.10,0.00,16
WEST BENGAL,DEPARTMENT OF HIGHER EDUCATION,1697,CONSTRUCTION OF TWO NOS GIRLS HOSTELS AND ONE NO BOYS HOSTEL OF 500 CAPACITY EACH G PLUS 8 STOREYED,CPWD EDUCATION,N28000146,3/2020,6/2020,N.A.,5/2024,193.83,N.A.,193.83,185.75,99
WEST BENGAL,HOME AFFAIRS,1698,NSG AT KOLKATA,CPWD FOR MHA,N28000104,10/2014,4/2018,N.A.,8/2025,162.88,210.83,210.83,187.10,88.75
WEST BENGAL,MINES,1699,"CONSTRUCTION OF BASEMENTG FLOOR10 STORIES BUILDING FOR THE STATE OF THE ART, DG, GSI AT SECTOR-V, SA",CPWD,N10000015,4/2019,4/2022,N.A.,8/2026,255.37,N.A.,255.37,56.19,25.5
WEST BENGAL,PETROLEUM,1700,DURGAPUR-HALDIA PIPELINE PROJECT,GAIL,N16000275,3/2017,12/2020,Mar-25,3/2025,"1,740.00","2,433.15","2,433.15","2,072.50",87.5
WEST BENGAL,PETROLEUM,1701,CITY GAS DISTRIBUTION IN WEST BENGAL,HPCL,N16000392,3/2019,3/2031,Mar-29,3/2029,"5,830.20",N.A.,"5,830.20",776.54,24.8
WEST BENGAL,PETROLEUM,1702,HALDIA PANAGARH PIPELINE PROJECT,HPCL,N16000478,11/2022,11/2025,N.A.,11/2025,"1,010.00",N.A.,"1,010.00",299.42,59.1
WEST BENGAL,PETROLEUM,1703,"CGD PROJECT AT EAST MEDNIPORE, WEST MEDNIPORE AND JHARGRAM DISTRICTS",IOCL,N16000491,3/2022,3/2030,N.A.,6/2031,609.00,N.A.,609.00,57.37,1.5
WEST BENGAL,PETROLEUM,1704,CGD PROJECT IN WEST BENGAL 11TH ROUND,HPCL,N16000498,6/2022,6/2030,N.A.,6/2030,"2,628.00",N.A.,"2,628.00",163.70,18.7
WEST BENGAL,PETROLEUM,1705,CITY GAS DISTRIBUTION PROJECTS AT ALIPURDUAR AND COOCH BEHAR,BPCL,N16000522,12/2022,3/2030,N.A.,3/2030,"1,017.00",N.A.,"1,017.00",84.03,21.3
WEST BENGAL,POWER,1706,RAMMAM-III HEPP (3X40 MW),NTPC,N18000178,9/2014,9/2019,N.A.,3/2029,"1,381.84",N.A.,"1,803.00","1,042.24",45.1
WEST BENGAL,POWER,1707,DURGAPUR PP-III (2X20 MW) - NSPCL,NTPC,N18000277,12/2016,11/2018,Mar-24,3/2024,529.68,633.80,679.00,558.39,89
WEST BENGAL,RAILWAYS,1708,"TARAKESWAR - BISHNUPUR NEW BG LINE (NL), ER",ER,220100272,4/2000,3/2019,Feb-26,2/2026,"1,188.91",N.A.,"2,582.49","1,104.41",75
WEST BENGAL,RAILWAYS,1709,NEW WORK FOR CONSTRUCTION OF METRO RAILWAY FROM NOAPARA- BARASAI VIA BIMANBANDER (MTP),KOMRCL,N22000108,4/2010,3/2016,N.A.,3/2016,"2,397.72",N.A.,"2,397.72",197.20,17
WEST BENGAL,RAILWAYS,1710,NEW WORK FOR CONSTRUCTION OF METRO RAILWAY FROM BARANAGAR TO BARRACKPORE AND DAKSHINESHWAR (MTP),RVNL,N22000109,4/2010,3/2014,N.A.,12/2025,"2,298.42",N.A.,"2,733.86",392.98,0
WEST BENGAL,RAILWAYS,1711,NEW WORK FOR CONSTRUCTION OF METRO RAILWAY FROM NSCB AIRPORT TO NEW GARIA VIA RAJARHAT (MTP),RVNL,N22000110,4/2010,3/2016,N.A.,3/2026,"3,951.98",N.A.,"8,964.35","7,387.40",0
WEST BENGAL,RAILWAYS,1712,NEW WORK FOR CONSTRUCTION OF METRO RAILWAY FROM JOKA TO BINOY BADAL DINESH BAGH.,RVNL,N22000111,4/2010,3/2016,N.A.,12/2026,"2,913.51",N.A.,"4,834.54","3,918.86",0
WEST BENGAL,RAILWAYS,1713,PURULIA TO KOTSHILA DOUBLING (39.1 KM),SER,N22000510,4/2018,6/2022,N.A.,12/2024,338.00,N.A.,393.83,210.37,70
WEST BENGAL,RAILWAYS,1714,AZIMGANJ-MURSHIDABAD (JIYAGANJ) INCL. RLY. BRIDGE OVER RIVER BHAGIRATHI,ER,N22000609,10/2001,2/2024,N.A.,2/2024,164.33,N.A.,187.05,157.61,100
WEST BENGAL,RAILWAYS,1715,NAHATI - RANAGHAT 3RD LINE (MM OF KALINARAYANPUR - KRISHNANAGAR),ER,N22000624,7/2015,3/2025,Mar-26,3/2026,283.54,N.A.,283.54,159.97,44
WEST BENGAL,RAILWAYS,1716,EAST WEST METRO CORRIDOR KOLKATA,KOMRCL,N22000628,2/2009,9/2016,N.A.,6/2024,"4,874.58","8,575.00","10,442.41",0.00,0
WEST BENGAL,RAILWAYS,1717,KALIPAHARI - BAKHTARNAGAR 5TH LINE (17.61 KM),ER,N22000630,4/2024,6/2027,N.A.,6/2027,350.46,N.A.,350.46,0.00,0
WEST BENGAL,RAILWAYS,1718,SITARAMPUR BYE - PASS LINE (6.59 KM),ER,N22000631,2/2023,3/2027,N.A.,3/2027,461.64,N.A.,461.64,0.29,0
WEST BENGAL,ROAD TRANSPORT AND,1719,CONSTRUCTION OR 4 LANE RANIGANJ BYPASS OF LENGTH 5 261 KM ON NH 60 NEW NH 14 FROM KM 273 00 OF NH,MoRTH,N24002184,3/2023,3/2026,Mar-26,3/2026,410.83,N.A.,410.83,92.21,7.5
WEST BENGAL,ROAD TRANSPORT AND,1720,CONSTRUCTION OF ROB AND ITS APPROACHES IN LIEU OF LEVEL CROSSING NO 10 B T AT KM 307 050 OF NH 60 B,MoRTH,N24002191,3/2016,8/2025,N.A.,8/2025,155.87,N.A.,155.87,15.35,4.91
WEST BENGAL,ROAD TRANSPORT AND,1721,4 LANING OF NH-31D FROM GHOSHPUKUR - SALSALABARI ( KM 0.00 TO KM . 83.785),NHAI,N24000463,12/2015,6/2018,May-24,8/2023,"1,083.00","1,414.01","1,414.01","1,080.05",100
WEST BENGAL,ROAD TRANSPORT AND,1722,SIX-LANING OF BARWA ADDA- PANAGARH,NHAI,N24000515,4/2014,9/2016,N.A.,12/2024,"1,665.00",N.A.,"4,929.29","4,929.29",93.75
WEST BENGAL,ROAD TRANSPORT AND,1723,REHABILITATION AND UP GRADATION OF EXISTING ROAD TO 2-LANE WITH PAVED SHOULDER CONFIGURATION IN PURU,NHAI,N24000788,3/2018,9/2022,Dec-22,3/2025,841.57,708.30,708.30,"7,756.96",93.62
WEST BENGAL,ROAD TRANSPORT AND,1724,CONSTRUCTION OF NEW ROAD AT THE MISSING LINK PORTION OF NH-81 ALONG THE APPROVED ALIGNMENT BETWEEN H,MoRTH,N24000874,3/2016,11/2018,Dec-23,12/2024,271.17,291.20,291.20,180.63,77.81
WEST BENGAL,ROAD TRANSPORT AND,1725,UPGRADATION OF NH-81 WITH A MINIMUM OF 2-LANE WITH PAVED SHOULDER CONFIGURATION STARTING FROM KM 19.,MoRTH,N24000880,2/2018,9/2020,Jan-24,12/2024,426.18,426.18,426.18,364.92,99.4
WEST BENGAL,ROAD TRANSPORT AND,1726,CONSTRUCTION OF ROB AND ITS APPROACHES IN LIEU OF UNMANNED LEVEL CROSSING AT KM 303.9 ON NH-60 (PAND,MoRTH,N24000885,3/2016,9/2023,N.A.,12/2024,160.27,N.A.,213.97,174.36,100
WEST BENGAL,ROAD TRANSPORT AND,1727,CONSTRUCTION OF TWINS 2- LANE ROB AND ITS APPROACHES IN REPLACEMENT OF EXISTING LEVEL CROSSING GATE N,MoRTH,N24000887,6/2016,9/2021,Feb-24,12/2024,236.78,263.26,263.26,232.54,100
WEST BENGAL,ROAD TRANSPORT AND,1728,SIX LANE OF PALSIT TO DANKUNI SECTION FROM 588.870 TO KM. 652.700,NHAI,N24001747,3/2020,9/2024,N.A.,9/2024,"2,193.23","2,314.00","2,314.00","1,905.34",83.37
WEST BENGAL,ROAD TRANSPORT AND,1729,SIX LANING OF NATIONAL CORRIDOR NH19 FROM PANAGARH TO PALSIT IN THE STATE OF WEST BENGAL UNDER BHARA,NHAI,N24001748,3/2021,9/2024,N.A.,6/2025,"2,200.93",N.A.,"2,614.67","2,614.67",93.62
WEST BENGAL,ROAD TRANSPORT AND,1730,FOUR LANING OF PURULIYA BYPASS SECTION OF NH 32 IN THE STATE OF WEST BENGAL ON EPC MODE,NHAI,N24001749,8/2021,8/2023,N.A.,1/2025,557.55,N.A.,557.55,472.81,91.41
WEST BENGAL,ROAD TRANSPORT AND,1731,CONSTRUCTION OF NEW 4 LANE BRIDGE OVER RIVER GANGA AT DOWNSTREAM OF FARAKKA BARRAGE INCLUDING APPROA,NHAI,N24001750,8/2018,12/2021,N.A.,2/2025,622.04,N.A.,622.04,499.50,81.01
WEST BENGAL,ROAD TRANSPORT AND,1732,DEVELOPMENT TO 4/6-LANNING OF NH-31 (NEW NH-10) WITH BOTH SIDE SERVICE ROADS FROM KM 569.258 TO KM 5,MoRTH,N24001850,3/2022,9/2025,Sep-25,9/2025,995.04,995.04,995.04,270.23,34.86
WEST BENGAL,STEEL,1733,REBUILDING OF COKE OVEN BATTERY NO.4 OF DURGAPUR STEEL PLANT,SAIL,N12000132,11/2023,12/2026,N.A.,12/2026,916.78,N.A.,916.78,48.92,3.4
WEST BENGAL,WATER RESOURCES,1734,INTERCEPTION AND DIVERSION WITH STP AT MAHESHTALA,KMDA,N30000032,5/2018,2/2022,N.A.,3/2025,198.43,224.69,224.69,75.82,83
WEST BENGAL,WATER RESOURCES,1735,INTEGRATION OF STPS WITH REHABILITATION AND O AND M OF EXISTING ASSETS,KMDA,N30000033,3/2018,6/2022,N.A.,3/2024,165.16,N.A.,165.16,0.00,0
WEST BENGAL,WATER RESOURCES,1736,INTERCEPTION DIVERSION TREATMENT WORKS AT TOLLYS NULLAH ADI GANGA,KMDA,N30000034,8/2017,9/2022,Jan-23,12/2026,307.12,N.A.,653.67,0.00,0
WEST BENGAL,WATER RESOURCES,1737,INTERCEPTION AND DIVERSION WITH STP AT HUGHLY- CHINSURAH,KMDA,N30000042,5/2018,2/2022,Sep-20,12/2024,160.00,154.73,154.73,84.27,88
WEST BENGAL,WATER RESOURCES,1738,"INTERCEPTION, DIVERSION AND TREATMENT WORKS AT HOWRAH",KMDA,N30000045,8/2017,12/2021,Feb-21,2/2024,185.22,N.A.,185.22,49.99,100
WEST BENGAL,WATER RESOURCES,1739,SEWERAGE SYSTEM AND STP WORKS AT HALISHAHR,KMDA,N30000046,2/2014,12/2019,N.A.,6/2022,274.76,N.A.,332.56,276.93,100
WEST BENGAL,WATER RESOURCES,1740,SEWERAGE SYSTEM WITH SEWER NETWORK AT BARRACKPORE,KMDA,N30000047,12/2014,4/2020,N.A.,6/2022,272.32,341.68,272.32,307.26,100
WEST BENGAL,WATER RESOURCES,1741,"INTERCEPTION, DIVERSION AND TREATMENT WORKS AT BARANAGAR AND KAMARAHATI",KMDA,N30000048,1/2018,12/2021,Feb-21,2/2024,172.10,N.A.,172.10,47.20,100
WEST BENGAL,WATER RESOURCES,1742,INTERCEPTION AND DIVERSION WITH STP AT BALLY,KMDA,N30000049,10/2017,12/2021,Feb-21,2/2024,164.93,N.A.,164.93,45.45,100
WEST BENGAL,WATER RESOURCES,,Total,,,,,,,"2,601,870.34",-,"3,103,301.37","1,652,182.01",
