project_code,sector,ministry,agency,state,log_cost,planned_duration_days,age_days,physical_progress_pct,financial_progress_pct,progress_gap_pct,is_cost_revised,is_schedule_revised,declared_cost_overrun_pct,declared_slip_days,is_ne,elapsed_share,months_past_original_doc,already_overdue,months_remaining,required_velocity,is_newly_added,project_name,y_slip,y_cost_up,exit_status,y_adverse
612786,Aviation & Aviation Infrastructure,Ministry of Civil Aviation,airport authority of india [aai],Andhra Pradesh,5.586911522924786,1037.0,1127.0,65.0,48.539,-16.461,0,1,0.0,181.0,0,1.0867888138862103,2.9566360052562417,1,2.9894875164257555,11.707692307692309,0,"Construction of New Domestic Terminal Building Building and miscellaneous works including maintenance, operations and AICMC at Kadapa Airport",1,0,on_roster,1
701107,Aviation & Aviation Infrastructure,Ministry of Civil Aviation,airport authority of india [aai],Andhra Pradesh,6.418038618426381,822.0,2130.0,87.2,85.5083,-1.6917,0,1,0.0,1491.0,0,2.591240875912409,42.96977660972404,1,6.011826544021025,2.1291366120218576,0,Construction of New Integrated Terminal Building and associated works including apron to park 3 code E type of aircraft or 6 code C type of aircraft at Vijayawada Airport.,1,1,on_roster,1
701121,Aviation & Aviation Infrastructure,Ministry of Civil Aviation,airport authority of india [aai],Andhra Pradesh,5.852633421388556,974.0,1217.0,90.0,49.1978,-40.8022,0,1,0.0,304.0,0,1.2494866529774127,7.982917214191852,1,2.0039421813403417,4.99016393442623,0,Construction of New Domestic Terminal Building at Rajahmundry Airport.,1,0,on_roster,1
706724,Aviation & Aviation Infrastructure,Ministry of Civil Aviation,adani airport holdings limited,Assam,7.44600149832412,3012.0,3408.0,98.0,104.2615,6.2615,1,1,47.1963,457.0,1,1.1314741035856575,13.009198423127463,1,2.0039421813403417,0.9980327868852459,0,Guwahati Airport New Integrated Terminal Building Construction Project,0,0,on_roster,0
612183,Aviation & Aviation Infrastructure,Ministry of Civil Aviation,airport authority of india [aai],Bihar,7.254177846456518,942.0,608.0,1.28,0.5407,-0.7393,0,0,0.0,0.0,0,0.6454352441613588,-10.972404730617608,0,10.972404730617608,8.99711616766467,0,Development of New Civil Enclave at Bihta,0,0,on_roster,0
612194,Aviation & Aviation Infrastructure,Ministry of Civil Aviation,airport authority of india [aai],Bihar,6.8163634125517065,730.0,639.0,65.0,41.0778,-23.9222,0,1,0.0,123.0,0,0.8753424657534247,-2.9894875164257555,0,7.030223390275952,4.978504672897197,0,Development of New Civil Enclave and associated works at Darbhanga Airport,0,0,on_roster,0
701101,Aviation & Aviation Infrastructure,Ministry of Civil Aviation,airport authority of india [aai],Bihar,7.104883343093065,2769.0,2739.0,98.22,98.6663,0.4463,0,0,0.0,0.0,0,0.9891657638136512,-0.9855453350854139,0,0.9855453350854139,1.8061066666666679,0,"Construction of New Domestic Terminal Building [Phase-I and II] and other allied structures at JPNI Airport, Patna",1,0,on_roster,1
619054,Aviation & Aviation Infrastructure,Ministry of Civil Aviation,airport authority of india [aai],Gujarat,5.897428555181388,1096.0,821.0,33.13,24.2027,-8.9273,0,0,0.0,0.0,0,0.7490875912408759,-9.034165571616294,0,9.034165571616294,7.401901090909092,0,Development of Keshod Airport.,0,0,on_roster,0
701126,Aviation & Aviation Infrastructure,Ministry of Civil Aviation,airport authority of india [aai],Gujarat,7.174724309836376,1461.0,1400.0,82.0,57.8221,-24.1779,1,0,18.8506,0.0,0,0.9582477754962354,-2.0039421813403417,0,2.0039421813403417,8.982295081967212,0,"Development of Dholera International Greenfield Airport , Gujarat",1,0,on_roster,1
611047,Aviation & Aviation Infrastructure,Ministry of Civil Aviation,airport authority of india [aai],Jammu and Kashmir,6.759684412907734,974.0,913.0,51.35,37.0921,-14.2579,0,1,0.0,153.0,0,0.9373716632443532,-2.0039421813403417,0,7.030223390275952,6.920121495327103,0,"Construction of NTB complex including apron, taxi track and other associated civil works and electrical & mechanical installations towards Tawi River side at CA Jammu.",0,0,on_roster,0
612787,Aviation & Aviation Infrastructure,Ministry of Civil Aviation,airport authority of india [aai],Karnataka,5.772904226726582,945.0,1035.0,77.0,46.3944,-30.6056,0,1,0.0,151.0,0,1.0952380952380953,2.9566360052562417,1,2.0039421813403417,11.477377049180328,0,Construction of New Domestic Terminal Building and Miscellaneous works at Hubli Airport,1,0,on_roster,1
612788,Aviation & Aviation Infrastructure,Ministry of Civil Aviation,airport authority of india [aai],Karnataka,5.779044542489994,976.0,1035.0,87.0,63.4207,-23.5793,0,1,0.0,120.0,0,1.0604508196721312,1.938239159001314,1,2.0039421813403417,6.487213114754098,0,Construction of New Domestic Terminal Building and Miscellaneous Works at Belagavi Airport.,1,0,on_roster,1
612789,Aviation & Aviation Infrastructure,Ministry of Civil Aviation,airport authority of india [aai],Kerala,6.185323458594698,823.0,1035.0,59.0,42.223,-16.777,0,1,0.0,456.0,0,1.2575941676792224,6.964520367936925,1,8.015768725361367,5.114918032786885,0,"Development of additional RESA on either end on Runway 10-28 at Calicut Airport. Construction of embankment with slope protection, drainage system and associated works for additional RESA on either end on Runway 10-28",0,0,on_roster,0
400010,Aviation & Aviation Infrastructure,Ministry of Civil Aviation,airport authority of india [aai],Ladakh,6.175867270105761,1158.0,2831.0,78.9,78.4078,-0.4922,1,1,33.3333,1764.0,0,2.4447322970639034,54.96057818659658,1,2.9894875164257555,7.058065934065932,0,"Construction of Terminal Building & Associated works at Leh Airport, Ladakh",0,0,on_roster,0
706718,Aviation & Aviation Infrastructure,Ministry of Civil Aviation,airport authority of india [aai],Manipur,6.214608098422191,973.0,1612.0,50.69,40.479,-10.211,0,1,0.0,883.0,1,1.656731757451182,20.992115637319316,1,8.015768725361367,6.151624590163935,0,C/o NITB Imphal Airport,0,0,on_roster,0
611570,Aviation & Aviation Infrastructure,Ministry of Civil Aviation,airport authority of india [aai],"Multi-States (Karnataka, Maharashtra, Telangana, Uttar Pradesh)",6.217563726247825,1735.0,1947.0,78.0,76.1669,-1.8331,0,1,0.0,334.0,0,1.1221902017291066,6.964520367936925,1,4.0078843626806835,5.489180327868852,0,"SITC of ATM Automation System and ASMGCS [Including SMR & MLAT] for Mumbai, Navi Mumbai, Jewar [earlier MOPA, without ASMGCS], HIAL & BIAL",0,0,on_roster,0
618977,Aviation & Aviation Infrastructure,Ministry of Civil Aviation,airport authority of india [aai],Rajasthan,7.318539548567902,791.0,243.0,12.8,2.6808,-10.1192,0,1,0.0,31.0,0,0.30720606826801516,-18.00262812089356,0,19.021024967148488,4.584400690846287,0,"Development of New Greenfield Airport at Bundi, Kota Rajasthan.",0,0,on_roster,0
701127,Aviation & Aviation Infrastructure,Ministry of Civil Aviation,airport authority of india [aai],Rajasthan,6.175867270105761,1369.0,1400.0,97.35,70.825,-26.525,0,1,0.0,31.0,0,1.0226442658875092,1.0183968462549278,1,0.0,,0,Construction of New Passenger Terminal Building for Domestic Operations at Jodhpur Airport.,1,0,on_roster,1
701128,Aviation & Aviation Infrastructure,Ministry of Civil Aviation,airport authority of india [aai],Rajasthan,6.78897174299217,1004.0,1035.0,68.71,59.0316,-9.6784,0,1,0.0,184.0,0,1.0308764940239044,1.0183968462549278,1,5.026281208935611,6.22527843137255,0,Construction of New Integrated Passenger Terminal Building at Udaipur Airport,0,0,on_roster,0
612793,Aviation & Aviation Infrastructure,Ministry of Civil Aviation,airport authority of india [aai],Sikkim,5.781545663121923,943.0,882.0,34.25,25.0077,-9.2423,0,1,0.0,365.0,1,0.9353128313891834,-2.0039421813403417,0,13.994743758212877,4.698192488262911,0,"Widening of basic strip at Western Side of Runway Chainage 80m to 920m i/c slope stabilization Measures [Balance work] of uphill and Improvement of Storm Water Drainage System at Pakyong Airport, Sikkim on design & build basis [EPC] with integrated 10 years maintenance.",0,0,on_roster,0
611602,Aviation & Aviation Infrastructure,Ministry of Civil Aviation,airport authority of india [aai],Tamil Nadu,7.0967213784947605,2618.0,2892.0,38.0,23.9851,-14.0149,0,1,0.0,518.0,0,1.1046600458365163,9.00131406044678,1,8.015768725361367,7.734754098360655,0,"Modernization of Chennai Airport, Phase II, Part 2",0,0,on_roster,0
701113,Aviation & Aviation Infrastructure,Ministry of Civil Aviation,airport authority of india [aai],Uttar Pradesh,7.962293763946991,1095.0,639.0,27.0,19.9341,-7.0659,0,0,0.0,0.0,0,0.5835616438356165,-14.98028909329829,0,14.98028909329829,4.873070175438597,0,"Development of Lal Bahadur Shastri International airport, Varanasi including C/o New Terminal Building, Apron Extension, Runway Extension, PTT and allied works.",0,0,on_roster,0
701122,Aviation & Aviation Infrastructure,Ministry of Civil Aviation,airport authority of india [aai],Uttar Pradesh,6.363028103540465,760.0,669.0,40.03,34.1295,-5.9005,0,1,0.0,123.0,0,0.8802631578947369,-2.9894875164257555,0,7.030223390275952,8.53031214953271,0,Development of New Integrated Civil Enclave at Agra Airport,0,0,on_roster,0
611495,Aviation & Aviation Infrastructure,Ministry of Civil Aviation,airport authority of india [aai],West Bengal,7.346010209913293,942.0,608.0,34.6,28.4964,-6.1036,0,1,0.0,-59.0,0,0.6454352441613588,-10.972404730617608,0,9.034165571616294,7.2391854545454555,0,Development of New Civil Enclave at Bagdogra Airport,1,0,on_roster,1
612791,Aviation & Aviation Infrastructure,Ministry of Civil Aviation,airport authority of india [aai],West Bengal,5.7969691893823185,945.0,1127.0,64.5,42.5739,-21.9261,0,1,0.0,304.0,0,1.1925925925925926,5.978975032851511,1,4.0078843626806835,8.857540983606556,0,"Re-Construction of Rigid portions of Secondary Runway, K and A Taxiway and Strengthening of C Taxiway at NSCBI Airport Kolkata.",0,0,on_roster,0
615820,Coal,Ministry of Coal,mis mocoal integration logins,Assam,5.079974772174869,3287.0,1370.0,88.18,69.769,-18.411,0,0,0.0,0.0,1,0.41679342865835106,-62.97634691195795,0,62.97634691195795,0.18768951486697955,0,TIKAK EXTENSION OCP,0,0,on_roster,0
615821,Coal,Ministry of Coal,mis mocoal integration logins,Assam,5.671465873179658,2922.0,1247.0,3.26,36.4852,33.2252,0,0,0.0,0.0,1,0.4267624914442163,-55.02628120893561,0,55.02628120893561,1.7580690149253733,0,TIRAP OCP,0,0,on_roster,0
400144,Coal,Ministry of Coal,south eastern coalfields limited [secl],Chhattisgarh,7.74548753449964,3012.0,1947.0,11.81,4.9274,-6.8826,0,0,0.0,0.0,0,0.646414342629482,-34.98685939553219,0,34.98685939553219,2.5206606572769954,0,PORDA CHIMTAPANI OCP [10 MTY],0,0,on_roster,0
400149,Coal,Ministry of Coal,south eastern coalfields limited [secl],Chhattisgarh,7.745349063907111,3134.0,2069.0,55.95,43.0249,-12.9251,0,0,0.0,0.0,0,0.660178685386088,-34.98685939553219,0,34.98685939553219,1.259044131455399,0,BAROUD OC EXPANSION [3.0-10.0M,0,0,on_roster,0
400354,Coal,Ministry of Coal,south eastern coalfields limited [secl],Chhattisgarh,8.564534687725287,3012.0,1947.0,38.0,55.5216,17.5216,0,0,0.0,0.0,0,0.646414342629482,-34.98685939553219,0,34.98685939553219,1.772093896713615,0,DIPKA EXPANSION OCP [40 MTY],0,0,on_roster,0
400424,Coal,Ministry of Coal,south eastern coalfields limited [secl],Chhattisgarh,9.377328300604933,2556.0,3683.0,78.48,58.4396,-20.0404,0,1,0.0,1461.0,0,1.4409233176838812,37.023653088042046,1,10.972404730617608,1.961283832335329,0,GEVRA OC [70 MTY],0,0,on_roster,0
613798,Coal,Ministry of Coal,south eastern coalfields limited [secl],Chhattisgarh,5.819993905618264,4046.0,4077.0,42.47,27.05,-15.42,0,0,0.0,0.0,0,1.0076618882847257,1.0183968462549278,1,-1.0183968462549278,,0,AMERA OC RCE [1.0 MTY],0,0,on_roster,0
613799,Coal,Ministry of Coal,south eastern coalfields limited [secl],Chhattisgarh,5.759248716840184,3896.0,3927.0,78.86,60.5802,-18.2798,0,0,0.0,0.0,0,1.0079568788501028,1.0183968462549278,1,-1.0183968462549278,,0,AMGAON OC RCE [1.0 MTY],0,0,on_roster,0
613800,Coal,Ministry of Coal,south eastern coalfields limited [secl],Chhattisgarh,6.132291139932975,3165.0,3561.0,96.15,60.2407,-35.9093,0,1,0.0,730.0,0,1.1251184834123222,13.009198423127463,1,10.972404730617608,0.3508802395209576,0,JAGANNATHPUR OC RCE PROJECT,0,0,on_roster,0
613801,Coal,Ministry of Coal,south eastern coalfields limited [secl],Chhattisgarh,6.0192256178933725,2861.0,2892.0,54.6,45.7344,-8.8656,0,1,0.0,731.0,0,1.010835372247466,1.0183968462549278,1,22.996057818659658,1.9742514285714285,0,MAHAMAYA OCP [1.50 MTY],0,0,on_roster,0
615191,Coal,Ministry of Coal,south eastern coalfields limited [secl],Chhattisgarh,5.79972881570341,2251.0,1186.0,2.01,18.8421,16.8321,0,0,0.0,0.0,0,0.5268769435806309,-34.98685939553219,0,34.98685939553219,2.800765821596244,0,KATKONA RO UG MINE,0,0,on_roster,0
616234,Coal,Ministry of Coal,south eastern coalfields limited [secl],Chhattisgarh,7.453585046345869,3804.0,1278.0,40.34,0.9687,-39.3713,0,0,0.0,0.0,0,0.3359621451104101,-82.98291721419184,0,82.98291721419184,0.7189431512272367,0,PELMA OC MDO,0,0,on_roster,0
617287,Coal,Ministry of Coal,secl - cil,Chhattisgarh,8.415798136250247,1946.0,516.0,22.0,18.089,-3.911,0,0,0.0,0.0,0,0.26515930113052416,-46.97766097240473,0,46.97766097240473,1.6603636363636365,0,KUSMUNDA OC EXPANSION PROJECT,0,0,on_roster,0
617288,Coal,Ministry of Coal,south eastern coalfields limited [secl],Chhattisgarh,5.949626411491186,1520.0,455.0,21.29,30.3416,9.0516,0,0,0.0,0.0,0,0.2993421052631579,-34.98685939553219,0,34.98685939553219,2.249701784037559,0,MANIKPUR OC EXPANSION PROJECT,0,0,on_roster,0
619171,Coal,Ministry of Coal,secl - cil,Chhattisgarh,7.79024514376692,2373.0,212.0,0.01,0.0973,0.0873,0,0,0.0,0.0,0,0.08933839022334597,-70.99211563731932,0,70.99211563731932,1.4084662656177696,0,RPR FOR DURGAPUR OCP 10 MTY,0,0,on_roster,0
619172,Coal,Ministry of Coal,secl - cil,Chhattisgarh,7.528433912027871,1551.0,486.0,0.0,0.0242,0.0242,0,0,0.0,0.0,0,0.31334622823984526,-34.98685939553219,0,34.98685939553219,2.8582159624413146,0,MADANNAGAR OCP 12 MTY - MDO,1,0,on_roster,1
400018,Coal,Ministry of Coal,ecl - cil,Jharkhand,6.757409019827197,2404.0,1339.0,63.22,52.9724,-10.2476,0,0,0.0,0.0,0,0.5569883527454242,-34.98685939553219,0,34.98685939553219,1.0512518309859156,0,HURA C OCP,0,0,on_roster,0
400073,Coal,Ministry of Coal,ministry of coal,Jharkhand,6.685036637381008,3712.0,1551.0,53.47,54.2498,0.7798,0,0,0.0,0.0,0,0.41783405172413796,-70.99211563731932,0,70.99211563731932,0.6554248958815364,0,KONAR EXPANSION OCP,0,0,on_roster,0
400074,Coal,Ministry of Coal,ministry of coal,Jharkhand,6.812862012257475,2616.0,1551.0,23.57,31.8613,8.2913,0,0,0.0,0.0,0,0.5928899082568807,-34.98685939553219,0,34.98685939553219,2.184534460093897,0,KARO EXPANSION OCP,0,0,on_roster,0
400136,Coal,Ministry of Coal,ministry of coal,Jharkhand,7.886457270977689,2922.0,761.0,16.77,0.6053,-16.1647,0,0,0.0,0.0,0,0.2604380561259411,-70.99211563731932,0,70.99211563731932,1.1723837112447941,0,SANGHMITRA OC,0,0,on_roster,0
400138,Coal,Ministry of Coal,ministry of coal,Jharkhand,6.881924518947615,4230.0,2069.0,24.86,45.2748,20.4148,0,0,0.0,0.0,0,0.4891252955082742,-70.99211563731932,0,70.99211563731932,1.0584273947246645,0,CHANDRAGUPT OCP,0,0,on_roster,0
400139,Coal,Ministry of Coal,ministry of coal,Jharkhand,6.759324873809783,4230.0,2069.0,47.95,72.9053,24.9553,1,0,-27.3686,0.0,0,0.4891252955082742,-70.99211563731932,0,70.99211563731932,0.7331800092549745,0,KOTRE BASANTPUR PACHMO OCP,0,0,on_roster,0
400142,Coal,Ministry of Coal,nlc india limited [nlcil],Jharkhand,7.7159707023697575,4567.0,3683.0,87.0,60.8957,-26.1043,0,0,0.0,0.0,0,0.8064374863148676,-29.040735873850196,0,29.040735873850196,0.44764705882352945,0,Pachwara South Coal Block,0,0,on_roster,0
400150,Coal,Ministry of Coal,ministry of coal,Jharkhand,8.889497163328688,2769.0,2069.0,40.21,23.2742,-16.9358,0,0,0.0,0.0,0,0.7472011556518598,-22.996057818659658,0,22.996057818659658,2.6000108571428573,0,RPR MAGADH EXP OCP,0,0,on_roster,0
400151,Coal,Ministry of Coal,ministry of coal,Jharkhand,6.659037476548497,2800.0,1735.0,71.38,77.7735,6.3935,0,0,0.0,0.0,0,0.6196428571428572,-34.98685939553219,0,34.98685939553219,0.8180214084507044,0,NORTH URIMARI EXPANSION OCP,0,0,on_roster,0
400153,Coal,Ministry of Coal,ministry of coal,Jharkhand,6.928949094989139,2616.0,1916.0,22.84,8.324,-14.516,0,0,0.0,0.0,0,0.7324159021406728,-22.996057818659658,0,22.996057818659658,3.3553577142857143,0,EPR ROHINI - KARKETTA OCP,0,0,on_roster,0
400154,Coal,Ministry of Coal,ministry of coal,Jharkhand,6.571373038311167,2311.0,1977.0,10.19,33.1646,22.9746,0,0,0.0,0.0,0,0.8554738208567719,-10.972404730617608,0,10.972404730617608,8.185079041916168,0,EPR PUNDI OCP,0,0,on_roster,0
400155,Coal,Ministry of Coal,ministry of coal,Jharkhand,7.972217709286943,3591.0,1796.0,28.85,6.3897,-22.4603,0,0,0.0,0.0,0,0.5001392369813422,-58.96846254927726,0,58.96846254927726,1.2065771587743734,0,EPR ASHOK OC,0,0,on_roster,0
400156,Coal,Ministry of Coal,ministry of coal,Jharkhand,8.544253729963092,2951.0,2251.0,44.45,25.8172,-18.6328,0,0,0.0,0.0,0,0.7627922738054896,-22.996057818659658,0,22.996057818659658,2.4156314285714284,0,EPR AMRAPALI OCP,0,0,on_roster,0
400160,Coal,Ministry of Coal,ministry of coal,Jharkhand,6.23803161336578,2282.0,5965.0,78.25,95.666,17.416,0,1,0.0,4017.0,0,2.613935144609991,120.99211563731932,1,10.972404730617608,1.9822455089820359,0,RAJRAPPA RCE OCP,0,0,on_roster,0
400172,Coal,Ministry of Coal,eastern coal fields limited [ecl],Jharkhand,6.2441474829994865,2769.0,2800.0,53.03,46.6702,-6.3598,0,1,0.0,731.0,0,1.0111953773925606,1.0183968462549278,1,22.996057818659658,2.042524,0,CHITRA EAST OC,0,0,on_roster,0
400352,Coal,Ministry of Coal,ministry of coal,Jharkhand,6.640620654418016,3864.0,2069.0,32.23,19.0709,-13.1591,0,0,0.0,0.0,0,0.535455486542443,-58.96846254927726,0,58.96846254927726,1.1492583844011144,0,JHARKHAND-LAIYO OCP,0,0,on_roster,0
400425,Coal,Ministry of Coal,n06000098,Jharkhand,7.115801436009194,2769.0,5357.0,82.45,57.6955,-24.7545,0,1,0.0,2710.0,0,1.9346334416756952,85.0197109067017,1,4.0078843626806835,4.378868852459015,0,MOONIDIH XV SEAM UG (Bharat Coking Coal Limited (BCCL)),1,0,on_roster,1
611864,Coal,Ministry of Coal,n06000273,Jharkhand,8.297256991048512,2616.0,1186.0,29.7,10.3426,-19.3574,0,0,0.0,0.0,0,0.4533639143730887,-46.97766097240473,0,46.97766097240473,1.4964559440559442,0,AMALAGAMATED NTST KUJAMA OCP 8.5MTY (Bharat Coking Coal Limited (BCCL)),0,0,on_roster,0
613808,Coal,Ministry of Coal,n06000096,Jharkhand,5.831501172924694,1155.0,5538.0,70.47,56.198,-14.272,0,1,0.0,4627.0,0,4.794805194805194,143.98817345597897,1,8.015768725361367,3.683988524590164,0,MURAIDIH UG PROJECT (Bharat Coking Coal Limited (BCCL)),0,0,on_roster,0
615349,Coal,Ministry of Coal,ministry of coal,Jharkhand,5.44419102903758,2677.0,1977.0,22.76,9.5569,-13.2031,0,0,0.0,0.0,0,0.7385132611131864,-22.996057818659658,0,22.996057818659658,3.3588365714285713,0,TAPIN SOUTH EXPN,0,0,on_roster,0
615822,Coal,Ministry of Coal,ministry of coal,Jharkhand,5.410842157389881,2861.0,2161.0,63.52,63.1541,-0.3659,0,0,0.0,0.0,0,0.7553303040894792,-22.996057818659658,0,22.996057818659658,1.586358857142857,0,SIRKA OC,0,0,on_roster,0
615843,Coal,Ministry of Coal,ministry of coal,Jharkhand,5.499297105160525,1947.0,2343.0,31.27,20.8689,-10.4011,0,1,0.0,730.0,0,1.2033898305084745,13.009198423127463,1,10.972404730617608,6.263895808383234,0,TETARIAKHAR OC,0,0,on_roster,0
616225,Coal,Ministry of Coal,eastern coal fields limited [ecl],Jharkhand,6.887634200985915,4839.0,852.0,0.05,0.0,-0.05,0,0,0.0,0.0,0,0.17606943583384996,-120.0,0,130.9789750328515,0.7630995736142463,0,CHUPERBHITA SIMLONG OCP MDO 6,0,0,on_roster,0
616236,Coal,Ministry of Coal,ccl - cil,Jharkhand,6.029169689286631,3316.0,2251.0,34.18,20.6579,-13.5221,0,0,0.0,0.0,0,0.6788299155609168,-34.98685939553219,0,34.98685939553219,1.8812777464788732,0,JARANGDIH EXPN. OCP 1.5 MTY,0,0,on_roster,0
616253,Coal,Ministry of Coal,ministry of coal,Jharkhand,8.674509711820587,1826.0,761.0,4.17,0.3473,-3.8227,0,0,0.0,0.0,0,0.4167579408543264,-34.98685939553219,0,34.98685939553219,2.7390283568075118,0,BLOCK E OCP,0,0,on_roster,0
617416,Coal,Ministry of Coal,bharat coking coal limited [bccl],Jharkhand,8.68971185648734,1279.0,304.0,26.0,4.4244,-21.5756,0,0,0.0,0.0,0,0.23768569194683348,-32.03022339027595,0,32.03022339027595,2.310317948717949,0,"Revised Jharia Master Plan for Dealing with Fire, Subsidence & Rehabilitation of affected families in Jharia Coalfield- Reg.",0,0,on_roster,0
617764,Coal,Ministry of Coal,nlc india limited [nlcil],Jharkhand,7.21170432389779,1978.0,913.0,40.0,10.4844,-29.5156,0,0,0.0,0.0,0,0.461577350859454,-34.98685939553219,0,34.98685939553219,1.7149295774647888,1,North Dhadu Western Part OCP,0,0,on_roster,0
400148,Coal,Ministry of Coal,ministry of coal,Madhya Pradesh,6.768998830928092,1826.0,3683.0,75.15,37.4264,-37.7236,0,1,0.0,2191.0,0,2.0169769989047097,61.00525624178712,1,10.972404730617608,2.26477245508982,0,AMADAND OCP[4.0MTY],0,0,on_roster,0
400162,Coal,Ministry of Coal,northern coalfields limited [ncl],Madhya Pradesh,6.907465236924006,1339.0,2466.0,50.0,51.8839,1.8839,0,1,0.0,1461.0,0,1.8416728902165795,37.023653088042046,1,10.972404730617608,4.5568862275449105,0,BLOCK B EXPANSION [3.5 TO 8.0,0,0,on_roster,0
400321,Coal,Ministry of Coal,northern coalfields limited [ncl],Madhya Pradesh,7.456269673846386,1581.0,1977.0,48.76,53.7105,4.9505,0,1,0.0,1096.0,0,1.2504743833017078,13.009198423127463,1,22.996057818659658,2.228208,0,NIGAHI EXPANSION [15 TO 25 MTP,0,0,on_roster,0
613802,Coal,Ministry of Coal,south eastern coalfields limited [secl],Madhya Pradesh,5.9190013753742665,4108.0,4139.0,58.2,40.1224,-18.0776,0,1,0.0,731.0,0,1.0075462512171374,1.0183968462549278,1,22.996057818659658,1.817702857142857,0,KANCHAN OC EXP,0,0,on_roster,0
613803,Coal,Ministry of Coal,south eastern coalfields limited [secl],Madhya Pradesh,5.907919881397637,1886.0,821.0,41.29,9.6937,-31.5963,0,0,0.0,0.0,0,0.4353128313891835,-34.98685939553219,0,34.98685939553219,1.6780585915492958,0,JHIRIA WEST OCP [1.5 MTY],0,0,on_roster,0
613804,Coal,Ministry of Coal,western coalfields limited [wcl],Madhya Pradesh,5.752858312302793,1916.0,1582.0,17.78,5.6958,-12.0842,0,0,0.0,0.0,0,0.8256784968684759,-10.972404730617608,0,10.972404730617608,7.49334371257485,0,RPR TAWA-III UG 0.84 MTY,0,0,on_roster,0
615185,Coal,Ministry of Coal,western coalfields limited [wcl],Madhya Pradesh,5.991964422149633,1642.0,1308.0,67.13,25.0576,-42.0724,0,0,0.0,0.0,0,0.7965895249695494,-10.972404730617608,0,10.972404730617608,2.9956970059880246,0,AMALGAMATED DHANKASA & JAMUNIA,0,0,on_roster,0
615187,Coal,Ministry of Coal,western coalfields limited [wcl],Madhya Pradesh,5.400964203508179,2312.0,1247.0,11.2,0.0,-11.2,0,0,0.0,0.0,0,0.5393598615916955,-34.98685939553219,0,34.98685939553219,2.5380957746478874,0,RPR OF VISHNUPURI UG TO OC,0,0,on_roster,0
615194,Coal,Ministry of Coal,western coalfields limited [wcl],Madhya Pradesh,5.336960990140241,3165.0,1370.0,2.02,13.2057,11.1857,0,0,0.0,0.0,0,0.43285939968404424,-58.96846254927726,0,58.96846254927726,1.6615661281337049,0,URDHAN EXPANSION OC COST PLUS,0,0,on_roster,0
615195,Coal,Ministry of Coal,western coalfields limited [wcl],Madhya Pradesh,5.119489699008338,2070.0,1370.0,9.39,3.1218,-6.2682,0,0,0.0,0.0,0,0.6618357487922706,-22.996057818659658,0,22.996057818659658,3.9402405714285713,0,SHARDA UG MINE,0,0,on_roster,0
615206,Coal,Ministry of Coal,western coalfields limited [wcl],Madhya Pradesh,6.02863990070804,2404.0,2435.0,56.88,5.3386,-51.5414,0,0,0.0,0.0,0,1.0128951747088186,1.0183968462549278,1,-1.0183968462549278,,0,GANDHIGRAM UG MINE,1,0,on_roster,1
619032,Coal,Ministry of Coal,northern coalfields limited [ncl],Madhya Pradesh,10.148841809788555,2585.0,424.0,1.32,0.4956,-0.8244,1,0,0.0001,0.0,0,0.16402321083172147,-70.99211563731932,0,70.99211563731932,1.3900135122628414,0,JAYANT EXPN. [20 TO 38 MTPA],0,0,on_roster,0
619053,Coal,Ministry of Coal,secl - cil,Madhya Pradesh,7.381308849722831,1765.0,335.0,0.3,4.6557,4.3557,0,0,0.0,0.0,0,0.18980169971671387,-46.97766097240473,0,46.97766097240473,2.122285314685315,0,RPR FOR RAMPUR BATURA OCP,0,0,on_roster,0
400033,Coal,Ministry of Coal,western coalfields limited [wcl],Maharashtra,6.365800120019226,2951.0,2251.0,33.91,19.3193,-14.5907,0,0,0.0,0.0,0,0.7627922738054896,-22.996057818659658,0,22.996057818659658,2.8739708571428575,0,BHATADI EXPANSION OC,0,0,on_roster,0
400177,Coal,Ministry of Coal,western coalfields limited [wcl],Maharashtra,6.590685589635764,3500.0,3896.0,80.77,77.4461,-3.3239,0,1,0.0,365.0,0,1.1131428571428572,13.009198423127463,1,-1.0183968462549278,,0,AMALGAMATED YEKONA I & YEKONA,1,0,on_roster,1
400178,Coal,Ministry of Coal,western coalfields limited [wcl],Maharashtra,6.714024888236277,2585.0,2251.0,40.54,79.3153,38.7753,0,0,0.0,0.0,0,0.8707930367504836,-10.972404730617608,0,10.972404730617608,5.419049101796407,0,DINESH[MAKARDHOKRA-III] OC,0,0,on_roster,0
400353,Coal,Ministry of Coal,western coalfields limited [wcl],Maharashtra,6.568091956257167,3316.0,2616.0,19.02,24.5594,5.5394,0,0,0.0,0.0,0,0.7889022919179735,-22.996057818659658,0,22.996057818659658,3.5214731428571433,0,DHUPTALA OC [SASTI UG TO OC ],0,0,on_roster,0
615184,Coal,Ministry of Coal,western coalfields limited [wcl],Maharashtra,5.436512865299436,2251.0,1551.0,69.33,65.8109,-3.5191,0,0,0.0,0.0,0,0.6890270990670813,-22.996057818659658,0,22.996057818659658,1.3337068571428572,0,SAONER UG MINE -1 EXPANSION 1.,0,0,on_roster,0
615186,Coal,Ministry of Coal,western coalfields limited [wcl],Maharashtra,5.768445987981924,2038.0,2069.0,32.21,34.8452,2.6352,0,0,0.0,0.0,0,1.0152109911678115,1.0183968462549278,1,-1.0183968462549278,,0,SASTI EXPANSION OPENCAST,1,0,on_roster,1
615188,Coal,Ministry of Coal,western coalfields limited [wcl],Maharashtra,5.999606312799605,2861.0,2527.0,24.17,16.6828,-7.4872,0,0,0.0,0.0,0,0.88325760223698,-10.972404730617608,0,10.972404730617608,6.910973652694611,0,NEW MAJRI UG TO OC 3 MTY COST,0,0,on_roster,0
615189,Coal,Ministry of Coal,western coalfields limited [wcl],Maharashtra,5.894044643400399,1369.0,1400.0,12.2,26.7057,14.5057,0,0,0.0,0.0,0,1.0226442658875092,1.0183968462549278,1,-1.0183968462549278,,0,MAKARDHOKRA EXPN OC 4.9 MTY,1,0,on_roster,1
615190,Coal,Ministry of Coal,western coalfields limited [wcl],Maharashtra,5.819340815290474,2496.0,1431.0,9.57,14.8176,5.2476,0,0,0.0,0.0,0,0.5733173076923077,-34.98685939553219,0,34.98685939553219,2.584684694835681,0,SINGHORI DEEP OC MIN 2.0 MTY,0,0,on_roster,0
615192,Coal,Ministry of Coal,western coalfields limited [wcl],Maharashtra,5.738441517141043,1795.0,1826.0,8.44,18.5606,10.1206,0,0,0.0,0.0,0,1.0172701949860725,1.0183968462549278,1,-1.0183968462549278,,0,GOKUL EXTENSION OC MINE,1,0,on_roster,1
615199,Coal,Ministry of Coal,western coalfields limited [wcl],Maharashtra,5.296866314280722,1520.0,1186.0,2.82,11.8464,9.0264,0,0,0.0,0.0,0,0.7802631578947369,-10.972404730617608,0,10.972404730617608,8.856764071856288,0,KOLGAON EXPANSION DEEP OC MINE,0,0,on_roster,0
615330,Coal,Ministry of Coal,western coalfields limited [wcl],Maharashtra,5.891119212159107,2282.0,1217.0,5.17,1.0643,-4.1057,0,0,0.0,0.0,0,0.5333041191936897,-34.98685939553219,0,34.98685939553219,2.710446197183099,0,BALLARPUR NORTH WEST OC MINE,0,0,on_roster,0
615331,Coal,Ministry of Coal,western coalfields limited [wcl],Maharashtra,6.211423031477417,2343.0,913.0,2.19,5.5387,3.3487,0,0,0.0,0.0,0,0.38967136150234744,-46.97766097240473,0,46.97766097240473,2.082053426573427,0,GADEGAON OC 3 MTY,0,0,on_roster,0
615914,Coal,Ministry of Coal,western coalfields limited [wcl],Maharashtra,5.224186317204961,2922.0,1857.0,12.83,8.5106,-4.3194,0,0,0.0,0.0,0,0.635523613963039,-34.98685939553219,0,34.98685939553219,2.491506854460094,0,GHONSA EXPANSION DEEP OC MINE,0,0,on_roster,0
615916,Coal,Ministry of Coal,western coalfields limited [wcl],Maharashtra,7.111683390571797,2160.0,730.0,4.21,7.2543,3.0443,0,0,0.0,0.0,0,0.33796296296296297,-46.97766097240473,0,46.97766097240473,2.039054265734266,0,AMLG GAURI PAUNI EXPANSION OC,0,0,on_roster,0
615917,Coal,Ministry of Coal,western coalfields limited [wcl],Maharashtra,6.881483169643275,2404.0,974.0,2.31,0.1593,-2.1507,0,0,0.0,0.0,0,0.4051580698835274,-46.97766097240473,0,46.97766097240473,2.079499020979021,0,GAURIDEEP/GAURI CENTRAL OCP 7.,0,0,on_roster,0
615918,Coal,Ministry of Coal,western coalfields limited [wcl],Maharashtra,6.0068456491462845,4046.0,3346.0,15.95,8.6451,-7.3049,0,0,0.0,0.0,0,0.8269896193771626,-22.996057818659658,0,22.996057818659658,3.6549742857142857,0,RPR OF BHANEGAON OC,0,0,on_roster,0
615919,Coal,Ministry of Coal,western coalfields limited [wcl],Maharashtra,6.933335302584907,1734.0,669.0,27.92,21.1736,-6.7464,0,0,0.0,0.0,0,0.38581314878892736,-34.98685939553219,0,34.98685939553219,2.0602020657276996,0,N. EXTN. MUNGOLI NIRGUDA D OCP,0,0,on_roster,0
615982,Coal,Ministry of Coal,western coalfields limited [wcl],Maharashtra,5.770662003495746,2038.0,3530.0,79.83,61.5668,-18.2632,0,1,0.0,1461.0,0,1.732090284592738,49.01445466491458,1,-1.0183968462549278,,0,NILJAI EXPANSION DEEP OCP,1,0,on_roster,1
616044,Coal,Ministry of Coal,western coalfields limited [wcl],Maharashtra,5.472522742739733,851.0,2708.0,93.51,70.3915,-23.1185,0,1,0.0,1826.0,0,3.18213866039953,61.00525624178712,1,-1.0183968462549278,,0,UKNI DEEP OC MINE -COST PLUS,1,0,on_roster,1
616050,Coal,Ministry of Coal,western coalfields limited [wcl],Maharashtra,5.46763811116474,2008.0,2769.0,98.97,54.0144,-44.9556,0,1,0.0,730.0,0,1.37898406374502,25.0,1,-1.0183968462549278,,0,AMALGAMATED INDER-KAMPTEE DEEP,1,0,on_roster,1
616223,Coal,Ministry of Coal,western coalfields limited [wcl],Maharashtra,5.75890177387728,1947.0,2708.0,86.49,66.25,-20.24,0,1,0.0,730.0,0,1.3908577298407807,25.0,1,-1.0183968462549278,,0,ADASA UG TO OC MINE,1,0,on_roster,1
616229,Coal,Ministry of Coal,western coalfields limited [wcl],Maharashtra,6.506590909425665,1642.0,577.0,2.52,0.4398,-2.0802,0,0,0.0,0.0,0,0.351400730816078,-34.98685939553219,0,34.98685939553219,2.7861889201877936,0,AMAL GONDEGAON GHATROHANA EXPN,0,0,on_roster,0
617233,Coal,Ministry of Coal,western coalfields limited [wcl],Maharashtra,5.940960414934214,2251.0,821.0,0.01,0.0,-0.01,0,0,0.0,0.0,0,0.36472678809418035,-46.97766097240473,0,46.97766097240473,2.1284584615384614,0,WAGHODA UG MINE [1.02 MTY],0,0,on_roster,0
617278,Coal,Ministry of Coal,western coalfields limited [wcl],Maharashtra,6.447892061532944,2099.0,669.0,0.35,0.0968,-0.2532,0,0,0.0,0.0,0,0.3187232015245355,-46.97766097240473,0,46.97766097240473,2.121220979020979,0,KOLARPIMPRI EXPANSION OC [2.5,0,0,on_roster,0
619055,Coal,Ministry of Coal,western coalfields limited [wcl],Maharashtra,6.099017657272704,2404.0,243.0,0.0,0.0,0.0,0,0,0.0,0.0,0,0.10108153078202994,-70.99211563731932,0,70.99211563731932,1.4086071263304025,0,SAONER-III EXPN UG MINE 1.54,0,0,on_roster,0
400369,Coal,Ministry of Coal,northern coalfields limited [ncl],"Multi-States (Madhya Pradesh, Uttar Pradesh)",6.730325736748608,1308.0,2069.0,89.9,99.8709,9.9709,0,1,0.0,1095.0,0,1.5818042813455657,25.0,1,10.972404730617608,0.9204910179640714,0,BINA KAKRI AMALGAMATION EXPANS,0,0,on_roster,0
615183,Coal,Ministry of Coal,northern coalfields limited [ncl],"Multi-States (Madhya Pradesh, Uttar Pradesh)",6.199839578717014,1369.0,1765.0,55.57,56.2878,0.7178,0,1,0.0,730.0,0,1.289262235208181,13.009198423127463,1,10.972404730617608,4.049249101796407,0,KHADIA EXPANSION [10 TO 16 MTP,0,0,on_roster,0
400165,Coal,Ministry of Coal,mahanadi coalfields limited [mcl],Odisha,7.435325919136224,3988.0,1796.0,45.57,78.4704,32.9004,0,0,0.0,0.0,0,0.45035105315947843,-72.01051248357425,0,72.01051248357425,0.7558618613138686,0,SUBHADRA OCP,0,0,on_roster,0
400166,Coal,Ministry of Coal,mahanadi coalfields limited [mcl],Odisha,8.555634754957431,2950.0,1885.0,59.5,67.1879,7.6879,0,0,0.0,0.0,0,0.6389830508474577,-34.98685939553219,0,34.98685939553219,1.1575774647887325,0,SIARMAL OCP,0,0,on_roster,0
400183,Coal,Ministry of Coal,mahanadi coalfields limited [mcl],Odisha,8.162005712081882,3134.0,2069.0,57.15,27.3385,-29.8115,0,0,0.0,0.0,0,0.660178685386088,-34.98685939553219,0,34.98685939553219,1.2247455399061034,0,BALARAM EXPANSION OCP,0,0,on_roster,0
400185,Coal,Ministry of Coal,mcl - cil,Odisha,9.038031322320233,2891.0,1461.0,34.54,29.0114,-5.5286,1,0,-27.4271,0.0,0,0.5053614666205465,-46.97766097240473,0,46.97766097240473,1.393428251748252,0,GOPALJI KANIHA OCP [10 TO 30 M,0,0,on_roster,0
400187,Coal,Ministry of Coal,mahanadi coalfields limited [mcl],Odisha,7.798009996305451,3226.0,2892.0,79.05,82.2569,3.2069,0,0,0.0,0.0,0,0.8964662120272784,-10.972404730617608,0,10.972404730617608,1.9093353293413176,0,INTEGRATED LAKHANPUR-BELPAHAR-,0,0,on_roster,0
400392,Coal,Ministry of Coal,mahanadi coalfields limited [mcl],Odisha,7.951510034165527,3773.0,2708.0,52.0,60.2841,8.2841,0,0,0.0,0.0,0,0.7177312483434932,-34.98685939553219,0,34.98685939553219,1.371943661971831,0,BHARATPUR RE-ORGANIZATION OCP,0,0,on_roster,0
615857,Coal,Ministry of Coal,singareni collieries company limited [sccl],Odisha,6.2051636395941925,2191.0,2222.0,80.0,99.3992,19.3992,0,0,0.0,0.0,0,1.014148790506618,1.0183968462549278,1,-1.0183968462549278,,0,Naini Coal Mine,0,0,on_roster,0
616226,Coal,Ministry of Coal,mahanadi coalfields limited [mcl],Odisha,8.178779070557683,3622.0,1096.0,6.18,18.8798,12.6998,0,0,0.0,0.0,0,0.3025952512424075,-82.98291721419184,0,82.98291721419184,1.1305941409342835,0,INTEGRATED KULDA GARJANBAHAL O,0,0,on_roster,0
616231,Coal,Ministry of Coal,mcl - cil,Odisha,8.588074678345773,3287.0,761.0,32.47,8.8961,-23.5739,0,0,0.0,0.0,0,0.23151810161241254,-82.98291721419184,0,82.98291721419184,0.813781947743468,0,BHUBANESWARI EXPN OCP 50 MTY,0,0,on_roster,0
616232,Coal,Ministry of Coal,mcl - cil,Odisha,7.354266356526303,2312.0,1247.0,29.19,17.8839,-11.3061,0,0,0.0,0.0,0,0.5393598615916955,-34.98685939553219,0,34.98685939553219,2.023902723004695,0,HINGULA II OC EXPN PH III 15 M,0,0,on_roster,0
616233,Coal,Ministry of Coal,mcl - cil,Odisha,6.88698097976566,2526.0,1096.0,15.24,25.7093,10.4693,0,0,0.0,0.0,0,0.4338875692794933,-46.97766097240473,0,46.97766097240473,1.8042618181818184,0,BALABHADRA OCP,0,0,on_roster,0
618982,Coal,Ministry of Coal,nlc india limited [nlcil],Odisha,6.260441514765364,1339.0,1278.0,72.65,62.1571,-10.4929,0,0,0.0,0.0,0,0.9544436146377894,-2.0039421813403417,0,2.0039421813403417,13.648098360655734,0,Talabira II & III OCP - FMC,1,0,on_roster,1
615818,Coal,Ministry of Coal,singareni collieries company limited [sccl],Telangana,5.700042155040478,1186.0,1582.0,20.0,15.9393,-4.0607,0,1,0.0,730.0,0,1.3338954468802697,13.009198423127463,1,10.972404730617608,7.291017964071856,0,Jawahar Khani Open Cast Mine,0,0,on_roster,0
615858,Coal,Ministry of Coal,singareni collieries company limited [sccl],Telangana,5.954074157889423,3652.0,3683.0,75.0,75.7208,0.7208,0,0,0.0,0.0,0,1.0084884994523549,1.0183968462549278,1,-1.0183968462549278,,0,Kalyanikhani Opencast Project,0,0,on_roster,0
615860,Coal,Ministry of Coal,singareni collieries company limited [sccl],Telangana,6.410240669275819,2070.0,2466.0,71.0,32.9566,-38.0434,0,1,0.0,365.0,0,1.191304347826087,13.009198423127463,1,-1.0183968462549278,,0,Godavarikhani Coal Mine - 5,0,0,on_roster,0
615861,Coal,Ministry of Coal,singareni collieries company limited [sccl],Telangana,6.053993237387927,2769.0,3165.0,81.0,95.7628,14.7628,0,1,0.0,365.0,0,1.143011917659805,13.009198423127463,1,-1.0183968462549278,,0,Indaram Opencast Project,0,0,on_roster,0
615862,Coal,Ministry of Coal,singareni collieries company limited [sccl],Telangana,5.848171377281505,1704.0,1735.0,32.0,32.1615,0.1615,0,0,0.0,0.0,0,1.0181924882629108,1.0183968462549278,1,-1.0183968462549278,,0,Goleti Opencast Mine,0,0,on_roster,0
615863,Coal,Ministry of Coal,singareni collieries company limited [sccl],Telangana,6.18517928773138,1977.0,2008.0,97.0,98.4809,1.4809,0,0,0.0,0.0,0,1.0156803237228123,1.0183968462549278,1,-1.0183968462549278,,0,Venkatesh Khani Coal Mine,0,0,on_roster,0
615865,Coal,Ministry of Coal,singareni collieries company limited [sccl],Telangana,6.0945174021640645,2769.0,3165.0,63.0,57.0182,-5.9818,0,1,0.0,365.0,0,1.143011917659805,13.009198423127463,1,-1.0183968462549278,,0,Kakatiyakhani OC - 2 Project,0,0,on_roster,0
400173,Coal,Ministry of Coal,eastern coal fields limited [ecl],West Bengal,6.791210226708006,1946.0,1977.0,31.52,16.0351,-15.4849,0,1,0.0,1461.0,0,1.0159301130524152,1.0183968462549278,1,46.97766097240473,1.457714125874126,0,MOHANPUR EXPANSION OC -PHASE I,0,0,on_roster,0
400180,Coal,Ministry of Coal,eastern coal fields limited [ecl],West Bengal,6.347581835585807,1673.0,1704.0,17.1,15.5724,-1.5276,0,1,0.0,1461.0,0,1.0185295875672444,1.0183968462549278,1,46.97766097240473,1.7646685314685318,0,BONJEMEHARI EXPANSION OCP,0,0,on_roster,0
400181,Coal,Ministry of Coal,eastern coal fields limited [ecl],West Bengal,6.221941145788984,3865.0,2800.0,27.52,16.671,-10.849,1,0,-0.002,0.0,0,0.7244501940491591,-34.98685939553219,0,34.98685939553219,2.071634929577465,0,NAKRAKONDA KUMARDIH- B OCP,0,0,on_roster,0
400186,Coal,Ministry of Coal,eastern coal fields limited [ecl],West Bengal,6.620179867508538,2251.0,1186.0,11.9,7.1929,-4.7071,1,0,-0.0013,0.0,0,0.5268769435806309,-34.98685939553219,0,34.98685939553219,2.518088262910798,0,TILABONI UG,0,0,on_roster,0
400312,Coal,Ministry of Coal,eastern coal fields limited [ecl],West Bengal,7.099300830303624,3256.0,2191.0,45.48,51.2015,5.7215,0,0,0.0,0.0,0,0.672911547911548,-34.98685939553219,0,34.98685939553219,1.558299342723005,0,JHANJRA EXPANSION UG,0,0,on_roster,0
400315,Coal,Ministry of Coal,eastern coal fields limited [ecl],West Bengal,8.588002013067168,2800.0,1735.0,18.47,11.6268,-6.8432,0,0,0.0,0.0,0,0.6196428571428572,-34.98685939553219,0,34.98685939553219,2.330303474178404,0,SONEPUR BAZARI EXPANSION OCP [,0,0,on_roster,0
612816,Coal,Ministry of Coal,eastern coal fields limited [ecl],West Bengal,6.835292107248422,2282.0,852.0,8.35,7.6666,-0.6834,0,0,0.0,0.0,0,0.3733567046450482,-46.97766097240473,0,46.97766097240473,1.950927272727273,0,ITAPARA OCP,0,0,on_roster,0
613793,Coal,Ministry of Coal,eastern coal fields limited [ecl],West Bengal,6.183426980938617,2160.0,2191.0,16.79,16.0839,-0.7061,0,1,0.0,731.0,0,1.014351851851852,1.0183968462549278,1,22.996057818659658,3.618446285714286,0,SHYAMSUNDARPUR UG INCLUDING SA,0,0,on_roster,0
613794,Coal,Ministry of Coal,eastern coal fields limited [ecl],West Bengal,5.966403116512611,1886.0,1186.0,22.13,34.0478,11.9178,0,0,0.0,0.0,0,0.6288441145281018,-22.996057818659658,0,22.996057818659658,3.3862325714285717,0,PARASEA-BELBAID UG PROJECT,0,0,on_roster,0
616230,Coal,Ministry of Coal,eastern coal fields limited [ecl],West Bengal,7.085524824408029,4503.0,516.0,0.22,0.9568,0.7368,0,0,0.0,0.0,0,0.1145902731512325,-120.0,0,130.9789750328515,0.761801655379985,0,PARASCOLE JAMBAD OCP,0,0,on_roster,0
617299,Unknown,Electricity Generation,nlc india limited [nlcil],Gujarat,5.952827663493064,1066.0,1370.0,51.0,85.5982,34.5982,0,1,0.0,214.0,0,1.2851782363977486,9.986859395532194,1,-2.9566360052562417,,0,50 MW Wind Power Project,1,0,on_roster,1
617730,Unknown,Electricity Generation,nlc india limited [nlcil],Gujarat,8.112782527186678,1035.0,974.0,40.0,65.0857,25.0857,0,0,0.0,0.0,0,0.9410628019323671,-2.0039421813403417,0,2.0039421813403417,29.940983606557374,0,600 MW Khavda Solar Power Project,1,0,on_roster,1
618991,Unknown,Electricity Generation,nlc india limited [nlcil],Gujarat,7.108579599007067,1614.0,1370.0,0.0,5.2423,5.2423,0,0,0.0,0.0,0,0.8488228004956629,-8.015768725361367,0,8.015768725361367,12.475409836065573,0,200 MW SPP part of 510 MW CPSU scheme,0,0,on_roster,0
618992,Unknown,Electricity Generation,nlc india limited [nlcil],Gujarat,6.177279993156192,1614.0,1370.0,1.2,0.5451,-0.6549,0,0,0.0,0.0,0,0.8488228004956629,-8.015768725361367,0,8.015768725361367,12.325704918032786,0,100 MW SPP part of SECI 150 MW Hybrid,0,0,on_roster,0
400231,Unknown,Electricity Generation,nlc india limited [nlcil],Odisha,10.21148535591802,4807.0,3377.0,2.1,12.6927,10.5927,1,0,0.0001,0.0,0,0.7025171624713958,-46.97766097240473,0,46.97766097240473,2.083969230769231,0,NLC Talabira Thermal Power Project,0,0,on_roster,0
618981,Unknown,Electricity Generation,nlc india limited [nlcil],Rajasthan,8.330398444809727,1247.0,547.0,0.0,5.42,5.42,0,0,0.0,0.0,0,0.43865276663993585,-22.996057818659658,0,22.996057818659658,4.348571428571429,1,810 MW Solar Power Project - Rajasthan,0,0,on_roster,0
400203,Unknown,Railways,railway,Chhattisgarh,7.43083748305353,3136.0,2892.0,43.5,25.6618,-17.8382,1,1,44.6152,-122.0,0,0.9221938775510204,-8.015768725361367,0,4.0078843626806835,14.097213114754098,0,Dharamjaigarh-Korba,0,0,on_roster,0
400416,Unknown,Railways,ministry of coal,Jharkhand,7.495897436244914,2677.0,2981.0,71.0,66.8082,-4.1918,1,1,42.4918,365.0,0,1.1135599551737019,9.986859395532194,1,2.0039421813403417,14.471475409836065,0,Shivpur-Kathautia New Rail [BG] Line [49 km] [Package II of Tori-Shivpur-Kathautia line],1,0,on_roster,1
400192,Coal,Ministry of Power,damodar valley corporation,Jharkhand,7.366445148327599,3591.0,3561.0,36.0,38.0158,2.0158,0,0,0.0,0.0,0,0.9916457811194653,-0.9855453350854139,0,0.9855453350854139,64.93866666666668,0,Tubed Coal Mine,1,0,on_roster,1
603293,Coal,Ministry of Power,national thermal power corporation [ntpc],Jharkhand,6.220590170099739,,2616.0,67.86,60.0867,-7.7733,1,1,56.1753,,0,,,0,11.990801576872535,2.6803879452054797,0,Badam Coal Mining project of NTPC,0,0,on_roster,0
602182,Unknown,Electricity Generation,national hydroelectric power corporation limited [nhpc],Arunachal Pradesh,10.369652260041995,3287.0,1155.0,17.43,14.4089,-3.0211,1,0,0.0,0.0,1,0.3513842409491938,-70.03942181340341,0,70.03942181340341,1.1789075046904316,0,Dibang Multipurpose Project,0,0,on_roster,0
611698,Unknown,Electricity Generation,north eastern electric power corporation limited,Arunachal Pradesh,7.570365929480431,1673.0,486.0,4.95,4.9999,0.0499,0,0,0.0,0.0,1,0.2904961147638972,-38.99474375821288,0,38.99474375821288,2.4375080033698397,0,240MW Heo HE Project,0,0,on_roster,0
611699,Unknown,Electricity Generation,north eastern electric power corporation limited,Arunachal Pradesh,7.467982308642697,1673.0,486.0,5.04,4.2233,-0.8167,0,0,0.0,0.0,1,0.2904961147638972,-38.99474375821288,0,38.99474375821288,2.4352,0,186 MW Tato-I H E Project,0,0,on_roster,0
611716,Unknown,Electricity Generation,north eastern electric power corporation limited,Arunachal Pradesh,9.005430816337833,2191.0,212.0,6.41,2.9861,-3.4239,0,0,0.0,0.0,1,0.09675947056138749,-65.01314060446781,0,65.01314060446781,1.439555128852956,1,700 MW Tato-II HE Project,0,0,on_roster,0
619311,Unknown,Electricity Generation,thdc india limited,Arunachal Pradesh,9.554414356246948,2375.0,0.0,0.0,1.3268,1.3268,1,0,-0.0002,0.0,1,0.0,-78.02233902759527,0,78.02233902759527,1.2816842105263158,1,Kalai-II Hydro Electric Project [1200 MW],0,0,on_roster,0
602579,Unknown,Electricity Generation,satluj jal vidyut nigam [sjvn] thermal limited,Bihar,9.253408482089126,1767.0,2588.0,94.33,97.1902,2.8602,1,1,31.7797,851.0,0,1.4646293152235428,26.971090670170828,1,0.9855453350854139,5.753160000000002,0,Buxar Thermal Power Project [1320 MW],0,0,on_roster,0
619051,Unknown,Electricity Generation,national thermal power corporation [ntpc],Bihar,10.307251214004534,2068.0,516.0,10.17,8.9373,-1.2327,0,0,0.0,0.0,0,0.2495164410058027,-50.98554533508541,0,50.98554533508541,1.7618719072164948,0,"Nabinagar Super Thermal Power Project, Stage-II [3x800 MW]",0,0,on_roster,0
611930,Unknown,Electricity Generation,national thermal power corporation [ntpc],Chhattisgarh,9.65059330557001,1766.0,974.0,28.6,29.7237,1.1237,1,1,3.709,92.0,0,0.551528878822197,-26.018396846254927,0,29.040735873850196,2.458615384615385,0,Lara Super Thermal Power Project Stage-II [2 x 800 MW],1,0,on_roster,1
617188,Unknown,Electricity Generation,national thermal power corporation [ntpc],Chhattisgarh,9.189321004752108,1826.0,577.0,18.91,16.542,-2.368,0,0,0.0,0.0,0,0.31599123767798465,-41.03153745072273,0,41.03153745072273,1.9762847077662131,0,"Sipat Super Thermal Power Project, Stage-III [1x800 MW]",1,0,on_roster,1
709747,Unknown,Electricity Generation,satluj jal vidyut nigam [sjvn] thermal limited,Gujarat,5.829974499893961,1736.0,1857.0,51.86,109.032,57.172,0,0,0.0,0.0,0,1.069700460829493,3.9750328515111693,1,-3.9750328515111693,,0,Bagodara Solar Power Project,0,0,on_roster,0
602582,Unknown,Electricity Generation,satluj jal vidyut nigam [sjvn] thermal limited,Himachal Pradesh,6.53519772870141,1857.0,2008.0,77.51,70.9264,-6.5836,1,1,126.93,485.0,0,1.0813139472267097,4.9605781865965834,1,10.972404730617608,2.0496874251497004,0,Dhaulasidh Hydro Electric Project [66 MW],0,1,on_roster,1
602593,Unknown,Electricity Generation,satluj jal vidyut nigam [sjvn] thermal limited,Himachal Pradesh,7.501943631508949,1887.0,1977.0,51.32,41.107,-10.213,1,1,158.5741,1492.0,0,1.0476947535771066,2.9566360052562417,1,46.057818659658345,1.0569323823109842,0,Luhri Stage-I Hydro Electric Project [210 MW],1,0,on_roster,1
611586,Unknown,Electricity Generation,satluj jal vidyut nigam [sjvn] thermal limited,Himachal Pradesh,7.869214386164091,1917.0,1186.0,33.98,22.0032,-11.9768,1,1,88.4051,609.0,0,0.6186750130412102,-24.014454664914584,0,44.021024967148485,1.4997379104477615,0,Sunni Dam Hydro Electric Project [382 MW],0,0,on_roster,0
602525,Unknown,Electricity Generation,national hydroelectric power corporation limited [nhpc],Jammu and Kashmir,9.001237783361729,2009.0,4200.0,80.5,71.6069,-8.8931,1,1,56.901,2435.0,0,2.0905923344947737,71.97766097240472,1,8.015768725361367,2.432704918032787,0,"Pakal Dul [Drangdhuran] Hydroelectric Project, 1000 MW",0,0,on_roster,0
602532,Unknown,Electricity Generation,national hydroelectric power corporation limited [nhpc],Jammu and Kashmir,8.363713286569132,1645.0,2588.0,83.46,69.0194,-14.4406,1,1,26.1548,1187.0,0,1.5732522796352584,30.97897503285151,1,8.015768725361367,2.0634327868852465,0,Kiru HE Project,0,0,on_roster,0
602535,Unknown,Electricity Generation,national hydroelectric power corporation limited [nhpc],Jammu and Kashmir,8.572238039916403,1826.0,1885.0,29.85,29.6556,-0.1944,0,1,0.0,1004.0,0,1.0323110624315444,1.938239159001314,1,31.044678055190538,2.2596465608465612,0,"Ratle HE Project - 850 MW, Ratle Hydroelectric Power Corporation Limited.",0,0,on_roster,0
605155,Unknown,Electricity Generation,national hydroelectric power corporation limited [nhpc],Jammu and Kashmir,8.417841254705579,1645.0,1431.0,34.21,34.6776,0.4676,0,1,0.0,486.0,0,0.8699088145896656,-7.030223390275952,0,22.996057818659658,2.8609251428571425,0,Kwar HE Project,0,0,on_roster,0
400261,Unknown,Electricity Generation,national thermal power corporation [ntpc],Jharkhand,9.834619673237327,1946.0,3073.0,88.74,92.0599,3.3199,1,1,8.7529,1433.0,0,1.579136690647482,37.023653088042046,1,10.052562417871222,1.1201124183006541,0,Patratu Thermal Power Station Expansion Project Phase-I [3x800 MW],1,0,on_roster,1
611509,Unknown,Electricity Generation,damodar valley corporation,Jharkhand,9.572132202294377,2161.0,1096.0,11.0,13.1636,2.1636,0,0,0.0,0.0,0,0.5071726052753355,-34.98685939553219,0,34.98685939553219,2.54381220657277,0,"Koderma Thermal Power Station Phase II [2X800 MW] At Koderma, Jharkhand",1,0,on_roster,1
618976,Unknown,Electricity Generation,national thermal power corporation [ntpc],Madhya Pradesh,9.925591451443054,1946.0,516.0,7.5,8.4182,0.9182,0,0,0.0,0.0,0,0.26515930113052416,-46.97766097240473,0,46.97766097240473,1.9690209790209792,0,"Gadarwara Super Thermal Power Project, Stage-II [2x800 MW]",0,0,on_roster,0
602096,Unknown,Electricity Generation,national hydroelectric power corporation limited [nhpc],"Multi-States (Arunachal Pradesh, Assam)",8.746132713593306,2557.0,8248.0,97.64,100.2869,2.6469,1,1,314.8629,5721.0,1,3.2256550645287447,186.95795006570302,1,0.9855453350854139,2.394613333333333,0,Subansiri Lower HE Project [2000 MW],1,0,on_roster,1
602961,Unknown,Electricity Generation,national thermal power corporation [ntpc],Odisha,9.379640010418274,1734.0,1339.0,50.2,51.4578,1.2578,1,1,5.904,305.0,0,0.7722029988465975,-12.976346911957949,0,22.996057818659658,2.165588571428571,0,Talcher Thermal Power Station Stage III [2 x 660 MW] Expansion,1,0,on_roster,1
619056,Unknown,Electricity Generation,national thermal power corporation [ntpc],Odisha,9.317579122645782,1887.0,151.0,1.95,4.1402,2.1902,0,0,0.0,0.0,0,0.0800211976682565,-57.03022339027595,0,57.03022339027595,1.7192638248847927,1,"Darlipali Super Thermal Power Project, Stage-II [1x800 MW]",1,0,on_roster,1
602181,Unknown,Electricity Generation,national hydroelectric power corporation limited [nhpc],Sikkim,8.656788163330866,1827.0,2588.0,72.51,75.785,3.275,0,1,0.0,1370.0,1,1.4165298303229337,25.0,1,20.006570302233904,1.3740486042692936,0,"TEESTA-VI HE PROJECT, SIKKIM [500 MW], executed by LANCO TEESTA HYDRO POWER LIMITED [A wholly owned Subsidiary of NHPC LTD. acquired through NCLT]",1,0,on_roster,1
605156,Unknown,Electricity Generation,national hydroelectric power corporation limited [nhpc],Sikkim,6.845124270717886,1157.0,1857.0,96.53,88.9405,-7.5895,1,1,94.8342,579.0,1,1.6050129645635263,22.996057818659658,1,-3.9750328515111693,,0,Rangit-IV HE Project [120 MW] executed by Jal Power Corporation Ltd. [JPCL] - A wholly owned subsidiary of NHPC Ltd. acquired through NCLT,1,0,on_roster,1
612142,Unknown,Electricity Generation,national thermal power corporation [ntpc],Uttar Pradesh,9.752432077616172,2163.0,761.0,19.8,19.2277,-0.5723,0,0,0.0,0.0,0,0.35182616736014793,-46.057818659658345,0,46.057818659658345,1.7412895863052782,0,"Singrauli Super Thermal Power Project, Stage-III [2x800 MW]",1,0,on_roster,1
602185,Unknown,Electricity Generation,national thermal power corporation [ntpc],Uttarakhand,7.999342952713282,2312.0,7091.0,77.0,70.7346,-6.2654,1,1,266.2626,5875.0,0,3.0670415224913494,156.99737187910642,1,36.00525624178712,0.6387956204379562,0,Tapovan-Vishnugad HEP [4x130 MW],1,0,on_roster,1
602195,Unknown,Electricity Generation,thdc india limited,Uttarakhand,8.258772142246416,5235.0,6452.0,80.0,84.7663,4.7663,1,1,65.9197,1735.0,0,1.2324737344794652,39.98028909329829,1,17.017082785808146,1.1752895752895753,0,Vishnugad Pipalkoti Hydro Electric Project [444 MW],1,0,on_roster,1
400062,Unknown,Electricity Generation,damodar valley corporation,West Bengal,9.77984991207795,2343.0,1186.0,9.4,11.0352,1.6352,0,0,0.0,0.0,0,0.5061886470337175,-38.009198423127465,0,38.009198423127465,2.3836335350043214,0,"Raghunathpur Thermal Power Station Phase II [2X660 MW] at Raghunathpur, Purulia, West Bengal",1,0,on_roster,1
602184,Unknown,Electricity Generation,national thermal power corporation [ntpc],West Bengal,7.231894634444255,1826.0,4230.0,55.06,54.7383,-0.3217,1,1,107.3728,3469.0,0,2.3165388828039433,78.97503285151117,1,34.98685939553219,1.2844822535211267,0,Rammam-III HEPP [3x40 MW],1,0,on_roster,1
602538,Unknown,Electricity Generation,damodar valley corporation,West Bengal,6.945051063725834,1675.0,2496.0,96.0,102.5118,6.5118,1,1,6.6538,851.0,0,1.4901492537313432,26.971090670170828,1,0.9855453350854139,4.058666666666667,0,Installation of FGD for 4x210 & 2x250 MW MTPS U 1-6,1,0,on_roster,1
617183,Unknown,Transmission & Distribution,power grid corporation of india limited [powergrid],Andhra Pradesh,7.967973179662935,1005.0,396.0,26.19,24.9993,-1.1907,0,0,0.0,0.0,0,0.3940298507462687,-20.006570302233904,0,20.006570302233904,3.689288013136289,0,Transmission system strengthening at Kurnool- III PS for integration of additional RE generation projects [POWERGRID Kurnool III PS RE Transmission Limited],0,0,on_roster,0
617375,Unknown,Transmission & Distribution,power grid corporation of india limited [powergrid],Arunachal Pradesh,5.348915419311128,914.0,243.0,1.5,1.4997,-0.0003,0,0,0.0,0.0,1,0.2658643326039387,-22.043363994743757,0,22.043363994743757,4.468464977645306,0,North Eastern Region Expansion Scheme-XXIII [NERES-XXIII],0,0,on_roster,0
615336,Unknown,Transmission & Distribution,power grid corporation of india limited [powergrid],Delhi,5.652489180268651,823.0,882.0,7.75,8.0,0.25,0,1,0.0,303.0,0,1.071688942891859,1.938239159001314,1,8.015768725361367,11.508565573770491,1,Transmission system for evacuation of Power from REZ in Rajasthan [20 GW] under phase-III Part-D Phase-II,0,0,on_roster,0
612139,Unknown,Transmission & Distribution,power grid corporation of india limited [powergrid],Gujarat,8.350429973538136,731.0,852.0,62.0,60.0,-2.0,0,1,0.0,365.0,0,1.1655266757865936,3.9750328515111693,1,8.015768725361367,4.740655737704918,0,Transmission system for Evacuation of Additional 7 GW RE power from Khavda RE park under Phase-III Part B [Vataman Transmission Limited],0,0,on_roster,0
612855,Unknown,Transmission & Distribution,power grid corporation of india limited [powergrid],Gujarat,6.548219102762372,730.0,700.0,56.0,53.0,-3.0,0,1,0.0,31.0,0,0.958904109589041,-0.9855453350854139,0,2.0039421813403417,21.95672131147541,0,Transmission System for Evacuation of Power from Potential Energy Renewable Zone in Khavda Area of Gujarat under Ph-IV [7GW] Part E2,1,0,on_roster,1
615342,Unknown,Transmission & Distribution,power grid corporation of india limited [powergrid],Gujarat,5.799092654460526,638.0,547.0,13.5,11.0,-2.5,0,1,0.0,274.0,0,0.8573667711598746,-2.9894875164257555,0,11.990801576872535,7.213863013698631,0,Augmentation of Transformation Capacity at jam Khambhaliya PS [GIS] [SPV Name POWERGRID Jam Khambhaliya Transmission Limited],0,0,on_roster,0
615343,Unknown,Transmission & Distribution,power grid corporation of india limited [powergrid],Gujarat,6.218600119691729,730.0,516.0,6.0,5.0,-1.0,0,0,0.0,0.0,0,0.7068493150684931,-7.030223390275952,0,7.030223390275952,13.370841121495328,0,Provision of Dynamic Reactive Compensation at Khavda pooling Station 1 [KPS1] and Khavda Pooling station 3 [KPS3],0,0,on_roster,0
615345,Unknown,Transmission & Distribution,power grid corporation of india limited [powergrid],Gujarat,8.469472455204826,730.0,547.0,27.59,26.0,-1.59,0,1,0.0,365.0,0,0.7493150684931507,-6.011826544021025,0,18.00262812089356,4.022190510948905,0,Transmission System for Evacuation of Power from Potential Renewable Energy Zone in Khavda area of Gujarat under Phase-IV [7GW] Part B [SPV Name POWERGRID South Olpad Transmission Limited],0,0,on_roster,0
617069,Unknown,Transmission & Distribution,power grid corporation of india limited [powergrid],Gujarat,6.1463292576688975,730.0,424.0,22.5,20.0,-2.5,0,0,0.0,0.0,0,0.5808219178082191,-10.052562417871222,0,10.052562417871222,7.709477124183007,0,Augmentation of Transformation Capacity at KPS1 [GIS] and KPS2 [GIS] [Phase-V Part B1 and Part B2 Scheme] [SPV Name- POWERGRID KPS1 and 2 Augmentation Transmission Limited],0,0,on_roster,0
617182,Unknown,Transmission & Distribution,power grid corporation of india limited [powergrid],Gujarat,5.153291594497779,730.0,396.0,36.0,34.0,-2.0,0,0,0.0,0.0,0,0.5424657534246575,-10.972404730617608,0,10.972404730617608,5.832814371257485,0,Augmentation of Banaskantha [Raghanesda] PS [GIS] [POWERGRID Banaskantha Transco Limited],0,0,on_roster,0
617391,Unknown,Transmission & Distribution,power grid corporation of india limited [powergrid],Gujarat,6.192955360726739,638.0,424.0,1.5,1.2001,-0.2999,0,1,0.0,212.0,0,0.664576802507837,-7.030223390275952,0,13.994743758212877,7.038356807511738,0,Augmentation of Transformation Capacity at Bhuj-II PS [GIS],0,0,on_roster,0
617405,Unknown,Transmission & Distribution,adani transmission limited,Gujarat,8.294299608857235,,,18.0,13.425,-4.575,0,0,0.0,0.0,0,,-6.011826544021025,0,6.011826544021025,13.639781420765027,0,Jamnagar Transmission Limited,1,0,on_roster,1
617801,Unknown,Transmission & Distribution,power grid corporation of india limited [powergrid],Gujarat,6.367741117751471,640.0,396.0,1.5,1.217,-0.283,0,1,0.0,182.0,0,0.61875,-8.015768725361367,0,13.994743758212877,7.038356807511738,0,Provision of ICT Augmentation & Bus Reactor at Bhuj-II PS,0,0,on_roster,0
619026,Unknown,Transmission & Distribution,adani transmission limited,Gujarat,9.852246888342531,,,1.0,0.1053,-0.8947,0,0,0.0,0.0,0,,-44.021024967148485,0,44.021024967148485,2.2489253731343286,0,KPSIII HVDC Transmission Limited,0,0,on_roster,0
619029,Unknown,Transmission & Distribution,power grid corporation of india limited [powergrid],Gujarat,5.769632635218568,546.0,577.0,18.0,15.9977,-2.0023,0,1,0.0,275.0,0,1.0567765567765568,1.0183968462549278,1,8.015768725361367,10.22983606557377,0,Transmission System for Reliable Power Supply to Dholera,0,0,on_roster,0
619049,Unknown,Transmission & Distribution,adani transmission limited,Gujarat,8.412054873292933,730.0,608.0,58.0,50.3044,-7.6956,0,0,0.0,0.0,0,0.8328767123287671,-4.0078843626806835,0,4.0078843626806835,10.479344262295081,0,Khavda IVA Power Transmission Limited,1,0,on_roster,1
617179,Unknown,Transmission & Distribution,power grid corporation of india limited [powergrid],Jammu and Kashmir,5.391807709635375,730.0,639.0,1.7,1.7017,0.0017,0,1,0.0,335.0,0,0.8753424657534247,-2.9894875164257555,0,13.994743758212877,7.024065727699531,0,Transmission Scheme for evacuation of Power from Ratle HEP [850 MW] & kiru [624 MW] Part B,0,0,on_roster,0
617326,Unknown,Transmission & Distribution,power grid corporation of india limited [powergrid],Jharkhand,7.51928559686976,5142.0,5173.0,96.0,89.4585,-6.5415,0,1,0.0,153.0,0,1.0060287825748735,1.0183968462549278,1,4.0078843626806835,0.9980327868852459,0,Implementation of Transmission Systems in the State of Jharkhand consisting of 400/220/132/33 kV transmission lines and substations under Jharkhand Consultancy Project,1,0,on_roster,1
612140,Unknown,Transmission & Distribution,power grid corporation of india limited [powergrid],Karnataka,8.399760094524142,731.0,852.0,86.0,84.0,-2.0,0,1,0.0,274.0,0,1.1655266757865936,3.9750328515111693,1,5.026281208935611,2.785359477124183,0,Transmission Scheme for Integration of Renewable Energy Zone [Phase II] in Koppal II [Phase A&B] and gadag II[Phase A] in Karnataka [POWERGRID KOPPAL GADAG TRANSMISSION LIMITED],0,0,on_roster,0
616672,Unknown,Transmission & Distribution,power grid corporation of india limited [powergrid],Karnataka,7.2115567333138015,881.0,455.0,22.5,20.0,-2.5,0,0,0.0,0.0,0,0.5164585698070374,-13.994743758212877,0,13.994743758212877,5.5377934272300475,0,System Strengthening at Koppal-II and GadagII for integration of RE generation projects [SPV Name POWERGRID Koppal Gadag Augmentation Transmission Limited],0,0,on_roster,0
617068,Unknown,Transmission & Distribution,power grid corporation of india limited [powergrid],Karnataka,5.666426688112432,850.0,424.0,7.2,7.0,-0.2,0,0,0.0,0.0,0,0.4988235294117647,-13.994743758212877,0,13.994743758212877,6.63106103286385,0,"Augmentation of Transformation Capacity by 3x500 MVA, 400/220 KV ICTS [6th-8th] and 1x1500 MVA, 765/400 KV ICT [4th] at Bidar PS [SPV Name- POWERGRID Bidar Augmentation Transmission Limited]",0,0,on_roster,0
617184,Unknown,Transmission & Distribution,power grid corporation of india limited [powergrid],Karnataka,8.147288258706624,914.0,396.0,13.41,12.0,-1.41,0,0,0.0,0.0,0,0.43326039387308535,-17.017082785808146,0,17.017082785808146,5.088416216216217,0,Transmission Scheme for integration of Davanagere/ Chitradurga and Bellary REZ in Karnataka [POWERGRID Chitradurga Bellary REZ Transmission Limited],0,0,on_roster,0
617803,Unknown,Transmission & Distribution,power grid corporation of india limited [powergrid],Karnataka,5.940171252720432,730.0,212.0,2.5,4.5013,2.0013,0,0,0.0,0.0,0,0.29041095890410956,-17.017082785808146,0,17.017082785808146,5.72953667953668,0,Transmission System Strengthening at Davanagere for Integration of RE Generation [SPV Name - POWERGRID Davanagere Power Transmission Limited],0,0,on_roster,0
619228,Unknown,Transmission & Distribution,power grid corporation of india limited [powergrid],Karnataka,7.013915474810528,730.0,59.0,1.0,0.495,-0.505,0,0,0.0,0.0,0,0.08082191780821918,-22.043363994743757,0,22.043363994743757,4.491147540983607,1,Transmission System Strengthening for integration of additional RE Potential at Davanagere [0.25 GW] and Bellary [2.75 GW],0,0,on_roster,0
619028,Unknown,Transmission & Distribution,power grid corporation of india limited [powergrid],Kerala,5.159859573400469,730.0,243.0,1.5,1.2013,-0.2987,0,0,0.0,0.0,0,0.33287671232876714,-15.99868593955322,0,15.99868593955322,6.156755646817248,0,Augmentation of 1x500 MVA 400/220kV ICT [3rd] at Thrissur VSC HVDC Station in Kerala,1,0,on_roster,1
615344,Unknown,Transmission & Distribution,power grid corporation of india limited [powergrid],Madhya Pradesh,8.209308411646937,730.0,547.0,39.24,38.0,-1.24,0,1,0.0,243.0,0,0.7493150684931507,-6.011826544021025,0,13.994743758212877,4.341630046948357,0,Transmission System for Evacuation of Power from Rajasthan REZ Ph-IV [Part-2 5.5GW] [Jaisalmer/Barmer Complex] Part H1 [POWERGRID KURAWAR TRANSMISSION LIMITED],0,0,on_roster,0
615346,Unknown,Transmission & Distribution,power grid corporation of india limited [powergrid],Madhya Pradesh,7.904334842085095,730.0,608.0,57.8,55.0,-2.8,0,1,0.0,184.0,0,0.8328767123287671,-4.0078843626806835,0,10.052562417871222,4.197934640522876,0,Transmission System for Evacuation of Power from Rajasthan REZ Ph-IV [Part-2 5.5 GW] [Jaisalmer/Barmer Complex] Part C [SPV Name POWERGRID Mandsaur Transmission Limited],0,0,on_roster,0
617272,Unknown,Transmission & Distribution,power grid corporation of india limited [powergrid],Madhya Pradesh,5.916202062607435,913.0,669.0,35.03,31.0,-4.03,0,0,0.0,0.0,0,0.732749178532311,-8.015768725361367,0,8.015768725361367,8.105273770491802,0,Implementation of LILO of both circuits of 400KV vindhyachal PS-Sasan D/C Line at Hindalco Switchyard,0,0,on_roster,0
617279,Unknown,Transmission & Distribution,power grid corporation of india limited [powergrid],Madhya Pradesh,6.326149473155099,913.0,304.0,9.75,9.0,-0.75,0,0,0.0,0.0,0,0.3329682365826944,-20.006570302233904,0,20.006570302233904,4.511018062397373,0,Transmission System for evacuation of power from Mahan Energen Limited Generating Station in Madhya Pradesh [SPV Name - POWERGRID MEL Power Transmission Limited],0,0,on_roster,0
617802,Unknown,Transmission & Distribution,power grid corporation of india limited [powergrid],Madhya Pradesh,5.768320995793772,882.0,182.0,2.5,4.0,1.5,0,0,0.0,0.0,0,0.20634920634920634,-22.996057818659658,0,22.996057818659658,4.239857142857143,0,Augmentation of Transformation Capacity and Implementation of Line Bays at Mandsaur S/S for RE Interconnection [SPV Name- POWERGRID Mandsaur I RE Transmission Limited],0,0,on_roster,0
619024,Unknown,Transmission & Distribution,adani transmission limited,Madhya Pradesh,8.047611872984735,761.0,396.0,17.0,9.1763,-7.8237,0,0,0.0,0.0,0,0.5203679369250985,-11.990801576872535,0,11.990801576872535,6.921972602739727,0,Mahan Transmission Limited,0,0,on_roster,0
619027,Unknown,Transmission & Distribution,adani transmission limited,Maharashtra,7.601402334583733,,,5.0,1.8,-3.2,0,0,0.0,0.0,0,,-21.02496714848883,0,21.02496714848883,4.5184375,0,WRNES Talegaon Power Transmission Limited,0,0,on_roster,0
619227,Unknown,Transmission & Distribution,power grid corporation of india limited [powergrid],Maharashtra,7.259116128097101,731.0,31.0,0.5,0.2,-0.3,0,0,0.0,0.0,0,0.04240766073871409,-22.996057818659658,0,22.996057818659658,4.326828571428572,1,Network Expansion Scheme in Maharashtra for removal of Transmission constraints in Pune Region-I [765/400kV AIS Pune East],0,0,on_roster,0
617185,Unknown,Transmission & Distribution,power grid corporation of india limited [powergrid],"Multi-States (Andhra Pradesh, Karnataka)",8.621733370690162,730.0,396.0,17.86,17.0,-0.86,0,1,0.0,184.0,0,0.5424657534246575,-10.972404730617608,0,17.017082785808146,4.826914285714286,0,Transmission System for Integration of Kurnool-IV REZ Phase-I [for 4.5 GW] [POWERGRID Kurnool-IV Transmission Limited],0,0,on_roster,0
617806,Unknown,Transmission & Distribution,sterlite power,"Multi-States (Andhra Pradesh, Karnataka)",8.420019075561909,942.0,608.0,40.0,14.9376,-25.0624,0,0,0.0,0.0,0,0.6454352441613588,-10.972404730617608,0,10.972404730617608,5.468263473053892,0,Transmission System for Integration of Ananthapur 2 REZ Phase 1 for 4.5 GW. SPV Name Anantapuram 2 REZ Transmission Ltd,0,0,on_roster,0
619030,Unknown,Transmission & Distribution,power grid corporation of india limited [powergrid],"Multi-States (Andhra Pradesh, Odisha)",7.909673096823729,912.0,59.0,1.0,0.4922,-0.5078,0,0,0.0,0.0,0,0.06469298245614036,-28.02233902759527,0,28.02233902759527,3.5328956623681127,0,Inter-Regional Strengthening between SR Grid and ER Grid,0,0,on_roster,0
602223,Unknown,Transmission & Distribution,power grid corporation of india limited [powergrid],"Multi-States (Arunachal Pradesh, Sikkim)",8.467040299154506,1522.0,4200.0,83.4,88.3899,4.9899,1,1,92.0175,3012.0,1,2.759526938239159,87.97634691195795,1,10.972404730617608,1.5128862275449098,0,Comprehensive Scheme for Strengthening of Transmission and Distribution [T&D] Systems [CSST&DS] in Arunachal Pradesh and Sikkim,0,0,on_roster,0
607709,Unknown,Transmission & Distribution,power grid corporation of india limited [powergrid],"Multi-States (Assam, Manipur, Meghalaya, Mizoram, Nagaland, Tripura)",8.539410547964462,1461.0,4139.0,98.5,83.25,-15.25,1,1,31.0813,3012.0,1,2.8329911019849416,87.97634691195795,1,10.972404730617608,0.13670658682634731,0,NORTH EASTERN REGION POWER SYSTEM IMPROVEMENT PROJECT [NERPSIP],0,0,on_roster,0
617271,Unknown,Transmission & Distribution,power grid corporation of india limited [powergrid],"Multi-States (Bihar, Odisha, West Bengal)",5.839740088291405,546.0,577.0,29.73,29.998,0.268,0,1,0.0,184.0,0,1.0567765567765568,1.0183968462549278,1,5.026281208935611,13.980515032679738,0,Eastern Region Expansion Scheme-43 [ERES-43],0,0,on_roster,0
617807,Unknown,Transmission & Distribution,power grid corporation of india limited [powergrid],"Multi-States (Bihar, Uttar Pradesh)",7.7702232041587855,730.0,182.0,2.0,1.5,-0.5,0,0,0.0,0.0,0,0.2493150684931507,-18.00262812089356,0,18.00262812089356,5.443649635036496,0,Inter-regional [NR-WR] Transmission System strengthening to relieve the loading of 765 kV Vindhyachal-Varanasi D/c line,0,0,on_roster,0
617270,Unknown,Transmission & Distribution,power grid corporation of india limited [powergrid],"Multi-States (Bihar, West Bengal)",6.016010807525982,546.0,516.0,1.5,1.499,-0.001,0,1,0.0,396.0,0,0.945054945054945,-0.9855453350854139,0,13.994743758212877,7.038356807511738,0,Eastern Region Expansion Scheme-44 [ERES-44],1,0,on_roster,1
611735,Unknown,Transmission & Distribution,power grid corporation of india limited [powergrid],"Multi-States (Delhi, Rajasthan)",5.805134968916488,821.0,1217.0,56.75,59.7311,2.9811,0,1,0.0,640.0,0,1.482338611449452,13.009198423127463,1,8.015768725361367,5.395614754098361,0,Transmission system for evacuation of power from REZ in Rajasthan 20GW under Phase-III Part J,0,0,on_roster,0
612132,Unknown,Transmission & Distribution,power grid corporation of india limited [powergrid],"Multi-States (Delhi, Rajasthan)",7.793174347189205,547.0,790.0,85.45,84.0,-1.45,0,1,0.0,396.0,0,1.4442413162705667,7.982917214191852,1,5.026281208935611,2.8947843137254896,0,Transmission Scheme for Evacuation of power from REZ in Rajasthan [20 GW] under Phase-III Part D Phase I [Sikar Khetri Transmission Ltd],1,0,on_roster,1
615347,Unknown,Transmission & Distribution,power grid corporation of india limited [powergrid],"Multi-States (Gujarat, Maharashtra)",10.119405058758598,1642.0,516.0,9.67,10.0,0.33,0,0,0.0,0.0,0,0.31425091352009743,-36.990801576872535,0,36.990801576872535,2.441958436944938,0,TRANSMISSION SYSTEM FOR EVACUATION OF POWER FROM POTENTIAL RENEWABLE ENERGY ZONE IN KHAVDA AREA OF GUJARAT UNDER PHASE-V [8 GW] PART A [SPV Name POWERGRID West Central Transmission Limited],0,0,on_roster,0
615339,Unknown,Transmission & Distribution,power grid corporation of india limited [powergrid],"Multi-States (Haryana, Punjab, Rajasthan)",8.694502206386648,730.0,516.0,24.07,22.0,-2.07,0,1,0.0,151.0,0,0.7068493150684931,-7.030223390275952,0,11.990801576872535,6.332353972602741,0,Transmission system for evacuation of power from Rajasthan REZ Ph-IV [Part- 3/6GW] [Bikaner complex] Part A [SPV Name POWERGRID Bikaner IV Transmission Limited],0,0,on_roster,0
615340,Unknown,Transmission & Distribution,power grid corporation of india limited [powergrid],"Multi-States (Haryana, Rajasthan)",8.586346050104554,730.0,516.0,28.27,27.0,-1.27,0,1,0.0,212.0,0,0.7068493150684931,-7.030223390275952,0,13.994743758212877,5.125495774647888,0,TRANSMISSION SYSTEM FOR EVACUATION OF POWER FROM RAJASTHAN REZ PH-IV [PART-3/ 6 GW] [BIKANER COMPLEX] PART B [SPV Name POWERGRID Siwani Transmission Limited],0,0,on_roster,0
617808,Unknown,Transmission & Distribution,power grid corporation of india limited [powergrid],"Multi-States (Karnataka, Maharashtra)",6.915723448631314,730.0,182.0,2.5,2.0,-0.5,0,0,0.0,0.0,0,0.2493150684931507,-18.00262812089356,0,18.00262812089356,5.415875912408759,0,Inter-Regional Strengthening between SR Grid and WR Grid,0,0,on_roster,0
612138,Unknown,Transmission & Distribution,power grid corporation of india limited [powergrid],"Multi-States (Karnataka, Telangana)",7.221835825288449,731.0,790.0,89.46,87.0,-2.46,0,1,0.0,120.0,0,1.0807113543091655,1.938239159001314,1,2.0039421813403417,5.259632786885248,0,"Transmission Scheme for Solar Energy Zone in Bidar [2500 MW], Karnataka [Bidar Transmission Ltd]",1,0,on_roster,1
615333,Unknown,Transmission & Distribution,power grid corporation of india limited [powergrid],"Multi-States (Madhya Pradesh, Rajasthan)",7.708859601047175,730.0,608.0,38.74,44.0,5.26,0,1,0.0,122.0,0,0.8328767123287671,-4.0078843626806835,0,8.015768725361367,7.6424360655737695,0,Transmission System for Evacuation of Power from Rajasthan REZ Ph-IV [Part-2 5.5 GW] [Jaisalmer/Barmer Complex] Part D [SPV Name POWERGRID Beawar Mandsaur Transmission Limited],0,0,on_roster,0
615334,Unknown,Transmission & Distribution,power grid corporation of india limited [powergrid],"Multi-States (Madhya Pradesh, Rajasthan)",8.087025470667701,730.0,608.0,39.4,49.0,9.6,0,1,0.0,243.0,0,0.8328767123287671,-4.0078843626806835,0,11.990801576872535,5.05387397260274,0,Transmission System for Evacuation of Power from Rajasthan REZ Ph-IV [Part-2 5.5 GW] [Jaisalmer/Barmer Complex] Part E [SPV Name POWERGRID Mewar Transmission Limited],0,0,on_roster,0
617186,Unknown,Transmission & Distribution,power grid corporation of india limited [powergrid],"Multi-States (Madhya Pradesh, Rajasthan)",8.522976436171964,730.0,396.0,24.07,20.9666,-3.1034,0,1,0.0,92.0,0,0.5424657534246575,-10.972404730617608,0,13.994743758212877,5.425608450704226,0,Rajasthan REZ Ph-V [Part-1- 4 GW] [Sirohi/Nagaur] Complex [Rajasthan V Power Transmission Limited],0,0,on_roster,0
619025,Unknown,Transmission & Distribution,adani transmission limited,"Multi-States (Madhya Pradesh, Rajasthan, Uttar Pradesh)",10.12667110305036,1642.0,455.0,2.0,0.9202,-1.0798,0,0,0.0,0.0,0,0.27710109622411694,-38.99474375821288,0,38.99474375821288,2.5131592249368158,0,RAJASTHAN PART I POWER TRANSMISSION LIMITED,0,0,on_roster,0
612133,Unknown,Transmission & Distribution,power grid corporation of india limited [powergrid],"Multi-States (Rajasthan, Uttar Pradesh)",8.093156697722637,731.0,852.0,72.16,83.4998,11.3398,0,1,0.0,365.0,0,1.1655266757865936,3.9750328515111693,1,8.015768725361367,3.473154098360656,0,Transmission System for Evacuation of power from Rajasthan REZ Ph-IV [Part-1] [Bikaner Complex] Part D [Neemrana Bareilly Transmission Ltd],1,0,on_roster,1
616670,Unknown,Transmission & Distribution,power grid corporation of india limited [powergrid],"Multi-States (Rajasthan, Uttar Pradesh)",8.67368398817567,730.0,486.0,31.37,28.0,-3.37,0,1,0.0,182.0,0,0.6657534246575343,-8.015768725361367,0,13.994743758212877,4.903984037558685,0,Transmission System for evacuation of Power from Rajasthan REZ Ph-IV [Part-4 3.5 GW] Part A [SPV name POWERGRID Ghiror Transmission Limited],0,0,on_roster,0
611949,Unknown,Transmission & Distribution,power grid corporation of india limited [powergrid],Rajasthan,7.057036981697891,548.0,913.0,99.0,98.0,-1.0,0,1,0.0,395.0,0,1.666058394160584,11.990801576872535,1,0.9855453350854139,1.0146666666666668,0,Transmission system for evacuation of power from REZ in Rajasthan 20 GW under Phase-III part C1,1,0,on_roster,1
612134,Unknown,Transmission & Distribution,power grid corporation of india limited [powergrid],Rajasthan,8.464214266625351,731.0,852.0,72.22,77.0,4.78,0,1,0.0,365.0,0,1.1655266757865936,3.9750328515111693,1,8.015768725361367,3.4656688524590162,0,Transmission System for Evacuation of power from Rajasthan REZ Ph-IV [Part-1] [Bikaner Complex] Part A [Bikaner Neemrana Transmission Ltd],1,0,on_roster,1
615332,Unknown,Transmission & Distribution,power grid corporation of india limited [powergrid],Rajasthan,8.09559870137819,730.0,608.0,47.13,46.0,-1.13,0,1,0.0,212.0,0,0.8328767123287671,-4.0078843626806835,0,10.972404730617608,4.818451497005988,0,Transmission System for Evacuation of Power from Rajasthan REZ Ph-IV [Part-2 5.5 GW][Jaisalmer/Barmer Complex] Part B [SPV Name POWERGRID Sirohi Transmission Limited],0,0,on_roster,0
615335,Unknown,Transmission & Distribution,power grid corporation of india limited [powergrid],Rajasthan,7.232010331664759,730.0,608.0,42.0,40.0,-2.0,0,1,0.0,212.0,0,0.8328767123287671,-4.0078843626806835,0,10.972404730617608,5.285988023952096,0,Transmission System Strengthening for Interconnections of Bhadla-III & Bikaner III Complex [SPV Name POWERGRID BHADLA BIKANER TRANSMISSION LIMITED],0,0,on_roster,0
615337,Unknown,Transmission & Distribution,power grid corporation of india limited [powergrid],Rajasthan,5.91350300563827,549.0,608.0,63.85,57.0,-6.85,0,1,0.0,212.0,0,1.1074681238615665,1.938239159001314,1,5.026281208935611,7.1921960784313725,0,Additional Transmission System for evacuation of Power from Bhadla-III PS as part of Rajasthan REZ Phase III Scheme [20 GW] [SPV Name POWERGRID Bhadla-III Power Transmission Limited],0,0,on_roster,0
615338,Unknown,Transmission & Distribution,power grid corporation of india limited [powergrid],Rajasthan,7.914252278742441,730.0,516.0,31.48,32.0,0.52,0,1,0.0,212.0,0,0.7068493150684931,-7.030223390275952,0,13.994743758212877,4.896123943661972,0,TRANSMISSION SYSTEM FOR EVACUATION OF POWER FROM RAJASTHAN REZ PH -IV [PART-2 5.5 GW] [JAISALMER/BARMER COMPLEX] PART F [SPV Name POWERGRID BARMER I TRANSMISSION LIMITED],0,0,on_roster,0
617181,Unknown,Transmission & Distribution,power grid corporation of india limited [powergrid],Rajasthan,6.003887067106539,640.0,396.0,9.8,7.0,-2.8,0,1,0.0,182.0,0,0.61875,-8.015768725361367,0,13.994743758212877,6.445276995305165,0,"Augmentation at Fatehgarh-II PS, Fatehgarh-IV PS [Section-II] and Barmer-I PS [POWERGRID Fatehgarh Barmer Augmentation Transmission Limited]",0,0,on_roster,0
616671,Unknown,Transmission & Distribution,power grid corporation of india limited [powergrid],Tamil Nadu,6.3080984415095305,699.0,455.0,18.72,22.0,3.28,0,1,0.0,90.0,0,0.6509298998569385,-8.015768725361367,0,10.972404730617608,7.407674251497006,0,Transmission System under ISTS for evacuation of Power from Kudankulam Unit-3&4 [2x1000 MW] [SPV Name POWERGRID Kudankulam Tarnsmission Limited],0,0,on_roster,0
617269,Unknown,Transmission & Distribution,power grid corporation of india limited [powergrid],Uttar Pradesh,5.365087770181889,547.0,486.0,3.0,2.998,-0.002,0,1,0.0,61.0,0,0.8884826325411335,-2.0039421813403417,0,4.0078843626806835,24.20229508196721,0,Transmission System for Strengthening to facilitate evacuation of power from Bhadla/Bikaner Complex,1,0,on_roster,1
617412,Construction,Ministry of Housing & Urban Affairs,central public works department - cpwd,Telangana,6.4692503167957724,1279.0,761.0,21.0,25.0885,4.0885,0,0,0.0,0.0,0,0.5949960906958561,-17.017082785808146,0,17.017082785808146,4.642393822393823,0,"Construction of One Tower of Office Complex and another Tower of Residential quarters consisting of 10Nos. Type-V, 10Nos. Type-VI & 1No.Type-VII Quarters i/c internal water supply, sanitary installation and all development and bulk services, Horticulture works on EPC Mode-I basis i/c comprehensive operation and maintenance of Civil, E&M services for 7 years after completion of original construction work for Ranga Reddy, Secunderabad, Medchal, AuditI, Audit-II Commissionerates of Central Tax at Khajaguda, Serilingampally, Hyderabad.",0,0,on_roster,0
707229,Unknown,Real Estate,ministry of housing and urban affairs,Andaman & Nicobar,5.351289251314142,669.0,1735.0,70.0,0.0,-70.0,0,0,0.0,0.0,0,2.593423019431988,35.019710906701704,1,-35.019710906701704,,0,"Integrated Command control Center [ICCC] - Construction and Development of Integrated Command Control Center with Security, Surveillance, ITMS, Connecting Port, Ship Service, Smart Solid Waste Management, Smart Public Transport System",1,1,on_roster,1
400188,Unknown,Real Estate,national buildings construction corporation [nbcc],Delhi,10.39973746484973,3440.0,3561.0,46.8,42.2817,-4.5183,1,0,-0.0274,0.0,0,1.0351744186046512,3.9750328515111693,1,-3.9750328515111693,,0,Redevelopment of Seven General Pool Residential Accommodation [GPRA] Colonies in Delhi,0,0,on_roster,0
701719,Unknown,Real Estate,ministry of housing and urban affairs,Gujarat,6.29156913955832,2342.0,3712.0,98.5,111.2727,12.7727,0,1,0.0,1400.0,0,1.5849701110162255,45.006570302233904,1,0.9855453350854139,1.522,0,Rehablitation in Junavadaj Area Smart City Project,1,0,on_roster,1
701766,Unknown,Real Estate,ministry of housing and urban affairs,Uttarakhand,5.023683132945513,1461.0,2343.0,40.0,26.2184,-13.7816,1,1,36.451,1126.0,0,1.6036960985626283,28.97503285151117,1,8.015768725361367,7.485245901639344,0,Green Building Development Project,0,0,on_roster,0
702627,Unknown,Urban Public Transport,patna metro rail corporation ltd. [pmrcl],Bihar,9.500527055269986,1826.0,2616.0,50.0,38.8835,-11.1165,1,1,0.0002,1216.0,0,1.4326396495071194,25.952693823915897,1,13.994743758212877,3.5727699530516435,0,Patna Metro Rail Project,0,0,on_roster,0
617207,Unknown,Urban Public Transport,delhi metro rail corporation limited [dmrc],Delhi,9.036083408753898,1826.0,761.0,3.64,1.1254,-2.5146,0,0,0.0,0.0,0,0.4167579408543264,-34.98685939553219,0,34.98685939553219,2.7541769014084507,0,Delhi Metro Rail Phase-IV [2 Corridors],0,0,on_roster,0
619031,Unknown,Urban Public Transport,delhi metro rail corporation limited [dmrc],Delhi,9.39398688396255,1065.0,90.0,5.34,0.1448,-5.1952,1,0,-0.0001,0.0,0,0.08450704225352113,-32.03022339027595,0,32.03022339027595,2.9553337435897435,0,Delhi Metro Rail Phase V A,0,0,on_roster,0
702632,Unknown,Urban Public Transport,delhi metro rail corporation limited [dmrc],Delhi,10.124615073025158,2070.0,2466.0,80.56,81.5704,1.0104,1,1,0.0002,640.0,0,1.191304347826087,13.009198423127463,1,8.015768725361367,2.425219672131147,0,DMRTS Phase - IV [3 Priority Corridors],0,0,on_roster,0
702630,Unknown,Urban Public Transport,gujarat metro rail corporation limited [gmrcl],Gujarat,9.39443701903147,1827.0,2588.0,79.5,74.2881,-5.2119,1,1,-0.0002,822.0,0,1.4165298303229337,25.0,1,2.0039421813403417,10.22983606557377,0,Surat Metro Rail Project,1,0,on_roster,1
619022,Unknown,Urban Public Transport,gurugram metro rail limited [gmrl],Haryana,8.60405322362049,1461.0,1005.0,0.0,1.6894,1.6894,0,0,0.0,0.0,0,0.6878850102669405,-14.98028909329829,0,14.98028909329829,6.675438596491229,0,"Metro connectivity from Millennium City Centre to Cyber City with Spur to Dwarka Expressway, Gurugram.",0,0,on_roster,0
612878,Unknown,Urban Public Transport,bengaluru metro rail,Karnataka,9.655795128300506,,,0.0,0.0,0.0,0,0,0.0,0.0,0,,-60.972404730617605,0,60.972404730617605,1.6400862068965518,1,Bangalore Metro Rail Project - PHASE-3,0,0,on_roster,0
702635,Unknown,Urban Public Transport,bengaluru metro rail,Karnataka,10.181351837850434,2585.0,4442.0,95.5,97.0936,1.5936,1,1,16.2467,2010.0,0,1.718375241779497,61.00525624178712,1,5.026281208935611,0.8952941176470588,0,Construction of Bangalore Metro Rail Project Phase 2.,0,0,on_roster,0
702665,Unknown,Urban Public Transport,bengaluru metro rail,Karnataka,9.601645701926314,1826.0,1765.0,65.0,69.4913,4.4913,0,0,0.0,0.0,0,0.9665936473165389,-2.0039421813403417,0,2.0039421813403417,17.4655737704918,0,Construction Bangalore Metro Rail Project Phase-2A & 2B,0,0,on_roster,0
702664,Unknown,Urban Public Transport,cspcc projects,Kerala,7.579704359025902,1461.0,1247.0,36.17,38.1355,1.9655,0,0,0.0,0.0,0,0.8535249828884326,-7.030223390275952,0,7.030223390275952,9.079370093457944,0,Kochi Metro Rail Phase 2 Development Project,0,0,on_roster,0
702625,Unknown,Urban Public Transport,madhya pradesh metro rail co limited [mpmrcl],Madhya Pradesh,8.845402815044086,1461.0,2708.0,59.94,61.3601,1.4201,0,1,0.0,2039.0,0,1.8535249828884326,40.9658344283837,1,26.018396846254927,1.539679797979798,0,Bhopal Metro Rail Project,0,0,on_roster,0
702626,Unknown,Urban Public Transport,madhya pradesh metro rail co limited [mpmrcl],Madhya Pradesh,8.922898270729009,1461.0,2708.0,64.15,65.6337,1.4837,0,1,0.0,2222.0,0,1.8535249828884326,40.9658344283837,1,32.03022339027595,1.1192553846153845,0,Indore Metro Rail Project,0,0,on_roster,0
617225,Unknown,Urban Public Transport,maharashtra metro rail corporation limited [mmrcl],Maharashtra,6.814740462813949,1188.0,913.0,41.58,28.0926,-13.4874,1,0,5.4934,0.0,0,0.7685185185185185,-9.034165571616294,0,9.034165571616294,6.46656290909091,0,PCMC To Nigdi- Extension Of North South Corridor Of Phase-1,0,0,on_roster,0
617226,Unknown,Urban Public Transport,maharashtra metro rail corporation limited [mmrcl],Maharashtra,7.991433270779647,1642.0,577.0,5.2,1.5613,-3.6387,0,0,0.0,0.0,0,0.351400730816078,-34.98685939553219,0,34.98685939553219,2.709588732394366,0,Pune Metro Phase-1 Extension line towards south from Swargate to Katraj,0,0,on_roster,0
617327,Unknown,Urban Public Transport,maharashtra metro rail corporation limited [mmrcl],Maharashtra,9.409281390591252,1826.0,577.0,8.25,0.6691,-7.5809,0,0,0.0,0.0,0,0.31599123767798465,-41.03153745072273,0,41.03153745072273,2.2360848678943155,0,Thane Integral Ring Metro Rail Project,0,0,on_roster,0
618971,Unknown,Urban Public Transport,maharashtra metro rail corporation limited [mmrcl],Maharashtra,8.19622730748249,1461.0,274.0,1.38,0.0731,-1.3069,0,0,0.0,0.0,0,0.18754277891854895,-38.99474375821288,0,38.99474375821288,2.5290588037068242,0,Pune Metro Rail Project Phase-2 Corridor 2A Vanaz to Chandani Chowk and Corridor 2B Ramwadi to Wagholi/Vitthalwadi,0,0,on_roster,0
618985,Unknown,Urban Public Transport,maharashtra metro rail corporation limited [mmrcl],Maharashtra,9.196124807934499,1826.0,121.0,0.48,0.04,-0.44,0,0,0.0,0.0,0,0.06626506024096386,-56.01182654402102,0,56.01182654402102,1.7767676246334312,0,Pune Metro Rail Project Phase-2 Line-4 Kharadi to Khadakwasla with Spur Line 4A Nal Stop - Warje - Manikbaug,0,0,on_roster,0
701745,Unknown,Urban Public Transport,ministry of housing and urban affairs,Maharashtra,5.5750395987634755,1552.0,2922.0,6.0,6.7057,0.7057,0,0,0.0,0.0,0,1.8827319587628866,45.006570302233904,1,-45.006570302233904,,0,New Suburba Station Development Project,0,0,on_roster,0
701991,Unknown,Urban Public Transport,ministry of housing and urban affairs,Maharashtra,6.398594934535208,1917.0,2922.0,82.0,68.0973,-13.9027,1,1,20.6167,1066.0,0,1.5242566510172144,33.01576872536137,1,2.0039421813403417,8.982295081967212,0,Kalyan Station Precinct Imporvement Project,0,0,on_roster,0
702637,Unknown,Urban Public Transport,mumbai metro rail corporation limited [mmrc],Maharashtra,10.049188346707682,3530.0,4657.0,97.79,89.9418,-7.8482,1,1,61.1169,884.0,0,1.3192634560906515,37.023653088042046,1,-7.982917214191852,,0,Mumbai Metro Line 3,0,0,on_roster,0
702658,Unknown,Urban Public Transport,maharashtra metro rail corporation limited [mmrcl],Maharashtra,8.811205187562887,1826.0,1217.0,38.0,28.5037,-9.4963,0,0,0.0,0.0,0,0.6664841182913472,-20.006570302233904,0,20.006570302233904,3.0989819376026273,0,Nagpur Metro Rail Phase II Development Project,0,0,on_roster,0
617206,Unknown,Urban Public Transport,delhi metro rail corporation limited [dmrc],"Multi-States (Delhi, Haryana)",8.737450982927987,1461.0,455.0,0.0,1.1712,1.1712,0,0,0.0,0.0,0,0.31143052703627655,-33.04862023653088,0,33.04862023653088,3.0258449304174952,0,Delhi Metro Rail Phase-IV [Rithala - Kundli Corridor],0,0,on_roster,0
702668,Unknown,Urban Public Transport,chennai metro rail limited [cmrl],Tamil Nadu,11.05480297463485,1765.0,547.0,52.55,52.3817,-0.1683,0,0,0.0,0.0,0,0.30991501416430595,-40.01314060446781,0,40.01314060446781,1.1858604269293924,0,Chennai Metro Rail Phase-II Development Project,0,0,on_roster,0
619052,Unknown,Urban Public Transport,uttar pradesh metro rail corporation [upmrc],Uttar Pradesh,8.665966582362245,2038.0,212.0,1.0,0.0,-1.0,0,0,0.0,0.0,0,0.10402355250245339,-59.98685939553219,0,59.98685939553219,1.6503614457831326,0,LUCKNOW METRO RAIL PROJECT PHASE-1B EAST WEST CORRIDOR,0,0,on_roster,0
702628,Unknown,Urban Public Transport,uttar pradesh metro rail corporation [upmrc],Uttar Pradesh,9.312669497610493,1827.0,2527.0,80.9,82.1663,1.2663,1,1,0.0002,1034.0,0,1.3831417624521072,22.996057818659658,1,10.972404730617608,1.7407305389221552,0,Kanpur Metro Rail Project,0,0,on_roster,0
702629,Unknown,Urban Public Transport,uttar pradesh metro rail corporation [upmrc],Uttar Pradesh,9.033677176419515,1827.0,2527.0,69.5,72.4589,2.9589,0,1,0.0,1126.0,0,1.3831417624521072,22.996057818659658,1,13.994743758212877,2.1793896713615024,0,Agra Metro Rail Project,0,0,on_roster,0
702674,Unknown,Waste & Water,ministry of housing & urban affairs,Andhra Pradesh,5.1545624629028985,2219.0,3346.0,82.0,51.5968,-30.4032,0,1,0.0,1188.0,0,1.5078864353312302,37.023653088042046,1,2.0039421813403417,8.982295081967212,0,"ESR - 8 nos., distribution system - 216 Km, new house service connections - 38760 nos. upgrading of feeder mains, pumping station etc. - Phase II",1,0,on_roster,1
702699,Unknown,Waste & Water,ministry of housing & urban affairs,Bihar,5.073797869053896,2525.0,3438.0,84.0,85.4768,1.4768,0,1,0.0,974.0,0,1.3615841584158417,29.993429697766096,1,2.0039421813403417,7.984262295081967,0,Muzaffarpur Storm Water Drainage Phase-I Project,0,0,on_roster,0
702734,Unknown,Waste & Water,ministry of housing & urban affairs,Haryana,5.6312476234729525,2375.0,3318.0,88.0,82.1877,-5.8123,0,1,0.0,1096.0,0,1.3970526315789473,30.97897503285151,1,5.026281208935611,2.387450980392157,0,Sewerage Management Scheme Part-3 Implementation,0,0,on_roster,0
702741,Unknown,Waste & Water,ministry of housing & urban affairs,Jharkhand,5.382428709166689,2219.0,3346.0,76.0,59.6444,-16.3556,0,1,0.0,1188.0,0,1.5078864353312302,37.023653088042046,1,2.0039421813403417,11.97639344262295,0,Dhanbad Water Supply Infrastructure Project,0,0,on_roster,0
702742,Unknown,Waste & Water,ministry of housing & urban affairs,Jharkhand,5.077109440701582,2433.0,3346.0,67.0,54.9244,-12.0756,0,1,0.0,974.0,0,1.3752568845047266,29.993429697766096,1,2.0039421813403417,16.467540983606558,0,SAAP-3 Water Supply Infrastructure SAAP-3 Project,0,0,on_roster,0
702746,Unknown,Waste & Water,ministry of housing & urban affairs,Jharkhand,5.63221486279678,2219.0,3346.0,81.0,67.0188,-13.9812,0,1,0.0,1188.0,0,1.5078864353312302,37.023653088042046,1,2.0039421813403417,9.481311475409836,0,Augmentation and Strenghthning of Urban Water Supply Phase 1 - SAAP 3,0,0,on_roster,0
702760,Unknown,Waste & Water,ministry of housing & urban affairs,Karnataka,5.098218729651401,2769.0,3774.0,80.0,48.8539,-31.1461,0,1,0.0,1066.0,0,1.362946912242687,33.01576872536137,1,2.0039421813403417,9.98032786885246,0,Belgavi Improvement in Sewerage System Project,0,0,on_roster,0
702793,Unknown,Waste & Water,ministry of housing & urban affairs,Madhya Pradesh,5.663550583768322,2281.0,3408.0,99.0,87.927,-11.073,0,1,0.0,1188.0,0,1.4940815431828145,37.023653088042046,1,2.0039421813403417,0.49901639344262294,0,Indore Water Supply Infrastructure Project,0,0,on_roster,0
702808,Unknown,Waste & Water,ministry of housing & urban affairs,Madhya Pradesh,5.260407793474816,3043.0,3804.0,96.0,92.788,-3.212,1,1,12.701,791.0,0,1.250082155767335,25.0,1,0.9855453350854139,4.058666666666667,0,Satna Sewerage Management and Treatment Infrastructure Project,1,0,on_roster,1
702810,Unknown,Waste & Water,ministry of housing & urban affairs,Madhya Pradesh,5.998961375534605,2495.0,3622.0,90.0,81.6435,-8.3565,1,1,8.9774,1188.0,0,1.4517034068136272,37.023653088042046,1,2.0039421813403417,4.99016393442623,0,Singrauli Sewerage Management and Treatment Infrastructure Project,0,0,on_roster,0
702833,Unknown,Waste & Water,ministry of housing & urban affairs,Maharashtra,5.274024673978992,2648.0,3561.0,75.0,70.3193,-4.6807,0,1,0.0,974.0,0,1.3447885196374623,29.993429697766096,1,2.0039421813403417,12.475409836065573,0,Kalyan-Dombivali Water Supply Infrastructure Project,1,0,on_roster,1
703021,Unknown,Waste & Water,ministry of housing & urban affairs,Punjab,5.558872302860393,2464.0,3438.0,58.0,60.3885,2.3885,1,1,3.137,1035.0,0,1.3952922077922079,31.99737187910644,1,2.0039421813403417,20.958688524590162,0,Jalandhar Water Supply Infrastructure Project,1,0,on_roster,1
703057,Unknown,Waste & Water,ministry of housing & urban affairs,Punjab,5.662960480135946,2525.0,3438.0,99.0,74.439,-24.561,0,1,0.0,974.0,0,1.3615841584158417,29.993429697766096,1,2.0039421813403417,0.49901639344262294,0,Patiala Water Supply Infrastructure Part-2 Project,1,0,on_roster,1
702949,Unknown,Waste & Water,ministry of housing & urban affairs,Uttar Pradesh,6.332817709748902,2313.0,3318.0,95.0,89.0163,-5.9837,0,1,0.0,1035.0,0,1.4345006485084306,33.01576872536137,1,0.9855453350854139,5.073333333333333,0,Jhansi Water Supply Infrastructure Phase-II Project,1,0,on_roster,1
702958,Unknown,Waste & Water,ministry of housing & urban affairs,Uttar Pradesh,4.966056250698289,,,95.0,88.13,-6.87,1,1,21.585,1157.0,0,,37.023653088042046,1,0.9855453350854139,5.073333333333333,1,Lucknow Sewerage Management Infrastructure Project,1,0,on_roster,1
617280,Construction,Ministry of Mines,central public works department [cpwd],West Bengal,5.5466217135207465,2679.0,2557.0,64.0,38.736,-25.264,0,0,0.0,0.0,0,0.9544606196341918,-4.0078843626806835,0,4.0078843626806835,8.982295081967212,0,"Construction of Basement + Ground Floor+ 10 Storeyed building for State of the Art Director General, GSI Building at plot No.GN-40, Sector-V, Salt Lake, Kolkata",0,0,on_roster,0
400426,Unknown,Metals & Mining,hindustan copper limited [hcl],Madhya Pradesh,7.526911403630313,3135.0,5326.0,84.87,25.3966,-59.4734,1,1,104.7017,3256.0,0,1.698883572567783,71.97766097240472,1,34.98685939553219,0.43244807511737077,0,Expansion of Malanjkhand Copper Project,0,0,on_roster,0
400141,Unknown,Metals & Mining,national aluminium company limited [nalco],Odisha,8.319717386850606,2070.0,3287.0,94.2,86.0887,-8.1113,1,1,38.3719,1278.0,0,1.5879227053140097,39.98028909329829,1,2.0039421813403417,2.8942950819672117,0,Expansion of Alumina Refinery Plant with addition of 5th Stream having capacity enhancement of 1.0 Million Tonee Per Annum,0,0,on_roster,0
400299,Unknown,Metals & Mining,national aluminium company limited [nalco],Odisha,7.231287004327616,2496.0,2892.0,52.1,39.2744,-12.8256,1,1,41.9819,426.0,0,1.1586538461538463,13.009198423127463,1,0.9855453350854139,48.602533333333334,0,Pottangi Bauxite Mines Project,1,0,on_roster,1
709831,Unknown,Metals & Mining,national aluminium company limited [nalco],Odisha,6.182084906716632,2738.0,3073.0,92.35,92.3727,0.0227,0,1,0.0,396.0,0,1.1223520818115413,11.005256241787121,1,2.0039421813403417,3.817475409836068,0,SOURCING OF BAUXITE ARRANGEMENT FOR 5TH STREAM ALUMINA REFINERY FROM SOUTH BLOCK MINING LEASE OF PANCHPATMAILI MINES,0,0,on_roster,0
709832,Unknown,Metals & Mining,national aluminium company limited [nalco],Tamil Nadu,5.117993812416755,2738.0,3134.0,66.73,81.3253,14.5953,0,1,0.0,365.0,0,1.1446311176040906,13.009198423127463,1,-1.0183968462549278,,0,25.5 MW WIND POWER PROJECT AT KAYATHAR IN TAMILNADU,0,0,on_roster,0
613008,Education,Department of Higher Education,central tribal university of andhra pradesh,Andhra Pradesh,5.723585101952381,2830.0,2404.0,44.0,21.0656,-22.9344,0,0,0.0,0.0,0,0.8494699646643109,-13.994743758212877,0,13.994743758212877,4.001502347417841,0,Construction of Permanent Campus of Central Tribal University of Andhra Pradesh Phase-1,0,0,on_roster,0
612898,Education,Department of Higher Education,"national institute of technology, arunachal pradesh",Arunachal Pradesh,6.386222538072459,6178.0,6056.0,80.0,93.0291,13.0291,0,1,0.0,-730.0,1,0.9802525089025574,-4.0078843626806835,0,-19.97371879106439,,0,Construction of Permanent Campus of National Institute of Technology Arunachal Pradesh,0,0,on_roster,0
606112,Education,Department of Higher Education,tezpur university,Assam,5.041552396730977,1645.0,2527.0,97.7,89.6754,-8.0246,0,1,0.0,761.0,1,1.5361702127659576,28.97503285151117,1,-3.9750328515111693,,0,Tezpur University Projects,0,0,on_roster,0
606013,Education,Department of Higher Education,nit patna,Bihar,6.21502801024688,731.0,1370.0,98.5,90.1344,-8.3656,0,1,0.0,549.0,0,1.8741450068399452,20.992115637319316,1,-2.9566360052562417,,0,Additional Campus of NITPatna,0,0,on_roster,0
617877,Education,Department of Higher Education,"indian institute of technology, bhilai",Chhattisgarh,7.081683375703762,1249.0,335.0,0.0,0.0,0.0,0,0,0.0,0.0,0,0.2682145716573259,-30.02628120893561,0,30.02628120893561,3.3304157549234135,0,Phase B Construction of Permanent Campus of IIT Bhilai,0,0,on_roster,0
612851,Education,Department of Higher Education,national institute of technology delhi,Delhi,5.81260698375519,5844.0,6056.0,99.72,95.6424,-4.0776,1,1,0.8786,122.0,0,1.0362765229295003,6.964520367936925,1,-2.9566360052562417,,0,"Phase 1B - Construction of Academic Block, Hostel, Residential Tower, Directors Residence and External Development works at National Institute of Technology, Delhi Campus on Engineering, Procurement and Construction basis",0,0,on_roster,0
616886,Education,Department of Higher Education,delhi university,Delhi,5.924255797414532,760.0,577.0,12.0,7.5416,-4.4584,0,0,0.0,0.0,0,0.7592105263157894,-6.011826544021025,0,6.011826544021025,14.637814207650274,0,Delhi University Eastern Campus at Surajmal Vihar,0,0,on_roster,0
612916,Education,Department of Higher Education,central university of gujarat,Gujarat,6.197726401053676,1551.0,1947.0,85.0,68.2959,-16.7041,0,1,0.0,365.0,0,1.2553191489361701,13.009198423127463,1,-1.0183968462549278,,0,"Construction of permanent campus of Central University of Gujarat at Village kundhela, Dist. Vadodara, Gujarat.",0,0,on_roster,0
602099,Education,Department of Higher Education,"indian institute of management, sirmaur",Himachal Pradesh,5.975106480495164,1856.0,2769.0,97.5,74.038,-23.462,1,1,15.8646,943.0,0,1.4919181034482758,29.993429697766096,1,0.9855453350854139,2.5366666666666666,0,Establishment of Permanent campus Phase 1 of IIM Sirmaur,1,0,on_roster,1
612128,Education,Department of Higher Education,"indian institute of technology, mandi",Himachal Pradesh,5.1219381192097115,1096.0,1127.0,82.0,73.3589,-8.6411,0,1,0.0,122.0,0,1.0282846715328466,1.0183968462549278,1,2.9894875164257555,6.021098901098902,0,Hostel blocks & dining hall block,1,0,on_roster,1
612894,Education,Department of Higher Education,"central university, himachal pradesh",Himachal Pradesh,5.533310434219396,1341.0,1857.0,85.0,74.2919,-10.7081,1,1,19.2357,485.0,0,1.3847874720357942,16.95137976346912,1,-1.0183968462549278,,0,"Construction of Permanent Campus of Central University of Himachal Pradesh at Dehra, District - Kangra, [H.P.] on Engineering. Procurement and Construction [EPC Mode 1] Basis.",0,0,on_roster,0
602098,Education,Department of Higher Education,"indian institute of management, jammu",Jammu and Kashmir,6.054275013518657,1553.0,2588.0,96.0,96.728,0.728,1,1,17.8806,884.0,0,1.6664520283322601,34.00131406044678,1,-4.9605781865965834,,0,"Construction of Permanent Campus for IIM Jammu Phase-1 at Jagti, Nagrota, Jammu, J&K",0,0,on_roster,0
606431,Education,Department of Higher Education,indian institute of technology palakkad,Kerala,6.915177664797775,1796.0,3196.0,86.0,55.9134,-30.0866,1,1,20.9598,1461.0,0,1.7795100222717148,45.992115637319316,1,2.0039421813403417,6.986229508196721,0,CONSTRUCTION OF PERMANENT CAMPUS FOR IIT PALAKKAD UNDER PHASE 1A,0,0,on_roster,0
617878,Education,Department of Higher Education,indian institute of technology palakkad,Kerala,7.331714969726466,1249.0,335.0,0.0,0.6418,0.6418,0,0,0.0,0.0,0,0.2682145716573259,-30.02628120893561,0,30.02628120893561,3.3304157549234135,0,Phase B of Construction of Permanent Campus of IIT Palakkad,0,0,on_roster,0
611957,Education,Department of Higher Education,"indian institute of technology, indore",Madhya Pradesh,6.209153247739228,1158.0,852.0,58.0,15.7875,-42.2125,0,0,0.0,0.0,0,0.7357512953367875,-10.052562417871222,0,10.052562417871222,4.178039215686274,0,"Phase III A works at IIT Indore [03 Hostels, 01 Studio Apartment, 01 Housing, Heavy & Sophisticated lab complex, Academic POD and Infrastructure for center of excellence]",0,0,on_roster,0
612885,Education,Department of Higher Education,"national institute of technology, meghalaya",Meghalaya,6.205607716224892,4564.0,6056.0,95.0,85.8692,-9.1308,1,1,-13.1077,1675.0,1,1.326906222611744,49.01445466491458,1,6.011826544021025,0.8316939890710383,0,Construction and Developement of National Institute of Technology Meghalaya Permanent Campus at Sohra,0,0,on_roster,0
612876,Education,Department of Higher Education,nit mizoram,Mizoram,6.163798897368869,7396.0,6056.0,4.0,35.331,31.331,0,1,0.0,-2832.0,1,0.8188209843158464,-44.021024967148485,0,-49.01445466491458,,0,"Construction of Permanent Campus for NIT Mizoram at Lengpui, Aizawl",0,0,on_roster,0
613013,Education,Department of Higher Education,nit nagaland,Nagaland,5.62268087321916,5935.0,6056.0,98.0,95.5085,-2.4915,0,0,0.0,0.0,1,1.0203875315922493,3.9750328515111693,1,-3.9750328515111693,,0,Establishment of NIT Nagaland,0,0,on_roster,0
610315,Education,Department of Higher Education,"indian institutes of science education and research, behrampur",Odisha,7.115029577131668,882.0,2739.0,98.5,103.677,5.177,1,1,-31.4182,1918.0,0,3.1054421768707483,61.00525624178712,1,2.0039421813403417,0.7485245901639344,0,IISER BERHAMPUR,0,0,on_roster,0
611961,Education,Department of Higher Education,"indian institute of technology, bhubaneshwar",Odisha,6.1208906495482855,1004.0,790.0,7.0,22.1828,15.1828,0,0,0.0,0.0,0,0.7868525896414342,-7.030223390275952,0,7.030223390275952,13.228598130841123,1,Construction of IIT Bhubaneswar -Phase III,0,0,on_roster,0
619033,Education,Department of Higher Education,nit rourkela,Odisha,5.298167355296911,1004.0,943.0,42.0,21.3851,-20.6149,0,0,0.0,0.0,0,0.9392430278884463,-2.0039421813403417,0,2.0039421813403417,28.94295081967213,0,"1000 seater Boys hostel, 500 seater Girls hostel, 1.5 MLD Sewage Treatment Plant and Faculty Residence - 72 nos. Flats",1,0,on_roster,1
612877,Education,Department of Higher Education,"national institute of technology, puducherry",Puducherry,6.428654394910388,5570.0,6056.0,98.5,99.8898,1.3898,1,1,-11.9675,516.0,0,1.0872531418312388,15.965834428383705,1,0.9855453350854139,1.522,0,Establishment of NIT Puducherry Permanent Campus [Phase-I and Phase-II],0,0,on_roster,0
605292,Education,Department of Higher Education,"indian intitue of management, amritsar",Punjab,5.855959780088937,1339.0,2374.0,91.7,84.1492,-7.5508,0,1,0.0,1188.0,0,1.7729648991784914,34.00131406044678,1,5.026281208935611,1.6513202614379079,0,"Construction of Permanent Campus of Indian Institute of Management [IIM] Amritsar, Punjab, Phase-I",1,1,on_roster,1
617221,Education,Department of Higher Education,central university of punjab,Punjab,5.356539103748161,1156.0,608.0,45.0,35.5278,-9.4722,0,0,0.0,0.0,0,0.5259515570934256,-18.00262812089356,0,18.00262812089356,3.055109489051095,0,"Construction of Girls Hostel 400 seater, Boys Hostel 600 seater, Academic Block, International Hostel 100 seater, VC Residence and Purchase of Equipment",0,0,on_roster,0
609736,Education,Department of Higher Education,sikkim university,Sikkim,5.752763096877823,1614.0,2069.0,95.0,92.9759,-2.0241,0,1,0.0,424.0,1,1.281908302354399,14.947437582128778,1,-1.0183968462549278,,0,"Construction of Sikkim University Campus Phase-I Package-II at Yangang, South Sikkim",1,1,on_roster,1
612883,Education,Department of Higher Education,nit sikkim,Sikkim,6.5319848862090115,1461.0,790.0,34.5,46.4274,11.9274,1,1,-10.9368,-427.0,1,0.54072553045859,-22.043363994743757,0,8.015768725361367,8.17139344262295,0,Establishment of Permanent Campus of NIT SIkkim at Khamdong-Gangtok District,0,0,on_roster,0
609996,Education,Department of Higher Education,"indian institute of technology, hyderabad",Telangana,5.572154032177765,761.0,1308.0,87.44,81.6374,-5.8026,0,1,0.0,457.0,0,1.718791064388962,17.969776609724047,1,-2.9566360052562417,,0,Construction of Precast housing and hostels at IIT Hyderabad,0,0,on_roster,0
606479,Education,Department of Higher Education,banaras hindu university,Uttar Pradesh,5.5093883366279774,822.0,2130.0,99.0,84.1545,-14.8455,0,1,0.0,1277.0,0,2.591240875912409,42.96977660972404,1,-1.0183968462549278,,0,Banaras Hindu University [ Kayakalp of Institute of Medical Sciences],1,0,on_roster,1
611963,Education,Department of Higher Education,national institute of technology uttarakhand,Uttarakhand,6.479814474108788,2648.0,2130.0,56.0,53.1382,-2.8618,0,0,0.0,0.0,0,0.804380664652568,-17.017082785808146,0,17.017082785808146,2.5856370656370657,0,"Construction & Development of Infrastructural Facilities in the main campus of NIT Uttarakhand at Sumari, Pauri Garhwal",0,0,on_roster,0
609019,Education,Department of Higher Education,"indian institute of technology, kharagpur",West Bengal,6.2166061010848646,1734.0,2861.0,96.0,93.9706,-2.0294,1,1,-11.6,1096.0,0,1.6499423298731257,37.023653088042046,1,-1.0183968462549278,,0,"HEFA projects on development of student hostels, playgrounds, departmental buildings, class room complex and other campus facilities in IIT Kharagpur",1,0,on_roster,1
400081,Education,Department of Sports,department of sports & youth affairs,Manipur,6.810660507741344,,,97.0,93.8503,-3.1497,1,1,-32.514,730.0,1,,19.97371879106439,1,4.0078843626806835,0.7485245901639344,0,"National Sports University [NSU], Imphal [Manipur]",0,0,on_roster,0
709754,Energy Storage,Ministry of Petroleum & Natural Gas,hindustan petroleum corporation limited,Assam,5.058536174080804,1583.0,1127.0,75.5,65.2788,-10.2212,0,0,0.0,0.0,1,0.7119393556538218,-14.98028909329829,0,14.98028909329829,1.635482456140351,0,"Construction of LPG Facilities at Kamardanga, Assam",0,0,on_roster,0
709755,Energy Storage,Ministry of Petroleum & Natural Gas,hindustan petroleum corporation limited [hpcl],Assam,5.953347224994854,1583.0,1127.0,82.4,56.4655,-25.9345,0,0,0.0,0.0,1,0.7119393556538218,-14.98028909329829,0,14.98028909329829,1.1748771929824557,0,"Setting up of new rail fed POL facility at Kamardanga, Assam",0,0,on_roster,0
617839,Energy Storage,Ministry of Petroleum & Natural Gas,ministry of petroleum & natural gas,Gujarat,5.880141848463716,1157.0,1066.0,66.0,23.7582,-42.2418,1,0,-14.7004,0.0,0,0.9213483146067416,-2.9894875164257555,0,2.9894875164257555,11.373186813186814,0,Capacity Augmentation of Kandla LPG Import Terminal [KLIT] from 0.6 MMTPA to 2.5 MMTPA,0,0,on_roster,0
604833,Energy Storage,Ministry of Petroleum & Natural Gas,ministry of petroleum & natural gas,Maharashtra,5.643147436118846,2891.0,3226.0,79.5,69.4151,-10.0849,1,1,38.5001,396.0,0,1.1158768592182635,11.005256241787121,1,2.0039421813403417,10.22983606557377,0,"Andheri Residential Towers, Mumbai",1,0,on_roster,1
619313,Energy Storage,Ministry of Petroleum & Natural Gas,ministryofpetroleumnaturalgas,Maharashtra,6.18237412108847,1431.0,1066.0,57.9,59.5666,1.6666,0,0,0.0,0.0,0,0.7449336128581412,-11.990801576872535,0,11.990801576872535,3.511024657534247,1,Setting up of 50 MW [plus/minus 5 percent] Wind Power Plant for Captive Consumption at MR,0,0,on_roster,0
617829,Energy Storage,Ministry of Petroleum & Natural Gas,ministry of petroleum & natural gas,Mizoram,5.423671667700738,1553.0,639.0,32.0,10.0926,-21.9074,0,1,0.0,-335.0,1,0.41146168705730846,-30.02628120893561,0,19.021024967148488,3.5749913644214164,0,LPG Bottling Plant at Mualkhang,1,0,on_roster,1
701349,Energy Storage,Ministry of Petroleum & Natural Gas,ministry of petroleum & natural gas,"Multi-States (Assam, Bihar, Jharkhand, Odisha, West Bengal)",9.232982102457008,2008.0,2647.0,92.4,95.6642,3.2642,1,1,11.5272,822.0,1,1.3182270916334662,20.992115637319316,1,6.011826544021025,1.2641748633879772,0,Paradip-Numaligarh Crude Oil Pipeline [PNCPL] & Crude Oil Import Terminal [COIT] at Paradip,0,1,on_roster,1
400012,Energy Storage,Ministry of Petroleum & Natural Gas,ministry of petroleum & natural gas,"Multi-States (Gujarat, Madhya Pradesh, Uttar Pradesh)",9.219201000408379,1096.0,2678.0,95.2,84.5517,-10.6483,0,1,0.0,1643.0,0,2.4434306569343067,51.971090670170824,1,2.0039421813403417,2.3952786885245887,0,Kandla Gorakhpur LPG Pipeline,1,0,on_roster,1
400301,Energy Storage,Ministry of Petroleum & Natural Gas,"department of water resources, river development & gr","Multi-States (Karnataka, Tamil Nadu)",6.520621127558696,1553.0,4899.0,82.6,64.5647,-18.0353,1,1,155.4572,3499.0,0,3.154539600772698,109.92115637319316,1,5.026281208935611,3.4618039215686287,0,Multi Product Pipeline from Irugur to Devangonthi,0,0,on_roster,0
709759,Energy Storage,Ministry of Petroleum & Natural Gas,hindustan petroleum corporation limited [hpcl],Rajasthan,6.135673110334049,1096.0,852.0,89.8,48.8559,-40.9441,0,0,0.0,0.0,0,0.7773722627737226,-8.015768725361367,0,8.015768725361367,1.2724918032786887,0,"Petrochemical evacuation marketing terminal at Barmer, Rajasthan",0,0,on_roster,0
400043,Energy Storage,Ministry of Petroleum & Natural Gas,ministry of petroleum & natural gas,Tamil Nadu,6.721425700790643,1581.0,1551.0,76.2,42.2449,-33.9551,0,0,0.0,0.0,0,0.9810246679316889,-0.9855453350854139,0,0.9855453350854139,24.149066666666666,0,Laying of POL Pipelines in Common Corridor for proposed grass root terminal at Vallur [Chennai],1,0,on_roster,1
604852,Energy Storage,Ministry of Petroleum & Natural Gas,ministry of petroleum & natural gas,Uttar Pradesh,6.889031069983857,1522.0,1308.0,75.0,29.974,-45.026,0,0,0.0,0.0,0,0.859395532194481,-7.030223390275952,0,7.030223390275952,3.5560747663551404,0,"Grass-root Terminal at Mirzapur, Uttar Pradesh",0,0,on_roster,0
400120,Unknown,Oil & Gas,oil and natural gas corporation limited [ongc],Andhra Pradesh,10.434498083461216,1553.0,3683.0,96.5,97.0443,0.5443,0,1,0.0,2283.0,0,2.371538956857695,69.97371879106439,1,5.026281208935611,0.6963398692810457,0,KG-DWN-98/2 Cluster - II Development Project - NELP Block,0,0,on_roster,0
619226,Unknown,Oil & Gas,ministry of petroleum and natural gas,Andhra Pradesh,5.5581399421207385,912.0,212.0,10.5,0.6387,-9.8613,0,0,0.0,0.0,0,0.2324561403508772,-22.996057818659658,0,22.996057818659658,3.891971428571429,0,Provision of four bitumen tanks with capacity of 5 TMT each at Visakh Refinery,0,0,on_roster,0
709752,Unknown,Oil & Gas,hindustan petroleum corporation limited,Andhra Pradesh,5.081404364984463,1004.0,1673.0,91.6,61.6,-30.0,1,1,37.5,975.0,0,1.6663346613545817,21.97766097240473,1,10.052562417871222,0.8356078431372554,0,HP-COAT [Crude to Olefins and Aromatics Technology] demo unit at Visakh Refinery,0,0,on_roster,0
604791,Unknown,Oil & Gas,ministry of petroleum & natural gas,Assam,9.422786913742057,1461.0,2100.0,84.6,86.7891,2.1891,1,1,81.902,973.0,1,1.4373716632443532,20.992115637319316,1,10.972404730617608,1.4035209580838328,0,Numaligarh Refinery Expansion Project,0,1,on_roster,1
604863,Unknown,Oil & Gas,ministry of petroleum & natural gas,Assam,6.527811708104051,761.0,3012.0,94.3,82.3491,-11.9509,1,1,6.4475,2312.0,1,3.9579500657030224,73.94875164257556,1,2.0039421813403417,2.8443934426229522,0,Development of Surface Facilities for production and evacuation of Crude Oil and Natural Gas from Nadua and East Khagorija,1,0,on_roster,1
616858,Unknown,Oil & Gas,ministry of petroleum & natural gas,Assam,6.067869878310387,1186.0,1947.0,92.4,80.5483,-11.8517,0,1,0.0,822.0,1,1.6416526138279932,25.0,1,2.0039421813403417,3.7925245901639313,0,"Construction of Field Gas Gathering Station at Baghjan area for collection, processing & transportation of natural Gas to be produced from Baghjan Field",1,0,on_roster,1
617836,Unknown,Oil & Gas,ministry of petroleum & natural gas,Assam,6.455638718030159,1096.0,1217.0,60.6,71.411,10.811,0,1,0.0,274.0,1,1.1104014598540146,3.9750328515111693,1,5.026281208935611,7.838797385620914,0,Coke Drum Structure Package,0,0,on_roster,0
619316,Unknown,Oil & Gas,ministry of petroleum & natural gas,Assam,6.2077647359401835,730.0,182.0,5.7,3.6401,-2.0599,0,0,0.0,0.0,1,0.2493150684931507,-18.00262812089356,0,18.00262812089356,5.238124087591241,1,"Group Gathering Station, Lakwagaon",0,0,on_roster,0
709776,Unknown,Oil & Gas,ministryofpetroleumnaturalgas,Assam,5.627621113690637,1614.0,1461.0,81.2,70.061,-11.139,1,0,16.639,0.0,1,0.9052044609665427,-5.026281208935611,0,5.026281208935611,3.740339869281045,0,Augmentation/Revamping of Facilities at existing Guwahati Terminal at Betkuchi,0,0,on_roster,0
709779,Unknown,Oil & Gas,ministryofpetroleumnaturalgas,Assam,6.645090969505644,1369.0,1400.0,56.0,23.5811,-32.4189,1,1,-3.6458,487.0,1,1.0226442658875092,1.0183968462549278,1,14.98028909329829,2.9371929824561405,0,Capacity Expansion of Digboi Refinery from 0.65 to 1.0 MMTPA,0,0,on_roster,0
709847,Unknown,Oil & Gas,ministry of petroleum & natural gas,Assam,6.178006352777631,1186.0,1186.0,54.1,48.9304,-5.1696,0,1,0.0,365.0,1,1.0,0.0,0,11.990801576872535,3.8279342465753428,0,Pipeline Network Project Rudrasagar,0,0,on_roster,0
709850,Unknown,Oil & Gas,ministry of petroleum & natural gas,Assam,5.296816240421769,973.0,943.0,55.7,48.4248,-7.2752,0,1,0.0,123.0,1,0.9691675231243576,-0.9855453350854139,0,5.026281208935611,8.813673202614378,0,Borholla GGS Life Extension Project [BLEP],1,0,on_roster,1
709864,Unknown,Oil & Gas,nrl,Assam,5.916202062607435,1065.0,1704.0,76.3,76.0297,-0.2703,0,1,0.0,822.0,1,1.6,20.992115637319316,1,6.011826544021025,3.942229508196722,0,DCU Revamp Project,1,0,on_roster,1
709865,Unknown,Oil & Gas,nrl,Assam,5.685279003091641,610.0,1096.0,99.0,27.8842,-71.1158,0,1,0.0,639.0,1,1.79672131147541,15.965834428383705,1,5.026281208935611,0.19895424836601308,0,Power Recovery Turbine [PRT] in PFCCU unit as an Energy Conservation Scheme,1,0,on_roster,1
617304,Unknown,Oil & Gas,ministryofpetroleumnaturalgas,Bihar,5.832322263261433,1247.0,913.0,51.0,49.1665,-1.8335,0,0,0.0,0.0,0,0.7321571772253408,-10.972404730617608,0,10.972404730617608,4.465748502994012,0,"Setting up of LPG Plant with Rail Unloading Facility at Hathua, Dist. Gopalganj, Bihar",0,0,on_roster,0
701324,Unknown,Oil & Gas,ministry of petroleum & natural gas,Bihar,9.603125426926972,1186.0,2282.0,90.9,76.9675,-13.9325,1,1,12.9237,1218.0,0,1.924114671163575,36.00525624178712,1,4.0078843626806835,2.270524590163933,0,Barauni Refinery Capacity Expansion from 6.0 to 9.0 MMTPA,1,0,on_roster,1
709777,Unknown,Oil & Gas,ministryofpetroleumnaturalgas,Bihar,5.9670437725663,1186.0,1551.0,60.8,34.0265,-26.7735,1,1,-12.675,640.0,0,1.3077571669477235,11.990801576872535,1,9.034165571616294,4.339083636363637,0,Installation of Bitumen Manufacturing Unit along with allied facilities at Barauni Refinery,1,1,on_roster,1
709792,Unknown,Oil & Gas,bharat petroleum corporation limited [bpcl],Bihar,8.19946419761216,2647.0,1217.0,33.3,12.986,-20.314,0,0,0.0,0.0,0,0.45976577257272383,-46.97766097240473,0,46.97766097240473,1.4198237762237764,0,"City Gas Distribution Projects at Darbhanga, Madhubani, Supaul, Sitamarhi and Sheohar districts",0,0,on_roster,0
709793,Unknown,Oil & Gas,bharat petroleum corporation limited [bpcl],Bihar,8.273846932784508,2739.0,1217.0,30.1,13.0156,-17.0844,0,0,0.0,0.0,0,0.4443227455275648,-50.0,0,50.0,1.3980000000000001,0,"City Gas Distribution Projects at Gopalganj, Siwan, West Champaran, East Champaran and Deoria districts",0,0,on_roster,0
617819,Unknown,Oil & Gas,ministry of petroleum & natural gas,Chhattisgarh,6.324430644399907,2922.0,1400.0,2.2,1.5726,-0.6274,0,0,0.0,0.0,0,0.4791238877481177,-50.0,0,50.0,1.956,0,"City Gas Distribution [CGD] Project in Kondagaon, Bastar, Sukma, Narayanpur, Bijapur & Dantewada GA",0,0,on_roster,0
400087,Unknown,Oil & Gas,oil and natural gas corporation limited [ongc],Gujarat,6.787427758869102,2038.0,1704.0,87.5,73.4678,-14.0322,1,0,52.164,0.0,0,0.8361138370951914,-10.972404730617608,0,10.972404730617608,1.1392215568862276,0,Redevelopment of Sobhasan Complex,0,0,on_roster,0
400167,Unknown,Oil & Gas,oil and natural gas corporation limited [ongc],Gujarat,7.059239549955923,3315.0,3346.0,95.9,99.1355,3.2355,0,1,0.0,275.0,0,1.0093514328808446,1.0183968462549278,1,8.015768725361367,0.5114918032786878,0,Redevelopment of Santhal Field [Onshore-Mehsana Asset],0,0,on_roster,0
400169,Unknown,Oil & Gas,oil and natural gas corporation limited [ongc],Gujarat,6.448936861374701,1430.0,1826.0,90.0,72.5048,-17.4952,1,1,33.9746,487.0,0,1.2769230769230768,13.009198423127463,1,2.9894875164257555,3.345054945054945,0,Redevelopment of Linch Field,1,0,on_roster,1
701329,Unknown,Oil & Gas,ministry of petroleum & natural gas,Gujarat,9.848872959262906,1430.0,2038.0,88.3,76.1815,-12.1185,1,1,-5.8671,822.0,0,1.425174825174825,19.97371879106439,1,7.030223390275952,1.664242990654206,0,Petrochemical and Lube Integration Project at Gujarat Refinery,0,0,on_roster,0
709778,Unknown,Oil & Gas,ministryofpetroleumnaturalgas,Gujarat,5.796938821475121,1308.0,1551.0,84.1,62.3272,-21.7728,1,1,4.8951,487.0,0,1.1857798165137614,7.982917214191852,1,8.015768725361367,1.9835901639344269,0,Installation of new Biturox Unit along with allied facilities at Gujarat Refinery,0,0,on_roster,0
709838,Unknown,Oil & Gas,oil and natural gas corporation limited [ongc],Gujarat,6.433582972864182,1035.0,1551.0,42.0,30.148,-11.852,1,1,18.9282,911.0,0,1.4985507246376812,16.95137976346912,1,12.976346911957949,4.46967088607595,0,Commercial Polymer Flooding Project in Bechraji field,0,0,on_roster,0
709840,Unknown,Oil & Gas,oil and natural gas corporation limited [ongc],Gujarat,5.523179440356211,1007.0,1431.0,97.1,84.3924,-12.7076,0,1,0.0,515.0,0,1.4210526315789473,13.92904073587385,1,2.9894875164257555,0.970065934065936,0,"Restoration of Gas Terminal, Phase-I [Part-A], Hazira",0,0,on_roster,0
709841,Unknown,Oil & Gas,oil and natural gas corporation limited [ongc],Gujarat,5.159227698146083,1461.0,1735.0,93.5,97.0678,3.5678,1,1,-1.8436,365.0,0,1.1875427789185489,9.00131406044678,1,2.9894875164257555,2.1742857142857144,0,Old Pipe Line Replacement [OPRP] Group-A,1,0,on_roster,1
709842,Unknown,Oil & Gas,oil and natural gas corporation limited [ongc],Gujarat,7.305463715073923,1673.0,1339.0,64.0,63.2307,-0.7693,0,0,0.0,0.0,0,0.8003586371787209,-10.972404730617608,0,10.972404730617608,3.2809580838323353,0,"Kalol Redevelopment Project, Ahmedabad Asset",0,0,on_roster,0
709845,Unknown,Oil & Gas,oil and natural gas corporation limited [ongc],Gujarat,6.731423746120393,1369.0,1247.0,67.7,53.2508,-14.4492,0,0,0.0,0.0,0,0.9108838568298028,-4.0078843626806835,0,4.0078843626806835,8.05911475409836,0,"Revamping of SV Stations, Gas Terminal & Kribhco Terminal",0,1,on_roster,1
604853,Unknown,Oil & Gas,ministry of petroleum & natural gas,Haryana,7.733219364975503,1279.0,2496.0,65.0,58.7478,-6.2522,1,1,40.2316,1400.0,0,1.9515246286161063,39.98028909329829,1,6.011826544021025,5.821857923497268,0,"Indian Oil Technology Development and Deployment Centre at R&D Campus-II, Faridabad",1,0,on_roster,1
611917,Unknown,Oil & Gas,indian oil corporation limited [iocl],Haryana,7.286191714702382,1096.0,1492.0,85.9,58.2044,-27.6956,1,1,73.5051,640.0,0,1.3613138686131387,13.009198423127463,1,8.015768725361367,1.7590327868852451,0,Poly Butadiene Rubber plant at Panipat,0,0,on_roster,0
619196,Unknown,Oil & Gas,iocl,Haryana,5.886104031450156,669.0,335.0,35.3,2.8886,-32.4114,0,0,0.0,0.0,0,0.5007473841554559,-10.972404730617608,0,10.972404730617608,5.896610778443114,0,Change of service of existing Mundra-Panipat Pipeline [Panipat - Churwa section] from Crude oil to Product,1,0,on_roster,1
701289,Unknown,Oil & Gas,ministry of petroleum & natural gas,Haryana,10.452417882335665,1308.0,1885.0,93.2,74.632,-18.568,1,1,4.6149,821.0,0,1.441131498470948,18.95532194480946,1,8.015768725361367,0.8483278688524586,0,Capacity Expansion of Panipat Refinery from 15 to 25 MMTPA,0,0,on_roster,0
709783,Unknown,Oil & Gas,ministryofpetroleumnaturalgas,Haryana,5.1127706143983875,912.0,1947.0,87.1,70.6246,-16.4754,1,1,49.997,1096.0,0,2.1348684210526314,34.00131406044678,1,2.0039421813403417,6.437311475409839,0,"Installation of Multiple Effect Evaporator [MEE] for ETP-1, 2 & 4 of Panipat Refinery and Petrochemical Complex.",1,0,on_roster,1
709773,Unknown,Oil & Gas,ministryofpetroleumnaturalgas,Jammu and Kashmir,6.289715570908998,3653.0,1492.0,0.6,0.803,0.203,0,1,0.0,914.0,0,0.40843142622502054,-70.99211563731932,0,101.01839684625493,0.9839791869918699,0,"City Gas Distribution Project at Jammu, Udhampur, Reasi, Samba and Kathua Districts",0,0,on_roster,0
610984,Unknown,Oil & Gas,oil and natural gas corporation limited [ongc],Jharkhand,6.068425588244111,1522.0,2343.0,65.3,60.7819,-4.5181,0,1,0.0,851.0,0,1.5394218134034166,26.971090670170828,1,0.9855453350854139,35.20893333333334,0,Development of Jharia CBM Block [Phase-1],1,0,on_roster,1
709785,Unknown,Oil & Gas,ministryofpetroleumnaturalgas,Jharkhand,5.313550747188626,1096.0,1155.0,56.5,31.5732,-24.9268,0,1,0.0,393.0,0,1.0538321167883211,1.938239159001314,1,10.972404730617608,3.9644910179640718,0,Laying of Natural Gas Pipeline from Hazaribagh to Ranchi [HRPL],0,0,on_roster,0
612790,Unknown,Oil & Gas,mangalore refinary and petrochemicals limited,Karnataka,5.955837369464831,762.0,913.0,82.5,67.7714,-14.7286,0,1,0.0,304.0,0,1.1981627296587927,4.9605781865965834,1,5.026281208935611,3.481699346405229,0,Power System Upgradation Project,0,0,on_roster,0
616879,Unknown,Oil & Gas,ministry of petroleum & natural gas,Karnataka,5.8998973535824915,1036.0,761.0,47.4,19.533,-27.867,0,0,0.0,0.0,0,0.7345559845559846,-9.034165571616294,0,9.034165571616294,5.822341818181819,0,Demo Bio-ATF Project,0,0,on_roster,0
709774,Unknown,Oil & Gas,ministry of petroleum & natural gas,Karnataka,6.139884552226255,1430.0,1551.0,83.0,60.3452,-22.6548,1,1,8.1253,547.0,0,1.0846153846153845,3.9750328515111693,1,13.994743758212877,1.2147417840375587,0,Revamping/ Augmentation of facilities at existing port terminal at Mangalore,0,0,on_roster,0
617838,Unknown,Oil & Gas,ministry of petroleum & natural gas,Kerala,7.030857476116121,1430.0,577.0,36.2,23.8035,-12.3965,0,0,0.0,0.0,0,0.4034965034965035,-28.02233902759527,0,28.02233902759527,2.2767549824150057,0,Augmentation of CCKPL and IDPL Pipelines capacity along with setting up of Palakkad TOP,0,0,on_roster,0
709799,Unknown,Oil & Gas,ministryofpetroleumnaturalgas,Kerala,8.403128235128264,1400.0,852.0,32.2,16.8845,-15.3155,1,0,8.7444,0.0,0,0.6085714285714285,-18.00262812089356,0,18.00262812089356,3.7661167883211677,0,Setting up Polypropylene Unit at Kochi Refinery,0,0,on_roster,0
617830,Unknown,Oil & Gas,ministry of petroleum & natural gas,Madhya Pradesh,7.491645473605133,975.0,700.0,65.2,27.2321,-37.9679,0,0,0.0,0.0,0,0.717948717948718,-9.034165571616294,0,9.034165571616294,3.8520436363636366,0,C2/C3 Vijaipur Pata Pipeline,0,0,on_roster,0
709798,Unknown,Oil & Gas,ministryofpetroleumnaturalgas,Madhya Pradesh,10.677477120940175,1827.0,1066.0,25.5,11.0745,-14.4255,0,0,0.0,0.0,0,0.5834701696770662,-25.0,0,25.0,2.98,0,Ethylene Cracker Project at Bina Refinery including downstream Petrochemical Plants and expansion of Refinery,0,0,on_roster,0
400168,Unknown,Oil & Gas,ministry of petroleum & natural gas,Maharashtra,9.082279701908664,1461.0,1826.0,90.7,71.1057,-19.5943,1,1,27.9527,730.0,0,1.2498288843258043,11.990801576872535,1,11.990801576872535,0.7755945205479451,0,"500 KTA PDHPP Project, Usar",1,0,on_roster,1
616933,Unknown,Oil & Gas,ministry of petroleum and natural gas,Maharashtra,8.451053388911692,1186.0,486.0,10.7,5.7726,-4.9274,0,0,0.0,0.0,0,0.40978077571669475,-22.996057818659658,0,22.996057818659658,3.8832742857142857,0,Lube Modernization & Bottom Upgradation Project at Mumbai Refinery,1,1,on_roster,1
619223,Unknown,Oil & Gas,ministry of petroleum & natural gas,Maharashtra,9.51980839774982,1584.0,335.0,4.4,0.4066,-3.9934,0,0,0.0,0.0,0,0.21148989898989898,-41.03153745072273,0,41.03153745072273,2.3299151321056843,0,Petro Resid Fluidized Catalytic Cracking [PRFCC] Unit and its associated facilities at Mumbai Refinery,0,0,on_roster,0
619224,Unknown,Oil & Gas,ministry of petroleum & natural gas,Maharashtra,6.739336627357174,1004.0,304.0,6.1,0.0723,-6.0277,0,0,0.0,0.0,0,0.30278884462151395,-22.996057818659658,0,22.996057818659658,4.083308571428572,0,Augmentation of DUPL-DPPL Pipeline,0,0,on_roster,0
619225,Unknown,Oil & Gas,ministry of petroleum & natural gas,Maharashtra,5.565286397402276,730.0,365.0,0.0,0.0,0.0,0,0,0.0,0.0,0,0.5,-11.990801576872535,0,11.990801576872535,8.339726027397262,0,Installation of Compression facility at GAIL Usar,0,0,on_roster,0
709771,Unknown,Oil & Gas,ministryofpetroleumnaturalgas,Maharashtra,6.763884908562435,3471.0,1492.0,3.4,9.0948,5.6948,0,0,0.0,0.0,0,0.4298473062518006,-65.01314060446781,0,65.01314060446781,1.485853461344113,0,"City Gas Distribution Project at Beed, Jalgaon and Jalna Districts",0,0,on_roster,0
709780,Unknown,Oil & Gas,ministryofpetroleumnaturalgas,Maharashtra,5.836067257251887,1583.0,1461.0,70.9,68.8999,-2.0001,1,0,27.7392,0.0,0,0.9229311433986103,-4.0078843626806835,0,4.0078843626806835,7.2606885245901625,0,Construction of Additional Tankages and Allied Facilities at JNPT Terminal,0,0,on_roster,0
709797,Unknown,Oil & Gas,bharat petroleum corporation limited [bpcl],Maharashtra,7.857867559331803,1096.0,1066.0,80.6,49.8418,-30.7582,0,0,0.0,0.0,0,0.9726277372262774,-0.9855453350854139,0,0.9855453350854139,19.68453333333334,0,POL & LOBS Installations with Receipt Pipelines at Rasayani,0,0,on_roster,0
616254,Unknown,Oil & Gas,ministry of petroleum and natural gas,"Multi-States (Andhra Pradesh, Chhattisgarh, Odisha)",7.70210434005105,1095.0,577.0,34.0,22.5185,-11.4815,0,0,0.0,0.0,0,0.5269406392694064,-17.017082785808146,0,17.017082785808146,3.8784555984555986,0,Visakh Raipur Pipeline Project,0,0,on_roster,0
701346,Unknown,Oil & Gas,ministry of petroleum & natural gas,"Multi-States (Arunachal Pradesh, Assam, Manipur, Meghalaya, Mizoram, Nagaland, Sikkim, Tripura, West Bengal)",9.134107065976593,1430.0,2191.0,87.6,74.236,-13.364,0,1,0.0,852.0,1,1.5321678321678323,25.0,1,2.9894875164257555,4.147868131868134,0,North East Gas Grid,1,0,on_roster,1
617827,Unknown,Oil & Gas,ministry of petroleum & natural gas,"Multi-States (Assam, Bihar, West Bengal)",6.523562306149512,1826.0,486.0,24.0,1.2044,-22.7956,0,0,0.0,0.0,1,0.2661555312157722,-44.021024967148485,0,44.021024967148485,1.72644776119403,0,"Pipeline Rehabilitation Project, Phase-II",0,0,on_roster,0
701330,Unknown,Oil & Gas,ministry of petroleum & natural gas,"Multi-States (Gujarat, Haryana, Punjab, Rajasthan)",8.9082888855571,4719.0,5388.0,90.2,85.9585,-4.2415,0,1,0.0,913.0,0,1.1417673235855055,21.97766097240473,1,8.015768725361367,1.2225901639344259,0,Mehsana-Bhatinda & Bhatinda-Jammu Natural Gas Pipeline,0,0,on_roster,0
612853,Unknown,Oil & Gas,gas authority of india limited [gail],"Multi-States (Jammu and Kashmir, Punjab)",6.259390241194085,1096.0,1005.0,47.6,57.9613,10.3613,0,0,0.0,0.0,0,0.916970802919708,-2.9894875164257555,0,2.9894875164257555,17.528087912087912,0,Gurdaspur Jammu Pipeline,0,0,on_roster,0
701228,Unknown,Oil & Gas,ministry of petroleum & natural gas,"Multi-States (Karnataka, Kerala, Tamil Nadu)",7.977968093128549,1279.0,6148.0,96.6,81.0679,-15.5321,1,1,102.7101,5022.0,0,4.806880375293198,159.95400788436268,1,5.026281208935611,0.6764444444444456,0,Kochi - Koottanad - Bangalore - Mangalore Pipeline Phase-II,0,0,on_roster,0
701338,Unknown,Oil & Gas,ministry of petroleum & natural gas,"Multi-States (Karnataka, Maharashtra)",8.619027497297505,9282.0,7395.0,47.0,76.4336,29.4336,0,0,0.0,0.0,0,0.7967032967032966,-61.990801576872535,0,61.990801576872535,0.8549655537890832,0,City Gas Distribution Maharashtra Natural Gas Limited,0,0,on_roster,0
701344,Unknown,Oil & Gas,ministry of petroleum & natural gas,"Multi-States (Odisha, West Bengal)",6.938914741231239,975.0,2222.0,93.7,81.5022,-12.1978,1,1,9.1544,1400.0,0,2.278974358974359,40.9658344283837,1,5.026281208935611,1.2534117647058818,0,Dhamra Haldia Pipeline Project,0,0,on_roster,0
709794,Unknown,Oil & Gas,bharat petroleum corporation limited [bpcl],"Multi-States (Punjab, Rajasthan)",8.073402968986406,2739.0,1217.0,30.8,12.9255,-17.8745,0,0,0.0,0.0,0,0.4443227455275648,-50.0,0,50.0,1.3840000000000001,0,"City Gas Distribution Projects at Fazilka [except area already authorized], Ganganagar and Hanumangarh districts",0,0,on_roster,0
709786,Unknown,Oil & Gas,ministryofpetroleumnaturalgas,Nagaland,5.432061236597632,1553.0,974.0,41.0,11.3962,-29.6038,0,0,0.0,0.0,1,0.627173213135866,-19.021024967148488,0,19.021024967148488,3.1018307426597582,0,"Augmentation/ Revamping of Dimapur Depot, Dimapur",0,0,on_roster,0
604859,Unknown,Oil & Gas,ministry of petroleum & natural gas,Odisha,9.53285855926342,1279.0,2100.0,93.9,71.7173,-22.1827,1,1,-14.6469,943.0,0,1.6419077404222049,26.971090670170828,1,4.0078843626806835,1.5219999999999985,0,Integrated Para Xylene [PX] and Purified Terephthalic Acid [PTA] Project at Paradip Refinery,0,0,on_roster,0
617818,Unknown,Oil & Gas,ministry of petroleum & natural gas,Odisha,6.245932331664218,2922.0,1520.0,5.9,4.2881,-1.6119,0,1,0.0,668.0,0,0.5201916495550992,-46.057818659658345,0,68.00262812089356,1.3837700483091786,0,"City Gas Distribution [CGD] Project in Gajapati, Kandhamal, Boudh, & Sonepur GA",0,0,on_roster,0
709800,Unknown,Oil & Gas,ministryofpetroleumnaturalgas,Odisha,5.9777205293157225,1795.0,1826.0,80.9,55.5547,-25.3453,0,1,0.0,92.0,0,1.0172701949860725,1.0183968462549278,1,2.0039421813403417,9.531213114754095,0,"CUF POL Depot at Sadashibpur [Meramundali], Odisha",1,0,on_roster,1
400119,Unknown,Oil & Gas,oil and natural gas corporation limited [ongc],Offshore,8.068305836058975,852.0,3774.0,90.0,92.5146,2.5146,1,1,5.8047,3044.0,0,4.429577464788732,95.99211563731932,1,4.0078843626806835,2.495081967213115,0,Life Extension of 48 well platforms of Mumbai High & Heera Fields,1,0,on_roster,1
616950,Unknown,Oil & Gas,ministry of petroleum & natural gas,Offshore,7.3047849082692,518.0,577.0,53.8,35.6539,-18.1461,0,1,0.0,303.0,0,1.113899613899614,1.938239159001314,1,8.015768725361367,5.7636393442622955,0,PRP-VIII [Group-A],0,0,on_roster,0
619314,Unknown,Oil & Gas,ministry of petroleum & natural gas,Offshore,8.728426091704613,638.0,243.0,11.3,8.4326,-2.8674,0,0,0.0,0.0,0,0.38087774294670845,-12.976346911957949,0,12.976346911957949,6.835513924050634,1,Pipeline Replacement Project- PRP-IX,0,0,on_roster,0
709839,Unknown,Oil & Gas,oil and natural gas corporation limited [ongc],Offshore,8.329756977032337,1218.0,1400.0,99.9,95.7785,-4.1215,1,1,54.5914,426.0,0,1.1494252873563218,5.978975032851511,1,8.015768725361367,0.012475409836064865,0,Daman Upside Development Project,0,0,on_roster,0
709848,Unknown,Oil & Gas,ministry of petroleum & natural gas,Offshore,7.7538166609591705,1430.0,1400.0,92.7,68.5218,-24.1782,1,0,1.0638,0.0,0,0.9790209790209791,-0.9855453350854139,0,0.9855453350854139,7.4070666666666645,0,MHN TCPP PGC BGC Project [MTPBP],1,0,on_roster,1
709849,Unknown,Oil & Gas,ministry of petroleum & natural gas,Offshore,7.7752086455729055,610.0,669.0,97.6,83.8564,-13.7436,1,1,33.0144,89.0,0,1.0967213114754097,1.938239159001314,1,0.9855453350854139,2.435200000000006,0,PRP-VIII Group B [NH & BS Asset],1,1,on_roster,1
709851,Unknown,Oil & Gas,ministry of petroleum & natural gas,Offshore,8.7298483311378,1431.0,1066.0,40.4,25.1464,-15.2536,0,0,0.0,0.0,0,0.7449336128581412,-11.990801576872535,0,11.990801576872535,4.970476712328768,0,Integrated Development of 4 Contract Areas under DSF-II,0,0,on_roster,0
400171,Unknown,Oil & Gas,hindustan petroleum corporation limited [hpcl],Punjab,7.260143046097217,1006.0,2161.0,95.8,88.8952,-6.9048,0,1,0.0,1399.0,0,2.1481113320079523,37.943495400788436,1,8.015768725361367,0.5239672131147545,0,2G Ethanol Biorefinery at Bathinda,0,0,on_roster,0
709770,Unknown,Oil & Gas,ministryofpetroleumnaturalgas,Punjab,5.0238805208462765,4202.0,1492.0,2.0,5.8874,3.8874,0,0,0.0,0.0,0,0.3550690147548786,-89.02759526938239,0,89.02759526938239,1.1007822878228783,0,City Gas Distribution Project at Pathankot District,0,0,on_roster,0
604795,Unknown,Oil & Gas,chennai petroleum corporation limited [cpcl],Tamil Nadu,10.360310952919434,1369.0,1673.0,10.2,4.3209,-5.8791,1,1,15.1172,1218.0,0,1.2220598977355734,9.986859395532194,1,30.02628120893561,2.990713347921225,0,CBR 9 MMTPA Project,0,0,on_roster,0
709750,Unknown,Oil & Gas,chennai petroleum corporation limited [cpcl],Tamil Nadu,5.327876168789581,609.0,821.0,70.6,45.3317,-25.2683,0,1,0.0,456.0,0,1.348111658456486,6.964520367936925,1,8.015768725361367,3.6677704918032794,0,Laying of new 28 inch Desal Water Pipeline and 10 inch Reject Water Pipeline between CPCL Manali Refinery and CPCL Desalination plant at Ennore,0,0,on_roster,0
709796,Unknown,Oil & Gas,bharat petroleum corporation limited [bpcl],Tamil Nadu,8.212297138229768,2647.0,1217.0,25.4,7.8334,-17.5666,0,0,0.0,0.0,0,0.45976577257272383,-46.97766097240473,0,46.97766097240473,1.5879888111888112,0,City Gas Distribution Projects at the Nilgiris and Erode districts,0,0,on_roster,0
617822,Unknown,Oil & Gas,ministryofpetroleumnaturalgas,Telangana,5.375278407684165,914.0,396.0,24.7,21.2512,-3.4488,0,0,0.0,0.0,0,0.43326039387308535,-17.017082785808146,0,17.017082785808146,4.4249652509652515,0,ATF Pipeline from BPCLs Malkapur POL Installation to Hyderabad International airport,0,0,on_roster,0
709837,Unknown,Oil & Gas,oil and natural gas corporation limited [ongc],Tripura,5.348677725886986,792.0,1492.0,68.9,60.0563,-8.8437,1,1,-37.1758,822.0,1,1.8838383838383839,22.996057818659658,1,4.0078843626806835,7.759704918032785,0,"Creation of Gas Dehydration Facilities, Tripura Asset",1,0,on_roster,1
619191,Unknown,Oil & Gas,ministryofpetroleumnaturalgas,Uttar Pradesh,5.313205979041787,730.0,212.0,54.0,62.2228,8.2228,0,0,0.0,0.0,0,0.29041095890410956,-17.017082785808146,0,17.017082785808146,2.7031660231660233,0,Kanpur LPG Bottling Plant,0,0,on_roster,0
619312,Unknown,Oil & Gas,ministryofpetroleumnaturalgas,Uttar Pradesh,5.231108616854587,730.0,212.0,54.0,49.7151,-4.2849,0,0,0.0,0.0,0,0.29041095890410956,-17.017082785808146,0,17.017082785808146,2.7031660231660233,1,Bulk Loading Hub- Kanpur,0,0,on_roster,0
709781,Unknown,Oil & Gas,ministryofpetroleumnaturalgas,Uttar Pradesh,5.564980071775742,1887.0,1461.0,52.3,7.7464,-44.5536,0,1,0.0,-182.0,0,0.7742448330683624,-13.994743758212877,0,8.015768725361367,5.950770491803278,0,Revamping / Augmentation of Facilities at Mathura Bitumen Plant,0,0,on_roster,0
709795,Unknown,Oil & Gas,bharat petroleum corporation limited [bpcl],Uttar Pradesh,9.72046575062778,2739.0,1217.0,17.9,4.2859,-13.6141,0,0,0.0,0.0,0,0.4443227455275648,-50.0,0,50.0,1.642,0,"City Gas Distribution Projects at Lakhimpur Kheri , Sitapur, Bahraich, Shravasti,Balrampur, Siddharth Nagar & Maharajganj districts",0,0,on_roster,0
617302,Unknown,Oil & Gas,ministry of petroleum & natural gas,West Bengal,7.462214939768189,1371.0,3318.0,94.7,94.8038,0.1038,1,1,43.2845,2100.0,0,2.4201312910284463,63.96189224704336,1,5.026281208935611,1.0544575163398686,0,Durgapur - Haldia Pipeline [Section-3B of JHBDPL Project],0,1,on_roster,1
617828,Unknown,Oil & Gas,indian oil corporation limited [iocl],West Bengal,5.5909869805108565,1642.0,577.0,11.2,0.7191,-10.4809,0,1,0.0,153.0,0,0.351400730816078,-34.98685939553219,0,40.01314060446781,2.219270935960591,0,Siliguri-Jhapa Pipeline Project,0,0,on_roster,0
617837,Unknown,Oil & Gas,ministry of petroleum & natural gas,West Bengal,6.184148890937483,1491.0,1612.0,87.9,64.0496,-23.8504,0,1,0.0,274.0,0,1.0811535881958416,3.9750328515111693,1,5.026281208935611,2.407346405228757,0,Siliguri Marketing Terminal [SMT] Capacity Augmentation Project,0,0,on_roster,0
709753,Unknown,Oil & Gas,hindustan petroleum corporation limited,West Bengal,6.918695219020472,1096.0,1247.0,95.0,76.4517,-18.5483,1,1,9.604,181.0,0,1.1377737226277371,4.9605781865965834,1,0.9855453350854139,5.073333333333333,0,Haldia Panagarh Pipeline Project,1,0,on_roster,1
709772,Unknown,Oil & Gas,ministryofpetroleumnaturalgas,West Bengal,6.413458957167357,3379.0,1492.0,2.8,10.2496,7.4496,0,0,0.0,0.0,0,0.44155075466114235,-61.990801576872535,0,61.990801576872535,1.5679745627980923,0,"City Gas Distribution Project at East Mednipore, West Mednipore & Jhargram Districts",0,0,on_roster,0
709791,Unknown,Oil & Gas,bharat petroleum corporation limited [bpcl],West Bengal,6.925595197110468,2647.0,1217.0,43.6,22.3992,-21.2008,0,0,0.0,0.0,0,0.45976577257272383,-46.97766097240473,0,46.97766097240473,1.2005706293706295,0,City Gas Distribution Projects at Alipurduar and Cooch Behar,0,0,on_roster,0
701172,Healthcare,Ministry of Health & Family Welfare,pmssy and institute of national importance,Bihar,7.142827401161621,1461.0,2038.0,0.0,0.0,0.0,0,0,0.0,0.0,0,1.3949349760438057,18.95532194480946,1,-18.95532194480946,,0,AIIMS Darbhanga,1,1,on_roster,1
707020,Healthcare,Ministry of Health & Family Welfare,"medical education, ministry of health and family welfare",Bihar,5.5254529391317835,2406.0,2588.0,50.0,20.442,-29.558,1,0,100.0,0.0,0,1.0756442227763923,5.978975032851511,1,-5.978975032851511,,0,Establishment of new GMC Jamui,0,0,on_roster,0
707044,Healthcare,Ministry of Health & Family Welfare,"medical education, ministry of health and family welfare",Chhattisgarh,5.786897381366708,1399.0,1155.0,54.0,54.976,0.976,1,0,-0.6615,0.0,0,0.825589706933524,-8.015768725361367,0,8.015768725361367,5.738688524590164,0,Establishment of new GMC Korba,0,0,on_roster,0
707045,Healthcare,Ministry of Health & Family Welfare,"medical education, ministry of health and family welfare",Chhattisgarh,5.786897381366708,943.0,913.0,82.0,98.9231,16.9231,0,0,0.0,0.0,0,0.968186638388123,-0.9855453350854139,0,0.9855453350854139,18.264000000000003,0,Establishment of new GMC Mahasamund,0,0,on_roster,0
707046,Healthcare,Ministry of Health & Family Welfare,"medical education, ministry of health and family welfare",Chhattisgarh,5.786897381366708,2585.0,2251.0,59.0,10.7692,-48.2308,0,0,0.0,0.0,0,0.8707930367504836,-10.972404730617608,0,10.972404730617608,3.7366467065868263,0,Establishment of new GMC Kanker,0,0,on_roster,0
617882,Healthcare,Ministry of Health & Family Welfare,pmssy and institute of national importance,Delhi,5.883851496396862,365.0,212.0,0.0,0.0,0.0,0,0,0.0,0.0,0,0.5808219178082191,-5.026281208935611,0,5.026281208935611,19.895424836601308,0,"Setting up IT Infrastructure including Network Security and Hosting at AIIMS, New Delhi",0,0,on_roster,0
617883,Healthcare,Ministry of Health & Family Welfare,pmssy and institute of national importance,Delhi,8.398860004454372,3895.0,3469.0,61.0,0.5557,-60.4443,0,0,0.0,0.0,0,0.8906290115532735,-13.994743758212877,0,13.994743758212877,2.7867605633802817,0,"Redevelopment of Residential colonies at Ayur Vigyan Nagar and West Ansari Nagar campuses of AIIMS, New Delhi",0,0,on_roster,0
701170,Healthcare,Ministry of Health & Family Welfare,pmssy and institute of national importance,Gujarat,7.086737934510577,2616.0,2647.0,93.7,64.9038,-28.7962,0,0,0.0,0.0,0,1.0118501529051989,1.0183968462549278,1,-1.0183968462549278,,0,AIIMS Rajkot,1,0,on_roster,1
707049,Healthcare,Ministry of Health & Family Welfare,"medical education, ministry of health and family welfare",Gujarat,5.786897381366708,1277.0,1308.0,87.5,68.627,-18.873,1,0,104.1538,0.0,0,1.024275646045419,1.0183968462549278,1,-1.0183968462549278,,0,Establishment of new GMC Panchmahal,0,0,on_roster,0
707050,Healthcare,Ministry of Health & Family Welfare,"medical education, ministry of health and family welfare",Gujarat,5.786897381366708,884.0,1461.0,78.0,150.9968,72.9968,1,0,90.4554,0.0,0,1.6527149321266967,18.95532194480946,1,-18.95532194480946,,0,Establishment of new GMC Porbandar,0,0,on_roster,0
701173,Healthcare,Ministry of Health & Family Welfare,pmssy and institute of national importance,Haryana,7.170119543449628,2860.0,2616.0,57.2,39.5656,-17.6344,1,0,26.746,0.0,0,0.9146853146853147,-8.015768725361367,0,8.015768725361367,5.339475409836065,0,AIIMS Majra Rewari Haryana,0,0,on_roster,0
701167,Healthcare,Ministry of Health & Family Welfare,pmssy and institute of national importance,Jammu and Kashmir,7.511524648390866,2526.0,2647.0,76.0,71.5023,-4.4977,1,1,18.2079,365.0,0,1.0479018210609659,3.9750328515111693,1,8.015768725361367,2.9940983606557374,0,AIIMS Kashmir at Awantipora Jammu & Kashmir,0,1,on_roster,1
707021,Healthcare,Ministry of Health & Family Welfare,"medical education, ministry of health and family welfare",Jharkhand,5.5254529391317835,1065.0,943.0,40.0,53.4865,13.4865,1,0,101.92,0.0,0,0.8854460093896713,-4.0078843626806835,0,4.0078843626806835,14.970491803278687,0,Establishment of new GMC Koderma,0,0,on_roster,0
707022,Healthcare,Ministry of Health & Family Welfare,"medical education, ministry of health and family welfare",Jharkhand,5.5254529391317835,2649.0,2861.0,57.0,14.0938,-42.9062,1,0,81.64,0.0,0,1.0800302000755002,6.964520367936925,1,-6.964520367936925,,0,Establishment of new GMC Chaibasa [Singhbhum],0,0,on_roster,0
707058,Healthcare,Ministry of Health & Family Welfare,"medical education, ministry of health and family welfare",Madhya Pradesh,5.786897381366708,852.0,1582.0,84.0,54.7692,-29.2308,0,0,0.0,0.0,0,1.8568075117370892,23.98160315374507,1,-23.98160315374507,,0,Establishment of new GMC Rajgarh,0,0,on_roster,0
707059,Healthcare,Ministry of Health & Family Welfare,"medical education, ministry of health and family welfare",Madhya Pradesh,5.786897381366708,974.0,974.0,43.0,25.3569,-17.6431,0,0,0.0,0.0,0,1.0,0.0,0,0.0,,0,Establishment of new GMC Mandla,0,0,on_roster,0
707069,Healthcare,Ministry of Health & Family Welfare,"medical education, ministry of health and family welfare",Punjab,5.786897381366708,3318.0,2343.0,0.0,0.0,0.0,1,0,69.2308,0.0,0,0.7061482820976492,-32.03022339027595,0,32.03022339027595,3.1220512820512822,0,Establishment of new GMC Kapurthala,0,0,on_roster,0
707070,Healthcare,Ministry of Health & Family Welfare,"medical education, ministry of health and family welfare",Punjab,5.786897381366708,3257.0,2282.0,1.0,0.2668,-0.7332,1,0,15.3077,0.0,0,0.7006447651212773,-32.03022339027595,0,32.03022339027595,3.0908307692307697,0,Establishment of new GMC Hoshiarpur,0,0,on_roster,0
707039,Healthcare,Ministry of Health & Family Welfare,"medical education, ministry of health and family welfare",Sikkim,5.5254529391317835,2983.0,2739.0,92.0,104.8803,12.8803,1,0,154.084,0.0,1,0.9182031511900771,-8.015768725361367,0,8.015768725361367,0.9980327868852459,0,Establishment of new GMC Gangtok,0,0,on_roster,0
701168,Healthcare,Ministry of Health & Family Welfare,pmssy and institute of national importance,Tamil Nadu,7.142827401161621,1339.0,2678.0,48.0,23.993,-24.007,1,1,59.9296,1522.0,0,2.0,43.98817345597897,1,6.011826544021025,8.649617486338798,0,ALL India Institute of Medical Sciences-AIIMS Madurai,0,0,on_roster,0
701171,Healthcare,Ministry of Health & Family Welfare,pmssy and institute of national importance,Telangana,6.9363427358340495,2739.0,2678.0,87.21,72.4756,-14.7344,1,0,32.8745,0.0,0,0.9777290982110259,-2.0039421813403417,0,2.0039421813403417,6.38241967213115,0,AIIMS Bibinagar,1,0,on_roster,1
707086,Healthcare,Ministry of Health & Family Welfare,"medical education, ministry of health and family welfare",Uttarakhand,5.786897381366708,1522.0,1278.0,60.0,83.6923,23.6923,0,0,0.0,0.0,0,0.8396846254927727,-8.015768725361367,0,8.015768725361367,4.99016393442623,0,Establishment of new GMC Rudrapur,0,0,on_roster,0
707087,Healthcare,Ministry of Health & Family Welfare,"medical education, ministry of health and family welfare",Uttarakhand,5.786897381366708,1948.0,1704.0,84.0,42.2791,-41.7209,1,0,136.5815,0.0,0,0.8747433264887063,-8.015768725361367,0,8.015768725361367,1.9960655737704918,0,Establishment of new GMC Pithoragarh,0,0,on_roster,0
612167,Healthcare,Ministry of Labour and Employment,employee's state insurance company [esic],Andhra Pradesh,5.953944387194059,1703.0,1885.0,88.0,65.9354,-22.0646,0,1,0.0,151.0,0,1.1068702290076335,5.978975032851511,1,-1.0183968462549278,,0,"Construction of 350 beds + 50 Super Specialty beds ESIC Hospital Sheelanagar, Visakhapatnam, Andhra Pradesh",1,0,on_roster,1
612186,Healthcare,Ministry of Labour and Employment,employee's state insurance company [esic],Gujarat,6.326364119168874,1369.0,1400.0,21.0,9.9996,-11.0004,0,1,0.0,426.0,0,1.0226442658875092,1.0183968462549278,1,12.976346911957949,6.088000000000001,0,350 Bedded [Upgradable to 500 beds] ESI Hospital at Sanand,0,0,on_roster,0
612211,Healthcare,Ministry of Labour and Employment,employee's state insurance company [esic],Gujarat,5.332090576654958,1157.0,1339.0,46.0,25.1324,-20.8676,0,1,0.0,396.0,0,1.1573033707865168,5.978975032851511,1,7.030223390275952,7.681121495327103,0,"Demolition, Construction and upgradation of ESI Hospital, Kalol, Gujarat from 50 beds to 150 beds.",0,0,on_roster,0
612745,Healthcare,Ministry of Labour and Employment,employee's state insurance company [esic],Karnataka,5.631211781821365,4352.0,4077.0,23.0,24.5432,1.5432,0,1,0.0,120.0,0,0.9368106617647058,-9.034165571616294,0,12.976346911957949,5.93387341772152,0,"Construction of 200 bed ESI Hospital at Bommasandra, Karnataka",0,0,on_roster,0
612748,Healthcare,Ministry of Labour and Employment,employee's state insurance company [esic],Karnataka,5.02335406650403,2772.0,2466.0,10.0,4.4792,-5.5208,0,0,0.0,0.0,0,0.8896103896103896,-10.052562417871222,0,10.052562417871222,8.952941176470588,0,"Construction of 100 bed ESI Hospital and Staff Quarters [32 Nos.] at Harohalli, Karnataka",0,0,on_roster,0
612213,Healthcare,Ministry of Labour and Employment,employee's state insurance company [esic],Maharashtra,5.277757452582676,4322.0,4565.0,65.5,58.1546,-7.3454,1,1,0.908,396.0,0,1.0562239703840814,7.982917214191852,1,5.026281208935611,6.863921568627451,0,"Construction of 200 Bedded ESIC Hospital at Butibori, Nagpur, Maharashtra.",0,0,on_roster,0
616691,Healthcare,Ministry of Labour and Employment,employee's state insurance company [esic],Maharashtra,5.565018367611075,6087.0,6330.0,89.0,83.2122,-5.7878,0,1,0.0,396.0,0,1.039921143420404,7.982917214191852,1,5.026281208935611,2.188496732026144,0,"Upgradation & Extension of ESIC Hospital and Construction of PG Hostel / Staff Housing for ESIC Hospital at Andheri, Mumbai",0,0,on_roster,0
612513,Healthcare,Ministry of Labour and Employment,employee's state insurance company [esic],Odisha,5.109575241951159,6026.0,5600.0,7.2,9.9635,2.7635,0,0,0.0,0.0,0,0.9293063391968138,-13.994743758212877,0,13.994743758212877,6.63106103286385,0,"Construction of 100 Bedded ESI Hospital at Duburi, Odisha.",0,0,on_roster,0
612259,Healthcare,Ministry of Labour and Employment,employee's state insurance company [esic],Uttarakhand,4.638604962074329,1338.0,1885.0,84.0,112.5088,28.5088,1,1,190.6543,516.0,0,1.4088191330343798,17.969776609724047,1,-1.0183968462549278,,0,CONSTRUCTION OF 300 BEDDED HOSPITAL AT HARIDWAR,1,0,on_roster,1
701565,Inland Waterways,"Ministry of Ports, Shipping and Waterways",inland waterways authority of india [iwai],"Multi-States (Bihar, Jharkhand, Uttar Pradesh, West Bengal)",8.588616706494216,2160.0,3012.0,81.2,78.837,-2.363,1,1,-5.737,731.0,0,1.3944444444444444,27.989487516425754,1,-3.9750328515111693,,0,Jal Marg Vikas Project,1,0,on_roster,1
609424,Unknown,Shipping,deendayal port trust,Gujarat,8.353412289495536,1612.0,1278.0,60.0,52.8791,-7.1209,0,1,0.0,184.0,0,0.792803970223325,-10.972404730617608,0,17.017082785808146,2.3505791505791507,0,"Development of Container Terminal at Tuna-Tekra, Deendayal Port on BOT Basis Under PPP Mode",0,0,on_roster,0
701570,Unknown,Shipping,deendayal port trust [dpt],Gujarat,5.147494476813453,730.0,1673.0,91.0,70.6488,-20.3512,1,1,23.7485,547.0,0,2.291780821917808,30.97897503285151,1,-13.009198423127463,,0,"Replacement and revamping of pipeline projects in oil jetty area, Kandla",0,0,on_roster,0
617804,Unknown,Shipping,new mangalore port authority,Karnataka,5.0384449947355225,1186.0,852.0,58.0,38.4585,-19.5415,0,0,0.0,0.0,0,0.718381112984823,-10.972404730617608,0,10.972404730617608,3.8277844311377245,0,Mechanization of Berth No.14 for handling Containers and other cargo on DBFOT basis - Phase II,0,0,on_roster,0
701574,Unknown,Shipping,paradip port trust [ppt],Odisha,8.008242475578058,2040.0,1431.0,70.0,70.4619,0.4619,0,1,0.0,305.0,0,0.7014705882352941,-20.006570302233904,0,30.02628120893561,0.9991247264770241,0,Deepening and Optimization of Inner Harbour facilities including development of Western Dock on BOT basis to handle Cape size vessels,0,0,on_roster,0
707215,Unknown,"Tourism, Hospitality & Wellness",indian port rail & ropeway corporation ltd. [iprcl],Gujarat,6.352629396319567,1855.0,2616.0,76.12,49.6676,-26.4524,1,1,116.0646,730.0,0,1.4102425876010782,25.0,1,-1.0183968462549278,,0,National Maritime Heritage Complex [NMHC] Phase-I,0,0,on_roster,0
707410,Logistics Infrastructure,Department for Promotion of Industry & Internal Trade,national highways & infrastructure development corporation ltd. [nhidcl],Haryana,6.638567789166521,2040.0,2892.0,60.0,56.3565,-3.6435,0,1,0.0,1613.0,0,1.4176470588235295,27.989487516425754,1,25.0,1.6,0,Integrated Multi Modal Logistics Hub at Nangal Chaudhary in Haryana - Other Trunk Infrastructure Development Phase 1,0,0,on_roster,0
617727,Unknown,Real Estate,nicdc,Andhra Pradesh,7.932721027481948,1522.0,608.0,6.14,4.0201,-2.1199,0,0,0.0,0.0,0,0.39947437582128775,-30.02628120893561,0,30.02628120893561,3.1259282275711158,1,Orvakal Industrial Area,0,0,on_roster,0
617729,Unknown,Real Estate,nicdc,Andhra Pradesh,7.667158255319148,1522.0,608.0,3.0,1.861,-1.139,0,0,0.0,0.0,0,0.39947437582128775,-30.02628120893561,0,30.02628120893561,3.2305032822757114,1,Kopparthy Industrial Area,0,0,on_roster,0
701658,Unknown,Real Estate,national industrial corridor development corporation,Andhra Pradesh,7.6687666943582125,2618.0,1947.0,39.14,38.0595,-1.0805,0,0,0.0,0.0,0,0.7436974789915967,-22.043363994743757,0,22.043363994743757,2.760921609538003,0,Krishnapatnam Node - Phase 1 - Roads and Services Development,0,0,on_roster,0
701657,Unknown,Real Estate,national highways & infrastructure development corporation ltd. [nhidcl],Karnataka,7.440035106617044,2100.0,1947.0,23.18,16.3561,-6.8239,0,0,0.0,0.0,0,0.9271428571428572,-5.026281208935611,0,5.026281208935611,15.283665359477123,0,Tumakuru Node - Phase 1 - Roads and Services Development,1,0,on_roster,1
701668,Unknown,Real Estate,national industrial corridor development corporation,Kerala,8.244334047856094,1704.0,608.0,1.0,0.0,-1.0,0,0,0.0,0.0,0,0.3568075117370892,-36.00525624178712,0,36.00525624178712,2.7495985401459855,1,Development of Palakkad Node under extension of CBIC to Kochi,0,0,on_roster,0
601812,Unknown,Real Estate,national industrial corridor development corporation,Telangana,7.766840537085513,1614.0,608.0,0.3,0.0,-0.3,0,0,0.0,0.0,0,0.37670384138785623,-33.04862023653088,0,33.04862023653088,3.0167673956262426,1,Development of Zaheerabad Node under Hyderabad Nagpur Industrial Corridor,1,0,on_roster,1
707419,Unknown,Real Estate,national industrial corridor development corporation,Uttar Pradesh,6.490723534502507,1583.0,608.0,6.5,0.0,-6.5,0,0,0.0,0.0,0,0.38408085912823753,-32.03022339027595,0,32.03022339027595,2.919117948717949,1,IMC at Prayagraj,0,0,on_roster,0
615202,Metals & Mining,Ministry of Steel,national mineral development corporation limited [nmdc],Chhattisgarh,7.438971592395862,2679.0,1704.0,20.3,14.7142,-5.5858,1,1,3.3059,-275.0,0,0.6360582306830908,-32.03022339027595,0,22.996057818659658,3.465811428571429,0,Capacity expansion of Deposit-14 and 14 NMZ at Kirandul,0,0,on_roster,0
617243,Unknown,Steel,steel authority of india limited [sail],Chhattisgarh,5.29641555925844,730.0,639.0,79.73,37.8411,-41.8889,0,0,0.0,0.0,0,0.8753424657534247,-2.9894875164257555,0,2.9894875164257555,6.780426373626373,0,Replacement of Hot Leveller No.1 of Plate Mill at Bhilai Steel Plant,0,0,on_roster,0
617255,Unknown,Steel,steel authority of india limited [sail],Chhattisgarh,6.1587359158555595,974.0,913.0,67.07,50.7789,-16.2911,0,0,0.0,0.0,0,0.9373716632443532,-2.0039421813403417,0,2.0039421813403417,16.432609836065577,0,"Replacement of Converter Vessels, Trunnion Rings, Support System & Installation of Secondary Emission at Bhilai Steel Plant",1,0,on_roster,1
617256,Unknown,Steel,steel authority of india limited [sail],Chhattisgarh,6.785700632974831,700.0,882.0,89.99,68.007,-21.983,0,1,0.0,151.0,0,1.26,5.978975032851511,1,-1.0183968462549278,,0,Rebuilding of Coke Oven Battery No.7 & 8 at Bhilai Steel Plant,1,0,on_roster,1
706811,Unknown,Steel,national mineral development corporation limited [nmdc],Chhattisgarh,7.97522083865341,2769.0,3804.0,94.1,66.4758,-27.6242,1,1,86.6873,1065.0,0,1.3737811484290356,34.00131406044678,1,0.9855453350854139,5.986533333333339,0,NMDC Slurry Pipeline Project Phase-1,1,0,on_roster,1
709826,Unknown,Steel,national mineral development corporation limited [nmdc],Chhattisgarh,7.908328334030459,6209.0,6299.0,82.17,56.0758,-26.0942,0,1,0.0,546.0,0,1.0144950877758092,2.9566360052562417,1,14.98028909329829,1.1902307017543858,0,SCREENING PLANT-III AT KIRANDUL,0,1,on_roster,1
400174,Unknown,Steel,steel authority of india limited [sail],Jharkhand,6.942166367488543,945.0,4049.0,59.78,55.9402,-3.8398,1,1,69.4664,3530.0,0,4.284656084656085,101.97109067017082,1,13.994743758212877,2.873936150234742,0,"New Sinter Plant at BSL, SAIL",0,0,on_roster,0
617249,Unknown,Steel,steel authority of india limited [sail],Jharkhand,5.3610104358864605,730.0,455.0,47.5,27.6682,-19.8318,0,0,0.0,0.0,0,0.6232876712328768,-9.034165571616294,0,9.034165571616294,5.811272727272728,0,Replacement of existing Grinders in CRM-I & II at Bokaro Steel Plant,0,0,on_roster,0
617250,Unknown,Steel,steel authority of india limited [sail],Jharkhand,5.33816288447016,638.0,455.0,39.92,27.6831,-12.2369,0,0,0.0,0.0,0,0.713166144200627,-6.011826544021025,0,6.011826544021025,9.993634972677595,0,Secondary Emission Control in Converters of SMS-II at Bokaro Steel Plant,1,0,on_roster,1
617254,Unknown,Steel,steel authority of india limited [sail],Jharkhand,5.565937027962764,822.0,761.0,44.17,39.5053,-4.6647,0,1,0.0,304.0,0,0.9257907542579076,-2.0039421813403417,0,11.990801576872535,4.656069041095891,0,Replacement of remaining 04 sets of Battery Cyclones with 04 Nos. of ESPs in Sinter Plant-1 at Bokaro Steel Plant,0,0,on_roster,0
617257,Unknown,Steel,steel authority of india limited [sail],Jharkhand,6.443033675245955,1096.0,882.0,61.84,52.7363,-9.1037,0,0,0.0,0.0,0,0.8047445255474452,-7.030223390275952,0,7.030223390275952,5.427992523364486,0,Rebuilding of Coke Oven Battery No.6 at Bokaro Steel Plant,1,0,on_roster,1
400121,Unknown,Steel,national mineral development corporation limited [nmdc],Karnataka,6.951418034716751,4291.0,4169.0,63.1,58.4307,-4.6693,0,0,0.0,0.0,0,0.971568398974598,-4.0078843626806835,0,4.0078843626806835,9.206852459016392,0,"Construction of Screening Plant-II for Donimalai and Kumaraswamy Iron Ore Mining Complex of NMDC Limited at Ballari Dt, Karnataka.",0,0,on_roster,0
612781,Unknown,Steel,steel authority of india limited [sail],West Bengal,6.821957710483379,1187.0,943.0,33.66,22.5289,-11.1311,0,1,0.0,274.0,0,0.7944397641112048,-8.015768725361367,0,17.017082785808146,3.8984355212355215,0,Rebuilding of COB 4 at Durgapur Steel Plant,0,0,on_roster,0
617242,Unknown,Steel,steel authority of india limited [sail],West Bengal,7.657490710870274,1065.0,639.0,57.55,26.6677,-30.8823,0,0,0.0,0.0,0,0.6,-13.994743758212877,0,13.994743758212877,3.0332816901408455,0,Installation of New Bar Mill at Durgapur Steel Plant,0,0,on_roster,0
617246,Unknown,Steel,steel authority of india limited [sail],West Bengal,6.632120347441023,638.0,577.0,38.12,28.9319,-9.1881,0,1,0.0,487.0,0,0.9043887147335423,-2.0039421813403417,0,18.00262812089356,3.4372759124087593,0,Up-gradation of Blast Furnace No. 3 at Durgapur Steel Plant,0,0,on_roster,0
617248,Unknown,Steel,steel authority of india limited [sail],West Bengal,5.43354731580814,607.0,516.0,66.37,33.19,-33.18,0,0,0.0,0.0,0,0.8500823723228995,-2.9894875164257555,0,2.9894875164257555,11.249419780219778,0,Third Ladle Furnace in Secondary Refinery Unit at IISCO Steel Plant,1,0,on_roster,1
617251,Unknown,Steel,steel authority of india limited [sail],West Bengal,5.285232126999381,669.0,639.0,24.8,18.0041,-6.7959,0,0,0.0,0.0,0,0.9551569506726457,-0.9855453350854139,0,0.9855453350854139,76.30293333333334,0,Revamping of Air Pollution Control Systems of SP-1 at Durgapur Steel Plant,1,0,on_roster,1
617338,Unknown,Steel,steel authority of india limited [sail],West Bengal,7.831772087711309,1277.0,455.0,22.5,14.9163,-7.5837,0,0,0.0,0.0,0,0.35630383711824587,-27.003942181340342,0,27.003942181340342,2.869951338199513,0,Stamp Charge Battery No.12 Battery Proper at IISCO Steel Plant,0,0,on_roster,0
400298,Railways,Ministry of Railways,south central railway [scr] - ii,Andhra Pradesh,7.746300662231439,5539.0,5144.0,55.01,51.7422,-3.2678,1,1,156.5744,305.0,0,0.9286874887163747,-12.976346911957949,0,22.996057818659658,1.956422285714286,0,Nadikudi - Srikalahasti New Line,0,0,on_roster,0
611752,Railways,Ministry of Railways,south central railway [scr] - ii,Andhra Pradesh,5.865986354531055,1461.0,1127.0,3.03,93.8664,90.8364,0,0,0.0,0.0,0,0.7713894592744696,-10.972404730617608,0,10.972404730617608,8.8376251497006,0,GOOTY-PENDEKALLU DOUBLING 29.225 Km,0,0,on_roster,0
611754,Railways,Ministry of Railways,south central railway [scr] - ii,Andhra Pradesh,5.684599655239428,1096.0,1005.0,0.23,91.207,90.977,0,0,0.0,0.0,0,0.916970802919708,-2.9894875164257555,0,2.9894875164257555,33.37361318681319,0,GUNTAKAL WEST-MALLAPPA GATE RAIL OVER RAIL - ROR TRACK,0,0,on_roster,0
611927,Railways,Ministry of Railways,wpo/patna,Andhra Pradesh,6.3310035050999796,3621.0,4473.0,65.0,49.3401,-15.6599,0,0,0.0,0.0,0,1.2352941176470589,27.989487516425754,1,-27.989487516425754,,0,Kurnool - Setting up facilities for coach midlife rehabilitation workshop,0,0,on_roster,0
612827,Railways,Ministry of Railways,east coast railway [ecor] - ii,Andhra Pradesh,5.2184621412985726,1461.0,1096.0,15.0,8.0534,-6.9466,0,0,0.0,0.0,0,0.7501711156741958,-11.990801576872535,0,11.990801576872535,7.088767123287672,0,Flyover between Pendurthi and Simhachalam North to avoid surface crossing at Simhachalam 7.135 km PB 73 of 2023 24 NR,0,0,on_roster,0
616697,Railways,Ministry of Railways,east coast railway [ecor] - ii,Andhra Pradesh,5.045229938860754,1157.0,1096.0,75.0,37.6977,-37.3023,0,0,0.0,0.0,0,0.9472774416594641,-2.0039421813403417,0,2.0039421813403417,12.475409836065573,0,3rd & 4th line between Vadlapudi -Gate Jn. cabin and Tie line between Gate Junction to Gangavaram port,0,0,on_roster,0
617210,Railways,Ministry of Railways,south central railway [scr] - ii,Andhra Pradesh,7.103782482832203,1430.0,365.0,0.05,0.0132,-0.0368,0,0,0.0,0.0,0,0.25524475524475526,-34.98685939553219,0,34.98685939553219,2.8567868544600943,0,Tiupati Katpadi 104.39 kms,1,0,on_roster,1
617216,Railways,Ministry of Railways,south central railway [scr] - ii,Andhra Pradesh,6.778033762411376,881.0,547.0,0.16,23.406,23.246,0,0,0.0,0.0,0,0.6208853575482406,-10.972404730617608,0,10.972404730617608,9.099190419161678,0,3rd Line between Gudur Renigunta 83.17 Km,0,0,on_roster,0
705253,Railways,Ministry of Railways,south central railway [scr] - ii,Andhra Pradesh,6.335054251498059,1675.0,3622.0,75.0,169.3073,94.3073,1,1,-0.405,2191.0,0,2.1623880597014926,63.96189224704336,1,8.015768725361367,3.1188524590163933,0,Kurnool Coach Midlife Rehabilitation Project,0,0,on_roster,0
705572,Railways,Ministry of Railways,northeast frontier railway [nfr],Assam,8.309184527686298,3468.0,3499.0,95.13,76.544,-18.586,1,0,22.1921,0.0,1,1.0089388696655133,1.0183968462549278,1,-1.0183968462549278,,0,Doubling of New Bonggigaon to Kamakhya via Goalpara - 176 km,0,1,on_roster,1
400254,Railways,Ministry of Railways,east central railway [ecr] - i,Bihar,6.601501820944921,366.0,852.0,84.2,80.1646,-4.0354,0,1,0.0,820.0,0,2.3278688524590163,15.965834428383705,1,10.972404730617608,1.4399760479041914,0,Sakri -Hasanpur [via Harnagar - Kusheshwar Asthan] New Railway line,0,1,on_roster,1
617231,Railways,Ministry of Railways,east central railway [ecr] - i,Bihar,6.417940702405611,1461.0,669.0,0.0,0.0,0.0,0,0,0.0,0.0,0,0.45790554414784396,-26.018396846254927,0,26.018396846254927,3.8434343434343434,0,Construction of Bulb line at Nabinagar Ankorah of East Central Railway,0,0,on_roster,0
617239,Railways,Ministry of Railways,east central railway [ecr] - i,Bihar,8.314085083431706,1826.0,516.0,0.0,0.0654,0.0654,0,0,0.0,0.0,0,0.28258488499452356,-43.03547963206307,0,43.03547963206307,2.3236641221374046,1,Doubling of Narkatiaganj Raxaul Sitamarhi Darbhanga & Sitamarhi Muzaffarpur 256 KM,1,0,on_roster,1
705366,Railways,Ministry of Railways,east central railway [ecr] - i,Bihar,7.63433723562832,4535.0,6757.0,75.3,99.863,24.563,1,1,0.9676,2648.0,0,1.4899669239250275,72.99605781865965,1,13.994743758212877,1.764948356807512,0,Hajipur-Sagauli New line,0,1,on_roster,1
705368,Railways,Ministry of Railways,east central railway [ecr] - i,Bihar,7.381501894506707,2100.0,2861.0,46.7,68.0943,21.3943,1,1,56.6355,1036.0,0,1.3623809523809525,25.0,1,9.034165571616294,5.8998254545454545,0,Araria Supaul New BG Line,0,1,on_roster,1
705373,Railways,Ministry of Railways,east central railway [ecr] - i,Bihar,7.295735072749282,7517.0,8644.0,98.0,91.6426,-6.3574,1,1,95.6551,884.0,0,1.1499268325129706,37.023653088042046,1,-7.982917214191852,,0,"Fatuha-Islampur incl. MM for extn.of NL from Neora to Daniawan , Daniawan to Biharsharif, Biharsharif to Barbigha , Barbigha to Shekhpura",0,1,on_roster,1
705450,Railways,Ministry of Railways,indian railway construction international limited [ircon],Bihar,5.998936561946683,4291.0,5783.0,86.26,75.9835,-10.2765,1,1,20.8955,1736.0,0,1.347704497786064,49.01445466491458,1,8.015768725361367,1.714121311475409,0,Jogbani-Biratnagar New Rail Line project,0,0,on_roster,0
705526,Railways,Ministry of Railways,east central railway [ecr] - i,Bihar,6.253828811575473,3408.0,3804.0,97.0,77.4258,-19.5742,0,1,0.0,214.0,0,1.1161971830985915,13.009198423127463,1,-5.978975032851511,,0,Samastipur-Darbhanga Doubling Railway Project,0,1,on_roster,1
705527,Railways,Ministry of Railways,east central railway [ecr] - i,Bihar,7.104144092987527,2832.0,2953.0,92.8,94.3978,1.5978,1,0,82.7303,0.0,0,1.0427259887005649,3.9750328515111693,1,-3.9750328515111693,,0,Sagauli-Valmiknagar,0,0,on_roster,0
705528,Railways,Ministry of Railways,east central railway [ecr] - i,Bihar,7.369600720526409,2284.0,2953.0,99.0,94.2579,-4.7421,0,1,0.0,730.0,0,1.292907180385289,21.97766097240473,1,2.0039421813403417,0.49901639344262294,0,Muzaffarpur-Sugauli,0,1,on_roster,1
706759,Railways,Ministry of Railways,indian railway construction international limited [ircon],Bihar,7.772601126032123,3197.0,3683.0,98.5,94.719,-3.781,1,1,-28.3699,365.0,0,1.1520175164216453,15.965834428383705,1,-3.9750328515111693,,0,Rampur Dumra-Tal-Rajendrapul Additional Bridge and Railway Line Doubling,0,1,on_roster,1
706860,Railways,Ministry of Railways,east central railway [ecr] - i,Bihar,6.470799503782602,1035.0,1278.0,56.7,7.369,-49.331,0,1,0.0,426.0,0,1.2347826086956522,7.982917214191852,1,6.011826544021025,7.202469945355191,0,Barauni-Bachwara [16 km] - 3rd & 4th line incl. Barauni yard remodelling [32 km],0,0,on_roster,0
900874,Railways,Ministry of Railways,east central railway [ecr] - i,Bihar,6.378731739681057,1827.0,1127.0,0.1,0.4046,0.3046,0,1,0.0,671.0,0,0.6168582375478927,-22.996057818659658,0,45.039421813403415,2.2180568927789936,0,JHAJHA - BATIA,0,0,on_roster,0
400220,Railways,Ministry of Railways,indian railway construction international limited [ircon],Chhattisgarh,8.024862150286411,914.0,3683.0,95.1,70.9623,-24.1377,1,1,24.3227,3013.0,0,4.029540481400438,90.9658344283837,1,8.015768725361367,0.6112950819672138,0,Kharsia-Dharamjaygarh with Spur line [East Corridor-Phase 1],0,0,on_roster,0
400291,Railways,Ministry of Railways,east coast railway [ecor] - ii,Chhattisgarh,7.371489295214277,2585.0,4807.0,97.6,92.1324,-5.4676,1,1,13.1529,2587.0,0,1.8595744680851063,72.99605781865965,1,11.990801576872535,0.20015342465753475,0,Doubling of Kirandul-Jagdalpur Line [150 km],0,0,on_roster,0
602792,Railways,Ministry of Railways,secr,Chhattisgarh,7.066466970136958,4964.0,5388.0,100.0,34.55,-65.45,0,1,0.0,485.0,0,1.0854149879129733,13.92904073587385,1,2.0039421813403417,0.0,0,Gauge Conversion of Kendri-Dhamtari including Abhanpur - Rajim Branch line 67.20 Kms - 2nd Material Modification to Raipur Titlagarh doubling.,0,0,on_roster,0
612815,Railways,Ministry of Railways,south east central railway [secr] - ii,Chhattisgarh,5.1445249558680555,1551.0,1217.0,15.0,5.6074,-9.3926,0,0,0.0,0.0,0,0.784655061250806,-10.972404730617608,0,10.972404730617608,7.746706586826347,0,4th line between Nipania Bhatapara 14.4 Km,0,0,on_roster,0
705433,Railways,Ministry of Railways,rail vikas nigam limited,Chhattisgarh,7.395721608602045,5906.0,6118.0,82.0,88.5043,6.5043,0,1,0.0,91.0,0,1.0358956992888588,6.964520367936925,1,-3.9750328515111693,,0,Dallirajhra- Rowghat New Railway Line - Phase I [95 km],0,0,on_roster,0
705444,Railways,Ministry of Railways,indian railway construction international limited [ircon],Chhattisgarh,8.511376306094673,2891.0,4383.0,82.0,69.1778,-12.8222,1,1,49.8696,1736.0,0,1.5160843998616396,49.01445466491458,1,8.015768725361367,2.245573770491803,0,Gevra Road-Pendra Road New Railway Line [135 km],0,0,on_roster,0
706854,Railways,Ministry of Railways,south east central railway [secr] - ii,Chhattisgarh,7.227662498728654,2922.0,1400.0,27.0,16.4246,-10.5754,1,0,14.5872,0.0,0,0.4791238877481177,-50.0,0,50.0,1.46,0,Boridand - Ambikapur Doubling Line Project,0,0,on_roster,0
709815,Railways,Ministry of Railways,secr,Chhattisgarh,5.181952075416771,1583.0,1308.0,16.0,2.7114,-13.2886,0,1,0.0,334.0,0,0.8262792166771952,-9.034165571616294,0,20.006570302233904,4.198620689655172,0,4TH LINE - BHATAPARA-HATHBAND [8.8 KM] [PB-72/NR/2022-23],0,0,on_roster,0
709816,Railways,Ministry of Railways,secr,Chhattisgarh,5.183691840706733,1614.0,1308.0,7.0,1.077,-5.923,0,0,0.0,0.0,0,0.8104089219330854,-10.052562417871222,0,10.052562417871222,9.251372549019608,0,4TH LINE - BHILAI-BHILAI NAGAR [8.8 KM] [PB-72/NR/2022-23],0,0,on_roster,0
709817,Railways,Ministry of Railways,secr,Chhattisgarh,5.136151315957647,1522.0,1308.0,65.0,13.3207,-51.6793,0,0,0.0,0.0,0,0.859395532194481,-7.030223390275952,0,7.030223390275952,4.978504672897197,0,4TH LINE - DADHAPARA-BELHA [9.2 KM] [PB-72/NR/2022-23],0,0,on_roster,0
709818,Railways,Ministry of Railways,secr,Chhattisgarh,5.797090651789853,1583.0,1308.0,33.0,23.9569,-9.0431,0,0,0.0,0.0,0,0.8262792166771952,-9.034165571616294,0,9.034165571616294,7.416290909090909,0,4TH LINE RAJNANDGAON-DONGARHGARH [31.2 KM] [PB-72/NR/2022-23],0,0,on_roster,0
709819,Railways,Ministry of Railways,secr,Chhattisgarh,5.127766265352998,1552.0,1308.0,8.0,12.0079,4.0079,0,0,0.0,0.0,0,0.8427835051546392,-8.015768725361367,0,8.015768725361367,11.477377049180328,0,3RD AND 4TH LINE - SARAGBUNDIA AND MADWARANI,0,0,on_roster,0
705583,Railways,Ministry of Railways,cao/c/nr,Delhi,6.504288173536645,3652.0,4779.0,23.0,46.8876,23.8876,0,1,0.0,1736.0,0,1.3085980284775465,37.023653088042046,1,20.006570302233904,3.848735632183908,0,Anand Vihar-Tilak Bridge 3rd & 4th line,0,1,on_roster,1
706865,Railways,Ministry of Railways,south western railway [swr] - ii,Goa,7.545918151209323,,,0.0,0.0,0.0,0,0,0.0,0.0,0,,-58.96846254927726,0,58.96846254927726,1.6958217270194986,1,Chandargaon - Cansaulium Rail Flyover Project [16 Km],0,0,on_roster,0
611918,Railways,Ministry of Railways,pce/wr,Gujarat,6.150602768446279,1339.0,1005.0,9.0,9.5342,0.5342,0,0,0.0,0.0,0,0.7505601194921583,-10.972404730617608,0,10.972404730617608,8.293532934131736,0,Kosamba Umarpada 70 Km,0,0,on_roster,0
611943,Railways,Ministry of Railways,western railway [wr] - ii,Gujarat,6.0192256178933725,1795.0,1155.0,5.0,2.7373,-2.2627,0,1,0.0,31.0,0,0.6434540389972145,-21.02496714848883,0,22.043363994743757,4.309687034277198,0,New Broad Gauge line between Naliya to Jakhau Port,0,0,on_roster,0
611945,Railways,Ministry of Railways,western railway,Gujarat,5.730456862070388,2922.0,1431.0,17.0,6.1541,-10.8459,0,0,0.0,0.0,0,0.48973305954825463,-48.98160315374507,0,48.98160315374507,1.6945137491616367,0,Petlad Bhadran 23 Kms,0,0,on_roster,0
611970,Railways,Ministry of Railways,pce/wr,Gujarat,6.509022458087351,2585.0,1155.0,12.0,6.843,-5.157,0,0,0.0,0.0,0,0.44680851063829785,-46.97766097240473,0,46.97766097240473,1.8732307692307693,0,Samlaya Timba Road 54 km,0,0,on_roster,0
611971,Railways,Ministry of Railways,pce/wr,Gujarat,5.860786223465865,2861.0,1431.0,31.0,20.3069,-10.6931,1,0,-0.02,0.0,0,0.5001747640685075,-46.97766097240473,0,46.97766097240473,1.4687832167832169,0,Samni Jambusar 24 km,0,0,on_roster,0
611974,Railways,Ministry of Railways,western railway [wr] - ii,Gujarat,7.266128779556451,1218.0,974.0,35.0,36.3217,1.3217,0,1,0.0,365.0,0,0.7996715927750411,-8.015768725361367,0,20.006570302233904,3.248932676518883,0,Western Railway Samakhiali Gandhidham Quadrupiling 53 Kms,0,0,on_roster,0
612072,Railways,Ministry of Railways,western railway wr - ii,Gujarat,6.869710673942491,1489.0,1155.0,21.0,52.7832,31.7832,0,1,0.0,488.0,0,0.7756883814640698,-10.972404730617608,0,27.003942181340342,2.9254987834549877,0,4th LINE BETWEEN BAREJADI NANDEJ-SANAND-AHMEDABAD BYPASS,0,0,on_roster,0
616983,Railways,Ministry of Railways,ministry of railways-,Gujarat,6.1497068448384935,1431.0,1005.0,16.0,15.0862,-0.9138,0,0,0.0,0.0,0,0.7023060796645703,-13.994743758212877,0,13.994743758212877,6.002253521126761,1,Kosamba Umarpada GC PROJECT,0,0,on_roster,0
705458,Railways,Ministry of Railways,western railway [wr] - ii,Gujarat,6.18390143764303,1520.0,3377.0,45.0,68.949,23.949,1,1,114.7495,2101.0,0,2.2217105263157895,61.00525624178712,1,8.015768725361367,6.861475409836065,0,Miyagam-Karjan-Dabhoi-Samlaya [GC],0,0,on_roster,0
706763,Railways,Ministry of Railways,western railway wr - ii,Gujarat,6.986178213993476,1826.0,1643.0,81.0,88.1064,7.1064,0,1,0.0,-122.0,0,0.8997809419496167,-6.011826544021025,0,2.0039421813403417,9.481311475409836,0,Rajkot - Kanalus Doubling Project [111.2 Kms],0,1,on_roster,1
709812,Railways,Ministry of Railways,railway,Gujarat,6.137532650741885,2953.0,1431.0,8.0,40.4364,32.4364,0,0,0.0,0.0,0,0.48459194039959363,-50.0,0,50.0,1.84,0,NADIAD-PETLAD [37.26 KM],0,0,on_roster,0
709813,Railways,Ministry of Railways,western railway [wr] - ii,Gujarat,6.082698247530828,2070.0,1278.0,21.0,26.9596,5.9596,0,1,0.0,-244.0,0,0.6173913043478261,-26.018396846254927,0,18.00262812089356,4.388248175182482,0,NEW BG LINE INTERSECTION [5 NOS] BETWEEN GERATPUR-SANAND & BOTAD-AHMEDABAD [16.51 KM],0,1,on_roster,1
611884,Railways,Ministry of Railways,north western railway [nwr],Haryana,6.156978985585555,1826.0,1155.0,72.0,55.8641,-16.1359,0,0,0.0,0.0,0,0.6325301204819277,-22.043363994743757,0,22.043363994743757,1.2702235469448584,0,Bhiwani - Dobh Bahali Doubling Project [42.30 Km],0,0,on_roster,0
617372,Railways,Ministry of Railways,east central railway [ecr] - i,Jharkhand,5.858561528443754,1126.0,1247.0,71.5,35.9974,-35.5026,0,1,0.0,90.0,0,1.1074600355239788,3.9750328515111693,1,-1.0183968462549278,,0,Doubling between Pradhankunta-Patherih-Bhojudih of East Central Railway,0,0,on_roster,0
617832,Railways,Ministry of Railways,east central railway [ecr] - i,Jharkhand,7.968357587930022,1644.0,304.0,0.0,0.0,0.0,0,0,0.0,0.0,0,0.18491484184914841,-44.021024967148485,0,44.021024967148485,2.271641791044776,0,Koderma-Arigada Doubling 133.38 Km of East Central Railway,0,0,on_roster,0
705765,Railways,Ministry of Railways,east central railway [ecr] - i,Jharkhand,6.532334292222349,2981.0,3012.0,66.5,92.0583,25.5583,0,0,0.0,0.0,0,1.01039919490104,1.0183968462549278,1,-1.0183968462549278,,0,Gomoh - Flyover for DN trains,0,0,on_roster,0
705785,Railways,Ministry of Railways,south eastern railway [ser] - i,Jharkhand,6.161207321695077,1765.0,1704.0,10.0,64.74,54.74,0,1,0.0,334.0,0,0.9654390934844193,-2.0039421813403417,0,12.976346911957949,6.935696202531647,0,Lodhma - Piska - Link Line bypassing Hatia/Ranchi with Y connection,0,0,on_roster,0
706837,Railways,Ministry of Railways,east central railway [ecr] - i,Jharkhand,5.858561528443754,1826.0,1247.0,71.5,35.9974,-35.5026,0,0,0.0,0.0,0,0.6829134720700986,-19.021024967148488,0,19.021024967148488,1.498341968911917,0,Pradhan Kuntha Jn Line Doubling Project,0,0,on_roster,0
400023,Railways,Ministry of Railways,south western railway [swr] - ii,Karnataka,6.620073206530356,3319.0,2588.0,0.3,0.1255,-0.1745,0,1,0.0,-366.0,0,0.7797529376318169,-24.014454664914584,0,11.990801576872535,8.314706849315069,0,Construction of New BG line between Hassan to Belur [27 Km],1,0,on_roster,1
705490,Railways,Ministry of Railways,south western railway [swr] - ii,Karnataka,7.952615111651,5082.0,4748.0,34.5,22.9778,-11.5222,1,1,135.7495,275.0,0,0.9342778433687524,-10.972404730617608,0,20.006570302233904,3.273924466338259,0,Gadag-Wadi New Railway Line [257 km],0,0,on_roster,0
705492,Railways,Ministry of Railways,south western railway [swr] - ii,Karnataka,6.716594773520978,4169.0,4473.0,84.2,93.8315,9.6315,0,1,0.0,183.0,0,1.0729191652674501,9.986859395532194,1,-3.9750328515111693,,0,Kadur - Chickamagalur - Sakleshpur [93km],0,1,on_roster,1
705493,Railways,Ministry of Railways,south western railway [swr] - ii,Karnataka,8.55159461813357,2251.0,9952.0,4.7,3.4484,-1.2516,0,1,0.0,9131.0,0,4.421146157263438,252.98948751642575,1,46.97766097240473,2.0286237762237764,1,Hubli-Ankola New Line Project [164.44 km],0,0,on_roster,0
705495,Railways,Ministry of Railways,south western railway [swr] - ii,Karnataka,7.229113877793302,4899.0,4565.0,36.0,48.3851,12.3851,1,1,19.6662,-59.0,0,0.9318228209838743,-10.972404730617608,0,9.034165571616294,7.084218181818183,0,Bagalkot-Kudachi New Railway Line [142 km],0,1,on_roster,1
705496,Railways,Ministry of Railways,south western railway [swr] - ii,Karnataka,7.537430036586509,1977.0,4565.0,15.5,30.0304,14.5304,0,1,0.0,3197.0,0,2.3090541224076886,85.0197109067017,1,20.006570302233904,4.223612479474548,0,Tumkur-Chitradurga-Davangere New Rail Line Project [191 km],0,0,on_roster,0
705663,Railways,Ministry of Railways,south western railway [swr] - ii,Karnataka,6.202535517187923,2922.0,2981.0,85.5,64.5822,-20.9178,0,0,0.0,0.0,0,1.0201916495550993,1.938239159001314,1,-1.938239159001314,,0,Bangalore-Whitefield-Bangalore City-Krishnarajapuram [23.08 km] - Quadrupling,0,1,on_roster,1
705761,Railways,Ministry of Railways,south western railway [swr] - ii,Karnataka,7.282761179605593,3013.0,2404.0,13.5,6.7228,-6.7772,0,1,0.0,183.0,0,0.797875871224693,-20.006570302233904,0,26.018396846254927,3.3245707070707073,0,SHIMOGA - SHIKARIPURA - RANEBENNUR [96 Km],0,0,on_roster,0
705941,Railways,Ministry of Railways,karnataka rail infrastructure development company limited [k-ride],Karnataka,9.665737848832556,2252.0,2008.0,19.95,20.4483,0.4983,0,1,0.0,1186.0,0,0.8916518650088809,-8.015768725361367,0,46.97766097240473,1.7040013986013987,0,Bangalore Suburban Railway Project,0,0,on_roster,0
705638,Railways,Ministry of Railways,ministry of railways,Kerala,6.70196036600254,1430.0,1096.0,30.5,15.7549,-14.7451,1,0,-1.2546,0.0,0,0.7664335664335664,-10.972404730617608,0,10.972404730617608,6.334071856287426,0,Kumbalam-Turavur doubling project [15.59 Km],0,1,on_roster,1
705639,Railways,Ministry of Railways,sr-ers,Kerala,6.400257445308821,1796.0,1096.0,25.0,51.8013,26.8013,1,1,-0.9334,-394.0,0,0.6102449888641426,-22.996057818659658,0,10.052562417871222,7.46078431372549,0,Ernakulam-Kumbalam doubling project [7.71 Km],0,1,on_roster,1
705480,Railways,Ministry of Railways,north central railway,Madhya Pradesh,9.09549053029724,7364.0,7030.0,74.0,76.3625,2.3625,0,1,0.0,275.0,0,0.9546442151004889,-10.972404730617608,0,20.006570302233904,1.2995730706075532,0,"Lalitpur-Satna, Rewa-Singrauli & Mahoba-Khajuraho",0,0,on_roster,0
705659,Railways,Ministry of Railways,west central railway [wcr] - ii,Madhya Pradesh,6.2166061010848646,3773.0,3804.0,86.0,97.0137,11.0137,1,0,16.8,0.0,0,1.008216273522396,1.0183968462549278,1,-1.0183968462549278,,0,Satna-Rewa Railway Line Doubling Project,0,1,on_roster,1
705661,Railways,Ministry of Railways,indian railway construction international limited [ircon],Madhya Pradesh,7.130098510125578,3106.0,3683.0,95.0,145.6338,50.6338,0,1,0.0,730.0,0,1.1857694784288475,18.95532194480946,1,5.026281208935611,0.9947712418300654,0,Katni Grade Separator/Bye Pass,0,1,on_roster,1
705933,Railways,Ministry of Railways,western railway [wr] - ii,Madhya Pradesh,7.0002250650484,2191.0,1643.0,94.0,117.2492,23.2492,0,0,0.0,0.0,0,0.7498858968507531,-18.00262812089356,0,18.00262812089356,0.3332846715328467,0,Nimach-Ratlam Doubling [133 Km],0,1,on_roster,1
611751,Railways,Ministry of Railways,south central railway [scr] - ii,Maharashtra,6.868640160253568,1400.0,1066.0,2.02,135.7991,133.7791,0,0,0.0,0.0,0,0.7614285714285715,-10.972404730617608,0,10.972404730617608,8.929674251497007,0,AURANGABAD-ANKAI - DOUBLING PROJECT 98.25 Km,0,0,on_roster,0
612845,Railways,Ministry of Railways,central railway [cr] - ii,Maharashtra,6.863165779653304,2161.0,1339.0,10.0,1.4622,-8.5378,0,0,0.0,0.0,0,0.6196205460434984,-27.003942181340342,0,27.003942181340342,3.332846715328467,1,Gauge Conversion of Pachora-Jamner with Extension upto Malkapur [Bodwad] [84.34 Kms],0,1,on_roster,1
613015,Railways,Ministry of Railways,rail land development authority,Maharashtra,7.503289630675082,1430.0,1096.0,23.0,45.9923,22.9923,0,0,0.0,0.0,0,0.7664335664335664,-10.972404730617608,0,10.972404730617608,7.017604790419162,0,Redevelopment of Chhatrapati Shivaji Maharaj Terminus [CSMT] and construction of associated infrastructure,0,0,on_roster,0
617215,Railways,Ministry of Railways,south central railway [scr] - ii,Maharashtra,6.6475975782612755,1552.0,852.0,0.19,25.5945,25.4045,0,0,0.0,0.0,0,0.5489690721649485,-22.996057818659658,0,22.996057818659658,4.340309142857143,0,Doubling between Parbhani Parli Vaijanath stations 64.71 Km,0,0,on_roster,0
617364,Railways,Ministry of Railways,centralrailway,Maharashtra,5.8269730852113995,1277.0,455.0,24.0,11.7268,-12.2732,1,0,-39.4083,0.0,0,0.35630383711824587,-27.003942181340342,0,27.003942181340342,2.8144038929440387,0,Double Chord line Between Nilaje-Kopar,0,0,on_roster,0
705356,Railways,Ministry of Railways,central railway [cr] - ii,Maharashtra,7.8397894303122415,9921.0,9952.0,98.0,104.5087,6.5087,1,0,95.2704,0.0,0,1.0031246850115916,1.0183968462549278,1,-1.0183968462549278,,0,Ahmednagar - Beed - Parli - Vaijnath New Broad Gauge Line Railway Project [261.3 km],0,1,on_roster,1
705357,Railways,Ministry of Railways,central railway,Maharashtra,4.93792122180745,4017.0,3683.0,60.0,54.6391,-5.3609,1,0,1231.528,0.0,0,0.9168533731640528,-10.972404730617608,0,10.972404730617608,3.645508982035928,0,Baramati Lonand New Line Project,0,0,on_roster,0
705479,Railways,Ministry of Railways,south east central railway,Maharashtra,7.54274354536855,3591.0,3257.0,66.0,42.9242,-23.0758,0,0,0.0,0.0,0,0.9069896964633807,-10.972404730617608,0,10.972404730617608,3.098682634730539,0,Wadsa-Gadchiroli,0,0,on_roster,0
705497,Railways,Ministry of Railways,central railways,Maharashtra,8.14506807733977,6878.0,6634.0,47.0,89.5278,42.5278,1,0,16.9896,0.0,0,0.9645245710962489,-8.015768725361367,0,8.015768725361367,6.611967213114754,1,Wardha - Yavatmal Nanded Railway Line Project,0,0,on_roster,0
705498,Railways,Ministry of Railways,central railway,Maharashtra,6.676944912606895,4109.0,3865.0,73.0,77.1871,4.1871,1,0,76.0383,0.0,0,0.9406181552689219,-8.015768725361367,0,8.015768725361367,3.3683606557377046,0,3rd Line Kalyan - Kasara [67.35 Kilometres],0,0,on_roster,0
705500,Railways,Ministry of Railways,central railway [cr] - ii,Maharashtra,6.29345624673987,3744.0,3865.0,88.0,91.147,3.147,1,1,69.7215,304.0,0,1.032318376068376,3.9750328515111693,1,6.011826544021025,1.9960655737704918,0,3rd Line Wardha - Sewagram - Nagpur,0,0,on_roster,0
705502,Railways,Ministry of Railways,central railway [cr] - ii,Maharashtra,7.233975139138999,3562.0,3683.0,98.0,89.1783,-8.8217,1,1,46.8593,62.0,0,1.0339696799550815,3.9750328515111693,1,-1.938239159001314,,0,3rd Line Wardha - Ballarshah [132 Kilometres],0,1,on_roster,1
705504,Railways,Ministry of Railways,central railway,Maharashtra,7.641213923763919,2983.0,3104.0,92.0,94.1911,2.1911,1,1,56.9743,90.0,0,1.0405631914180355,3.9750328515111693,1,-1.0183968462549278,,0,Doubling of Daund Manmad Line [247.6 km],0,1,on_roster,1
705505,Railways,Ministry of Railways,central railway [cr] - ii,Maharashtra,6.459826204054712,3166.0,3287.0,88.0,86.1965,-1.8035,1,1,90.4052,304.0,0,1.038218572331017,3.9750328515111693,1,6.011826544021025,1.9960655737704918,0,4th Line Wardha - Nagpur [78.7 Kilometres],0,0,on_roster,0
705506,Railways,Ministry of Railways,central railway [cr] - ii,Maharashtra,6.943276851049216,2771.0,3257.0,100.0,99.7561,-0.2439,1,1,80.6484,243.0,0,1.1753879465896788,15.965834428383705,1,-7.982917214191852,,0,3rd Line Manmad - Jalgaon [160 Kilometres],1,0,on_roster,1
705735,Railways,Ministry of Railways,central railway,Maharashtra,6.808951001923535,3134.0,2800.0,12.0,36.9131,24.9131,1,1,264.2024,366.0,0,0.8934269304403318,-10.972404730617608,0,22.996057818659658,3.8267428571428574,0,Solapur-tuljapur-Osmanabad,0,0,on_roster,0
705391,Railways,Ministry of Railways,northeast frontier railway [nfr],Manipur,9.569691731118324,5023.0,4779.0,72.1,73.2014,1.1014,1,1,52.8025,913.0,1,0.9514234521202468,-8.015768725361367,0,38.009198423127465,0.7340328435609336,0,Jiribam-Imphal new line project,0,0,on_roster,0
705491,Railways,Ministry of Railways,south western railway [swr] - ii,"Multi-States (Andhra Pradesh, Karnataka)",5.697093486505405,5174.0,5113.0,21.0,49.0842,28.0842,0,0,0.0,0.0,0,0.9882102821801314,-2.0039421813403417,0,2.0039421813403417,39.42229508196721,0,Marikuppam - Kuppam New Line Project [23.70 Km],0,1,on_roster,1
705494,Railways,Ministry of Railways,south western railway [swr] - ii,"Multi-States (Andhra Pradesh, Karnataka)",7.822845290279774,2740.0,6605.0,72.0,76.0697,4.0697,0,1,0.0,4536.0,0,2.4105839416058394,126.97109067017082,1,22.043363994743757,1.2702235469448584,0,Rayadurg-Tumkur via Kalyandurg New Line [207 km],0,1,on_roster,1
705610,Railways,Ministry of Railways,south central railway [scr] - ii,"Multi-States (Andhra Pradesh, Karnataka)",5.713732805509369,3531.0,3652.0,89.03,117.0755,28.0455,1,1,79.8013,90.0,0,1.0342679127725856,3.9750328515111693,1,-1.0183968462549278,,0,"Renigunta, Wadi & Gooty Bypass Railway Project",0,1,on_roster,1
705512,Railways,Ministry of Railways,east coast railway [ecor] - ii,"Multi-States (Andhra Pradesh, Odisha)",7.824445930877619,2282.0,3774.0,73.0,86.5588,13.5588,0,1,0.0,2192.0,0,1.6538124452234881,49.01445466491458,1,22.996057818659658,1.1741142857142857,0,Doubling of Kottavalasa-Koraput Rail Line [189 KM],0,1,on_roster,1
400275,Railways,Ministry of Railways,ministry of railways,"Multi-States (Andhra Pradesh, Tamil Nadu)",8.197538739721184,6271.0,6483.0,16.5,34.6929,18.1929,0,1,0.0,912.0,0,1.0338064104608515,6.964520367936925,1,22.996057818659658,3.6310571428571428,0,Tindivanam-Nagari New Line Project [184.5 km],0,0,on_roster,0
616857,Railways,Ministry of Railways,south central railway [scr] - ii,"Multi-States (Andhra Pradesh, Telangana)",7.375600330173661,1855.0,790.0,2.04,13.2938,11.2538,0,0,0.0,0.0,0,0.42587601078167114,-34.98685939553219,0,34.98685939553219,2.799908356807512,0,Doubling between Motumari Vishnupuram - 88.81 Km and Rail over Rail - RoR at Motumari - 10.877 Km,0,0,on_roster,0
617214,Railways,Ministry of Railways,south central railway [scr] - ii,"Multi-States (Andhra Pradesh, Telangana)",7.624814279588395,850.0,516.0,0.16,10.188,10.028,0,0,0.0,0.0,0,0.6070588235294118,-10.972404730617608,0,10.972404730617608,9.099190419161678,0,Rail Connectivity to Errupalem Amravati Namburu 57 Km,0,0,on_roster,0
705632,Railways,Ministry of Railways,south central railway [scr] - ii,"Multi-States (Andhra Pradesh, Telangana)",6.473890696352274,3197.0,3652.0,95.01,137.4602,42.4502,1,1,39.7218,334.0,0,1.1423209258680012,14.947437582128778,1,-3.9750328515111693,,0,Vijayawada - Kazipet Byepass line,0,0,on_roster,0
705401,Railways,Ministry of Railways,northeast frontier railway [nfr] - ii,"Multi-States (Arunachal Pradesh, Assam)",6.077642243349034,5142.0,5538.0,68.0,68.24,0.24,1,1,187.3563,640.0,1,1.0770128354725788,13.009198423127463,1,8.015768725361367,3.9921311475409835,0,Murkongselek-Pasighat,0,1,on_roster,1
705394,Railways,Ministry of Railways,northeast frontier railway [nfr],"Multi-States (Assam, Meghalaya)",7.174433302719964,457.0,5722.0,86.16,96.156,9.996,0,1,0.0,5691.0,1,5.0,172.96320630749014,1,13.994743758212877,0.9889427230046951,1,Tetlia-Byrnihat New Railway Line,0,1,on_roster,1
616701,Railways,Ministry of Railways,northeast frontier railway [nfr],"Multi-States (Assam, Nagaland)",7.661385894921593,1461.0,790.0,10.0,5.7136,-4.2864,0,0,0.0,0.0,1,0.54072553045859,-22.043363994743757,0,22.043363994743757,4.082861400894188,0,Lumding Furkating Doubling Project 140 km,0,0,on_roster,0
705392,Railways,Ministry of Railways,northeast frontier railway [nfr] - ii,"Multi-States (Assam, Nagaland)",8.804475183846678,3500.0,3896.0,43.0,94.2864,51.2864,0,1,0.0,1736.0,1,1.1131428571428572,13.009198423127463,1,44.021024967148485,1.2948358208955224,0,Dimapur [Dhansiri]-Sukhobi Kohima [Zubza] NL [82.5 Km],0,1,on_roster,1
616699,Railways,Ministry of Railways,east central railway [ecr] - i,"Multi-States (Bihar, Jharkhand)",9.420161168201794,1674.0,974.0,17.5,6.6227,-10.8773,1,0,0.0002,0.0,0,0.5818399044205496,-22.996057818659658,0,22.996057818659658,3.5875714285714286,0,Multi tracking of Son Nagar-Andal 374.53 rkm & 814.38 tkm,0,0,on_roster,0
705375,Railways,Ministry of Railways,east central railway [ecr] - i,"Multi-States (Bihar, Jharkhand)",7.394493107219038,7397.0,7821.0,95.5,89.0944,-6.4056,1,1,52.9287,365.0,0,1.0573205353521697,13.92904073587385,1,-1.938239159001314,,0,Koderma-Tilaiya New Line,0,0,on_roster,0
705385,Railways,Ministry of Railways,eastern railway [er] - i,"Multi-States (Bihar, Jharkhand)",7.846198815497425,5114.0,4414.0,61.8,43.5879,-18.2121,0,0,0.0,0.0,0,0.8631208447399296,-22.996057818659658,0,22.996057818659658,1.6611542857142858,0,Pirpainti - Jasidih [100.52 Km] New BG line,0,1,on_roster,1
611669,Railways,Ministry of Railways,north eastern railway [ner],"Multi-States (Bihar, Uttar Pradesh)",5.944032210673093,1765.0,1431.0,20.0,67.4245,47.4245,0,1,0.0,366.0,0,0.8107648725212464,-10.972404730617608,0,22.996057818659658,3.478857142857143,0,NER Provision of Automatic Block Signalling on Gorakhpur Cantt[Excl] Chhapra Gramin & Burhwal Jn [Excl] Sitapur Jn section of high density routes,0,0,on_roster,0
617224,Railways,Ministry of Railways,ner,"Multi-States (Bihar, Uttar Pradesh)",7.02197642307216,1583.0,974.0,26.4,35.8768,9.4768,0,0,0.0,0.0,0,0.6152874289324068,-20.006570302233904,0,20.006570302233904,3.6787914614121506,0,Gorakhpur-Valmikinagar Doubling project,0,0,on_roster,0
705562,Railways,Ministry of Railways,north eastern railway [ner],"Multi-States (Bihar, Uttar Pradesh)",6.871091294610546,4355.0,4779.0,95.9,87.6769,-8.2231,1,1,8.6189,454.0,0,1.0973593570608495,13.92904073587385,1,0.9855453350854139,4.160133333333328,0,Chhapra-Ballia Patch Doubling,0,0,on_roster,0
617245,Railways,Ministry of Railways,northeast frontier railway [nfr],"Multi-States (Bihar, West Bengal)",6.849744737478631,1461.0,1339.0,65.0,64.8381,-0.1619,0,1,0.0,184.0,0,0.9164955509924709,-4.0078843626806835,0,10.052562417871222,3.481699346405229,0,Katihar Kumedpur & Katihar Mukuria BG Doubling Project,0,1,on_roster,1
705617,Railways,Ministry of Railways,south east central railway [secr] - ii,"Multi-States (Chhattisgarh, Maharashtra)",8.173575486634153,3013.0,3499.0,96.0,102.668,6.668,0,1,0.0,547.0,0,1.1613010288748755,15.965834428383705,1,2.0039421813403417,1.9960655737704918,0,Rajnandgaon - Nagpur [Kalumna] Third Railway Line [228.30 km],0,0,on_roster,0
705511,Railways,Ministry of Railways,east coast railway [ecor] - ii,"Multi-States (Chhattisgarh, Odisha)",7.344719054149673,3013.0,3774.0,94.46,89.1849,-5.2751,0,1,0.0,1005.0,0,1.2525721871888482,25.0,1,8.015768725361367,0.6911377049180335,0,Jagdalpur-Koraput,0,0,on_roster,0
705616,Railways,Ministry of Railways,secr,"Multi-States (Chhattisgarh, Odisha)",7.669028288589683,2952.0,3499.0,97.0,75.8805,-21.1195,1,1,39.2056,516.0,0,1.1852981029810299,17.969776609724047,1,-1.0183968462549278,,0,Jharsuguda-Bilaspur Fourth Railway Line [206 km],0,0,on_roster,0
705728,Railways,Ministry of Railways,national high speed rail corporation [nhsrc],"Multi-States (Dadra & Nagar Haveli and Daman & Diu, Gujarat, Maharashtra)",11.58989576532275,4536.0,4049.0,59.86,83.798,23.938,0,1,0.0,853.0,0,0.892636684303351,-15.99868593955322,0,44.021024967148485,0.9118370149253733,0,Mumbai-Ahmedabad High Speed Rail Project- 508 km,0,0,on_roster,0
705793,Railways,Ministry of Railways,pce/wr,"Multi-States (Delhi, Gujarat, Madhya Pradesh, Maharashtra, Rajasthan)",8.825771410700773,1643.0,2404.0,66.32,117.1182,50.7982,1,1,18.9332,730.0,0,1.4631771150334754,25.0,1,-1.0183968462549278,,0,Raising of speed to 160 kmph/200 kmph on existing New Delhi-Mumbai route incl. Vadodara-Ahmedabad,0,0,on_roster,0
705237,Railways,Ministry of Railways,dfccil,"Multi-States (Gujarat, Haryana, Maharashtra, Rajasthan, Uttar Pradesh)",10.841578914369135,5142.0,6634.0,96.0,100.4984,4.4984,1,1,142.6665,1371.0,0,1.2901594710229483,49.01445466491458,1,-3.9750328515111693,,0,Western Dedicated Freight Corridor,0,0,on_roster,0
705453,Railways,Ministry of Railways,western railway [wr] - ii,"Multi-States (Gujarat, Madhya Pradesh)",6.12483655203096,5358.0,5052.0,55.0,118.2267,63.2267,1,0,671.1031,0.0,0,0.9428891377379619,-10.052562417871222,0,10.052562417871222,4.476470588235294,0,"New line Dahod-Indore via Sardarpur, Jabuwa and Dhar",0,1,on_roster,1
705454,Railways,Ministry of Railways,western railway [wr] - ii,"Multi-States (Gujarat, Madhya Pradesh)",7.492760300922379,6239.0,6360.0,80.3,101.4287,21.1287,0,0,0.0,0.0,0,1.0193941336752685,3.9750328515111693,1,-3.9750328515111693,,0,Chhota Udaipur - Dhar New Line Project [157 km],0,1,on_roster,1
400022,Railways,Ministry of Railways,north western railway [nwr],"Multi-States (Gujarat, Rajasthan)",7.937017489515454,2922.0,1370.0,37.0,87.1808,50.1808,0,0,0.0,0.0,0,0.46885694729637234,-50.98554533508541,0,50.98554533508541,1.2356443298969073,0,Taranga Hill-Abu Road via Ambaji,0,1,on_roster,1
616842,Railways,Ministry of Railways,north western railway [nwr],"Multi-States (Gujarat, Rajasthan)",8.034822200650687,1246.0,790.0,30.0,25.2376,-4.7624,0,0,0.0,0.0,0,0.6340288924558587,-14.98028909329829,0,14.98028909329829,4.67280701754386,0,LUNI- SAMDARI- BHILDI DOUBLING,0,0,on_roster,0
705424,Railways,Ministry of Railways,northen railway [nr],"Multi-States (Haryana, Himachal Pradesh)",7.340186835320115,3225.0,2981.0,43.0,38.3156,-4.6844,1,0,0.0084,0.0,0,0.9243410852713179,-8.015768725361367,0,8.015768725361367,7.110983606557377,0,Chandigarh-Baddi New Rail Line- 36 km,0,1,on_roster,1
705410,Railways,Ministry of Railways,northen railway [nr],"Multi-States (Himachal Pradesh, Punjab)",7.610357618312838,,,84.0,118.1511,34.1511,0,1,0.0,730.0,0,,3.9750328515111693,1,20.006570302233904,0.7997372742200328,0,Nangal Dam-Talwara New Broad Gauge Line [84 KM] and Taking Over Siding Mukerian-Talwara [29 KM],0,1,on_roster,1
705628,Railways,Ministry of Railways,south eastern railway - jh,"Multi-States (Jharkhand, Odisha)",8.016317898503415,3379.0,3683.0,92.0,86.7988,-5.2012,1,1,0.0013,365.0,0,1.0899674459899378,9.986859395532194,1,2.0039421813403417,3.9921311475409835,0,Doubling of Hatia [Ranchi]-Bondamunda Rail Line - 159 km,0,0,on_roster,0
616588,Railways,Ministry of Railways,south eastern railway [ser] - i,"Multi-States (Jharkhand, Odisha, West Bengal)",7.286280751834349,1948.0,608.0,0.0,0.5195,0.5195,0,0,0.0,0.0,0,0.31211498973305957,-44.021024967148485,0,44.021024967148485,2.271641791044776,0,Buramara-Chakulia new line [59.96 km],0,0,on_roster,0
616227,Railways,Ministry of Railways,cao/c/ser,"Multi-States (Jharkhand, West Bengal)",7.566833652500692,1826.0,577.0,0.0,0.2334,0.2334,0,0,0.0,0.0,0,0.31599123767798465,-41.03153745072273,0,41.03153745072273,2.437149719775821,0,Chandil - Anara - Damodar - 3rd line [121.26 km],0,0,on_roster,0
705668,Railways,Ministry of Railways,rvnl - i,"Multi-States (Jharkhand, West Bengal)",8.086717920303906,3103.0,3499.0,97.5,101.144,3.644,0,1,0.0,457.0,0,1.1276184337737674,13.009198423127463,1,2.0039421813403417,1.2475409836065574,0,KHARAGPUR-ADITYAPUR THIRD RAIL LINE- 132 KM,0,1,on_roster,1
703586,Railways,Ministry of Railways,karnataka rail infrastructure development company limited [k-ride],"Multi-States (Karnataka, Tamil Nadu)",6.214007918350159,1796.0,2557.0,88.0,93.2964,5.2964,1,1,50.1303,671.0,0,1.4237193763919822,25.0,1,-2.9566360052562417,,0,Baiyyappanahalli - Hosur Doubling Project [48 km],0,1,on_roster,1
705635,Railways,Ministry of Railways,southern railway [sr] - i,"Multi-States (Kerala, Tamil Nadu)",7.267525427828172,2769.0,3165.0,56.0,76.8672,20.8672,1,1,164.3471,1188.0,0,1.143011917659805,13.009198423127463,1,26.018396846254927,1.6911111111111112,0,Trivandrum- Kanyakumari,0,0,on_roster,0
705457,Railways,Ministry of Railways,western railway [wr] - ii,"Multi-States (Madhya Pradesh, Maharashtra)",7.412914881121501,6908.0,6574.0,83.0,70.874,-12.126,1,1,292.4444,550.0,0,0.951650260567458,-10.972404730617608,0,29.040735873850196,0.5853846153846154,0,Ratlam-Mhow-Khandwa-Akola Gauge Conversion,0,1,on_roster,1
705507,Railways,Ministry of Railways,central railway [cr] - ii,"Multi-States (Madhya Pradesh, Maharashtra)",7.804214663147685,3833.0,3499.0,55.0,86.0006,31.0006,1,1,2.3172,275.0,0,0.9128619879989565,-10.972404730617608,0,20.006570302233904,2.2492610837438423,0,Itarsi - Nagpur Third Railway Line [280 km],0,1,on_roster,1
705419,Railways,Ministry of Railways,north central railway,"Multi-States (Madhya Pradesh, Rajasthan)",7.97728198675515,5114.0,5510.0,92.0,75.9887,-16.0113,0,1,0.0,337.0,0,1.0774344935471256,13.009198423127463,1,-1.938239159001314,,0,Gwalior - Seopurkala with extension to Kota [Gauge Conversion],0,1,on_roster,1
705481,Railways,Ministry of Railways,west central railway [wcr] - ii,"Multi-States (Madhya Pradesh, Rajasthan)",8.017307507688582,9041.0,9162.0,81.0,81.606,0.606,1,1,67.3153,730.0,0,1.0133834752792832,3.9750328515111693,1,20.006570302233904,0.9496880131362889,0,Ramganjmandi-Bhopal New Line Project [276.50 km],0,0,on_roster,0
705764,Railways,Ministry of Railways,western railway [wr] - ii,"Multi-States (Madhya Pradesh, Rajasthan)",6.206575926724928,3256.0,3287.0,60.0,31.72,-28.28,1,1,66.6667,92.0,0,1.0095208845208845,1.0183968462549278,1,2.0039421813403417,19.96065573770492,0,Nimach-Badi Sadri New Rail Line Project,0,1,on_roster,1
705667,Railways,Ministry of Railways,rvnl - ii,"Multi-States (Madhya Pradesh, Rajasthan, Uttar Pradesh)",8.693161274238017,3288.0,3774.0,95.48,85.9155,-9.5645,0,1,0.0,730.0,0,1.147810218978102,15.965834428383705,1,8.015768725361367,0.5638885245901634,0,Mathura-Jhansi Third Railway Line [274 Km],0,0,on_roster,0
705598,Railways,Ministry of Railways,cao/c/ncr,"Multi-States (Madhya Pradesh, Uttar Pradesh)",7.602401335665818,2007.0,3499.0,96.0,96.8586,0.8586,0,1,0.0,1461.0,0,1.7433981066268063,49.01445466491458,1,-1.0183968462549278,,0,Jhansi - Bina Third Railway Line [153 Km],0,0,on_roster,0
705608,Railways,Ministry of Railways,north central railway,"Multi-States (Madhya Pradesh, Uttar Pradesh)",8.373553741214627,2922.0,2953.0,68.0,66.8711,-1.1289,0,0,0.0,0.0,0,1.0106091718001369,1.0183968462549278,1,-1.0183968462549278,,0,Jhansi-Khairar-Manikpur & Khirar-Bhimsen,0,0,on_roster,0
705629,Railways,Ministry of Railways,south eastern railway [ser] - i,"Multi-States (Odisha, West Bengal)",7.783640596221253,2467.0,2588.0,77.0,77.5171,0.5171,1,1,42.7217,396.0,0,1.0490474260235103,3.9750328515111693,1,9.034165571616294,2.545890909090909,0,Narayangarh-Bhadrak 3rd line,0,0,on_roster,0
400223,Railways,Ministry of Railways,ministry of railways,"Multi-States (Puducherry, Tamil Nadu)",6.570882962339584,6817.0,6483.0,80.0,64.7604,-15.2396,1,1,37.5877,366.0,0,0.9510048408390788,-10.972404730617608,0,22.996057818659658,0.8697142857142858,0,Nagapattinam-Tiruturaipundi and Karaikal-Peralam New Line,0,1,on_roster,1
705432,Railways,Ministry of Railways,indian railway construction international limited [ircon],"Multi-States (Sikkim, West Bengal)",8.971829343530851,2038.0,6026.0,93.0,91.4685,-1.5315,1,1,49.4858,4597.0,1,2.956820412168793,131.01182654402103,1,20.006570302233904,0.34988505747126436,0,Sivok-Rangpo New Rail Line,0,0,on_roster,0
602797,Railways,Ministry of Railways,eastern railway [er] - i,"Multi-States (Uttar Pradesh, West Bengal)",6.136949213849963,3499.0,3165.0,31.85,63.0881,31.2381,0,0,0.0,0.0,0,0.9045441554729923,-10.972404730617608,0,10.972404730617608,6.211035928143713,0,"Sainthia, Sitarampur, Mughalsarai, Allahabad & Etawah - Bypass Line Project",0,1,on_roster,1
400006,Railways,Ministry of Railways,south eastern railway [ser] - i,Odisha,6.697021901911263,1461.0,1643.0,38.0,86.6698,48.6698,0,1,0.0,426.0,0,1.1245722108145106,5.978975032851511,1,8.015768725361367,7.734754098360655,0,Jharsuguda-Barpali-Sardega Ph II Works- Rail Connectivity for Coal Loading Bulb at Barpali.,0,0,on_roster,0
400045,Railways,Ministry of Railways,east coast railway [ecor] - ii,Odisha,5.1317904156527225,943.0,1339.0,82.0,41.4983,-40.5017,0,1,0.0,-59.0,0,1.4199363732767762,13.009198423127463,1,-14.947437582128778,,0,Proposed 6 nos Road Over Bridge [ROB] at different locations under MCL Talcher Under Deposit Scheme.,0,0,on_roster,0
400047,Railways,Ministry of Railways,east coast railway [ecor] - ii,Odisha,5.351858133476067,853.0,1339.0,52.0,18.719,-33.281,0,1,0.0,730.0,0,1.5697538100820634,15.965834428383705,1,8.015768725361367,5.988196721311475,0,Doubling of Lingaraj SILO connectivity of NTPC line and augmentation of NTPC exchange yard and NTPC Block Cabin.,0,0,on_roster,0
400048,Railways,Ministry of Railways,east coast railway [ecor] - ii,Odisha,5.232230981420177,822.0,1308.0,88.0,54.2237,-33.7763,0,1,0.0,912.0,0,1.5912408759124088,15.965834428383705,1,13.994743758212877,0.8574647887323944,0,Doubling of lines connecting the loading spurs in Talcher Yard.,0,0,on_roster,0
400232,Railways,Ministry of Railways,east coast railway [ecor] - ii,Odisha,5.697093486505405,4717.0,4473.0,56.0,78.3603,22.3603,0,0,0.0,0.0,0,0.9482722069111723,-8.015768725361367,0,8.015768725361367,5.489180327868852,0,Brundamal-Jharsuguda- flyover connection for joining downline,0,0,on_roster,0
612834,Railways,Ministry of Railways,east coast railway [ecor] - ii,Odisha,5.53338948872752,975.0,1096.0,86.0,46.5476,-39.4524,0,0,0.0,0.0,0,1.1241025641025642,3.9750328515111693,1,-3.9750328515111693,,0,3rd & 4th line between Sarla - Sason [8 km] [PB 73/2023-24/NR],0,0,on_roster,0
615915,Railways,Ministry of Railways,cao/c/ser,Odisha,5.505290884699608,1277.0,1308.0,31.0,38.9485,7.9485,0,0,0.0,0.0,0,1.024275646045419,1.0183968462549278,1,-1.0183968462549278,,1,Rourkela-Bondamunda A-Cabin 5th line [9.6 km],1,0,on_roster,1
616586,Railways,Ministry of Railways,cao/c/ser,Odisha,7.727750946212077,1948.0,608.0,0.0,0.3146,0.3146,0,0,0.0,0.0,0,0.31211498973305957,-44.021024967148485,0,44.021024967148485,2.271641791044776,0,Bangriposi-Gorumahisani new line [ 85.60 km ],0,0,on_roster,0
616694,Railways,Ministry of Railways,east coast railway [ecor] - ii,Odisha,5.307128434826587,1918.0,1096.0,5.5,16.9647,11.4647,0,0,0.0,0.0,0,0.5714285714285714,-27.003942181340342,0,27.003942181340342,3.4994890510948906,0,Flyover between Siju and Paradeep coaching Yard to avoid Surface crossing of trains,0,0,on_roster,0
616695,Railways,Ministry of Railways,east coast railway [ecor] - ii,Odisha,5.70760847948973,1919.0,974.0,10.5,0.2965,-10.2035,0,0,0.0,0.0,0,0.5075560187597707,-31.044678055190538,0,31.044678055190538,2.882941798941799,0,Paradeep - Badabandha 3rd & 4th Line / 18.51kms,0,0,on_roster,0
616839,Railways,Ministry of Railways,indian railway,Odisha,7.062097369060713,1948.0,608.0,0.0,0.0,0.0,0,0,0.0,0.0,0,0.31211498973305957,-44.021024967148485,0,44.021024967148485,2.271641791044776,1,Naupada-Gunupur - New line upto Theruvali [73.62 km],0,0,on_roster,0
705358,Railways,Ministry of Railways,east coast railway [ecor] - ii,Odisha,8.2409125416889,11963.0,11719.0,92.0,111.4553,19.4553,1,0,34.2036,0.0,0,0.9796037783164758,-8.015768725361367,0,8.015768725361367,0.9980327868852459,0,Khurda-Bolangir New Broad Gauge Rail Link [301km],0,1,on_roster,1
705359,Railways,Ministry of Railways,east coast railway [ecor] - ii,Odisha,7.564757012905729,7670.0,8066.0,56.0,109.9627,53.9627,0,1,0.0,1461.0,0,1.0516297262059975,13.009198423127463,1,34.98685939553219,1.2576150234741785,0,Talcher-Bimlagarh New Railway Line,0,1,on_roster,1
705510,Railways,Ministry of Railways,east coast railway [ecor] - ii,Odisha,7.158513997329321,3319.0,3835.0,95.0,105.359,10.359,0,1,0.0,426.0,0,1.1554685146128352,16.95137976346912,1,-2.9566360052562417,,0,Bhadrak-Nergundi Third Line,0,1,on_roster,1
705513,Railways,Ministry of Railways,east coast railway [ecor] - ii,Odisha,7.767687277186908,4383.0,3774.0,74.6,83.0834,8.4834,0,1,0.0,91.0,0,0.8610540725530459,-20.006570302233904,0,22.996057818659658,1.104537142857143,0,Koraput - Singapur Railway Doubling,0,1,on_roster,1
705514,Railways,Ministry of Railways,east coast railway [ecor] - ii,Odisha,6.90875477931522,1096.0,3804.0,59.0,56.2702,-2.7298,1,1,-18.998,3408.0,0,3.4708029197080292,88.96189224704337,1,22.996057818659658,1.7829142857142857,0,Jarapada- Budhapank with flyover at Talcher road 3rd and 4th Line,0,1,on_roster,1
705515,Railways,Ministry of Railways,east coast railway [ecor] - ii,Odisha,7.068172000388042,4626.0,4657.0,89.0,101.3662,12.3662,1,0,78.3461,0.0,0,1.0067012537829658,1.0183968462549278,1,-1.0183968462549278,,0,3rd & 4th Railway Line Project from Salegaon to Budhapank via Rajathgarh.,0,1,on_roster,1
705741,Railways,Ministry of Railways,east coast railway [ecor] - ii,Odisha,6.618738983517219,4018.0,3196.0,1.97,2.127,0.157,0,1,0.0,518.0,0,0.7954206072672971,-27.003942181340342,0,44.021024967148485,2.2268904477611944,0,Jeypore-Navarangpur New Rail Line Project,0,0,on_roster,0
705742,Railways,Ministry of Railways,east coast railway [ecor] - ii,Odisha,7.76004068088038,5629.0,2981.0,23.1,23.4522,0.3522,0,0,0.0,0.0,0,0.5295789660685735,-86.99080157687253,0,86.99080157687253,0.8840015105740183,0,Jeypore-Malkanagiri New Railway Line Project,0,0,on_roster,0
705298,Railways,Ministry of Railways,rcil,PAN India,5.618188274814676,1369.0,2130.0,48.0,0.0,-48.0,0,0,0.0,0.0,0,1.5558802045288531,25.0,1,-25.0,,0,North Region Video Surveillance Project,0,0,on_roster,0
607653,Railways,Ministry of Railways,cao/c/nr,Punjab,5.4628991668639815,,,0.0,4.2593,4.2593,0,0,0.0,0.0,0,,21.97766097240473,1,-21.97766097240473,,1,Ludhiana Mullanpur 21Km Doubling Railway project,1,0,on_roster,1
705783,Railways,Ministry of Railways,railway,Punjab,5.474956140206493,2192.0,2588.0,57.0,57.584,0.584,1,1,0.1515,702.0,0,1.1806569343065694,13.009198423127463,1,10.052562417871222,4.2775163398692815,0,Ludhiana- Killa Raipur Railway Doubling Project,0,1,on_roster,1
611855,Railways,Ministry of Railways,north western railway [nwr],Rajasthan,6.877213593869438,1461.0,1186.0,73.0,73.0969,0.0969,0,0,0.0,0.0,0,0.811772758384668,-9.034165571616294,0,9.034165571616294,2.988654545454546,0,Devgarh Madariya - Nathdwara Gauge Conversion [82.54 Km] part of Marwar - Mavli Gauge Conversion [152 Km],1,1,on_roster,1
611929,Railways,Ministry of Railways,wpo/patna,Rajasthan,5.123130298654681,822.0,1308.0,0.0,0.0,0.0,0,0,0.0,0.0,0,1.5912408759124088,15.965834428383705,1,-15.965834428383705,,0,Maintenance cum workshop depot for Vande Bharat Sleeper Trains as per conditions under WTA 527,0,0,on_roster,0
616841,Railways,Ministry of Railways,north western railway [nwr],Rajasthan,6.685411407838491,1034.0,790.0,8.0,16.4762,8.4762,0,0,0.0,0.0,0,0.7640232108317214,-8.015768725361367,0,8.015768725361367,11.477377049180328,0,PUSHKAR- MERTA CITY NEW LINE,1,0,on_roster,1
616843,Railways,Ministry of Railways,north western railway [nwr],Rajasthan,7.399881147065413,1216.0,790.0,12.0,23.0837,11.0837,0,0,0.0,0.0,0,0.649671052631579,-13.994743758212877,0,13.994743758212877,6.288075117370893,0,AJMER- CHANDERIYA DOUBLING,1,0,on_roster,1
617403,Railways,Ministry of Railways,north western railway [nwr],Rajasthan,6.151966443762011,882.0,821.0,90.0,40.2654,-49.7346,0,0,0.0,0.0,0,0.9308390022675737,-2.0039421813403417,0,2.0039421813403417,4.99016393442623,0,SADULPUR - CHURU DOUBLING PROJECT,0,0,on_roster,0
617404,Railways,Ministry of Railways,north western railway [nwr],Rajasthan,5.24812872496475,1065.0,365.0,0.0,0.0,0.0,0,0,0.0,0.0,0,0.3427230046948357,-22.996057818659658,0,22.996057818659658,4.348571428571429,0,POKHRAN - RAMDEVRA New Line,0,0,on_roster,0
705752,Railways,Ministry of Railways,north western railway [nwr],Rajasthan,6.709889534852196,2771.0,2557.0,94.0,41.4576,-52.5424,1,0,18.009,0.0,0,0.9227715626127752,-7.030223390275952,0,7.030223390275952,0.8534579439252337,0,Gudha-Thatha Mithri Construction of Railway Track Project,0,0,on_roster,0
705919,Railways,Ministry of Railways,cao/c/ncr,Rajasthan,7.237778191923443,1826.0,1400.0,54.0,34.3194,-19.6806,0,0,0.0,0.0,0,0.7667031763417306,-13.994743758212877,0,13.994743758212877,3.2869483568075117,0,Agra Fort-Bandikui Doubling Line Project,0,0,on_roster,0
706836,Railways,Ministry of Railways,north western railway [nwr],Rajasthan,6.147228211090879,1581.0,1612.0,98.0,114.4676,16.4676,0,0,0.0,0.0,0,1.0196078431372548,1.0183968462549278,1,-1.0183968462549278,,1,Dedicated Test Track for RDSO /Phase-II Project,1,1,on_roster,1
706866,Railways,Ministry of Railways,north western railway [nwr],Rajasthan,5.720311776607412,1186.0,1217.0,72.0,27.3125,-44.6875,0,1,0.0,426.0,0,1.0261382799325465,1.0183968462549278,1,12.976346911957949,2.1577721518987345,0,Sawaimadhopur Bye Pass Line Project,0,0,on_roster,0
400280,Railways,Ministry of Railways,ministry of railways,Tamil Nadu,6.5998704992128365,6452.0,6726.0,99.9,66.2838,-33.6162,1,1,0.0014,62.0,0,1.042467451952883,9.00131406044678,1,-6.964520367936925,,0,Phase II extension of MRTS from Velachery to St Thomas Mount,0,0,on_roster,0
613002,Railways,Ministry of Railways,ministry of railways,Tamil Nadu,6.736966958001855,1400.0,1431.0,0.0,40.38,40.38,0,0,0.0,0.0,0,1.0221428571428572,1.0183968462549278,1,-1.0183968462549278,,0,Redevelopment of Chennai Egmore Station,0,0,on_roster,0
705244,Railways,Ministry of Railways,cpm/icf,Tamil Nadu,6.255750041753367,1461.0,3043.0,0.0,36.9712,36.9712,0,0,0.0,0.0,0,2.082819986310746,51.971090670170824,1,-51.971090670170824,,0,Coach Production Factory Upgradation Project,0,0,on_roster,0
705489,Railways,Ministry of Railways,ministry of railways,Tamil Nadu,6.400971476042478,3744.0,5479.0,0.0,30.7635,30.7635,1,1,246.5873,2344.0,0,1.4634081196581197,56.99737187910644,1,20.006570302233904,4.998357963875205,1,Madurai- Tuticorin New Line,1,0,on_roster,1
617409,Railways,Ministry of Railways,rvnl - ii,Telangana,6.258357005352207,3805.0,3561.0,90.0,94.3436,4.3436,0,1,0.0,-275.0,0,0.9358738501971091,-8.015768725361367,0,-1.0183968462549278,,0,Railway Manufacturing Unit,0,0,on_roster,0
400204,Railways,Ministry of Railways,north eastern railway [ner],Uttar Pradesh,8.505278492454748,4383.0,2739.0,8.9,21.3738,12.4738,0,0,0.0,0.0,0,0.6249144421629022,-54.007884362680684,0,54.007884362680684,1.6867907542579075,0,Bahraich-Shravasti-Balrampur-Siddharthnagar -Santkabir nagar,0,0,on_roster,0
400205,Railways,Ministry of Railways,north eastern railway [ner],Uttar Pradesh,7.185955036044425,3500.0,2435.0,4.0,37.3025,33.3025,0,0,0.0,0.0,0,0.6957142857142857,-34.98685939553219,0,34.98685939553219,2.743887323943662,0,Sahjanwa-Dohrighat,0,0,on_roster,0
617213,Railways,Ministry of Railways,northern railways,Uttar Pradesh,7.810133681642895,1826.0,547.0,2.42,2.4273,0.0073,0,0,0.0,0.0,0,0.29956188389923327,-42.01708278580814,0,42.01708278580814,2.322388741204066,0,Varanasi-Pt. Deen Dayal Upadhyaya multitracking 15km including construction of new Rail-cum-Road Bridge across Ganga River.,0,0,on_roster,0
617252,Railways,Ministry of Railways,construction ner,Uttar Pradesh,6.866172578531812,1613.0,913.0,23.8,66.308,42.508,0,0,0.0,0.0,0,0.5660260384376937,-22.996057818659658,0,22.996057818659658,3.313611428571429,0,Anandnagar - Ghugli via Maharajganj New line 52.7 km,0,1,on_roster,1
617333,Railways,Ministry of Railways,east central railway [ecr] - i,Uttar Pradesh,5.303105883279834,1584.0,1278.0,0.5,2.5955,2.0955,0,0,0.0,0.0,0,0.8068181818181818,-10.052562417871222,0,10.052562417871222,9.89797385620915,0,Surface triangle line bet. Bhadura stn and new crossing stn Karma,0,0,on_roster,0
617370,Railways,Ministry of Railways,m/s src company infra private limited,Uttar Pradesh,5.2021368080740675,1402.0,1127.0,10.5,24.1614,13.6614,0,0,0.0,0.0,0,0.8038516405135521,-9.034165571616294,0,9.034165571616294,9.906836363636364,0,Doubling between Jaunpur Jn - Zaffarabad 6.28 km,0,1,on_roster,1
705567,Railways,Ministry of Railways,north eastern railway [ner],Uttar Pradesh,6.92461239604856,2677.0,3073.0,88.4,93.9275,5.5275,1,1,10.0394,426.0,0,1.1479267837131117,13.009198423127463,1,0.9855453350854139,11.770133333333328,0,Burhwal Gonda 3rd line,0,1,on_roster,1
705588,Railways,Ministry of Railways,cao/c/ii/nr,Uttar Pradesh,6.583409222158765,2677.0,3073.0,70.0,141.6683,71.6683,1,1,65.374,365.0,0,1.1479267837131117,13.009198423127463,1,-1.0183968462549278,,0,Janghai-Pratapgarh- Amethi,0,1,on_roster,1
705766,Railways,Ministry of Railways,north central railway,Uttar Pradesh,5.721753359977438,2832.0,3318.0,86.0,71.7191,-14.2809,1,1,16.936,396.0,0,1.1716101694915255,15.965834428383705,1,-2.9566360052562417,,0,Lalitpur-Birari with flyover at Lalitpur- 16 Km,0,0,on_roster,0
705772,Railways,Ministry of Railways,north central railway,Uttar Pradesh,7.882314918980268,4018.0,3774.0,71.0,72.8501,1.8501,1,1,0.0166,90.0,0,0.9392732702837232,-8.015768725361367,0,10.972404730617608,2.642994011976048,0,"Mughalsarai-Allahabad, 3rd line",0,0,on_roster,0
705774,Railways,Ministry of Railways,cao/c/ncr,Uttar Pradesh,6.63200177739563,2102.0,2557.0,83.0,62.1573,-20.8427,1,1,2.8351,789.0,0,1.2164605137963844,14.947437582128778,1,10.972404730617608,1.5493413173652695,0,Aligarh -Daud Khan Flyover Construction & 3rd Railway Line Project,0,0,on_roster,0
705777,Railways,Ministry of Railways,north central railway [ncr] - ii,Uttar Pradesh,5.526169813589981,2041.0,2100.0,9.0,55.7559,46.7559,0,1,0.0,365.0,0,1.02890739833415,1.938239159001314,1,10.052562417871222,9.052418300653596,0,Bhandai - Flyover for Etawah bound down train- 10 Km,0,0,on_roster,0
705780,Railways,Ministry of Railways,rvnl - i,Uttar Pradesh,7.835974581721566,2467.0,2953.0,96.5,85.5803,-10.9197,1,1,0.0182,547.0,0,1.1970004053506282,15.965834428383705,1,2.0039421813403417,1.7465573770491802,0,Bhatni-Aurnihar with electrification excluding Indara-Mau,0,0,on_roster,0
705782,Railways,Ministry of Railways,ministry of railways,Uttar Pradesh,6.0112671744041615,2251.0,2647.0,77.0,100.6241,23.6241,0,1,0.0,518.0,0,1.1759218125277655,13.009198423127463,1,4.0078843626806835,5.738688524590164,0,Barabanki-Malhaur 3rd & 4th Railway Line Project,0,1,on_roster,1
400247,Railways,Ministry of Railways,eastern railway [er] - i,West Bengal,6.90875477931522,4233.0,3927.0,74.5,106.508,32.008,0,1,0.0,394.0,0,0.927710843373494,-10.052562417871222,0,22.996057818659658,1.1088857142857143,0,Kalinarayanpur-Krishnanagar Doubling Alongwith Krishnanagar - Chapra New Line And Naihati-Ranaghat 3rd Line.,0,1,on_roster,1
400273,Railways,Ministry of Railways,eastern railway [er] - i,West Bengal,7.081708586105575,6574.0,9162.0,96.9,90.1809,-6.7191,1,1,29.6888,2529.0,0,1.393672041375114,85.0197109067017,1,-1.938239159001314,,0,Tarakeshwar-Bishnupur New Line [82.47 km],0,1,on_roster,1
612096,Railways,Ministry of Railways,northeast frontier railway [nfr],West Bengal,7.098375638590786,5934.0,5600.0,16.0,41.5591,25.5591,1,0,-2.2688,0.0,0,0.9437141894169194,-10.972404730617608,0,10.972404730617608,7.655568862275449,0,Construction of Balurghat-Hilli new BG Line,0,0,on_roster,0
619184,Roads & Highways,Ministry of Road Transport & Highways,nhidcl,Andaman & Nicobar,5.339699204326806,2769.0,2981.0,78.01,0.0,-78.01,1,1,81.4799,242.0,0,1.0765619357168652,6.964520367936925,1,0.9855453350854139,22.312519999999996,0,"Rehabilitation and up-gradation of section to Intermediate/2-Lane with hard shoulder from Km 107.760 to Km 129.445 After Middle strait to Humphrey, Km 130.600 to Km 138.00 After Humphrey to Kadamtala & Km 155.00 to Km 181.0 End of Jarwa to Rangat of NH-04 in UT of A&N on EPC Package-IIIA",1,0,on_roster,1
619185,Roads & Highways,Ministry of Road Transport & Highways,nhidcl,Andaman & Nicobar,5.217974613865498,2799.0,2981.0,47.28,0.0,-47.28,1,1,81.4774,212.0,0,1.0650232225794927,5.978975032851511,1,0.9855453350854139,53.49322666666667,0,Rehabilitation and up-gradation and completion of balance work of section from Km 155.00 to Km 181.00 End of Jarwa to Rangat of NH -4 Total length 26 Km to Intermediate Lane/2-lane with hard shoulders in the UT of A&N Islands on EPC basis - Package-III.B Balance work,1,0,on_roster,1
619186,Roads & Highways,Ministry of Road Transport & Highways,nhidcl,Andaman & Nicobar,5.575797576515221,3990.0,4049.0,12.64,0.0,-12.64,1,1,41.4207,303.0,0,1.0147869674185463,1.938239159001314,1,8.015768725361367,10.898518032786885,0,Construction of Balance works of Major Bridge over Middle Strait Creek between Km.106.590 to km108.553 of NH-04 connecting South Andaman & Baratang Island in the Union Territory of Andaman & Nicobar Islands on EPC basis,0,0,on_roster,0
617984,Roads & Highways,Ministry of Road Transport & Highways,morth,Andhra Pradesh,5.762742967479711,1157.0,1492.0,73.46,0.0,-73.46,0,1,0.0,549.0,0,1.2895419187554018,11.005256241787121,1,7.030223390275952,3.775128971962618,0,"Gudivada Town 2 RoB, and Road improvement NH-165",1,0,on_roster,1
617985,Roads & Highways,Ministry of Road Transport & Highways,morth,Andhra Pradesh,6.2738953557770625,1340.0,2222.0,69.62,0.0,-69.62,1,1,11.1625,1277.0,0,1.6582089552238806,28.97503285151117,1,12.976346911957949,2.3411827848101265,0,Widening to two lane with paved shoulders from Km 0/0 to 64/020 Pamarru to Akiveedu,0,0,on_roster,0
617986,Roads & Highways,Ministry of Road Transport & Highways,morth,Andhra Pradesh,5.682320471356869,1371.0,1127.0,82.57,0.0,-82.57,0,0,0.0,0.0,0,0.8220277169948942,-8.015768725361367,0,8.015768725361367,2.1744639344262304,0,Kurnool/Kadapa Border-Jammalamadugu section of NH-167K i.e. Design Ch. Km 248010 to km 269900 to 2,0,0,on_roster,0
617987,Roads & Highways,Ministry of Road Transport & Highways,morth,Andhra Pradesh,6.540755791324192,1065.0,547.0,40.49,0.0,-40.49,0,0,0.0,0.0,0,0.5136150234741784,-17.017082785808146,0,17.017082785808146,3.4970741312741316,0,Nandyala-Kurnool/Kadapa Border section of NH-167K i.e. Km 186/000 to Km 250/000Design Ch.186000 to 248010 to 2LPS,0,0,on_roster,0
617988,Roads & Highways,Ministry of Road Transport & Highways,morth,Andhra Pradesh,6.6556591166553485,1003.0,547.0,20.94,0.0,-20.94,1,0,-17.0104,0.0,0,0.5453639082751744,-14.98028909329829,0,14.98028909329829,5.277601754385965,0,Sangameswaram - Atmakuru section from Km 96 to Km 124 & Velegodu- Nandyal section including Nandyal Bypass from Km 143/6 to 185/9 NH-167K,0,0,on_roster,0
617991,Roads & Highways,Ministry of Road Transport & Highways,morth,Andhra Pradesh,5.673838598283129,911.0,3438.0,91.9,48.3302,-43.5698,0,1,0.0,2710.0,0,3.773874862788145,83.01576872536137,1,6.011826544021025,1.347344262295081,0,"Rehabilitation and up-gradation of NH-167 from Km 14/900 to Km70/000 Design Ch. 14/900 to 69/700 Chintakunta to Adoni section to two lane with paved shoulders in the State of Andhra Pradesh under Corridor Approach through Engineering, Procurement",1,0,on_roster,1
618013,Roads & Highways,Ministry of Road Transport & Highways,morth,Andhra Pradesh,7.185076361271757,1127.0,1278.0,79.5,37.5631,-41.9369,1,1,-31.0483,212.0,0,1.1339840283939664,4.9605781865965834,1,2.0039421813403417,10.22983606557377,0,4-laning of Puttaparthi-Koduru Section of NH-342,1,0,on_roster,1
618037,Roads & Highways,Ministry of Road Transport & Highways,morth,Andhra Pradesh,6.088636628860241,882.0,1582.0,82.0,49.7413,-32.2587,1,1,-18.2575,761.0,0,1.7936507936507937,22.996057818659658,1,2.0039421813403417,8.982295081967212,0,Rehabilitation and Up-gradation of existin of road from 2-lane to 2-lane with paved shoulders from km. 0.00 to km 53.590 total length-53.590 km of Raychoti to Vempalli section of NH-440 in the State of Andhra Pradesh on EPC mode.,1,0,on_roster,1
618052,Roads & Highways,Ministry of Road Transport & Highways,morth,Andhra Pradesh,6.696663808692069,1034.0,547.0,18.72,0.0,-18.72,0,0,0.0,0.0,0,0.5290135396518375,-15.99868593955322,0,15.99868593955322,5.080417248459959,0,Gorantla - Hindupur section from Km 120/300 to 165/000 of NH716G in the State of Andhra Pradesh,0,0,on_roster,0
618053,Roads & Highways,Ministry of Road Transport & Highways,morth,Andhra Pradesh,6.928508434775093,1034.0,547.0,20.63,0.0,-20.63,0,0,0.0,0.0,0,0.5290135396518375,-15.99868593955322,0,15.99868593955322,4.961032443531828,0,Muddanur to B. Kothapalli section of NH-716G from Km. 0/000 to Km. 56/500 56.500 Km in the State of Andhra Pradesh on EPC mode Job no. 741,0,0,on_roster,0
618101,Roads & Highways,Ministry of Road Transport & Highways,morth,Andhra Pradesh,6.782883426932149,912.0,547.0,36.82,0.0,-36.82,0,0,0.0,0.0,0,0.5997807017543859,-11.990801576872535,0,11.990801576872535,5.26903890410959,0,Kondamodu to Perecherla Section Design Ch. Km 000 to Km 49917 of NH-167AG to to 4LPS,0,0,on_roster,0
618103,Roads & Highways,Ministry of Road Transport & Highways,morth,Andhra Pradesh,5.635824781472974,1492.0,1492.0,88.25,55.505,-32.745,0,1,0.0,61.0,0,1.0,0.0,0,2.0039421813403417,5.863442622950819,0,Rehabilitation and upgradation from Km 22300 to 58635 of MudireddyPalle to Kadapa/Nellore Border via porumamilla Section of NH 167 Two Lane with paved Shoulder in,0,0,on_roster,0
618125,Roads & Highways,Ministry of Road Transport & Highways,morth,Andhra Pradesh,5.435118408040182,731.0,2953.0,100.0,19.4683,-80.5317,0,1,0.0,2040.0,0,4.039671682626539,72.99605781865965,1,-5.978975032851511,,0,Rehabilitation and upgradation of NH 326A from km 0/0 to 41/979 excluding km 2/255 to 3/372 and km 36/820 to 38/275 Odisha border to Narasamapeta to two lane with paved Shoulders in the State of Andhra Pradesh under NHO on EPC Mode,0,0,on_roster,0
618193,Roads & Highways,Ministry of Road Transport & Highways,morth,Andhra Pradesh,5.912502505304687,1065.0,821.0,22.55,10.1375,-12.4125,0,0,0.0,0.0,0,0.7708920187793428,-8.015768725361367,0,8.015768725361367,9.662204918032787,0,Widening of Existing Road to Two Lane with Paved Shoulder Configuration from Km 0.00 to 26.000 & Km 45.200 To 59.622 Of NH 365BB in the State of Andhra Pradesh Under Annual Plan 2023-24 through EPC Mode,0,0,on_roster,0
618194,Roads & Highways,Ministry of Road Transport & Highways,morth,Andhra Pradesh,5.687415937235904,702.0,2953.0,98.52,109.4991,10.9791,1,1,-3.0055,2039.0,0,4.206552706552706,73.94875164257556,1,-6.964520367936925,,0,Rehabilitation and upgradation of New NH 544DD from design Chainage Km. 56/000 to 102/20 of Kalyandrg - Molakalmuru Section,0,0,on_roster,0
618236,Roads & Highways,Ministry of Road Transport & Highways,morth,Andhra Pradesh,5.759091030415082,820.0,3712.0,100.0,76.4476,-23.5524,1,1,-8.6376,2010.0,0,4.5268292682926825,95.0065703022339,1,-28.97503285151117,,0,Rehabilitation and Up-gradation of Dhindi - Digamarru section from Km 126/510 to Km 135/740 of NH -214New NH -216 and digamarru -Losari section from Km 0/000 tp Km 34/230 of NH-214 ANew Nh-216 to two lane with paved shoulder in the state of AP- NH,0,0,on_roster,0
618238,Roads & Highways,Ministry of Road Transport & Highways,morth,Andhra Pradesh,5.862522606817267,699.0,3530.0,98.2,54.0343,-44.1657,1,1,23.4734,2922.0,0,5.0,93.00262812089356,1,2.9894875164257555,0.6021098901098891,0,Rehabilitation and Up-gradation of Thimmapuram to Gurajanapalli section from Km 26/150 to Km 41/161 of NH - 214 New NH - 216 to two lane with paved shoulder in the state of Andhra Pradesh under NHDP-IV,1,0,on_roster,1
618239,Roads & Highways,Ministry of Road Transport & Highways,morth,Andhra Pradesh,6.100812103943264,914.0,3683.0,98.6,0.0,-98.6,1,1,3.1782,2495.0,0,4.029540481400438,90.9658344283837,1,-9.00131406044678,,0,"Rehabilitation & Upgradation of NH214New NH-216 from Km 34/230 to Km 84/550 Losari to Machavaram Section to two lane with paved shoulder in the state of Andhrapradesh under NHDP-IV through Engineering, Procurement& Construction EPC mode.",0,0,on_roster,0
618254,Roads & Highways,Ministry of Road Transport & Highways,morth,Andhra Pradesh,5.503011774193717,1218.0,1127.0,13.0,4.7744,-8.2256,0,1,0.0,153.0,0,0.9252873563218391,-2.9894875164257555,0,8.015768725361367,10.853606557377049,0,Construction of Paderu bypass Km 0000 to Km 13000 of 2- lane with paved shoulder on NH-516E,0,0,on_roster,0
618255,Roads & Highways,Ministry of Road Transport & Highways,morth,Andhra Pradesh,5.892306975574764,2040.0,2191.0,43.22,30.5823,-12.6377,1,1,-0.8831,365.0,0,1.0740196078431372,4.9605781865965834,1,7.030223390275952,8.076557009345795,0,Two laning with paved shoulders of Lambasingi to Paderusection of NH 516E,1,0,on_roster,1
618256,Roads & Highways,Ministry of Road Transport & Highways,morth,Andhra Pradesh,5.74370806752852,1522.0,2069.0,91.25,62.6984,-28.5516,0,1,0.0,577.0,0,1.3593955321944808,17.969776609724047,1,0.9855453350854139,8.878333333333334,0,"Rehabilitation and Upgradation to 2-lane with paved should ders Sir, configuration of Chaprathipalem to Lambasingi section Km 165500 to Km 205000 of NH-516E in the State of Andhra Pradesh under Green National Highways Corridor Project GNHCP with the loan assistance of World Bank on EPC mode",1,0,on_roster,1
618257,Roads & Highways,Ministry of Road Transport & Highways,morth,Andhra Pradesh,5.85876138283622,1430.0,2069.0,100.0,69.2891,-30.7109,0,1,0.0,608.0,0,1.446853146853147,20.992115637319316,1,-1.0183968462549278,,0,Rehabilitation and Upgradation to 2-lane with paved shoulders configuration of Koyyuru to Chaprathipalem section Km 120000 to Km 165500 of NH-516E in the State of Andhra Pradesh under Green National Highways Corridor Project GNHCP with the loan assistance of World Bank on EPC mode,1,0,on_roster,1
618412,Roads & Highways,Ministry of Road Transport & Highways,nhidcl,Andhra Pradesh,8.826101876815216,3165.0,3012.0,66.05,47.2083,-18.8417,0,1,0.0,518.0,0,0.9516587677725118,-5.026281208935611,0,22.043363994743757,1.540146050670641,0,Construction of i Connecting Road from Z-Morh Tunnel to Zojila Tunnel Road Length 18.475km and ii 14.150 Km long 2-L Bi-directional single tube Zoji-la Tunnel across Zojila Pass on Sonamarg - Kargil section from Km 82 to Km 118 of NH-01 under PMDP,0,0,on_roster,0
618475,Roads & Highways,Ministry of Road Transport & Highways,national highways authority of india [nhai],Andhra Pradesh,7.843472096681394,1581.0,1885.0,92.14,48.1488,-43.9912,0,1,0.0,457.0,0,1.1922833649588869,9.986859395532194,1,5.026281208935611,1.5637803921568627,0,Bangalore Chennai Expressway Phase-II Pkg-II from km.96.000 to Km 127.000 Baireddypalle to Bangarupalem section,0,0,on_roster,0
618476,Roads & Highways,Ministry of Road Transport & Highways,national highways authority of india [nhai],Andhra Pradesh,7.250159884256458,1430.0,1977.0,99.46,48.9928,-50.4672,0,1,0.0,577.0,0,1.3825174825174824,17.969776609724047,1,0.9855453350854139,0.5479200000000064,0,Bangalore Chennai Expressway Phase-II Pkg-III from km.127.000 to Km 156.000 Bangarupalem to Gudipala section,1,0,on_roster,1
618524,Roads & Highways,Ministry of Road Transport & Highways,national highways authority of india [nhai],Andhra Pradesh,5.556750838640694,973.0,639.0,34.5,24.0653,-10.4347,1,0,-25.2461,0.0,0,0.656731757451182,-10.972404730617608,0,10.972404730617608,5.969520958083833,0,Construction of 6 lane elevated corridor including its approaches from Km. 629880 to Km. 634470 Design Chainage of NH-16 in Ranasthalam Town portion in the state of Andhra Pradesh on EPC Mode under NHO.,1,0,on_roster,1
618525,Roads & Highways,Ministry of Road Transport & Highways,national highways authority of india [nhai],Andhra Pradesh,5.79182387654356,944.0,396.0,8.8,5.9026,-2.8974,1,0,-31.6341,0.0,0,0.4194915254237288,-18.00262812089356,0,18.00262812089356,5.06592700729927,0,Construction of flyover at Gammon Junction at Km.903.265 on NH16 including vent at Diwancheruvu junction at Km.902.308 Blackspot ID No.AP03299 in Andhra Pradesh on EPC mode under NHO,0,0,on_roster,0
618526,Roads & Highways,Ministry of Road Transport & Highways,national highways authority of india [nhai],Andhra Pradesh,6.502175164260966,1004.0,2739.0,95.73,76.9378,-18.7922,0,1,0.0,1765.0,0,2.7280876494023905,56.99737187910644,1,0.9855453350854139,4.332626666666663,0,6L of Gundugolanu Design km 1023.280 to Kalaparru Design km 1050.680 of NH-5 New NH-16,1,0,on_roster,1
618579,Roads & Highways,Ministry of Road Transport & Highways,national highways authority of india [nhai],Andhra Pradesh,7.8351837552667485,1277.0,3012.0,100.0,33.6302,-66.3698,1,1,17.0261,1765.0,0,2.3586530931871574,56.99737187910644,1,0.9855453350854139,0.0,0,6L of Anandapuram Pendurthi Anakapalli Section from km. 681.000 to km. 731.780 of NH-16,1,0,on_roster,1
618629,Roads & Highways,Ministry of Road Transport & Highways,national highways authority of india [nhai],Andhra Pradesh,6.033254073418364,577.0,3073.0,98.47,24.8887,-73.5813,1,1,6.8522,2526.0,0,5.0,81.99737187910644,1,0.9855453350854139,1.5524400000000012,0,Nandigama Bypass and Kanchikacherla bypass,1,0,on_roster,1
618633,Roads & Highways,Ministry of Road Transport & Highways,national highways authority of india [nhai],Andhra Pradesh,7.457990059683226,1917.0,1217.0,0.0,0.0017,0.0017,0,0,0.0,0.0,0,0.6348461137193532,-22.996057818659658,0,22.996057818659658,4.348571428571429,1,4L of Kadapa China Orampadu section of NH-716 Package I of Kadapa-Renigunta section,0,0,on_roster,0
618682,Roads & Highways,Ministry of Road Transport & Highways,national highways authority of india [nhai],Andhra Pradesh,7.015443084399054,1095.0,1885.0,99.26,72.9566,-26.3034,1,1,1.3418,881.0,0,1.721461187214612,25.952693823915897,1,2.9894875164257555,0.24753406593406424,0,6L Korlam-Kantakapalle Section of NH-130CD Road from Km 421.100 to Km 445.100 Pkg-3,1,0,on_roster,1
618700,Roads & Highways,Ministry of Road Transport & Highways,national highways authority of india [nhai],Andhra Pradesh,7.53052827734174,1401.0,2222.0,98.6,59.2812,-39.3188,1,1,34.7299,851.0,0,1.5860099928622413,26.971090670170828,1,0.9855453350854139,1.4205333333333392,0,Renigunta - Poyya - Naidupeta km 124.60 to km 183.4 of NH 71,1,0,on_roster,1
618712,Roads & Highways,Ministry of Road Transport & Highways,national highways authority of india [nhai],Andhra Pradesh,6.817764923785166,1127.0,1186.0,85.01,41.735,-43.275,1,1,-12.5627,303.0,0,1.0523513753327418,1.938239159001314,1,8.015768725361367,1.8700639344262289,0,6L Access Controlled Greenfield Highway from Kodur Ch. 0000 to Vanavolu Ch. 24300 of [NH-544G] Package-1,1,0,on_roster,1
618713,Roads & Highways,Ministry of Road Transport & Highways,national highways authority of india [nhai],Andhra Pradesh,7.091259469522378,1096.0,1155.0,38.41,21.43,-16.98,1,1,-15.0556,424.0,0,1.0538321167883211,1.938239159001314,1,11.990801576872535,5.136437260273974,0,6L Access Controlled Greenfield Highway from Yerragudipadu Ch. 129000 to Audireddipalle Ch. 160000 of [NH 544G] Package-6,1,0,on_roster,1
618714,Roads & Highways,Ministry of Road Transport & Highways,national highways authority of india [nhai],Andhra Pradesh,7.134301036224746,1461.0,1520.0,62.02,30.9624,-31.0576,1,1,-12.5656,303.0,0,1.0403832991101984,1.938239159001314,1,8.015768725361367,4.738160655737705,0,6L Access Controlled Greenfield Highway from Nallacheruvu palli Ch. 96300 to Yerragudipadu Ch. 129000 of [NH-544G] Package-5,1,0,on_roster,1
618715,Roads & Highways,Ministry of Road Transport & Highways,national highways authority of india [nhai],Andhra Pradesh,6.9659298430332095,1127.0,1186.0,73.93,39.9292,-34.0008,1,1,-10.6526,365.0,0,1.0523513753327418,1.938239159001314,1,10.052562417871222,2.5933686274509795,0,6L Access Controlled Greenfield Highway from Odulapalle Ch. 72000 to Nallacheruvu- palli Ch. 96300 of [NH-544G]Package-4,1,0,on_roster,1
618716,Roads & Highways,Ministry of Road Transport & Highways,national highways authority of india [nhai],Andhra Pradesh,6.901646659297728,1186.0,1217.0,73.1,36.0129,-37.0871,1,1,-10.5589,275.0,0,1.0261382799325465,1.0183968462549278,1,8.015768725361367,3.3558852459016397,0,6L Access Controlled Greenfield Highway from Vankarakunta Ch. 45700 to Odulapalle Ch. 72000 of [NH-544G]Package-3,1,0,on_roster,1
618717,Roads & Highways,Ministry of Road Transport & Highways,national highways authority of india [nhai],Andhra Pradesh,6.622483632451564,1155.0,1186.0,82.18,36.1232,-46.0568,1,1,-16.5022,245.0,0,1.0268398268398269,1.0183968462549278,1,7.030223390275952,2.534770093457943,0,6L Access Controlled Greenfield Highway from Vanavolu Ch. 24300 to Vankarakunta Ch. 45700 of [NH-544G] Package-2,1,0,on_roster,1
618718,Roads & Highways,Ministry of Road Transport & Highways,national highways authority of india [nhai],Andhra Pradesh,6.996846158972545,1461.0,1155.0,36.0,18.7087,-17.2913,1,1,-12.432,59.0,0,0.7905544147843943,-10.052562417871222,0,11.990801576872535,5.337424657534247,0,6L Access Controlled Greenfield Highway from Kavulakuntla Ch. 196000 to Narayanmpet Ch. 203500Package-09,1,0,on_roster,1
618719,Roads & Highways,Ministry of Road Transport & Highways,national highways authority of india [nhai],Andhra Pradesh,6.8134665772913605,1096.0,1155.0,56.01,34.2613,-21.7487,1,1,-17.2944,334.0,0,1.0538321167883211,1.938239159001314,1,9.034165571616294,4.869293090909092,0,6L Access Controlled Greenfield Highway from Mallapalle Ch. 176000 to Kavulakuntla Ch. 196000 Package-08,1,0,on_roster,1
618720,Roads & Highways,Ministry of Road Transport & Highways,national highways authority of india [nhai],Andhra Pradesh,6.895783907200917,1124.0,1155.0,65.77,35.0211,-30.7489,1,1,-14.0857,337.0,0,1.0275800711743772,1.0183968462549278,1,10.052562417871222,3.405101960784314,0,6L Access Controlled Greenfield Highway from Audireddipalle Ch. 160000 to Mallapalle Ch. 176000Package-07,1,0,on_roster,1
618721,Roads & Highways,Ministry of Road Transport & Highways,national highways authority of india [nhai],Andhra Pradesh,7.1652229593403005,1096.0,1155.0,58.42,28.804,-29.616,1,1,-14.1044,334.0,0,1.0538321167883211,1.938239159001314,1,9.034165571616294,4.602528,0,6L Access Controlled Greenfield Highway from Chandrasekharapuram Ch. 228000 to Polavaram Ch. 260000of [NH-544G] Package-11,1,0,on_roster,1
618759,Roads & Highways,Ministry of Road Transport & Highways,national highways authority of india [nhai],Andhra Pradesh,6.970326240743634,1219.0,1431.0,90.4,45.5307,-44.8693,1,1,3.7891,242.0,0,1.173913043478261,6.964520367936925,1,0.9855453350854139,9.740799999999995,0,4L PS Mydukur - Badvel from Km 585.820 to Km 630.960 of NH-67,1,0,on_roster,1
618777,Roads & Highways,Ministry of Road Transport & Highways,national highways authority of india [nhai],Andhra Pradesh,7.538212894697518,1341.0,1492.0,98.84,41.5316,-57.3084,1,1,-68.4229,212.0,0,1.1126025354213274,4.9605781865965834,1,2.0039421813403417,0.578859016393441,0,4L of Pileru to Kalur Section from Km 55.900 to Km 92.800 & Km 94.500 to Km 95.717 of NH-71Package-II,1,0,on_roster,1
618778,Roads & Highways,Ministry of Road Transport & Highways,national highways authority of india [nhai],Andhra Pradesh,7.538212894697518,1065.0,1520.0,94.9,57.468,-37.432,1,1,6.2121,516.0,0,1.4272300469483568,14.947437582128778,1,2.0039421813403417,2.5449836065573743,0,4L of Madanapalle to Pileru Section from Km 0.000 to Km 55.900 of NH-71Package-I,1,0,on_roster,1
618803,Roads & Highways,Ministry of Road Transport & Highways,national highways authority of india [nhai],Andhra Pradesh,6.471774260750772,1065.0,1308.0,90.5,79.3242,-11.1758,1,1,16.1966,273.0,0,1.228169014084507,7.982917214191852,1,0.9855453350854139,9.639333333333333,0,Development of 4L Road from Samarlakota to Achampeta Junction as part of Kakinada Port Connectivity to NH-16 Rajanagaram Junction in East Godavari District,1,0,on_roster,1
618804,Roads & Highways,Ministry of Road Transport & Highways,national highways authority of india [nhai],Andhra Pradesh,5.85713283431269,1006.0,2953.0,77.93,54.1012,-23.8288,1,1,-2.1106,2069.0,0,2.9353876739562623,63.96189224704336,1,4.0078843626806835,5.5066459016393425,0,Dedicated Port road to Krishnapatnam Port Package-I from Km. 0.000 to Km. 18.000,1,0,on_roster,1
618805,Roads & Highways,Ministry of Road Transport & Highways,national highways authority of india [nhai],Andhra Pradesh,6.885847036433257,1157.0,486.0,4.0,6.6201,2.6201,0,0,0.0,0.0,0,0.42005185825410546,-22.043363994743757,0,22.043363994743757,4.3550521609538,0,6L Connectivity to Port Road from Sabbavaram Sheelanagar-NH516C,0,0,on_roster,0
618806,Roads & Highways,Ministry of Road Transport & Highways,national highways authority of india [nhai],Andhra Pradesh,6.532319736075652,1127.0,1186.0,79.0,67.6497,-11.3503,1,1,-0.8426,120.0,0,1.0523513753327418,1.938239159001314,1,2.0039421813403417,10.479344262295081,0,Improvement of 4L road to 6L road and 4L dedicated Port Roads for the Port connectivity road from Convent junction to Sheelanagar Junction,1,0,on_roster,1
618807,Roads & Highways,Ministry of Road Transport & Highways,national highways authority of india [nhai],Andhra Pradesh,6.414163626862126,1127.0,1339.0,78.62,90.2104,11.5904,1,1,-8.1141,273.0,0,1.1881100266193434,6.964520367936925,1,2.0039421813403417,10.668970491803275,0,"4L Greenfield Road connecting North and South industrial cluster of Khandaleru Creek near Krishnapatnam port at Thamminapatnam to Mollur from Km 0.0 to Km 16.046, Part I & 6L extension of dedicated port road of NH-67 Km 18.0 to Km 19.3, Part II",1,0,on_roster,1
618826,Roads & Highways,Ministry of Road Transport & Highways,national highways authority of india [nhai],Andhra Pradesh,6.812081032913731,1004.0,1278.0,91.4,49.5077,-41.8923,1,1,-0.1961,304.0,0,1.2729083665338645,9.00131406044678,1,0.9855453350854139,8.726133333333328,0,4 Laning of NH-544D from Km 0.000 to km 37.000 of Anantapur- Muchukota section Pkg-1,1,0,on_roster,1
618827,Roads & Highways,Ministry of Road Transport & Highways,national highways authority of india [nhai],Andhra Pradesh,7.001764613053414,1035.0,1278.0,70.68,33.8211,-36.8589,1,1,-3.8576,334.0,0,1.2347826086956522,7.982917214191852,1,2.9894875164257555,9.807701098901097,0,4 Laning of NH-544D from Km 37.000 to km 69.000 of Muchukota- Bugga section Pkg-2,1,0,on_roster,1
618920,Roads & Highways,Ministry of Road Transport & Highways,national highways authority of india [nhai],Andhra Pradesh,7.206243751398904,1005.0,761.0,34.98,13.5801,-21.3999,1,1,-6.4188,62.0,0,0.7572139303482587,-8.015768725361367,0,10.052562417871222,6.468002614379086,0,Access Controlled Highway of 4 Lane with Paved Shoulders from TN/AP Border Design Chainage Km 6151 to Puttur Design Chainage Km 81540 of NH-716 & 6 Lane with Paved Shoulders from Mallavaram to Renigunta,0,0,on_roster,0
619076,Roads & Highways,Ministry of Road Transport & Highways,national highways authority of india [nhai],Andhra Pradesh,7.36659684352168,1127.0,2282.0,98.2,49.6356,-48.5644,1,1,19.1287,1185.0,0,2.0248447204968945,37.943495400788436,1,0.9855453350854139,1.8263999999999971,0,Six Laning of Vijayawada Bypass from Chinna Avutapalli to Gollapudi in Vijayawada - Gundugolanu Section from km. 0.00 to km. 30.00 Pkg-III,1,0,on_roster,1
619102,Roads & Highways,Ministry of Road Transport & Highways,national highways authority of india [nhai],Andhra Pradesh,7.313960113425301,1917.0,1217.0,0.0,0.0113,0.0113,0,0,0.0,0.0,0,0.6348461137193532,-22.996057818659658,0,22.996057818659658,4.348571428571429,1,4 L of China Orampadu-Renigunta section of NH-716 Package-II of Kadapa- Renigunta section,0,0,on_roster,0
619111,Roads & Highways,Ministry of Road Transport & Highways,national highways authority of india [nhai],Andhra Pradesh,6.735197897101547,1124.0,1885.0,99.32,65.3841,-33.9359,0,1,0.0,791.0,0,1.6770462633451957,25.0,1,0.9855453350854139,0.6899733333333403,0,6L Jakkuva Korlam Section of NH-130CD Road from km 396.800 to km 421.100 Pkg 2,1,0,on_roster,1
619112,Roads & Highways,Ministry of Road Transport & Highways,national highways authority of india [nhai],Andhra Pradesh,6.921234031094567,1338.0,1885.0,81.06,56.1077,-24.9523,0,1,0.0,791.0,0,1.4088191330343798,17.969776609724047,1,8.015768725361367,2.3628426229508195,0,6L Kantakapalle Sabbavaram Section of NH-130CD Road from Km 445.100 to Km 464.662 Pkg-4,0,0,on_roster,0
619123,Roads & Highways,Ministry of Road Transport & Highways,national highways authority of india [nhai],Andhra Pradesh,6.702770848283837,1096.0,1155.0,61.5,28.9866,-32.5134,1,1,-16.647,303.0,0,1.0538321167883211,1.938239159001314,1,8.015768725361367,4.803032786885246,0,6L Access Controlled Greenfield Highway from Narayanmpet Ch. 203500 to Chandrasekharpuram Ch. 228000Package-10,1,0,on_roster,1
619124,Roads & Highways,Ministry of Road Transport & Highways,national highways authority of india [nhai],Andhra Pradesh,6.617790603372804,1096.0,1155.0,69.6,36.3671,-33.2329,1,1,-16.1196,273.0,0,1.0538321167883211,1.938239159001314,1,7.030223390275952,4.324186915887852,0,6L Access Controlled Greenfield Highway from Polavaram Ch. 260000 to Marripudi Ch. 285500 of [NH-544G]Package-12,1,0,on_roster,1
619125,Roads & Highways,Ministry of Road Transport & Highways,national highways authority of india [nhai],Andhra Pradesh,7.007510112119129,1096.0,1155.0,43.16,20.9143,-22.2457,1,1,-14.5158,393.0,0,1.0538321167883211,1.938239159001314,1,10.972404730617608,5.180268263473054,0,6L Access Controlled Greenfield Highway from Somavarappadu Ch.314.600 to Muppavaram Ch.343240 of [NH-544G] Package-14,1,0,on_roster,1
619126,Roads & Highways,Ministry of Road Transport & Highways,national highways authority of india [nhai],Andhra Pradesh,6.8849062160094165,1096.0,1155.0,73.0,36.7255,-36.2745,1,1,-18.1993,212.0,0,1.0538321167883211,1.938239159001314,1,5.026281208935611,5.371764705882353,0,6L Access Controlled Greenfield Highway from Marripudi Ch. 285500 to Somavarappadu Ch. 314600 of [NH-544G] Package-13,1,0,on_roster,1
619140,Roads & Highways,Ministry of Road Transport & Highways,national highways authority of india [nhai],Andhra Pradesh,7.244113223357954,1157.0,1339.0,43.4,30.7649,-12.6351,1,1,-30.9728,488.0,0,1.1573033707865168,5.978975032851511,1,10.052562417871222,5.63040522875817,0,6L of Naidupeta Junction - Turpukanupur Section from km 57.046 to km 91.927,1,0,on_roster,1
619141,Roads & Highways,Ministry of Road Transport & Highways,national highways authority of india [nhai],Andhra Pradesh,6.762960694078903,1218.0,1339.0,50.17,36.1717,-13.9983,1,1,-2.2923,335.0,0,1.0993431855500821,3.9750328515111693,1,7.030223390275952,7.087968224299066,0,Construction of four lane access controlled highway from Chillakuru cross road to Turpu KanupurPart 1 of Package - II km 0.000 131.500 of NH - 16 to km 23.770 on New NH-516W including sixlane flyover and approaches on NH-16 length km 1.050 and six lane access controlled from TurpuKanupur to Port South Gate Part 2 of Package - II km 23.770 to km 35.015 on New NH-516W inthe state of Andhra Pradesh on HAM Mode under Bharatmala Pariyojana Phase I,0,0,on_roster,0
619160,Roads & Highways,Ministry of Road Transport & Highways,national highways authority of india [nhai],Andhra Pradesh,5.121102747122227,823.0,1278.0,100.0,86.6032,-13.3968,1,1,-31.864,365.0,0,1.5528554070473877,14.947437582128778,1,-2.9566360052562417,,0,Balance works in AP Portion and punch list items in TN & AP portion of NH-205,0,0,on_roster,0
617892,Roads & Highways,Ministry of Road Transport & Highways,morth,Arunachal Pradesh,6.112907543595853,1706.0,2588.0,96.61,68.4811,-28.1289,0,1,0.0,912.0,1,1.5169988276670574,28.97503285151117,1,0.9855453350854139,3.4397200000000008,0,Construction of 2-lane road of Potin to Pangin section of NH-13 from Km 163.59 to Km 206.66 Package-5 on EPC Mode in the State of Arunachal Pradesh under Arunachal Pradesh Package of Roads and Highways of SARDP-NE [Job No SARDP-NE/P- P/Pkg-A/NH-13/Ar.Pr./PWD/2018-19/116],1,0,on_roster,1
618401,Roads & Highways,Ministry of Road Transport & Highways,nhidcl,Arunachal Pradesh,7.258179729221355,1612.0,790.0,1.7,0.0,-1.7,0,0,0.0,0.0,1,0.49007444168734493,-27.003942181340342,0,27.003942181340342,3.6402092457420925,0,"Construction of Intermediate Lane with Hard Shoulder of Hunli to Hayuliang Package- III from design Km 60.000 to Km 121.500 Design Length 61.500 km, Greenfield Section of Frontier Highway NH-913 in the State of Arunachal Pradesh on EPC Mode Pkg-3",0,0,on_roster,0
618402,Roads & Highways,Ministry of Road Transport & Highways,nhidcl,Arunachal Pradesh,7.141585523631471,1461.0,790.0,16.75,18.5206,1.7706,0,1,0.0,29.0,1,0.54072553045859,-22.043363994743757,0,22.996057818659658,3.6201857142857143,0,"Construction of Intermediate Lane with Hard Shoulder of Hunli to Hayuliang from Design Km 0.000 to Km 53.000 Design Length 53.000 km, Greenfield Section of Frontier Highway NH-913 in the State of Arunachal Pradesh on EPC Mode Package-I",0,0,on_roster,0
618403,Roads & Highways,Ministry of Road Transport & Highways,nhidcl,Arunachal Pradesh,5.6222108209623896,1065.0,790.0,49.23,0.0,-49.23,0,0,0.0,0.0,1,0.7417840375586855,-9.034165571616294,0,9.034165571616294,5.6197774545454555,0,Construction of Intermediate Lane Road with hard shoulder from design Km 0.000 to Km 17.387 Total length 17.387 km of Hunli to Ithun Bridge section on NH-913 Frontier Highway in State of Arunachal Pradesh on EPC mode under NHO-NE,0,0,on_roster,0
618404,Roads & Highways,Ministry of Road Transport & Highways,nhidcl,Arunachal Pradesh,6.440324337535335,1431.0,852.0,21.37,0.0,-21.37,0,0,0.0,0.0,1,0.5953878406708596,-19.021024967148488,0,19.021024967148488,4.133846632124352,0,Construction of lntermediate Lane Road with hard shoulder from design chainage Km 0.000 to Km 53.040 Existing Length68.500 Km & Total Design length 53.04 km of Tato to Monigong section of NH-913 Frontier Highway on Nafra Bomdila to Vijaynagar along China border in state of Arunachal pradesh on EPC mode,0,0,on_roster,0
618405,Roads & Highways,Ministry of Road Transport & Highways,nhidcl,Arunachal Pradesh,6.801494358081147,1277.0,821.0,39.1,0.0,-39.1,0,0,0.0,0.0,1,0.6429130775254502,-14.98028909329829,0,14.98028909329829,4.065342105263158,0,"Construction of Intermediate Lane of Pango to Jorging Road from 0000 to Design Km Design Km 40000 Design Length 40.00 Km, Pkg-l, Greenfield Alignment in the State of Arunachal Pradesh on EPC mode Pkg-1",0,0,on_roster,0
618433,Roads & Highways,Ministry of Road Transport & Highways,nhidcl,Arunachal Pradesh,5.225155100919053,1885.0,3346.0,99.69,0.0,-99.69,0,1,0.0,1461.0,1,1.7750663129973474,47.99605781865966,1,0.0,,0,Construction of Balance work of 2-Lane with PS of Joram Koloriang Road from existing Km122.600 to km138.00 [Design Km108.724 to Km123.714] in Arunachal Pradesh on EPC Mode under SARDP-NE Pkg-7,0,0,on_roster,0
618434,Roads & Highways,Ministry of Road Transport & Highways,nhidcl,Arunachal Pradesh,7.449841169299332,1854.0,3346.0,82.04,10.4056,-71.6344,0,1,0.0,1553.0,1,1.8047464940668825,49.01445466491458,1,2.0039421813403417,8.962334426229505,0,Roing-Hunli Road Greenfield Alignment Project,1,0,on_roster,1
618445,Roads & Highways,Ministry of Road Transport & Highways,nhidcl,Arunachal Pradesh,5.871836059652451,2678.0,2069.0,17.91,0.0,-17.91,0,0,0.0,0.0,1,0.7725914861837192,-20.006570302233904,0,20.006570302233904,4.103152052545156,0,Construction of 2-Laning with hard shoulders of Demwe-Brahmakund section of NH- 13 from Ch.0.00 km to 18.464 km on EPC under SARDP-NE NHO-NE -Balance Work,0,0,on_roster,0
619014,Roads & Highways,Ministry of Road Transport & Highways,nhidcl,Arunachal Pradesh,5.7612019655236875,1523.0,852.0,0.0,0.0,0.0,0,0,0.0,0.0,1,0.5594221930400525,-22.043363994743757,0,22.043363994743757,4.536512667660209,1,"lmprovement and Widening to 2 lane with paved Shoulder of NH-15 old NH-52 from Existing Km 770.600 Design Km 24.819 to Existing km 805.750 Design Km 59.885 Kamlang T-Junction to Chowkham, Existing Length 35.150 Km, Design Length-35.066 Km in the state of Arunachal Pradesh on EPC mode Pkg-2",0,0,on_roster,0
617895,Roads & Highways,Ministry of Road Transport & Highways,morth,Assam,6.284190129653785,1127.0,1492.0,70.71,30.1964,-40.5136,0,1,0.0,609.0,1,1.323868677905945,11.990801576872535,1,8.015768725361367,3.654047540983607,0,Construction of Mangaldoi Bypass NH-15 starting at Ch 26400 and terminating at Ch 41505 under Rangia NH Division L 15.105 Km in the State of Assam. Job No. 15/AS/2021-22/234,0,0,on_roster,0
617896,Roads & Highways,Ministry of Road Transport & Highways,morth,Assam,6.045360701115509,944.0,761.0,17.9,0.0,-17.9,0,0,0.0,0.0,1,0.8061440677966102,-6.011826544021025,0,6.011826544021025,13.656415300546447,0,"Construction of 4 lane Gauripur Bypass Starting bfrom Km 852.56 of NH- 31Dumardoha Pt-II and Terminating at Km 862.17 Baladmara via. Khudimari Pt.- II, Fulkumari, Charaldanga, Sajuakuti,Geramari Pt.-III and finally meeting at km 862.17 of NH-17New/ NH-31Old in the State of Assam under EPC Mode Job no. 31/AS/ 2023- 24/265",0,0,on_roster,0
618034,Roads & Highways,Ministry of Road Transport & Highways,morth,Assam,5.162783971252841,1249.0,1127.0,20.0,4.6473,-15.3527,0,0,0.0,0.0,1,0.9023218574859888,-4.0078843626806835,0,4.0078843626806835,19.96065573770492,0,Construction of 2 lane Barpeta Bypass from Km 77900Baradi to Km 86150 Deurikuchi Length8.25Km on NH-427 in the state of Assam under EPC ModeJob No.427/AS/2022-23/245,0,0,on_roster,0
618159,Roads & Highways,Ministry of Road Transport & Highways,morth,Assam,5.9482960517066035,1124.0,790.0,0.0,6.6946,6.6946,0,0,0.0,0.0,1,0.702846975088968,-10.972404730617608,0,10.972404730617608,9.113772455089821,0,"Construction of new 2 Lane with paved shoulders of NH Standards from km 0.080 to km 11.690 L11.610 km in Majuli and from km 19.715 to km 27.484 L 7.769 km in Jorhat on the newly declared NH 715K and construction of 1.10 km flyover on NH-715 with its approaches and service roads L1.10 km, Total Length 20.479 km in the State of Assam Job No. 715K/AS/2023-24/256",0,0,on_roster,0
618160,Roads & Highways,Ministry of Road Transport & Highways,morth,Assam,6.927724559057638,1005.0,396.0,1.82,0.0,-1.82,0,0,0.0,0.0,1,0.3940298507462687,-20.006570302233904,0,20.006570302233904,4.907387848932677,0,"Construction of 2 lane Major Bridge including approaches over Brahmaputra between Majuli on North Bank and Jorhat on South Bank from km. 11.690 to km. 19.715 length of bridge 6,812.5m Package - II on NH-715K in the state of Assam Job no. 715/AS/2020-21/213",0,0,on_roster,0
618282,Roads & Highways,Ministry of Road Transport & Highways,nhidcl,Assam,7.143538610642783,1188.0,1127.0,56.91,37.097,-19.813,0,1,0.0,273.0,1,0.9486531986531986,-2.0039421813403417,0,10.972404730617608,3.927124550898204,0,4-L Bilasipara-Guwahati Package-10,0,0,on_roster,0
618283,Roads & Highways,Ministry of Road Transport & Highways,nhidcl,Assam,6.909024473214282,1188.0,1127.0,50.92,41.5998,-9.3202,0,1,0.0,273.0,1,0.9486531986531986,-2.0039421813403417,0,10.972404730617608,4.473039520958084,0,4-L Bilasipara-Guwahati Package-9,0,0,on_roster,0
618284,Roads & Highways,Ministry of Road Transport & Highways,nhidcl,Assam,7.285225494637422,1371.0,1127.0,79.46,54.4515,-25.0085,0,0,0.0,0.0,1,0.8220277169948942,-8.015768725361367,0,8.015768725361367,2.5624491803278695,0,Widening/Improvement to 4-Lane with paved shoulder from Km 99930 to Km 143680 Design Chainage 96000 to 139750 of Paikan to Dhupdhara Sahar of Bilasipura- Guwahati Road on NH-17 in the state of Assam on EPC mode under Bharatmala Pariyojana in Economic Corridors Project Length 43.750km under NHO-NE Package- 8,0,0,on_roster,0
618286,Roads & Highways,Ministry of Road Transport & Highways,nhidcl,Assam,6.617082070874328,1157.0,1673.0,76.47,54.9413,-21.5287,0,1,0.0,760.0,1,1.445980985306828,16.95137976346912,1,8.015768725361367,2.9354639344262297,0,Construction of New 2-Lane Bridge with its approaches from km 0000 to Km 4385 across River Brahmaputra on NH-17 at Jogighopa in Assam on EPC mode,0,0,on_roster,0
618287,Roads & Highways,Ministry of Road Transport & Highways,nhidcl,Assam,7.200133805807087,1308.0,882.0,12.45,0.0,-12.45,0,0,0.0,0.0,1,0.6743119266055045,-13.994743758212877,0,13.994743758212877,6.255920187793428,0,"Widening/Improvement to 4-Lane with paved Shoulder from Ch. 25.633 Km to Ch. 52.470 Km Design Ch. 21.850 Km to Ch.48.670 Km for Package-2 of Bilasipura- Guwahati road NH-17 Section Near Mowatari, before Chapar Bypass to Tulungia junction with NH-17 in the state of Assam on HAM mode under NHO-NE Package-2",0,0,on_roster,0
618288,Roads & Highways,Ministry of Road Transport & Highways,nhidcl,Assam,6.9867050819605385,1277.0,790.0,28.74,0.0,-28.74,0,0,0.0,0.0,1,0.6186374314800314,-15.99868593955322,0,15.99868593955322,4.454115811088296,0,"Widening/lmprovement to 4-Lane with Paved Shoulder from Ch.5.580 Km to Ch.25.633 Km Design Ch.0.000 Km to Ch.17.737km Km 901.100 to Km 921.145 of old NH-31 of Bilasipara- Guwahati road NH-17 Section Near Chirakuta to near Mowatari, before Chapar Bypass in the state ol Assam on HAM mode Package-1",0,0,on_roster,0
618289,Roads & Highways,Ministry of Road Transport & Highways,nhidcl,Assam,5.419871062100613,1005.0,2222.0,97.76,90.865,-6.895,0,1,0.0,1186.0,1,2.210945273631841,39.98028909329829,1,-1.0183968462549278,,0,Construction and up gradation to 4-Lane of existing two lane with paved shoulder from Hapachara to Tulungia road of NH-117 of existing Km 0.00 to km 14.050 and Design Km 0.000 to km 14.660 under BMP on EPC mode,0,0,on_roster,0
618308,Roads & Highways,Ministry of Road Transport & Highways,nhidcl,Assam,6.517937116450151,1433.0,1127.0,57.17,0.0,-57.17,1,0,7.8071,0.0,1,0.7864619678995115,-10.052562417871222,0,10.052562417871222,4.26060522875817,0,Construction of 4-Lane Panchgram Bypass from Design Chainage km 15500 on NH- 37 Old NH-53 at Kalinagar Pt.-I Village to Design Chainage km 27300 at crossing with NH-6 Old NH-44 Near Siddeswar Pt.-I Village on Silchar - Churaibari stretch in the State of Assam on EPC Mode under Bharatmala Pariyojana in Economic Corridors Silchar- Churaibari Package-2,0,0,on_roster,0
618309,Roads & Highways,Ministry of Road Transport & Highways,nhidcl,Assam,7.185803595465632,1277.0,790.0,14.6,0.0,-14.6,0,0,0.0,0.0,1,0.6186374314800314,-15.99868593955322,0,15.99868593955322,5.33793839835729,0,Widening/lmprovement to 4-Laning and Greenfield alignment with Paved shoulder of Silchar-Badarpur Churaibari section of NH-37 & NH-8 from Design chainage 38.600 End point of proposed Badarpur Bypass to Km. 62.800 Start point of proposed Nilambazar/Cheragi Bypass in the state of Assam on HAM Mode Package-4,0,0,on_roster,0
618310,Roads & Highways,Ministry of Road Transport & Highways,nhidcl,Assam,6.6755583694145315,1096.0,790.0,40.4,0.0076,-40.3924,0,0,0.0,0.0,1,0.7208029197080292,-10.052562417871222,0,10.052562417871222,5.928836601307189,0,Widening/lmprovement to 4-L of Karimgani - sutarkandi section of NH 37 from design Ch 0020 Start of proposed Karimganj Bypass from NH -8 to design Chainage Km 14380 near Sutarkandi Spur Connectivity to Indo/Bangladesh Border on Silchar- Churaibari in the State of Assam on HAM Mode Package-7,0,0,on_roster,0
618311,Roads & Highways,Ministry of Road Transport & Highways,nhidcl,Assam,6.769641976852503,1095.0,761.0,31.83,0.0,-31.83,0,0,0.0,0.0,1,0.6949771689497717,-10.972404730617608,0,10.972404730617608,6.212858682634731,0,Widening/lmprovement to 4-Lane with Paved shoulder for existing as well as Greenfield alignment of Badarpur Churaibari section of NH-8 from Design chainage 87.700 Chandkhira to Km. 106.500 Churaibari section Assam-Tripura border in the state of Assam on HAM Mode Package-6,0,0,on_roster,0
618312,Roads & Highways,Ministry of Road Transport & Highways,nhidcl,Assam,7.138176285266576,1338.0,790.0,11.0,0.0,-11.0,0,0,0.0,0.0,1,0.5904334828101644,-18.00262812089356,0,18.00262812089356,4.943722627737226,0,Widening/lmprovement to 4-Lane with Paved Shoulder from existing road and Greenfield alignment form Design Ch. 62.800 start of proposed Nilambazar/Cheragi Bypass to Design Ch. 87.700 near Chandkhira Village of NH-8 on Silchar-Churaibari in the state of Assam on HAM Mode Package-5,0,0,on_roster,0
618313,Roads & Highways,Ministry of Road Transport & Highways,nhidcl,Assam,7.075428402770272,1279.0,761.0,0.0,0.0,0.0,0,0,0.0,0.0,1,0.5949960906958561,-17.017082785808146,0,17.017082785808146,5.876447876447877,0,Widening/lmprovement of Existing 2 lane to 4-Laning of Karimganj-Silchar section of NH-37 from Design Ch 0.000 near Silchar ISBT to Design Ch 15.970 near Kalinagar Pt I on NH-37 in Assam on HAM Mode Pkg-1,0,0,on_roster,0
618314,Roads & Highways,Ministry of Road Transport & Highways,nhidcl,Assam,7.448456159766946,1249.0,1127.0,79.34,53.5086,-25.8314,0,0,0.0,0.0,1,0.9023218574859888,-4.0078843626806835,0,4.0078843626806835,5.154839344262294,0,4-Laning of Dhanehari Lailapur / Vairengte section from Existing Chainage km 12920 to km 43000 of NH 306 Design Chainage km 20000 to km 49360 on Silchar - Vairengte Sairang road in the State of Assam under Bharatmala Pariyojna on EPC mode. Project Length 29.360 km under NHO-NE Package-2,1,0,on_roster,1
618315,Roads & Highways,Ministry of Road Transport & Highways,nhidcl,Assam,7.137198942844827,1246.0,1155.0,55.46,43.8309,-11.6291,0,0,0.0,0.0,1,0.9269662921348315,-2.9894875164257555,0,2.9894875164257555,14.898874725274725,0,4-Laning of Silchar - Dhanehari section from Existing Chainage km 263800 of NH 37 to km 12920 of NH 306 Design Chainage km 0000 to km 20000 on Silchar - Vairengte - Sairang road in the State of Assam under Bharatmala Pariyojna on EPC mode Package-1,1,0,on_roster,1
618326,Roads & Highways,Ministry of Road Transport & Highways,nhidcl,Assam,6.249743555190446,1035.0,1186.0,97.96,0.0,-97.96,0,1,0.0,181.0,1,1.1458937198067634,4.9605781865965834,1,0.9855453350854139,2.0699200000000064,0,Widening/Improvement to 4-Lane with Paved Shoulder from KM 38500 to Km 51246 Design Chainage 38500 to 50959 with proposed Daboka Bypass of Daboka- Parokhaowa of NH 29 on EPC under NHO-NE Package-1,1,0,on_roster,1
618331,Roads & Highways,Ministry of Road Transport & Highways,nhidcl,Assam,6.865838935880846,1461.0,821.0,36.56,15.6073,-20.9527,0,0,0.0,0.0,1,0.5619438740588638,-21.02496714848883,0,21.02496714848883,3.017365,0,lmprovement to 4-Lane with Paved Shoulder from existing km 260000 Design Ch.4560 km to existing km Ch.233000 D. Ch.24560 of Silchar near Nutan Dayapur village - Budha Nagar Section Length-20.00 Km of NH-37 under Package Silchar- Jiribam Pkg-1 in the state of Assam on HAM Mode,0,0,on_roster,0
618340,Roads & Highways,Ministry of Road Transport & Highways,nhidcl,Assam,6.130334787687412,851.0,1186.0,83.39,47.3626,-36.0274,0,1,0.0,426.0,1,1.3936545240893068,11.005256241787121,1,2.9894875164257555,5.5561362637362635,0,Widening/Improvement to 4-Lane with Paved Shoulder from km 626030 Nalani hulla Gaon to km 650450 Chotahapjan on existing Tinsukhia -Makum Bypass of NH-15 OLD NH-37 and Strengthening of existing NH-315 OLD NH-38 from Km 0000 Chotahapjan to Km 16900 Bogapani section 2-Lane PS in Assam on EPCMode under NHO-NE Package-3,1,0,on_roster,1
618351,Roads & Highways,Ministry of Road Transport & Highways,nhidcl,Assam,6.792714729271005,884.0,1127.0,81.9,82.177,0.277,1,1,-22.1468,304.0,1,1.2748868778280542,7.982917214191852,1,2.0039421813403417,9.032196721311472,0,Widening & Upgradation to 2 lanes with paved shoulders road from Tamenglong to Mahur NH-137 in the State of Assam starting from km 156.489 near P. Leikul to km 176.410 near Borowapu on EPC mode under NHO-NE Assam portion Package-10,1,0,on_roster,1
618352,Roads & Highways,Ministry of Road Transport & Highways,nhidcl,Assam,6.7585241449877635,884.0,1127.0,87.5,86.0082,-1.4918,1,1,-28.5854,304.0,1,1.2748868778280542,7.982917214191852,1,2.0039421813403417,6.237704918032787,0,Widening & Upgradation to 2 lanes with paved shoulders road from Tamenglong to Mahur NH-137 in the State of Assam starting from km 136.500 near Hejaichak to km 156.489 near P. Leikul Package-9 on EPC mode under NHO-NE Package-9,1,0,on_roster,1
618353,Roads & Highways,Ministry of Road Transport & Highways,nhidcl,Assam,6.807979141618211,884.0,1127.0,85.2,57.5251,-27.6749,0,1,0.0,304.0,1,1.2748868778280542,7.982917214191852,1,2.0039421813403417,7.385442622950818,0,Widening & Upgradation to 2-lanes with paved shoulders road from Tamenglong to Mahur NH-137 in the State of Assam starting from km 116.480 near Hangrum to km 136.500 near Hejaichak Package-8 on EPC mode under NHO-NE Package 8,1,0,on_roster,1
618354,Roads & Highways,Ministry of Road Transport & Highways,nhidcl,Assam,6.742668349109737,821.0,852.0,85.29,0.0,-85.29,0,1,0.0,92.0,1,1.0377588306942753,1.0183968462549278,1,2.0039421813403417,7.34053114754098,0,Wideinig & Upgradation to 2-lanes with paved shoulders road from Tamenglong to Mahur NH-137 in the State of Assam starting from km 96.870 near Jiri River to km 116.550 near Hangrum Package-7 on EPC mode Package7,1,0,on_roster,1
618371,Roads & Highways,Ministry of Road Transport & Highways,nhidcl,Assam,6.421443390020222,1706.0,1492.0,78.09,42.3561,-35.7339,0,0,0.0,0.0,1,0.8745603751465416,-7.030223390275952,0,7.030223390275952,3.1165439252336444,0,"Widening/Improvement to 4-Lane with Paved Shoulder configuration of existing single lane road from Srirampur near Bhairiguri Village to Kachukhana Harichara Paglagaunj Package-I of Srirampur - Dhubri Section of NH-127B from existing Km 0.000 to Km 28.050 Design Km 0.000 to Km 27.650, Design Length27.650 Km under JICA ODA Loan assistance Phase-V -Balance work",0,0,on_roster,0
618373,Roads & Highways,Ministry of Road Transport & Highways,nhidcl,Assam,8.516801114564153,3411.0,2527.0,74.36,56.2013,-18.1587,0,0,0.0,0.0,1,0.740838463793609,-29.040735873850196,0,29.040735873850196,0.8828977375565612,0,"Construction of 4-Lane Bridge including approaches over River Brahmaputra between Dhubri on North Bank,Assam and Phulbari on south Bank,Meghalaya on NH-127B under JICA ODA Loan assistance Phase-III",0,0,on_roster,0
618436,Roads & Highways,Ministry of Road Transport & Highways,nhidcl,Assam,6.396929655216146,1553.0,4049.0,100.0,67.616,-32.384,0,1,0.0,2222.0,1,2.607211848036059,81.99737187910644,1,-9.00131406044678,,0,4-Laning of Jamugurihat to end of Biswanath Chariali By-Pass from Km 182.000 to Km 208.000 of NH-52 on EPC mode in state of Assam under SARDP-NE,0,0,on_roster,0
618437,Roads & Highways,Ministry of Road Transport & Highways,nhidcl,Assam,5.618006697634797,3347.0,3743.0,100.0,33.0247,-66.9753,0,1,0.0,153.0,1,1.1183149088736182,13.009198423127463,1,-7.982917214191852,,0,"Construction of Balance Work of 4-Laning of NH-37 Section between End of Moran Bypass to Bogibeel junction near Lapetketa Km. 561.700-Km. 580.875 under SARDP- NE, Phase 'A' in the State of Assam on EPC mode Pkg-I Road works & Toll Plaza",0,0,on_roster,0
618438,Roads & Highways,Ministry of Road Transport & Highways,nhidcl,Assam,5.957312964177091,3104.0,3743.0,100.0,37.8375,-62.1625,0,1,0.0,396.0,1,1.2058634020618557,20.992115637319316,1,-7.982917214191852,,0,"4-Laning of NH-37 Section between Demow to End of Moran Bypass From Km. 534.800 to Km. 561.700 including Emergency Landing Facility ELF under SARDP-NE, Phase 'A' in the State of Assam on EPC mode",0,0,on_roster,0
618440,Roads & Highways,Ministry of Road Transport & Highways,nhidcl,Assam,5.236920571682713,3561.0,3743.0,0.0,0.0,0.0,1,0,-46.4322,0.0,1,1.0511092389778152,5.978975032851511,1,-5.978975032851511,,0,"Construction of Balance Work of 4-Laning of the Section from Jhanji to Demow of NH- 37 Old from Km 490.800 to Km 534.800, under SARDP- NE on EPC Mode in the state of Assam Pkg- IV Structures & Toll Plaza",1,0,on_roster,1
618441,Roads & Highways,Ministry of Road Transport & Highways,nhidcl,Assam,6.1501549069772725,3531.0,3743.0,0.0,15.1375,15.1375,1,0,1.8619,0.0,1,1.0600396488246955,6.964520367936925,1,-6.964520367936925,,0,"Construction of Balance Work of 4-Laning of the Section from Jhanji to Demow of NH- 37 Old from Km 490.800 to Km 501.800 11.000 Km, under SARDP- NE under EPC Mode in the state of Assam Pkg-I Road Works",1,0,on_roster,1
618442,Roads & Highways,Ministry of Road Transport & Highways,nhidcl,Assam,5.8853259510463145,213.0,821.0,99.05,0.0195,-99.0305,0,0,0.0,0.0,1,3.8544600938967135,19.97371879106439,1,-19.97371879106439,,0,"Construction of Balance Work of the 4-Laning of the Section from Jorhat to Jhanji of NH-37 Old from Km 477.000 to Km 490800 13.800 Km, under SARDP- NE under EPC Mode in the state of Assam Pkg-III Road Works",1,0,on_roster,1
618454,Roads & Highways,Ministry of Road Transport & Highways,nhidcl,Assam,6.54386867916551,851.0,2251.0,93.23,5.4181,-87.8119,0,1,0.0,823.0,1,2.645123384253819,45.992115637319316,1,-18.95532194480946,,0,"Earthwork in Formation, Road Work, Construction of Bridges, Blanketing, P. Way Linking works including Supply of P. Way Fittings and Track Ballast in connection with Construction of Railway Siding from Jogighopa Railway Station to MMLP at Jogighopa from Ch. 00 to 3760 on Item Rate basis Package -3, Railway Siding from Jogighopa Railway Station to MMLP",0,0,on_roster,0
618455,Roads & Highways,Ministry of Road Transport & Highways,nhidcl,Assam,6.54386867916551,790.0,2251.0,100.0,42.7915,-57.2085,0,1,0.0,884.0,1,2.849367088607595,47.99605781865966,1,-18.95532194480946,,0,Development of External Trunk Connectivity and Internal Infrastructure Works at Multi Model Logistics ParkMMLP at Jogighopa in the State of Assam on EPC Mode Package-I Road and Utility Works,0,0,on_roster,0
618934,Roads & Highways,Ministry of Road Transport & Highways,national highways authority of india [nhai],Assam,8.653552830777775,1979.0,608.0,0.0,0.055,0.055,0,0,0.0,0.0,1,0.30722587165234966,-45.039421813403415,0,45.039421813403415,2.2202771699489423,0,Guwahati Ring Road in the State of Assam,0,0,on_roster,0
618958,Roads & Highways,Ministry of Road Transport & Highways,national highways authority of india [nhai],Assam,7.09102638481168,2008.0,3043.0,52.0,0.0,-52.0,0,1,0.0,1491.0,1,1.5154382470119523,34.00131406044678,1,14.98028909329829,3.20421052631579,0,2L with ES of Yagyi - Kalewa section from Milepost 40/0 to Milepost 115/5 in Myanmar,0,0,on_roster,0
619013,Roads & Highways,Ministry of Road Transport & Highways,nhidcl,Assam,6.233940026721684,4110.0,4200.0,47.34,10.7061,-36.6339,1,0,6.7045,0.0,1,1.0218978102189782,2.9566360052562417,1,-2.9566360052562417,,0,"Construction of Balance Work of 4-Laning of the Section from Jhanji to Demow of NH- 37 Old from Km 501.800 to Km 514.800 13.000 Km, under SARDP- NE under EPC Mode in the state of Assam Pkg-II Road Works",1,0,on_roster,1
619057,Roads & Highways,Ministry of Road Transport & Highways,nhidcl,Assam,6.354822112510577,1277.0,1155.0,71.09,55.0831,-16.0069,0,0,0.0,0.0,1,0.9044635865309318,-4.0078843626806835,0,4.0078843626806835,7.213281967213113,0,Construction of 4-Lane Badarpur Bypass from Design Chainage km 27300 at crossing with NH-6 Old NH-44 Near Siddeswar Pt.-I Village to Design Chainage km 38600 on NH-37 Old NH-44 at Kandigram Chaita Village on Silchar - Churaibari stretch in the State of Assam on EPC Mode under Bharatmala Pariyojana in Economic Corridors Silchar- Churaibari Pkg-3,1,0,on_roster,1
619060,Roads & Highways,Ministry of Road Transport & Highways,nhidcl,Assam,5.845600273324364,3988.0,4200.0,62.9,7.4827,-55.4173,1,0,79.7743,0.0,1,1.053159478435306,6.964520367936925,1,-6.964520367936925,,0,"Construction of Balance Work of 4-Laning of the Section from Jhanji to Demow of NH- 37 Old from Km 514.800 to Km 534.800 20.000 Km, under SARDP- NE under EPC Mode in the state of Assam Pkg-III Road Works",1,0,on_roster,1
619089,Roads & Highways,Ministry of Road Transport & Highways,nhai,Assam,7.5553714784607555,1402.0,1492.0,93.08,47.613,-45.467,1,1,43.7575,151.0,1,1.0641940085592012,2.9566360052562417,1,2.0039421813403417,3.4531934426229514,0,Balance work of 4L of NarimbangloJatinga Junction- Harangajoroad section from Km 0.000 to Km 49.230 of NH-27,1,0,on_roster,1
617897,Roads & Highways,Ministry of Road Transport & Highways,morth,Bihar,5.691169936605357,1218.0,1492.0,81.7,11.2011,-70.4989,0,1,0.0,335.0,0,1.2249589490968802,9.00131406044678,1,2.0039421813403417,9.131999999999998,0,Construction of proposed 4Lane Revelgunj bypass NH-19 in the State of Bihar on EPC mode connecting NH 19 to 85 origin,1,0,on_roster,1
617958,Roads & Highways,Ministry of Road Transport & Highways,morth,Bihar,6.340535655019982,1341.0,1857.0,95.0,44.3597,-50.6403,0,1,0.0,607.0,0,1.3847874720357942,16.95137976346912,1,2.9894875164257555,1.6725274725274726,0,Widening & Strenthening from km132.895 to km 190.15 NH-80,1,0,on_roster,1
617961,Roads & Highways,Ministry of Road Transport & Highways,morth,Bihar,7.25123859473442,2130.0,4473.0,97.0,0.0,-97.0,1,1,51.7663,2434.0,0,2.1,76.97109067017082,1,2.9894875164257555,1.0035164835164836,0,Gaya-Hisua-Rajgir-Nalanda-Biharsharif section km0.00 to 92.935 NH-82,1,0,on_roster,1
617966,Roads & Highways,Ministry of Road Transport & Highways,morth,Bihar,6.661560579637174,2099.0,4473.0,99.74,0.0042,-99.7358,1,1,23.1259,2404.0,0,2.131014768937589,77.98948751642575,1,0.9855453350854139,0.26381333333333856,0,Rehabilitation and Upgrading to 2 lanes/2-lane with paved shoulders configuration and strengthening of of Birpur and Bihpur Section from km 0.0 to Km 106 of NH 106 under phase I of National Highways Interconnectivity Improvement Projects NHIIP ICB No. NHIIP-BR-106-7 [NHIIP-BR-106-7],1,0,on_roster,1
617969,Roads & Highways,Ministry of Road Transport & Highways,morth,Bihar,5.308663658602181,1218.0,1127.0,58.0,0.005,-57.995,0,0,0.0,0.0,0,0.9252873563218391,-2.9894875164257555,0,2.9894875164257555,14.04923076923077,0,Construction of 4 Lane ROB and its approaches at the level crossing LC No 29 B of Km 29 Ekangarsarai at NH 110 New NH 33 & Railway Km 32.63 at Fatwa FUT Islampur IPR section in the state of Bihar on EPC mode.,1,0,on_roster,1
618004,Roads & Highways,Ministry of Road Transport & Highways,morth,Bihar,5.197723251312334,1611.0,1520.0,0.05,0.0,-0.05,0,1,0.0,274.0,0,0.9435133457479826,-2.9894875164257555,0,11.990801576872535,8.335556164383563,0,Construction of Bhabhua Bypass from Ch. 10800Design Ch. 10800 to Ch. 19860 Design Ch. 18150 and Chand Bypass from Ch. 38060 Design Ch. 36250 to Ch. 40460 Design Ch. 38650 and widening of existing road to 2 - lane with Paved shoulder from Ch. 40460 Design Ch. 38650 to Ch. 46860 Design Ch. 45050 of NH-219 Total length- 16.150 Kmunder EPC mode in the state of Bihar,1,0,on_roster,1
618073,Roads & Highways,Ministry of Road Transport & Highways,morth,Bihar,5.425654615009232,731.0,790.0,44.0,0.0,-44.0,0,1,0.0,303.0,0,1.0807113543091655,1.938239159001314,1,8.015768725361367,6.986229508196721,0,Improvement to Two lane with Paved Shoulder from Junction of NH22 near Hajipur to Junction of NH -122 at Bachhwara via Mahnar and Mohiuddin Nagar from Km 0.00 to Km 29.730 of NH 122 B in the State of Bihar.,1,0,on_roster,1
618074,Roads & Highways,Ministry of Road Transport & Highways,morth,Bihar,6.438439413172899,1004.0,1520.0,91.0,24.536,-66.464,0,1,0.0,577.0,0,1.5139442231075697,16.95137976346912,1,2.0039421813403417,4.491147540983606,0,Pre construction activity of NH 122B from km 0 to 72.348 and Improvement to two lane with paved shoulders of NH 122B from km 29.730 to km 72.348 in state of Bihar under EPC mode,1,0,on_roster,1
618080,Roads & Highways,Ministry of Road Transport & Highways,morth,Bihar,5.8700593342813,1520.0,1551.0,3.1,0.0,-3.1,0,0,0.0,0.0,0,1.0203947368421054,1.0183968462549278,1,-1.0183968462549278,,0,Improvement to two lane with paved shoulders of BH WB Border Amdabad Manihari section from design Km 0.000 to Km 23.945 of NH 131 A Total length 23.945 Km under EPC mode in the state of Bihar,1,0,on_roster,1
618120,Roads & Highways,Ministry of Road Transport & Highways,morth,Bihar,6.967117928375644,1948.0,1308.0,0.0,0.0,0.0,0,0,0.0,0.0,0,0.6714579055441479,-21.02496714848883,0,21.02496714848883,4.75625,0,construction of Four-Lane of chausa-Buxar Bypass from Km 45.000 to Km 65.915 Package - 2 in the State of Bihar on EPC Mode.,0,0,on_roster,0
618121,Roads & Highways,Ministry of Road Transport & Highways,morth,Bihar,6.059800536228278,1034.0,1520.0,93.0,41.7585,-51.2415,0,1,0.0,577.0,0,1.4700193423597678,15.965834428383705,1,2.9894875164257555,2.3415384615384616,0,Improvement to two lane with paved shoulders of NH-319A from km 0 to km 45 in state of Bihar under EPC mode,1,0,on_roster,1
618126,Roads & Highways,Ministry of Road Transport & Highways,morth,Bihar,6.17455664029584,1491.0,1247.0,58.0,0.0,-58.0,0,0,0.0,0.0,0,0.8363514419852448,-8.015768725361367,0,8.015768725361367,5.2396721311475405,0,"Pre-Construction activities from Km 134.000 to Km 190.233 of NH-333A and Construction of 4 no. of Bypasses at Katoria, Lakhpura, Banka & Panjwara total length-14.359 Km to two lane with paved shoulders standard in State of Bihar.",1,0,on_roster,1
618146,Roads & Highways,Ministry of Road Transport & Highways,morth,Bihar,6.206898455352139,1551.0,1551.0,33.0,0.0,-33.0,0,1,0.0,365.0,0,1.0,0.0,0,11.990801576872535,5.587616438356165,0,Estimate for Improvement to two lane with paved shoulder from Ramnagar to Roseda from km 3.500 to 43.000 of NH 527 E on EPC mode in State of Bihar,0,0,on_roster,0
618228,Roads & Highways,Ministry of Road Transport & Highways,morth,Bihar,7.981876768027601,2039.0,2616.0,72.51,0.0,-72.51,0,1,0.0,1003.0,0,1.2829818538499265,18.95532194480946,1,13.994743758212877,1.9643089201877932,0,construction of a new 4 lane Parallel to existing MG Setu with its approaces from km 0.00 to km 14.500 across river Ganga on NH-19 at Patna in the state of Bihar.,1,0,on_roster,1
618234,Roads & Highways,Ministry of Road Transport & Highways,morth,Bihar,7.2993918791537675,2100.0,2769.0,94.2,55.7312,-38.4688,0,1,0.0,975.0,0,1.3185714285714285,21.97766097240473,1,10.052562417871222,0.5769673202614376,0,Construction of a new 4-lane major bridge across river Kosi at Phulaut including Rehabilitation and upgradation of existing Birpur and Bihpur section of NH-106 from km 106.000 to km 136.000 to 2-lane with paved shoulders in the State of Bihar on EPC mode,0,0,on_roster,0
618246,Roads & Highways,Ministry of Road Transport & Highways,morth,Bihar,7.013222788915872,2495.0,2100.0,49.78,0.0,-49.78,0,0,0.0,0.0,0,0.8416833667334669,-12.976346911957949,0,12.976346911957949,3.8701184810126588,0,Construction of New 4-Lane Bridge Parallel to existing Vikramashila Setufrom km 8920 to Km 13375including approach road 35m Naugachhia side &53 m Bhagalpur sideacross River Ganga on newly declared NH-131B at Bhagalpur in the State of Bihar,1,0,on_roster,1
618250,Roads & Highways,Ministry of Road Transport & Highways,morth,Bihar,8.027949656516796,1400.0,821.0,10.69,0.0,-10.69,0,1,0.0,396.0,0,0.5864285714285714,-19.021024967148488,0,32.03022339027595,2.788304,0,Construction of 6-Lane Elevated / Extra Dose Cable Bridge on River Ganga parallel to & Western side of Digha-Sonepur Rail cum-Road Bridge of NH 139W in the State of Bihar,0,0,on_roster,0
618251,Roads & Highways,Ministry of Road Transport & Highways,morth,Bihar,7.415927385282564,1827.0,1127.0,5.52,0.0,-5.52,0,0,0.0,0.0,0,0.6168582375478927,-22.996057818659658,0,22.996057818659658,4.108530285714286,0,"Improvement and Up gradation to four lane with Paved shoulder configuration from Existing Km 0000 to Km 39500 design km 0500 to Km 40342, Design length km of NH 227A near Mehrauna GhatUP Bihar Border to Siwan on the state of Bihar on Hybrid Annuity Model HAM basis",0,0,on_roster,0
618571,Roads & Highways,Ministry of Road Transport & Highways,national highways authority of india [nhai],Bihar,5.430441519475078,1340.0,1461.0,80.46,69.7631,-10.6969,1,1,41.3553,212.0,0,1.0902985074626865,3.9750328515111693,1,2.9894875164257555,6.536237362637365,0,Permanent rectification of 3 nos. of black spots in project Highway NH-27 of U.P border - Dewapur - Kotwa section from Km.360.915 to km.440.000 Total Length of 79.085 Km of NH-27& Permanent rectification of 5 nos. of black spots of project Highway NH-27 of Kotwa - Mehsi - Muzaffarpur Section from km.440.000 to km.520.000 Total length 80.00Km,1,0,on_roster,1
618725,Roads & Highways,Ministry of Road Transport & Highways,national highways authority of india [nhai],Bihar,7.5585115265479486,1645.0,1127.0,10.38,3.3637,-7.0163,1,0,0.2203,0.0,0,0.6851063829787234,-17.017082785808146,0,17.017082785808146,5.266472586872587,0,6L Greenfield Varanasi-Ranchi-Kolkata Highway from Pachmon village to Anarbansalea village From KM. 116000 to KM. 151200 Package-6,0,0,on_roster,0
618726,Roads & Highways,Ministry of Road Transport & Highways,national highways authority of india [nhai],Bihar,7.124421900196565,1675.0,1127.0,14.08,7.6965,-6.3835,1,0,8.106,0.0,0,0.6728358208955224,-18.00262812089356,0,18.00262812089356,4.772636496350365,0,6L Greenfield Varanasi-Ranchi-Kolkata Highway from junction with Chandauli- Chainpur Road near Khainti village to junction with Bhabhua-Adhaura road near Palka village from Km. 27.000 to Km. 54.000 Pkg-2,0,0,on_roster,0
618727,Roads & Highways,Ministry of Road Transport & Highways,national highways authority of india [nhai],Bihar,7.363875477869246,1675.0,1127.0,16.0,7.2045,-8.7955,1,0,8.5292,0.0,0,0.6728358208955224,-18.00262812089356,0,18.00262812089356,4.665985401459854,0,6L Greenfield Varanasi-Ranchi-Kolkata Highway from junction with Bhabhua-Adhaura road in Bhairopur village to Konki village From KM. 54.000 to KM. 90.000Pkg-3,0,0,on_roster,0
618738,Roads & Highways,Ministry of Road Transport & Highways,national highways authority of india [nhai],Bihar,8.747143921229823,1826.0,1308.0,19.02,17.3609,-1.6591,1,1,-46.7294,547.0,0,0.7163198247535597,-17.017082785808146,0,34.98685939553219,2.314583286384977,0,6L Bridge and its approaches across River Ganga as Part of Patna Ring Road NH- 131G starting from Km 8.480 near Sherpur to Km 23.000 near Dighwara,0,0,on_roster,0
618739,Roads & Highways,Ministry of Road Transport & Highways,national highways authority of india [nhai],Bihar,7.238439367978461,1124.0,1520.0,45.35,23.9493,-21.4007,1,1,2.6249,549.0,0,1.3523131672597866,13.009198423127463,1,5.026281208935611,10.872849673202614,0,4L Greenfield Alignment of Amas to Shivrampur from 0.000 Km. to 55.002 Km. of NH 119 D Pkg-I,1,0,on_roster,1
618740,Roads & Highways,Ministry of Road Transport & Highways,national highways authority of india [nhai],Bihar,7.310088822188649,1246.0,1520.0,43.6,17.1221,-26.4779,1,1,3.4638,700.0,0,1.2199036918138042,9.00131406044678,1,13.994743758212877,4.030084507042254,0,4L Greenfield Alignment of Shivrampur to Ramnagar from Km. 55.002 to Km. 109.300 of NH 119 D Pkg-II,1,0,on_roster,1
618741,Roads & Highways,Ministry of Road Transport & Highways,nhai,Bihar,7.527568034277651,1068.0,1492.0,32.17,21.1618,-11.0082,1,1,6.0143,850.0,0,1.3970037453183521,13.92904073587385,1,13.994743758212877,4.84681971830986,0,4L Greenfield Alignment from Kalyanapur to Tal Dashraha of NH-119D Pkg-III,1,0,on_roster,1
618742,Roads & Highways,Ministry of Road Transport & Highways,national highways authority of india [nhai],Bihar,7.0161252616479715,1186.0,455.0,0.0,0.1177,0.1177,0,0,0.0,0.0,0,0.3836424957841484,-24.014454664914584,0,24.014454664914584,4.164158686730507,1,"Construction of 6-lane Greenfield corridor from Ramnagar to Kacchi Dargah NH-119D from Km 109700 to Km 122300, including widening of the existing NH-31 from Km 196700 to Km 198600, as part of the Amas-Darbhanga.",0,0,on_roster,0
618775,Roads & Highways,Ministry of Road Transport & Highways,national highways authority of india [nhai],Bihar,5.426358716428921,761.0,396.0,15.93,0.8572,-15.0728,0,0,0.0,0.0,0,0.5203679369250985,-11.990801576872535,0,11.990801576872535,7.011207671232877,0,Ara Bypass,0,0,on_roster,0
618790,Roads & Highways,Ministry of Road Transport & Highways,national highways authority of india [nhai],Bihar,7.26078257834687,1492.0,1127.0,41.0,17.7843,-23.2157,1,1,8.1287,153.0,0,0.7553619302949062,-11.990801576872535,0,17.017082785808146,3.4671042471042472,1,Construction of four laning of Bakarpur- Manikpur road section starting from village Chitarsenpur km 0000 and terminating at SH-74 near Manikpur 38814 at NH-139W under Bharatmalapariyona,0,0,on_roster,0
618791,Roads & Highways,Ministry of Road Transport & Highways,national highways authority of india [nhai],Bihar,7.339381839106869,1156.0,547.0,17.16,6.1855,-10.9745,0,0,0.0,0.0,0,0.4731833910034602,-20.006570302233904,0,20.006570302233904,4.14063973727422,0,4L PS under NH configuration of Manikpur-Sahebganj of NH-139W,0,0,on_roster,0
618840,Roads & Highways,Ministry of Road Transport & Highways,national highways authority of india [nhai],Bihar,6.499817115391575,1217.0,3774.0,97.67,39.452,-58.218,1,1,34.2791,2648.0,0,3.1010682004930157,84.00131406044677,1,2.9894875164257555,0.7793978021978016,0,Simaria Km. 206.050 to Khagaria Km. 266.282,1,0,on_roster,1
618841,Roads & Highways,Ministry of Road Transport & Highways,national highways authority of india [nhai],Bihar,6.198560014000584,1157.0,1643.0,93.88,98.4442,4.5642,1,1,-29.0526,547.0,0,1.4200518582541055,15.965834428383705,1,2.0039421813403417,3.0539803278688544,0,4L Elevated Section and at-grade improvements at Begusarai town Simaria - Khagaria section from Km. 221.047 to Km. 225.302 of NH-31,1,0,on_roster,1
618861,Roads & Highways,Ministry of Road Transport & Highways,national highways authority of india [nhai],Bihar,6.800671056372463,1033.0,2038.0,97.85,64.1939,-33.6561,1,1,55.7156,1035.0,0,1.972894482090997,33.01576872536137,1,0.9855453350854139,2.181533333333339,0,Bakhtiyarpur-Rajauli Pkg-II from km. 54.405 to km.101.630,1,0,on_roster,1
618862,Roads & Highways,Ministry of Road Transport & Highways,national highways authority of india [nhai],Bihar,7.6765756346976755,1369.0,2038.0,99.14,54.7586,-44.3814,1,1,41.294,699.0,0,1.4886778670562455,21.97766097240473,1,0.9855453350854139,0.8726133333333328,0,Bakhtiyarpur-Rajauli Pkg-III from km. 101.630 to km.152.520,1,0,on_roster,1
618902,Roads & Highways,Ministry of Road Transport & Highways,national highways authority of india [nhai],Bihar,6.497438420142949,1764.0,3346.0,85.25,71.1612,-14.0888,1,1,97.9379,1735.0,0,1.8968253968253967,51.971090670170824,1,5.026281208935611,2.934575163398693,0,Maheshkunt-Saharsa-Purnea Pkg I km 0.00 to km. 90.00 of NH-107,0,0,on_roster,0
618903,Roads & Highways,Ministry of Road Transport & Highways,national highways authority of india [nhai],Bihar,6.93661480766269,1371.0,3318.0,91.03,66.8513,-24.1787,1,1,20.9875,2100.0,0,2.4201312910284463,63.96189224704336,1,5.026281208935611,1.7846196078431371,0,Maheshkunt -Saharsa-Purnea Pkg II,0,0,on_roster,0
618905,Roads & Highways,Ministry of Road Transport & Highways,national highways authority of india [nhai],Bihar,6.155919102073512,912.0,790.0,68.87,45.9847,-22.8853,1,0,12.3231,0.0,0,0.8662280701754386,-4.0078843626806835,0,4.0078843626806835,7.7671901639344245,0,Widening with additional 3L abetting Chhapra Bypass Section of NH-19 from Km. 143.200 to Km. 159.255 Pkg-1,1,0,on_roster,1
618914,Roads & Highways,Ministry of Road Transport & Highways,national highways authority of india [nhai],Bihar,8.397050624253504,1431.0,1278.0,54.99,52.2286,-2.7614,1,1,-40.7756,334.0,0,0.8930817610062893,-5.026281208935611,0,15.99868593955322,2.8133560574948664,0,"4L Elevated Corridor and at-grade improvements from Design Ch0000 to Design Ch 19870 of Danapur Bihta Section, Design Ch0000 to Design Ch0231 connecting the existing RoB near Danapur station ,1.35 Km ramps and at-grade improvements to 4- lane section on Danapur side and Upgradation of existing Two lane carriageway to Four Lane carriageway from Design Ch19870 to Design Ch23500 of Bihta - Koilwar section",0,0,on_roster,0
618917,Roads & Highways,Ministry of Road Transport & Highways,national highways authority of india [nhai],Bihar,6.192853166619162,762.0,1005.0,80.83,19.7064,-61.1236,1,1,-14.0464,304.0,0,1.3188976377952757,7.982917214191852,1,2.0039421813403417,9.566144262295083,0,4L Greenfield starting from NH-30 near Saristabad Patna to Nathupur Project end point of Patna-Gaya-Dobhi Section of NH-83,1,0,on_roster,1
618926,Roads & Highways,Ministry of Road Transport & Highways,national highways authority of india [nhai],Bihar,7.2670787125737935,1553.0,1339.0,10.07,9.8898,-0.1802,1,1,34.63,731.0,0,0.8622021893110109,-7.030223390275952,0,31.044678055190538,2.8967928042328044,0,4L of Siwan- Masrakh section of Ram Janki Marg from Km 230.385 to Km 281.391 of NH-227A,0,0,on_roster,0
618953,Roads & Highways,Ministry of Road Transport & Highways,nhai,Bihar,7.090560052341493,1642.0,2616.0,89.23,91.5788,2.3488,1,1,2.0307,1308.0,0,1.5931790499390988,31.99737187910644,1,10.972404730617608,0.9815532934131733,0,Umagaon-Saharsa Package-IV Koshi Bridge & approach Road - Bheja-Bakaur,0,0,on_roster,0
618954,Roads & Highways,Ministry of Road Transport & Highways,nhai,Bihar,7.295870748755188,1795.0,1339.0,16.41,34.4652,18.0552,1,0,15.6001,0.0,0,0.7459610027855154,-14.98028909329829,0,14.98028909329829,5.579999122807018,0,Umagaon - Saharsa Package - I Combined Umagaon-Kaluahi0.000KM to 21.609Km of NH227LSaharghat-Rahika0.000 Km to 26.130KM of NH227JRahika-Rampatti 0.00 KM to 15.00KM of NH527ABideshwarsthan-Bheja0.000KM to 25.915KM of NH527A.,0,0,on_roster,0
618955,Roads & Highways,Ministry of Road Transport & Highways,nhai,Bihar,6.460358185541786,1400.0,3012.0,99.66,58.347,-41.313,1,1,67.2453,1642.0,0,2.1514285714285712,52.95663600525624,1,0.9855453350854139,0.34498666666667016,0,2L PS of Majhauli to Charout section from km. 0.00 to km. 63.655,1,0,on_roster,1
618956,Roads & Highways,Ministry of Road Transport & Highways,nhai,Bihar,6.21454809662212,1155.0,790.0,20.42,11.5567,-8.8633,1,0,-23.783,0.0,0,0.683982683982684,-11.990801576872535,0,11.990801576872535,6.63675397260274,0,Construction of Major Bridge over Baghmati and Lakhandei River along with Approaches from Design km.16.500 to km.21.500,1,0,on_roster,1
619127,Roads & Highways,Ministry of Road Transport & Highways,nhai,Bihar,7.690171702299964,1461.0,1492.0,24.67,17.6369,-7.0331,1,1,-3.0786,518.0,0,1.0212183436002737,1.0183968462549278,1,15.99868593955322,4.708511704312115,0,4L of Greenfield Alignment from Km. 47.000 to Km. 89.210 of Balbhadarpur to Bela Nawda Section of NH-119D,1,0,on_roster,1
619136,Roads & Highways,Ministry of Road Transport & Highways,national highways authority of india [nhai],Bihar,6.416372740760753,1310.0,1400.0,99.5,52.2644,-47.2356,1,1,2.9258,120.0,0,1.0687022900763359,2.9566360052562417,1,0.9855453350854139,0.5073333333333334,0,Rehabilitation and Upgradation of Chorma - Bairgania Section of National Highway No 227F to 2 lane with paved shoulders from Design Ch.0.000 to Ch. 34.566,1,0,on_roster,1
619152,Roads & Highways,Ministry of Road Transport & Highways,national highways authority of india [nhai],Bihar,7.07660313848422,1461.0,3774.0,99.95,44.4082,-55.5418,1,1,60.5187,2343.0,0,2.5831622176591376,75.9855453350854,1,0.9855453350854139,0.05073333333333045,0,Bakhtiyarpur Km 153.300 to Mokama Km 197.900,1,0,on_roster,1
619166,Roads & Highways,Ministry of Road Transport & Highways,nhai,Bihar,6.645546002503387,1157.0,1278.0,99.4,42.3938,-57.0062,1,1,26.0389,151.0,0,1.104580812445981,3.9750328515111693,1,0.9855453350854139,0.6087999999999942,0,Umagaon-Saharsa Package-V Bakaur-Parsarma-Bangaon-Bariyahi & Spur to Mahishi,1,0,on_roster,1
619289,Roads & Highways,Ministry of Road Transport & Highways,nhai,Bihar,7.415060714148047,1155.0,1916.0,78.09,29.8427,-48.2473,1,1,2.2201,822.0,0,1.6588744588744588,25.0,1,2.0039421813403417,10.933449180327866,0,4L of Munger Mirzachauki section from Munger to Kharia village junction from Km 69520 to Km 95580 Pkg-1,1,0,on_roster,1
619301,Roads & Highways,Ministry of Road Transport & Highways,nhai,Bihar,6.289492911613907,2861.0,4657.0,99.99,31.6417,-68.3483,1,1,17.8534,1857.0,0,1.6277525340789933,59.00131406044678,1,2.0039421813403417,0.004990163934428782,0,Construction of Approach Road to Rail-cum- Road Bridge across river Ganga at Munger Ghat NH-333 B,1,0,on_roster,1
619305,Roads & Highways,Ministry of Road Transport & Highways,nhai,Bihar,7.4790172715519585,1186.0,1916.0,75.04,28.3554,-46.6846,1,1,14.4159,791.0,0,1.615514333895447,23.98160315374507,1,2.0039421813403417,12.455449180327864,0,4L of Munger Mirzachauki section from start of existing Bhagalpur bypass to Rasulpur from Km 125000 to Km 157350 Pkg-3,1,0,on_roster,1
619306,Roads & Highways,Ministry of Road Transport & Highways,nhai,Bihar,6.929360202734522,1124.0,1885.0,93.13,38.693,-54.437,1,1,21.0425,822.0,0,1.6770462633451957,25.0,1,2.0039421813403417,3.4282426229508216,0,4L of Munger Mirzachauki section from Km 95580 to Km 125000 Pkg-2,1,0,on_roster,1
619317,Roads & Highways,Ministry of Road Transport & Highways,nhai,Bihar,7.909999828827465,,,99.45,0.9199,-98.5301,1,1,6.7339,4837.0,0,,157.91721419185282,1,0.9855453350854139,0.5580666666666638,1,4L of Hajipur-Muzaffarpur Section of the existing NH-77 from Km. 0000 Ramashish Chowk to Km. 46300 and new bypass starting at Km. 46300 and connecting NH-28 of E-W Corridor at Km. 515045,1,0,on_roster,1
617908,Roads & Highways,Ministry of Road Transport & Highways,morth,Chhattisgarh,5.093504771918551,1186.0,821.0,32.0,0.0,-32.0,0,0,0.0,0.0,0,0.6922428330522765,-11.990801576872535,0,11.990801576872535,5.671013698630137,0,Bemetara Bypass NH 30,0,0,on_roster,0
617919,Roads & Highways,Ministry of Road Transport & Highways,morth,Chhattisgarh,5.858018865095914,1037.0,2953.0,97.9,0.0,-97.9,0,1,0.0,1673.0,0,2.8476374156219864,62.943495400788436,1,-7.982917214191852,,0,Construction of 4 Nos Grade separtor between km. 281.000 to km. 307.600 km. 286.400 kumhari km. 299.000 Transport Nagar km. 302.000 Power House km. 304.000 Chandra Moura Chowk to km. 305.000 supeia of NH-53 old NH-06 Raipur - Durg 4 Lane on EPC mode in the state of chhattisgarh job NO. NH-53old NH-06 CG- 2017-18-56,0,0,on_roster,0
617971,Roads & Highways,Ministry of Road Transport & Highways,morth,Chhattisgarh,5.778889947143006,1551.0,1217.0,62.0,0.3412,-61.6588,0,0,0.0,0.0,0,0.784655061250806,-10.972404730617608,0,10.972404730617608,3.4632335329341317,0,Up-gradation to Two/Four lane with paved shoulder Configuration of Kondagaon- Narayanpur from design ch. 0.00 - 48.693 Design Length 47.493 Km. 1.20 Km. retained on NH-130D under EPC mode in the State Chhattisgarh.,0,0,on_roster,0
617972,Roads & Highways,Ministry of Road Transport & Highways,morth,Chhattisgarh,5.30663269815175,1278.0,1217.0,0.0,7.47,7.47,0,0,0.0,0.0,0,0.9522691705790297,-2.0039421813403417,0,2.0039421813403417,49.90163934426229,0,Upgradation to Two lane with Paved Shoulder Configuration of Narayanpur Kasturmeta pkg-II from design ch. 48.693 to 70.453 design length21.760 Km. on NH-130D under EPC mode in the state of Chhattisgarh.,0,0,on_roster,0
618014,Roads & Highways,Ministry of Road Transport & Highways,morth,Chhattisgarh,5.298567335303244,1675.0,1492.0,31.0,14.5441,-16.4559,0,0,0.0,0.0,0,0.8907462686567165,-6.011826544021025,0,6.011826544021025,11.477377049180328,0,"Upgradation of Ambikapur-Ramanujganj-Garwa road of NH-343, Package-III, Badki mahri village to Ramanujganj section from existing km 80.600 to km 110.330 Design Ch. 85.370 to Ch. 114.800 of total length 29.430 km to two lane with paved shoulders udner corridor scheme under EPC Mode in the of Chhattisgarh",0,0,on_roster,0
618015,Roads & Highways,Ministry of Road Transport & Highways,morth,Chhattisgarh,5.422347514964887,1402.0,1492.0,55.0,27.6853,-27.3147,1,1,1.5616,334.0,0,1.0641940085592012,2.9566360052562417,1,8.015768725361367,5.613934426229508,0,"Upgradation of Keonchi - Ratanpur Road of NH 45 Package-I, from design chainage km 237.860 to km 273.200 of length 35.340 km to two lane with paved shoulders under Corridor scheme on EPC mode in the state of Chhattisgarh.",0,0,on_roster,0
618016,Roads & Highways,Ministry of Road Transport & Highways,morth,Chhattisgarh,5.987556922276965,1887.0,1492.0,10.22,4.773,-5.447,0,0,0.0,0.0,0,0.7906730259671436,-12.976346911957949,0,12.976346911957949,6.918742278481013,0,"Upgradation of Ambikapur Ramanujganj - Garhwa Road NH 343 of Package-I, Rajpuri Khurd Village to Padih Village section from existing km 7.830 to km 57.650 Design Ch. 13.700 to Ch. 62.700 of total length 49.00 km to two lane with paved shoulders under EPC mode in the state of Chhattisgarh",0,0,on_roster,0
618017,Roads & Highways,Ministry of Road Transport & Highways,morth,Chhattisgarh,5.659482215759621,1402.0,1492.0,60.0,27.507,-32.493,0,1,0.0,334.0,0,1.0641940085592012,2.9566360052562417,1,8.015768725361367,4.99016393442623,0,"Upgradation of Keonchi - Ratanpur Road of NH 45 Package-II, from design chainage km 278.75 to km 321.348 of length 42.598 km to two lane with paved shoulders under Corridor scheme on EPC mode in the state of Chhattisgarh.",0,0,on_roster,0
618018,Roads & Highways,Ministry of Road Transport & Highways,morth,Chhattisgarh,5.864170802700472,1218.0,1492.0,10.0,3.2689,-6.7311,0,1,0.0,518.0,0,1.2249589490968802,9.00131406044678,1,8.015768725361367,11.227868852459016,0,Upgradation of Bilaspur-Takhatpur-Mungeli-Pandariya-Pondi Road on N.H.-130A Package IIIA Takhatpur By-pass from existing Ch. 26.542 to 32.093 [Design Ch. 18.700 to 25.900] & Mungeli By-pass from existing Ch. 45.786 to 56.275 [Design Ch. 29.600 to 51.600] and Package IIIB Pandariya By-Pass from existing Ch. 82.582 to 87.133 [Design Ch. 77.900 to 81.1000 & Pondi By-pass from existing Ch. 103.166 to 104.756 [Design Ch. 97.000 to 103.395] to two lane with paved shoulder configuration in the,0,0,on_roster,0
618589,Roads & Highways,Ministry of Road Transport & Highways,national highways authority of india [nhai],Chhattisgarh,7.511524648390866,1126.0,1400.0,69.87,41.6646,-28.2054,1,1,-9.3693,304.0,0,1.2433392539964476,9.00131406044678,1,0.9855453350854139,30.571906666666663,0,Durg-Raipur Bypass Section Package - 1 from km. 0.00 to km. 44.50 near Tendesara to near Khatti Village,1,0,on_roster,1
618590,Roads & Highways,Ministry of Road Transport & Highways,national highways authority of india [nhai],Chhattisgarh,7.580648730514814,1065.0,1400.0,68.7,37.3644,-31.3356,1,1,-20.2629,579.0,0,1.3145539906103287,11.005256241787121,1,8.015768725361367,3.904803278688524,0,Durg-Raipur-Arang Package - 2 from km. 44.50 to km. 92.23 near Khatti Village to near Aurang,1,0,on_roster,1
618639,Roads & Highways,Ministry of Road Transport & Highways,national highways authority of india [nhai],Chhattisgarh,7.526496750761517,1430.0,2191.0,94.81,51.1471,-43.6629,1,1,36.0139,852.0,0,1.5321678321678323,25.0,1,2.9894875164257555,1.7360835164835158,0,4L of Bilaspur to Urga km 0.00 to 70.2 of NH-130A,1,0,on_roster,1
618640,Roads & Highways,Ministry of Road Transport & Highways,national highways authority of india [nhai],Chhattisgarh,7.724137273876711,1614.0,1492.0,72.77,32.8399,-39.9301,1,0,26.4918,0.0,0,0.9244114002478315,-4.0078843626806835,0,4.0078843626806835,6.794108196721313,0,4L of Urga - Pathalgaon from Km. 70.200 to km. 157.745 of NH-130A,0,0,on_roster,0
618673,Roads & Highways,Ministry of Road Transport & Highways,national highways authority of india [nhai],Chhattisgarh,7.2219746030944485,1035.0,1612.0,98.39,57.9494,-40.4406,1,1,-17.472,852.0,0,1.557487922705314,18.95532194480946,1,9.034165571616294,0.17821236363636359,0,Development of 6L of Jhanki Sargi Section Road from km 0.000 to km 42.800 of NH- 130CD Pkg-CG-1,1,0,on_roster,1
618674,Roads & Highways,Ministry of Road Transport & Highways,national highways authority of india [nhai],Chhattisgarh,7.294193858551555,1127.0,1582.0,99.0,51.7201,-47.2799,1,1,-0.6065,485.0,0,1.4037267080745341,14.947437582128778,1,0.9855453350854139,1.0146666666666668,0,Development of 6L Sargi Basanwahi Section from km 42.800 to km 99.500 of NH- 130CD Pkg-CG-2,1,0,on_roster,1
618675,Roads & Highways,Ministry of Road Transport & Highways,national highways authority of india [nhai],Chhattisgarh,7.176376848695176,1310.0,1492.0,63.66,34.9961,-28.6639,1,1,-0.2701,516.0,0,1.1389312977099237,5.978975032851511,1,10.972404730617608,3.311944910179641,0,Development of 6L of Basanwahi Marangpuri Section from km 99.500 to km 124.661 of NH-130-CD,0,0,on_roster,0
618957,Roads & Highways,Ministry of Road Transport & Highways,national highways authority of india [nhai],Chhattisgarh,6.911079746810157,1064.0,1885.0,98.75,59.8588,-38.8912,1,1,30.1438,851.0,0,1.7716165413533835,26.971090670170828,1,0.9855453350854139,1.2683333333333333,0,4 laning of Champa - Korba from km 0.00 to km 38.2,1,0,on_roster,1
619103,Roads & Highways,Ministry of Road Transport & Highways,national highways authority of india [nhai],Chhattisgarh,7.00080836801791,913.0,3835.0,100.0,9.1533,-90.8467,1,1,6.9164,2952.0,0,4.2004381161007665,95.99211563731932,1,0.9855453350854139,0.0,0,4/6 Laning of Raipur-Simga Pkg-I from km. 0.00 to km. 48.58,1,0,on_roster,1
619167,Roads & Highways,Ministry of Road Transport & Highways,national highways authority of india [nhai],Chhattisgarh,6.764000375336999,1096.0,2313.0,93.1,46.0832,-47.0168,1,1,47.4119,1278.0,0,2.1104014598540144,39.98028909329829,1,2.0039421813403417,3.443213114754101,0,4 Laning with PS of Pathrapalli-Katghora km 53.3 to km 92.6 Pkg-II of Bilaspur Kathghora,1,0,on_roster,1
619183,Roads & Highways,Ministry of Road Transport & Highways,morth,Dadra & Nagar Haveli and Daman & Diu,5.2936062868179175,1219.0,1278.0,52.0,30.4838,-21.5162,1,0,20.9583,0.0,0,1.0484003281378178,1.938239159001314,1,-1.938239159001314,,0,Widening of Existing Road from Intermediate Lane 2-lane to 4-lane Between Km 19.994 to Km 35.180 of NH-848A Rakholi-Khadoli-Velugam Section in U.T. of Dadra and Nagar Haveli and Daman and Diu,1,0,on_roster,1
618509,Roads & Highways,Ministry of Road Transport & Highways,national highways authority of india [nhai],Delhi,7.64536900461235,1187.0,2100.0,99.99,81.8594,-18.1306,1,1,5.4313,943.0,0,1.7691659646166806,29.993429697766096,1,0.9855453350854139,0.010146666666671859,0,Development of 6L UER II [Package - I] NH-1 Near Bakoli till Karala Kanjhawala Road from km. 0.70 to km.15.00,1,0,on_roster,1
619090,Roads & Highways,Ministry of Road Transport & Highways,national highways authority of india [nhai],Delhi,7.634661167682778,1369.0,3012.0,100.0,71.5027,-28.4973,1,1,29.1415,1673.0,0,2.200146092037984,53.975032851511166,1,0.9855453350854139,0.0,0,8L of Dwarka Expressway Pkg-II RuB near Dwarka Sector 21-DL/HR Border from 5.300 Km.to 9.500 Km. of NH-248BB,1,0,on_roster,1
619202,Roads & Highways,Ministry of Road Transport & Highways,national highways authority of india [nhai],Delhi,7.671207136902019,1645.0,2953.0,98.8,78.8228,-19.9772,1,1,83.2217,1338.0,0,1.7951367781155014,42.96977660972404,1,0.9855453350854139,1.217600000000003,0,Dwarka Expressway from Km -0.600 to Km 5.300 - Pkg-I Shivmurti Chowk-RuB near Dwarka Sector 21,1,0,on_roster,1
617941,Roads & Highways,Ministry of Road Transport & Highways,morth,Goa,5.989587787095122,1310.0,639.0,0.0,0.0,0.0,0,0,0.0,0.0,0,0.48778625954198473,-22.043363994743757,0,22.043363994743757,4.536512667660209,0,4-Laning from End of Zuari approaches to Start of Margao Bypass section of NH-66 from Km 536.800 to Km 543.450,0,0,on_roster,0
617942,Roads & Highways,Ministry of Road Transport & Highways,morth,Goa,6.465304558022001,1096.0,1096.0,90.59,0.0,-90.59,0,1,0.0,183.0,0,1.0,0.0,0,6.011826544021025,1.5652480874316934,0,Construction of Six lane Elevated Corridor from Km. 508.000 to Km. 513.150 including approaches on NH-66,0,0,on_roster,0
618609,Roads & Highways,Ministry of Road Transport & Highways,national highways authority of india [nhai],Goa,6.140056951157809,912.0,821.0,43.75,40.1827,-3.5673,1,1,-31.7008,304.0,0,0.9002192982456141,-2.9894875164257555,0,12.976346911957949,4.334810126582279,0,Construction of 4L Flyover from MES College Junction to Bogmalo Junction on NH- 566 from Km. 7.106 to Km. 10.460 and 4L VUP at Queeny Nagar Junction from Km. 3.330 to Km. 4.550,0,0,on_roster,0
617906,Roads & Highways,Ministry of Road Transport & Highways,morth,Gujarat,5.511814540810441,1553.0,1278.0,35.0,0.0,-35.0,1,0,18.0819,0.0,0,0.8229233741146169,-9.034165571616294,0,9.034165571616294,7.194909090909092,0,Up-gradation of Dhoraji-Jamkandorna-Kalavad Section of NH-927D from Design Chainage km 0/00 to km 58/115 to Two lane with PS configuration in the State of Gujarat on EPC,0,0,on_roster,0
617916,Roads & Highways,Ministry of Road Transport & Highways,morth,Gujarat,7.167338757569021,1432.0,761.0,26.0,0.0,-26.0,0,0,0.0,0.0,0,0.5314245810055865,-22.043363994743757,0,22.043363994743757,3.3570193740685546,0,Work of 6 laning/Construction of elevated corridor from km 0/0 to 10/170 Narol Junction to Sarkhej junction including 4 lane Shastri Bridge on Sabarmati river on NH 47 in the State of Gujarat on HAM mode,0,0,on_roster,0
617926,Roads & Highways,Ministry of Road Transport & Highways,morth,Gujarat,5.989963420981715,1248.0,761.0,33.0,0.0,-33.0,0,0,0.0,0.0,0,0.6097756410256411,-15.99868593955322,0,15.99868593955322,4.1878439425051335,0,Construction of new 4 lane major bridge with approaches on Sabarmati River near Dharoi at Km. 82/00 to 86/00 Design length 3.300 km on NH-58 in the State of Gujarat on Hybrid Annuity Mode HAM,0,0,on_roster,0
617927,Roads & Highways,Ministry of Road Transport & Highways,morth,Gujarat,6.551351726784763,1279.0,761.0,24.0,0.0,-24.0,0,0,0.0,0.0,0,0.5949960906958561,-17.017082785808146,0,17.017082785808146,4.466100386100386,0,Widening to 2LPS between Km 0/0 to 56/0 Khokhara Gujarat Border Vijayanagar Antrasuba Mathasur road of NH 58 in the State of Gujarat,0,0,on_roster,0
617928,Roads & Highways,Ministry of Road Transport & Highways,morth,Gujarat,5.0247354184750375,1461.0,1492.0,98.0,0.0,-98.0,1,1,13.3263,92.0,0,1.0212183436002737,1.0183968462549278,1,2.0039421813403417,0.9980327868852459,0,"Widening 2 lane to 4-lane from KM 92/320 to Km 115/320 Vav Chokdi-Satlasana to to Vrundavan Chokdi, Kheralu on NH-58 in the State of Gujarat.",1,0,on_roster,1
617976,Roads & Highways,Ministry of Road Transport & Highways,morth,Gujarat,6.275138598162224,1188.0,1127.0,80.0,10.994,-69.006,0,0,0.0,0.0,0,0.9486531986531986,-2.0039421813403417,0,2.0039421813403417,9.98032786885246,0,Work of development and construction of elevated corridorfrom km 38/660 to km 42/690 Iscon junction to start point of approach of sanand flyover of NH-147 in the sate of Gujarat,1,0,on_roster,1
618022,Roads & Highways,Ministry of Road Transport & Highways,morth,Gujarat,5.159400067361368,974.0,1217.0,67.0,10.2839,-56.7161,1,1,26.5919,487.0,0,1.2494866529774127,7.982917214191852,1,8.015768725361367,4.116885245901639,0,Upgradation to two lane with paved Shoulder Configuaration from Km. 0/00 to 47/000 of NH 351 Mahuva to Badhada section in the State of Gujarat,0,0,on_roster,0
618107,Roads & Highways,Ministry of Road Transport & Highways,morth,Gujarat,7.052902693633634,1582.0,790.0,11.0,2.7778,-8.2222,0,0,0.0,0.0,0,0.4993678887484197,-26.018396846254927,0,26.018396846254927,3.4206565656565657,0,Upgradation of Mehsana-Visnagar-vadnagar-Kheralu-Idar section from km 0/00 to 81/300 of NH 168G Mehsana to Idar in the State of GujaratTotal Length 81.300 Km on Hybrid Annuity Mode HAM,0,0,on_roster,0
618108,Roads & Highways,Ministry of Road Transport & Highways,morth,Gujarat,5.473446452760487,1187.0,1308.0,63.0,0.0,-63.0,0,1,0.0,151.0,0,1.1019376579612468,3.9750328515111693,1,0.9855453350854139,37.54266666666667,0,Up-gradation and strengthening to 2lanePS from Km 95/500 to km 129/775 of Nh 168G Idar-Bhiloda-Samlaji in the state of Gujarat Length 34.275 km,1,0,on_roster,1
618459,Roads & Highways,Ministry of Road Transport & Highways,national highways authority of india [nhai],Gujarat,7.35000223118283,1430.0,2038.0,77.2,69.6608,-7.5392,1,1,0.0772,638.0,0,1.425174825174825,19.97371879106439,1,0.9855453350854139,23.1344,0,Delhi-Vadodara Greenfield Alignment NH-148N Pkg-26 Ch.696890 to Ch.726390,1,0,on_roster,1
618462,Roads & Highways,Ministry of Road Transport & Highways,national highways authority of india [nhai],Gujarat,7.4060122470722725,1277.0,2343.0,100.0,58.3633,-41.6367,1,1,0.3824,1096.0,0,1.8347689898198905,35.019710906701704,1,0.9855453350854139,0.0,0,Delhi-Vadodara Greenfield Alignment NH-148N Pkg-31 Ch.824920 to Ch.844382 [Junction near Pratap nagar Village - Junction near Dodka Village],1,0,on_roster,1
618463,Roads & Highways,Ministry of Road Transport & Highways,national highways authority of india [nhai],Gujarat,7.189801499815289,1338.0,2981.0,91.34,44.4794,-46.8606,1,1,111.9109,1704.0,0,2.2279521674140508,53.975032851511166,1,2.0039421813403417,4.321481967213113,0,Vadodara Mumbai Expressway Kim to Ankleshwar Phase IA - Pkg V,1,0,on_roster,1
618467,Roads & Highways,Ministry of Road Transport & Highways,national highways authority of india [nhai],Gujarat,7.861407304051566,823.0,1005.0,21.75,8.2241,-13.5259,1,1,-0.2748,243.0,0,1.221142162818955,5.978975032851511,1,2.0039421813403417,39.048032786885244,0,Vadodara Mumbai Expressway Karvad - Jujuwa from Km. 128.000 to Km. 154.600 Phase-I Package-IX,1,0,on_roster,1
618503,Roads & Highways,Ministry of Road Transport & Highways,national highways authority of india [nhai],Gujarat,6.942195352295675,1156.0,2161.0,100.0,82.7187,-17.2813,1,1,11.7375,1035.0,0,1.8693771626297577,33.01576872536137,1,0.9855453350854139,0.0,0,Ahmedabad - Dholera Pkg III from km. 48.52 to km. 71.06 [Vejallka Village - Start of DSIR zone],1,0,on_roster,1
618504,Roads & Highways,Ministry of Road Transport & Highways,national highways authority of india [nhai],Gujarat,7.075605969347635,1309.0,2161.0,97.92,88.6364,-9.2836,1,1,14.9751,882.0,0,1.6508785332314744,27.989487516425754,1,0.9855453350854139,2.110506666666665,0,Ahmedabad - Dholera Pkg IV from km. 71.06 to km. 109.019 [Start of DSIR zone - Adhelai Village],1,0,on_roster,1
618507,Roads & Highways,Ministry of Road Transport & Highways,national highways authority of india [nhai],Gujarat,6.148040854150079,365.0,669.0,84.15,110.459,26.309,1,1,7.4293,365.0,0,1.832876712328767,9.986859395532194,1,2.0039421813403417,7.909409836065571,0,"Balance work of Six Laning of Shamlaji-Motachiloda from Km. 401.200 to Km.494.410 section Design Chainage Km.447.385 to Km 540.595, Length- 93.210 Km of old NH-8 NH-48 in the state of Gujarat on single Percentage Item Rate Contract",1,0,on_roster,1
618508,Roads & Highways,Ministry of Road Transport & Highways,national highways authority of india [nhai],Gujarat,6.811673801804452,1036.0,761.0,46.39,38.117,-8.273,0,0,0.0,0.0,0,0.7345559845559846,-9.034165571616294,0,9.034165571616294,5.9341396363636365,0,Construction of Additional Structures including Approaches in Vadodara Surat Section of NH48 between existing Km. 108.000 to Km. 250.000,1,0,on_roster,1
618564,Roads & Highways,Ministry of Road Transport & Highways,national highways authority of india [nhai],Gujarat,7.3490764718655495,1065.0,1186.0,57.59,82.0617,24.4717,1,1,-97.7899,396.0,0,1.1136150234741784,3.9750328515111693,1,9.034165571616294,4.694401454545455,0,6L with PS of Samakhiyali to Santalpur section from km. 339.700 to Km. 430.100 of NH-27,1,0,on_roster,1
618615,Roads & Highways,Ministry of Road Transport & Highways,national highways authority of india [nhai],Gujarat,6.658203581891623,1124.0,2251.0,99.7,79.3944,-20.3056,1,1,7.3765,1157.0,0,2.0026690391459074,37.023653088042046,1,0.9855453350854139,0.3043999999999971,0,Sanchore - Santalpur from km 99.000 - km 130.073 of NH-754K AJ-RGBS-Package-4,1,0,on_roster,1
618616,Roads & Highways,Ministry of Road Transport & Highways,national highways authority of india [nhai],Gujarat,6.440276459719512,1067.0,761.0,26.0,24.9243,-1.0757,1,0,-27.1812,0.0,0,0.7132146204311153,-10.052562417871222,0,10.052562417871222,7.361307189542484,0,4L of Dhrol bypass section of NH-151A Approx. length 5.7 Km & widening upto 4 laning of missing link of Amran section of NH-151A Approx. length 6.55 Km from existing Ch. 42000 to 48500 of ongoing Dhrol-Bhadra-Pipaliya section of NH-151A,0,0,on_roster,0
618787,Roads & Highways,Ministry of Road Transport & Highways,national highways authority of india [nhai],Gujarat,7.225525139951141,1188.0,1492.0,96.0,49.4295,-46.5705,1,1,22.8825,457.0,0,1.2558922558922558,9.986859395532194,1,5.026281208935611,0.7958169934640523,0,"Upgradation to 4L PS from Bhimasar, Junction of NH-41 to Anjar- Bhuj upto Airport Junction from Km 0.000 to Km 65.478 of NH-341",1,0,on_roster,1
618901,Roads & Highways,Ministry of Road Transport & Highways,national highways authority of india [nhai],Gujarat,7.075250804657419,1186.0,1582.0,84.7,79.7875,-4.9125,1,1,-7.0352,518.0,0,1.3338954468802697,13.009198423127463,1,4.0078843626806835,3.8174754098360646,0,4L PS Divided Carriageway from Patan Near Rajpur to Gojariya From Km 52.000 to Km 128.940 of NH-68,1,0,on_roster,1
618930,Roads & Highways,Ministry of Road Transport & Highways,national highways authority of india [nhai],Gujarat,7.081254701602981,1706.0,1127.0,13.98,8.8018,-5.1782,1,0,-24.44,0.0,0,0.660609613130129,-19.021024967148488,0,19.021024967148488,4.522364075993091,0,4L PS from Ch. 94.030 in Jabugam Village to Ch. 132.320 in Dhamasiya Village of NH-56 Pkg-III,0,0,on_roster,0
618931,Roads & Highways,Ministry of Road Transport & Highways,national highways authority of india [nhai],Gujarat,6.639901977275643,1706.0,1127.0,2.6,4.5541,1.9541,1,0,-25.7925,0.0,0,0.660609613130129,-19.021024967148488,0,19.021024967148488,5.1206493955095,0,4L PS from Ch. 179.780 in Bitada/Movi Village to Ch. 208.900 in Nasarpore Village of NH-56 Pkg-V,0,0,on_roster,0
619087,Roads & Highways,Ministry of Road Transport & Highways,national highways authority of india [nhai],Gujarat,7.635999296579512,1280.0,1492.0,69.66,65.7438,-3.9162,1,1,-32.8505,487.0,0,1.165625,6.964520367936925,1,9.034165571616294,3.3583621818181824,0,Widening to 6L of Existing 4L Jetpur - Gondal - Rajkot Section from Km. 117.600 to Km. 185.00 on NH-27,0,0,on_roster,0
619145,Roads & Highways,Ministry of Road Transport & Highways,national highways authority of india [nhai],Gujarat,6.77845492288543,1277.0,3712.0,100.0,55.9628,-44.0372,1,1,28.3636,2039.0,0,2.906812842599843,79.99342969776609,1,-13.009198423127463,,0,Four Laning of Una to Kodinar from km. 180.478 to km. 221.610 Package-V,0,0,on_roster,0
619197,Roads & Highways,Ministry of Road Transport & Highways,national highways authority of india [nhai],Gujarat,7.078923197906002,1248.0,2038.0,97.0,78.7027,-18.2973,1,1,6.2057,820.0,0,1.6330128205128205,25.952693823915897,1,0.9855453350854139,3.044,0,Delhi-Vadodara Greenfield Alignment NH-148N Pkg-27 Ch.729.700 to Ch.756.052,1,0,on_roster,1
618482,Roads & Highways,Ministry of Road Transport & Highways,national highways authority of india [nhai],Haryana,7.532350562240293,1095.0,1947.0,99.91,44.5088,-55.4012,1,1,30.1855,882.0,0,1.7780821917808218,27.989487516425754,1,0.9855453350854139,0.09132000000000347,0,Delhi-Amritsar-Katra Expressway Phase-I Pkg-I from Jussur Kheri on NH-KMP Expressway to Junction with Rohtak-Panipat road NH-709 near Rukhi Paani village Km 0000 to Km 34000,1,0,on_roster,1
618483,Roads & Highways,Ministry of Road Transport & Highways,national highways authority of india [nhai],Haryana,7.336200965881104,1126.0,1947.0,99.89,54.1732,-45.7168,1,1,16.8632,851.0,0,1.7291296625222026,26.971090670170828,1,0.9855453350854139,0.11161333333333276,0,Delhi-Amritsar-Katra Expressway Phase-I Pkg-II from Junction with Rohtak-Panipat road NH-709 near Rukhi Paani village to Junction with Jind-Panipat road NH-352A near Gangana village Km 34000 to Km 60800,1,0,on_roster,1
618506,Roads & Highways,Ministry of Road Transport & Highways,national highways authority of india [nhai],Haryana,5.998291192450259,1095.0,700.0,45.02,39.1176,-5.9024,1,0,-40.2549,0.0,0,0.639269406392694,-12.976346911957949,0,12.976346911957949,4.236939746835443,0,"Construction of Additional Structures, Improvement of Service Road & Maintenance of Six Lane Gurgaon-Jaipur Section of NH-48 old NH-8 between km 42700 to km 107100 in the State of Haryana",0,0,on_roster,0
618580,Roads & Highways,Ministry of Road Transport & Highways,national highways authority of india [nhai],Haryana,7.151728381106427,1277.0,2647.0,97.86,37.502,-60.358,1,1,53.4874,1400.0,0,2.0728269381362567,45.006570302233904,1,0.9855453350854139,2.1713866666666672,0,Gohana - Sonipat PKG-2,1,0,on_roster,1
618788,Roads & Highways,Ministry of Road Transport & Highways,national highways authority of india [nhai],Haryana,6.833268773655311,1157.0,1492.0,87.05,31.3157,-55.7343,1,1,26.5784,365.0,0,1.2895419187554018,11.005256241787121,1,0.9855453350854139,13.139933333333337,0,4L Greenfield Jalbhera Shahbad section from km. 0.000 to km. 22.850 of NH-152G,1,0,on_roster,1
618792,Roads & Highways,Ministry of Road Transport & Highways,national highways authority of india [nhai],Haryana,7.1938586058707035,1126.0,1247.0,99.5,38.4877,-61.0123,1,1,-13.984,151.0,0,1.1074600355239788,3.9750328515111693,1,0.9855453350854139,0.5073333333333334,0,4L Bhiwani-Hansi road section of NH-148B,1,0,on_roster,1
618936,Roads & Highways,Ministry of Road Transport & Highways,national highways authority of india [nhai],Haryana,7.1471658027602185,1068.0,1492.0,63.0,73.8838,10.8838,1,1,-27.5754,819.0,0,1.3970037453183521,13.92904073587385,1,12.976346911957949,2.851341772151899,0,Jagadhari - Tajewala from Km -0.175 to 32.337 km of NH-344,0,0,on_roster,0
619080,Roads & Highways,Ministry of Road Transport & Highways,national highways authority of india [nhai],Haryana,6.997915858690094,973.0,1155.0,79.34,35.0732,-44.2668,1,1,12.0785,335.0,0,1.1870503597122302,5.978975032851511,1,5.026281208935611,4.110394771241829,0,4L PS of Ambala Ring Road of New NH-44,0,0,on_roster,0
619092,Roads & Highways,Ministry of Road Transport & Highways,national highways authority of india [nhai],Haryana,6.902963818246007,1277.0,2647.0,99.97,38.8146,-61.1554,1,1,61.6161,1400.0,0,2.0728269381362567,45.006570302233904,1,0.9855453350854139,0.030440000000001157,0,4L of Jind-Gohana road Package-1 from km. 0.00 to km. 40.601 of NH-352 A under NHO,1,0,on_roster,1
619132,Roads & Highways,Ministry of Road Transport & Highways,national highways authority of india [nhai],Haryana,7.50165654488411,1279.0,2161.0,72.5,27.2407,-45.2593,1,1,5.9369,1004.0,0,1.689601250977326,28.97503285151117,1,4.0078843626806835,6.861475409836065,0,4/6L of Gurgaon - Pataudi - Rewari from km. 0.00 to km.43.87 of NH-352W,0,0,on_roster,0
619201,Roads & Highways,Ministry of Road Transport & Highways,national highways authority of india [nhai],Haryana,7.463047447818395,1004.0,1247.0,91.61,22.5932,-69.0168,1,1,17.2322,426.0,0,1.2420318725099602,7.982917214191852,1,6.011826544021025,1.3955825136612023,0,Karnal ring road Lot-4/Pkg-1,0,0,on_roster,0
618215,Roads & Highways,Ministry of Road Transport & Highways,morth,Himachal Pradesh,5.618079332463229,2191.0,1765.0,22.26,0.0,-22.26,1,0,-29.29,0.0,0,0.8055682336832497,-13.994743758212877,0,13.994743758212877,5.554942723004695,0,"Improvement/construction of existing CL-5 Road to NH Intermediate lane specification with hard shoulder from Km 166.000 to 203.77 net Length 37.770 kms of NH-505 Sumdo-Kaza-Gramphoo road in the state of Himachal Pradesh on EPC mode under project Deepak, BRO",0,0,on_roster,0
618216,Roads & Highways,Ministry of Road Transport & Highways,morth,Himachal Pradesh,5.444795832926761,1918.0,1857.0,23.24,7.4625,-15.7775,1,1,-11.8846,457.0,0,0.9681960375391032,-2.0039421813403417,0,17.017082785808146,4.510761389961391,0,"Improvement/construction of existing CL-5 Road to NH Intermediate lane specification with hard shoulder from Km 133.000 to 166.000 net Length 33.000 kms of NH-505 Sumdo-Kaza-Gramphoo road in the state of Himachal Pradesh on EPC mode under project Deepak, BRO",0,0,on_roster,0
618217,Roads & Highways,Ministry of Road Transport & Highways,morth,Himachal Pradesh,5.754697364124307,1887.0,1857.0,60.02,31.5257,-28.4943,1,1,-22.4108,457.0,0,0.9841017488076311,-0.9855453350854139,0,15.99868593955322,2.49895523613963,0,Improvement/construction of existing Class-5 Road to NH Intermediate lane specification with hard shoulder from existing Km 76/340 to 134/940 Design chainage from Km 76/300 to 133/000 net Length 56.700 kms of NH-505 Sumdo-Kaza- Gramphoo road in the state of Himachal Pradesh Package I,0,0,on_roster,0
618230,Roads & Highways,Ministry of Road Transport & Highways,morth,Himachal Pradesh,5.753587996191707,1704.0,2069.0,67.92,0.0,-67.92,0,1,0.0,609.0,0,1.2142018779342723,11.990801576872535,1,8.015768725361367,4.002111475409835,0,Rehabilitation and Upgradation to 2-lane configuration of Kalwahn-Mandi Section km 208.950 to 250.592 of NH-70 in the State of Himachal Pradesh under Green National Highways Corridor Project GNHCP with the loan assistance of World Bank on EPC mode.Package-3,0,0,on_roster,0
618231,Roads & Highways,Ministry of Road Transport & Highways,morth,Himachal Pradesh,5.921390734471734,1583.0,2069.0,91.49,53.3272,-38.1628,0,1,0.0,516.0,0,1.3070120025268477,15.965834428383705,1,0.9855453350854139,8.634813333333339,0,Rehabilitation and Upgradation to 2-lane configuration of Hamirpur-Karnohal Section km 141.00 to 181.00 of NH-70 in the State of Himachal Pradesh under Green National Highways Corridor Project GNHCP with the loan assistance of World Bank on EPC mode.Package-1,1,0,on_roster,1
618232,Roads & Highways,Ministry of Road Transport & Highways,morth,Himachal Pradesh,5.531886383345829,2099.0,2069.0,55.85,39.0064,-16.8436,1,1,-24.4814,214.0,0,0.985707479752263,-0.9855453350854139,0,8.015768725361367,5.50789344262295,0,Rehabilitation and Upgradation to 2-lane configuration of Karnohal- Kalwahn Section km 181.00 to 208.950 of NH-70 in the State of Himachal Pradesh under Green National Highways Corridor Project GNHCP with the loan assistance of World Bank on EPC mode.Package-2,0,0,on_roster,0
618253,Roads & Highways,Ministry of Road Transport & Highways,morth,Himachal Pradesh,6.770732082815469,2100.0,1035.0,0.0,0.0,0.0,1,0,2.9749,0.0,0,0.4928571428571429,-34.98685939553219,0,34.98685939553219,2.8582159624413146,1,Construction of missing link from Birhu to Lathiani from Km 35/550 Design chainage Km 0.000 to Km 42/800 Design Chainage Km 8.153on NH-503A including Lathiani Bridge on back water of Govindsagar and its approaches in Himachal Pradesh.,0,0,on_roster,0
618850,Roads & Highways,Ministry of Road Transport & Highways,national highways authority of india [nhai],Himachal Pradesh,7.289692429359422,1583.0,3683.0,100.0,51.3819,-48.6181,1,1,12.8097,2130.0,0,2.326595072646873,68.98817345597897,1,0.9855453350854139,0.0,0,Nerchowk km 190.000 to Pandoh including Pandoh bypass km221.305,1,0,on_roster,1
618851,Roads & Highways,Ministry of Road Transport & Highways,national highways authority of india [nhai],Himachal Pradesh,8.137673569261324,1553.0,3226.0,95.62,43.0592,-52.5608,1,1,30.585,1734.0,0,2.077269800386349,54.96057818659658,1,2.0039421813403417,2.185691803278686,0,Pandoh bypass 221.305 to Takoli 242.000 of NH-21 in the state of Himachal Pradesh,1,0,on_roster,1
618852,Roads & Highways,Ministry of Road Transport & Highways,national highways authority of india [nhai],Himachal Pradesh,5.258068124640351,851.0,1520.0,100.0,94.8259,-5.1741,1,1,0.5233,699.0,0,1.7861339600470034,21.97766097240473,1,0.9855453350854139,0.0,0,4L Sundar Nagar Bypass from Km.173.900 to Km.179.600 of NH-21,1,0,on_roster,1
618878,Roads & Highways,Ministry of Road Transport & Highways,national highways authority of india [nhai],Himachal Pradesh,6.547717544338216,1280.0,1492.0,96.6,40.9585,-55.6415,1,1,11.4749,273.0,0,1.165625,6.964520367936925,1,2.0039421813403417,1.6966557377049207,0,Rehabilitation and Upgradation to 4L configuration & Strengthening of Sihuni to Rajol from Km 51.000 to Km 72.000 of NH-154 Package-IIA,1,0,on_roster,1
618879,Roads & Highways,Ministry of Road Transport & Highways,national highways authority of india [nhai],Himachal Pradesh,6.837182588809974,1614.0,1400.0,92.01,36.4577,-55.5523,0,0,0.0,0.0,0,0.8674101610904585,-7.030223390275952,0,7.030223390275952,1.1365214953271021,0,Rehabilitation and Upgradation to 2L PS configuration & Strengthening of Padhar to Bijni section from Km 180.000 to Km 202.815 of NH-154 Pkg-VA,0,0,on_roster,0
618880,Roads & Highways,Ministry of Road Transport & Highways,national highways authority of india [nhai],Himachal Pradesh,6.705247341267999,1249.0,1370.0,51.56,30.0484,-21.5116,1,1,-18.2535,486.0,0,1.0968775020016013,3.9750328515111693,1,11.990801576872535,4.039763287671233,0,Rehabilitation and Up-gradation to 4L configuration & Strengthening of Thanpuri to Paror section from Km 85.135 to Km 100.840 of NH-154 Pkg-IIC,0,0,on_roster,0
618881,Roads & Highways,Ministry of Road Transport & Highways,national highways authority of india [nhai],Himachal Pradesh,7.015730373647435,1673.0,1155.0,27.8,30.1864,2.3864,1,0,-0.0566,0.0,0,0.6903765690376569,-17.017082785808146,0,17.017082785808146,4.2427953667953675,0,4L PS bijni to mandi section from Km 202.815 to Km 208.000 of NH-20 New NH-154 of Pathankot-Mandi Package-VB,0,0,on_roster,0
618888,Roads & Highways,Ministry of Road Transport & Highways,national highways authority of india [nhai],Himachal Pradesh,7.045070752931492,1127.0,1492.0,91.35,21.5977,-69.7523,1,1,18.5336,426.0,0,1.323868677905945,11.990801576872535,1,2.0039421813403417,4.316491803278691,0,Rehabilitation and Up-gradation of existing road to 2L PS from End of Hamirpur Bypass near Chilbahal to Bhangbar section from Km. 138.295 to Km.175.270 of NH- 88 Pkg-IV,1,0,on_roster,1
618889,Roads & Highways,Ministry of Road Transport & Highways,national highways authority of india [nhai],Himachal Pradesh,7.18837497143341,1371.0,1857.0,97.45,45.0699,-52.3801,1,1,38.2887,547.0,0,1.3544857768052516,15.965834428383705,1,2.0039421813403417,1.2724918032786872,0,"4L of Bhangbar Near Ranital to Kangra Bypass Section of Old NH-88 New NH- 303,503 up to Intersection with NH-154 from Km 175.270 to Km 193.400 Pkg-VB",1,0,on_roster,1
618890,Roads & Highways,Ministry of Road Transport & Highways,national highways authority of india [nhai],Himachal Pradesh,6.607177074395275,1157.0,1339.0,92.57,30.9253,-61.6447,1,1,2.0869,243.0,0,1.1573033707865168,5.978975032851511,1,2.0039421813403417,3.7076918032786916,0,2L PS of Hamirpur Bypass from Km 121.175 to Km.138.295 of NH-103&3,1,0,on_roster,1
618891,Roads & Highways,Ministry of Road Transport & Highways,national highways authority of india [nhai],Himachal Pradesh,7.127236130794443,1216.0,821.0,20.95,10.2578,-10.6922,1,1,-36.7654,123.0,0,0.6751644736842105,-12.976346911957949,0,17.017082785808146,4.645332046332046,0,4L PS from Kalar Bala Village to Nauni Chowk of NH 205 from Km 41.000 to Km 58.450,0,0,on_roster,0
618921,Roads & Highways,Ministry of Road Transport & Highways,national highways authority of india [nhai],Himachal Pradesh,7.441015357862887,1492.0,1492.0,54.0,37.0307,-16.9693,1,1,55.4935,609.0,0,1.0,0.0,0,20.006570302233904,2.2992446633825945,0,4L of Kathlighat to Shakral Village from Km 128.835 to Km 146.300 of NH- 5 Shimla Bypass - Pkg I,0,0,on_roster,0
618922,Roads & Highways,Ministry of Road Transport & Highways,national highways authority of india [nhai],Himachal Pradesh,7.579300814984322,1795.0,1461.0,63.17,42.9111,-20.2589,1,1,47.2565,275.0,0,0.8139275766016713,-10.972404730617608,0,20.006570302233904,1.840895238095238,0,4L of Shakral Village to Dhalli Section from Km 146.300 to Km 156.560 Shimla Bypass - Pkg II and Shimla connectivity from Km 0.000 to Km 0.725 of NH-5,0,0,on_roster,0
619003,Roads & Highways,Ministry of Road Transport & Highways,national highways authority of india [nhai],Himachal Pradesh,6.783030706508703,1157.0,2953.0,90.11,42.9106,-47.1994,1,1,72.3331,2010.0,0,2.5522904062229905,59.00131406044678,1,7.030223390275952,1.4067831775700936,0,Solan - Kaithlighat Section of NH-22 Now NH-5 from Km. 106.139 to Km.129.05,0,0,on_roster,0
619153,Roads & Highways,Ministry of Road Transport & Highways,national highways authority of india [nhai],Himachal Pradesh,6.910860452935552,1157.0,1857.0,60.06,39.4002,-20.6598,1,1,36.017,853.0,0,1.6050129645635263,22.996057818659658,1,5.026281208935611,7.946232679738562,0,4L of HP/Punjab Border - Mo from km. 11.00 to km. 42.00 of Old NH-20 New NH-154 Package-IA,1,0,on_roster,1
618038,Roads & Highways,Ministry of Road Transport & Highways,morth,Jammu and Kashmir,5.4180540481503705,1401.0,761.0,3.0,0.0,-3.0,0,0,0.0,0.0,0,0.5431834403997144,-21.02496714848883,0,21.02496714848883,4.6135625000000005,0,Construction of Shopian Bypass on NH-444 taking off from existing chainage Km 36500 and re-joining at km 47588 of existing Chainage New Design Ch. From km 28000 to km 36925 as 2- lane with paved shoulder in the UT of Jammu & Kashmir on EPC mode.,0,0,on_roster,0
618201,Roads & Highways,Ministry of Road Transport & Highways,morth,Jammu and Kashmir,6.555499129205115,1157.0,943.0,45.0,0.0,-45.0,0,0,0.0,0.0,0,0.8150388936905791,-7.030223390275952,0,7.030223390275952,7.823364485981309,0,"Widening and strengthening to 2 lane with paved shoulder from existing Ch. Km 56720 to Km 100820 and Design Ch. From Km 62600 to Km 106360 Total Length43.760 Km on SRINAGAR -BARAMULA URINH-01 in the UT of Jammu & Kashmir under project BEACON, Border Roads Organization BRO on EPC mode.",1,0,on_roster,1
618202,Roads & Highways,Ministry of Road Transport & Highways,morth,Jammu and Kashmir,6.901163601532742,1280.0,1127.0,39.84,3.4269,-36.4131,0,0,0.0,0.0,0,0.88046875,-5.026281208935611,0,5.026281208935611,11.969087581699347,0,Construction of 2 lane with paved shoulders Baramulla Bypass Greenfield bypass from existing Ch. Km 47020 to Km 56720 and Design Ch. From 48500 to 62600 Total length 14.100 km on road Srinagar Baramulla Uri NH-01 in the UT of Jammu & Kashmir under Project.Package-III,1,0,on_roster,1
618203,Roads & Highways,Ministry of Road Transport & Highways,morth,Jammu and Kashmir,6.88878650393452,1218.0,1127.0,50.01,0.0275,-49.9825,0,0,0.0,0.0,0,0.9252873563218391,-2.9894875164257555,0,2.9894875164257555,16.721929670329672,0,"Construction of 4 lane with paved shoulder Pattan bypass Greenfield bypass from existing Ch. Km 24320 to Km 33760 and Design Ch. from Km 24400 to Km 35300, total length 10.900 km on road SrinagarBaramulla Uri NH-01 in the UT of Jammu & Kashmir under Project BEACON, Border Roads Organization BRO on EPC mode. Package-II",1,0,on_roster,1
618204,Roads & Highways,Ministry of Road Transport & Highways,morth,Jammu and Kashmir,6.057135239597628,1308.0,1612.0,54.89,22.9755,-31.9145,0,1,0.0,395.0,0,1.2324159021406729,9.986859395532194,1,2.9894875164257555,15.089542857142858,0,Construction of realignment between Pandrass- Pashkyun Total length 27.10 km on road Zozila-Kargil -Leh NH-1 to 2 lane specifications i.e. Drass alignment 9.30 km Kharboo realignment 6.30 km & Kargil alignment 11.50 km under project Vijayak BRO in the UT of Ladakh on EPC Mode,1,0,on_roster,1
618205,Roads & Highways,Ministry of Road Transport & Highways,morth,Jammu and Kashmir,6.714728626571738,1157.0,1400.0,83.0,31.8862,-51.1138,0,1,0.0,365.0,0,1.2100259291270528,7.982917214191852,1,4.0078843626806835,4.241639344262295,0,"Construction of 4 lane with paved shoulder from Existing Ch. 14200 to 24320 Design Ch. 14200 to 24400, Ch. 33760 to 42780 Design Ch. 35300 to 44294 & Ch. 43440 to 47020 Design Ch. 44958 to 48500 Delina Flyover including construction of flyover length 1.704 km of total length 22.736 kms in AOR of 760 BRTF on road SRINAGAR BARAMULA URI NH-01 in the UT of Jammu & Kashmir under project BEACON, Border Roads Organization BRO Package-IJob No NH-1-J&K-2022-23-110",1,0,on_roster,1
618206,Roads & Highways,Ministry of Road Transport & Highways,morth,Jammu and Kashmir,7.248461397206838,1156.0,761.0,36.5,8.4253,-28.0747,0,0,0.0,0.0,0,0.6583044982698962,-12.976346911957949,0,12.976346911957949,4.893518987341773,0,Widening and Strengthening of Rafiabad-Kupwara-Chowkibal-Tangdhar-Chamkot NH- 701 road from design Ch. From 0000 to 51000 to two lanes with paved shoulders under Project Beacon in the UT of Jammu & Kashmir on EPC mode Package-I.,0,0,on_roster,0
618221,Roads & Highways,Ministry of Road Transport & Highways,morth,Jammu and Kashmir,6.600740868630781,1764.0,1673.0,45.41,0.0,-45.41,0,0,0.0,0.0,0,0.9484126984126984,-2.9894875164257555,0,2.9894875164257555,18.260654945054945,0,Rehabilitation and upgradation to 2 lane with paved shoulder from existing chainage Km 166.100 to Km 192.98 design chainage Km 146.700 to Km 162.800 including construction of Bhimber Gali Tunnel Total Length of Tunnel 1.100 Km under 31 BRTF on Akhnoor-Poonch Roads on EPC mode NH-144A Package-VII,1,0,on_roster,1
618222,Roads & Highways,Ministry of Road Transport & Highways,morth,Jammu and Kashmir,6.334078598398358,1188.0,1278.0,70.03,24.3702,-45.6598,0,1,0.0,243.0,0,1.0757575757575757,2.9566360052562417,1,5.026281208935611,5.962658823529411,0,Widening and Strengthening up gradation to 2 lane with paved shoulder from existing chainage Km 192.98 to Km 229.820 design chainage Km 162.800 to Km 198.18 under 31 BRTF on Akhnoor-Poonch Road NH-144A in the UT of Jammu and Kashmir under Project Sampark Border Roads Organisation BRO on EPC Mode Package-VIII Job No NH-144A-J&K-2022-2023-111,1,0,on_roster,1
618223,Roads & Highways,Ministry of Road Transport & Highways,morth,Jammu and Kashmir,5.036497953621983,1279.0,2222.0,88.94,49.4605,-39.4795,0,1,0.0,973.0,0,1.7372947615324472,30.97897503285151,1,0.9855453350854139,11.222213333333336,0,Rehabilitation and up-gradation to 2 lane with paved shoulder from existing chainage km 64535 to km 85385 Design chainage km 55800 to km 74350 under 13 TF on Akhnoor-Poonch road NH-144A under Project Sampark BRO in the UT of Jammu & Kashmir on EPC mode Package-III Job no NH-144A-J&K-2019-20-79,1,0,on_roster,1
618224,Roads & Highways,Ministry of Road Transport & Highways,morth,Jammu and Kashmir,6.682071002758175,1614.0,2222.0,92.01,54.2618,-37.7482,0,1,0.0,638.0,0,1.3767038413878563,19.97371879106439,1,0.9855453350854139,8.107186666666662,0,Rehabilitation and up-gradation to 2 lane with paved shoulder from existing chainage km 49150 to km 64535 Design chainage km 46.450 to km 55.800 including construction of Sungal Tunnel Total length of Tunnel 2.79 km under 13 TF on Akhnoor-Poonch road NH-144A under Project Sampark BRO in the UT of Jammu & Kashmir on EPC mode Package-II Job no NH-144A-J&K-2019-20-78,1,0,on_roster,1
618225,Roads & Highways,Ministry of Road Transport & Highways,morth,Jammu and Kashmir,5.98204532519149,1096.0,1735.0,89.05,36.4428,-52.6072,0,1,0.0,700.0,0,1.5830291970802919,20.992115637319316,1,2.0039421813403417,5.4642295081967225,0,Rehabilitation and up-gradation to 2 lane with paved shoulder from existing chainage km 134950 to km 166100 Design chainage km 116980 to km 146700 under 31 TF on Akhnoor-Poonch road NH-144A in the UT of Jammu & Kashmir under Project Sampark BRO on EPC mode Package-VI Job no NH-144A-J&K-2021-22-106,1,0,on_roster,1
618226,Roads & Highways,Ministry of Road Transport & Highways,morth,Jammu and Kashmir,5.611265058122292,1584.0,2100.0,94.0,57.8884,-36.1116,0,1,0.0,577.0,0,1.3257575757575757,16.95137976346912,1,2.0039421813403417,2.9940983606557374,0,Rehabilitation and upgradation to 2 lane with paved shoulder from existing chainage Km 30.053 to Km 49.150 design chainage Km 30.000 to Km 46.450 including Kandi Tunnel under 31 BRTF on Akhnoor-Poonch Road NH-144A Under Project Sampark in the UT of Jammu & Kashmir EPC modePackage-I Job no NH-144A-J&K-2020-21-83.,1,0,on_roster,1
618394,Roads & Highways,Ministry of Road Transport & Highways,nhidcl,Jammu and Kashmir,5.435423611766036,639.0,2100.0,94.26,72.6849,-21.5751,1,1,-1.3223,1644.0,0,3.2863849765258215,47.99605781865966,1,6.011826544021025,0.954784699453551,0,Up-gradation to 2-lane with Paved Shoulder from Km 12.850 to Km20.300 of 7.450Km length on Goha-Khellani section and a link road to Goha village of 2.016 km on NH- 244 in UT of Jammu and Kashmir on EPC Mode Pkg-1,0,0,on_roster,0
618395,Roads & Highways,Ministry of Road Transport & Highways,nhidcl,Jammu and Kashmir,6.241113700699456,702.0,1857.0,53.49,30.3827,-23.1073,0,1,0.0,1338.0,0,2.6452991452991452,37.943495400788436,1,6.011826544021025,7.736417486338798,0,"Construction & Upgradation to 2-lane with paved shoulder from Design Ch. Km 51700 at Premnagar km 66315 to Km 66535 New Thatri at Start of Km 83rd, Tunnel Km 82665 of 14.835 Km design length on Chenani-Sudhmahadev-Goha Khellani- Kishtwar-Vailoo Donipawa-Ashajipora section of NH-244 in the UT of J&K on EPC Mode under NHO-Gen Pkg - 2",0,0,on_roster,0
618397,Roads & Highways,Ministry of Road Transport & Highways,nhidcl,Jammu and Kashmir,5.548686904115838,976.0,2953.0,0.0,0.0,0.0,0,1,0.0,457.0,0,3.0256147540983607,64.94743758212877,1,-49.93429697766097,,0,Widening and Up-gradation to 2-Lane with Paved Shoulder of configuration and geometric improvement from Km 0.000 to Km 16.990 on Chenani Sudhmahadev section of NH-244 in UT of Jammu and Kashmir to be executed on EPC basis,1,0,on_roster,1
618398,Roads & Highways,Ministry of Road Transport & Highways,nhidcl,Jammu and Kashmir,5.35559521769951,639.0,2100.0,96.95,82.9831,-13.9669,0,1,0.0,1430.0,0,3.2863849765258215,47.99605781865966,1,-1.0183968462549278,,0,Up-gradation to 2-lane with Paved Shoulder from Km 20.300 to Km 29.030 of 8.730 Km length on Goha-Khellani section on NH-244 in UT of Jammu and Kashmir on EPC Mode Package II,1,0,on_roster,1
618399,Roads & Highways,Ministry of Road Transport & Highways,nhidcl,Jammu and Kashmir,6.75771115569767,883.0,1857.0,50.05,35.9382,-14.1118,0,1,0.0,1400.0,0,2.103057757644394,31.99737187910644,1,13.994743758212877,3.569197183098592,0,Construction of Kishtwar bypass with 2 lane with paved shoulder from Design Km. 80.675 Dulhasti to km 95.550 Bandarkoot of 14.88 km & a link road to Kishtwar town from 0000 to 1.871 of length1.871 Km on Khellani - Kishtwar - Chattroo section in UT of Jammu and Kashmir on EPC Mode Pkg-4,0,0,on_roster,0
618400,Roads & Highways,Ministry of Road Transport & Highways,nhidcl,Jammu and Kashmir,5.9902387961821635,640.0,1857.0,98.55,24.9304,-73.6196,0,1,0.0,974.0,0,2.9015625,39.98028909329829,1,-7.982917214191852,,0,Construction & Upgradation to 2-lane with paved shoulder from Design Km 67.805 at the end of Km 83rd Tunnel near Dhrabshalla Ex. Km 83905 to Km 80.675 start of Kishtwar Bypass - Dulhasti Ex. Km 970751 of 12.870 Km length on chenani- Sudhmahadev-Goha Khellani-Kishtwar-vailoo-Donipawa-Ashajipora seition of NH-244 in the UT of J&K on EPC Mode under NHO-Gen Pkg-3,0,0,on_roster,0
618406,Roads & Highways,Ministry of Road Transport & Highways,nhidcl,Jammu and Kashmir,5.779168201562091,1218.0,2953.0,0.0,0.0,0.0,0,1,0.0,304.0,0,2.4244663382594416,56.99737187910644,1,-47.010512483574246,,0,Up-gradation to 4-lane with Paved Shoulder of Jammu-Akhnoor road section of NH- 144A from Ganesh Vihar Km 6.000 to Khati Chowk Km 26.350 in UT of Jammu and Kashmir on EPC basis Pkg-3A,1,0,on_roster,1
618407,Roads & Highways,Ministry of Road Transport & Highways,nhidcl,Jammu and Kashmir,5.506550305126492,2498.0,2953.0,68.07,33.4529,-34.6171,0,1,0.0,516.0,0,1.1821457165732585,14.947437582128778,1,2.0039421813403417,15.933593442622954,0,Jammu-Akhnoor Road Pkg-I,1,0,on_roster,1
618494,Roads & Highways,Ministry of Road Transport & Highways,national highways authority of india [nhai],Jammu and Kashmir,7.906897079083505,1066.0,1643.0,88.87,44.4911,-44.3789,1,1,36.8924,821.0,0,1.5412757973733584,18.95532194480946,1,8.015768725361367,1.3885131147540977,0,Delhi-Amritsar-Katra Expressway Phase-II Pkg-XV [Junction with Hiranagar Road near village Gurha Baildaran to Junction with Jammu Ring Road NH-244A near Jakh village from Km 468100 to Km 503250],0,0,on_roster,0
618495,Roads & Highways,Ministry of Road Transport & Highways,national highways authority of india [nhai],Jammu and Kashmir,7.970995970469706,1096.0,1400.0,62.0,28.016,-33.984,0,1,0.0,638.0,0,1.2773722627737227,9.986859395532194,1,10.972404730617608,3.4632335329341317,0,4/6L Access Control Expressway from Design Chainage Km 515.000 to 528.300 Kunjwani to Sidhra Section of NH-44 and from Design Chainage Km 550.900 to Km 566.520 Domel to Katra Section Phase II-Package XVII,1,0,on_roster,1
618496,Roads & Highways,Ministry of Road Transport & Highways,national highways authority of india [nhai],Jammu and Kashmir,7.508085169903447,1096.0,1673.0,94.14,46.563,-47.577,1,1,38.4713,730.0,0,1.5264598540145986,18.95532194480946,1,5.026281208935611,1.1658718954248364,0,Delhi-Amritsar-Katra Expressway Phase-II Pkg-XVI Existing Jakh Vijaypur-Kunjwani section of NH-44 including spur Connectivity to Jammu Airport NH-144A [Km 503500 to km 514500],0,0,on_roster,0
618497,Roads & Highways,Ministry of Road Transport & Highways,national highways authority of india [nhai],Jammu and Kashmir,6.883851854900578,1066.0,1217.0,62.41,57.8451,-4.5649,0,1,0.0,485.0,0,1.1416510318949344,4.9605781865965834,1,10.972404730617608,3.425867065868264,0,Delhi Amritsar Katra Expressway Phase-II Pkg XVIII Development and Upgradation of Four lane Access Control Expressway from Design Chainage KM 530.00 to KM 545.300 Sidhra to Domel Section of NH-44,1,0,on_roster,1
618541,Roads & Highways,Ministry of Road Transport & Highways,national highways authority of india [nhai],Jammu and Kashmir,7.979667608353547,1067.0,1857.0,87.0,67.9898,-19.0102,1,1,-10.7947,881.0,0,1.7403936269915652,25.952693823915897,1,2.9894875164257555,4.348571428571429,0,4L Ring road/bypass around Srinagar city from km 0.000 to km 42.100 Phase-I,1,0,on_roster,1
618543,Roads & Highways,Ministry of Road Transport & Highways,national highways authority of india [nhai],Jammu and Kashmir,7.556516831147972,1492.0,1735.0,27.0,34.5567,7.5567,1,1,-45.9096,852.0,0,1.1628686327077749,7.982917214191852,1,20.006570302233904,3.6488013136288995,0,4L of twin tube tunnel configuration including approaches from Marog to Digdol from Km.154.210 to Km.158.650 North Bound and from Km.155.940 to Km.160.260 South Bound of Ramban to Banihal Pkg-I of Old NH-1A New NH-44,0,0,on_roster,0
618544,Roads & Highways,Ministry of Road Transport & Highways,national highways authority of india [nhai],Jammu and Kashmir,7.24627541722065,1066.0,1735.0,87.1,96.9108,9.8108,1,1,-27.1694,791.0,0,1.627579737335835,21.97766097240473,1,4.0078843626806835,3.2186557377049194,0,"4L twin tube tunnel including approaches from Digdol to Khuni Nallah North Bound connecting with existing major bridge on NB and South Bound connecting with Tunnel T4 ,Single tube tunnel of Ramban to Banihal Pkg-II of Old NH-1A New NH-44",1,0,on_roster,1
618545,Roads & Highways,Ministry of Road Transport & Highways,national highways authority of india [nhai],Jammu and Kashmir,6.4224024511891775,1127.0,1735.0,42.8,57.8559,15.0559,1,1,-27.6201,1034.0,0,1.5394853593611357,19.97371879106439,1,13.994743758212877,4.087248826291081,0,"4L of Km.165.092 to Km.171.855 North Bound and from Km.166.895 to Km.173.638 South Bound, excl. certain reaches of North Bound and South Bound of Ramban to Banihal Pkg-III of Old NH-1A New NH-44",0,0,on_roster,0
618547,Roads & Highways,Ministry of Road Transport & Highways,national highways authority of india [nhai],Jammu and Kashmir,6.8690144506657065,1308.0,1247.0,48.8,64.0684,15.2684,1,1,-33.0239,304.0,0,0.9533639143730887,-2.0039421813403417,0,11.990801576872535,4.269939726027398,0,2L NH-1 from km 8.660 to km 33.775 Sumbal to Wayul to 4L dual carriageway NH standard as part of Srinagar Ring Road PhaseII [Design Ch. 41.907 to Ch. 66.609],1,0,on_roster,1
618549,Roads & Highways,Ministry of Road Transport & Highways,national highways authority of india [nhai],Jammu and Kashmir,5.495732769289515,943.0,1247.0,83.87,89.5679,5.6979,1,1,201.5001,548.0,0,1.32237539766702,9.986859395532194,1,8.015768725361367,2.0122836065573764,0,Construction of twin tube tunnels on Jammu Kashmir Ring Road NH-244A Between Design Ch. 50600 to 51700 and design Ch. 53535 to 55700 on EPC mode under residual NHDP component of Bharatmala Pariyojna,0,0,on_roster,0
618550,Roads & Highways,Ministry of Road Transport & Highways,national highways authority of india [nhai],Jammu and Kashmir,6.753134488670259,731.0,1400.0,74.63,91.5523,16.9223,1,1,-74.7961,822.0,0,1.915184678522572,21.97766097240473,1,5.026281208935611,5.047469281045752,0,Corridor Efficiency Improvement including removal of black spots in Lakhanpur - Samba section of NH-44 from Chainage Km. 16.300 to Km. 74.100,1,0,on_roster,1
618967,Roads & Highways,Ministry of Road Transport & Highways,national highways authority of india [nhai],Jammu and Kashmir,5.6905621364853465,883.0,761.0,63.8,59.5845,-4.2155,0,0,0.0,0.0,0,0.8618346545866364,-4.0078843626806835,0,4.0078843626806835,9.032196721311475,0,Upgradation and Strengthening of Chenani to Nashri Section via Patnitop of NH244 from Km 0.000 to Km 39.100,1,0,on_roster,1
619038,Roads & Highways,Ministry of Road Transport & Highways,nhidcl,Jammu and Kashmir,6.210780783587805,702.0,1857.0,99.97,48.3011,-51.6689,0,1,0.0,1124.0,0,2.6452991452991452,37.943495400788436,1,-1.0183968462549278,,0,Construction/upgradation to 2-lane with paved shoulder from Design Km 95.55 Bandarkoot to Km. 111.06 Chattroo of 15.52 Km length on Khellani-Kishtwar-Chattroo section on NH-244 in UT of Jammu and Kashmir on EPC Mode Pkg-5,0,0,on_roster,0
618060,Roads & Highways,Ministry of Road Transport & Highways,morth,Jharkhand,5.756406549828742,912.0,1551.0,87.0,41.0964,-45.9036,0,1,0.0,639.0,0,1.700657894736842,20.992115637319316,1,0.0,,0,Widening and Strengthening of existing paveemnt to two lane with paved shoulders from km 116.00 to km 176.355 of NH-75E in the State of Jharkhand on EPC mode.,1,0,on_roster,1
618083,Roads & Highways,Ministry of Road Transport & Highways,morth,Jharkhand,6.130748114210368,1430.0,1520.0,3.0,0.0,-3.0,0,1,0.0,243.0,0,1.062937062937063,2.9566360052562417,1,5.026281208935611,19.298562091503268,0,Construction of byepass around Lohardaga town of NH-143A in the Sate of Jharkhand under EPC mode.,0,0,on_roster,0
618084,Roads & Highways,Ministry of Road Transport & Highways,morth,Jharkhand,5.037017535370374,1277.0,2251.0,93.0,63.3949,-29.6051,1,1,-12.6397,943.0,0,1.7627251370399373,31.99737187910644,1,-1.0183968462549278,,0,Widening to 2-lane with paved shoulder from km 0.00 to 44.00 Kuru-Ghaghra section of NH-143A including re-construction of culverts and bridges.,1,0,on_roster,1
618127,Roads & Highways,Ministry of Road Transport & Highways,morth,Jharkhand,5.5480249489877975,1522.0,1127.0,8.5,0.0,-8.5,0,0,0.0,0.0,0,0.740473061760841,-12.976346911957949,0,12.976346911957949,7.051291139240507,0,Construction of 2- Lane with paved shoulder from km 56.45 Dharampur More to 93.050 Pakur of NH-333A in the State of Jharkhand on EPC mode,0,0,on_roster,0
618242,Roads & Highways,Ministry of Road Transport & Highways,morth,Jharkhand,5.708637337382383,1341.0,1431.0,46.22,25.6041,-20.6159,0,1,0.0,151.0,0,1.0671140939597314,2.9566360052562417,1,2.0039421813403417,26.83710163934426,0,Widening and Reconstruction to 4-lane/4-lane with service road including structures from Pokharia More at Km 47.600 Ex. Km 50.230 to Govindpur at km 62.949 Ex. Km 65.325 of Nh-419 in the State of Jharkhand on EPC mode.,1,0,on_roster,1
618535,Roads & Highways,Ministry of Road Transport & Highways,national highways authority of india [nhai],Jharkhand,6.534907398158049,1155.0,455.0,11.8,7.6765,-4.1235,1,0,-35.6587,0.0,0,0.3939393939393939,-22.996057818659658,0,22.996057818659658,3.83544,0,Construction of Six lane elevated flyover including reconstruction/rehabilitation of existing pavement from Km 406100 to Km 411150 Length 5.05 Km at Gobindpur area in the Barwa Adda Panagarh section of NH-19 from Km.398.240 to Km.521.120 including Panagarh Bypass in the State of Jharkhand on EPC Mode.,0,0,on_roster,0
618641,Roads & Highways,Ministry of Road Transport & Highways,national highways authority of india [nhai],Jharkhand,7.190525307072897,1279.0,608.0,1.0,1.0431,0.0431,0,0,0.0,0.0,0,0.47537138389366695,-22.043363994743757,0,22.043363994743757,4.491147540983607,0,4 Lane of CG/JH Border-Gumla from km 0.000 to km 32.370 of NH-43 in the State of Jhrkhand,0,0,on_roster,0
618642,Roads & Highways,Ministry of Road Transport & Highways,national highways authority of india [nhai],Jharkhand,7.541115299456661,1461.0,2222.0,98.96,47.0495,-51.9105,1,1,0.6809,791.0,0,1.5208761122518824,25.0,1,0.9855453350854139,1.0552533333333398,0,4L of Palma to Gumla from km. 26.00 to km. 89.170 of NH-23,1,0,on_roster,1
618644,Roads & Highways,Ministry of Road Transport & Highways,national highways authority of india [nhai],Jharkhand,7.103264495079665,1216.0,1520.0,86.57,57.2976,-29.2724,1,1,20.3518,395.0,0,1.25,9.986859395532194,1,2.9894875164257555,4.492408791208794,0,4L of Ormanjhi-Gola section from Km 81.450 to Km 53.600 of NH- 320BPKG-II,1,0,on_roster,1
618645,Roads & Highways,Ministry of Road Transport & Highways,national highways authority of india [nhai],Jharkhand,6.916685287503267,1216.0,1520.0,78.1,42.4775,-35.6225,1,1,2.2491,334.0,0,1.25,9.986859395532194,1,0.9855453350854139,22.221200000000007,0,4L of Gola-BokaroJaina More section from Km 53.600 to Km 21.110 of NH-320PKG-1,1,0,on_roster,1
618736,Roads & Highways,Ministry of Road Transport & Highways,national highways authority of india [nhai],Jharkhand,6.842960725070973,1095.0,761.0,43.21,33.8128,-9.3972,1,0,-11.1144,0.0,0,0.6949771689497717,-10.972404730617608,0,10.972404730617608,5.175711377245509,0,4L Elevated corridor of Kalimandir-Dimna Chowk-Baliguma Jamshedpur Section of NH-33 New NH-18 from km 241940 to km 251961 Length 10.021 km,0,0,on_roster,0
618737,Roads & Highways,Ministry of Road Transport & Highways,national highways authority of india [nhai],Jharkhand,5.718769604464449,1064.0,455.0,0.0,56.6308,56.6308,1,0,-98.1616,0.0,0,0.4276315789473684,-20.006570302233904,0,20.006570302233904,4.998357963875205,0,Grade separated Interchanges at Km. 113.730 junction with Ranchi Hazaribagh Road & Km. 139.225 junction with Ranchi Jamshedpur road on 4L Ranchi Bypass of NH-33,0,0,on_roster,0
618830,Roads & Highways,Ministry of Road Transport & Highways,national highways authority of india [nhai],Jharkhand,7.325721916313227,1127.0,1278.0,76.95,60.0391,-16.9109,1,1,8.8427,212.0,0,1.1339840283939664,4.9605781865965834,1,2.0039421813403417,11.502327868852458,0,4L from Km 147.450 Bhogu to Km 196.870 Sankha on NH-75 Sec-III,1,0,on_roster,1
618831,Roads & Highways,Ministry of Road Transport & Highways,national highways authority of india [nhai],Jharkhand,7.270869446549771,1310.0,1127.0,26.6,15.4333,-11.1667,1,1,-9.414,151.0,0,0.8603053435114504,-6.011826544021025,0,10.972404730617608,6.689508982035929,0,4L from Km 95.400 Udaipura to Km 147.450 Bhogu on NH-75 Sec-II,0,0,on_roster,0
618832,Roads & Highways,Ministry of Road Transport & Highways,national highways authority of india [nhai],Jharkhand,7.151344388123294,1430.0,790.0,5.0,3.2812,-1.7188,0,0,0.0,0.0,0,0.5524475524475524,-21.02496714848883,0,21.02496714848883,4.5184375,0,4L from Km 55.00 Kuru to Km 95.400 Udaipura on NH-75 Sec-I,0,0,on_roster,0
618863,Roads & Highways,Ministry of Road Transport & Highways,national highways authority of india [nhai],Jharkhand,6.497438420142949,2738.0,3346.0,98.5,57.8969,-40.6031,1,1,24.7796,638.0,0,1.2220598977355734,19.97371879106439,1,0.9855453350854139,1.522,0,Barhi-Koderma Section of NH31 km 0.00 - km 27.5,1,0,on_roster,1
618947,Roads & Highways,Ministry of Road Transport & Highways,national highways authority of india [nhai],Jharkhand,7.317079597416022,1948.0,2953.0,91.83,53.3487,-38.4813,1,1,0.2266,1096.0,0,1.5159137577002053,33.01576872536137,1,2.9894875164257555,2.732909890109891,0,4L of NH-80 from km 215.00 to km 260.00 Mirza Chauki to Farkka Pkg-I,1,0,on_roster,1
618949,Roads & Highways,Ministry of Road Transport & Highways,national highways authority of india [nhai],Jharkhand,7.276514908081886,1187.0,1308.0,86.44,41.7645,-44.6755,1,1,7.5311,212.0,0,1.1019376579612468,3.9750328515111693,1,2.9894875164257555,4.535894505494507,0,4L of Basukinath- Deoghar Section of NH-114A,1,0,on_roster,1
618950,Roads & Highways,Ministry of Road Transport & Highways,national highways authority of india [nhai],Jharkhand,7.356579959235356,1156.0,516.0,5.02,3.1281,-1.8919,0,0,0.0,0.0,0,0.4463667820069204,-21.02496714848883,0,21.02496714848883,4.51748625,0,Construction of Bypass to NH-114A Connecting NH-333 and NH-133 Deoghar Bypass from design km 0.000 to design Km 49.000,0,0,on_roster,0
619005,Roads & Highways,Ministry of Road Transport & Highways,morth,Jharkhand,5.465609884322231,1767.0,1127.0,12.0,0.0,-12.0,1,1,-15.3853,-730.0,0,0.6378041878890776,-21.02496714848883,0,-2.9566360052562417,,0,Construction of bypass around Chatra Town on NH-22 old NH-99 in the state of Jharkhand under EPC Mode,1,0,on_roster,1
617935,Roads & Highways,Ministry of Road Transport & Highways,morth,Karnataka,5.700443573390687,1400.0,2069.0,52.0,47.8497,-4.1503,1,1,17.2785,883.0,0,1.4778571428571428,21.97766097240473,1,7.030223390275952,6.827663551401869,0,"Construction of Elevated corridor from Km. 135.650 to 136.300 on 63, from Km. 249 to Km. 250.050 on old NH-4 and from Km. 192.910 to Km. 193.350 on NH-218 from decongestion of traffic in Ranichennamma circle in Hubli city in the state of Karnataka on EPC basis",0,0,on_roster,0
617950,Roads & Highways,Ministry of Road Transport & Highways,morth,Karnataka,5.325056663737659,1522.0,1247.0,0.0,0.0,0.0,0,0,0.0,0.0,0,0.8193166885676741,-9.034165571616294,0,9.034165571616294,11.06909090909091,0,Construction of Srinivasapura Bypass from existing Km 453.890 Design Ch. 0000 to existing Km 461.450 Design Ch 10080 on NH-69 in the State of Karnataka Under NH O in EPC mode under Annual Plan 2022-23 NH-69-KNT-2022-23-966 dated 22.11.2022,0,0,on_roster,0
617951,Roads & Highways,Ministry of Road Transport & Highways,morth,Karnataka,5.754317148030249,1583.0,1127.0,0.0,0.0,0.0,0,0,0.0,0.0,0,0.7119393556538218,-14.98028909329829,0,14.98028909329829,6.675438596491229,1,Construction of Chintamani Bypass from Design Ch.0000 Existing Ch.428880 to Design Ch.15400 Existing Ch.444010 on NH-69 in the State of Karnataka in EPC Mode under NHO Annual Plan 2022-23. NH-69-KNT-2022-23-989 dated 24.03.2023,0,0,on_roster,0
617955,Roads & Highways,Ministry of Road Transport & Highways,morth,Karnataka,6.5785843230223975,1096.0,1492.0,82.0,42.9828,-39.0172,0,1,0.0,640.0,0,1.3613138686131387,13.009198423127463,1,8.015768725361367,2.245573770491803,0,Widening to two lane with paved Shoulders from Km 40.00 to Km 75.00 Existing chainages of Mangalore - Tumkur section of NH-73 in the State of Karnataka on EPC Mode under Annual Plan 2021-22 Job No NH-73-KNT-2021-22-945,0,0,on_roster,0
617989,Roads & Highways,Ministry of Road Transport & Highways,morth,Karnataka,5.064618301294311,976.0,2588.0,68.0,55.077,-12.923,1,1,19.2538,1581.0,0,2.651639344262295,52.95663600525624,1,-1.0183968462549278,,0,Construction of Major Bridge at Km.180.865 across river Krishna on NH 167 Hagari Jadcherla section,1,0,on_roster,1
617998,Roads & Highways,Ministry of Road Transport & Highways,morth,Karnataka,5.18705055411945,1068.0,1492.0,75.0,61.2173,-13.7827,0,1,0.0,393.0,0,1.3970037453183521,13.92904073587385,1,-1.0183968462549278,,0,Widening to existing 2 lane with paved Shoulder to 4 Lane with paved shoulder from design Km 153.00 to 168.27 Mala Gate to Karkala of NH -169 on Shimoga - Mangalore section in the state of Karnataka on EPC mode under Annula Plan 2021-22 Job No. NH-169-KNT-2021-22-949,1,0,on_roster,1
617999,Roads & Highways,Ministry of Road Transport & Highways,morth,Karnataka,6.158291682943288,1127.0,1127.0,64.33,16.9798,-47.3502,0,1,0.0,183.0,0,1.0,0.0,0,6.011826544021025,5.933304918032787,0,Widening to 2LPS from Km 67 to Km 115 on Kadur-Hosadurga section NH 173 in the state of Karnataka NH-173-KNT-2022-23-980 dated 13.03.2023,1,0,on_roster,1
618000,Roads & Highways,Ministry of Road Transport & Highways,morth,Karnataka,5.143649886535898,702.0,1492.0,92.65,72.5151,-20.1349,1,1,-13.4731,790.0,0,2.1253561253561255,25.952693823915897,1,0.0,,0,Widening to 2-Lane with Paved Shoulders from Km 116.800 to 149.070Design Changes on Hosadurga - Holalkere Section of NH-173 in the State of Karnataka on EPC mode under Annual Plan 2021-22 Job no. NH-173-KNT-2021-22-946,1,0,on_roster,1
618027,Roads & Highways,Ministry of Road Transport & Highways,morth,Karnataka,6.101708121206741,1124.0,1155.0,65.0,0.0,-65.0,0,0,0.0,0.0,0,1.0275800711743772,1.0183968462549278,1,-1.0183968462549278,,0,Widening to 2LPS from Km 71.00 to 104.00 Existing chainages Sarjapur to Pattadkallu on Bhanapur to Gaddanakeri section NH-367 in the State of Karnataka under NHO on EPC mode under Annual Plan 2022-23 NH-367-KNT-2022-23-972 dated 08.02.2023,1,0,on_roster,1
618028,Roads & Highways,Ministry of Road Transport & Highways,morth,Karnataka,5.814011121710887,1581.0,1155.0,20.0,12.1601,-7.8399,0,0,0.0,0.0,0,0.7305502846299811,-13.994743758212877,0,13.994743758212877,5.716431924882629,0,"Construction of Bypass at Kuknoor, Yelburga, Gajendragada of Bhanapur Gaddanakeri section of NH-367 in the State of Karnataka under NHO on EPC mode under Annual Plan 2022-23. NH-367-KNT-2022-23-973 dated 08.02.2023",0,0,on_roster,0
618029,Roads & Highways,Ministry of Road Transport & Highways,morth,Karnataka,5.8627501057518465,1096.0,1551.0,78.08,61.3279,-16.7521,1,1,-11.0154,730.0,0,1.4151459854014599,14.947437582128778,1,9.034165571616294,2.4263447272727277,0,Widening to 4 lane from Km. 133.00 to 158.04 design Chainage Km. 130.88 to 155.145 Shirur Cross to Gaddankeri of NH-367 in the State of Karnataka on EPC mode. Job No. NH-367-KNT-2021-22-930,1,0,on_roster,1
618031,Roads & Highways,Ministry of Road Transport & Highways,morth,Karnataka,6.249898019200639,1795.0,1916.0,75.0,20.3265,-54.6735,0,1,0.0,243.0,0,1.0674094707520891,3.9750328515111693,1,4.0078843626806835,6.237704918032787,0,Balance work of Construction of Two/Four lane with paved shoulder from Km 422.000 to 523.600 Chitradurga to Shivamogga of NH-13 in the state of Kanataka on EPC mode.,0,0,on_roster,0
618086,Roads & Highways,Ministry of Road Transport & Highways,morth,Karnataka,6.426941429284118,1402.0,1127.0,40.0,0.7241,-39.2759,0,0,0.0,0.0,0,0.8038516405135521,-9.034165571616294,0,9.034165571616294,6.641454545454546,0,"Widening to Two Lane with Paved Shoulders from KB Cross to Chunchanahalli ie., Design Ch. 485240 Km Existing Km 494.000 to Design Ch. 523393 Km Existing km 533.152 & From Design Ch. 530393 Existing Km 540.175 to Design Ch. 534476 Existing Km 544.200 at Nelligere of NH-150A on EPC mode under Annual Plan 2022-23 NH-150A-KNT-2022-23-977 dated 08.03.2023",0,0,on_roster,0
618087,Roads & Highways,Ministry of Road Transport & Highways,morth,Karnataka,5.548609049781258,853.0,1492.0,93.0,70.2126,-22.7874,0,1,0.0,669.0,0,1.7491207502930832,20.992115637319316,1,0.9855453350854139,7.102666666666667,0,Widening to intermediate/two lane to 2 lane with paved shoulder from Existing chanages Km 112.750 to 142.00 Liingasur to Mudabal cross & from Km. 147.070 to Km. 149.070 Maski city limit of Jewargi Chamrajnagar setion of NH-150A in the state of Karnataka on EPC mode. Job No. NH-150A-KNT-2021-22-951,1,0,on_roster,1
618095,Roads & Highways,Ministry of Road Transport & Highways,morth,Karnataka,5.283457503641013,1124.0,1155.0,30.0,0.0,-30.0,0,0,0.0,0.0,0,1.0275800711743772,1.0183968462549278,1,-1.0183968462549278,,0,Widening to Two Lane with Paved Shoulders from Km 0.00 Design Chainage 0.00 to Km 23.338 Design Chainage 23310 of NH-166E MH/KNT Border- Kanamadi- Bijjargi- Tikota section in the state of Karnataka in EPC Mode under Annual plan 2022-23 NH- 166E-KNT-2022-23-974,1,0,on_roster,1
618109,Roads & Highways,Ministry of Road Transport & Highways,morth,Karnataka,5.876951160319221,1065.0,1551.0,76.86,51.9482,-24.9118,0,1,0.0,516.0,0,1.4563380281690141,15.965834428383705,1,0.9855453350854139,23.47938666666667,0,Widening to 4 lane from Km 51.60 to 76.20 Hebri to Parkala and from Km 85.20 to 88.90 Karavali junction to Malpe of Thirthahalli-Udupi-Malpe Section of NH-169A in the State of Karnataka on EPC Mode under Annual plan 2021-22 Job No. NH-169A- KNT-2021-22-927,1,0,on_roster,1
618147,Roads & Highways,Ministry of Road Transport & Highways,morth,Karnataka,5.121460849185141,974.0,1186.0,40.0,21.209,-18.791,0,1,0.0,334.0,0,1.217659137577002,6.964520367936925,1,4.0078843626806835,14.970491803278687,0,Widening to 2 Lane with Paved Shoulders from design Km 103.200 Existing Km 103.200 to design Km 116.700 Existing Km 118.470 on AP/KNT Border to Sira Section of NH-544E in the State of Karnatakaon EPC mode under Annual plan 2022- 23,0,0,on_roster,0
618149,Roads & Highways,Ministry of Road Transport & Highways,morth,Karnataka,6.864941719278488,1430.0,1155.0,0.0,25.9255,25.9255,0,0,0.0,0.0,0,0.8076923076923077,-9.034165571616294,0,9.034165571616294,11.06909090909091,0,Widening to two lane with paved shoulders from Km 0.00 to 102.310 Design Chainage of NH-548B Murrum-Maharashtra Border in the State of Karnataka,0,0,on_roster,0
618184,Roads & Highways,Ministry of Road Transport & Highways,morth,Karnataka,5.751174836958802,1127.0,1186.0,46.52,0.0,-46.52,0,1,0.0,668.0,0,1.0523513753327418,1.938239159001314,1,20.006570302233904,2.6731218390804594,0,Construction of 2 Lane with paved shoulder from km 55.6 to km 90.7 existing chainages of NH-766C complete Realignment of 13.76 km with 2 major Bridges across Sharavathi Backwaters on EPC mode under Annual Plan 2022-23 in the state of Karnataka NH-766C-KNT-2022-23 dated 14.10.2022,0,0,on_roster,0
618185,Roads & Highways,Ministry of Road Transport & Highways,morth,Karnataka,5.981287940656421,1704.0,1217.0,0.0,0.0,0.0,0,0,0.0,0.0,0,0.7142018779342723,-15.99868593955322,0,15.99868593955322,6.250513347022587,0,Widening to 2LPS from Km 0.000 to 37.850 Except Ex. Km 24.45 to 27.20 of NH-766c Byndoor-Ranebennur Section in the state of Karnataka on EPC Mode under Annual Plan 2022-23 NH-766C-KNT-2022-23-969 dated 30.12.2022,0,0,on_roster,0
618189,Roads & Highways,Ministry of Road Transport & Highways,morth,Karnataka,6.42105300011335,1400.0,821.0,0.0,0.0,0.0,0,0,0.0,0.0,0,0.5864285714285714,-19.021024967148488,0,19.021024967148488,5.257340241796201,0,Widening to Two Lane with Paved Shoulder of NH-73 New Spur Road Ujire - Dharmasthala - Periyashanthi in the State of Karnataka under on HAM under NHO Annual Plan 2023-24Job No NH-73Spur-KNT-2023-24-996,0,0,on_roster,0
618517,Roads & Highways,Ministry of Road Transport & Highways,national highways authority of india [nhai],Karnataka,7.035611850222907,1370.0,1582.0,82.89,95.9495,13.0595,1,1,-32.7667,426.0,0,1.1547445255474453,6.964520367936925,1,7.030223390275952,2.433777570093458,0,4/6L of Bangalore - Pune Section of bypass connecting Dharwad - Hubli from km. 403.80 to km. 433.20,1,0,on_roster,1
618518,Roads & Highways,Ministry of Road Transport & Highways,national highways authority of india [nhai],Karnataka,7.283221554716364,1277.0,3377.0,98.87,38.2404,-60.6296,1,1,24.1409,2253.0,0,2.644479248238058,68.98817345597897,1,5.026281208935611,0.22481830065359387,0,Davanagere - Haveri of NH-48 Old NH-4 from km. 260.00 to km. 338.923,1,0,on_roster,1
618520,Roads & Highways,Ministry of Road Transport & Highways,national highways authority of india [nhai],Karnataka,7.272217820712374,973.0,2069.0,99.2,58.8776,-40.3224,1,1,24.176,1157.0,0,2.1264131551901335,36.00525624178712,1,2.0039421813403417,0.39921311475409693,0,4L of km 0.00 to km 42.00 of Dobbaspet to Doddaballapura Bypass section of NH-648 old NH-207] [Bangalore Ring Road Pkg 1],1,0,on_roster,1
618630,Roads & Highways,Ministry of Road Transport & Highways,national highways authority of india [nhai],Karnataka,7.764958207529144,1216.0,1520.0,76.12,45.1729,-30.9471,1,1,-18.3506,518.0,0,1.25,9.986859395532194,1,7.030223390275952,3.3967626168224294,0,6L of MH/KN Border Nimbal Village to KN/TS Border Singnodi Village from Km. 26.000 to Km. 97.000 in Gulbarga of NH-150C Pkg-II,0,0,on_roster,0
618649,Roads & Highways,Ministry of Road Transport & Highways,national highways authority of india [nhai],Karnataka,7.128616227138795,1341.0,1127.0,45.8,23.8611,-21.9389,1,1,-18.7273,212.0,0,0.8404175988068605,-7.030223390275952,0,13.994743758212877,3.8728826291079814,0,4 Lane with PS from Des. Ch 228.500 to Des. Ch. 273.400 of Belgaum-Hungund- Raichur Section of NH 748 A Package-6,0,0,on_roster,0
618650,Roads & Highways,Ministry of Road Transport & Highways,national highways authority of india [nhai],Karnataka,7.21883644486215,1186.0,821.0,19.25,9.4915,-9.7585,1,1,-10.5785,244.0,0,0.6922428330522765,-11.990801576872535,0,20.006570302233904,4.036174055829228,0,4 Lane with PS from Des. Ch 89.900 to Des. Ch. 136.100 of Belgaum-Hungund- Raichur Section of NH-748A Package-3,1,0,on_roster,1
618651,Roads & Highways,Ministry of Road Transport & Highways,national highways authority of india [nhai],Karnataka,7.264646199596228,1096.0,790.0,42.04,34.3617,-7.6783,1,1,-9.3803,120.0,0,0.7208029197080292,-10.052562417871222,0,13.994743758212877,4.141554929577465,0,4 Lane with PS from Des. Ch 43.800 to Des. Ch. 89.900 of Belgaum-Hungund- Raichur Section of NH-748A Package-2,0,0,on_roster,0
618697,Roads & Highways,Ministry of Road Transport & Highways,national highways authority of india [nhai],Karnataka,6.4409624894690545,881.0,790.0,35.5,34.2405,-1.2595,1,1,-54.6253,365.0,0,0.8967082860385925,-2.9894875164257555,0,14.98028909329829,4.305657894736842,0,4LPS Access Controlled Highway of Bellary Bypass Balance work from Ch. 254750 to Ch. 266837 and construction of 4LPS from Ch. 277.690 to Ch. 278.690 at D. Hirehal Village Balance work of NH 150A of Bellary Byrapura Section,1,0,on_roster,1
618702,Roads & Highways,Ministry of Road Transport & Highways,national highways authority of india [nhai],Karnataka,7.415289491993717,1065.0,1947.0,94.21,103.0776,8.8676,1,1,-20.597,912.0,0,1.828169014084507,28.97503285151117,1,0.9855453350854139,5.874920000000007,0,4L of Addahole Near Gundya to Bantwal Cross section Pkg-02 from Design Km 270.270 to Design km 318.55 including flyover at Kalladka Town including approaches from Km. 311.57 to Km. 313.67 of NH-75 Old NH-48,1,0,on_roster,1
618706,Roads & Highways,Ministry of Road Transport & Highways,national highways authority of india [nhai],Karnataka,8.159663596653225,1369.0,2981.0,99.19,14.7932,-84.3968,1,1,16.9167,1673.0,0,2.1775018261504746,52.95663600525624,1,2.0039421813403417,0.4042032786885257,0,Bangalore-Nidagatta Pkg. I,1,0,on_roster,1
618707,Roads & Highways,Ministry of Road Transport & Highways,national highways authority of india [nhai],Karnataka,6.605798472241485,1156.0,516.0,5.63,1.9326,-3.6974,0,0,0.0,0.0,0,0.4463667820069204,-21.02496714848883,0,21.02496714848883,4.4884731250000005,0,Additional works under BM1 to ensure road safety under 6L of Bengaluru Mysuru Access control with close toll from Km.17.300 to Km.136.300 of NH-275,1,0,on_roster,1
618709,Roads & Highways,Ministry of Road Transport & Highways,national highways authority of india [nhai],Karnataka,7.201282733849437,792.0,1127.0,91.45,90.4362,-1.0138,1,1,-25.9337,1066.0,0,1.422979797979798,11.005256241787121,1,24.014454664914584,0.3560355677154582,0,4L of Left-Over Works of Hospet-Bellary -Karnataka/AP border from Km.280.080 Dec.Ch. to Km.375450Des.Ch. of NH-63 New-67,0,0,on_roster,0
618799,Roads & Highways,Ministry of Road Transport & Highways,national highways authority of india [nhai],Karnataka,6.126410563680066,1736.0,2953.0,91.65,95.6063,3.9563,0,1,0.0,1278.0,0,1.701036866359447,39.98028909329829,1,2.0039421813403417,4.166786885245899,0,Belakeri Port to Kumta - Sirsi road from km 0.00 - km 4.265 of Belekeri Port Road Link Rd. and km 4.965 - km 60.00 of SH-69,1,0,on_roster,1
618870,Roads & Highways,Ministry of Road Transport & Highways,national highways authority of india [nhai],Karnataka,6.785158174267498,1520.0,1155.0,20.1,3.5357,-16.5643,1,1,95.4064,91.0,0,0.7598684210526315,-11.990801576872535,0,14.98028909329829,5.333675438596492,0,4L PS from near Hemmige Village Periyapatna - Hassan Road Jn. to near Hunsur - KR Nagar Jn section from Km. 144.900 to Km. 169.000 of NH-275 Pkg. III,1,0,on_roster,1
618871,Roads & Highways,Ministry of Road Transport & Highways,national highways authority of india [nhai],Karnataka,6.8143892081726785,1764.0,1155.0,7.18,3.6412,-3.5388,1,0,-1.4772,0.0,0,0.6547619047619048,-20.006570302233904,0,20.006570302233904,4.639475862068965,0,4L PS from Near Guddehosur to Start of Kushalnagara Bypass to near Hemmige Village Periyapatna - Hassan Road Jn from Km. 122.200 to Km. 144.900 of NH-275 Pkg. II,1,0,on_roster,1
618872,Roads & Highways,Ministry of Road Transport & Highways,national highways authority of india [nhai],Karnataka,6.969565080548451,1520.0,1155.0,14.85,9.777,-5.073,1,1,-10.4191,153.0,0,0.7598684210526315,-11.990801576872535,0,17.017082785808146,5.003795366795368,0,4L PS from near Hunsur - KR Nagar Junction to near Yalachahalli village KR Nagara - Yelawala Road Junction fcrom Km 169.000 to Km 195.550 of NH-275 Pkg-IV,1,0,on_roster,1
618873,Roads & Highways,Ministry of Road Transport & Highways,national highways authority of india [nhai],Karnataka,7.149689180707235,1551.0,1186.0,13.05,8.0976,-4.9524,1,1,-5.4616,183.0,0,0.7646679561573179,-11.990801576872535,0,18.00262812089356,4.829850364963503,0,4L PS from near Yalachahalli village KR Nagara - Yelawala Road junction to Srirangapatna Bypass Near Paschima Vahini from km 195.550 to Km 214.535 of NH- 275 Pkg-V,1,0,on_roster,1
618887,Roads & Highways,Ministry of Road Transport & Highways,national highways authority of india [nhai],Karnataka,7.642034805898224,1734.0,2647.0,82.88,34.0142,-48.8658,1,1,22.186,1247.0,0,1.5265282583621684,29.993429697766096,1,10.972404730617608,1.5602778443113776,0,4L of Bettadahalli- Shivamogga section from Km.170.415 to km. 226.750 of NH-206 Tumkur- Shivamogga Pkg-IV,0,0,on_roster,0
618896,Roads & Highways,Ministry of Road Transport & Highways,national highways authority of india [nhai],Karnataka,7.235193978651909,1310.0,1857.0,70.22,47.7415,-22.4785,1,1,47.0496,912.0,0,1.417557251908397,17.969776609724047,1,11.990801576872535,2.4835704109589045,0,4L of Sannur to Bikarnakatte section from Km 691.350 to Km 736.362 of NH-169 Karkala - Mangalore Package-III,0,0,on_roster,0
619071,Roads & Highways,Ministry of Road Transport & Highways,national highways authority of india [nhai],Karnataka,7.617341593493855,1614.0,1857.0,59.83,34.8522,-24.9778,1,1,-18.1064,577.0,0,1.1505576208178439,7.982917214191852,1,10.972404730617608,3.661002395209581,0,Tumkur - Nelamangala 6L,0,0,on_roster,0
619072,Roads & Highways,Ministry of Road Transport & Highways,national highways authority of india [nhai],Karnataka,7.075538328654969,1096.0,1520.0,94.72,61.6324,-33.0876,1,1,9.8233,546.0,0,1.3868613138686132,13.92904073587385,1,4.0078843626806835,1.3174032786885248,0,Bangalore/TN border to Hoskote,1,0,on_roster,1
619073,Roads & Highways,Ministry of Road Transport & Highways,national highways authority of india [nhai],Karnataka,7.184432014257237,1096.0,2251.0,99.2,55.6127,-43.5873,1,1,40.1278,1216.0,0,2.053832116788321,37.943495400788436,1,2.0039421813403417,0.39921311475409693,0,4L of 42.000 to km 80.00 of Dodaballapur Bypass to Hoskote section of NH-648 Old NH-207 [Bangalore Ring Road Pkg 2],1,0,on_roster,1
619096,Roads & Highways,Ministry of Road Transport & Highways,national highways authority of india [nhai],Karnataka,7.40605477738272,1492.0,5022.0,97.8,16.5465,-81.2535,1,1,21.0387,3621.0,0,3.3659517426273458,115.9658344283837,1,2.9894875164257555,0.7359120879120888,0,Goa / Karnataka Km.93.700 to Kundapur Km.283.30,1,0,on_roster,1
619106,Roads & Highways,Ministry of Road Transport & Highways,national highways authority of india [nhai],Karnataka,7.041306671406662,1341.0,1127.0,33.04,24.7292,-8.3108,1,1,-23.9281,242.0,0,0.8404175988068605,-7.030223390275952,0,14.98028909329829,4.469873684210527,0,4 Lane with PS from Des. Ch 182.300 to Des. Ch. 228.500 of Belgaum-Hungund- Raichur Section of NH 748 A Package-5,1,0,on_roster,1
619107,Roads & Highways,Ministry of Road Transport & Highways,national highways authority of india [nhai],Karnataka,7.17962042068608,1308.0,790.0,8.88,4.1314,-4.7486,1,1,-14.3403,182.0,0,0.6039755351681957,-17.017082785808146,0,22.996057818659658,3.962418285714286,0,4 Lane with PS from Des. Ch 136.100 to Des. Ch. 182.300 of Belgaum-Hungund- Raichur Section of NH-748A Package-4,1,0,on_roster,1
619108,Roads & Highways,Ministry of Road Transport & Highways,national highways authority of india [nhai],Karnataka,7.281681559224496,1216.0,790.0,32.57,16.4729,-16.0971,1,1,-13.4864,92.0,0,0.649671052631579,-13.994743758212877,0,17.017082785808146,3.962488803088804,0,4 Lane with PS from Des. Ch 0.000 to Des. Ch. 43.800 of Belgaum-Hungund-Raichur Section of NH-748A Package-1,0,0,on_roster,0
619117,Roads & Highways,Ministry of Road Transport & Highways,national highways authority of india [nhai],Karnataka,6.930074345231403,1186.0,3774.0,97.8,63.939,-33.861,1,1,6.8356,2618.0,0,3.18212478920742,85.0197109067017,1,0.9855453350854139,2.2322666666666695,0,Hassan km 184.912 to Maranahally km 230.060 of NH - 75 in Karnataka,1,0,on_roster,1
619120,Roads & Highways,Ministry of Road Transport & Highways,national highways authority of india [nhai],Karnataka,7.979612830341427,1581.0,2981.0,99.19,55.3989,-43.7911,1,1,40.8963,1461.0,0,1.885515496521189,45.992115637319316,1,2.0039421813403417,0.4042032786885257,0,Nidagatta-Mysore Pkg II,1,0,on_roster,1
619138,Roads & Highways,Ministry of Road Transport & Highways,national highways authority of india [nhai],Karnataka,5.739471317064708,912.0,1673.0,21.12,26.5505,5.4305,0,1,0.0,1187.0,0,1.8344298245614035,25.0,1,13.994743758212877,5.636401877934272,0,Yekkambi-Haveri,1,0,on_roster,1
619150,Roads & Highways,Ministry of Road Transport & Highways,national highways authority of india [nhai],Karnataka,7.64189563940929,1217.0,3652.0,99.7,25.5401,-74.1599,1,1,37.319,2465.0,0,3.000821692686935,79.99342969776609,1,0.9855453350854139,0.3043999999999971,0,BRT Tiger Reserve Boundary Km.287.500 to Bangalore Section Km.458.420 of NH- 209 in Karnataka,1,0,on_roster,1
619164,Roads & Highways,Ministry of Road Transport & Highways,national highways authority of india [nhai],Karnataka,7.102746238876755,1280.0,2953.0,72.77,41.6002,-31.1698,1,1,-1.5285,2007.0,0,2.30703125,54.96057818659658,1,10.972404730617608,2.4816802395209585,0,Belgaum-Khanapur Pkg I Km 0.000-Km 30.800 of NH-4A,0,0,on_roster,0
619211,Roads & Highways,Ministry of Road Transport & Highways,national highways authority of india [nhai],Karnataka,7.6524032324044855,1310.0,1492.0,73.9,37.748,-36.152,1,1,-1.8468,335.0,0,1.1389312977099237,5.978975032851511,1,5.026281208935611,5.19270588235294,0,6L of MH/KN Border Nimbal Village to KN/TS Border Singnodi Village from Km. 97.000 to Km. 162.500 in Yadgir of NH-150C Pkg-III,1,0,on_roster,1
619214,Roads & Highways,Ministry of Road Transport & Highways,national highways authority of india [nhai],Karnataka,6.535241271013659,1005.0,2191.0,82.34,85.6137,3.2737,1,1,-0.5029,1247.0,0,2.180099502487562,38.96189224704336,1,2.0039421813403417,8.81262950819672,0,4L of Channarayapatna Bypass and Hassan Bypass with structures in Devihalli - Hassan section,1,0,on_roster,1
619218,Roads & Highways,Ministry of Road Transport & Highways,national highways authority of india [nhai],Karnataka,7.219012266462286,1338.0,2981.0,100.0,32.6271,-67.3729,1,1,24.043,1704.0,0,2.2279521674140508,53.975032851511166,1,2.0039421813403417,0.0,0,4L Tumkur-Shimoga Pkg-I from Mallasandra to Karadi village of NH-206 from Km. 12.300 to Km. 65.195,1,0,on_roster,1
619219,Roads & Highways,Ministry of Road Transport & Highways,national highways authority of india [nhai],Karnataka,7.317776658171513,1338.0,2981.0,99.97,32.9928,-66.9772,1,1,32.144,1887.0,0,2.2279521674140508,53.975032851511166,1,8.015768725361367,0.0037426229508198136,0,4L of Tumkur-Shimoga Pkg-II from Km 65.195 Karadi to Km 121.900 Banawara of NH-206,0,0,on_roster,0
619220,Roads & Highways,Ministry of Road Transport & Highways,national highways authority of india [nhai],Karnataka,7.2762105614564,1854.0,2981.0,97.3,48.5364,-48.7636,1,1,27.0204,1371.0,0,1.6078748651564185,37.023653088042046,1,8.015768725361367,0.3368360655737708,0,Tumkur-Shimoga Pkg-III from Km 121.900 Banawara to Km 170.415 Bettadahalli of Old NH-206,0,0,on_roster,0
618070,Roads & Highways,Ministry of Road Transport & Highways,morth,Kerala,5.687924058721743,911.0,3346.0,98.0,0.0,-98.0,1,1,7.255,2435.0,0,3.672886937431394,79.99342969776609,1,0.0,,0,Widening to 2 Lanes with paved shoulders from Km.87/000 to 133/720 Nattukal to Thanau Jn. in Palakkad of NH-966 Old NH-213 on EPC mode Basis under NHO Annual Plan 2016-17 in the state of Kerala,1,0,on_roster,1
618595,Roads & Highways,Ministry of Road Transport & Highways,national highways authority of india [nhai],Kerala,7.465912861395335,1400.0,2130.0,90.18,37.1642,-53.0158,1,1,45.3268,1064.0,0,1.5214285714285714,23.98160315374507,1,10.972404730617608,0.8949724550898197,0,6L of Chengala - Neeleshwaram from km. 56.200 to km. 93.468,0,0,on_roster,0
618596,Roads & Highways,Ministry of Road Transport & Highways,national highways authority of india [nhai],Kerala,7.906768202427492,1369.0,2069.0,82.87,29.2333,-53.6367,1,1,31.0561,1309.0,0,1.5113221329437545,22.996057818659658,1,20.006570302233904,0.8562187192118224,0,6L of Taliparamba to Muzhappilangad from Km 134.650 to Km 170.6 of NH-66,1,0,on_roster,1
618597,Roads & Highways,Ministry of Road Transport & Highways,national highways authority of india [nhai],Kerala,8.073019479004667,1369.0,2008.0,60.07,19.9258,-40.1442,1,1,21.6076,1034.0,0,1.466764061358656,20.992115637319316,1,12.976346911957949,3.077137215189874,0,6L of Azhiyur-Vengalam from km. 189.200 to km. 230.400 of NH-66,1,0,on_roster,1
618598,Roads & Highways,Ministry of Road Transport & Highways,national highways authority of india [nhai],Kerala,5.351858133476067,822.0,2222.0,100.0,35.9085,-64.0915,1,1,3.3048,1430.0,0,2.7031630170316303,45.992115637319316,1,0.9855453350854139,0.0,0,6L Minor Bridge Paloli Palam at km. 203.160 & Major Bridge Morad at km. 204.895 and allied works,1,0,on_roster,1
618599,Roads & Highways,Ministry of Road Transport & Highways,national highways authority of india [nhai],Kerala,8.502101888382146,1277.0,1916.0,99.75,36.9108,-62.8392,1,1,-0.0944,669.0,0,1.500391542678152,20.992115637319316,1,0.9855453350854139,0.2536666666666667,0,6L of Ramanatukkara Junction to start of Valanchery bypass section of NH-66,1,0,on_roster,1
618600,Roads & Highways,Ministry of Road Transport & Highways,national highways authority of india [nhai],Kerala,8.300265282909258,1246.0,1885.0,98.84,37.2195,-61.6205,0,1,0.0,669.0,0,1.5128410914927768,20.992115637319316,1,0.9855453350854139,1.17701333333333,0,6L of Valanchery bypass to Kappirikkad of NH 66 from km. 298500 to km 335850,1,0,on_roster,1
618601,Roads & Highways,Ministry of Road Transport & Highways,national highways authority of india [nhai],Kerala,8.349150800357336,1310.0,1765.0,88.2,16.7555,-71.4445,0,1,0.0,516.0,0,1.3473282442748091,14.947437582128778,1,2.0039421813403417,5.888393442622949,0,6L of Kappirikkad to Thalikulam section from km 335.85 to km 369.015 of NH - 66 old NH-17,1,0,on_roster,1
618602,Roads & Highways,Ministry of Road Transport & Highways,national highways authority of india [nhai],Kerala,8.367081676501554,1341.0,1765.0,84.18,17.9656,-66.2144,0,1,0.0,485.0,0,1.3161819537658463,13.92904073587385,1,2.0039421813403417,7.894439344262292,0,6L of Thalikulam to Kodugallur section from km 369.015 to km 397.850 of NH - 66 old NH-17,1,0,on_roster,1
618603,Roads & Highways,Ministry of Road Transport & Highways,national highways authority of india [nhai],Kerala,8.150993026252433,1247.0,1612.0,64.93,21.3005,-43.6295,1,1,4.0504,609.0,0,1.2927024859663192,11.990801576872535,1,8.015768725361367,4.375126229508195,0,6L of Kodugallur to Edapppally section from km 397.750 to km 423.780 of NH - 66 old NH-17,1,0,on_roster,1
618604,Roads & Highways,Ministry of Road Transport & Highways,national highways authority of india [nhai],Kerala,7.795860505211168,1249.0,1339.0,83.93,73.9004,-10.0296,1,1,-1.9218,334.0,0,1.0720576461168936,2.9566360052562417,1,8.015768725361367,2.004798360655737,0,Aroor-Thuravoor Thekku,0,0,on_roster,0
618605,Roads & Highways,Ministry of Road Transport & Highways,national highways authority of india [nhai],Kerala,7.965535156409071,1096.0,1673.0,78.28,80.3765,2.0965,1,1,-8.3467,821.0,0,1.5264598540145986,18.95532194480946,1,8.015768725361367,2.7096590163934424,0,Thuravoor Thekku-Paravoor,1,0,on_roster,1
618606,Roads & Highways,Ministry of Road Transport & Highways,national highways authority of india [nhai],Kerala,8.093954057008828,1158.0,1582.0,71.2,38.3268,-32.8732,1,1,-2.2413,758.0,0,1.3661485319516407,13.92904073587385,1,10.972404730617608,2.624766467065868,0,Paravoor-Kottankulangara,0,0,on_roster,0
618607,Roads & Highways,Ministry of Road Transport & Highways,national highways authority of india [nhai],Kerala,7.952664354195161,1218.0,1765.0,73.89,24.3408,-49.5492,1,1,29.4971,881.0,0,1.4490968801313628,17.969776609724047,1,10.972404730617608,2.379605988023952,0,Kottankulangara- Start of Kollam Bypass,0,0,on_roster,0
618708,Roads & Highways,Ministry of Road Transport & Highways,national highways authority of india [nhai],Kerala,7.08042204458011,1004.0,1308.0,52.71,49.9174,-2.7926,1,1,6.5686,334.0,0,1.302788844621514,9.986859395532194,1,0.9855453350854139,47.98358666666667,0,Widening/Development of Existing NH-85 from Km 0.000 to Km 124.636 section to 2L/LPS section in the state of Kerala on EPC Mode under Bharatmala Pariyojana,1,0,on_roster,1
619098,Roads & Highways,Ministry of Road Transport & Highways,national highways authority of india [nhai],Kerala,7.262467297642978,1826.0,2981.0,98.75,49.0337,-49.7163,1,1,50.1421,1185.0,0,1.6325301204819278,37.943495400788436,1,0.9855453350854139,1.2683333333333333,0,Kozhikode Bypass Calicut Bypass Vengalam Jn. to Ramanattukara Jn.,1,0,on_roster,1
619206,Roads & Highways,Ministry of Road Transport & Highways,national highways authority of india [nhai],Kerala,8.020484125207616,1309.0,2130.0,86.65,26.0369,-60.6131,1,1,27.1566,1155.0,0,1.627196333078686,26.971090670170828,1,10.972404730617608,1.2166886227544904,0,6L of Perole Nileshwar town to Taliparamba from Km 94.248 to Km 134.650 of NH-66,0,0,on_roster,0
619207,Roads & Highways,Ministry of Road Transport & Highways,national highways authority of india [nhai],Kerala,7.879431520696962,1369.0,1765.0,81.8,26.9382,-54.8618,1,1,25.2782,457.0,0,1.289262235208181,13.009198423127463,1,2.0039421813403417,9.082098360655738,0,Start of Kollam Bypass - Kadambattukonam,1,0,on_roster,1
619208,Roads & Highways,Ministry of Road Transport & Highways,national highways authority of india [nhai],Kerala,8.198815457409848,1127.0,1582.0,44.34,16.258,-28.082,1,1,-3.0066,699.0,0,1.4037267080745341,14.947437582128778,1,8.015768725361367,6.943813114754097,0,Kadambattukonam-Kazhakuttom,1,0,on_roster,1
618408,Roads & Highways,Ministry of Road Transport & Highways,nhidcl,Ladakh,5.989888305491614,671.0,1857.0,90.59,70.8362,-19.7538,0,1,0.0,1277.0,0,2.767511177347243,38.96189224704336,1,2.9894875164257555,3.147696703296702,0,Kargil Zanskar Road,1,0,on_roster,1
618409,Roads & Highways,Ministry of Road Transport & Highways,nhidcl,Ladakh,5.945446786274408,671.0,1857.0,82.74,58.1665,-24.5735,0,1,0.0,1277.0,0,2.767511177347243,38.96189224704336,1,2.9894875164257555,5.773564835164837,0,Widening & Up-gradation to 2 lane with Paved shoulder of NH-301 Kargil- Zanskar Road from Design km 57.000 Ex. Km. 57.905 to Km 87.000 Ex. Km. 88.2491 of 30.000 Km length Pkg-lll,1,0,on_roster,1
618410,Roads & Highways,Ministry of Road Transport & Highways,nhidcl,Ladakh,6.006082186931363,671.0,1857.0,75.38,79.3499,3.9699,0,1,0.0,1369.0,0,2.767511177347243,38.96189224704336,1,6.011826544021025,4.095261202185793,0,Widening & Up-gradation to 2 lane with paved shoulder of NH-301 Kargil- Zanskar Road from Design Km .30.040 Ex. Km. 30.000 to Design Km 57.000 Ex. Km. 57.905 of 26.960 Km length Pkg-II,0,0,on_roster,0
617909,Roads & Highways,Ministry of Road Transport & Highways,morth,Madhya Pradesh,6.4755097553390035,1067.0,761.0,50.0,0.0,-50.0,0,0,0.0,0.0,0,0.7132146204311153,-10.052562417871222,0,10.052562417871222,4.973856209150327,0,Construction of Rewa Bypass to 4-lane with paved shoulder along with service road from Ratahara Chowk to Chorhata Chowk Road section of NH-30 from km 00.000 to 19.200 in the State of Madhya Pradesh on Hybrid Annuity Mode HAM.,0,0,on_roster,0
617911,Roads & Highways,Ministry of Road Transport & Highways,morth,Madhya Pradesh,6.239944406235359,853.0,4049.0,94.5,0.0,-94.5,1,1,19.7976,3257.0,0,4.746776084407972,104.99342969776609,1,2.0039421813403417,2.744590163934426,0,Rehabilitation and upgradation Umaria to Shahdol section of NH-78 from Existing Km. 68/4 to Km. 142/2 to 2LPS including construction of Birshinghpur and Shahdol Bypass on EPC mode under NHDP-IVA,1,0,on_roster,1
617914,Roads & Highways,Ministry of Road Transport & Highways,morth,Madhya Pradesh,5.48988768802314,1371.0,1492.0,29.09,0.0,-29.09,1,1,3.6728,547.0,0,1.088256746900073,3.9750328515111693,1,13.994743758212877,5.06690234741784,0,Upgradation and reconstruction of Shahpura-Dindori Section of NH 45 from Km 103.700 Design to Km 164.580 Design including 3 bypasses Total length 60.88km to Two lane with paved shoulder configuration along with One time improvement in 03 nos of bypassed built-up areas in a total length of 12.341 km in the State of Madhya Pradesh on EPC mode,0,0,on_roster,0
618019,Roads & Highways,Ministry of Road Transport & Highways,morth,Madhya Pradesh,5.903206939349818,1157.0,1492.0,88.0,0.0,-88.0,0,1,0.0,396.0,0,1.2895419187554018,11.005256241787121,1,2.0039421813403417,5.988196721311475,0,Upgradation & widening of Jharkheda- Berasia - Dholkhedi from design km 0000 to km 87900 Design length 87.90km of NH-346 including 3 nos. bypasses of 13.10 Km in the State of Madhya Pradesh under EPC mode.,1,0,on_roster,1
618020,Roads & Highways,Ministry of Road Transport & Highways,morth,Madhya Pradesh,5.959690042008797,1068.0,1492.0,64.71,42.5444,-22.1656,0,1,0.0,485.0,0,1.3970037453183521,13.92904073587385,1,2.0039421813403417,17.610288524590167,0,"Rehabilitation & Upgradation of KurwaiMungaoliChanderi Road section of NH-346, from Design Chainge 0.000 to 81.300 Km Total length 83.1 km to Two lane with paved shoulder configuration along with One time improvement in 07 nos of bypassed built- up areas in a total length of 22.615 km in the state of Madhya Pradesh on EPC mode.",1,0,on_roster,1
618021,Roads & Highways,Ministry of Road Transport & Highways,morth,Madhya Pradesh,6.056713753149202,1216.0,790.0,19.31,0.0,-19.31,0,0,0.0,0.0,0,0.649671052631579,-13.994743758212877,0,13.994743758212877,5.7657361502347415,0,Up-gradation of Pichhore- Dinara section of NH-346 from Km 292.750 to 334.550 to two lane with paved shoulders in the state of Madhya Pradesh on EPC mode,0,0,on_roster,0
618035,Roads & Highways,Ministry of Road Transport & Highways,morth,Madhya Pradesh,5.621849091893515,1157.0,1127.0,53.0,0.0,-53.0,0,1,0.0,214.0,0,0.9740708729472775,-0.9855453350854139,0,8.015768725361367,5.863442622950819,0,Rehabilitation & Upgradation of existing intermediate lane to two Lane with paved shoulder from km. 0.600 Gulganj bypass on NH-34 to km. 43.00 Barna River length 42.400 km. on Gulganj-Amanganj-Pawai-Katni NH43 Extn. in the state of Madhya Pradesh on EPCmode.,0,0,on_roster,0
618036,Roads & Highways,Ministry of Road Transport & Highways,morth,Madhya Pradesh,5.7574812069901355,1341.0,1127.0,25.3,0.0,-25.3,0,0,0.0,0.0,0,0.8404175988068605,-7.030223390275952,0,7.030223390275952,10.62555140186916,0,Upgradation and reconstruction of existing intermediate lane to two Lane with paved shoulder configuration from km. 43.00 Barna River to km. 77.00 ken river length 34.00 km. on Gulganj-Amanganj-Pawai-Katni NH43 Extn. along with One time improvement in 01 no. of bypassed built-up area in a total length of 1.585 km in the state of Madhya Pradesh on EPCmode.,1,0,on_roster,1
618043,Roads & Highways,Ministry of Road Transport & Highways,morth,Madhya Pradesh,6.200752552131751,1583.0,1492.0,87.5,0.0,-87.5,1,0,6.4192,0.0,0,0.9425142135186355,-2.9894875164257555,0,2.9894875164257555,4.181318681318682,0,Upgradation and reconstruction of Dindori - Mandla Section of NH 543 from Km 77100 Design to Km 170580 Design Total length 93.48km to Two lane with paved shoulder configuration along with One time improvement in 04 nos of bypassed built-up areas in a total length of 7.23 km in the state of Madhya Pradesh on EPC mode,1,0,on_roster,1
618044,Roads & Highways,Ministry of Road Transport & Highways,morth,Madhya Pradesh,6.748055900224462,1490.0,790.0,0.0,0.0,0.0,0,0,0.0,0.0,0,0.5302013422818792,-22.996057818659658,0,22.996057818659658,4.348571428571429,1,Upgradation of Shahdol- Sagartola Section of NH 543 from km 0000 to km 69400 to 2 lane with paved shoulders under Hybrid Annuity Mode HAM in the State of Madhya Pradesh,0,0,on_roster,0
618068,Roads & Highways,Ministry of Road Transport & Highways,morth,Madhya Pradesh,5.071165793836288,1310.0,1492.0,60.0,0.0,-60.0,0,1,0.0,426.0,0,1.1389312977099237,5.978975032851511,1,8.015768725361367,4.99016393442623,0,"Construction of Kaithi-Padaria Kala bypass, Patna-Tamoli bypass, Jaso bypass and Nagod bypass total length 15.44 Km to 2-lane with paved shoulders flexible pavement on NH-943 in the State of Madhya Pradesh on EPC Mode.",0,0,on_roster,0
618085,Roads & Highways,Ministry of Road Transport & Highways,morth,Madhya Pradesh,5.72397718194172,1035.0,1582.0,78.0,0.0,-78.0,1,1,-3.7297,608.0,0,1.5285024154589373,17.969776609724047,1,2.0039421813403417,10.978360655737704,0,Upgradation of Nasrullagani-Rehti-Budhni Scction to 2-lane with paved shoulder from Km 0150 to Km 50500 of NH-146B in the state of Madhya Pradesh on EPC mode.,1,0,on_roster,1
618129,Roads & Highways,Ministry of Road Transport & Highways,morth,Madhya Pradesh,6.1504535035754895,1371.0,1127.0,86.03,0.0,-86.03,0,0,0.0,0.0,0,0.8220277169948942,-8.015768725361367,0,8.015768725361367,1.7428147540983605,0,"Construction of Kasrawad bypass, Selani bypass, Khargone bypass & Bistan bypass Total length. 31.950 km Section of NH-347 C to Two lane with paved shoulder configuration in the State of Madhya Pradesh on EPC mode.",0,0,on_roster,0
618156,Roads & Highways,Ministry of Road Transport & Highways,morth,Madhya Pradesh,6.201847021119578,1338.0,1155.0,69.25,0.0,-69.25,0,0,0.0,0.0,0,0.8632286995515696,-6.011826544021025,0,6.011826544021025,5.1149180327868855,0,"Construction of Morena bypass, Ambah bypass & Porsa bypass Totat length 27.16 km Section of NH-552 Ext. to TWo lane with paved shoulder configuration in the state of Madhya Pradesh on EPC mode",0,0,on_roster,0
618157,Roads & Highways,Ministry of Road Transport & Highways,morth,Madhya Pradesh,5.8552438271966905,1188.0,1127.0,68.41,0.0,-68.41,0,1,0.0,183.0,0,0.9486531986531986,-2.0039421813403417,0,8.015768725361367,3.9409819672131152,0,Construction of Ater realignment & Bhind bypass Total length. 21.50 km Section of NH-552Extn. to Two lane with paved shoulder configuration in the State of Madhya Pradesh on EPC mode.,0,0,on_roster,0
618158,Roads & Highways,Ministry of Road Transport & Highways,morth,Madhya Pradesh,6.03538573416591,1371.0,1127.0,13.11,0.0,-13.11,0,0,0.0,0.0,0,0.8220277169948942,-8.015768725361367,0,8.015768725361367,10.839883606557377,0,"Upgradation of Goras to Shyampur Road section of NH-552 Ext., from Design Chainge 48.400 to 111.800 Km Total length 63.40 km to two lane with paved shoulder configuration along with One time improvement of 8.91 km in the state of Madhya Pradesh on EPC mode",0,0,on_roster,0
618170,Roads & Highways,Ministry of Road Transport & Highways,morth,Madhya Pradesh,5.370963556532891,915.0,1127.0,40.3,0.0,-40.3,0,1,0.0,456.0,0,1.2316939890710383,6.964520367936925,1,8.015768725361367,7.447819672131147,0,Construction of Two lane with paved shoulder configuration of Shujalpur Bypass section of NH-752C from km 33100 Design to km. 42570 Design total design length 10.470 km in the State of Madhya Pradesh on EPC mode.,0,0,on_roster,0
618171,Roads & Highways,Ministry of Road Transport & Highways,morth,Madhya Pradesh,5.868420823264403,1402.0,1492.0,47.29,0.0,-47.29,0,1,0.0,273.0,0,1.0641940085592012,2.9566360052562417,1,6.011826544021025,8.767718032786886,0,"Work of Upgradation of Jirapur-Pachore Road including Pachore, Jirapur, Chhapiheda & Khujner Bypasses from 0000 to 58790 Design Length 58.79 Km section of NH-752C to 2LPS in the State of Madhya Pradesh under EPC mode",1,0,on_roster,1
618619,Roads & Highways,Ministry of Road Transport & Highways,national highways authority of india [nhai],Madhya Pradesh,6.907705277732095,1036.0,396.0,0.0,2.0081,2.0081,0,0,0.0,0.0,0,0.38223938223938225,-21.02496714848883,0,21.02496714848883,4.75625,0,Bypass on Western side of Gwalior City,0,0,on_roster,0
618620,Roads & Highways,Ministry of Road Transport & Highways,national highways authority of india [nhai],Madhya Pradesh,5.3412331675248685,700.0,1339.0,76.77,58.1389,-18.6311,1,1,1.6846,883.0,0,1.9128571428571428,20.992115637319316,1,8.015768725361367,2.8980377049180333,0,"Additional works 2VUPs, MR-10 junction flyover and underpass in Six lane Indore- Dewas section of NH-52 in the state of Madhya Pradesh on EPC Mode",1,0,on_roster,1
618621,Roads & Highways,Ministry of Road Transport & Highways,national highways authority of india [nhai],Madhya Pradesh,7.0594457922225695,1037.0,1492.0,84.8,34.4907,-50.3093,1,1,31.6495,638.0,0,1.4387656702025073,14.947437582128778,1,6.011826544021025,2.5283497267759567,0,Indore - Edlabad Pkg-II [Tejajinagar to Balwara],0,0,on_roster,0
618622,Roads & Highways,Ministry of Road Transport & Highways,national highways authority of india [nhai],Madhya Pradesh,6.9104416674074445,1186.0,1916.0,89.0,78.6411,-10.3589,1,1,-11.269,821.0,0,1.615514333895447,23.98160315374507,1,2.9894875164257555,3.6795604395604395,0,4L of Indore - Boregaon Pkg-III [Balwara to Dhangaon] from km. 42.260 to km. 82.660 of NH347BG & 753L,1,0,on_roster,1
618623,Roads & Highways,Ministry of Road Transport & Highways,national highways authority of india [nhai],Madhya Pradesh,7.316793994143591,1157.0,1247.0,86.2,44.2835,-41.9165,1,1,-24.73,181.0,0,1.0777873811581677,2.9566360052562417,1,2.9894875164257555,4.616175824175824,0,4L Boregaon Buzurg to Shahpur Pkg I of Boregaon Buzurg to Muktainagar of NH 753L,1,0,on_roster,1
618654,Roads & Highways,Ministry of Road Transport & Highways,national highways authority of india [nhai],Madhya Pradesh,6.2580698058327275,1065.0,1247.0,63.62,41.7667,-21.8533,1,1,-9.8866,335.0,0,1.1708920187793428,5.978975032851511,1,5.026281208935611,7.237955555555556,0,4L Greenfield Rudhi to Deshgaon Pkg V of Betul-Khandwa/Deshgaon,1,0,on_roster,1
618655,Roads & Highways,Ministry of Road Transport & Highways,national highways authority of india [nhai],Madhya Pradesh,5.308218191225299,883.0,761.0,85.42,90.9731,5.5531,1,0,-39.9224,0.0,0,0.8618346545866364,-4.0078843626806835,0,4.0078843626806835,3.6378295081967207,0,2L PS of Roshni to Ashapur Section of NH-347B from Design KM Ch. 89.900 to 114.000 KM Package III of Betul Khandwa,0,0,on_roster,0
618661,Roads & Highways,Ministry of Road Transport & Highways,national highways authority of india [nhai],Madhya Pradesh,6.94051284322031,1126.0,547.0,8.96,4.3133,-4.6467,1,0,0.5696,0.0,0,0.4857904085257549,-19.021024967148488,0,19.021024967148488,4.786282556131261,0,4L from km 0.000 to 42.040 Bhopal Ratnaigiri Tiraha to Vidisha Morikodi,0,0,on_roster,0
618662,Roads & Highways,Ministry of Road Transport & Highways,national highways authority of india [nhai],Madhya Pradesh,6.888776312384334,1247.0,547.0,1.7,0.0826,-1.6174,0,0,0.0,0.0,0,0.43865276663993585,-22.996057818659658,0,22.996057818659658,4.274645714285715,1,4L Vidisha Gyaraspur section of NH-146 from Design Chainage km 59475 existing chainage km 81240 to Design Chainage km 88361 existing chainage km 110.315,0,0,on_roster,0
618663,Roads & Highways,Ministry of Road Transport & Highways,national highways authority of india [nhai],Madhya Pradesh,6.912613458892494,1187.0,1308.0,83.34,40.8651,-42.4749,1,1,-6.2508,151.0,0,1.1019376579612468,3.9750328515111693,1,0.9855453350854139,16.904346666666665,0,i 4L Vidisha to Hinotiya from km 0.000 to Km 27.000 Vidisha Mehulwa-Talbehat Pkg- I Section of NH- 346 and ii 4L Vidisha to Morikori from Km 39.000 to 59.476 section of NH-146,1,0,on_roster,1
618664,Roads & Highways,Ministry of Road Transport & Highways,national highways authority of india [nhai],Madhya Pradesh,6.264996983955321,1004.0,1520.0,88.0,78.1991,-9.8009,1,1,-10.1993,577.0,0,1.5139442231075697,16.95137976346912,1,2.0039421813403417,5.988196721311475,0,Berkhedi to Godpehra on NH-44 Sagar link road,1,0,on_roster,1
618666,Roads & Highways,Ministry of Road Transport & Highways,national highways authority of india [nhai],Madhya Pradesh,6.567965545548606,1461.0,1339.0,87.65,80.1347,-7.5153,1,0,-24.1715,0.0,0,0.9164955509924709,-4.0078843626806835,0,4.0078843626806835,3.081426229508195,0,4- Laning of Mohari to Satai Ghat section NH-934 from Km 50300 to Km 89875 Total length 39.575 km Package-2 in the State of Madhya Pradesh on EPC Mode,0,0,on_roster,0
618667,Roads & Highways,Ministry of Road Transport & Highways,national highways authority of india [nhai],Madhya Pradesh,6.914323659860169,1095.0,547.0,20.84,12.6682,-8.1718,1,1,-12.2694,-365.0,0,0.4995433789954338,-18.00262812089356,0,6.011826544021025,13.167379234972678,0,4L of near Satai Ghat to Chowka section of NH-34 from D. Ch. 89.875 to D. Ch. 145.000 Package-3,1,0,on_roster,1
618671,Roads & Highways,Ministry of Road Transport & Highways,national highways authority of india [nhai],Madhya Pradesh,6.428638248559866,1005.0,396.0,5.08,1.462,-3.618,1,0,-44.5781,0.0,0,0.3940298507462687,-20.006570302233904,0,20.006570302233904,4.744441379310345,0,4-lanning of Rahatgarh to Berkhedi section of NH-146 from Design Ch 124470 to Ch. 134.549,0,0,on_roster,0
618672,Roads & Highways,Ministry of Road Transport & Highways,national highways authority of india [nhai],Madhya Pradesh,6.807315967643379,1126.0,547.0,25.02,17.6541,-7.3659,1,0,-34.424,0.0,0,0.4857904085257549,-19.021024967148488,0,19.021024967148488,3.9419537132987914,0,4-lanning of Gyaraspur to Rahatgarh section of NH-146 from Design Ch. 88361 to Ch 124470 in the state of MP on HAM mode,0,0,on_roster,0
618684,Roads & Highways,Ministry of Road Transport & Highways,national highways authority of india [nhai],Madhya Pradesh,6.8224805749209025,1216.0,1247.0,74.56,62.5593,-12.0007,1,1,-14.2588,214.0,0,1.0254934210526316,1.0183968462549278,1,6.011826544021025,4.231659016393443,0,Outer Ring Road of Jabalpur Town from Manegaon to NH-45 Pkg-2,1,0,on_roster,1
618685,Roads & Highways,Ministry of Road Transport & Highways,national highways authority of india [nhai],Madhya Pradesh,6.815903113349103,1277.0,1308.0,77.0,64.0793,-12.9207,1,1,-15.1453,61.0,0,1.024275646045419,1.0183968462549278,1,0.9855453350854139,23.337333333333333,0,Outer Ring Road of Jabalpur Town from NH45 to Kushner Pkg-3,1,0,on_roster,1
618686,Roads & Highways,Ministry of Road Transport & Highways,national highways authority of india [nhai],Madhya Pradesh,6.419897203502538,1308.0,1339.0,76.1,64.1697,-11.9303,1,1,-16.8238,92.0,0,1.0237003058103975,1.0183968462549278,1,2.0039421813403417,11.92649180327869,0,Outer Ring Road of Jabalpur Town from Kushner to Amjhar Road including Airport Connectivity Pkg-IV,1,0,on_roster,1
618687,Roads & Highways,Ministry of Road Transport & Highways,national highways authority of india [nhai],Madhya Pradesh,6.482082361502622,912.0,1308.0,88.0,71.8844,-16.1156,1,1,-0.069,426.0,0,1.4342105263157894,13.009198423127463,1,0.9855453350854139,12.176,0,Outer Ring Road of Jabalpur Town from Barela to Manegaon Pkg-1,1,0,on_roster,1
618688,Roads & Highways,Ministry of Road Transport & Highways,national highways authority of india [nhai],Madhya Pradesh,6.679222230383489,1095.0,547.0,25.12,12.8413,-12.2787,1,0,-32.0624,0.0,0,0.4995433789954338,-18.00262812089356,0,18.00262812089356,4.159392700729927,0,Outer Ring Road of Jabalpur Town from Amjhar Road including Airport Connectivity to barela Pkg-V,0,0,on_roster,0
618694,Roads & Highways,Ministry of Road Transport & Highways,national highways authority of india [nhai],Madhya Pradesh,6.919970370061396,1004.0,1551.0,91.73,51.265,-40.465,1,1,-19.6047,608.0,0,1.544820717131474,17.969776609724047,1,2.0039421813403417,4.126865573770489,0,Indore - Harda Pkg-I [Indore to Raghav Garh from km. 0.25 to km. 26.903],1,0,on_roster,1
618735,Roads & Highways,Ministry of Road Transport & Highways,national highways authority of india [nhai],Madhya Pradesh,6.814367250660464,882.0,1582.0,99.0,44.692,-54.308,1,1,7.3321,730.0,0,1.7936507936507937,22.996057818659658,1,0.9855453350854139,1.0146666666666668,0,4L of Chandesara to Khedakhajuriya from Km. 0.000 to - 750 & Km 0.000 to km 41.400 of NH-148NG Pkg-I,1,0,on_roster,1
618751,Roads & Highways,Ministry of Road Transport & Highways,national highways authority of india [nhai],Madhya Pradesh,6.367586663019273,1066.0,1278.0,69.04,41.0454,-27.9946,1,1,1.9015,487.0,0,1.198874296435272,6.964520367936925,1,9.034165571616294,3.426990545454545,0,2L PS of Hinotiya-Mehulwa section of NH-346 from Km. 27.000 to Km 75.700 Vidisha Mehulwa-Talbehat Pkg-II Section of NH- 346,1,0,on_roster,1
618762,Roads & Highways,Ministry of Road Transport & Highways,national highways authority of india [nhai],Madhya Pradesh,6.857797933922023,914.0,3165.0,100.0,50.3812,-49.6188,1,1,-17.0415,2281.0,0,3.462800875273523,73.94875164257556,1,0.9855453350854139,0.0,0,Itarsi Km. 63.000 to Betul Km. 137.000 of NH-69 in Madhya Pradesh,1,0,on_roster,1
618784,Roads & Highways,Ministry of Road Transport & Highways,nhai,Madhya Pradesh,5.875941455852443,974.0,974.0,84.44,58.7967,-25.6433,0,1,0.0,183.0,0,1.0,0.0,0,6.011826544021025,2.5882316939890715,0,Balance works of 4 lane divided carriageway of Missing Link section of NH-39 Rewa Bypass from junction with NH 30 near Bela to Junction with MPRDC ring road near Silpara on SH 9 design length 13.100 km on EPC Mode under Bharatmala Pariyojana in the State of Madhya Pradesh,1,0,on_roster,1
618932,Roads & Highways,Ministry of Road Transport & Highways,national highways authority of india [nhai],Madhya Pradesh,7.336741582131647,1399.0,790.0,10.07,20.8776,10.8076,1,0,-4.0412,0.0,0,0.5646890636168692,-20.006570302233904,0,20.006570302233904,4.495023316912972,0,Construction of 6 lane Indore western bypass from km 0000 to Km 34000 Pkg -l in the State of Madhya Pradesh on Hybrid Annuity Mode under NHO,0,0,on_roster,0
618933,Roads & Highways,Ministry of Road Transport & Highways,national highways authority of india [nhai],Madhya Pradesh,7.266520037735943,1461.0,761.0,0.0,0.6026,0.6026,0,0,0.0,0.0,0,0.5208761122518822,-22.996057818659658,0,22.996057818659658,4.348571428571429,0,Construction of 6 lane Indore western bypass from km 34000 to Km 64000 Pkg-II in the state of Madhya Pradesh on Hybrid Annuity Mode under NHO,0,0,on_roster,0
618962,Roads & Highways,Ministry of Road Transport & Highways,national highways authority of india [nhai],Madhya Pradesh,7.0066680525547795,1248.0,761.0,18.4,8.4977,-9.9023,1,1,-30.1695,-92.0,0,0.6097756410256411,-15.99868593955322,0,12.976346911957949,6.2883645569620255,0,4L of Budhni to Shahganj Bypass End Package-III of NH-146B from Km. 73.750 to Km. 102.000,1,0,on_roster,1
618963,Roads & Highways,Ministry of Road Transport & Highways,national highways authority of india [nhai],Madhya Pradesh,6.665862045830061,1124.0,790.0,42.83,37.959,-4.871,1,0,6.6952,0.0,0,0.702846975088968,-10.972404730617608,0,10.972404730617608,5.210343712574851,0,Construction work of 4-laning of Shahganj bypass end to Badi Package-IV of NH-146B from design km 102.000 to design km 142.357 Design length 40.357 km,0,0,on_roster,0
618964,Roads & Highways,Ministry of Road Transport & Highways,national highways authority of india [nhai],Madhya Pradesh,7.2633156019616605,1036.0,396.0,8.02,4.6831,-3.3369,0,0,0.0,0.0,0,0.38223938223938225,-21.02496714848883,0,21.02496714848883,4.37479875,0,4 Laning of Sandalpur to Nasrullaganj Pkg-1 section of NH-146B Length 43.2 Km.,0,0,on_roster,0
618966,Roads & Highways,Ministry of Road Transport & Highways,national highways authority of india [nhai],Madhya Pradesh,7.024800264568783,1277.0,790.0,15.72,8.5831,-7.1369,1,0,-1.7762,0.0,0,0.6186374314800314,-15.99868593955322,0,15.99868593955322,5.267932648870636,0,Six laning with both sides Service Road of Ayodhya Bypass from Design Km 0000 near Ashram Tiraha on NH-46 to Km 16439 end at Ratnagiri Tiraha on Nh-146,0,0,on_roster,0
619007,Roads & Highways,Ministry of Road Transport & Highways,morth,Madhya Pradesh,6.136062602700595,1767.0,1127.0,0.0,0.0,0.0,0,0,0.0,0.0,0,0.6378041878890776,-21.02496714848883,0,21.02496714848883,4.75625,0,Upgradation of Sarvardewla to Pal MP/MH Border Road section of NH-347 C from Design Chainge km 81.600 to 137.400 Total length 55.80 km to two lane with paved shoulder configuration along with One time improvement of 1 .95 km in the State of Madhya Pradesh on EPC mode.,0,0,on_roster,0
619100,Roads & Highways,Ministry of Road Transport & Highways,national highways authority of india [nhai],Madhya Pradesh,6.7650389767805414,1308.0,2282.0,99.8,53.8522,-45.9478,1,1,36.8406,1035.0,0,1.7446483180428134,31.99737187910644,1,2.0039421813403417,0.09980327868852601,0,Dhangaon - Borgaon section km 81.000 to km 139.000 [Indore - Edlabad Pkg IV],1,0,on_roster,1
619114,Roads & Highways,Ministry of Road Transport & Highways,national highways authority of india [nhai],Madhya Pradesh,6.9870376977092645,1155.0,1186.0,40.25,31.0623,-9.1877,1,1,6.0212,275.0,0,1.0268398268398269,1.0183968462549278,1,8.015768725361367,7.45405737704918,0,Indore - Harda Pkg-II [Raghavgarh to Nanasa from km. 29.30 to km. 92.30],1,0,on_roster,1
617912,Roads & Highways,Ministry of Road Transport & Highways,morth,Maharashtra,6.43060618157553,1309.0,761.0,6.05,0.0,-6.05,0,0,0.0,0.0,0,0.5813598166539343,-18.00262812089356,0,18.00262812089356,5.2186824817518245,0,Construction of 6 lane flyover from Khapari ROB to Mihan Interchange design chainage km 8760 to 11450 L- 2.69 km and upgradation of existing 4L PS road to 6LPS with service road by flexible pavement design chainage km 11450 to 14500 L- 3.05 [total project length 5.74 km] in section of Nagpur - Hyderabad NH-44 Old NH-7 in Nagpur district in the state of Maharashtra on HAM mode.,0,0,on_roster,0
617932,Roads & Highways,Ministry of Road Transport & Highways,morth,Maharashtra,6.2098769240462905,945.0,1492.0,70.14,0.0,-70.14,0,1,0.0,608.0,0,1.578835978835979,17.969776609724047,1,2.0039421813403417,14.90062950819672,0,Construction of New Four Lane Bypass to Parbhani City Parwa to Asola Km 463/265 to Km 481/180 Design Ch. 19220 to Ch. 34434 Length-15.214 Km section of NH-61 on EPC mode in the State of Maharashtra.,1,0,on_roster,1
617934,Roads & Highways,Ministry of Road Transport & Highways,morth,Maharashtra,6.0101390873727905,792.0,3196.0,95.84,0.0,-95.84,0,1,0.0,2465.0,0,4.0353535353535355,78.97503285151117,1,2.0039421813403417,2.0759081967213096,0,Nasratpur to Barasgaon section of NH-61 2L / 4L PS from Km.514/00 to 558/200,1,0,on_roster,1
617937,Roads & Highways,Ministry of Road Transport & Highways,morth,Maharashtra,6.69798441339997,1247.0,516.0,0.0,0.0,0.0,0,0,0.0,0.0,0,0.41379310344827586,-24.014454664914584,0,24.014454664914584,4.164158686730507,1,Udgir Raavi Degloor Aadampur phata to Sagroli fata,0,0,on_roster,0
617938,Roads & Highways,Ministry of Road Transport & Highways,morth,Maharashtra,6.354683035287725,820.0,486.0,10.0,0.0104,-9.9896,0,0,0.0,0.0,0,0.5926829268292683,-10.972404730617608,0,10.972404730617608,8.202395209580839,0,Rehabilitation And Upgradation to four lane with paved shoulder configuration from km 24350 to km 61875 Jawale - Borgaon Kale of NH-63 in the State of Maharashtra on EPC mode under Annual Plan 2024-25 Total length - 37.525 Km.,0,0,on_roster,0
617945,Roads & Highways,Ministry of Road Transport & Highways,morth,Maharashtra,5.872709163874876,761.0,396.0,52.09,0.0,-52.09,0,0,0.0,0.0,0,0.5203679369250985,-11.990801576872535,0,11.990801576872535,3.9955627397260276,0,Balance work of NH-66 from design Km 84/00 to Km 87/100 Indapur Bypass and Km 91/600 to Km 99/100 Mangaon Bypass to four lane with paved shoulder in State of Maharashtra under NHO on EPC Mode.,0,0,on_roster,0
617946,Roads & Highways,Ministry of Road Transport & Highways,morth,Maharashtra,7.041953948927621,1432.0,3683.0,97.5,0.0,-97.5,0,1,0.0,2130.0,0,2.571927374301676,73.94875164257556,1,-3.9750328515111693,,0,Kashedi to Parshuram Ghat section of NH-66 from Km 161/600 - Km 205/400 - 4L PS,0,0,on_roster,0
617947,Roads & Highways,Ministry of Road Transport & Highways,morth,Maharashtra,6.915713527947183,1340.0,3683.0,80.06,0.0,-80.06,1,1,43.3073,2312.0,0,2.7485074626865673,76.97109067017082,1,-1.0183968462549278,,0,Arawali Kante section of NH-17New NH-66 4L PS from Km.241/300 to 281/300,0,0,on_roster,0
617948,Roads & Highways,Ministry of Road Transport & Highways,morth,Maharashtra,7.019967269589065,1340.0,3683.0,90.14,14.2515,-75.8885,1,1,80.7703,2192.0,0,2.7485074626865673,76.97109067017082,1,-4.9605781865965834,,0,Kante - Wakad section of NH-66 4L PS from Km.281/300 to 332/200,0,0,on_roster,0
617965,Roads & Highways,Ministry of Road Transport & Highways,morth,Maharashtra,5.280051557741144,761.0,1400.0,80.0,0.0,-80.0,0,1,0.0,700.0,0,1.8396846254927726,20.992115637319316,1,2.0039421813403417,9.98032786885246,0,Kopargaon to Savali Vihir section,1,0,on_roster,1
617978,Roads & Highways,Ministry of Road Transport & Highways,morth,Maharashtra,6.450091203330379,1156.0,761.0,74.54,29.6917,-44.8483,0,0,0.0,0.0,0,0.6583044982698962,-12.976346911957949,0,12.976346911957949,1.962031392405063,0,"Rehabilitation, upgradation & widening of existing highway to 2L/4LPS Rigid Pavement of NH 160 section- Phaltan to Mhaishal near Karnataka Border including Tasgaon Bypass, from existing chainage Km 301/430 to Km 458/415 in the State of Maharashtra- Package-II & Package III combined- starting from existing chainage Km 341/300 to Km 394/130 and design chainage Km 340/250 at Dahiwadi Village to Km 392/950 ending at Vita Village in the State of Maharashtra on EPC Mode.",0,0,on_roster,0
617979,Roads & Highways,Ministry of Road Transport & Highways,morth,Maharashtra,6.281818048114922,1156.0,761.0,68.95,0.0,-68.95,0,1,0.0,-181.0,0,0.6583044982698962,-12.976346911957949,0,7.030223390275952,4.416644859813084,0,"Rehabilitation, upgradation & widening of existing highway to 2L/4LPS Rigid Pavement of NH 160 section- Phaltan to Mhaisal near Karnataka Border including Tasgaon Bypass, from existing chainage Km 301/430 to Km 458/415 in the State of Maharashtra. Package-I starting from existing chainage Km 301/430 at Phaltan Village Junction of Phaltan Baramati Road Design Chainage -301/430km & ending at existing chainage Km 341/300 Dahiwadi Village Bus Stop Design chainage Km 340466km in the S",0,0,on_roster,0
618042,Roads & Highways,Ministry of Road Transport & Highways,morth,Maharashtra,5.105096628885081,1157.0,1492.0,42.78,0.0,-42.78,0,1,0.0,304.0,0,1.2895419187554018,11.005256241787121,1,-1.0183968462549278,,0,"Rehabilitation/ Upgradation of existing Highway to four lane standards in Kurkheda town from km.413257 to km 410775, Two lane in Shankarpur Gurnuli km 42400 to km 43100 section and Reconstruction of Major Bridge at Ch. 448558 Bhuti Nallah and Ch. 411695 Sati River bridge, Minor Bridge at Ch. 411477 and Ch. 405800 Lendhari Bridge of NH 543 Bhamhapuri-wadsa-kurkheda-korchi-Deori-Amgaon road on EPC mode in the State of Maharashtra",1,0,on_roster,1
618047,Roads & Highways,Ministry of Road Transport & Highways,morth,Maharashtra,6.489448062860675,1156.0,761.0,72.2,0.0,-72.2,0,0,0.0,0.0,0,0.6583044982698962,-12.976346911957949,0,12.976346911957949,2.1423594936708863,0,"Widening, Reconstruction & Up-gradation to 2 lane with Paved Shoulder/Four Lane configuration for the work of Ahmednagar to Sabalkhed & Ashti to Chinchpur Section of NH-561 from Design km 2915 to km 37728 & Design km 55100 to km 70000 in the State of Maharashtra on EPC mode. Length 49.713 km",0,0,on_roster,0
618049,Roads & Highways,Ministry of Road Transport & Highways,morth,Maharashtra,5.217161539587027,852.0,761.0,95.0,35.3688,-59.6312,0,0,0.0,0.0,0,0.8931924882629108,-2.9894875164257555,0,2.9894875164257555,1.6725274725274726,0,Up-gradation to 2/4 lane with paved shoulder configuration of NH-652 from Tuljapur Naldurg-Akkalkot road Chainage from Km. 00.000 to km 30.982 in the State of Maharashtra on EPC mode.,1,0,on_roster,1
618059,Roads & Highways,Ministry of Road Transport & Highways,morth,Maharashtra,5.796392041388594,912.0,1155.0,34.15,0.0,-34.15,0,1,0.0,334.0,0,1.2664473684210527,7.982917214191852,1,2.9894875164257555,22.027186813186812,0,Construction of four-lane Concrete Road from Police Headquarter Gondia City to Rawanwadi Village Birsi Airport Junction from design km 0.000 to km 15.781 existing km 39/720 of NH-753 to existing Km 8/400 of NH 543 on sections from Kohmara- Goregaon- Police HeadquarterKaranja - Collector Office Square - Balaghat T Point- Rawanwadi- Rajegaon of NH-753 and NH-543 in Gondia District in the state of Maharashtra. Total Length of the project 15.781 Km.,1,0,on_roster,1
618061,Roads & Highways,Ministry of Road Transport & Highways,morth,Maharashtra,5.9588380442808875,914.0,761.0,56.86,7.9915,-48.8685,0,0,0.0,0.0,0,0.8326039387308534,-5.026281208935611,0,5.026281208935611,8.582886274509804,0,"Strengthening, Widening & Up-gradation of newly declared NH-761 from NH- 61Junction-BelheAlkutiDevibhoyareNighojShirur, from Design chainage Km 0.000 to Km 37.970 from Single/Intermediate/2L to 2LPS in the State of Maharashtra on EPC Mode Length 37.970 Km",0,0,on_roster,0
618065,Roads & Highways,Ministry of Road Transport & Highways,morth,Maharashtra,5.7602888240965076,1280.0,1492.0,31.97,0.0,-31.97,0,1,0.0,334.0,0,1.165625,6.964520367936925,1,4.0078843626806835,16.97404262295082,0,"Rehabilitation/Upgradation of existing Highway to 2LPS/4 lane of Dhawali to Rajoli from Design Km.149476 to 163476 existing Km.150000 to 164000, Pandhasala to Mohadongri from design Km.170476 to 181476 existing Km.171000 to 182000, Ambeshivni Fata to Bodli from design Km.183476 to 185476 existing Km.184000 to 186000 and Made Tukum to Gadchiroli from design Km.188476 to 189476 existing Km.188000 to 18900 having length 28 km of NH-930 of Dhawali to Gadchroli road in the",1,0,on_roster,1
618088,Roads & Highways,Ministry of Road Transport & Highways,morth,Maharashtra,5.7893177627624635,821.0,577.0,27.0,3.0296,-23.9704,0,0,0.0,0.0,0,0.702801461632156,-8.015768725361367,0,8.015768725361367,9.107049180327868,0,Nandurshingote to Kolhar,0,0,on_roster,0
618089,Roads & Highways,Ministry of Road Transport & Highways,morth,Maharashtra,5.3353240921771325,1127.0,1492.0,65.14,0.0,-65.14,0,1,0.0,426.0,0,1.323868677905945,11.990801576872535,1,2.0039421813403417,17.395711475409836,0,Rehabilitation & Up-gradation of Mudkhed to Nanded section from Km. 372000 to Km 388400 of NH 161A i.e. Nanded-Bhokar-Himayatnagar-Kinwat-Mahur-Arani Road Design chainage from Km 372000 Mudkhed to Km 387650 Nanded of NH 161A Length 15.65 Km to 2/4Lane with paved shoulders configuration in the State of Maharashtra on EPC mode.,1,0,on_roster,1
618094,Roads & Highways,Ministry of Road Transport & Highways,morth,Maharashtra,5.914556504567403,640.0,2953.0,86.3,87.6445,1.3445,0,1,0.0,2192.0,0,4.6140625,75.9855453350854,1,-3.9750328515111693,,0,Pen to Khopoli 2LPS,0,0,on_roster,0
618096,Roads & Highways,Ministry of Road Transport & Highways,morth,Maharashtra,5.206476162882456,790.0,790.0,87.0,0.0,-87.0,0,1,0.0,91.0,0,1.0,0.0,0,2.9894875164257555,4.348571428571429,0,Rehabilitation and Up-gradation to 2 lane road with paved shoulders configuration for the balance work of 13 km length on Helwak-Patan-Karad section Km. 85000 to 133 417 of NH-166E in the state of Maharashtra on EPC mode.,1,0,on_roster,1
618097,Roads & Highways,Ministry of Road Transport & Highways,morth,Maharashtra,6.011757250375744,881.0,3377.0,91.89,0.0,-91.89,0,1,0.0,2253.0,0,3.833144154370034,81.99737187910644,1,-7.982917214191852,,0,Guhagar - Rampur - 2L-PS - km 0/00 Guhagar to 26/230 Rampur and 40/00 Mirjoli to 53/600 Sati on NH-166E,0,0,on_roster,0
618098,Roads & Highways,Ministry of Road Transport & Highways,morth,Maharashtra,5.129721184372558,1157.0,1857.0,93.75,0.0,-93.75,0,1,0.0,669.0,0,1.6050129645635263,22.996057818659658,1,-1.0183968462549278,,0,"Upgradation of exhisting 2 lane flexible pavement to 2 lane paved shoulders rigid pavement from design chainage Km 66.00 to Design Km 82.440 Start of Kolhapur Municipal corporation near Phulewadi to kale, design length 16.440 Km section on Talere Gaganbawada-Kolhapur road NH 166G in the state of Maharashtra on EPC mode",1,0,on_roster,1
618133,Roads & Highways,Ministry of Road Transport & Highways,morth,Maharashtra,5.640381084517819,1157.0,1857.0,61.61,0.0,-61.61,0,1,0.0,730.0,0,1.6050129645635263,22.996057818659658,1,0.9855453350854139,38.95305333333334,0,Strengthening and Widening of road Sakoli- Wadsa-Armori-Gadchiroli-Ashti- Allapalli - Sironcha National highway NH 353C in Km 262/00 to 321/00 including 16 minor Bridges and 2 Major Bridge Total length 59 Km section from repanpalli to sironcha in Gadchiroli Dist in the State of Maharashtra.,1,0,on_roster,1
618134,Roads & Highways,Ministry of Road Transport & Highways,morth,Maharashtra,6.132073956368573,1308.0,1155.0,69.15,0.0,-69.15,0,0,0.0,0.0,0,0.8830275229357798,-5.026281208935611,0,5.026281208935611,6.137738562091502,0,Rehabilitation /Upgradation from Lagam to Alapalli section Desing Km. 199/400 to km 227/400 Length 28.0 Km to 2 lane with Paved Shoulders/ 4 lane configuration section of NH-353 C Sakoli-Wadsa-Armori-Gadchiroli-Ashti-Alapalli Sironcha in Gadchiroli District on EPC mode in the state of Maharashtra.,0,0,on_roster,0
618137,Roads & Highways,Ministry of Road Transport & Highways,morth,Maharashtra,6.294066019756907,1156.0,761.0,49.89,17.6867,-32.2033,0,0,0.0,0.0,0,0.6583044982698962,-12.976346911957949,0,12.976346911957949,3.861641518987342,0,Rehabilitation and Up-gradation of Jarud - Sirsala section of NH-361F km 59500 to km11500 to Two lane with paved shoulder/ Four Lane in the state of Maharashtra on EPC mode Length 55.5 Km.,0,0,on_roster,0
618138,Roads & Highways,Ministry of Road Transport & Highways,morth,Maharashtra,5.859560401227616,975.0,761.0,41.13,0.0,-41.13,0,0,0.0,0.0,0,0.7805128205128206,-7.030223390275952,0,7.030223390275952,8.373844859813085,0,"Widening, Reconstruction & Up-gradation to 2 lane with Paved Shoulder/Four Lane configuration for the work of Sautada to Shirapur Section of NH-561 from Design km 86300 to km 125589 in the state of Maharashtra on EPC mode. Design length 39.289 km",0,0,on_roster,0
618139,Roads & Highways,Ministry of Road Transport & Highways,morth,Maharashtra,5.87526775270547,914.0,761.0,43.46,0.0,-43.46,0,0,0.0,0.0,0,0.8326039387308534,-5.026281208935611,0,5.026281208935611,11.248873202614378,0,Rehabilitation and Up-gradation of Gangakhed Loha section of NH-361F from Km 169/00 to 210/00 to two lane with paved shoulder/ four lane configuration in the state of Maharashtra on EPC mode Length - 41.00 Km.,0,0,on_roster,0
618150,Roads & Highways,Ministry of Road Transport & Highways,morth,Maharashtra,6.637035201741581,1156.0,761.0,15.0,0.0,-15.0,0,0,0.0,0.0,0,0.6583044982698962,-12.976346911957949,0,12.976346911957949,6.550379746835444,0,Rehabilitation and Up-gradation of i. Deogaon phata to Digras phata Ch. 0/000 to 15/000 & Selu to Borgavhan Ch 20/900 to 35/800 [Length 29.9km] ii. Injegaon Dhamoni to Pohner Phata Ch.58/200 to Ch. 83/700 [Length25.5 km] and iii. Pohner phata to Pathri Design Ch. 42/700 to 58/200 [Length 15.5 km] sections of NH-548B to Two lane with paved shoulder configuartion in the state of Maharashtra on EPC mode Total project length 70.9 Km.,0,0,on_roster,0
618152,Roads & Highways,Ministry of Road Transport & Highways,morth,Maharashtra,6.193588731198116,911.0,3377.0,96.19,0.0,-96.19,0,1,0.0,2345.0,0,3.706915477497256,81.01182654402102,1,-3.9750328515111693,,0,Mhaswad to Tembhurni section of NH-548C - 2L PS,1,0,on_roster,1
618153,Roads & Highways,Ministry of Road Transport & Highways,morth,Maharashtra,6.4838104681271025,942.0,3377.0,98.08,1.1217,-96.9583,0,1,0.0,2161.0,0,3.5849256900212314,79.99342969776609,1,-9.00131406044678,,0,Satara to Mhaswad,1,0,on_roster,1
618154,Roads & Highways,Ministry of Road Transport & Highways,morth,Maharashtra,5.066511404655174,853.0,1492.0,68.93,0.0,-68.93,0,1,0.0,700.0,0,1.7491207502930832,20.992115637319316,1,2.0039421813403417,15.504439344262291,0,"Rehabilitation & upgradation of Jamkhed to Sautada Section of NH548 D from km 195.375 to km 208.774, Length 13.399 Km to 2L PS /4L configuration with rigid pavement in the state of Maharashtra on EPC mode.",0,0,on_roster,0
618155,Roads & Highways,Ministry of Road Transport & Highways,morth,Maharashtra,5.984364400617675,852.0,761.0,70.8,21.5993,-49.2007,0,0,0.0,0.0,0,0.8931924882629108,-2.9894875164257555,0,2.9894875164257555,9.767560439560441,0,Development/Widening of Talegaon Chakan Shikrapur Nhavara Section of NH-548D from existing chainage km. 54/000 to 82/300 and Design chainage Km. 54/000 to 82/120 Shikrapur to Nhavara Section to 2LPS/4L Configuration on EPC Mode in the State of Maharashtra.,1,0,on_roster,1
618172,Roads & Highways,Ministry of Road Transport & Highways,morth,Maharashtra,5.837147186723625,822.0,3318.0,82.0,0.0,-82.0,0,1,0.0,2526.0,0,4.036496350364963,81.99737187910644,1,0.9855453350854139,18.264000000000003,0,Paithan - Shirur section 2LPS Km 0.0 to 55.00,1,0,on_roster,1
618173,Roads & Highways,Ministry of Road Transport & Highways,morth,Maharashtra,5.947434286601761,850.0,3346.0,83.93,0.0,-83.93,0,1,0.0,2284.0,0,3.936470588235294,81.99737187910644,1,-6.964520367936925,,0,Shirur-Kharda section from 55937 km to 114486 km to 2LPS/4L,1,0,on_roster,1
618174,Roads & Highways,Ministry of Road Transport & Highways,morth,Maharashtra,5.4275018249288625,944.0,761.0,100.0,0.0,-100.0,0,0,0.0,0.0,0,0.8061440677966102,-6.011826544021025,0,6.011826544021025,0.0,0,Rehabilitation and Upgradation to two lane with paved shoulder configuration of NH- 752G from Sakri to Pimpalner Section Design Ch km 0000 to Ch km 21411 in the state of Maharashtra on EPC Mode. Length 21.411 km.,0,0,on_roster,0
618176,Roads & Highways,Ministry of Road Transport & Highways,morth,Maharashtra,5.858161699793562,1036.0,396.0,21.6,0.0,-21.6,0,0,0.0,0.0,0,0.38223938223938225,-21.02496714848883,0,21.02496714848883,3.7289000000000003,0,Rehabilitation and upgradation from ch km 50/200 to 56/800 and km 62/600 to 100/403 of Kolde to Visarwadi Near Junction with NH-6 section of NH 752G total length 44.40 to two-lane with paved shoulder / four lanes in the State of Maharashtra on EPC mode.,0,0,on_roster,0
618177,Roads & Highways,Ministry of Road Transport & Highways,morth,Maharashtra,5.430178615258333,640.0,2953.0,99.15,0.0,-99.15,0,1,0.0,2192.0,0,4.6140625,75.9855453350854,1,-3.9750328515111693,,0,Pal Phata Phulambri - Khultabad 2LPS,0,0,on_roster,0
618178,Roads & Highways,Ministry of Road Transport & Highways,morth,Maharashtra,5.097852205517793,851.0,790.0,72.0,0.0,-72.0,0,1,0.0,-31.0,0,0.9283196239717979,-2.0039421813403417,0,0.9855453350854139,28.410666666666668,0,Widening and strengthening of Gangakhed to Kingaon section of NH-752K in Km 38/750 to 72/304 Flexible Pavement Length33.554 km to 2-lane configuration on EPC mode in the State of Maharashtra.,1,0,on_roster,1
618180,Roads & Highways,Ministry of Road Transport & Highways,morth,Maharashtra,5.41369751758811,640.0,2953.0,89.08,0.0,-89.08,0,1,0.0,1644.0,0,4.6140625,75.9855453350854,1,-21.97766097240473,,0,Pune raigarh District Border To Mangaon Ch 69000 to 103775 NH-753F,1,0,on_roster,1
618188,Roads & Highways,Ministry of Road Transport & Highways,morth,Maharashtra,5.540400427681641,820.0,1155.0,99.75,0.0,-99.75,0,1,0.0,396.0,0,1.4085365853658536,11.005256241787121,1,2.0039421813403417,0.12475409836065574,0,Rehabilitation and Up-gradation to 2 lane with paved shoulder configuration of Mahud Sangola road NH 965 G 159400 to 161900and 162400 to 183960 Design Chainage from km. 32/300 to km. 34/800 and km. 35/800 to km. 56/860 Rigid Pavement on EPC mode in the State of Maharashtra.,1,0,on_roster,1
618198,Roads & Highways,Ministry of Road Transport & Highways,morth,Maharashtra,5.965967235834453,2132.0,2953.0,93.0,0.0,-93.0,1,1,-12.1461,882.0,0,1.3850844277673546,26.971090670170828,1,2.0039421813403417,3.4931147540983605,0,Balance work of Rehabilitation and Up-gradation to 2-lane road with paved shoulders configuration for NH- 965DD from Pacharal-Mandangad-Mhapral-Rajewadi Upto Junction of NH-66 Ch-22700 to 75100 Km and Ambadave connector Birth place of Dr. Babasaheb Ambedkar Ch-0000 to 7325 Km length Km 59.725 in the state of Maharashtra on EPC mode. Balance Work,1,0,on_roster,1
618199,Roads & Highways,Ministry of Road Transport & Highways,morth,Maharashtra,6.5849709342781555,1246.0,1155.0,48.5,0.0,-48.5,0,0,0.0,0.0,0,0.9269662921348315,-2.9894875164257555,0,2.9894875164257555,17.22703296703297,0,"Rehabilitation, Upgradation & Widening of existing Highway to Rigid Pavement 2 Lane with Paved Shoulder of NH 965DD from Lonand Shirval-Bhor Mandangad-Pchral Section ShindewadiPhata to Varandah Ghat Dist Border from Km 33/550 to 92/550 in the state of Maharashtra on EPC mode.",1,0,on_roster,1
618469,Roads & Highways,Ministry of Road Transport & Highways,national highways authority of india [nhai],Maharashtra,8.171288609764034,1340.0,2130.0,90.86,38.3102,-52.5498,1,1,32.3063,881.0,0,1.5895522388059702,25.952693823915897,1,2.9894875164257555,3.05738021978022,0,Vadodara Mumbai Expressway Phase II - Pkg XIII [Km. 26.582 to Km. 50.700] Shirsad - Masvan,1,0,on_roster,1
618470,Roads & Highways,Ministry of Road Transport & Highways,national highways authority of india [nhai],Maharashtra,7.630359314839641,1096.0,1796.0,86.0,27.0949,-58.9051,1,1,12.9168,730.0,0,1.6386861313868613,22.996057818659658,1,0.9855453350854139,14.205333333333334,0,Vadodara Mumbai Expressway Phase II - Pkg XIV [Km. 3.000 to Km. 20.200 of Spur] Shirsad - Akloli,1,0,on_roster,1
618471,Roads & Highways,Ministry of Road Transport & Highways,national highways authority of india [nhai],Maharashtra,7.86782554753392,1096.0,1796.0,91.5,21.3028,-70.1972,1,1,11.778,761.0,0,1.6386861313868613,22.996057818659658,1,2.0039421813403417,4.241639344262295,0,Vadodara Mumbai Expressway Phase II - Pkg XV [Km. 20.200 to Km. 43.000 of Spur] Akloli - Amne,1,0,on_roster,1
618472,Roads & Highways,Ministry of Road Transport & Highways,national highways authority of india [nhai],Maharashtra,8.30716327924741,1218.0,1765.0,90.7,20.9878,-69.7122,1,1,6.5097,608.0,0,1.4490968801313628,17.969776609724047,1,2.0039421813403417,4.640852459016392,0,Vadodara Mumbai Expressway Phase II - Pkg XVI [Km. 43.000 to Km. 69.800 of Spur] Amne - Bhoj,1,0,on_roster,1
618473,Roads & Highways,Ministry of Road Transport & Highways,national highways authority of india [nhai],Maharashtra,7.7006029876477005,1399.0,1673.0,84.25,33.5811,-50.6689,1,1,11.5155,335.0,0,1.195854181558256,9.00131406044678,1,2.0039421813403417,7.859508196721311,0,Vadodara Mumbai Expressway Phase II - Pkg XVII [Km. 69.800 to Km. 79.783 of Spur] Bhoj - Morbe,1,0,on_roster,1
618511,Roads & Highways,Ministry of Road Transport & Highways,national highways authority of india [nhai],Maharashtra,6.406203189437368,516.0,455.0,14.7,11.3252,-3.3748,1,1,-35.6953,365.0,0,0.8817829457364341,-2.0039421813403417,0,13.994743758212877,6.095145539906103,0,Upgradation & rehabilitation of Service Roads on both sides in urban areas of Pune City on PuneSatara section of NH48,0,0,on_roster,0
618512,Roads & Highways,Ministry of Road Transport & Highways,national highways authority of india [nhai],Maharashtra,6.8112774177030735,1553.0,3073.0,87.27,66.0148,-21.2552,1,1,-10.0228,1642.0,0,1.978750804893754,49.93429697766097,1,4.0078843626806835,3.176239344262296,0,Tunnel at Khambataki Ghat Section and its approaches from existing Km. 771.730 to existing Km. 782.000,1,0,on_roster,1
618513,Roads & Highways,Ministry of Road Transport & Highways,national highways authority of india [nhai],Maharashtra,7.655840354297748,1127.0,1582.0,49.88,44.0019,-5.8781,1,1,-32.0315,761.0,0,1.4037267080745341,14.947437582128778,1,10.052562417871222,4.985793464052287,0,6L of Kagal-Satara section from Km 592.500 to Km 658.000 of NH-48 Pkg-I,0,0,on_roster,0
618514,Roads & Highways,Ministry of Road Transport & Highways,national highways authority of india [nhai],Maharashtra,7.754357182962138,1096.0,1582.0,73.96,62.0195,-11.9405,1,1,-86.3818,730.0,0,1.4434306569343065,15.965834428383705,1,8.015768725361367,3.248596721311476,0,6L of Kagal-Satara section from Km 658.000 to Km 725.000 of NH-48 Pkg-II,0,0,on_roster,0
618557,Roads & Highways,Ministry of Road Transport & Highways,national highways authority of india [nhai],Maharashtra,6.946822134146038,1188.0,1127.0,81.77,71.6841,-10.0859,1,1,-11.5812,30.0,0,0.9486531986531986,-2.0039421813403417,0,2.9894875164257555,6.098035164835166,0,4L of Indora Chowk to Pachpaoli and Agrasen Chowk - Ashoka Chowk,1,0,on_roster,1
618585,Roads & Highways,Ministry of Road Transport & Highways,national highways authority of india [nhai],Maharashtra,6.754522511078133,1155.0,790.0,31.5,17.2083,-14.2917,1,1,-16.1145,214.0,0,0.683982683982684,-11.990801576872535,0,19.021024967148488,3.6012780656303973,0,6L of Gonde Km. 439.038 to Pimpri Sado Km. 459.905 section of NH-848 Old NH-3,0,0,on_roster,0
618586,Roads & Highways,Ministry of Road Transport & Highways,national highways authority of india [nhai],Maharashtra,5.544317700005174,457.0,396.0,76.0,67.6578,-8.3422,1,0,-42.052,0.0,0,0.8665207877461707,-2.0039421813403417,0,2.0039421813403417,11.97639344262295,0,Improvement and strengthening of existing 2 lane stretch to 2-Lane with PS 1.5m on both sides on Ghoti-Sinnar section of NH-160A using Thin White Topping 200mm thick in the State Of Maharashtra on EPC Mode,1,0,on_roster,1
618588,Roads & Highways,Ministry of Road Transport & Highways,national highways authority of india [nhai],Maharashtra,6.293862803395443,1003.0,1885.0,99.79,99.0062,-0.7838,1,1,-13.2015,912.0,0,1.8793619142572282,28.97503285151117,1,0.9855453350854139,0.21307999999999366,0,4L Mitigation Measure structures on CH/MH Border to Wainganga Bridge Section of NH-6 New NH-53,1,0,on_roster,1
618594,Roads & Highways,Ministry of Road Transport & Highways,national highways authority of india [nhai],Maharashtra,5.801574420814075,670.0,1217.0,96.89,93.9706,-2.9194,1,1,-40.3099,577.0,0,1.8164179104477611,17.969776609724047,1,0.9855453350854139,3.155613333333333,0,Balance work of 4L Panvel to Indapur section of NH-66 Old NH- 17 from km 0.000 Panvel to km 42.300 Kasu,1,0,on_roster,1
618626,Roads & Highways,Ministry of Road Transport & Highways,national highways authority of india [nhai],Maharashtra,6.709938285613936,1035.0,852.0,62.03,30.255,-31.775,1,1,-51.1909,182.0,0,0.8231884057971014,-6.011826544021025,0,11.990801576872535,3.16659397260274,0,Four laning from Dive Ghat Km. 220.900 to Hadapsar Km. 234.150 of Mohol Alandi section Pkg VI of NH-965,0,0,on_roster,0
618627,Roads & Highways,Ministry of Road Transport & Highways,national highways authority of india [nhai],Maharashtra,5.132970913960044,730.0,455.0,26.37,9.0244,-17.3456,1,0,-33.5212,0.0,0,0.6232876712328768,-9.034165571616294,0,9.034165571616294,8.150171636363636,0,Construction of 7 Nos of Standalone safety structures/works at different locations on various NHs,0,0,on_roster,0
618628,Roads & Highways,Ministry of Road Transport & Highways,national highways authority of india [nhai],Maharashtra,5.0186695991245776,1157.0,1339.0,48.0,67.0739,19.0739,1,1,-41.6883,304.0,0,1.1573033707865168,5.978975032851511,1,4.0078843626806835,12.974426229508197,0,Strengthening of Existing Alignment of Pandharpur Town Part Bypassed Section of NH 965 from KM 36.230 to KM 44.230 from Chh. Shivaji Maharaj Chowk to Wakhari,1,0,on_roster,1
618653,Roads & Highways,Ministry of Road Transport & Highways,national highways authority of india [nhai],Maharashtra,7.120509042896294,1096.0,2953.0,96.2,25.9506,-70.2494,1,1,180.4495,2191.0,0,2.6943430656934306,61.00525624178712,1,10.972404730617608,0.3463233532934129,0,Loha-Waranga Section of NH-361 from km 187.800 to km 244.369,0,0,on_roster,0
618693,Roads & Highways,Ministry of Road Transport & Highways,national highways authority of india [nhai],Maharashtra,7.204729049594601,1246.0,1885.0,97.69,61.2431,-36.4469,1,1,-3.8728,730.0,0,1.5128410914927768,20.992115637319316,1,2.9894875164257555,0.7727076923076931,0,Bodhre - Dhule,1,0,on_roster,1
618754,Roads & Highways,Ministry of Road Transport & Highways,national highways authority of india [nhai],Maharashtra,6.289919631719827,822.0,396.0,33.37,31.2817,-2.0883,1,0,-42.9039,0.0,0,0.48175182481751827,-13.994743758212877,0,13.994743758212877,4.7610732394366195,0,Upgradation of 2L/4L with Paved Shoulder of Shirwal-Lonand Section from KM 159900 To KM 188025 of NH-965DD Section I and 2L With Paved Shoulder of Lonand-Satara Section from KM 51500 To KM 96246 Of NH-965D Section II in Satara District in the State of Maharashtra on EPC Mode under NHO-,0,0,on_roster,0
618766,Roads & Highways,Ministry of Road Transport & Highways,nhai,Maharashtra,6.760414691083428,912.0,547.0,36.32,34.0281,-2.2919,1,0,-28.3144,0.0,0,0.5997807017543859,-11.990801576872535,0,11.990801576872535,5.3107375342465755,0,Up-gradation to Four Lane with Paved Shoulder configuration of the highway starting from existing km 88.400 Savali Vihir to km 163.400 start of Ahmednagar bypass Design Length 75.000 km section of NH-160 in the State of Maharashtra under Bharatmala Pariyojana on EPC Mode,0,0,on_roster,0
618836,Roads & Highways,Ministry of Road Transport & Highways,national highways authority of india [nhai],Maharashtra,7.594069165677704,1185.0,1520.0,79.18,21.673,-57.507,1,1,-9.438,669.0,0,1.2827004219409284,11.005256241787121,1,10.972404730617608,1.8974874251497,0,4L of Ratnagiri - Kolhapur section from km 67.140 to km 112.340 of NH-166 Pkg II,0,0,on_roster,0
618837,Roads & Highways,Ministry of Road Transport & Highways,national highways authority of india [nhai],Maharashtra,7.570561801731115,1185.0,1520.0,66.45,24.0231,-42.4269,1,1,-1.4862,669.0,0,1.2827004219409284,11.005256241787121,1,10.972404730617608,3.0576706586826345,0,4L of Ratnagiri - Kolhapur section from km 112.340 to km 145.300 of NH-166 PkgIII,0,0,on_roster,0
618937,Roads & Highways,Ministry of Road Transport & Highways,national highways authority of india [nhai],Maharashtra,7.063013916226403,972.0,1885.0,81.54,67.795,-13.745,1,1,22.7823,1096.0,0,1.9393004115226338,29.993429697766096,1,6.011826544021025,3.0706142076502725,0,4L of Nagpur-Katol Section from Km. 13.00 to Km. 62.900 of NH-353J,1,0,on_roster,1
618939,Roads & Highways,Ministry of Road Transport & Highways,national highways authority of india [nhai],Maharashtra,5.259108653322756,880.0,424.0,29.96,23.376,-6.584,1,0,-43.6726,0.0,0,0.4818181818181818,-14.98028909329829,0,14.98028909329829,4.675477192982456,0,Construction of Standalone Flyover cum ROB from Design Ch.66.600 to Design Ch.68.800 in Gadchandur Town on NH-353B,0,0,on_roster,0
619008,Roads & Highways,Ministry of Road Transport & Highways,morth,Maharashtra,5.066952613574751,852.0,396.0,0.0,0.0,0.0,0,1,0.0,-365.0,0,0.4647887323943662,-14.98028909329829,0,2.9894875164257555,33.45054945054945,0,Rehabilitation and Up gradation of Charthana Jintur Section of NH 752 I Km 25100 to 47100 to 2 Lane with Paved Shoulder configuration Flexible Pavement in the state of Maharashtra on EPC mode. Reg- Resubmission of Annual Plan Estimate.,0,0,on_roster,0
619042,Roads & Highways,Ministry of Road Transport & Highways,morth,Maharashtra,5.102971358631329,1826.0,1885.0,80.57,0.0,-80.57,0,1,0.0,-1096.0,0,1.0323110624315444,1.938239159001314,1,-37.943495400788436,,0,"Construction of six lane Flyover at Katraj junction at Km, 3/880 of NH 548-DD Vadgaon - Katraj - Kondhwa - Mantarwadi Chowk - Loni Kalbhor - Theur Phata - Lonikand Road in Pune Dist of the State of Maharashtra. On Engineering Procurement and construction EPC Basis mode L.1.326 Km,",0,0,on_roster,0
619069,Roads & Highways,Ministry of Road Transport & Highways,national highways authority of india [nhai],Maharashtra,5.893631186759219,4625.0,6056.0,99.05,15.123,-83.927,1,1,17.6352,1492.0,0,1.3094054054054054,47.010512483574246,1,2.0039421813403417,0.4740655737704932,0,Satara Km 725.000 to Pune Km 865.350 of NH - 4 New NH - 48 in Maharashtra,1,0,on_roster,1
619095,Roads & Highways,Ministry of Road Transport & Highways,national highways authority of india [nhai],Maharashtra,6.305252866644242,700.0,1400.0,81.63,89.0447,7.4147,1,1,-13.6044,761.0,0,2.0,22.996057818659658,1,2.0039421813403417,9.166931147540986,0,Balance works of 4L Panvel Indapur section of NH66 old NH17 from km 42.300 kasu to km 84.600 Indapur,1,0,on_roster,1
619149,Roads & Highways,Ministry of Road Transport & Highways,national highways authority of india [nhai],Maharashtra,7.48157260317514,1004.0,1520.0,93.75,35.5638,-58.1862,1,1,18.8486,730.0,0,1.5139442231075697,16.95137976346912,1,7.030223390275952,0.8890186915887851,0,4L of Ratnagiri - Kolhapur section of NH-166 from km 0.000 to km 19.769 and km 31.000 to km 67.140 Pkg I,0,0,on_roster,0
619163,Roads & Highways,Ministry of Road Transport & Highways,national highways authority of india [nhai],Maharashtra,7.294594666967104,973.0,1916.0,86.2,71.4539,-14.7461,1,1,-11.8152,1004.0,0,1.9691675231243577,30.97897503285151,1,2.0039421813403417,6.886426229508195,0,4L of Baramati to Indapur Pkg-II from km. 41.400 to km. 84.550 of NH-965G Saint Tukaram Marg,1,0,on_roster,1
619198,Roads & Highways,Ministry of Road Transport & Highways,national highways authority of india [nhai],Maharashtra,7.445639494688453,1308.0,2069.0,99.38,40.9986,-58.3814,1,1,39.5669,791.0,0,1.5818042813455657,25.0,1,0.9855453350854139,0.629093333333338,0,Vadodara Mumbai Expressway Phase II - Pkg XII [Km. 50.700 to Km. 77.000] Masvan - Ganjad,1,0,on_roster,1
619203,Roads & Highways,Ministry of Road Transport & Highways,national highways authority of india [nhai],Maharashtra,7.1340299233045545,1218.0,2953.0,76.6,35.1689,-41.4311,1,1,9.4459,1765.0,0,2.4244663382594416,56.99737187910644,1,0.9855453350854139,23.74320000000001,0,Vadape to Thane from km 539.202 to km 563.000 section of NH-3 new NH-848,1,0,on_roster,1
619210,Roads & Highways,Ministry of Road Transport & Highways,national highways authority of india [nhai],Maharashtra,7.253265124536297,973.0,1916.0,97.4,77.0741,-20.3259,1,1,-3.7564,973.0,0,1.9691675231243577,30.97897503285151,1,0.9855453350854139,2.638133333333328,0,Dharampuri-Lonand from km. 117.00 to 166.40 Pkg-IV on Mohol-Alandi Section,1,0,on_roster,1
618298,Roads & Highways,Ministry of Road Transport & Highways,nhidcl,Manipur,5.3598827222061916,671.0,1857.0,90.96,107.676,16.716,0,1,0.0,1247.0,1,2.767511177347243,38.96189224704336,1,2.0039421813403417,4.511108196721314,0,Widening/Improvement of existing 2-Lane road to 4-Lane Divided Highway from Sekmai to Nilakuthi section of Imphal-Kohima Road Design Chainage from Km 297700 to Km 308729 of NH-39 New NH-02 in state of Manipur on EPC mode Pkg-5B,1,0,on_roster,1
618299,Roads & Highways,Ministry of Road Transport & Highways,nhidcl,Manipur,5.598347882180681,2099.0,2038.0,55.15,0.0,-55.15,0,0,0.0,0.0,1,0.9709385421629347,-2.0039421813403417,0,2.0039421813403417,22.380885245901638,0,Improvement/Up-gradation of existing 2-Lane Road to 4-Lane Divided Highway from Daili to Kuraopokpi section of Imphal-Kohima road NH-02 Design Chainage from Km 274610 to Km 287000 in the state of Manipur on EPC mode Pkg-4B,1,0,on_roster,1
618300,Roads & Highways,Ministry of Road Transport & Highways,nhidcl,Manipur,5.941197042207926,577.0,2038.0,91.31,79.5725,-11.7375,0,1,0.0,1583.0,1,3.532062391681109,47.99605781865966,1,4.0078843626806835,2.168226229508196,0,Improvement/Up-gradation of existing 2-Lane Road to 4-Lane Divided Highway from Taphukuki to Daili section of Imphal-Kohima road NH-02 Design Chainage from Km 262175 to Km 274610 in the state of Manipur on EPC mode Pkg-4A,0,0,on_roster,0
618301,Roads & Highways,Ministry of Road Transport & Highways,nhidcl,Manipur,5.43794886563323,2160.0,2038.0,48.16,14.7443,-33.4157,0,0,0.0,0.0,1,0.9435185185185185,-4.0078843626806835,0,4.0078843626806835,12.934504918032788,0,Widening/Improvement of existing 2-lane to 4-Lane Divided Highway from Kuraopokpi to Sekmai section of Imphal-Kohima Road Design Ch. km 287.00 to 297.700 of NH-39 New NH-02 in state of Manipur on EPC mode Pkg-5A,1,0,on_roster,1
618302,Roads & Highways,Ministry of Road Transport & Highways,nhidcl,Manipur,5.549231714807603,822.0,2222.0,97.12,0.0,-97.12,0,1,0.0,1461.0,1,2.7031630170316303,45.992115637319316,1,2.0039421813403417,1.4371672131147517,0,Widening/Improvement to 2-lane with earthen shoulder of Yaingangpokpi - Finch corner road section of NH-202 from Km 16.900 to Km 30.970 of NH-202 in the state of Manipur on EPC mode Package-2,1,0,on_roster,1
618303,Roads & Highways,Ministry of Road Transport & Highways,nhidcl,Manipur,5.410618738635182,822.0,2222.0,88.85,0.0,-88.85,0,1,0.0,1400.0,1,2.7031630170316303,45.992115637319316,1,0.0,,0,Widening/Improvement to 2-lane with earthen shoulder of Yaingangpokpi - Finch corner road section of NH-202 from Km 0.000 to Km 16.900 of NH-202 in the state of Manipur on EPC mode Package-1,1,0,on_roster,1
618304,Roads & Highways,Ministry of Road Transport & Highways,nhidcl,Manipur,5.1113249181041835,1188.0,1127.0,23.56,76.269,52.709,0,1,0.0,122.0,1,0.9486531986531986,-2.0039421813403417,0,6.011826544021025,12.714937704918032,0,"Widening/Improvement to 2 Lane with earthen shoulder of Jessami to Laynen bridge Nagaland border section of NH-29 of Imphal -Ukhrul - Jessami Economic Corridor from km 0.000 to km 11.009 in the State of Manipur on EPC mode under Bharatmala Pariyojana, under NHO-NE Package-7",1,0,on_roster,1
618305,Roads & Highways,Ministry of Road Transport & Highways,nhidcl,Manipur,6.320156596410232,1371.0,1127.0,22.55,36.3322,13.7822,0,0,0.0,0.0,1,0.8220277169948942,-8.015768725361367,0,8.015768725361367,9.662204918032787,0,Widening/Improvement to 2 lane with earthen shoulder of Marrem Khullen to Jessami section of NH-202 of Imphal - Ukhrul - Jessami Economic Corridor from Design Chainage km 95.700 to km 140.180 in the State of Manipur on EPC mode under Bharatmala Pariyojana under NHO-NE Package-6,1,0,on_roster,1
618306,Roads & Highways,Ministry of Road Transport & Highways,nhidcl,Manipur,6.3369142228061595,1461.0,1127.0,14.08,12.8677,-1.2123,0,1,0.0,61.0,1,0.7713894592744696,-10.972404730617608,0,12.976346911957949,6.6212779746835455,0,"Widening/Improvement to 2 lane with earthen shoulder of Choithar to Marrem Khullen section of NH-202 of Imphal Ukhrul Jessami Economic Corridor from Design Chainage km 53.110 to km 95.700 in the State of Manipur on EPC mode under Bharatmala Pariyojana, under NHO-NE Package-5",1,0,on_roster,1
618333,Roads & Highways,Ministry of Road Transport & Highways,nhidcl,Manipur,6.634843585433806,1065.0,1186.0,90.52,54.5122,-36.0078,0,1,0.0,182.0,1,1.1136150234741784,3.9750328515111693,1,2.0039421813403417,4.730675409836067,0,Widening to 2 lane with Paved shoulder of lmphal to Jiribam section of NH-37 from Design Ch. from km 169570 Near Nungkao vlllage under Tamenglong District to km 205974 near Jiribam Bridge under Jiribam district under NHO-NE PKG-7,1,0,on_roster,1
618334,Roads & Highways,Ministry of Road Transport & Highways,nhidcl,Manipur,6.226062248467308,1158.0,1582.0,95.0,61.031,-33.969,0,1,0.0,454.0,1,1.3661485319516407,13.92904073587385,1,0.9855453350854139,5.073333333333333,0,Widening to 2 Lane with Paved shoulder of lmphal to Jiribam section of NH-37 from Design Ch. from km 131.280 to km 169.570 on EPC mode in Manipur under NHO- TSP PKG-6,1,0,on_roster,1
618335,Roads & Highways,Ministry of Road Transport & Highways,nhidcl,Manipur,6.020246348533434,882.0,1582.0,89.95,82.5801,-7.3699,0,1,0.0,761.0,1,1.7936507936507937,22.996057818659658,1,2.0039421813403417,5.015114754098359,0,Widening to 2 Lane with Paved shoulder of lmphal to Jiribam section of NH-37 from Design Ch. from Km 101280 Near Khongsang Village to Km 131280 near Puilon Kambiron Village on EPC Mode in Manipur PKG-5,1,0,on_roster,1
618336,Roads & Highways,Ministry of Road Transport & Highways,nhidcl,Manipur,6.364113720941144,821.0,1673.0,84.86,65.0639,-19.7961,0,1,0.0,943.0,1,2.0377588306942753,27.989487516425754,1,2.9894875164257555,5.064413186813187,0,Widening to 2 -Lane with Paved shoulder of Imphal to Jiribam section of NH-37 from Design Chainage 66.110 km to 101.280 Km Existing Chainage km 67.496 to km 103.557 on EPC Mode in Manipur PKG-4,1,0,on_roster,1
618337,Roads & Highways,Ministry of Road Transport & Highways,nhidcl,Manipur,6.148468295917647,730.0,1857.0,86.33,121.7816,35.4516,0,1,0.0,1096.0,1,2.543835616438356,37.023653088042046,1,-1.0183968462549278,,0,Widening to 2 -Lane with Paved shoulder of Imphal to Jiribam section of NH-37 from Design Chainage 33.000 km to 66.390 Km Existing Chainage from km 33.395 to km 67.496 on EPC Mode in Manipur PKG-3,0,0,on_roster,0
618338,Roads & Highways,Ministry of Road Transport & Highways,nhidcl,Manipur,5.2788286899641745,1826.0,1857.0,76.18,0.0,-76.18,0,1,0.0,61.0,1,1.0169769989047097,1.0183968462549278,1,0.9855453350854139,24.169359999999994,0,Widening to 2-Lane with Paved shoulder of Imphal to Jiribam section of NH-37 from Design Chainage 15.940 km to 33.120 Km Existing Chainage Km 15.946 to Km 33.395 Total length17.180 Km in the State of Manipur on EPC mode PKG-2 - Balance Works & Rectification works,1,0,on_roster,1
618344,Roads & Highways,Ministry of Road Transport & Highways,nhidcl,Manipur,6.513630624167974,883.0,1857.0,82.93,74.407,-8.523,0,1,0.0,1218.0,1,2.103057757644394,31.99737187910644,1,8.015768725361367,2.1295524590163923,0,Widening to 2-lane with Hard shoulder of Churachandpur to Tuivai Section of NH- 102B from Design Chainage 69.875 Km to 121.769 Km in the State of Manipur on EPC mode Package-3,0,0,on_roster,0
618345,Roads & Highways,Ministry of Road Transport & Highways,nhidcl,Manipur,5.90408037336555,791.0,2130.0,85.09,51.2653,-33.8247,0,1,0.0,1369.0,1,2.692793931731985,43.98817345597897,1,0.9855453350854139,15.128679999999997,0,Widening to 2-lane with Hard shoulder of Churachandpur to Tuivai Section from Km 48.587 to Km 69.875 in the State of Manipur on EPC mode under NHO Package-2B,1,0,on_roster,1
618346,Roads & Highways,Ministry of Road Transport & Highways,nhidcl,Manipur,5.455278379401799,791.0,2191.0,96.35,64.0414,-32.3086,0,1,0.0,1369.0,1,2.769911504424779,45.992115637319316,1,-1.0183968462549278,,0,Widening to 2-lane with Hard shoulder of Churachandpur to Tuivai Section of NH- 102B from km 32.835 to km 48.587 in the State of Manipur on EPC mode under NHO Package-2A,1,0,on_roster,1
618347,Roads & Highways,Ministry of Road Transport & Highways,nhidcl,Manipur,5.49108418120353,791.0,2191.0,96.54,63.2867,-33.2533,0,1,0.0,1369.0,1,2.769911504424779,45.992115637319316,1,-1.0183968462549278,,0,Widening to 2-lane with Hard shoulder of Churachandpur to Tuivai Section of NH- 102B from km 13.747 to km 32.835 in the State of Manipur on EPC mode under NHO Package-1B,1,0,on_roster,1
618348,Roads & Highways,Ministry of Road Transport & Highways,nhidcl,Manipur,5.18604412406525,2344.0,2130.0,0.97,0.7932,-0.1768,0,0,0.0,0.0,1,0.908703071672355,-7.030223390275952,0,7.030223390275952,14.086323364485983,0,Balance work of Widening to 2 Two lane with hard shoulder of Churachandpur to Tuivai section of NH-102B from km 130.000 to km 141.029 Package-4B in the State of Manipur on EPC Mode,0,0,on_roster,0
618349,Roads & Highways,Ministry of Road Transport & Highways,nhidcl,Manipur,5.323595173732305,2313.0,2191.0,21.39,0.0,-21.39,0,0,0.0,0.0,1,0.9472546476437527,-4.0078843626806835,0,4.0078843626806835,19.613839344262296,0,Balance work of Widening to 2 Two lane with hard shoulder of Churachandpur to Tuivai section of NH-102B from Design Chainage km 118850 to km 130000 Package- 4A in the State of Manipur on EPC Mode,0,0,on_roster,0
618355,Roads & Highways,Ministry of Road Transport & Highways,nhidcl,Manipur,6.183880813770897,608.0,1735.0,95.28,74.8052,-20.4748,0,1,0.0,1096.0,1,2.8536184210526314,37.023653088042046,1,-1.0183968462549278,,0,"Construction of of 2 -Lane with paved shoulders road from Tamenglong-Tousem- Lisang-Mahur Road NH-137 starting near Dialong Village from km 10.000 at Dialong to km 31.430 near Old Tamenglong , near Barak River on EPC Mode Package-2",0,0,on_roster,0
618356,Roads & Highways,Ministry of Road Transport & Highways,nhidcl,Manipur,5.45992588174445,640.0,1857.0,100.0,83.8559,-16.1441,0,1,0.0,1217.0,1,2.9015625,39.98028909329829,1,0.0,,0,Construction of 2 -Lane with paved shoulders road from Tamenglong to Mahur in the state of Manipur from km 31.430 at Old Tamenglong to km 43.480 ending near Phelong on EPC Mode Package-3,0,0,on_roster,0
618357,Roads & Highways,Ministry of Road Transport & Highways,nhidcl,Manipur,6.171408279115973,607.0,1673.0,84.87,69.0788,-15.7912,0,1,0.0,976.0,1,2.756177924217463,35.019710906701704,1,-2.9566360052562417,,0,Construction of 2 -Lane with paved shoulders road from Tamenglong to Mahur NH- 137 in Manipur starting from km 54.180 near Azuram to km 80.630 near Mandeu on EPC Mode Package 5,0,0,on_roster,0
618358,Roads & Highways,Ministry of Road Transport & Highways,nhidcl,Manipur,5.743579944530267,607.0,1673.0,86.73,74.1339,-12.5961,0,1,0.0,945.0,1,2.756177924217463,35.019710906701704,1,-3.9750328515111693,,0,Construction of 2 -Lane with paved shoulders road from Tamenglong to Mahur NH- 137 starting from km 80.630 near Mandeu to km 96.870 near Jiri River on EPC Mode Package-6,0,0,on_roster,0
618387,Roads & Highways,Ministry of Road Transport & Highways,nhidcl,Manipur,6.3629936201873,1096.0,1127.0,79.5,43.0568,-36.4432,0,1,0.0,31.0,1,1.0282846715328466,1.0183968462549278,1,0.0,,0,Construction of 2-laning with Hard shoulder of Ukhrul Tolloi - Tadubi section of NH- 102A from Design Chainage km 9450 to km 50850 in the State of Manipur on EPC mode under NHO-NE Package-2,1,0,on_roster,1
618388,Roads & Highways,Ministry of Road Transport & Highways,nhidcl,Manipur,5.757512797077169,1218.0,1673.0,90.91,72.2462,-18.6638,0,1,0.0,546.0,1,1.3735632183908046,14.947437582128778,1,2.9894875164257555,3.0406549450549463,0,Construction of 2-laning with Hard shoulder road of Ukhrul - Tolloi - Tadubi section of NH-102A from Design Chainage 50.850 km to 81.870 km in the State of Manipur on EPC mode under NHO-TSP Package -3,1,0,on_roster,1
618389,Roads & Highways,Ministry of Road Transport & Highways,nhidcl,Manipur,5.742233661030454,883.0,1673.0,96.8,79.5727,-17.2273,0,1,0.0,820.0,1,1.8946772366930917,25.952693823915897,1,0.9855453350854139,3.2469333333333363,0,Construction of 2-laning with Hard shoulder road of Ukhrul - Tolloi - Tadubi section of NH-102A from Design Chainage 81.870 km to 105.825 km in the State of Manipur on EPC mode under NHO-TSP Package -4,1,0,on_roster,1
618415,Roads & Highways,Ministry of Road Transport & Highways,nhidcl,Manipur,5.243649965205728,668.0,1885.0,100.0,0.0,-100.0,0,1,0.0,1186.0,1,2.82185628742515,39.98028909329829,1,-1.0183968462549278,,0,"Improvement of existing road to 2 laning with Hard Shoulders of Maram-Peren section Package-1B, length- 17.660 km from Design Chainage 22.340 km to 40.000 km on NH-129A in the State of Manipur on EPC mode",0,0,on_roster,0
618416,Roads & Highways,Ministry of Road Transport & Highways,nhidcl,Manipur,5.426358716428921,668.0,1885.0,74.58,79.1313,4.5513,0,1,0.0,1308.0,1,2.82185628742515,39.98028909329829,1,2.9894875164257555,8.50312967032967,0,"Improvement of existing road to 2 laning with Hard Shoulders of Maram -Peren section Package-1A, length- 22.340Km from Design Chainage 0.000 km to 22.340 km on NH-129A in the State of Manipur on EPC mode",1,0,on_roster,1
617885,Roads & Highways,Ministry of Road Transport & Highways,morth,Meghalaya,5.716632886635021,1095.0,2069.0,99.1,60.2813,-38.8187,0,1,0.0,1004.0,1,1.8894977168949771,31.99737187910644,1,0.9855453350854139,0.9132000000000058,0,Rehabilitation and Up-gradation of Nongstoin Wahkaji section of Project Road Km 0000 to Km 43060 to Intermediate Lane with earthern shoulder under SARDP-NE Phase-A in the State of Meghalaya on EPC mode. Job No- SARDP-NE ong-Don- Maw/MG/2020-21/294,1,0,on_roster,1
618076,Roads & Highways,Ministry of Road Transport & Highways,morth,Meghalaya,6.22455842927536,1247.0,852.0,2.5,0.0,-2.5,1,0,-30.4226,0.0,1,0.6832397754611067,-12.976346911957949,0,12.976346911957949,7.51367088607595,0,Improvement and Widening two lannig with paved Shoulder of NH 127B from km 31.500 Goeragre to km 63.224 Package-II in state of Meghalaya,0,0,on_roster,0
618294,Roads & Highways,Ministry of Road Transport & Highways,nhidcl,Meghalaya,6.687195885853192,1645.0,1127.0,24.13,8.0555,-16.0745,0,0,0.0,0.0,1,0.6851063829787234,-17.017082785808146,0,17.017082785808146,4.458461003861005,0,Improvement and Widening of National Highway No. 127B Darugiri - Songsak - Williamnagar Junction Section to two lane with paved shoulder from design Km 0000 to Km 36635 Design length 36.635 Km existing Km 112000 to Km 151060 of NH-1278 under Bharatmala Pariyojana Lot-1 Pkg-1B Meghalaya portion,0,0,on_roster,0
618295,Roads & Highways,Ministry of Road Transport & Highways,nhidcl,Meghalaya,6.5607901843665175,1461.0,1127.0,38.75,0.0,-38.75,0,0,0.0,0.0,1,0.7713894592744696,-10.972404730617608,0,10.972404730617608,5.582185628742515,0,Improvement/Widening of New NH-217 Dainadubi-Darugiri section to Two lane with paved shoulder in Meghalaya from design Km 0000 to Km 40840 existing Km 8600 to Km 53000 of Old NH-62 under BMP Lot-1 Pkg-1B Meghalaya portion,0,0,on_roster,0
618374,Roads & Highways,Ministry of Road Transport & Highways,nhidcl,Meghalaya,5.653225751039049,2314.0,2100.0,38.77,0.0,-38.77,0,0,0.0,0.0,1,0.9075194468452895,-7.030223390275952,0,7.030223390275952,8.709538317757008,0,Improvement/Widening to 2-L with Paved Shoulder/ 4-Laning of NH-40 section from Km 151330 to Km 163400 design Km 63.530 to Km 71.520 including Dawki Bridge of length 368 m between Shillong-Dawki under JICA ODA Loan assistance Phase-II Pkg- 5 -Balance work,0,0,on_roster,0
618375,Roads & Highways,Ministry of Road Transport & Highways,nhidcl,Meghalaya,6.101461796482331,2100.0,2100.0,49.05,9.4992,-39.5508,0,1,0.0,183.0,1,1.0,0.0,0,6.011826544021025,8.47496174863388,0,Improvement/Widening to 2-Lane with Paved Shoulder from design Km 45.760 to Km 63.530 between Shillong-Dawki under JICA ODA Loan assistance Phase-II -Balance work Pkg-4,0,0,on_roster,0
618376,Roads & Highways,Ministry of Road Transport & Highways,nhidcl,Meghalaya,6.266574166446798,2222.0,2100.0,49.31,0.0,-49.31,0,1,0.0,122.0,1,0.9450945094509451,-4.0078843626806835,0,8.015768725361367,6.323785245901639,0,Improvement/Widening to 2-Lane with Paved Shoulder between Shillong-Dawki road up to Bangladesh Border from design Km 10.670 to Km 37.550 under JICA ODA Loan assistance Phase-II -Balance Work-Pkg-2,0,0,on_roster,0
618377,Roads & Highways,Ministry of Road Transport & Highways,nhidcl,Meghalaya,5.863972026592705,1918.0,2100.0,93.06,0.0,-93.06,0,1,0.0,212.0,1,1.094890510948905,5.978975032851511,1,0.9855453350854139,7.041786666666665,0,Improvement/Widening to 2-L with Paved Shoulder/4-L from Km 81740 to Km 93490 design Km 0000 to Km 10670 of NH-40 New NH-106 & 206 section & 4-L from design Km 0.00 to Km 0.930 of NH-44 section between Shillong-Dawki under JICA ODA Loan assistance Phase-II -Balance Work Pkg-1,1,0,on_roster,1
618418,Roads & Highways,Ministry of Road Transport & Highways,nhidcl,Meghalaya,5.8884900714801525,973.0,1673.0,80.49,59.5009,-20.9891,0,1,0.0,730.0,1,1.7194244604316546,22.996057818659658,1,0.9855453350854139,19.796146666666672,0,Rehabilitation and up gradation of Nongstoin-Rambrai-Kyrshai road up to Meghalaya- Assam border from Km 0.335 to km 34.039 to 2-Lane under NHO - NE in the State of Meghalaya Package-1,1,0,on_roster,1
618419,Roads & Highways,Ministry of Road Transport & Highways,nhidcl,Meghalaya,6.334131840392106,1280.0,1127.0,50.91,15.2681,-35.6419,0,0,0.0,0.0,1,0.88046875,-5.026281208935611,0,5.026281208935611,9.766664052287583,0,"Construction of 2-Lane with paved shoulders of Shillong Western Bypass starting from NH-06 near Ladumsaw existing Km 60.900 of old NH40 to NH106 old NH 44E Package-III, from km 24700 to km 38256 under SARDP-NE PHASE A in the state of Meghalaya on EPC Mode Greenfield alignment",0,0,on_roster,0
618420,Roads & Highways,Ministry of Road Transport & Highways,nhidcl,Meghalaya,6.532377959391195,1280.0,1127.0,46.51,33.3499,-13.1601,0,0,0.0,0.0,1,0.88046875,-5.026281208935611,0,5.026281208935611,10.64206274509804,0,"Construction of 2 lane with paved shoulder of Shillong Western Bypass starting from NH-06 near Ladumsaw existing km 60.900 of old NH-40 to NH-106 old NH-44E, Package-II km 12800 to km 24700 under SARDP-NE Phase A in the State of Meghalaya on EPC Mode",0,0,on_roster,0
618421,Roads & Highways,Ministry of Road Transport & Highways,nhidcl,Meghalaya,6.431814057069648,1280.0,1127.0,68.85,34.8106,-34.0394,0,0,0.0,0.0,1,0.88046875,-5.026281208935611,0,5.026281208935611,6.197424836601308,0,"Construction of 2-Lane with paved shoulder of Shillong Western Bypass starting from NH-06 near Ladumsaw Existing km 60.900 of old NH-40 to NH106 old NH-44E, km 0000 to km 12800 Package-I under SARDP-NE PHASE A in the State of Meghalaya on EPC Mode Greenfield alignment",0,0,on_roster,0
618316,Roads & Highways,Ministry of Road Transport & Highways,nhidcl,Mizoram,6.1992710854119535,1857.0,1582.0,17.86,6.6058,-11.2542,0,1,0.0,-31.0,1,0.8519116855142703,-9.034165571616294,0,8.015768725361367,10.247301639344261,0,4-Laning of Vairengte - Chhimluang section Package-3 of NH-306 from Existing Chainage km 43000 to Km 59700 Design Chainage km 46000 to km 60850 on Silchar - Vairengte- Sairang road in the State of Mizoram under Bharatmala Pariyojna under NHO-NE. Package-1&2 in Assam state,0,0,on_roster,0
618317,Roads & Highways,Ministry of Road Transport & Highways,nhidcl,Mizoram,6.333119757456968,1857.0,1582.0,17.12,0.0,-17.12,0,1,0.0,-31.0,1,0.8519116855142703,-9.034165571616294,0,8.015768725361367,10.339619672131146,0,4-Laning of chhimluang-Kolasib from section pkg-4 of NH-306 & NH-6 existing chainage km 59700 to km 86000 design chainage km 61000 to km 77500 on Silchar- vairengte-sairang road in the state of Mizoram under Bharatmala Pariyojna on EPC mode Vairengte - Sairang Pkg-4,0,0,on_roster,0
618318,Roads & Highways,Ministry of Road Transport & Highways,nhidcl,Mizoram,6.581193768469438,2068.0,1612.0,11.86,5.5927,-6.2673,0,1,0.0,-30.0,1,0.7794970986460348,-14.98028909329829,0,13.994743758212877,6.298078873239437,0,4-Laning of Kolasib - Sethawn section Package-5 of NH-6 from Existing Chainage km 86000 to km 107850 Design Chainage km 77500 to km 95500 on silchar - vairengte - sairang road under Bharatmala Pariyojna on EPC mode under NHO-NE Vairengte - Sairang Pkg-5,0,0,on_roster,0
618319,Roads & Highways,Ministry of Road Transport & Highways,nhidcl,Mizoram,6.391330676815665,1857.0,1582.0,6.72,3.5289,-3.1911,0,1,0.0,-31.0,1,0.8519116855142703,-9.034165571616294,0,8.015768725361367,11.637062295081966,0,"4-Laning of Sethawn - N. Kawnpui section Package-6 of NH-6 from Existing Chainage km 107850 to km 126315 Design Chainage km 95500 to km 111850 on Silchar- Vairengte- Sairang road, Vairengte - Sairang Pkg-6",0,0,on_roster,0
618320,Roads & Highways,Ministry of Road Transport & Highways,nhidcl,Mizoram,6.765407997496017,1704.0,790.0,18.9,0.0,-18.9,0,0,0.0,0.0,1,0.4636150234741784,-30.02628120893561,0,30.02628120893561,2.7009671772428883,0,Construction of 4-Laning of N. Kawnpui N. Mualvum Mualkhang via Khamrang Village section Package-7 of NH-6 from Existing Chainage km 127200 to km 142000 Design Chainage km 111850 to km 123400 on Silchar - Vairengte - Sairang road in the State of Mizoram on EPC mode,0,0,on_roster,0
618321,Roads & Highways,Ministry of Road Transport & Highways,nhidcl,Mizoram,6.776267511019223,1735.0,790.0,13.95,0.0,-13.95,0,0,0.0,0.0,1,0.4553314121037464,-31.044678055190538,0,31.044678055190538,2.77181164021164,0,Construction of 4-Laning of West Serawlg-Sairang section of NH-6 from Existing Chainage km 142000 to km 158900 Design Chainage km 123400 to km 136260 on Silchar - Vairengte - Sairang road in the State of Mizoram under Bharatmala Pariyojna on EPC mode under NHO-NE Package-8,0,0,on_roster,0
618323,Roads & Highways,Ministry of Road Transport & Highways,nhidcl,Mizoram,7.181044266146279,1796.0,821.0,0.0,0.0,0.0,0,0,0.0,0.0,1,0.45712694877505566,-32.03022339027595,0,32.03022339027595,3.1220512820512822,0,Construction of Twin Tube Uni-directional Aizawl Bypass Tunnel of 2.5 km and its approaches of 2.1 km from km 10.600 to km 15.200 on Sarrang - Phaibawk section of NH-6 in the State of Mizoram on EPC Mode under NHO-NE Package-2,0,0,on_roster,0
618324,Roads & Highways,Ministry of Road Transport & Highways,nhidcl,Mizoram,6.581637252040098,2100.0,1155.0,15.1,0.0,-15.1,0,0,0.0,0.0,1,0.55,-31.044678055190538,0,31.044678055190538,2.7347682539682543,0,Construction of 2-lane Aizawl Bypass from km 15.200 to km 34.500 Package-3 on Sairang - Phaibawk section of NH-6 in the State of Mizoram under Bharatmala Pariyojna on EPC Mode under NHO-NE,0,0,on_roster,0
618362,Roads & Highways,Ministry of Road Transport & Highways,nhidcl,Mizoram,6.55029431192244,640.0,1857.0,64.78,79.7351,14.9551,0,1,0.0,1278.0,1,2.9015625,39.98028909329829,1,2.0039421813403417,17.57535737704918,0,Construction of 2-laning with hard shoulder of Lunglei to Chhumkhum from Design Chainage Km 0.000 to Km 37.420 of NH-302 [Lunglei-Tlabung] Package-A,1,0,on_roster,1
618363,Roads & Highways,Ministry of Road Transport & Highways,nhidcl,Mizoram,6.608783045171694,579.0,1765.0,61.34,58.1234,-3.2166,0,1,0.0,1430.0,1,3.0483592400690847,38.96189224704336,1,8.015768725361367,4.82299344262295,0,Construction of 2-laning with hard shoulder configuration of Chhumkhum to Tlabung from Design Chainage Km 37.420 to Km 74.950 of NH-302 in Mizoram under Bharatmala Pariyojana on EPC mode [Pkg-B],0,0,on_roster,0
618379,Roads & Highways,Ministry of Road Transport & Highways,nhidcl,Mizoram,6.6252464687710155,1308.0,2404.0,95.35,16.685,-78.665,0,0,0.0,0.0,1,1.837920489296636,36.00525624178712,1,-36.00525624178712,,0,Widening and Up-gradation to 2- Lane with Paved Shoulder Configuration and geometric improvement from Km. 208. 000 to Km 250.000 Package-5 on Aizawl Tuipang Section of NH-54 in the State of Mizoram Package-5,1,0,on_roster,1
618380,Roads & Highways,Ministry of Road Transport & Highways,nhidcl,Mizoram,6.766295395921207,1308.0,2404.0,97.51,18.3914,-79.1186,0,1,0.0,731.0,1,1.837920489296636,36.00525624178712,1,-11.990801576872535,,0,Widening and Up-gradation to 2- Lane with Paved Shoulder Configuration and geometric improvement from Km. 125. 000 to Km 166 Package-3 on Aizawl Tuipang Section of NH-54 in the State of Mizoram Package-3,1,0,on_roster,1
618383,Roads & Highways,Ministry of Road Transport & Highways,nhidcl,Mizoram,6.458432322810088,1461.0,2404.0,99.82,15.9938,-83.8262,0,1,0.0,639.0,1,1.6454483230663928,30.97897503285151,1,-9.986859395532194,,0,Widening and up-gradation to 2-lane with paved shoulder configuration and geometric improvements from km 339.00 to km 380.00 Siaha on Aizawl-Tuipang section under JICA ODA Loan assistance Phase-I Package-8,1,0,on_roster,1
618452,Roads & Highways,Ministry of Road Transport & Highways,nhidcl,Mizoram,6.662941106757532,1399.0,1155.0,4.71,2.6399,-2.0701,0,1,0.0,212.0,1,0.825589706933524,-8.015768725361367,0,14.98028909329829,6.361025438596492,0,"2-laning of Zorinpui - Longmasu section of NH-502A from km 0.000 to km 28.244 in the State of Mizoram on EPC mode under NHO-NE, stretch of IMBR",0,0,on_roster,0
619010,Roads & Highways,Ministry of Road Transport & Highways,nhidcl,Mizoram,6.218361047291499,1247.0,1582.0,75.35,60.9827,-14.3673,0,1,0.0,61.0,1,1.268644747393745,11.005256241787121,1,-9.00131406044678,,0,Up-gradation to 2 lane with paved shoutders of Pawlrang - Rulchawm section- of NH- 102B of Aizawl - Imphal Economic Corridor from Existing Chainage km 72.030 to km 104.129 including 2.459 km re-alignment section from Tuivai River to Rulchawm connecting km 48.150 of NH-6 [Design Chainage km 68.170 to km 98.579] in the State of Mizoram under Bharatmala Pariyojna on EPC mode under NHO-NE Package-3 Keifang- Tuivai Pkg-3,1,0,on_roster,1
619199,Roads & Highways,Ministry of Road Transport & Highways,national highways authority of india [nhai],"Multi-States (Andhra Pradesh, Karnataka)",7.252061038999918,1400.0,1947.0,98.47,17.1212,-81.3488,0,1,0.0,-731.0,0,1.3907142857142858,17.969776609724047,1,-41.98423127463863,,0,Bangalore Chennai Expressway Phase-II Pkg-I from km.71.000 to Km 96.000 Bethamangala in the state of Karnataka to Byreddypalli,1,0,on_roster,1
618681,Roads & Highways,Ministry of Road Transport & Highways,national highways authority of india [nhai],"Multi-States (Andhra Pradesh, Odisha)",7.104242691248991,1124.0,1885.0,96.23,55.011,-41.219,1,1,2.1001,822.0,0,1.6770462633451957,25.0,1,2.0039421813403417,1.8812918032786865,0,6L Aluru - Jakkuva Section of NH-130CD Road from km 365.033 to km 396.800 Pkg. 1,1,0,on_roster,1
618477,Roads & Highways,Ministry of Road Transport & Highways,national highways authority of india [nhai],"Multi-States (Andhra Pradesh, Tamil Nadu)",7.301734678147208,1308.0,2008.0,99.02,47.9826,-51.0374,0,1,0.0,761.0,0,1.5351681957186545,22.996057818659658,1,2.0039421813403417,0.48903606557377244,0,Bangalore Chennai Expressway Phase-III Package I Gudipala to Walajajhpet from Km 156.000 to Km 180.000,1,0,on_roster,1
618634,Roads & Highways,Ministry of Road Transport & Highways,national highways authority of india [nhai],"Multi-States (Andhra Pradesh, Tamil Nadu)",7.272932971879285,1402.0,1857.0,98.89,51.0394,-47.8506,0,1,0.0,485.0,0,1.3245363766048501,14.947437582128778,1,0.9855453350854139,1.1262799999999995,0,6L of Veera Kaveri Raja Puram to Pondavakkam from km 61.380 to km 96.040 of NH 716B Pkg-III,1,0,on_roster,1
618769,Roads & Highways,Ministry of Road Transport & Highways,national highways authority of india [nhai],"Multi-States (Andhra Pradesh, Tamil Nadu)",7.199782895864149,1004.0,486.0,10.07,9.562,-0.508,1,0,-9.2247,0.0,0,0.48406374501992033,-17.017082785808146,0,17.017082785808146,5.284689575289576,0,Walajahpet/Ranipet to TN/AP Border Section of from Km.106.800 to Km.133.36 NH-4,0,0,on_roster,0
618772,Roads & Highways,Ministry of Road Transport & Highways,national highways authority of india [nhai],"Multi-States (Andhra Pradesh, Tamil Nadu)",6.5560963054325,1703.0,1885.0,97.75,46.3583,-51.3917,1,1,13.7847,212.0,0,1.1068702290076335,5.978975032851511,1,0.9855453350854139,2.2830000000000004,0,6L of Kumarajapet to Veera Kaveri Raja Puram from km 43.800 to km 61.380 of NH- 716B Pkg-II,1,0,on_roster,1
619077,Roads & Highways,Ministry of Road Transport & Highways,national highways authority of india [nhai],"Multi-States (Andhra Pradesh, Tamil Nadu)",6.143369850821135,821.0,3043.0,100.0,38.7027,-61.2973,1,1,1.668,2283.0,0,3.7064555420219243,72.99605781865965,1,2.0039421813403417,0.0,0,6 laning of Balance Work of Chennai - Tada from km. 21.40 to km. 54.40,1,0,on_roster,1
618747,Roads & Highways,Ministry of Road Transport & Highways,national highways authority of india [nhai],"Multi-States (Andhra Pradesh, Telangana)",6.72202792905335,1339.0,1916.0,98.82,42.2837,-56.5363,1,1,47.9289,607.0,0,1.4309185959671396,18.95532194480946,1,0.9855453350854139,1.1973066666666736,0,Khammam-Devarapalle Pkg III [4L Access Controlled Greenfield from Chintagudem village to Recherla village Design Chainage 63117 to 105236],1,0,on_roster,1
618818,Roads & Highways,Ministry of Road Transport & Highways,national highways authority of india [nhai],"Multi-States (Andhra Pradesh, Telangana)",7.076848053335307,1522.0,1127.0,2.8,0.1045,-2.6955,1,1,3.542,214.0,0,0.740473061760841,-12.976346911957949,0,20.006570302233904,4.858403940886699,0,4L Access Controlled Greenfield Highway section on NH-163G Khammam Vijayawada from Remidicherla village at Design Ch. 280.200 Km to Jakkampudi village on NH-16 at Design Ch. 309.909 Km Package-III,0,0,on_roster,0
619143,Roads & Highways,Ministry of Road Transport & Highways,national highways authority of india [nhai],"Multi-States (Andhra Pradesh, Telangana)",6.717816786849013,1461.0,1127.0,22.08,8.0329,-14.0471,1,1,4.4273,92.0,0,0.7713894592744696,-10.972404730617608,0,13.994743758212877,5.567804694835681,0,4L Access Controlled Greenfield Highway section on NH-163G Khammam Vijayawada from BrahmanapalliK village at Design Ch. 250.400 Km to Remidicherla village at Design Ch. 280.200 KmPackage-II,0,0,on_roster,0
619212,Roads & Highways,Ministry of Road Transport & Highways,national highways authority of india [nhai],"Multi-States (Andhra Pradesh, Telangana)",7.113606170394912,1096.0,1551.0,65.24,39.8246,-25.4154,1,1,7.1931,699.0,0,1.4151459854014599,14.947437582128778,1,8.015768725361367,4.336452459016394,0,6L Access Controlled Greenfield Highway of Julekal village to Dinnedevarapadu village from Km 242.200 to Km 280.400 Pkg-2,1,0,on_roster,1
618359,Roads & Highways,Ministry of Road Transport & Highways,nhidcl,"Multi-States (Arunachal Pradesh, Assam)",6.501995127352913,1461.0,1127.0,96.7,44.3747,-52.3253,0,0,0.0,0.0,1,0.7713894592744696,-10.972404730617608,0,10.972404730617608,0.3007544910179638,0,Widening/Improvement to 4-Lane with Paved Shoulder from km 55000 Nagabang Gamsuk to km 82514 Oyan in the State of Assam and Arunachal Pradesh on EPC mode under Bharatmala Pariyojna of Length 27.514 Km Package-3,0,0,on_roster,0
618531,Roads & Highways,Ministry of Road Transport & Highways,national highways authority of india [nhai],"Multi-States (Bihar, Jharkhand)",6.961731969838869,2129.0,1885.0,20.88,14.0822,-6.7978,1,0,-25.3827,0.0,0,0.8853922029121654,-8.015768725361367,0,8.015768725361367,9.870544262295082,0,6L of Aurangabad to Bihar-Jharkhand border Chordaha section from km. 180.000 to km. 209.827 of NH-2 PKG-01,0,0,on_roster,0
618724,Roads & Highways,Ministry of Road Transport & Highways,national highways authority of india [nhai],"Multi-States (Bihar, Jharkhand)",7.450195842117379,1553.0,1127.0,17.1,3.7449,-13.3551,1,0,0.2455,0.0,0,0.7256922086284611,-13.994743758212877,0,13.994743758212877,5.923652582159625,0,6L Greenfield Varanasi-Ranchi-Kolkata Highway from Anarbansalea village to Sagrampur village From KM. 151200 to KM. 184700Package-7,0,0,on_roster,0
618951,Roads & Highways,Ministry of Road Transport & Highways,national highways authority of india [nhai],"Multi-States (Bihar, Jharkhand)",7.027119286465924,1248.0,2038.0,91.3,51.4041,-39.8959,1,1,5.3989,851.0,0,1.6330128205128205,25.952693823915897,1,2.0039421813403417,4.3414426229508205,0,Hariharganj to Parwa Mode section from km 23.284 to km 57.049 of NH-98,1,0,on_roster,1
618952,Roads & Highways,Ministry of Road Transport & Highways,national highways authority of india [nhai],"Multi-States (Bihar, Jharkhand)",7.578539256768814,2922.0,3469.0,85.17,92.0435,6.8735,1,1,1.1889,791.0,0,1.1872005475701575,17.969776609724047,1,8.015768725361367,1.8501032786885243,0,4L of Sahibganj - Manihari Ganga Bridge including Manihari Bypass,1,0,on_roster,1
619078,Roads & Highways,Ministry of Road Transport & Highways,national highways authority of india [nhai],"Multi-States (Bihar, Jharkhand)",7.480823039211541,1431.0,3043.0,78.0,33.3158,-44.6842,1,1,-4.712,1856.0,0,2.126484975541579,52.95663600525624,1,8.015768725361367,2.744590163934426,0,Six Laning of Bihar - Jharkhand Border Chordaha - Gorhar section of NH-2 from km 249.525 to km 320.810,0,0,on_roster,0
619307,Roads & Highways,Ministry of Road Transport & Highways,nhai,"Multi-States (Bihar, Jharkhand)",7.228069097247268,1277.0,1885.0,91.16,33.3192,-57.8408,1,1,7.6292,669.0,0,1.476115896632733,19.97371879106439,1,2.0039421813403417,4.411304918032789,0,4L of Munger Mirzachauki section from Km 157350 to Km 193931 Pkg-4,1,0,on_roster,1
618530,Roads & Highways,Ministry of Road Transport & Highways,national highways authority of india [nhai],"Multi-States (Bihar, Uttar Pradesh)",8.084118420259953,1854.0,6268.0,95.58,38.5148,-57.0652,0,1,0.0,4475.0,0,3.3807982740021574,145.0065703022339,1,2.0039421813403417,2.2056524590163944,0,Six Laning of Varanasi to Aurangabad from km. 786.00 to km. 978.40 of Old NH-2,1,0,on_roster,1
618728,Roads & Highways,Ministry of Road Transport & Highways,national highways authority of india [nhai],"Multi-States (Bihar, Uttar Pradesh)",7.26849495071057,1341.0,1127.0,38.92,23.8833,-15.0367,1,1,9.1224,181.0,0,0.8404175988068605,-7.030223390275952,0,12.976346911957949,4.707025822784811,0,6L Greenfield Varanasi-Ranchi-Kolkata Highway from junction with NH-19 & Varanasi Ring Road near Rewasa village to junction with Chandauli-Chainpur road near Khainti village from Km. 0.000 to Km. 27.000 - Pkg-1,0,0,on_roster,0
618882,Roads & Highways,Ministry of Road Transport & Highways,national highways authority of india [nhai],"Multi-States (Bihar, Uttar Pradesh)",6.277789449020316,1432.0,761.0,15.51,4.239,-11.271,1,0,-16.3071,0.0,0,0.5314245810055865,-22.043363994743757,0,22.043363994743757,3.83289955290611,0,Construction of additional 3-Lane Bridge over River Ganga for connection between Buxar and Bharauli on NH-922 in the State of Uttar Pradesh and Bihar on Hybrid Annuity Mode,0,0,on_roster,0
619154,Roads & Highways,Ministry of Road Transport & Highways,national highways authority of india [nhai],"Multi-States (Bihar, Uttar Pradesh)",7.309546981723993,1035.0,1278.0,78.15,36.1545,-41.9955,1,1,0.006,457.0,0,1.2347826086956522,7.982917214191852,1,7.030223390275952,3.108009345794392,0,Construction of Four Lane Highway from Ghazipur- Ballia-UP/Bihar State Border Greenfield section of NH-31 Package III [from Pindari km 78.150 to Rawalganj Bypass Km 117.120] on EPC Mode in the state of Uttar Pradesh.,0,0,on_roster,0
618584,Roads & Highways,Ministry of Road Transport & Highways,national highways authority of india [nhai],"Multi-States (Bihar, West Bengal)",6.8709253057314195,1064.0,455.0,9.21,7.1228,-2.0872,1,0,-11.142,0.0,0,0.4276315789473684,-20.006570302233904,0,20.006570302233904,4.5380091954022985,0,4L of Kishanganj - Bahadurganj section from Km. 0.000 to Km. 23.649 & interchange at Start Point Length - 1.200 Km of NH-27,0,0,on_roster,0
619064,Roads & Highways,Ministry of Road Transport & Highways,national highways authority of india [nhai],"Multi-States (Dadra & Nagar Haveli and Daman & Diu, Gujarat, Maharashtra)",7.5552458805622615,1247.0,2008.0,36.23,25.3167,-10.9133,1,1,38.8796,975.0,0,1.6102646351242984,25.0,1,7.030223390275952,9.070835514018693,0,Vadodara Mumbai Expressway Talsari to Karvad Phase IB - Pkg X [Km 103.400 to Km 128.000],1,0,on_roster,1
618942,Roads & Highways,Ministry of Road Transport & Highways,national highways authority of india [nhai],"Multi-States (Goa, Karnataka)",5.428292442969782,851.0,1551.0,82.45,73.4609,-8.9891,1,1,-34.0977,1034.0,0,1.8225616921269094,22.996057818659658,1,10.972404730617608,1.5994670658682633,0,Balance work of 2L PS from Km 30.800 to Km 70.800 and 2L with Rigid Carriageway from Km 70.800 to km 84.120 of Khanapur- KA/GOA Border section of NH-4A,0,0,on_roster,0
618637,Roads & Highways,Ministry of Road Transport & Highways,national highways authority of india [nhai],"Multi-States (Gujarat, Maharashtra)",7.4115985829892175,1005.0,2313.0,97.66,81.1141,-16.5459,1,1,1.1378,1552.0,0,2.301492537313433,42.96977660972404,1,8.015768725361367,0.29192459016393485,0,Bal. Works of Fagne Km. 510.000 to Maharashtra/Gujarat Border Km. 650.794,0,0,on_roster,0
618486,Roads & Highways,Ministry of Road Transport & Highways,national highways authority of india [nhai],"Multi-States (Haryana, Punjab)",7.463282721008953,1216.0,1916.0,98.7,40.5306,-58.1694,1,1,30.9531,730.0,0,1.575657894736842,22.996057818659658,1,0.9855453350854139,1.319066666666664,0,Delhi-Amritsar-Katra Expressway Phase-I Pkg-V from Junction with Ambala-Kaithal- Hissar road NH-152 near Kharak Pandwa village to Junction with Patiala-Samana- Patran road SH-10 near Ghagga village Km 120250 to Km 157920,1,0,on_roster,1
619093,Roads & Highways,Ministry of Road Transport & Highways,national highways authority of india [nhai],"Multi-States (Haryana, Punjab)",6.413983409781974,1034.0,1155.0,70.83,37.2188,-33.6112,1,1,-25.4349,486.0,0,1.1170212765957446,3.9750328515111693,1,11.990801576872535,2.432698082191781,0,4L Ismailabad to Ambala Section of NH-152 Lot-4/Package-1,0,0,on_roster,0
619134,Roads & Highways,Ministry of Road Transport & Highways,national highways authority of india [nhai],"Multi-States (Haryana, Punjab)",7.4040721580954525,1310.0,1492.0,80.65,29.0294,-51.6206,1,1,16.0283,243.0,0,1.1389312977099237,5.978975032851511,1,2.0039421813403417,9.655967213114751,0,6L of Ambala-Chandigarh greenfield section from Km. 0.000 to Km. 25.000 with 4L spur to Lalru from Km. 0.000 to Km. 5.828 & spur to PR-7 road from Km. 0.000 to Km. 11.157,1,0,on_roster,1
619216,Roads & Highways,Ministry of Road Transport & Highways,national highways authority of india [nhai],"Multi-States (Haryana, Punjab)",7.308355238088994,1096.0,1431.0,71.11,57.3633,-13.7467,1,1,-24.7272,579.0,0,1.3056569343065694,11.005256241787121,1,8.015768725361367,3.604145901639344,0,6L access Controlled Greenfield Highway from Adhoya Musalmana to Sadopur section of Shamli -Ambala Package-III Design Ch. Form km 84.400 to km 121.786,0,0,on_roster,0
618505,Roads & Highways,Ministry of Road Transport & Highways,national highways authority of india [nhai],"Multi-States (Haryana, Rajasthan)",6.017716918252048,670.0,1339.0,87.14,67.3686,-19.7714,1,1,-29.0499,760.0,0,1.998507462686567,21.97766097240473,1,2.9894875164257555,4.301740659340659,0,Additional Structures on 6LGurgaon-Jaipur Section of NH-48 between KM 42.700 to KM 273.00,1,0,on_roster,1
618691,Roads & Highways,Ministry of Road Transport & Highways,national highways authority of india [nhai],"Multi-States (Haryana, Uttar Pradesh)",6.846060709976297,1248.0,761.0,7.5,16.2046,8.7046,1,0,-3.7512,0.0,0,0.6097756410256411,-15.99868593955322,0,15.99868593955322,5.781724845995893,0,4 laning of Aligarh-Palwal Section from Km. 46.390 Design Chainage to Km. 69.110 Terminating at junction EPE Package-II from Kurana- Eastern Peripheral Expressway of NH-334D,0,0,on_roster,0
618723,Roads & Highways,Ministry of Road Transport & Highways,national highways authority of india [nhai],"Multi-States (Haryana, Uttar Pradesh)",7.349365863726654,1065.0,1400.0,74.5,58.0824,-16.4176,1,1,-20.0951,579.0,0,1.3145539906103287,11.005256241787121,1,8.015768725361367,3.1812295081967212,0,6L access Controlled Greenfield Highway from Ranipur Barsi to Adhoya Musalmana section of Shamli -Ambala Package-II Design Ch. Form km 45.500 to km 84.400,1,0,on_roster,1
619068,Roads & Highways,Ministry of Road Transport & Highways,national highways authority of india [nhai],"Multi-States (Haryana, Uttar Pradesh)",7.979917494964519,1066.0,1370.0,69.77,29.4024,-40.3676,1,1,19.3475,669.0,0,1.2851782363977486,9.986859395532194,1,11.990801576872535,2.5210991780821925,0,Construction of Greenfield Connectivity to Jewar International Airport from DND- Faridabad-Ballabhgarh Bypass KMP Link - Spur to Delhi Mumbai Expressway,0,0,on_roster,0
618907,Roads & Highways,Ministry of Road Transport & Highways,national highways authority of india [nhai],"Multi-States (Himachal Pradesh, Punjab)",6.349733220385172,1522.0,1127.0,24.87,13.1568,-11.7132,1,0,-15.6579,0.0,0,0.740473061760841,-12.976346911957949,0,12.976346911957949,5.7897650632911395,0,2L/4L of Hoshiarpur to Una section including Hoshiarpur Bypass of NH 503A,0,0,on_roster,0
619066,Roads & Highways,Ministry of Road Transport & Highways,national highways authority of india [nhai],"Multi-States (Jammu and Kashmir, Punjab)",8.021262748266926,1066.0,1643.0,83.6,41.8384,-41.7616,1,1,21.8096,730.0,0,1.5412757973733584,18.95532194480946,1,5.026281208935611,3.2628496732026155,0,Delhi-Amritsar-Katra Expressway Phase-II Pkg-XIV from Junction with Pathankot- Gurdaspur road NH-54 near Balsua to Junction with Hiranagar Road near village Gurha Baildaran km 423500 to km 468100,0,0,on_roster,0
618533,Roads & Highways,Ministry of Road Transport & Highways,national highways authority of india [nhai],"Multi-States (Jharkhand, West Bengal)",7.353331729156907,2223.0,5722.0,100.0,5.8289,-94.1711,1,1,0.5018,3529.0,0,2.57399910031489,114.94743758212877,1,0.9855453350854139,0.0,0,Barwa Adda Km. 398.240 to Panagarh Km. 521.120,1,0,on_roster,1
618734,Roads & Highways,Ministry of Road Transport & Highways,national highways authority of india [nhai],"Multi-States (Jharkhand, West Bengal)",7.052279775414763,1645.0,1127.0,17.22,6.8884,-10.3316,1,0,14.2652,0.0,0,0.6851063829787234,-17.017082785808146,0,17.017082785808146,4.864523552123552,0,6L Greenfield Varanasi- Ranchi- Kolkata Highway from junction with NH-320 in Lepo village to Kamlapur villageJH/WB border from km 358.500 to km 387.200 Pkg -13,0,0,on_roster,0
618909,Roads & Highways,Ministry of Road Transport & Highways,national highways authority of india [nhai],"Multi-States (Jharkhand, West Bengal)",7.410589052818575,1614.0,2953.0,97.4,42.2862,-55.1138,1,1,7.2307,1522.0,0,1.8296158612143743,43.98817345597897,1,6.011826544021025,0.43248087431693893,0,2L PS of JH / WB Border km. 70.524 - Purulia km.84.400 & Purulia km. 94.30 - Chandil Junction with NH-33 km. 153.705 of Old NH-32,0,0,on_roster,0
618948,Roads & Highways,Ministry of Road Transport & Highways,national highways authority of india [nhai],"Multi-States (Jharkhand, West Bengal)",6.663362554628753,1064.0,424.0,4.3,2.9341,-1.3659,0,0,0.0,0.0,0,0.39849624060150374,-21.02496714848883,0,21.02496714848883,4.5517312500000005,0,4L of NH-80 section of Mirza Chauki to Farakka section from existing km 190.00 to design km 200.75 junction at km 3.100 of NH 133 B and from existing km 260.00 to existing km 283.00 design km 274.133 in the state of Jharkhand package - II,0,0,on_roster,0
619205,Roads & Highways,Ministry of Road Transport & Highways,national highways authority of india [nhai],"Multi-States (Karnataka, Kerala)",7.591897032127019,1461.0,2161.0,99.2,39.5487,-59.6513,1,1,35.3551,730.0,0,1.4791238877481176,22.996057818659658,1,0.9855453350854139,0.8117333333333305,0,Six Laning of KT/KL Border Thalapaddy -Chengala from Km. 17.200 to Km. 57.20,1,0,on_roster,1
618516,Roads & Highways,Ministry of Road Transport & Highways,national highways authority of india [nhai],"Multi-States (Karnataka, Maharashtra)",7.236843175492536,1186.0,1551.0,83.5,105.9689,22.4689,1,1,-23.1756,579.0,0,1.3077571669477235,11.990801576872535,1,7.030223390275952,2.3470093457943926,0,6L from Sankeshwar Bypass to MH-KNT Border from Km. 555.017 to Km. 592.853 of NH-48 Pkg-II,1,0,on_roster,1
618636,Roads & Highways,Ministry of Road Transport & Highways,national highways authority of india [nhai],"Multi-States (Karnataka, Maharashtra)",7.223842575939085,1310.0,1127.0,47.0,19.6482,-27.3518,1,1,2.3885,243.0,0,0.8603053435114504,-6.011826544021025,0,13.994743758212877,3.787136150234742,0,Akkalkot MH/KN border New Greenfield corridor from Km 512.000 to Km 548.400 of NH-150C part of Akkalkot KN/TS Border section Package XIV,0,0,on_roster,0
618519,Roads & Highways,Ministry of Road Transport & Highways,national highways authority of india [nhai],"Multi-States (Karnataka, Tamil Nadu)",7.140246999688667,1157.0,1492.0,75.76,50.1531,-25.6069,1,1,-3.3528,488.0,0,1.2895419187554018,11.005256241787121,1,5.026281208935611,4.822650980392156,0,Bangalore Ring Road STRR-NH-948A- Package-I of Phase-III from Belagondapalli TN to TN/KNT border from km 144.480 to 179.969,1,0,on_roster,1
618581,Roads & Highways,Ministry of Road Transport & Highways,national highways authority of india [nhai],"Multi-States (Karnataka, Tamil Nadu)",7.472085650070113,1096.0,1643.0,78.7,50.7339,-27.9661,1,1,4.0626,638.0,0,1.4990875912408759,17.969776609724047,1,2.9894875164257555,7.1249670329670325,0,Hosur to Dhamrapuri Pkg-1 [Neraluru - Thorapalli Agraharam],1,0,on_roster,1
618631,Roads & Highways,Ministry of Road Transport & Highways,national highways authority of india [nhai],"Multi-States (Karnataka, Telangana)",7.313706935373153,1157.0,1492.0,99.51,56.9112,-42.5988,1,1,-2.8172,396.0,0,1.2895419187554018,11.005256241787121,1,2.0039421813403417,0.2445180327868827,0,6L of MH/KN Border Nimbal Village to KN/TS Border Singnodi Village from Km. 162.5 to Km. 203.100 in Raichur of NH-150C Pkg-IV,1,0,on_roster,1
618632,Roads & Highways,Ministry of Road Transport & Highways,national highways authority of india [nhai],"Multi-States (Karnataka, Telangana)",6.880445745238551,1065.0,1520.0,90.13,39.1165,-51.0135,1,1,7.407,577.0,0,1.4272300469483568,14.947437582128778,1,4.0078843626806835,2.462645901639345,0,6L Access Controlled Greenfield Highway of Nandinne village to Julekal village from Km 202.900 to Km 242.200 Pkg-1,0,0,on_roster,0
619097,Roads & Highways,Ministry of Road Transport & Highways,national highways authority of india [nhai],"Multi-States (Kerala, Puducherry)",7.075064715655588,973.0,3134.0,100.0,45.1468,-54.8532,1,1,33.1939,2191.0,0,3.2209660842754366,70.99211563731932,1,0.9855453350854139,0.0,0,Thalassery Mahe Bypass Km 170.600 to Km 189.200 of NH-17New NH-66 in Kerala,1,0,on_roster,1
619101,Roads & Highways,Ministry of Road Transport & Highways,national highways authority of india [nhai],"Multi-States (Madhya Pradesh, Maharashtra)",6.666129478289041,1186.0,1217.0,64.0,45.3496,-18.6504,1,1,-15.9151,214.0,0,1.0261382799325465,1.0183968462549278,1,6.011826544021025,5.988196721311476,0,4L Shahpur to Muktainagar from Km. 186.000 to km 216.278 of NH 753L Pkg II of Boregaon Buzurg to Muktainagar,0,0,on_roster,0
618556,Roads & Highways,Ministry of Road Transport & Highways,national highways authority of india [nhai],"Multi-States (Madhya Pradesh, Uttar Pradesh)",6.502655104277677,1124.0,1155.0,95.19,76.2205,-18.9695,0,1,0.0,92.0,0,1.0275800711743772,1.0183968462549278,1,2.0039421813403417,2.400268852459017,0,"Construction of 26 VUPs, Major Bridge, Service Road etc. on Lalitpur-Sagar- Lakhnadon section of NH-44 NS",1,0,on_roster,1
618668,Roads & Highways,Ministry of Road Transport & Highways,national highways authority of india [nhai],"Multi-States (Madhya Pradesh, Uttar Pradesh)",6.905252148764019,1065.0,547.0,30.89,19.2328,-11.6572,1,0,-15.0346,0.0,0,0.5136150234741784,-17.017082785808146,0,17.017082785808146,4.061213127413128,0,4L of Chowka to Kaimaha near MP/UP Border section NH-34 from D. Ch. 145.000 to D. Ch. 197.266 excluding existing Chhatarpur bypass from D. Ch. 160.307 to D. Ch. 168.630 Package-4,0,0,on_roster,0
618941,Roads & Highways,Ministry of Road Transport & Highways,national highways authority of india [nhai],"Multi-States (Maharashtra, Telangana)",6.876316210146757,1461.0,1492.0,68.15,50.5117,-17.6383,1,1,22.6373,275.0,0,1.0212183436002737,1.0183968462549278,1,8.015768725361367,3.9734180327868844,0,4L of Bamni - Rajura - Warur - Devada upto M.S. Border of NH - 930D from km 19.000 to km 51.985,0,0,on_roster,0
618844,Roads & Highways,Ministry of Road Transport & Highways,national highways authority of india [nhai],"Multi-States (Puducherry, Tamil Nadu)",7.214732497041869,2071.0,2953.0,98.32,45.1481,-53.1719,1,1,-14.4201,943.0,0,1.4258812168034767,28.97503285151117,1,2.0039421813403417,0.83834754098361,0,Viluppuram Km.0.000 to Puducherry Km.29.000,1,0,on_roster,1
618845,Roads & Highways,Ministry of Road Transport & Highways,national highways authority of india [nhai],"Multi-States (Puducherry, Tamil Nadu)",7.371111865506079,2071.0,2953.0,98.75,28.6376,-70.1124,1,1,-10.86,943.0,0,1.4258812168034767,28.97503285151117,1,2.0039421813403417,0.6237704918032787,0,Puducherry Km.29.000 to Poondiyankuppam Km.67.000,1,0,on_roster,1
618847,Roads & Highways,Ministry of Road Transport & Highways,national highways authority of india [nhai],"Multi-States (Puducherry, Tamil Nadu)",7.972731497972481,1675.0,2953.0,82.3,41.4378,-40.8622,0,1,0.0,1400.0,0,1.7629850746268656,41.98423127463863,1,4.0078843626806835,4.416295081967213,0,Sattanathapuram to Nagapattinam from Km 123.800 to Km 179.555,1,0,on_roster,1
618711,Roads & Highways,Ministry of Road Transport & Highways,national highways authority of india [nhai],"Multi-States (Uttar Pradesh, Uttarakhand)",6.6816699047470065,945.0,1461.0,99.29,89.2595,-10.0305,1,1,-29.7019,546.0,0,1.546031746031746,16.95137976346912,1,0.9855453350854139,0.720413333333327,0,6L with access control provision Saharanpur bypass to Ganeshpur section from 13.89 Km to 41.820 Km of Delhi- Dehradun Economic Corridor package-2,1,0,on_roster,1
618783,Roads & Highways,Ministry of Road Transport & Highways,national highways authority of india [nhai],"Multi-States (Uttar Pradesh, Uttarakhand)",7.294506367046177,1155.0,1186.0,35.2,28.2839,-6.9161,0,1,0.0,306.0,0,1.0268398268398269,1.0183968462549278,1,9.034165571616294,7.172770909090909,0,4-laning of Pilibhit - Sitarganj from Km. 32.500 to Km. 70.800 Pkg-2 of NH-30,1,0,on_roster,1
618886,Roads & Highways,Ministry of Road Transport & Highways,national highways authority of india [nhai],"Multi-States (Uttar Pradesh, Uttarakhand)",5.47922125225437,913.0,365.0,11.12,11650.0,11638.88,1,0,-99.9581,0.0,0,0.39978094194961666,-18.00262812089356,0,18.00262812089356,4.937056934306569,0,Road Safety Improvement of Critical Junctions on MuzaffarnagarHaridwar Section of NH-334 from Km 143000 to Km 196000,0,0,on_roster,0
618928,Roads & Highways,Ministry of Road Transport & Highways,national highways authority of india [nhai],"Multi-States (Uttar Pradesh, Uttarakhand)",6.842811342341472,943.0,1155.0,44.14,46.4,2.26,1,1,-23.3538,456.0,0,1.224814422057264,6.964520367936925,1,8.015768725361367,6.968763934426229,0,"Improvement & Up-gradation of NH-734 Section of Moradabad-Thakurdwara Kashipur including Moradabad & Kashipur Bypasse Package-III Kashipur Bypass Length 14.490 Km., Starts from Ch. 38770 and ends at Ch. 53260 existing Ch. 05560",1,0,on_roster,1
618969,Roads & Highways,Ministry of Road Transport & Highways,national highways authority of india [nhai],"Multi-States (Uttar Pradesh, Uttarakhand)",7.676450465777419,1188.0,1612.0,91.5,56.255,-35.245,1,1,21.167,485.0,0,1.3569023569023568,13.92904073587385,1,2.0039421813403417,4.241639344262295,0,4/6L of Spur to Haridwar Greenfield from Km. 0.000 to Km. 50.70,1,0,on_roster,1
619217,Roads & Highways,Ministry of Road Transport & Highways,national highways authority of india [nhai],"Multi-States (Uttar Pradesh, Uttarakhand)",7.41464516789448,1674.0,3774.0,97.64,50.6937,-46.9463,1,1,-2.2078,2130.0,0,2.2544802867383513,68.98817345597897,1,0.9855453350854139,2.394613333333333,0,4L of Haridwar-Nagina section from km. 0.00 to km. 71.614 of NH-74,1,0,on_roster,1
617886,Roads & Highways,Ministry of Road Transport & Highways,morth,Nagaland,5.534179690270021,2191.0,2130.0,44.46,0.0,-44.46,0,1,0.0,183.0,1,0.9721588315837517,-2.0039421813403417,0,8.015768725361367,6.928842622950819,0,Widening of existing Single lane / Intermediate lane road to 2 lane from Km 101 to Km 125 of NH 61,1,0,on_roster,1
618072,Roads & Highways,Ministry of Road Transport & Highways,morth,Nagaland,5.697932060978025,1218.0,1857.0,100.0,50.1901,-49.8099,0,1,0.0,608.0,1,1.5246305418719213,20.992115637319316,1,-1.0183968462549278,,0,Widening to Existing single lane /intermediate lane to 2 lane from Km185.00 to Km 220.00 of NH-61 New NH-02 in the state of Nagaland.,0,0,on_roster,0
618290,Roads & Highways,Ministry of Road Transport & Highways,nhidcl,Nagaland,5.314977807441144,639.0,2100.0,45.52,46.5507,1.0307,0,1,0.0,1705.0,1,3.2863849765258215,47.99605781865966,1,8.015768725361367,6.796603278688524,0,"Construction of 2-lane with Paved shoulder of Kohima- Bypass Road Connecting NH- 39New NH-02, NH-150New NH-02, NH-61New NH-29, NH-39New NH-02 from Design Km 32.00 to Design Km 43.454Design Length-11.454 Km in the State of Nagaland under SARDP-NE on EPC Mode Package-IV",0,0,on_roster,0
618291,Roads & Highways,Ministry of Road Transport & Highways,nhidcl,Nagaland,5.080472253685035,1796.0,2100.0,37.38,24.6049,-12.7751,1,1,114.132,548.0,1,1.1692650334075725,9.986859395532194,1,8.015768725361367,7.812101639344261,0,"Construction of 2-lane with Paved shoulder of Kohima-Bypass Road connecting NH- 39 New NH-02, NH150New NH-02, NH7-61 New NH-29 and NH-39 New NH-02 from Design km 21.000 to km 32.268 [Design length11.268 km] in the state of Nagaland Under SARDP-NE on EPC Mode Package- 3",0,0,on_roster,0
618292,Roads & Highways,Ministry of Road Transport & Highways,nhidcl,Nagaland,5.629202596300466,822.0,2100.0,69.82,69.3663,-0.4537,0,1,0.0,1339.0,1,2.5547445255474455,41.98423127463863,1,2.0039421813403417,15.060314754098364,0,Construction of 2-Lane with paved shoulder of Kohima-Bypass Road connecting New NH-02 and New NH-29 from Design Km 10.500 to design Km 21.000 [Design Length- 10.500 km] including TUNNEL of 500m at Ch. 11.000 in the state of Nagaland Under SARDP-NE on EPC Mode Package-2,1,0,on_roster,1
618293,Roads & Highways,Ministry of Road Transport & Highways,nhidcl,Nagaland,5.452282314842547,2314.0,2100.0,25.61,3.5568,-22.0532,1,0,51.0526,0.0,1,0.9075194468452895,-7.030223390275952,0,7.030223390275952,10.581456074766356,0,"Construction of 2-Lane with paved shoulder of Kohima-Bypass Road connecting NH- 39New NH-02, NH-150New NH-02, NH-61New NH-29 and NH-39New NH-02 from design Km 0.00 to Km 10.500 in the State of Nagaland under SARDP-NE on EPC Mode Package-1 -Balance work",0,0,on_roster,0
618296,Roads & Highways,Ministry of Road Transport & Highways,nhidcl,Nagaland,5.8045323777563445,2071.0,2222.0,93.04,0.0,-93.04,0,1,0.0,181.0,1,1.072911636890391,4.9605781865965834,1,0.9855453350854139,7.062079999999994,0,Balance work of Construction of 2-lane with hard shoulder of Kohima - Jessami road on NH-29 old NH-150 from existing km 98.380 near Chizami vill. to km120.367 Nagaland/Manipur Border [Design km 95.700 to design km 117.200] [Design Length 21.500 km] in the state of Nagaland Under Bharatmala Pariyojna on EPC Mode Package-V under NHO,1,0,on_roster,1
618297,Roads & Highways,Ministry of Road Transport & Highways,nhidcl,Nagaland,5.877147373407264,2132.0,2222.0,40.88,0.0,-40.88,0,1,0.0,334.0,1,1.0422138836772983,2.9566360052562417,1,8.015768725361367,7.375462295081967,0,Construction of 2-lane with hard shoulder of Kohima - Jessami road on NH-29 Old NH- 150 from existing Km 30.474 Near Kidwema road Chakahabama to existing Km 53.220 Near Kikruma Village Design Km 29.60 to Km 51.50 Design length-21.90 Km in the state of Nagaland Under Bharatmala Pariyojna on EPC Mode under NHO Package-II -Balance work,0,0,on_roster,0
618328,Roads & Highways,Ministry of Road Transport & Highways,nhidcl,Nagaland,6.335018789876395,3471.0,3683.0,82.59,15.0626,-67.5274,1,0,41.1684,0.0,1,1.0610774992797465,6.964520367936925,1,-6.964520367936925,,0,4-Laning of Balance work of Dimapur-Kohima Road from design km 152.490 to km 166.700 Existing km 156.000 to km 172.900 Excluding Dimapur & Kohima Bypass under SARDP-NE Package-III,1,0,on_roster,1
618364,Roads & Highways,Ministry of Road Transport & Highways,nhidcl,Nagaland,6.066664779670917,1158.0,1217.0,87.0,0.0,-87.0,0,0,0.0,0.0,1,1.0509499136442142,1.938239159001314,1,-1.938239159001314,,0,"Widening to 2 Lane with Hard shoulder of Akegwo-Avangkhu section of NH-202K for Package-I Design Chainage 0000 Km to 34795 Km, in the State of Nagaland on EPC mode under NH O-NE",0,0,on_roster,0
618365,Roads & Highways,Ministry of Road Transport & Highways,nhidcl,Nagaland,6.210961457501995,1158.0,1217.0,85.67,0.0,-85.67,0,0,0.0,0.0,1,1.0509499136442142,1.938239159001314,1,-1.938239159001314,,0,Widening to 2 Lane with Hard shoulder of Akegwo-Avangkhu section of NH-202K for Package-III Design Chainage 69875 Km to 106816 Km in the State of Nagaland on EPC mode under NHO-NE,0,0,on_roster,0
618366,Roads & Highways,Ministry of Road Transport & Highways,nhidcl,Nagaland,6.094787989339883,1158.0,1217.0,54.66,0.0,-54.66,0,0,0.0,0.0,1,1.0509499136442142,1.938239159001314,1,-1.938239159001314,,0,Widening to 2 Lane with Hard shoulder of Akegwo-Avangkhu section of NH-202K for Package-II Design Chainage 34795 Km to 69875 Km in the State of Nagaland on EPC mode under NHO-NE,0,0,on_roster,0
618413,Roads & Highways,Ministry of Road Transport & Highways,nhidcl,Nagaland,5.186100063426998,1581.0,1885.0,93.37,0.0,-93.37,1,1,11.9536,365.0,1,1.1922833649588869,9.986859395532194,1,2.0039421813403417,3.3084786885245876,0,Construction of 2 laning with Hard shoulder of Peren-Dimapur section on NH 129A from Design Km 146.208 to Km 163.592 Length- 17.384 km in the state of Nagaland on EPC mode under NHO-TSP Package-III,1,0,on_roster,1
618414,Roads & Highways,Ministry of Road Transport & Highways,nhidcl,Nagaland,5.558833770927048,1704.0,1916.0,96.53,23.4875,-73.0425,0,0,0.0,0.0,1,1.124413145539906,6.964520367936925,1,-6.964520367936925,,0,Construction of Balance work for 2-lane with hard shoulder of Peren- Dimapur section on NH-129A from Design Km 126.775 to Km 146.208 Length 19.433 Km in the state of Nagaland on EPC mode under NHO-TSP Package-II,0,0,on_roster,0
618422,Roads & Highways,Ministry of Road Transport & Highways,nhidcl,Nagaland,5.092092385672523,1645.0,1857.0,99.5,8.7306,-90.7694,0,1,0.0,212.0,1,1.1288753799392097,6.964520367936925,1,0.0,,0,"Construction of 2-lane with hard shoulders of Merangkong-Tamlu-Mon road Wakching Twon portion on EPC basis from existing Chainage Km 59000 to Km 73640 [Design Km. 59000 to Km, 72450] Design length - 13.450 Km under SARDP-NE package-V Balance work",1,0,on_roster,1
618423,Roads & Highways,Ministry of Road Transport & Highways,nhidcl,Nagaland,5.378929143040425,2710.0,2953.0,100.0,13.2722,-86.7278,0,1,0.0,212.0,1,1.0896678966789668,7.982917214191852,1,-1.0183968462549278,,0,Construction of 2-Lane with hard shoulders of Merangkong-Tamlu-Mon MTM Road from existing Km 20.456 to Km 41.065 Design Km. 20 to Km. 40.0 Design Length- 20.000 Km in the State of Nagaland under SARDP-NE Phase-A Pkg-2 Balance work,0,0,on_roster,0
619059,Roads & Highways,Ministry of Road Transport & Highways,nhidcl,Nagaland,5.78376364197463,2741.0,2953.0,75.05,21.7483,-53.3017,0,1,0.0,456.0,1,1.077344035023714,6.964520367936925,1,8.015768725361367,3.112614754098361,0,Construction of 2-Lane with hard shoulders of Merangkong-Tamlu-Mon Road on EPC Basis from existing road Km. 76.640 to Km 98.065 Design chainage Km. 63.800 to Km. 86.835 Design Length-23.035 Km in the state of Nagaland under SARDP-NE PKG-IV Balance work,0,0,on_roster,0
617898,Roads & Highways,Ministry of Road Transport & Highways,morth,Odisha,5.300814246746624,1675.0,1127.0,0.0,0.0501,0.0501,0,0,0.0,0.0,0,0.6728358208955224,-18.00262812089356,0,18.00262812089356,5.554744525547445,0,New construction of Major Bridge with Approaches from Km 0.000 to 1.200 Madhopur -Badabanta section of NH-20 under NHO in Annual Plan 2022-23 in the State of Odisha,0,0,on_roster,0
617899,Roads & Highways,Ministry of Road Transport & Highways,morth,Odisha,6.456926629122442,1433.0,1492.0,56.11,46.0211,-10.0889,0,1,0.0,273.0,0,1.041172365666434,1.938239159001314,1,7.030223390275952,6.243044859813084,0,Widening and Strengthening to 4LPS/2LPS from km 0.000 to 35.800 Kuakhia - Mangalpur section of NH 20 in the state of Odisha on Annual Plan 2021-22,0,0,on_roster,0
617902,Roads & Highways,Ministry of Road Transport & Highways,morth,Odisha,5.135504276142125,1371.0,1127.0,21.0,4.6404,-16.3596,0,0,0.0,0.0,0,0.8220277169948942,-8.015768725361367,0,8.015768725361367,9.855573770491803,0,construction or By-pass road on NH-26 for Nabrangpur Town,0,0,on_roster,0
617904,Roads & Highways,Ministry of Road Transport & Highways,morth,Odisha,5.4797218362795075,1338.0,1520.0,55.0,2.5505,-52.4495,0,1,0.0,273.0,0,1.1360239162929746,5.978975032851511,1,2.9894875164257555,15.052747252747253,0,Construction of Bypass road to Balangir town from km 72/400 Desing km 0/0 to km 79/800 Design km 11/670 of NH-26 in the State of Odisha.,1,0,on_roster,1
617905,Roads & Highways,Ministry of Road Transport & Highways,morth,Odisha,5.784102067070543,1247.0,1582.0,70.09,26.0946,-43.9954,0,1,0.0,518.0,0,1.268644747393745,11.005256241787121,1,6.011826544021025,4.975193442622951,0,Construction of 4 lane ROB with approaches in lieu of LC No. RV-172 at km 176.00 of NH-201 present NH-26 at Kesinga including land acquisition in the state of Odisha on EPC mode under Annual Plan 2021-22,1,0,on_roster,1
617920,Roads & Highways,Ministry of Road Transport & Highways,morth,Odisha,6.239378756747404,1977.0,1551.0,3.0,0.0,-3.0,0,0,0.0,0.0,0,0.7845220030349014,-13.994743758212877,0,13.994743758212877,6.931173708920189,0,Widening and Strengthening to 2LPS including LA from km 318.970 to 353.450 Balikuda-Mulkani Section of NH-55 under NHO in Annual Plan 2022-23 in the State of Odisha. Job No. NH-55-OD-2022-23-656,0,0,on_roster,0
617921,Roads & Highways,Ministry of Road Transport & Highways,morth,Odisha,6.216186851535406,1188.0,1492.0,60.65,25.9589,-34.6911,0,1,0.0,334.0,0,1.2558922558922558,9.986859395532194,1,0.9855453350854139,39.92713333333334,0,Widening and strengthening to 2LPS including LA of Kandarpur-Balikuda from km 277/500 to 318/970 of NH-55 in the State of Odisha under Annual Plan 2021-22.,1,0,on_roster,1
617922,Roads & Highways,Ministry of Road Transport & Highways,morth,Odisha,6.3768970014659105,2129.0,1673.0,21.0,8.9303,-12.0697,0,0,0.0,0.0,0,0.7858149365899484,-14.98028909329829,0,14.98028909329829,5.27359649122807,0,Construction of Jharsuguda Bypass including Land acqusition on NH-49 from km 258.636 to km 283.300 design chainage 258.636 to km 289.876 under NHO in Annual Plan 2022-23 for the state of Odisha Job No.NH-49-OD-2022-23-655,0,0,on_roster,0
617923,Roads & Highways,Ministry of Road Transport & Highways,morth,Odisha,5.056054704287115,1550.0,1155.0,20.0,23.4661,3.4661,0,0,0.0,0.0,0,0.7451612903225806,-12.976346911957949,0,12.976346911957949,6.165063291139242,0,Construction of Daspalla Bypass from km 195.250 To 200.635 of NH-57 including land acquisition in the state of Odisha on EPC mode under Annual Plan 2022-23.,0,0,on_roster,0
617925,Roads & Highways,Ministry of Road Transport & Highways,morth,Odisha,5.065691499844334,1004.0,1520.0,82.0,21.341,-60.659,0,1,0.0,577.0,0,1.5139442231075697,16.95137976346912,1,2.0039421813403417,8.982295081967212,0,Construction of Bypass to Khordha town from Km 294/000 to 300/300 on NH-57 including LA in the State of Odisha on EPC mode.,1,0,on_roster,1
617930,Roads & Highways,Ministry of Road Transport & Highways,morth,Odisha,5.287963954468545,1736.0,1857.0,75.0,25.9775,-49.0225,0,1,0.0,182.0,0,1.069700460829493,3.9750328515111693,1,2.0039421813403417,12.475409836065573,0,Construction of Bypass on NH-59 from Km 336/350 to 349/910 13.56 km near Berhampur town including 4-lane RoB in the state of Odisha.,1,0,on_roster,1
618003,Roads & Highways,Ministry of Road Transport & Highways,morth,Odisha,5.046581420869725,1126.0,1612.0,72.0,14.4475,-57.5525,0,1,0.0,547.0,0,1.4316163410301954,15.965834428383705,1,2.0039421813403417,13.972459016393442,0,Construction of four lane ROB and its approaches in lieu of existing Level Crossing No. RV-71 at km 435 on NH-217 New NH-353 at Khariar including land acquisition under NHO in Annual Plan 2021-22 for the state of Odisha for F.Y. 2021-22 to F.Y 2033-34,1,0,on_roster,1
618012,Roads & Highways,Ministry of Road Transport & Highways,morth,Odisha,5.233885506388648,1433.0,1492.0,60.0,22.9627,-37.0373,0,1,0.0,120.0,0,1.041172365666434,1.938239159001314,1,2.0039421813403417,19.96065573770492,0,"Widening & strengthenlng to 2LPS from km 0,000 to 40.000 Dhaugaon- Podamari section of NH 326 in the State of Odisha under Annual Plan 2021.22.",1,0,on_roster,1
618079,Roads & Highways,Ministry of Road Transport & Highways,morth,Odisha,5.157099364632499,1310.0,1127.0,15.0,0.0,-15.0,0,0,0.0,0.0,0,0.8603053435114504,-6.011826544021025,0,6.011826544021025,14.138797814207651,0,Construction of Dharmagarh Bypass on NH-130C including land acquisition in the state of Odisha on EPC Mode under Annual plan 2022-23.,0,0,on_roster,0
618122,Roads & Highways,Ministry of Road Transport & Highways,morth,Odisha,5.153811690438308,1675.0,1492.0,20.25,0.0,-20.25,0,0,0.0,0.0,0,0.8907462686567165,-6.011826544021025,0,6.011826544021025,13.26551912568306,0,Widening to 2 lane with paved shoulded of Jareikela Jharkhand/Odisha Border - Dhabaleswar section from 0/0 to 36/0 of NH-320D in the State of Odisha under Annual Plan 2021-22.,0,0,on_roster,0
618523,Roads & Highways,Ministry of Road Transport & Highways,national highways authority of india [nhai],Odisha,6.740129212586786,2496.0,4169.0,91.32,38.6078,-52.7122,1,1,65.1319,1887.0,0,1.670272435897436,54.96057818659658,1,7.030223390275952,1.2346691588785057,0,Bhadrak KM 136.500 to Baleshwar KM 199.141,0,0,on_roster,0
618591,Roads & Highways,Ministry of Road Transport & Highways,national highways authority of india [nhai],Odisha,5.927379256579233,1005.0,761.0,50.0,45.8345,-4.1655,1,0,-43.4107,0.0,0,0.7572139303482587,-8.015768725361367,0,8.015768725361367,6.237704918032787,0,"Construction of 6-lane flyover at Ainthapali junction and a 2-lane ROB LHS on NH-53 Earlier NH-6 in Sambalpur, on EPC mode in Odisha under NHO",0,0,on_roster,0
618592,Roads & Highways,Ministry of Road Transport & Highways,national highways authority of india [nhai],Odisha,5.773432907679949,973.0,943.0,18.0,13.7676,-4.2324,1,1,-23.6371,304.0,0,0.9691675231243576,-0.9855453350854139,0,10.972404730617608,7.473293413173653,0,"Balance work of 8 nos. of Elephant Underpasses EUPs, 1 no. of Vehicular Underpass VUP, 1 nos. of Light Vehicular Underpass LVUP, 1 nos. of Pedestrian Underpass PUP, 1 nos. of Foot Over Bridge FOB and A2 side approach of Jharpokharia Flyover at Km.215.270 in Baharagora-Singhara section of NH-49",1,0,on_roster,1
618593,Roads & Highways,Ministry of Road Transport & Highways,national highways authority of india [nhai],Odisha,5.577160490332613,975.0,396.0,8.8,5.3719,-3.4281,1,0,-38.0715,0.0,0,0.40615384615384614,-19.021024967148488,0,19.021024967148488,4.794694300518135,0,Balance work of Rehabilitation and Upgradation to four laning of Baharagora Singhara section of NH-49 from Km.229.727 to Km.238.990 Length 9.263 Km. including construction of five nos. of Elephant Underpasses EUP and fourteen nos. of Animal Underpasses AUP inside the buffer zone of Similipal Tiger Reserve Area in Bangriposi Ghat section in the State of Odisha on EPC Mode,0,0,on_roster,0
618677,Roads & Highways,Ministry of Road Transport & Highways,national highways authority of india [nhai],Odisha,7.340024589842352,973.0,1673.0,94.81,51.1496,-43.6604,1,1,24.5975,761.0,0,1.7194244604316546,22.996057818659658,1,2.0039421813403417,2.589895081967212,0,6L Greenfield Kaliagura Baunsaguar Section of NH-130-CD Road from km 249000 to km 293000 Package OD-5,1,0,on_roster,1
618678,Roads & Highways,Ministry of Road Transport & Highways,national highways authority of india [nhai],Odisha,7.144083528898786,1004.0,1704.0,98.96,53.5018,-45.4582,1,1,29.2235,761.0,0,1.697211155378486,22.996057818659658,1,2.0039421813403417,0.5189770491803309,0,6L Greenfield Baunsaguar - Baraja Section of NH-130-CD Road from km 293000 to km 338500 Package OD-6,1,0,on_roster,1
618680,Roads & Highways,Ministry of Road Transport & Highways,national highways authority of india [nhai],Odisha,7.309038321096743,1035.0,1582.0,97.47,53.992,-43.478,1,1,28.1429,577.0,0,1.5285024154589373,17.969776609724047,1,0.9855453350854139,2.567106666666668,0,6L Greenfield Kandili - Aluru Section of NH-130-CD Road from km 342500 to km 365033 Package-OD-8,1,0,on_roster,1
618704,Roads & Highways,Ministry of Road Transport & Highways,national highways authority of india [nhai],Odisha,5.022959043785088,1218.0,943.0,99.98,96.0591,-3.9209,1,1,-29.5241,-214.0,0,0.7742200328407225,-9.034165571616294,0,2.0039421813403417,0.009980327868850473,0,6L Flyover including RE Wall approaches with Flexible Pavement in the Elephant Corridor of Angul Sambalpur Section of NH-42 New NH-55 Km.202.533,1,0,on_roster,1
618705,Roads & Highways,Ministry of Road Transport & Highways,national highways authority of india [nhai],Odisha,6.881534499339055,1157.0,486.0,1.5,15.7463,14.2463,0,0,0.0,0.0,0,0.42005185825410546,-22.043363994743757,0,22.043363994743757,4.468464977645306,1,"4L Godibandha to Ballhar Chhak, Ballhar Chhak to Banarpal & Banarpal to Start of Angul bypass at Km.314.130 to Km.321.035 of NH53, at Km.75.200 to Km.84.000 of NH149 & at Km.84.000 to Km.86.100 of NH55",0,0,on_roster,0
618820,Roads & Highways,Ministry of Road Transport & Highways,national highways authority of india [nhai],Odisha,6.760229274126516,1006.0,1127.0,91.0,40.8769,-50.1231,1,1,8.9007,274.0,0,1.1202783300198806,3.9750328515111693,1,5.026281208935611,1.7905882352941176,0,Rehabilitation and Up gradation from 4 to 8 laning of Chandikhole Paradip Section of NH-53 Old NH 5A from Km.39.000 to Km.60.00 Package-3,1,0,on_roster,1
618821,Roads & Highways,Ministry of Road Transport & Highways,national highways authority of india [nhai],Odisha,6.825970220964089,1006.0,1127.0,91.0,43.4438,-47.5562,1,1,3.2516,243.0,0,1.1202783300198806,3.9750328515111693,1,4.0078843626806835,2.245573770491803,0,Rehabilitation and Up gradation from 4 to 8 laning of Chandikhole Paradip Section of NH-53 Old NH 5A from Km 18.00 to Km 39.00 in the State of Odisha on HAM mode Package-2,1,0,on_roster,1
618822,Roads & Highways,Ministry of Road Transport & Highways,national highways authority of india [nhai],Odisha,6.836162602357152,1006.0,1127.0,92.3,41.9817,-50.3183,1,1,-6.5017,243.0,0,1.1202783300198806,3.9750328515111693,1,4.0078843626806835,1.921213114754099,0,Rehabilitation and Up gradation from 4 to 8 laning of Chandikhole Paradip Section of NH-53 Old NH 5A from Km.0.00 to Km.18.00Package-1,1,0,on_roster,1
618908,Roads & Highways,Ministry of Road Transport & Highways,national highways authority of india [nhai],Odisha,5.040905817114504,1006.0,1461.0,38.0,70.978,32.978,1,1,-32.5044,699.0,0,1.452286282306163,14.947437582128778,1,8.015768725361367,7.734754098360655,0,3L Major Bridge over River Brahmani at Km. 401.250 Duburi - Chandikhole Section of NH-200 New NH -53,1,0,on_roster,1
619109,Roads & Highways,Ministry of Road Transport & Highways,national highways authority of india [nhai],Odisha,7.005571407182428,1127.0,1857.0,99.7,46.9729,-52.7271,1,1,24.7486,760.0,0,1.64773735581189,23.98160315374507,1,0.9855453350854139,0.3043999999999971,0,6L of Badakumari - Karki Section from Km 179.000 to km 226.500 of NH-130-CD Package OD-3,1,0,on_roster,1
619118,Roads & Highways,Ministry of Road Transport & Highways,national highways authority of india [nhai],Odisha,7.828452288939109,1064.0,3499.0,99.98,45.3548,-54.6252,1,1,4.8951,2465.0,0,3.2885338345864663,79.99342969776609,1,0.9855453350854139,0.0202933333333293,0,Four Laning of Angul to Sambalpur from Km.112.000 to Km.265.000,1,0,on_roster,1
619119,Roads & Highways,Ministry of Road Transport & Highways,national highways authority of india [nhai],Odisha,6.9080752277930575,1004.0,3104.0,99.0,43.5191,-55.4809,1,1,17.9112,2161.0,0,3.091633466135458,68.98817345597897,1,2.0039421813403417,0.49901639344262294,0,Cuttack-Angul Section of NH-42 New NH-55 from km 0.400 to km 60.200 Pkg-I in the State of Odisha,1,0,on_roster,1
619157,Roads & Highways,Ministry of Road Transport & Highways,national highways authority of india [nhai],Odisha,6.679825290933967,1308.0,3012.0,99.0,49.707,-49.293,1,1,1.953,1887.0,0,2.302752293577982,55.97897503285151,1,6.011826544021025,0.16633879781420766,0,4 Laning of Talcher to end of Kamakhyanagar Bypass km 8.844 - km 15.725 of NH- 149 and km 301.875 - km 335.946 of NH-53 Pkg-I,0,0,on_roster,0
619158,Roads & Highways,Ministry of Road Transport & Highways,national highways authority of india [nhai],Odisha,6.672032945461067,1673.0,3012.0,86.0,63.0326,-22.9674,1,1,15.033,1400.0,0,1.8003586371787208,43.98817345597897,1,2.0039421813403417,6.986229508196721,0,4 Laning of Duburi Chandikhole from km 388.376 to km 428.074 Pkg-III,1,0,on_roster,1
619181,Roads & Highways,Ministry of Road Transport & Highways,national highways authority of india [nhai],Odisha,6.783834697062659,1310.0,1127.0,32.0,16.226,-15.774,1,1,14.445,365.0,0,0.8603053435114504,-6.011826544021025,0,18.00262812089356,3.7772262773722627,0,Rehabilitation and Up gradation from 4 to 8 laning of Chandikhole Paradip Section of NH-53 Old NH 5A from Km.60.000 to Km.76.646 Package-4,1,0,on_roster,1
619213,Roads & Highways,Ministry of Road Transport & Highways,national highways authority of india [nhai],Odisha,6.674776015245816,1124.0,1885.0,99.95,67.9385,-32.0115,1,1,35.3224,791.0,0,1.6770462633451957,25.0,1,0.9855453350854139,0.05073333333333045,0,6L of Hatibena - Badakumari Section from Km 146.50 to km 179.00 of NH-130-CD Package OD-2,1,0,on_roster,1
619215,Roads & Highways,Ministry of Road Transport & Highways,national highways authority of india [nhai],Odisha,6.900136328348901,1066.0,3104.0,99.66,42.7354,-56.9246,1,1,17.8947,2099.0,0,2.9118198874296435,66.95137976346912,1,2.0039421813403417,0.1696655737704935,0,Cuttack-Angul Section of NH-42 New NH-55 from Km.60.200 to Km. 112.000 Pkg-II in the State of Odisha,1,0,on_roster,1
618010,Roads & Highways,Ministry of Road Transport & Highways,morth,Punjab,6.305672915777904,1341.0,1127.0,45.0,0.0,-45.0,0,0,0.0,0.0,0,0.8404175988068605,-7.030223390275952,0,7.030223390275952,7.823364485981309,0,Development to 4-lane with paved shoulder for the road section Talwandi Sabo- Raman road to refinery Road junction with Bathinda Dabwali Road of NH-254 from existing Km 131.600 to Km 155.650 Design Km 131600 to km 155600 in the State of Punjab. Job No NH-254-PB-2022-23-565,0,0,on_roster,0
618024,Roads & Highways,Ministry of Road Transport & Highways,morth,Punjab,5.576668541258341,1492.0,1857.0,83.0,0.0,-83.0,0,1,0.0,426.0,0,1.2446380697050938,11.990801576872535,1,2.0039421813403417,8.48327868852459,0,Up-gradation to two lane with paved shoulder configuration of NH-354 Section Arifkes- Ferozepur-Muktsar-Malaut from Km 201.500 to Km 212.500 & Km 229.690 to Km 269.960 and strengthening of existing pavement from Km 212.500 to Km 229.690 excluding Km 218.500 to 223.690 of NH-354 on EPC Mode in the State of Punjab. Job No. NH-354-PB-2020-21-532,1,0,on_roster,1
618489,Roads & Highways,Ministry of Road Transport & Highways,national highways authority of india [nhai],Punjab,7.524275162707129,1308.0,1947.0,73.26,56.0375,-17.2225,1,1,30.0124,973.0,0,1.488532110091743,20.992115637319316,1,10.972404730617608,2.4370227544910175,0,Delhi-Amritsar-Katra Expressway Phase-I Pkg-IX from Junction with Ludhiana-Moga road NH-5 near Mullanpur Dakha to Junction with Jalandhar - Moga road NH-703 near Kang Sahibu village Km 260860 to km 303900,0,0,on_roster,0
618492,Roads & Highways,Ministry of Road Transport & Highways,national highways authority of india [nhai],Punjab,7.458866433397369,1736.0,1857.0,27.05,30.6096,3.5596,1,1,-11.2854,427.0,0,1.069700460829493,3.9750328515111693,1,10.052562417871222,7.256856209150327,0,Delhi-Amritsar-Katra Expressway Phase-I Pkg-XII from Junction with Amritsar-Mehta- SriHargobindpur-Tanda road NH-503A near SriHargobindpur to Junction with Pathankot-Gurdaspur road NH-54 near Gurdaspur Km 362420 to km 397700,1,0,on_roster,1
618493,Roads & Highways,Ministry of Road Transport & Highways,national highways authority of india [nhai],Punjab,7.680743608442476,1582.0,1582.0,31.77,26.0753,-5.6947,1,1,-29.8181,700.0,0,1.0,0.0,0,22.996057818659658,2.967030285714286,0,Delhi-Amritsar-Katra Expressway Phase-I Spur-I from Jn. with Kapurthala - Sultanpur Lodhi Road NH-703A near Isharwal village to Jn. with Kapurthala - Tarn Taran road NH-703AA near Goinwal Sahib [Km 24000 to Km 41000 of Amritsar connectivity],0,0,on_roster,0
618551,Roads & Highways,Ministry of Road Transport & Highways,national highways authority of india [nhai],Punjab,6.5040037019407135,972.0,516.0,24.75,6.9619,-17.7881,1,0,3.5482,0.0,0,0.5308641975308642,-14.98028909329829,0,14.98028909329829,5.0232675438596495,0,Greenfield connectivity from Govindsar village on Delhi Amritsar Katra Expressway to Talwara village on NH-44 Pathankot by-pass,0,0,on_roster,0
618552,Roads & Highways,Ministry of Road Transport & Highways,national highways authority of india [nhai],Punjab,7.47070265387061,1402.0,1857.0,48.2,36.9154,-11.2846,1,1,23.5093,881.0,0,1.3245363766048501,14.947437582128778,1,13.994743758212877,3.701389671361502,0,Development of 6L Greenfield Jalandhar Bypass starting from Kahlwan NH-03 ending at Kang Sahbu NH-703 via Sarmastpur NH-44 - Madara NH-03 - Khajurla NH-44,0,0,on_roster,0
618610,Roads & Highways,Ministry of Road Transport & Highways,national highways authority of india [nhai],Punjab,6.67236200523901,1918.0,2161.0,99.0,39.3241,-59.6759,1,1,67.1072,273.0,0,1.1266944734098019,7.982917214191852,1,0.9855453350854139,1.0146666666666668,0,6L of Jodhpur Romana Bathinda - Mandi Dabwali Punjab Haryana Border section of NH-54 from km. 0.000 to km. 27.400 of NH-54,1,0,on_roster,1
618617,Roads & Highways,Ministry of Road Transport & Highways,national highways authority of india [nhai],Punjab,7.1150783437428045,1341.0,1857.0,70.28,49.8754,-20.4046,1,1,26.0245,942.0,0,1.3847874720357942,16.95137976346912,1,13.994743758212877,2.123654460093897,0,6L Amritsar-Bathinda Greenfield section from village Tiba on NE-5A to Jn. with Moga Jalandhar road NH-703 near Dharamkot from km 0.000 to km 39.000 of NH-754A Pkg-1,1,0,on_roster,1
618618,Roads & Highways,Ministry of Road Transport & Highways,national highways authority of india [nhai],Punjab,7.615874812371878,1918.0,1857.0,72.0,19.1773,-52.8227,1,0,31.9372,0.0,0,0.9681960375391032,-2.0039421813403417,0,2.0039421813403417,13.972459016393442,0,6L Amritsar-Bathinda Greenfield section from Jn. with Bhagta Bhai Ka-Bhadaur Road near Dyalpura Bhai Ka to Jn. with Mandi Dabwali Bathinda Road on NH-54 near Sangat Kalan from km 93.000 to km 154.866 of NH-754A Pkg-3,1,0,on_roster,1
618647,Roads & Highways,Ministry of Road Transport & Highways,national highways authority of india [nhai],Punjab,6.810704585362041,1553.0,1765.0,81.5,48.0314,-33.4686,1,1,12.5768,303.0,0,1.1365099806825498,6.964520367936925,1,2.9894875164257555,6.188351648351649,0,6L Access Controlled Ludhiana-Bathinda Greenfield highway from Jn. with Amritsar- Bathanda Greenfield Road NH-754A near Rampura Phul to Jn. with Moga-Barnala Road NH-703 near village Tallewal from Km 0.0 to Km 30.3 of NH-754AD Pkg-1,1,0,on_roster,1
618764,Roads & Highways,Ministry of Road Transport & Highways,national highways authority of india [nhai],Punjab,6.940793458058934,1675.0,2161.0,76.0,52.5024,-23.4976,1,1,22.4271,516.0,0,1.2901492537313433,15.965834428383705,1,0.9855453350854139,24.352,0,Moga - Bagha Purana - Bajakhana from km. 0.00 to km. 43.32,1,0,on_roster,1
618776,Roads & Highways,Ministry of Road Transport & Highways,national highways authority of india [nhai],Punjab,7.121777355846786,1157.0,1492.0,88.82,75.3157,-13.5043,1,1,5.1307,396.0,0,1.2895419187554018,11.005256241787121,1,2.0039421813403417,5.5790032786885275,0,4L of Greenfield section from Sirhind to Mohali,1,0,on_roster,1
618785,Roads & Highways,Ministry of Road Transport & Highways,national highways authority of india [nhai],Punjab,7.314566147814657,1311.0,1735.0,78.6,54.7063,-23.8937,1,1,20.9264,454.0,0,1.3234172387490466,13.92904073587385,1,0.9855453350854139,21.713866666666675,0,4/6L Greenfield LudhianaRupnagar highway from Jn. with NE-5 village near to ManewalLudhiana to Jn. with NH-205 near Bheora Village Rupnagar from Km 66.0 to Km 91.0 i/c spur to Kharar from Km 0.0 to Km 19.5 with Ludhiana bypass of NH-205K Pkg-3,1,0,on_roster,1
618786,Roads & Highways,Ministry of Road Transport & Highways,national highways authority of india [nhai],Punjab,7.0878911154955695,1581.0,1247.0,13.97,10.701,-3.269,1,1,25.695,122.0,0,0.788741302972802,-10.972404730617608,0,14.98028909329829,5.742879824561404,0,4L of Phagwara - Hoshiarpur,0,0,on_roster,0
618793,Roads & Highways,Ministry of Road Transport & Highways,national highways authority of india [nhai],Punjab,7.251968902169573,1127.0,1127.0,60.0,33.9998,-26.0002,1,1,18.7363,456.0,0,1.0,0.0,0,14.98028909329829,2.6701754385964915,0,4L of Fazilka to Abohar section of NH-07 including construction of Greenfield Abohar & Fazilka Bypasses,1,0,on_roster,1
618794,Roads & Highways,Ministry of Road Transport & Highways,national highways authority of india [nhai],Punjab,6.265073049828404,1004.0,1947.0,96.0,92.9161,-3.0839,1,1,-20.6333,973.0,0,1.9392430278884463,30.97897503285151,1,0.9855453350854139,4.058666666666667,0,Amritsarairport Junction - Ramdas from km. 100.835 to km. 139.813 Pkg - IV,1,0,on_roster,1
618795,Roads & Highways,Ministry of Road Transport & Highways,national highways authority of india [nhai],Punjab,7.2969351664599325,1277.0,1885.0,81.05,70.5068,-10.5432,1,1,-16.7043,852.0,0,1.476115896632733,19.97371879106439,1,8.015768725361367,2.3640901639344265,0,Amritsar Bypass Pkg III from km. 71.496 to km. 105.158,0,0,on_roster,0
618809,Roads & Highways,Ministry of Road Transport & Highways,national highways authority of india [nhai],Punjab,6.697663679162542,1400.0,1704.0,65.99,51.6593,-14.3307,1,1,19.4537,699.0,0,1.217142857142857,9.986859395532194,1,12.976346911957949,2.6209225316455704,0,4L of Beas-Mehta-Batala-Dera Baba Nanak from intersection with Jalandhar-Amritsar Highway NH-3 near Beas till start of Batala Bypass near Village Acchhal from Km. 0.000 to Km. 31.300 Pkg-1,0,0,on_roster,0
618810,Roads & Highways,Ministry of Road Transport & Highways,national highways authority of india [nhai],Punjab,6.912125714699672,1339.0,1643.0,78.99,59.4646,-19.5254,1,1,-0.9747,638.0,0,1.2270351008215086,9.986859395532194,1,10.972404730617608,1.9148035928143718,0,4L of existing Beas Baba Bakala - Dera Baba Nanak Section from start of Batala Bypass till intersection with Ajnala Gurdaspur Highway NH 354 near Dera Baba Nanak from Km. 31.300 to Km. 69.100 with Additional batala Bypass Pkg-II,0,0,on_roster,0
618906,Roads & Highways,Ministry of Road Transport & Highways,national highways authority of india [nhai],Punjab,6.755664143503331,1278.0,1947.0,67.1,35.84,-31.26,1,1,68.2542,913.0,0,1.5234741784037558,21.97766097240473,1,8.015768725361367,4.1044098360655745,0,4L of Amritsar-Ghoman - Tanda - Una Section from Km 8.270 to Km 54.000 of NH- 503A Package-I,1,0,on_roster,1
619099,Roads & Highways,Ministry of Road Transport & Highways,national highways authority of india [nhai],Punjab,7.496857744505479,1918.0,1857.0,64.2,27.4965,-36.7035,1,1,20.6143,365.0,0,0.9681960375391032,-2.0039421813403417,0,13.994743758212877,2.5581032863849766,0,6L Amritsar-Bathinda Greenfield section from Jn. with Moga Jalandhar road NH-703 near Dharamkot to Jn. with Bhagta Bhai Ka-Bhadaur Road near Dyalpura Bhai Ka from km 39.000 to km 93.000 of NH-754A Pkg-2,0,0,on_roster,0
619105,Roads & Highways,Ministry of Road Transport & Highways,national highways authority of india [nhai],Punjab,7.349957248806275,2253.0,1735.0,20.09,12.5133,-7.5767,1,0,0.6128,0.0,0,0.7700843320017754,-17.017082785808146,0,17.017082785808146,4.695869498069499,0,6L Access Controlled Ludhiana-Bathinda Greenfield highway from Jn. with Moga- Barnala Road NH-703 near village Tallewal to Jn. with Delhi-Katra Expressway NE-5 near Ludhiana village Ballowal from Km 30.300 to Km 75.543 of NH-754AD Pkg-2,0,0,on_roster,0
619200,Roads & Highways,Ministry of Road Transport & Highways,national highways authority of india [nhai],Punjab,7.4041269457779775,1310.0,1857.0,32.47,51.6242,19.1542,1,1,18.8792,973.0,0,1.417557251908397,17.969776609724047,1,13.994743758212877,4.82538309859155,0,Delhi-Amritsar-Katra Expressway Phase-I Spur-III from Junction with Amritsar- Jalandhar road NH-3 near Bhishambarpura to Junction with Amritsar-Anjala road NH- 354 near Amritsar Airport [Km 71000 to Km 99000 of Amritsar connectivity],1,0,on_roster,1
619318,Roads & Highways,Ministry of Road Transport & Highways,national highways authority of india [nhai],Punjab,7.222500323233606,1310.0,1796.0,15.31,35.2982,19.9882,1,1,0.9913,1095.0,0,1.3709923664122137,15.965834428383705,1,20.006570302233904,4.233109359605911,1,4/6L Greenfield Ludhiana Rupnagar highway from Jn. with NE-5 village near to ManewalLudhiana to Jn. with NH-205 near Bheora Village Rupnagar from Km. 0.00 to Km. 37.7 including spur to Kharar with Ludhiana bypass of NH-205K Pkg-1,0,0,on_roster,0
617901,Roads & Highways,Ministry of Road Transport & Highways,morth,Rajasthan,5.277502226834117,1065.0,1551.0,98.58,24.8717,-73.7083,0,1,0.0,455.0,0,1.4563380281690141,15.965834428383705,1,-1.0183968462549278,,0,Widening of Pachpadra-Bagundi Section to 4 Lane from Km 73/60 to 95/70 of NH-25 on EPC mode in the state of Rajasthan.,1,0,on_roster,1
618011,Roads & Highways,Ministry of Road Transport & Highways,morth,Rajasthan,6.022090740649743,882.0,1582.0,87.6,16.1943,-71.4057,0,1,0.0,730.0,0,1.7936507936507937,22.996057818659658,1,0.9855453350854139,12.581866666666674,0,Construction of 2 lane with paved shoulder for the work of Development of remaining sections of NH-325 Balotra to sanderao via Jalore to 2 lane with paved shoulder configuration by Construction of Byasses for town portions1 Asotra- Brahmdham bypass 2Siwana Bypass 3 Mokalsar Bypass 4 Major realignment at Kathadi 5 Major realignment at Bishangarh 6 Jalore Bypass 7 Ahore Town portion 8 Dujana Bypass in the state of Rajasthan on EPC Mode,1,0,on_roster,1
618069,Roads & Highways,Ministry of Road Transport & Highways,morth,Rajasthan,5.816039157001868,1675.0,1492.0,68.0,0.0,-68.0,0,0,0.0,0.0,0,0.8907462686567165,-6.011826544021025,0,6.011826544021025,5.322841530054645,0,Upgradation to Two-lane with paved shoulder of Hanumangarh to Kenchiyan section from Km 0.000existing chainage-Km 23.200 to Km 49.605existing chainage-Km 74.645 of NH-54 in the State of Rajasthan on EPC mode.,0,0,on_roster,0
618092,Roads & Highways,Ministry of Road Transport & Highways,morth,Rajasthan,6.409533228782365,1338.0,1155.0,52.5,0.0,-52.5,0,0,0.0,0.0,0,0.8632286995515696,-6.011826544021025,0,6.011826544021025,7.901092896174863,0,Up-gradation to 2 lane with paved shoulder from Neechli Oden Nathdwara at Design Km 88.800 existing km 55.95 to Bhatewar at Design Km 142.028 existing km 0.00 of NH-162E in the State of Rajasthan on EPC mode.,0,0,on_roster,0
618117,Roads & Highways,Ministry of Road Transport & Highways,morth,Rajasthan,5.04915063032459,820.0,790.0,23.0,7.7087,-15.2913,0,0,0.0,0.0,0,0.9634146341463414,-0.9855453350854139,0,0.9855453350854139,78.12933333333334,0,Upgradation to 2-Lane with Paved Shoulder from Design Km 36300 to Design Chainage 47918 and from Design Ch 69900 to Design Ch 83940 of NH-248A Natni Ka Bara in the State of Rajasthan on EPC Mode.,1,0,on_roster,1
618200,Roads & Highways,Ministry of Road Transport & Highways,morth,Rajasthan,5.764375723431487,1127.0,1492.0,36.87,1.9104,-34.9596,0,1,0.0,671.0,0,1.323868677905945,11.990801576872535,1,10.052562417871222,6.279990849673203,0,Construction of 2 lane with Paved Shoulder for Northern Bypass Phase-II of Kota city in the State of Rajasthan.,0,0,on_roster,0
618235,Roads & Highways,Ministry of Road Transport & Highways,morth,Rajasthan,5.6315701405422764,699.0,455.0,37.16,10.2733,-26.8867,0,0,0.0,0.0,0,0.6509298998569385,-8.015768725361367,0,8.015768725361367,7.839547540983607,0,Balance work of Rehabilitation and Up-gradation to 4-Lane configuration of Ras- Beawar Section Km 00.000 to km 30.050 of NH-158 in the State of Rajasthan under Green National Highway Corridor Project GNHCP.,0,0,on_roster,0
618457,Roads & Highways,Ministry of Road Transport & Highways,national highways authority of india [nhai],Rajasthan,7.149893287974162,1277.0,2343.0,95.25,86.2863,-8.9637,1,1,-0.6135,1157.0,0,1.8347689898198905,35.019710906701704,1,2.9894875164257555,1.588901098901099,0,Delhi-Vadodara Greenfield Alignment NH-148N Pkg-10 Ch. 292.950 to Ch. 319.400 [End of Interchange on NH-166 near village Mui to Hardeoganj village near Indergarh],1,0,on_roster,1
618458,Roads & Highways,Ministry of Road Transport & Highways,national highways authority of india [nhai],Rajasthan,7.526006484688076,1279.0,2100.0,93.44,74.7574,-18.6826,0,1,0.0,912.0,0,1.6419077404222049,26.971090670170828,1,2.9894875164257555,2.194356043956045,0,Delhi-Vadodara Greenfield Alignment NH-148N Pkg-15 Ch. 419.000 to Ch.427.300 [Junction with NH-12 near village Ummedpura to Major bridge over Takli river near Nayagaon Jageer village],1,0,on_roster,1
618611,Roads & Highways,Ministry of Road Transport & Highways,national highways authority of india [nhai],Rajasthan,6.256958524295923,1581.0,2616.0,100.0,77.6777,-22.3223,1,1,5.3378,1065.0,0,1.6546489563567361,34.00131406044678,1,0.9855453350854139,0.0,0,Sangariya near Chautala-Rasisar near Bikaner section of NH-754K Phase-I AJ/SR- Package-7,1,0,on_roster,1
618612,Roads & Highways,Ministry of Road Transport & Highways,national highways authority of india [nhai],Rajasthan,6.7423970283066135,1400.0,2374.0,100.0,91.2978,-8.7022,1,1,-12.5173,1004.0,0,1.6957142857142857,31.99737187910644,1,0.9855453350854139,0.0,0,Deogarh near Dhandhaniya-Rajasthan/Gujarat Border Phase-I AJ/DRGB-Package-6,1,0,on_roster,1
618613,Roads & Highways,Ministry of Road Transport & Highways,national highways authority of india [nhai],Rajasthan,6.496895646556665,1369.0,2374.0,99.2,85.1214,-14.0786,1,1,-9.7133,1035.0,0,1.7341124908692476,33.01576872536137,1,0.9855453350854139,0.8117333333333305,0,Deogarh near Dhandhaniya-Rajasthan/Gujarat Border Phase-I AJ/DRGB-Package-7,1,0,on_roster,1
618757,Roads & Highways,Ministry of Road Transport & Highways,national highways authority of india [nhai],Rajasthan,7.606486837835983,1277.0,1308.0,37.24,45.1931,7.9531,1,1,-22.1033,61.0,0,1.024275646045419,1.0183968462549278,1,0.9855453350854139,63.68048,0,6L access controlled Highway from Km 40080 to Km 86513 Mator to Barodameo Section,1,0,on_roster,1
618758,Roads & Highways,Ministry of Road Transport & Highways,national highways authority of india [nhai],Rajasthan,7.476393102823272,1461.0,1308.0,36.82,25.025,-11.795,1,0,-29.7825,0.0,0,0.8952772073921971,-5.026281208935611,0,5.026281208935611,12.569929411764706,0,6L accesscontrolled highway from km 0000 to km 40080 Paniyala to Mator Section of Paniyala-Barodameo ICR,0,0,on_roster,0
618796,Roads & Highways,Ministry of Road Transport & Highways,national highways authority of india [nhai],Rajasthan,6.7209195486208575,1155.0,2981.0,100.0,48.8252,-51.1748,1,1,0.216,1856.0,0,2.580952380952381,59.98685939553219,1,0.9855453350854139,0.0,0,Tanot -Ramgarh-Bhadasar-Jaisalmer NH-68 and BhadasarMokal-Sarkaritala up to Pakisthan Border NH-968 Pkg-BM/5,1,0,on_roster,1
618797,Roads & Highways,Ministry of Road Transport & Highways,national highways authority of india [nhai],Rajasthan,7.121825794507305,1005.0,396.0,5.6,0.0583,-5.5417,1,0,-25.102,0.0,0,0.3940298507462687,-20.006570302233904,0,20.006570302233904,4.718449917898194,0,Mayjilar Jaisalmer with Jaisalmer Bypass Link Road Section of NH-11 Part of BM-7 & Sundra Myajilar Ambsingh ki Dhani Road part of Munabao Tanot project NH-70,0,0,on_roster,0
618838,Roads & Highways,Ministry of Road Transport & Highways,national highways authority of india [nhai],Rajasthan,6.603605013823048,1004.0,1612.0,99.0,78.0408,-20.9592,1,1,-30.4011,638.0,0,1.6055776892430278,19.97371879106439,1,0.9855453350854139,1.0146666666666668,0,4L of Karwar Km. 281.980 of NH-62 Nagaur road to Dangiyavas of Jodhpur Ring Road Pkg-II,1,0,on_roster,1
618853,Roads & Highways,Ministry of Road Transport & Highways,national highways authority of india [nhai],Rajasthan,5.870144011871426,912.0,821.0,80.94,72.2715,-8.6685,1,0,-31.6898,0.0,0,0.9002192982456141,-2.9894875164257555,0,2.9894875164257555,6.375674725274727,0,Construction of Four lane Elevated Structure at Raniwada Circle in Sanchore City on NH-68,1,0,on_roster,1
619251,Roads & Highways,Ministry of Road Transport & Highways,morth,Rajasthan,5.1445249558680555,914.0,396.0,0.0,0.0,0.0,0,0,0.0,0.0,0,0.43326039387308535,-17.017082785808146,0,17.017082785808146,5.876447876447877,0,Construction of two lane with paved shoulder of Ghatol Bypass from km 133.250 to km 140.950 of NH-56 old NH No. 113 on EPC mode in the State of Rajasthan.,0,0,on_roster,0
618071,Roads & Highways,Ministry of Road Transport & Highways,morth,Sikkim,5.956225895015272,943.0,1643.0,90.0,0.0,-90.0,1,1,-10.9723,761.0,1,1.7423117709437963,22.996057818659658,1,2.0039421813403417,4.99016393442623,0,Construction of two lane with paved shoulder Gangtok Bypass Road from Ranipool to Burtuk Ch 0.00 Km to 23.316 L23.316 Km in the State of Sikkim,1,0,on_roster,1
618426,Roads & Highways,Ministry of Road Transport & Highways,nhidcl,Sikkim,5.582894624046339,2314.0,2953.0,85.15,0.0,-85.15,1,1,43.8378,883.0,1,1.2761452031114953,20.992115637319316,1,8.015768725361367,1.852598360655737,0,Construction/Up gradation of Existing road to 2 Lane with Paved Shoulder including Geometric Improvement from Ranipool to Pakyong Balance work from Km 2.000 to 16.167 of NH-717-A on EPC basis under SARDP-NE Phase A in the State of Sikkim,0,0,on_roster,0
618428,Roads & Highways,Ministry of Road Transport & Highways,nhidcl,Sikkim,5.582894624046339,820.0,1916.0,97.57,16.0419,-81.5281,1,1,43.8378,1126.0,1,2.3365853658536584,36.00525624178712,1,0.9855453350854139,2.465640000000007,0,Realignment of NH-717A from Design Ch.0.00 Km 77.800 of NH-10 to Design Ch.2.00 Km 3.100 of NH-717A with two lane paved shoulder including Major Bridge of 680 m in the State of Sikkim on EPC Mode-COS work,0,0,on_roster,0
618446,Roads & Highways,Ministry of Road Transport & Highways,nhidcl,Sikkim,6.203385358399711,1308.0,2008.0,77.07,0.0,-77.07,1,1,-2.965,761.0,1,1.5351681957186545,22.996057818659658,1,2.0039421813403417,11.442445901639347,0,Construction & Upgradation of existing road to 2-lane with paved shoulder from New Rolep Bridge at km 37.600 to Chochenpheri at km 52.00 in the section of Rongli to Chochenpheri of NH 717B Pkg-II C,1,0,on_roster,1
618447,Roads & Highways,Ministry of Road Transport & Highways,nhidcl,Sikkim,6.020052003959894,1126.0,1916.0,81.83,0.0,-81.83,1,1,-7.623,820.0,1,1.7015985790408525,25.952693823915897,1,0.9855453350854139,18.436493333333335,0,Construction of 2-Laning with Paved Shoulder of New Greenfield Alignment From Helipad near Menla at Km 82000 to Menla at Km 94030 of Rhenock-Menla Spur NH- 717B Package-IIIB on EPC Basis under SARDP-NE Phase 'A' in the State of Sikkim.,1,0,on_roster,1
618448,Roads & Highways,Ministry of Road Transport & Highways,nhidcl,Sikkim,6.706605579927191,1156.0,2008.0,60.88,4.1037,-56.7763,1,1,-3.6962,1035.0,1,1.7370242214532872,27.989487516425754,1,6.011826544021025,6.507173770491803,0,Construction of 2-Laning with Paved Shoulder of New Greenfield Alignment From Chochenpheri at Km 52000 to Helipad near Menla at Km 82000 of Rhenock-Menla Spur NH-717B Package-IIIA on EPC Basis under SARDP-NE Phase 'A' in the State of Sikkim.,1,0,on_roster,1
618449,Roads & Highways,Ministry of Road Transport & Highways,nhidcl,Sikkim,5.444363867477279,1004.0,2100.0,80.46,0.0,-80.46,1,1,6.2747,1249.0,1,2.091633466135458,36.00525624178712,1,5.026281208935611,3.8875660130718965,0,Construction & Upgradation of existing road to 2-lane with paved shoulder from km27.200 End of Rongli bypass to km37.600New Rolep Bridge of Rhenok-Menla spur NH-717B on EPC Mode under SARDP-NE Phase-A in Sikkim Pkg-II B,0,0,on_roster,0
618450,Roads & Highways,Ministry of Road Transport & Highways,nhidcl,Sikkim,5.682899263739777,669.0,2100.0,65.1,0.6523,-64.4477,0,1,0.0,1492.0,1,3.1390134529147984,47.010512483574246,1,2.0039421813403417,17.41567213114754,0,Rehabilitation & Upgradation of existing road to 2-lane with paved shoulder including geometric improvement of section from start of Rabangla km33.600 to km58.840 under SARDP-NE Phase A Pkg- IV,1,0,on_roster,1
617962,Roads & Highways,Ministry of Road Transport & Highways,morth,Tamil Nadu,5.4805139155288405,1614.0,1492.0,93.0,45.8838,-47.1162,1,0,8.8296,0.0,0,0.9244114002478315,-4.0078843626806835,0,4.0078843626806835,1.7465573770491802,0,"Construction of Bypass to Madurai Achambathu Viratipathu in between km 6/850 10/382 of NH 49 Extn New NH 85 including Land Acquisition on Engineering, Procurement & Construction EPC basis Contract under NH O Annual Plan 2021-22 in the state of Tamil Nadu job No.NH-49 Extn New NH 85 - TN-2021-22-997",0,0,on_roster,0
618478,Roads & Highways,Ministry of Road Transport & Highways,national highways authority of india [nhai],Tamil Nadu,7.0099959329286845,1277.0,1916.0,93.04,53.3177,-39.7223,0,1,0.0,730.0,0,1.500391542678152,20.992115637319316,1,2.9894875164257555,2.32815824175824,0,Bangalore Chennai Expressway Phase-III Package II Walajahpet to Arakkonam from Km 180.000 to Km 204.500,1,0,on_roster,1
618479,Roads & Highways,Ministry of Road Transport & Highways,national highways authority of india [nhai],Tamil Nadu,7.330470740496829,1308.0,1947.0,53.56,23.624,-29.936,0,1,0.0,1157.0,0,1.488532110091743,20.992115637319316,1,17.017082785808146,2.729022393822394,0,Bangalore Chennai Expressway Phase-III Package III Arakkonam to Kancheepuram from Km 204.500 to Km 230.000,1,0,on_roster,1
618480,Roads & Highways,Ministry of Road Transport & Highways,national highways authority of india [nhai],Tamil Nadu,5.097118753984393,823.0,1066.0,24.13,26.5133,2.3833,1,1,0.0062,426.0,0,1.2952612393681653,7.982917214191852,1,6.011826544021025,12.620124590163936,0,Construction of Trumpet Interchange Connecting Bangalore Chennai Expressway km.261705 to km. 262800 with Maduravoyal to Walajapet Section of NH 48 near Sriperumbudur Toll Plaza at km. 35700,0,0,on_roster,0
618481,Roads & Highways,Ministry of Road Transport & Highways,national highways authority of india [nhai],Tamil Nadu,8.190556823652123,1246.0,1885.0,83.45,25.0487,-58.4013,0,1,0.0,822.0,0,1.5128410914927768,20.992115637319316,1,6.011826544021025,2.752907103825136,0,4L Bangalore-Chennai Expressway from Km. 230.000 to Km. 261.705 of Kanchepuram to Sriperumbudur Section Phase-III/Package-IV,0,0,on_roster,0
618521,Roads & Highways,Ministry of Road Transport & Highways,national highways authority of india [nhai],Tamil Nadu,6.643151508692433,915.0,2800.0,93.55,57.3208,-36.2292,0,1,0.0,1915.0,0,3.060109289617486,61.925098554533506,1,0.9855453350854139,6.5446000000000035,0,Karaipettai to Walajapet from Km 71.015 to 107.091,1,0,on_roster,1
618522,Roads & Highways,Ministry of Road Transport & Highways,national highways authority of india [nhai],Tamil Nadu,6.0214116234759345,852.0,669.0,31.16,19.7271,-11.4329,0,1,0.0,123.0,0,0.7852112676056338,-6.011826544021025,0,10.052562417871222,6.84800522875817,0,Balance Works for six laning of Sriperumbudur to karaipettai section of NH-4 New NH- 48 from 37000 Existing Km 37000 to Km 71015 Existing Km 71000 in Tamilnadu on EPC mode underNHDP Phase-V,0,0,on_roster,0
618561,Roads & Highways,Ministry of Road Transport & Highways,national highways authority of india [nhai],Tamil Nadu,6.809028268454472,1461.0,761.0,35.62,22.6087,-13.0113,1,0,-19.2157,0.0,0,0.5208761122518822,-22.996057818659658,0,22.996057818659658,2.7996102857142855,0,Improving the Alignment of Thoppur Ghat Section from Km 158.500 to Km 165.100 in Dharmapuri - Salem Section of NH-44,0,0,on_roster,0
618563,Roads & Highways,Ministry of Road Transport & Highways,national highways authority of india [nhai],Tamil Nadu,6.80356074996428,1186.0,2678.0,97.8,74.3503,-23.4497,0,1,0.0,1553.0,0,2.258010118043845,49.01445466491458,1,2.0039421813403417,1.0978360655737718,0,4L of Madurai Ring Road Phase 1 [Vadipatti-Thamrapatti] from km 0.00 - km 29.960,1,0,on_roster,1
618608,Roads & Highways,Ministry of Road Transport & Highways,national highways authority of india [nhai],Tamil Nadu,7.355788057032207,1004.0,1247.0,76.1,71.8051,-4.2949,1,1,-19.2305,426.0,0,1.2420318725099602,7.982917214191852,1,6.011826544021025,3.9754972677595637,0,4L of left-over works including additional structures from Kerala/Tamil Nadu border to Kanyakumari Section from Km 43.0 to Km 96.174 of NH66,1,0,on_roster,1
618635,Roads & Highways,Ministry of Road Transport & Highways,national highways authority of india [nhai],Tamil Nadu,7.215835389673111,1430.0,1885.0,37.44,24.6557,-12.7843,0,1,0.0,669.0,0,1.3181818181818181,14.947437582128778,1,7.030223390275952,8.898721495327104,0,6L of Pondavakkam to Kannigaipair from km 96.040 to km 116.100 of NH 716B Pkg- IV,1,0,on_roster,1
618744,Roads & Highways,Ministry of Road Transport & Highways,national highways authority of india [nhai],Tamil Nadu,6.9828349217681565,1068.0,1492.0,95.41,85.8363,-9.5737,1,1,-26.4975,485.0,0,1.3970037453183521,13.92904073587385,1,2.0039421813403417,2.290485245901641,0,4L of Thirumangalam to Vadugapatti section from km 0.000 to km 36.000 of NH-744,1,0,on_roster,1
618756,Roads & Highways,Ministry of Road Transport & Highways,national highways authority of india [nhai],Tamil Nadu,7.007473909092552,1186.0,2678.0,92.15,71.3426,-20.8074,1,1,-1.6714,1583.0,0,2.258010118043845,49.01445466491458,1,2.9894875164257555,2.62586813186813,0,Melur - Pilayarpatti - Karaikudi from km 99.920 of NH 38 to km 12.9 of NH 383 Ext.,1,0,on_roster,1
618800,Roads & Highways,Ministry of Road Transport & Highways,national highways authority of india [nhai],Tamil Nadu,7.3889275560373955,1157.0,1127.0,17.54,11.4801,-6.0599,0,1,0.0,549.0,0,0.9740708729472775,-0.9855453350854139,0,19.021024967148488,4.335202763385148,0,Construction of New Double Tier 4L Elevated Corridor from Chennai Port to Maduravoyal in Chennai District from km -0.342 to Km 20.593 and Package II from Km 4.604 to Km 9.700,1,0,on_roster,1
618801,Roads & Highways,Ministry of Road Transport & Highways,national highways authority of india [nhai],Tamil Nadu,7.236764018585515,1157.0,1127.0,21.93,14.4211,-7.5089,0,1,0.0,549.0,0,0.9740708729472775,-0.9855453350854139,0,19.021024967148488,4.104405526770293,0,Construction of New Double Tier 4-lane Elevated Corridor from Chennai Port to Maduravoyal in Chennai District from Km -0342 to Km 20223 Package 1 from Km - 0342 to Km 4604,1,0,on_roster,1
618846,Roads & Highways,Ministry of Road Transport & Highways,national highways authority of india [nhai],Tamil Nadu,7.850349033357338,2132.0,2953.0,99.8,46.7558,-53.0442,1,1,-9.5992,882.0,0,1.3850844277673546,26.971090670170828,1,2.0039421813403417,0.09980327868852601,0,Poondiyankuppam Km.67.000 to Sattanathapuram Km.123.800,1,0,on_roster,1
618894,Roads & Highways,Ministry of Road Transport & Highways,national highways authority of india [nhai],Tamil Nadu,7.480501625439295,1430.0,2647.0,91.84,28.1921,-63.6479,0,1,0.0,1278.0,0,1.851048951048951,39.98028909329829,1,2.0039421813403417,4.071973770491802,0,4L of Madathukulam - Pollachi from km. 74.38 to km. 116.95 of old NH-209 New NH- 83,1,0,on_roster,1
618895,Roads & Highways,Ministry of Road Transport & Highways,national highways authority of india [nhai],Tamil Nadu,7.185705146789498,1461.0,2647.0,91.93,31.6571,-60.2729,0,1,0.0,1277.0,0,1.8117727583846681,38.96189224704336,1,2.9894875164257555,2.6994593406593386,0,Kamalapuram to Oddanchatram from km. 0.00 to km. 35.822,1,0,on_roster,1
618898,Roads & Highways,Ministry of Road Transport & Highways,national highways authority of india [nhai],Tamil Nadu,7.0597636657373615,881.0,455.0,26.7,19.9374,-6.7626,1,0,-28.2598,0.0,0,0.5164585698070374,-13.994743758212877,0,13.994743758212877,5.237680751173709,0,Balance Works for Four laning of Vikravandi to Sethiyathope section from Km 0.0 to Km 65.96 of NH-45C in Tamil Nadu under NHDP Phase-IV on EPC mode,0,0,on_roster,0
618899,Roads & Highways,Ministry of Road Transport & Highways,national highways authority of india [nhai],Tamil Nadu,7.313300383890472,1155.0,2981.0,100.0,45.5387,-54.4613,0,1,0.0,1856.0,0,2.580952380952381,59.98685939553219,1,0.9855453350854139,0.0,0,Kallagam km.38.700 to Meensurutti Km.98.433 of NH-227 in Tamil Nadu,1,0,on_roster,1
619045,Roads & Highways,Ministry of Road Transport & Highways,national highways authority of india [nhai],Tamil Nadu,7.095395997253692,1157.0,1127.0,7.91,5.1239,-2.7861,1,1,0.399,549.0,0,0.9740708729472775,-0.9855453350854139,0,19.021024967148488,4.841484628670122,0,Construction of New Double Tier 4L Elevated Corridor from Chennai Port to Maduravoyal in Chennai District from km -0.342 to Km 20.593 and Package IV from Km 14.185 to Km 20.593,1,0,on_roster,1
619074,Roads & Highways,Ministry of Road Transport & Highways,national highways authority of india [nhai],Tamil Nadu,7.423072799059316,1461.0,5965.0,99.99,34.4884,-65.5016,1,1,-53.2779,4565.0,0,4.082819986310746,147.96320630749014,1,2.0039421813403417,0.004990163934428782,0,6-laning of Krishnagiri Km.0.000 to Walajahpet Km.148.300 section on NH-46 under NHDP-V,1,0,on_roster,1
619086,Roads & Highways,Ministry of Road Transport & Highways,national highways authority of india [nhai],Tamil Nadu,6.748759547491679,1247.0,6026.0,100.0,1.7825,-98.2175,1,1,-66.4847,4962.0,0,4.832397754611066,156.99737187910642,1,6.011826544021025,0.0,0,Chengapalli km 102.035 to Neelambur Km144.680 and Madukkarai Km 170.880 to Walayar K183.010 Package No. NS-2/BOT/TN-08,0,0,on_roster,0
619094,Roads & Highways,Ministry of Road Transport & Highways,national highways authority of india [nhai],Tamil Nadu,7.126545367714767,1764.0,2616.0,82.56,49.0201,-33.5399,1,1,2.295,1096.0,0,1.4829931972789117,27.989487516425754,1,8.015768725361367,2.1757114754098357,0,Thorapalli - Agraharam - Jittandahalli Section from km 23.350 to km 60.100 [Hosur to Dhamrapuri Pkg-2],0,0,on_roster,0
619129,Roads & Highways,Ministry of Road Transport & Highways,national highways authority of india [nhai],Tamil Nadu,7.216371691043248,1916.0,2616.0,58.65,38.9332,-19.7168,1,1,8.6289,944.0,0,1.3653444676409185,22.996057818659658,1,8.015768725361367,5.158581967213115,0,Mahabalipuram - Pondicherry Pkg-I [Mamallapuram to Mugaiyur],1,0,on_roster,1
619130,Roads & Highways,Ministry of Road Transport & Highways,national highways authority of india [nhai],Tamil Nadu,7.018518175466409,2495.0,2616.0,53.41,36.2985,-17.1115,1,1,31.1451,427.0,0,1.048496993987976,3.9750328515111693,1,10.052562417871222,4.634639215686275,0,Mahabalipuram - Pondicherry Pkg-II [Mugaiyur to Marakkanam],0,0,on_roster,0
619131,Roads & Highways,Ministry of Road Transport & Highways,national highways authority of india [nhai],Tamil Nadu,6.731745759301863,976.0,2953.0,99.75,20.5491,-79.2009,1,1,-1.6332,2038.0,0,3.0256147540983607,64.94743758212877,1,2.0039421813403417,0.12475409836065574,0,Four Laning of Chettikulam to Natham section of NH-785,0,0,on_roster,0
619139,Roads & Highways,Ministry of Road Transport & Highways,national highways authority of india [nhai],Tamil Nadu,7.1703964281904335,1157.0,1127.0,16.88,11.2933,-5.5867,0,1,0.0,549.0,0,0.9740708729472775,-0.9855453350854139,0,19.021024967148488,4.369901208981002,0,Construction of New Double Tier 4L Elevated Corridor from Chennai Port to Maduravoyal in Chennai District from km -0.342 to Km 20.593 and Package III from Km 9.700 to Km 14.185,1,0,on_roster,1
619161,Roads & Highways,Ministry of Road Transport & Highways,national highways authority of india [nhai],Tamil Nadu,7.22773511773308,1005.0,761.0,34.5,10.7213,-23.7787,1,1,-9.3307,62.0,0,0.7572139303482587,-8.015768725361367,0,10.052562417871222,6.515751633986928,0,Access Controlled Highway of 4 Lane with Paved Shoulders from Tiruvallur Design Chainage Km 1756 to TN/AP Broder Design Chainage Km 6151 of NH-716 Chennai- Tirupati Package-1,0,0,on_roster,0
619222,Roads & Highways,Ministry of Road Transport & Highways,national highways authority of india [nhai],Tamil Nadu,6.150581446257343,915.0,1492.0,97.92,64.438,-33.482,1,1,49.5075,607.0,0,1.630601092896175,18.95532194480946,1,0.9855453350854139,2.110506666666665,0,"Balance works of four lane from km 43.950 Thiruvallur Bypass to km 61.470 Veppampattu Bypass passing through Thannerkulam, Thozur and Sevapet Bypass 17.520 kms of Tirupathi- Tiruttani- Chennai section of NH 205",1,0,on_roster,1
617913,Roads & Highways,Ministry of Road Transport & Highways,morth,Telangana,5.649502267743131,851.0,3012.0,92.62,159.7539,67.1339,1,1,6.1981,2222.0,0,3.539365452408931,70.99211563731932,1,2.0039421813403417,3.6827409836065548,0,6-laning of km 9.900 to km 19/948 Aramgarh to Shamshabad Section of Hyderabad- Bangalore section of NH-44 Under NHO EPC basis in the state of Telangana,0,0,on_roster,0
617936,Roads & Highways,Ministry of Road Transport & Highways,morth,Telangana,5.541224328703197,881.0,3469.0,100.0,0.0,-100.0,1,0,-27.8476,0.0,0,3.937570942111237,85.0197109067017,1,-85.0197109067017,,0,Widening to two/four lane with paved shoulder from Km.180.600 to Km.223.000 of NH-63 on Nizamabad-Jagadalpur road on EPC mode under NHO in the state of Telangana.,0,0,on_roster,0
617939,Roads & Highways,Ministry of Road Transport & Highways,morth,Telangana,7.169157542413437,1218.0,1127.0,37.5,0.0,-37.5,0,0,0.0,0.0,0,0.9252873563218391,-2.9894875164257555,0,2.9894875164257555,20.90659340659341,0,6-Laning of Pune-Hyderabad Section of NH-65 from Km 493/0 to Km 524/0 from Sangareddy X Roads to Madinaguda in the State of Telangana,1,0,on_roster,1
617940,Roads & Highways,Ministry of Road Transport & Highways,morth,Telangana,6.302820420654982,1218.0,1857.0,80.59,50.2467,-30.3433,0,1,0.0,700.0,0,1.5246305418719213,20.992115637319316,1,2.0039421813403417,9.685908196721309,0,"Rehabilitation and Upgradation of LB-Nagar to Malkapur section to 6-Lane main carriageway with service roads, drains cum footpath, including VUPs and widening of Minor bridge & road safety provisions from Km. 15/00 to Km 40/00 of NH-65 Old NH-9 under NH O for the year 2020-21 in the state of Telangana on EPC Mode.",1,0,on_roster,1
617980,Roads & Highways,Ministry of Road Transport & Highways,morth,Telangana,6.442157927819218,853.0,2953.0,51.7,2.5736,-49.1264,0,1,0.0,2283.0,0,3.4618991793669402,68.98817345597897,1,6.011826544021025,8.03416393442623,0,Construction of six lane elevated corridor from km 7.950 Uppal to km 14.200 of NH- 163 to De-Congest the urban limits of Hyderabad-Bhoopalapatnam section on EPC mode in the state of Telangana,1,0,on_roster,1
617983,Roads & Highways,Ministry of Road Transport & Highways,morth,Telangana,5.7626486886342425,1218.0,1857.0,87.0,58.3112,-28.6888,1,1,-5.2429,700.0,0,1.5246305418719213,20.992115637319316,1,2.0039421813403417,6.487213114754098,0,Widening & Strengthening of Existing 2LPS to 4 lane PS from Km 150000 to Km 159000 and Km 165400 to Km 186000 of NH-163 old NH-202 under NH O for the year 2020-21 on EPC Mode in the state of Telangana.,1,0,on_roster,1
617994,Roads & Highways,Ministry of Road Transport & Highways,morth,Telangana,5.687415937235904,638.0,2981.0,88.22,92.8729,4.6529,1,1,-12.4163,2222.0,0,4.672413793103448,76.97109067017082,1,-3.9750328515111693,,0,Rehabilitation and upgradation of NH-167 from design km 113.900 to 154.479 Mallepally Haliya section to two lane with paved shoulders on EPC mode in the stte of Telangana,0,0,on_roster,0
617995,Roads & Highways,Ministry of Road Transport & Highways,morth,Telangana,5.707110264748875,850.0,3377.0,99.2,58.3667,-40.8333,0,1,0.0,2406.0,0,3.9729411764705884,83.01576872536137,1,-3.9750328515111693,,0,Widening to Two Lane with Paved Shoulders from Km 67.000 to Km 114.425 of Kalwakurthy- Mallapally Section of NH 167 Erstwhile section of SH 18 in the State of Telangana on EPC mode under NH O Annual Plan 2016-17,1,0,on_roster,1
618001,Roads & Highways,Ministry of Road Transport & Highways,morth,Telangana,5.382336772051611,1857.0,2892.0,92.1,57.9397,-34.1603,1,1,22.7913,1096.0,0,1.55735056542811,34.00131406044678,1,2.0039421813403417,3.942229508196724,0,"Construction of 4-lane flyover at Amberpet-X road, Hyderabad on NH-202 in the State of Telangana",0,0,on_roster,0
618025,Roads & Highways,Ministry of Road Transport & Highways,morth,Telangana,5.26615567973964,640.0,2953.0,96.0,73.6025,-22.3975,0,1,0.0,2343.0,0,4.6140625,75.9855453350854,1,0.9855453350854139,4.058666666666667,0,Rehabiitation and upgradation from km 121/000 to 154/000 Nakrekal to Mallampally section of NH-365 to 2 lane with paved shoulders in the state of Telangana in the EPC mode,1,0,on_roster,1
618091,Roads & Highways,Ministry of Road Transport & Highways,morth,Telangana,6.242184354192295,1433.0,1492.0,41.8,22.9249,-18.8751,0,1,0.0,393.0,0,1.041172365666434,1.938239159001314,1,10.972404730617608,5.304215568862276,0,Widening to two lane with paved shoulders from Km 0/000 to Km 45/946 of Nizampet- Narayankhed-bidar section of NH-161B in the state of Telangana under Annual Plan 2021-22 on EPC mode under NHO,0,0,on_roster,0
618104,Roads & Highways,Ministry of Road Transport & Highways,morth,Telangana,6.788622582943796,1218.0,1492.0,85.66,64.637,-21.023,0,1,0.0,335.0,0,1.2249589490968802,9.00131406044678,1,2.0039421813403417,7.1558950819672145,0,Widening to two lane with paved shoulders from Km 0/000 to Km 79/300 of Kalwakurthy - Kollapur section of NH-167K in the state of Telangana under annual plan 2021-22 on EPC mode under NHO.,1,0,on_roster,1
618105,Roads & Highways,Ministry of Road Transport & Highways,morth,Telangana,6.449664410200012,1310.0,1492.0,30.8,14.6574,-16.1426,0,1,0.0,396.0,0,1.1389312977099237,5.978975032851511,1,7.030223390275952,9.84321495327103,0,Widening and strengthening to 4 lane / 2-lane with paved shoulders of Mahabubnagar - Chincholi section from km 60/255 to Km 102/834 of NH-167N in the State of Telangana on EPC mode.,0,0,on_roster,0
618106,Roads & Highways,Ministry of Road Transport & Highways,morth,Telangana,6.557743799058939,1096.0,1551.0,90.69,39.7311,-50.9589,0,1,0.0,485.0,0,1.4151459854014599,14.947437582128778,1,0.9855453350854139,9.44654666666667,0,Widening and Strengthening to 2/4 lane with paved shoulders of Mahabubnagar Chincholi section from Km 0/0 to Km 60/255 of NH-167N in the state of Telangana under Annual plan 2021-22 on EPC modepackage-I under NHO Job No.167N-TS- 2021-22-75,0,0,on_roster,0
618130,Roads & Highways,Ministry of Road Transport & Highways,morth,Telangana,6.198316101645214,1308.0,1278.0,75.38,0.0,-75.38,0,0,0.0,0.0,0,0.9770642201834863,-0.9855453350854139,0,0.9855453350854139,24.98109333333334,0,Widening to 2 lane with paved shoulders from 0.00 to 32.970 ofAdilabadto Bela section of NH 353B in the State of Telangana,1,0,on_roster,1
618140,Roads & Highways,Ministry of Road Transport & Highways,morth,Telangana,6.102021537672626,1553.0,1278.0,10.8,4.1098,-6.6902,0,0,0.0,0.0,0,0.8229233741146169,-9.034165571616294,0,9.034165571616294,9.873629090909091,0,Widening to two/four lane with paved shoulders from Km.34.250 to Km.71.830 of NH- 365A on Kodad-Khammam-Kurvi road.,0,0,on_roster,0
618141,Roads & Highways,Ministry of Road Transport & Highways,morth,Telangana,6.0508648903894295,1065.0,1551.0,76.92,37.7987,-39.1213,0,1,0.0,516.0,0,1.4563380281690141,15.965834428383705,1,0.9855453350854139,23.418506666666666,0,Widening and Improvement of existing carriage way to 2 lane with paved shoulders from Km. 86/160 to 131/730 of Jangaon-Duddeda section of NH-365B in the State of Telangana on EPC Mode,1,0,on_roster,1
618182,Roads & Highways,Ministry of Road Transport & Highways,morth,Telangana,6.216366551437055,1369.0,1278.0,63.44,37.479,-25.961,0,0,0.0,0.0,0,0.9335281227173119,-2.9894875164257555,0,2.9894875164257555,12.22952087912088,0,Widening to Two lane with paved shoulders from 106/830 to 158/496 of Yellareddy- Rudrur Section of NH-765D in the state of Telangana on EPC mode under NHO under Annual plan 2022-23,1,0,on_roster,1
618183,Roads & Highways,Ministry of Road Transport & Highways,morth,Telangana,5.991489546795487,1400.0,1278.0,66.04,0.0,-66.04,0,0,0.0,0.0,0,0.9128571428571428,-4.0078843626806835,0,4.0078843626806835,8.473298360655736,0,Widening to 2 lane with paved shoulders from Km 62/920 to km 106/830 of Medak - Yellareddy section in the State of Telangana under Annual Plan 2022-23 on EPC mode under NHO,0,0,on_roster,0
618186,Roads & Highways,Ministry of Road Transport & Highways,morth,Telangana,6.310427239592795,1065.0,1551.0,94.01,54.0508,-39.9592,0,1,0.0,516.0,0,1.4563380281690141,15.965834428383705,1,0.9855453350854139,6.077853333333328,0,"Rehabilitation and Up-gradation of Valigonda to Thorrur Section to Two Lane with Paved Shoulders from Km 39.180 to Km 108.300 of NH-930P in the State of Telangana on Engineering, Procurement and Construction EPC Basis",1,0,on_roster,1
618190,Roads & Highways,Ministry of Road Transport & Highways,morth,Telangana,6.469947747952719,1096.0,1492.0,98.6,54.2137,-44.3863,0,1,0.0,426.0,0,1.3613138686131387,13.009198423127463,1,0.9855453350854139,1.4205333333333392,0,Widening to two lane with paved shoulders of 'Bodhan Basar Bhainsa ' section from Km 38/900 to 95/300 of NH-161BB in the state of Telangana under Annual Plan 2021- 22 on EPC Mode under NH O.,1,0,on_roster,1
618196,Roads & Highways,Ministry of Road Transport & Highways,morth,Telangana,6.3627694494027125,1065.0,1551.0,85.0,0.0,-85.0,0,1,0.0,547.0,0,1.4563380281690141,15.965834428383705,1,2.0039421813403417,7.485245901639344,0,Widening to 2 lane with Paved Shoulders of Siddipet-Elkathurthy section from Km 69/978 to km 133/619 of NH-765DG in the State of Telangana under Annual plan 2021-22 on EPC mode,1,0,on_roster,1
618197,Roads & Highways,Ministry of Road Transport & Highways,morth,Telangana,6.783529030338895,1096.0,1551.0,74.06,39.4171,-34.6429,0,1,0.0,516.0,0,1.4151459854014599,14.947437582128778,1,2.0039421813403417,12.944485245901637,0,Widening to 2 lane with Paved Shoulders of Medak - Siddipet section from Km 0/0 to km 69/978 of NH-765DG in the State of Telangana under Annual plan 2021-22 on EPC mode,1,0,on_roster,1
618746,Roads & Highways,Ministry of Road Transport & Highways,national highways authority of india [nhai],Telangana,6.682559623541796,1369.0,1916.0,95.8,47.5104,-48.2896,1,1,67.7009,730.0,0,1.3995617238860483,17.969776609724047,1,6.011826544021025,0.6986229508196726,0,Khammam-Devarapalle Pkg I [4L Access Controlled Greenfield from Thallampadu village to Somavaram village Design Chainage 0000 to 33604],0,0,on_roster,0
618765,Roads & Highways,Ministry of Road Transport & Highways,national highways authority of india [nhai],Telangana,7.672227276595896,1218.0,1492.0,92.4,38.6855,-53.7145,1,1,15.8208,365.0,0,1.2249589490968802,9.00131406044678,1,2.9894875164257555,2.5422417582417562,0,4L of Karimnagar-Warangal section from km 49.500 to km 117.820 of NH-563,1,0,on_roster,1
618811,Roads & Highways,Ministry of Road Transport & Highways,national highways authority of india [nhai],Telangana,7.077253297880605,1553.0,1127.0,0.0,7.1482,7.1482,1,0,-1.1042,0.0,0,0.7256922086284611,-13.994743758212877,0,13.994743758212877,7.145539906103287,0,4L Access Controlled Greenfield Highway Section Mancherial Warangal from Pangidipalle village at Design Ch. 72.350 Km to Oorugonda village at Design Ch. 112.240 KmPackage-III,1,0,on_roster,1
618812,Roads & Highways,Ministry of Road Transport & Highways,national highways authority of india [nhai],Telangana,7.030264904470579,1612.0,1186.0,6.3,6.8919,0.5919,1,1,1.4239,183.0,0,0.7357320099255583,-13.994743758212877,0,20.006570302233904,4.683461412151067,0,4L Access Controlled Greenfield Section Mancherial Warangal from Puttapaka village at Design Ch. 35.300 Km to Pangidipalle village at Design Ch. 72.350 KmPackage-II,0,0,on_roster,0
618813,Roads & Highways,Ministry of Road Transport & Highways,national highways authority of india [nhai],Telangana,7.028998986267501,1371.0,1127.0,9.0,10.0392,1.0392,1,1,-2.095,304.0,0,0.8220277169948942,-8.015768725361367,0,18.00262812089356,5.054817518248175,0,4L Access Controlled Greenfield Section Mancherial Warangal from Narva village at Design Ch. 3.834 Km to Puttapaka village at Design Ch. 35.300 Km Package-I,0,0,on_roster,0
618814,Roads & Highways,Ministry of Road Transport & Highways,national highways authority of india [nhai],Telangana,7.041936460448157,1553.0,1127.0,0.0,5.7564,5.7564,1,1,-0.1558,335.0,0,0.7256922086284611,-13.994743758212877,0,25.0,4.0,0,4L Access Controlled Greenfield Highway section on NH163G Warangal-Khammam from Oorugonda village in Hanamkonda District at Design Ch. 112.240 Km to Venkatpur village in Warangal District at Design Ch. 150.240 KmPackage-I,0,0,on_roster,0
618815,Roads & Highways,Ministry of Road Transport & Highways,national highways authority of india [nhai],Telangana,6.997486287751731,1127.0,1127.0,65.68,28.1495,-37.5305,1,1,-0.894,183.0,0,1.0,0.0,0,6.011826544021025,5.708747540983605,0,4L Access Controlled Greenfield Highway section on NH-163G Warangal-Khammam from Venkatpur village in Warangal District at Design Ch. 150.240 Km to Thallasenkesa village in Mahabubabed District at Design Ch. 189.650 kmPackage-II,1,0,on_roster,1
618817,Roads & Highways,Ministry of Road Transport & Highways,national highways authority of india [nhai],Telangana,6.881873209268033,1461.0,1127.0,42.15,22.2729,-19.8771,1,1,4.9833,92.0,0,0.7713894592744696,-10.972404730617608,0,13.994743758212877,4.1336948356807515,0,4L Access Controlled Greenfield Highway section on NH-163G Khammam Vijayawada from V. Venkatayapalem village at Design Ch. 220.480 Km to BrahmanapalliK village at Design Ch. 250.400 Km Package-I.,0,0,on_roster,0
618944,Roads & Highways,Ministry of Road Transport & Highways,national highways authority of india [nhai],Telangana,6.866787440493834,1857.0,1643.0,15.78,15.8606,0.0806,1,1,27.0769,181.0,0,0.884760366182014,-7.030223390275952,0,12.976346911957949,6.490270379746836,0,Hyderabad - Maneguda,0,0,on_roster,0
618945,Roads & Highways,Ministry of Road Transport & Highways,national highways authority of india [nhai],Telangana,7.047665036519053,1216.0,1916.0,99.98,49.0258,-50.9542,1,1,39.8392,730.0,0,1.575657894736842,22.996057818659658,1,0.9855453350854139,0.0202933333333293,0,4L of Kodad Design Km 0.00/Existing Km 185.00 of NH-65 to Khammam Design Km 31.800/Existing Km 29.400 of NH-365A,1,0,on_roster,1
619009,Roads & Highways,Ministry of Road Transport & Highways,morth,Telangana,6.538617278508967,1978.0,1247.0,0.0,0.0,0.0,0,0,0.0,0.0,0,0.6304347826086957,-24.014454664914584,0,24.014454664914584,4.164158686730507,1,Upgradation to Two Lane with Paved Shoulders from Km 0.000 to Km 41.920 Green Field Alignment of Gowrelly to Valigonda Section of NH-930P in the State of Telangana on EPC Mode under Annual Plan 2022-23,0,0,on_roster,0
619128,Roads & Highways,Ministry of Road Transport & Highways,national highways authority of india [nhai],Telangana,6.424512396301874,1339.0,1916.0,98.02,43.9744,-54.0456,1,1,59.4141,607.0,0,1.4309185959671396,18.95532194480946,1,0.9855453350854139,2.009040000000004,0,Khammam-Devarapalle Pkg II [4L Access Controlled Greenfield from Somavaram village to Chintagudem village Design Chainage 33604 to 63117],1,0,on_roster,1
619165,Roads & Highways,Ministry of Road Transport & Highways,national highways authority of india [nhai],Telangana,5.182794275292498,3379.0,4534.0,100.0,44.5576,-55.4424,1,1,-89.474,1185.0,0,1.3418171056525598,37.943495400788436,1,0.9855453350854139,0.0,0,Thanamcherla-Jamandlapally 2LPS,1,0,on_roster,1
619193,Roads & Highways,Ministry of Road Transport & Highways,morth,Telangana,5.691946032880246,762.0,4108.0,82.76,112.0423,29.2823,1,1,13.3178,3376.0,0,5.0,109.92115637319316,1,0.9855453350854139,17.49285333333333,0,Rehabilitation and upgradation of NH-221 from km 121/0 to 165/0 Rudrampur to Bhadrachalam section to two lane with paved shoulder under NHDPIV in the state of Telangana through EPC mode,1,0,on_roster,1
619253,Roads & Highways,Ministry of Road Transport & Highways,morth,Telangana,6.248371640574997,1095.0,547.0,43.13,0.0,-43.13,0,0,0.0,0.0,0,0.4995433789954338,-18.00262812089356,0,18.00262812089356,3.158983211678832,1,Construction of 4 lane Bypass to Nalgonda Town lrorn Km 000 Existing Ch. 181590 to Km 14.00 Existing Ch. 28/685 ol Nakrekal to Nagarjunsagar Section of NH -565 in the State of Telangara on EPC under Annual Plan 2024 -25,0,0,on_roster,0
618350,Roads & Highways,Ministry of Road Transport & Highways,nhidcl,Tripura,6.826176391989109,1005.0,852.0,43.8,0.0,-43.8,0,1,0.0,181.0,1,0.8477611940298507,-5.026281208935611,0,10.972404730617608,5.121940119760479,0,Improvement & widening of existing NH-08 to 4-lane with Paved Shoulder from Champak Nagar to Khayerpur section design Km 242500 to Km 261610 in the state of Tripura on EPC basis under NHO-NE,0,0,on_roster,0
618367,Roads & Highways,Ministry of Road Transport & Highways,nhidcl,Tripura,6.590163676124212,1065.0,821.0,8.65,26.7905,18.1405,0,0,0.0,0.0,1,0.7708920187793428,-8.015768725361367,0,8.015768725361367,11.3962868852459,0,Improvement and Widening to 2-lane with paved shoulder of road from design Km 72.000 Pati Chhari to design Km 107.654 Harina Total length 35.654 Km on Teliamura to Harina section of NH 208 in the state of Tripura on EPC mode under JICA ODA Loan Phase VI Package-4,1,0,on_roster,1
618368,Roads & Highways,Ministry of Road Transport & Highways,nhidcl,Tripura,6.510109519926104,974.0,821.0,14.0,0.0,-14.0,0,0,0.0,0.0,1,0.8429158110882957,-5.026281208935611,0,5.026281208935611,17.110065359477126,0,Improvement and Widening to 2-lane with paved shoulder of road from design Km 36.000 Rangamati to design Km 72.000 Pati Chhari Total length 36.000 Km on Teliamura to Harina section of NH 208 in the state of Tripura on EPC mode under JICA ODA Loan Phase VI Package-3,1,0,on_roster,1
618369,Roads & Highways,Ministry of Road Transport & Highways,nhidcl,Tripura,6.489524029344299,974.0,821.0,57.95,0.0,-57.95,0,0,0.0,0.0,1,0.8429158110882957,-5.026281208935611,0,5.026281208935611,8.36602614379085,0,Improvement and Widening to 2-lane with paved shoulder of road from existing Km 438.170 Khowai Chowmuhani to existing Km 439.410 South Pulinpur of NH-08 and from design Km 0.000 South Pulinpur to design Km 36.00 near Rangamati of NH 208 on Khowai Teliamura- Harina section Total length 37.24 in the state of Tripura on EPC mode under JICA ODA Loan Phase VI Package-2,1,0,on_roster,1
618370,Roads & Highways,Ministry of Road Transport & Highways,nhidcl,Tripura,6.070229515743637,912.0,821.0,58.12,0.0,-58.12,0,1,0.0,153.0,1,0.9002192982456141,-2.9894875164257555,0,8.015768725361367,5.2247016393442625,0,Improvement and Widening to 2-lane with paved shoulder of road from Km 101.300 to km 127.319 Total Length 26.019 Km i.e. the Khowai Teliamura-Amarpur-Harina- Sabroom section of NH 208 in the state of Tripura on EPC under JICA ODA Loan Phase VI Package-1,1,0,on_roster,1
618385,Roads & Highways,Ministry of Road Transport & Highways,nhidcl,Tripura,5.1672401029410935,2220.0,2251.0,41.9,0.0,-41.9,0,0,0.0,0.0,1,1.013963963963964,1.0183968462549278,1,-1.0183968462549278,,0,Rehabilitation and up-gradation of road from design km 25.250 to km 36.460 Total lengh 11.210 km of Kailashahar-Kurti Bridge section on NH-208A to 2-lane with paved shoulder on EPC basis under NHO Package-III- Balance Work,0,0,on_roster,0
618411,Roads & Highways,Ministry of Road Transport & Highways,nhidcl,Tripura,5.282949889416915,670.0,1186.0,69.78,44.0214,-25.7586,0,1,0.0,577.0,1,1.7701492537313432,16.95137976346912,1,2.0039421813403417,15.080275409836064,0,Melaghar-Srimantapur section on NH-08 Spur from Km 23 to Km 34.500 11.5 Km and overlay from Km 20.30 to Km 22.00 1.7 Km Total Length 13.2 Km,1,0,on_roster,1
618417,Roads & Highways,Ministry of Road Transport & Highways,nhidcl,Tripura,7.614336813143335,1461.0,1127.0,9.2,14.4394,5.2394,0,0,0.0,0.0,1,0.7713894592744696,-10.972404730617608,0,10.972404730617608,8.275305389221558,0,"Construction of 4-Lane with paved shoulder Agartala bypass Western side, length 25.402 km connecting NH-8 near Amtali to NH-108B near Lembuchhera in the state of Tripura on EPC basis under NHO-NE",0,0,on_roster,0
617963,Roads & Highways,Ministry of Road Transport & Highways,morth,Uttar Pradesh,5.693799476602799,1826.0,1551.0,35.0,0.0,-35.0,1,1,18.8366,181.0,0,0.8493975903614458,-9.034165571616294,0,14.98028909329829,4.3390350877192985,0,Rehabilitation and upgradation to four lane road from km 70.500 to km 78.600 of NH- 92 under EPC mode in the State of Uttar Pradesh,0,0,on_roster,0
617964,Roads & Highways,Ministry of Road Transport & Highways,morth,Uttar Pradesh,5.738602493300822,1431.0,1217.0,25.0,10.4641,-14.5359,0,0,0.0,0.0,0,0.8504542278127184,-7.030223390275952,0,7.030223390275952,10.668224299065422,0,"Widening to Four Lane rigid pavement configuration from Km 90.00 to Km 100.800 on NH-96 Km 42.0 to Km 53.300 as per new NH-330,design length of 11.300 km under EPC mode in the state of Uttar Pradesh.",0,0,on_roster,0
618009,Roads & Highways,Ministry of Road Transport & Highways,morth,Uttar Pradesh,5.771316504773571,852.0,2313.0,95.0,0.0,-95.0,1,1,8.7011,1522.0,0,2.714788732394366,47.99605781865966,1,2.0039421813403417,2.495081967213115,0,Balance work of Construction of Ring Road for Raebareli City on eastern side of NH- 24B Phase-1 on EPC mode.,1,0,on_roster,1
618054,Roads & Highways,Ministry of Road Transport & Highways,morth,Uttar Pradesh,6.247443081515765,1158.0,1217.0,46.0,20.2757,-25.7243,0,1,0.0,181.0,0,1.0509499136442142,1.938239159001314,1,4.0078843626806835,13.473442622950818,0,Construction of Balrampur bypass with 2L flexible pavement configuration from km.223.000 of NH-330 to km.328.300 of NH-730 under EPC mode,1,0,on_roster,1
618055,Roads & Highways,Ministry of Road Transport & Highways,morth,Uttar Pradesh,5.42128692889172,974.0,1278.0,73.0,0.0,-73.0,0,1,0.0,365.0,0,1.3121149897330595,9.986859395532194,1,2.0039421813403417,13.473442622950818,0,Construction of Pratapgarh Bypass Extension connecting NH-31 to NH-330 on EPC mode in the State of Uttar Pradesh.,1,0,on_roster,1
618056,Roads & Highways,Ministry of Road Transport & Highways,morth,Uttar Pradesh,6.235684424024108,1339.0,1551.0,56.0,20.3274,-35.6726,1,1,-4.9505,456.0,0,1.1583271097834205,6.964520367936925,1,8.015768725361367,5.489180327868852,0,Improvement and Up-gradation to two Lane with Paved Shoulder Configuration from existing km. 420.00 Shohrathgarh to km. 454.00 Uska Bazar of NH-730 in the state of Uttar Pradesh EPC basis,0,0,on_roster,0
618057,Roads & Highways,Ministry of Road Transport & Highways,morth,Uttar Pradesh,5.248654321528936,943.0,1278.0,49.22,0.0,-49.22,0,1,0.0,579.0,0,1.3552492046659597,11.005256241787121,1,8.015768725361367,6.335013114754098,0,Construction of Shohratgarh Bypass on NH-730 under EPC mode in the State of Uttar Pradesh,0,0,on_roster,0
618063,Roads & Highways,Ministry of Road Transport & Highways,morth,Uttar Pradesh,5.573559887606227,1645.0,2222.0,92.0,32.7137,-59.2863,1,1,31.0249,638.0,0,1.350759878419453,18.95532194480946,1,2.0039421813403417,3.9921311475409835,0,Widening & Strenghteningof section from Bharthana chowk to Kodarkoot km.0.00 to km.40.00 of NH-91-A on EPC mode,1,0,on_roster,1
618066,Roads & Highways,Ministry of Road Transport & Highways,morth,Uttar Pradesh,5.65199783150644,1523.0,1217.0,43.0,8.631,-34.369,0,0,0.0,0.0,0,0.799080761654629,-10.052562417871222,0,10.052562417871222,5.670196078431372,0,Construction of Amethi bypass Part-II at km.30.050 of NH-931 under EPC mode in the state of Uttar Pradesh,0,0,on_roster,0
618067,Roads & Highways,Ministry of Road Transport & Highways,morth,Uttar Pradesh,6.9914528380037035,1645.0,1066.0,4.0,0.0,-4.0,0,0,0.0,0.0,0,0.6480243161094225,-19.021024967148488,0,19.021024967148488,5.047046632124353,0,"Rehabilitation & Up-gradation from design Km. 0.000 to Km. 69.280 of NH-931 Pratapgarh - Amethi - Gauriganj -Musafirkhana to two lane with paved shoulder on Engineering, Procurement & Construction EpC mode in the State of Uttar Pradesh",0,0,on_roster,0
618075,Roads & Highways,Ministry of Road Transport & Highways,morth,Uttar Pradesh,6.735696875394464,1523.0,1582.0,64.0,21.6655,-42.3345,1,1,-8.009,120.0,0,1.0387393302692056,1.938239159001314,1,2.0039421813403417,17.964590163934425,0,Construction of two lane with paved shoulder from existing Km.0.000 to Km.55.610 design km. 0.000 to km. 54.048 of NH-124D,1,0,on_roster,1
618081,Roads & Highways,Ministry of Road Transport & Highways,morth,Uttar Pradesh,6.085045960729513,1068.0,1127.0,52.0,0.0,-52.0,1,1,-17.3079,120.0,0,1.0552434456928839,1.938239159001314,1,2.0039421813403417,23.9527868852459,0,Construction of Mariahu Bypass with four lane paved shoulder configuration Km. 53.540 to Km.59.200 of NH-135A on EPC mode in the state of Uttar Pradesh,1,0,on_roster,1
618082,Roads & Highways,Ministry of Road Transport & Highways,morth,Uttar Pradesh,5.982978643457684,1157.0,1857.0,94.0,0.0,-94.0,1,1,-0.9074,761.0,0,1.6050129645635263,22.996057818659658,1,2.0039421813403417,2.9940983606557374,0,Widening & Upgradation to four lane configuration from Km.34.900 Bhadohi to km.73.134 Jaunpur of NH-135A on EPC mode,1,0,on_roster,1
618111,Roads & Highways,Ministry of Road Transport & Highways,morth,Uttar Pradesh,6.0023055702858565,1400.0,1704.0,94.0,0.0,-94.0,1,1,-14.3842,334.0,0,1.217142857142857,9.986859395532194,1,0.9855453350854139,6.088,0,Improvement and upgradation to two lane with paved shoulder configuration from existing km 90.00 to 130.00 Design length 39.15 of NH-227A near Sikriganj to Barhalganj in the State of UP on EPC Mode.,1,0,on_roster,1
618112,Roads & Highways,Ministry of Road Transport & Highways,morth,Uttar Pradesh,6.817283375818062,1706.0,1492.0,3.0,0.0,-3.0,0,0,0.0,0.0,0,0.8745603751465416,-7.030223390275952,0,7.030223390275952,13.797570093457944,0,"Improvement and up-gradation of NH-227B 84 Kosi Parikrama Marg Package I, from km 228.920 Jagarnathpur to Km 235.960/0.000 MakhaudaDham to Km 29.000 Sarpur in the State of Uttar Pradesh on EPC basis",1,0,on_roster,1
618113,Roads & Highways,Ministry of Road Transport & Highways,morth,Uttar Pradesh,6.378375248568339,1706.0,1492.0,28.0,6.3643,-21.6357,0,0,0.0,0.0,0,0.8745603751465416,-7.030223390275952,0,7.030223390275952,10.241495327102804,0,"Improvement and up-gradation of NH-227B 84 Kosi Parikrama Marg Package III, from Km.47.800 Gosaiganj to Km.73.300 Bikapur in the State of Uttar Pradesh on EPC basis.",1,0,on_roster,1
618114,Roads & Highways,Ministry of Road Transport & Highways,morth,Uttar Pradesh,7.084502997426646,1980.0,1127.0,0.0,0.0,0.0,0,0,0.0,0.0,0,0.5691919191919191,-28.02233902759527,0,28.02233902759527,3.568581477139508,1,"Improvement and up-gradation of NH-227B 84 Kosi Parikrama Marg PackageV, from Design Km.140.960 Patranga to Km.160.200 Bahuvan Madar Majha on EPC mode in the State of Uttar Pradesh",0,0,on_roster,0
618116,Roads & Highways,Ministry of Road Transport & Highways,morth,Uttar Pradesh,7.426995401349146,1887.0,1247.0,25.4,3.9881,-21.4119,0,0,0.0,0.0,0,0.6608373078961314,-21.02496714848883,0,21.02496714848883,3.5481624999999997,0,lmprovement and Up-gradation from Km. 73.300 Bikapur to Km.140.960 Patranga of NH-227B 84 Kosi Parikrama Marg to 2LPS along with Parikrama Path,0,0,on_roster,0
618124,Roads & Highways,Ministry of Road Transport & Highways,morth,Uttar Pradesh,5.842210194018223,1308.0,1551.0,65.0,22.0382,-42.9618,0,1,0.0,304.0,0,1.1857798165137614,7.982917214191852,1,2.0039421813403417,17.4655737704918,0,Rehabilitation and upgradation from km 51.600 to km 75.700 of NH-321G Nuhkhas to Etah section to two lane with paved shoulder configuration under EPC mode in the State of Uttar Pradesh,1,0,on_roster,1
618162,Roads & Highways,Ministry of Road Transport & Highways,morth,Uttar Pradesh,7.605740736182332,1706.0,1066.0,5.0,0.0,-5.0,0,0,0.0,0.0,0,0.6248534583821805,-21.02496714848883,0,21.02496714848883,4.5184375,0,"Improvement and up-gradation to 2LPS of NH-227B 84-Kosi Parikrama Marg PackageVI, Design Km 160200 Bahuvan Madar Majha to Km 224040 Jagarnathpur under HAM",0,0,on_roster,0
618163,Roads & Highways,Ministry of Road Transport & Highways,morth,Uttar Pradesh,6.697342842021657,1006.0,1127.0,58.0,0.0,-58.0,1,1,-25.4631,365.0,0,1.1202783300198806,3.9750328515111693,1,8.015768725361367,5.2396721311475405,0,"Rehabilitation and Up-gradation from km. 0000 to km.40390 of NH-730S MaharajganjNichloulThuthibari to two lane with paved shoulders in the State of U.P. on Engineering, Procurement & Construction EPC Basis.",0,0,on_roster,0
618164,Roads & Highways,Ministry of Road Transport & Highways,morth,Uttar Pradesh,7.041122908198164,1553.0,1492.0,85.0,0.0,-85.0,1,0,1.3699,0.0,0,0.9607211848036059,-2.0039421813403417,0,2.0039421813403417,7.485245901639344,0,Construction of four lane highway with paved shoulder from Km.74.700 to Km.112.950 of NH-731A i/c Yamuna Bridge on HAM in the state of Uttar Pradesh.,1,0,on_roster,1
618166,Roads & Highways,Ministry of Road Transport & Highways,morth,Uttar Pradesh,6.549164214742565,1369.0,1551.0,99.0,0.0057,-98.9943,0,1,0.0,243.0,0,1.1329437545653762,5.978975032851511,1,2.0039421813403417,0.49901639344262294,0,Construction of 4-lane green field highway from Km. 35.000 to Km. 49.155 of NH- 731A with paved shoulders on Hybrid Annuity Mode in the state of Uttar Pradesh,0,0,on_roster,0
618168,Roads & Highways,Ministry of Road Transport & Highways,morth,Uttar Pradesh,6.823188185024619,1402.0,1492.0,56.0,13.2601,-42.7399,1,1,5.1628,365.0,0,1.0641940085592012,2.9566360052562417,1,9.034165571616294,4.8704,0,Widening to four lane with paved shoulder from Design Km.49.200 to Km.89.285 of NH-731B on EPC mode in the state of Uttar Pradesh,0,0,on_roster,0
618169,Roads & Highways,Ministry of Road Transport & Highways,morth,Uttar Pradesh,6.463310228733024,1341.0,1492.0,95.98,39.6841,-56.2959,1,1,-5.8452,242.0,0,1.1126025354213274,4.9605781865965834,1,2.9894875164257555,1.3447120879120866,0,Construction of Two Lane with paved shoulder highway from Design Ch.0.000 to Ch.49.2OO of NH-731B on EPC Mode,1,0,on_roster,1
618187,Roads & Highways,Ministry of Road Transport & Highways,morth,Uttar Pradesh,6.854512717586418,1614.0,1066.0,4.0,0.0,-4.0,0,0,0.0,0.0,0,0.6604708798017348,-18.00262812089356,0,18.00262812089356,5.332554744525547,0,"Rehabilitation and upgradation of Salon - Jais - Jagdishpur Road section of NH-931A, from design Chainage km 0.000 to km 5.740 to four lane divided carriageway and from design Chainage km 5.740 to km 53.500 to two lane with paved Total length km 53.500 along with One time improvement in 04 no's of realigned/bypassed built-up areas in a total length of 9.732 km in the state of Uttar Pradesh on EPC mode",0,0,on_roster,0
618233,Roads & Highways,Ministry of Road Transport & Highways,morth,Uttar Pradesh,7.57519996218971,2041.0,2831.0,87.91,0.0,-87.91,1,1,-24.7833,943.0,0,1.3870651641352278,25.952693823915897,1,5.026281208935611,2.4053568627450987,0,Construction of 6-lane bridge on Ganga on NH-96 and its approaches in Phaphamau Allahabad on EPC mode,0,0,on_roster,0
618240,Roads & Highways,Ministry of Road Transport & Highways,morth,Uttar Pradesh,5.470041299706711,1430.0,2191.0,90.0,0.0,-90.0,0,1,0.0,822.0,0,1.5321678321678323,25.0,1,2.0039421813403417,4.99016393442623,0,Rehabilitation and upgradation to 2-lane with paved sholuders configuration of Bewar- naer Karri village section Km0.00 to Km30.00 Pakage-I of NH-92 in state of Uttar Pradesh undergreen national Highway Corridor Project GNHCP with the loan assistance of world Bank on EPC mode.,1,0,on_roster,1
618243,Roads & Highways,Ministry of Road Transport & Highways,morth,Uttar Pradesh,7.038537897185386,1643.0,1217.0,27.0,0.0,-27.0,0,0,0.0,0.0,0,0.740718198417529,-13.994743758212877,0,13.994743758212877,5.216244131455399,0,Construction of Basti Ring Road Phase-I with 4L configuration for Basti City in the state of Uttar Pradesh on HAM mode,0,0,on_roster,0
618244,Roads & Highways,Ministry of Road Transport & Highways,morth,Uttar Pradesh,7.150481825632056,1887.0,1492.0,44.37,0.0,-44.37,0,0,0.0,0.0,0,0.7906730259671436,-12.976346911957949,0,12.976346911957949,4.28703088607595,0,Construction of Raebareli Ring Road Phase-2 with four Lane configuration for Raebareli City in the state of Uttar Pradesh on Hybrid Annuity Model HAM basis,0,0,on_roster,0
618247,Roads & Highways,Ministry of Road Transport & Highways,morth,Uttar Pradesh,7.444026402579467,1767.0,761.0,2.0,0.0,-2.0,0,0,0.0,0.0,0,0.43067345783814376,-33.04862023653088,0,33.04862023653088,2.965328031809145,0,Construction of 4 lane Mirzapur bypass including bridge over river Ganga from km 0.000 to km 15.000 of NH 135A in the State of Uttar Pradesh on HAM Mode.,0,0,on_roster,0
618248,Roads & Highways,Ministry of Road Transport & Highways,morth,Uttar Pradesh,7.411042560709827,1706.0,1066.0,10.0,0.0,-10.0,0,0,0.0,0.0,0,0.6248534583821805,-21.02496714848883,0,21.02496714848883,4.280625,0,Widening to 4 lane from km. 139.00 to km 179.20 of NH-135A Pkg-III Jaunpur Akbarpur section and Akbarpur bypass on Hybrid Annuity Mode in the state of Uttar Pradesh.,0,0,on_roster,0
618249,Roads & Highways,Ministry of Road Transport & Highways,morth,Uttar Pradesh,7.3215654698258,1461.0,1127.0,32.0,0.0,-32.0,0,0,0.0,0.0,0,0.7713894592744696,-10.972404730617608,0,10.972404730617608,6.197365269461078,0,Widening to 4 lane from km. 108.50 to km 139.00 of NH-135A Pkg-II Jaunpur Akbarpur section on Hybrid Annuity Mode in the state of Uttar Pradesh,0,0,on_roster,0
618252,Roads & Highways,Ministry of Road Transport & Highways,morth,Uttar Pradesh,6.882632323807678,1946.0,1551.0,48.0,0.061,-47.939,1,0,38.0234,0.0,0,0.7970195272353545,-12.976346911957949,0,12.976346911957949,4.007291139240507,0,"Improvement and Up-gradation to two Lane with Paved Shoulder/Four Lane configuration from existing Km 130.000 to Km 191.000 design km 131.500 to Km 188.735, Design length 57.235 Km of NH-227A near Barhalganj to Mehrauna Ghat in the state of Uttar Pradesh on Hybrid Annuity Model HAM basis",0,0,on_roster,0
618260,Roads & Highways,Ministry of Road Transport & Highways,morth,Uttar Pradesh,7.207163332609325,2071.0,1492.0,25.0,0.0,-25.0,0,0,0.0,0.0,0,0.7204249154997586,-19.021024967148488,0,19.021024967148488,3.9430051813471505,0,"Construction of Salempur bypass to 4LPS from km 64.000 of NH-727A Km 171.00 of Sonauli Balia Marg, old SH-01, near Mahadahan Chauraha to km 61.500 of NH-727B Km 178.500 of Sonauli Balia Marg, old SH-01, near near Ahirauli Village under Hybrid Annuity Mode HAM in the State of Uttar Pradesh",0,0,on_roster,0
618262,Roads & Highways,Ministry of Road Transport & Highways,morth,Uttar Pradesh,7.459166069226836,1583.0,1127.0,10.0,0.0,-10.0,0,0,0.0,0.0,0,0.7119393556538218,-14.98028909329829,0,14.98028909329829,6.007894736842106,0,Construction of Deoria Bypass from existing Km. 27.140 to existing Km. 46.780 Design Km. 49.109 on NH727A Design length 21.969 Km. to four lane with paved shoulder configuration under Hybrid Annuity Mode HAM in the State of Uttar Pradesh,0,0,on_roster,0
618263,Roads & Highways,Ministry of Road Transport & Highways,morth,Uttar Pradesh,6.553961893648468,1218.0,1127.0,81.18,0.0,-81.18,0,0,0.0,0.0,0,0.9252873563218391,-2.9894875164257555,0,2.9894875164257555,6.295393406593404,0,"Rehabilitation and Up-gradation to 2LPS from Km. 0.000 to Km. 7.800 and Km. 35.400 to Km. 52.345 Design length 24.745 Km., except Bihar portion of NH-727B Tamkuhiraj to Bihar Border and Bihar Border to Majhauli on EPC mode in the State of Uttar Pradesh",1,0,on_roster,1
618264,Roads & Highways,Ministry of Road Transport & Highways,morth,Uttar Pradesh,7.631848648432096,1827.0,1066.0,25.0,0.0,-25.0,0,0,0.0,0.0,0,0.5834701696770662,-25.0,0,25.0,3.0,0,"Widening and Strengthening to two Lane with Paved Shoulder/Four Lane with paved shoulder configuration from km. 61.500 of NH-727B near Nawalpur km 178.500 of Sonauli Balia Marg, Old SH-01 i.e. end point of Salempur Bypass to km. 106.495 of NH-727B near Sikanderpur under EPC mode",0,0,on_roster,0
618265,Roads & Highways,Ministry of Road Transport & Highways,morth,Uttar Pradesh,5.156177599386914,1552.0,2191.0,89.0,0.0,-89.0,1,1,-1.7043,700.0,0,1.4117268041237114,20.992115637319316,1,2.0039421813403417,5.489180327868852,0,Rehabilitation and upgradation to 2-lane with paved sholuders configuration of Miranpur Katra to radhaita section of NH-730CKm.114.000 to Km 137.250pakage-III in state of Uttar Pradesh undergreen national Highway Corridor ProjectGNHCP with the loan assistance of world Bank on EPC mode.,1,0,on_roster,1
618266,Roads & Highways,Ministry of Road Transport & Highways,morth,Uttar Pradesh,5.787633306826145,1675.0,2191.0,98.0,0.0,-98.0,1,1,4.5874,577.0,0,1.3080597014925373,16.95137976346912,1,2.0039421813403417,0.9980327868852459,0,Rehabilitation and upgradation to 2-lane with paved sholuders configuration of Bewar- Allahaganj- section of NH-730C Km.0.000 to Km 52.770 pakage-I in state of Uttar Pradesh undergreen national Highway Corridor Project GNHCP with the loan assistance of world Bank on EPC mode.,1,0,on_roster,1
618499,Roads & Highways,Ministry of Road Transport & Highways,national highways authority of india [nhai],Uttar Pradesh,7.5877868243947075,1308.0,1582.0,94.14,39.433,-54.707,1,1,-1.5038,304.0,0,1.209480122324159,9.00131406044678,1,0.9855453350854139,5.945946666666666,0,6L Elevated Kanpur - Lucknow Exeressway Pkg-1 from Km. 10980 to Km. 28500,1,0,on_roster,1
618500,Roads & Highways,Ministry of Road Transport & Highways,national highways authority of india [nhai],Uttar Pradesh,6.98692683808515,912.0,1673.0,76.0,37.551,-38.449,1,1,3.2181,791.0,0,1.8344298245614035,25.0,1,0.9855453350854139,24.352,0,Construction of 4L Connector from Delhi Meerut Expressway Km 50.000 of Pkg IV to Km 8.520 of NH-235 Pkg-5,1,0,on_roster,1
618529,Roads & Highways,Ministry of Road Transport & Highways,national highways authority of india [nhai],Uttar Pradesh,7.597250800342803,1523.0,3043.0,94.79,55.0031,-39.7869,1,1,-7.9856,1703.0,0,1.9980302035456337,49.93429697766097,1,6.011826544021025,0.8666251366120209,0,Varanasi Ring Road Pkg-II connecting Sandaha Village km 11.70 / NH-29 with Revasa Village km 818.80 / NH-2,0,0,on_roster,0
618536,Roads & Highways,Ministry of Road Transport & Highways,national highways authority of india [nhai],Uttar Pradesh,7.380586157788642,1581.0,1155.0,32.83,16.4944,-16.3356,1,0,-25.654,0.0,0,0.7305502846299811,-13.994743758212877,0,13.994743758212877,4.799659154929578,0,Construction of Ring Road around Kanpur from Ch.68.650 to Ch.93.209 Jarkala to Pakari Package-IV in State of Uttar Pradesh.,0,0,on_roster,0
618537,Roads & Highways,Ministry of Road Transport & Highways,national highways authority of india [nhai],Uttar Pradesh,7.470081675610531,1247.0,1186.0,55.72,29.8902,-25.8298,1,0,-25.206,0.0,0,0.9510825982357658,-2.0039421813403417,0,2.0039421813403417,22.096445901639346,0,Construction of Ring Road around Kanpur from Km.000 to Km. 23.325 Chachendi Sachendi I to Maharajpur Package-I,1,0,on_roster,1
618538,Roads & Highways,Ministry of Road Transport & Highways,national highways authority of india [nhai],Uttar Pradesh,7.492024654356216,1399.0,943.0,22.81,17.2043,-5.6057,1,0,-37.1472,0.0,0,0.6740528949249464,-14.98028909329829,0,14.98028909329829,5.1527710526315795,0,Construction of Ring Road around kanpur from Ch.51.200 to Ch. 68.650 Badarka to Harbanch-Uchti Pkg-III,0,0,on_roster,0
618539,Roads & Highways,Ministry of Road Transport & Highways,national highways authority of india [nhai],Uttar Pradesh,6.994309051286712,1126.0,608.0,13.67,3.4998,-10.1702,1,0,1.6073,0.0,0,0.5399644760213144,-17.017082785808146,0,17.017082785808146,5.073137451737452,0,Construction of Ring Road Kanpur from Ch. 32.090 to Ch.51.200 Transganaga to Sathara Package-II B,0,0,on_roster,0
618540,Roads & Highways,Ministry of Road Transport & Highways,national highways authority of india [nhai],Uttar Pradesh,6.994309051286712,1156.0,608.0,42.85,19.4547,-23.3953,1,1,-10.2771,183.0,0,0.5259515570934256,-18.00262812089356,0,24.014454664914584,2.3798166894664843,0,Construction of Ring Road around Kanpur from Ch.23.325 to Ch.32.090 Chaudhariya to Transganga Package-IIA,0,0,on_roster,0
618554,Roads & Highways,Ministry of Road Transport & Highways,national highways authority of india [nhai],Uttar Pradesh,6.7802173183796075,793.0,1370.0,91.7,79.1843,-12.5157,1,1,-10.4269,638.0,0,1.7276166456494326,18.95532194480946,1,2.0039421813403417,4.141836065573769,0,Construction of left out portion of Agra Inner Ring Road connecting village Deori to NH-44 village Bad from Km. 0.000 to Km. 7.772,1,0,on_roster,1
618566,Roads & Highways,Ministry of Road Transport & Highways,national highways authority of india [nhai],Uttar Pradesh,7.5883135507016695,1065.0,1155.0,68.95,76.7526,7.8026,1,1,-36.9578,365.0,0,1.0845070422535212,2.9566360052562417,1,9.034165571616294,3.436952727272727,0,4L Green Field Northern East side Gorakhpur Bypass 26.616 Kms starting from NH- 29E Chainage 83.308 and end at NH-28 Chainage 285.100,0,0,on_roster,0
618567,Roads & Highways,Ministry of Road Transport & Highways,nhai,Uttar Pradesh,7.736455557143186,1248.0,608.0,26.13,10.8137,-15.3163,1,0,-19.8787,0.0,0,0.48717948717948717,-21.02496714848883,0,21.02496714848883,3.5134418750000003,0,4/6L of Northern Ayodhya Bypass starting Km. 112.540 and ending Km. 139.928 north of existing NH-27 part-1 and part-2 south of NH-27 from km 0.000 to km 5.000.,0,0,on_roster,0
618568,Roads & Highways,Ministry of Road Transport & Highways,nhai,Uttar Pradesh,7.84075759127574,1126.0,608.0,35.14,13.3925,-21.7475,1,0,-21.9619,0.0,0,0.5399644760213144,-17.017082785808146,0,17.017082785808146,3.811464092664093,0,4/6L Southern Ayodhya Bypass from Km 5.000 to Km 37.172 starting near Km. 112.540 and ending at Km. 153.281 of NH-27,0,0,on_roster,0
618669,Roads & Highways,Ministry of Road Transport & Highways,national highways authority of india [nhai],Uttar Pradesh,7.398743434845021,1584.0,1278.0,50.25,22.6248,-27.6252,1,1,-12.7072,-31.0,0,0.8068181818181818,-10.052562417871222,0,9.034165571616294,5.506872727272728,0,4 -Laning of MP/UP Border to Kabarai section of NH-34&35 from km 197.000 to km 242.991 Length 45.991 Km Sagar-Kabrai Package-5 under Bharat Mala Pariyojana EC in MP & UP on HAM,1,0,on_roster,1
618690,Roads & Highways,Ministry of Road Transport & Highways,national highways authority of india [nhai],Uttar Pradesh,7.417207960694364,1095.0,761.0,15.75,31.717,15.967,1,0,1.3412,0.0,0,0.6949771689497717,-10.972404730617608,0,10.972404730617608,7.678353293413174,0,"4 lanning of Aligarh Palwal section from km 0.00 to km 46.39 package -1 from khereshwar junction-kurana of NH33D , including khair & jattari bypass in the state of UP on HAM mode",0,0,on_roster,0
618710,Roads & Highways,Ministry of Road Transport & Highways,national highways authority of india [nhai],Uttar Pradesh,7.6027956662946945,1156.0,2038.0,100.0,91.6996,-8.3004,1,1,-5.6426,912.0,0,1.7629757785467128,28.97503285151117,1,0.9855453350854139,0.0,0,DL/UP Border - EPE Crossing Pkg-02,1,0,on_roster,1
618722,Roads & Highways,Ministry of Road Transport & Highways,national highways authority of india [nhai],Uttar Pradesh,7.520012309557389,1065.0,1400.0,58.9,54.9822,-3.9178,1,1,-32.3304,426.0,0,1.3145539906103287,11.005256241787121,1,2.9894875164257555,13.748175824175824,0,6L access Controlled Greenfield Highway from Gogwan Jalalpur Shamli to Ranipur Barsi Saharanpur of Shamli -Ambala section Package-I Design Ch. Form km 00.600 to km 45.500,1,0,on_roster,1
618761,Roads & Highways,Ministry of Road Transport & Highways,national highways authority of india [nhai],Uttar Pradesh,6.900619882481125,1219.0,1643.0,95.22,83.4494,-11.7706,1,1,-1.4276,515.0,0,1.3478260869565217,13.92904073587385,1,2.9894875164257555,1.598936263736264,0,4L Spur of Meerut-Garh-Mukteshwar section connecting NH-119 and NH-58 bypassing Meerut Town of NH 709 A,1,0,on_roster,1
618768,Roads & Highways,Ministry of Road Transport & Highways,national highways authority of india [nhai],Uttar Pradesh,7.17784348303287,1369.0,669.0,0.0,0.0,0.0,0,1,0.0,245.0,0,0.48867786705624544,-22.996057818659658,0,31.044678055190538,3.221164021164021,1,Four laning of Agra-Aligarh Section from Km. 0.000 Junction of NH-34 Aligarh Km 144.60 to Km. 28.000 near Asroi village in Hathras of NH-509 Package-I,0,0,on_roster,0
618782,Roads & Highways,Ministry of Road Transport & Highways,national highways authority of india [nhai],Uttar Pradesh,7.240750047642836,1124.0,1155.0,58.86,40.2779,-18.5821,0,1,0.0,245.0,0,1.0275800711743772,1.0183968462549278,1,7.030223390275952,5.851876635514019,0,4L of Bareilly-Pilibhit-Sitarganj from Km. 0.000 to Km. 32.500 of NH-30 Pkg-1,1,0,on_roster,1
618798,Roads & Highways,Ministry of Road Transport & Highways,national highways authority of india [nhai],Uttar Pradesh,7.846394414520054,1186.0,1582.0,84.0,54.82,-29.18,1,1,-10.9595,457.0,0,1.3338954468802697,13.009198423127463,1,2.0039421813403417,7.984262295081967,0,4L of Sonauli - Gorakhpur,1,0,on_roster,1
618843,Roads & Highways,Ministry of Road Transport & Highways,national highways authority of india [nhai],Uttar Pradesh,5.291292751611072,758.0,424.0,12.39,21.878,9.488,1,1,-16.3563,184.0,0,0.5593667546174143,-10.972404730617608,0,17.017082785808146,5.148355984555985,0,Construction of two lane with paved shoulders bypass to Mungrabadshapur town starting from near Kodahu at Km 47/225 of NH-319D and ending near Nauwadandi at Km 219/720 of NH-31 under NHO in the state of Uttar Pradesh on EPC mode,0,0,on_roster,0
618848,Roads & Highways,Ministry of Road Transport & Highways,national highways authority of india [nhai],Uttar Pradesh,6.477649056957522,942.0,424.0,6.6,0.0139,-6.5861,0,0,0.0,0.0,0,0.45010615711252655,-17.017082785808146,0,17.017082785808146,5.488602316602317,0,Construction of Underpass beneath airport runway on NH-31 old NH-56 for proposed expansion of runway of Babatpur Airport Varanasi,0,0,on_roster,0
618856,Roads & Highways,Ministry of Road Transport & Highways,national highways authority of india [nhai],Uttar Pradesh,7.00559861128118,1157.0,1308.0,63.51,28.5871,-34.9229,1,1,10.0264,365.0,0,1.1305099394987035,4.9605781865965834,1,7.030223390275952,5.190446728971963,0,"Improvement and Up-Gradation of Existing Road to 4L PS from Km 123.650 to 175.080, from Start of Shahabad Bypass to End of Hardoi bypass of NH 731 Pkg-2B",1,0,on_roster,1
618858,Roads & Highways,Ministry of Road Transport & Highways,national highways authority of india [nhai],Uttar Pradesh,6.8631134983590165,1218.0,1308.0,64.2,28.1575,-36.0425,0,1,0.0,304.0,0,1.0738916256157636,2.9566360052562417,1,7.030223390275952,5.09229906542056,0,"Improvement and Up-Gradation of Existing Road to 4L PS from Km 88.750 to 123.650, from Start of Shahjahanpur Bypass to start of Shahabad bypass of NH 731Pkg.-2A",1,0,on_roster,1
618859,Roads & Highways,Ministry of Road Transport & Highways,national highways authority of india [nhai],Uttar Pradesh,6.357252838063248,1126.0,1673.0,99.33,67.1628,-32.1672,1,1,-3.8304,577.0,0,1.485790408525755,17.969776609724047,1,0.9855453350854139,0.6798266666666685,0,"Improvement and Up-Gradation of Existing Road to 4L PS from Km 229.070 to 260.800, End of Hardoi District to Lucknow Ring road of NH 731 Pkg-4",1,0,on_roster,1
618866,Roads & Highways,Ministry of Road Transport & Highways,national highways authority of india [nhai],Uttar Pradesh,7.639161171659173,1065.0,486.0,16.01,20.1072,4.0972,1,0,-46.4401,0.0,0,0.4563380281690141,-19.021024967148488,0,19.021024967148488,4.4156400690846285,0,"Four Lane Highway from Chandan Nagar Existing Km. 59.025 of NH 530B/Design Km. 179.5000 to Bareilly BypassStartExisting Km. 59.025 of NH 530B/Design Km. 218.000 Section of NH 530B, in the State of Uttar Pradesh on HAM Mode under NH0",0,0,on_roster,0
618867,Roads & Highways,Ministry of Road Transport & Highways,national highways authority of india [nhai],Uttar Pradesh,7.605944725923847,1522.0,1127.0,28.21,9.8652,-18.3448,1,1,-3.6086,-30.0,0,0.740473061760841,-12.976346911957949,0,11.990801576872535,5.987089315068493,0,4L Kasganj-Badaun Section from Km. 123.100 to Km. 179.500 Pkg-III of NH530B,1,0,on_roster,1
618868,Roads & Highways,Ministry of Road Transport & Highways,national highways authority of india [nhai],Uttar Pradesh,7.736534145006641,1188.0,1127.0,62.48,21.8788,-40.6012,1,0,-2.8744,0.0,0,0.9486531986531986,-2.0039421813403417,0,2.0039421813403417,18.723095081967212,0,4L from Devinagar Bypass End Existing Km. 208.000 of NH 530B/Design Km. 66.000 to Kasganj Bypass End Existing Km.150.100 of NH 530B/ Design Km. 123.100 of NH 530B,1,0,on_roster,1
618869,Roads & Highways,Ministry of Road Transport & Highways,national highways authority of india [nhai],Uttar Pradesh,7.0237767640188595,1278.0,486.0,10.21,6.9363,-3.2737,1,0,66.6272,0.0,0,0.38028169014084506,-26.018396846254927,0,26.018396846254927,3.4510196969696967,0,"Construction of 4/6 lane Highway of Southern Bareilly Bypass, starting at Ch. 237000 of NH 530 near Jhumka chauraha, Dhantiya village and ending at Ch. 267000 of NH 30 near Invertis University including Trumpet Interchange",0,0,on_roster,0
618883,Roads & Highways,Ministry of Road Transport & Highways,national highways authority of india [nhai],Uttar Pradesh,7.442768021744479,1004.0,1278.0,99.11,53.4848,-45.6252,1,1,-7.4352,335.0,0,1.2729083665338645,9.00131406044678,1,2.0039421813403417,0.4441245901639347,0,Construction of Four Lane Highway form Ghazipur- Ballia-UP/Bihar State Border Greenfield section of NH-31 Package I [from Hridaipur km 0.000 to Shahapur km 42.500] on EPC Mode in the state of Uttar Pradesh.,1,0,on_roster,1
618884,Roads & Highways,Ministry of Road Transport & Highways,national highways authority of india [nhai],Uttar Pradesh,7.309647344703519,1096.0,1278.0,95.5,53.763,-41.737,1,1,-12.199,304.0,0,1.166058394160584,5.978975032851511,1,4.0078843626806835,1.1227868852459015,0,Construction of Four Lane Highway from Ghazipur- Ballia-UP/Bihar State Border Greenfield section of NH-31 Package II [from Shahapur km 42.500 to Pindari km 78.150] on EPC Mode in the state of Uttar Pradesh.,0,0,on_roster,0
618885,Roads & Highways,Ministry of Road Transport & Highways,national highways authority of india [nhai],Uttar Pradesh,6.427911392824875,974.0,1278.0,83.88,42.9201,-40.9599,1,1,-11.1446,426.0,0,1.3121149897330595,9.986859395532194,1,4.0078843626806835,4.022072131147542,0,Construction of Four Lane Highway from Ghazipur- Ballia-UP/Bihar State Border Greenfield section of NH-31 Package IV [from Buxur Spur of length km 17.270 on EPC Mode in the state of Uttar Pradesh.,1,0,on_roster,1
618893,Roads & Highways,Ministry of Road Transport & Highways,national highways authority of india [nhai],Uttar Pradesh,7.9955189334434085,1644.0,4018.0,97.35,24.8935,-72.4565,1,1,17.1582,2404.0,0,2.4440389294403895,77.98948751642575,1,0.9855453350854139,2.6888666666666725,0,Varanasi Gorakhpur Section Packege IV from km. 149.540 to km. 215.160 Mau- Gorakhpur,1,0,on_roster,1
618911,Roads & Highways,Ministry of Road Transport & Highways,national highways authority of india [nhai],Uttar Pradesh,6.472763518115628,1066.0,1582.0,63.79,26.0775,-37.7125,1,1,-1.306,546.0,0,1.4840525328330207,16.95137976346912,1,0.9855453350854139,36.741080000000004,0,4L Greenfield Western Side spur of Rampur-Rudrapur Section from Km 0.000 to Km 13.700 connecting NH-24 to NH-87 bypassing rampur town,1,0,on_roster,1
618923,Roads & Highways,Ministry of Road Transport & Highways,national highways authority of india [nhai],Uttar Pradesh,7.677493061703795,1157.0,1127.0,65.21,27.1993,-38.0107,1,0,18.2986,0.0,0,0.9740708729472775,-0.9855453350854139,0,0.9855453350854139,35.300253333333345,0,4L Behsuma at Km 39.250 Ex. Km 39240 To Bijnor at Km 78.810 Ex. Km 86590 Design Length 39.560 Km of NH-119 Pkg-II,1,0,on_roster,1
618924,Roads & Highways,Ministry of Road Transport & Highways,national highways authority of india [nhai],Uttar Pradesh,5.246339627455324,1431.0,1643.0,50.44,33.6391,-16.8009,1,1,-47.4771,273.0,0,1.1481481481481481,6.964520367936925,1,2.0039421813403417,24.731252459016392,0,2L PS of Najibabad Kotdwar section from 112.575 to Km. 138.635 of NH 119,1,0,on_roster,1
618925,Roads & Highways,Ministry of Road Transport & Highways,national highways authority of india [nhai],Uttar Pradesh,5.70903532093765,819.0,1885.0,96.53,79.0899,-17.4401,1,1,11.2782,1096.0,0,2.3015873015873014,35.019710906701704,1,0.9855453350854139,3.5208933333333325,0,Bijnor-Kotawali,1,0,on_roster,1
618927,Roads & Highways,Ministry of Road Transport & Highways,national highways authority of india [nhai],Uttar Pradesh,7.604804835359324,1247.0,1278.0,47.51,46.4929,-1.0171,1,1,-5.8187,275.0,0,1.02485966319166,1.0183968462549278,1,8.015768725361367,6.54834262295082,0,4L of Moradabad-Thakurdwara-Kashipur Section from Km. 0.000 to Km. 38.77 of NH- 734 Pkg-II,1,0,on_roster,1
618929,Roads & Highways,Ministry of Road Transport & Highways,national highways authority of india [nhai],Uttar Pradesh,7.5191065492399,1035.0,1247.0,76.9,53.3072,-23.5928,1,1,0.088,273.0,0,1.2048309178743961,6.964520367936925,1,2.0039421813403417,11.527278688524587,0,4L of Moradabad western side spur connecting NH-734 & NH-24 from Km. 0.000 to Km. 33.200 Pkg-I,1,0,on_roster,1
618960,Roads & Highways,Ministry of Road Transport & Highways,national highways authority of india [nhai],Uttar Pradesh,7.228758484699418,1035.0,974.0,42.26,39.1675,-3.0925,1,1,-26.8521,365.0,0,0.9410628019323671,-2.0039421813403417,0,13.994743758212877,4.125834741784038,0,4 Lane Inner Ring Road around Allahabad City Pkg-2 Prayagraj Southern Bypass 43.200 - 50.860,0,0,on_roster,0
618961,Roads & Highways,Ministry of Road Transport & Highways,national highways authority of india [nhai],Uttar Pradesh,6.655363127308804,1033.0,424.0,4.44,3.0282,-1.4118,1,0,-35.6948,0.0,0,0.41045498547918685,-20.006570302233904,0,20.006570302233904,4.776430870279146,0,4 Lane Inner Ring Road around Allahabad City Pkg-1 Prayagraj Southern Bypass 34.400 43.200,0,0,on_roster,0
618968,Roads & Highways,Ministry of Road Transport & Highways,national highways authority of india [nhai],Uttar Pradesh,7.264863129203421,1280.0,1857.0,97.5,84.8209,-12.6791,1,1,0.7814,607.0,0,1.45078125,18.95532194480946,1,0.9855453350854139,2.5366666666666666,0,6L access control Greenfield highway of Vill-Khyawari to Vill-Latifpur at Saharanpur Bypass from Km. 82.000 to Km. 119.790 Pkg-4,1,0,on_roster,1
618970,Roads & Highways,Ministry of Road Transport & Highways,national highways authority of india [nhai],Uttar Pradesh,7.197772123730637,1280.0,1857.0,92.89,76.1117,-16.7783,1,1,-0.0052,607.0,0,1.45078125,18.95532194480946,1,0.9855453350854139,7.21428,0,6L access control Greenfield highway of Vill-Lohadda to Vill-Karaunda Mahajan from Km. 27.000 to Km. 56.500 Pkg-2,1,0,on_roster,1
619162,Roads & Highways,Ministry of Road Transport & Highways,national highways authority of india [nhai],Uttar Pradesh,6.361337019290758,882.0,1551.0,100.0,77.4158,-22.5842,1,1,-1.9238,699.0,0,1.7585034013605443,21.97766097240473,1,0.9855453350854139,0.0,0,4L of Najibabad Bypass from Km. 105.423 to Km. 118.373 excluding 2.45 Km. of NH- 74 Bypass of NH-119,1,0,on_roster,1
619168,Roads & Highways,Ministry of Road Transport & Highways,national highways authority of india [nhai],Uttar Pradesh,7.379931546339491,1280.0,1857.0,99.11,81.1141,-17.9959,1,1,-6.5236,607.0,0,1.45078125,18.95532194480946,1,0.9855453350854139,0.9030533333333339,0,6L access controlled Greenfield highway of Junction of EPE Vill.-Mavikalan to Vill.- Lohadda from Km. 0.000 to Km. 27.000 Pkg-1,1,0,on_roster,1
619308,Roads & Highways,Ministry of Road Transport & Highways,nhai,Uttar Pradesh,6.730110767739146,1064.0,1977.0,98.92,96.7645,-2.1555,1,1,-0.0598,1004.0,0,1.8580827067669172,29.993429697766096,1,2.9894875164257555,0.3612659340659335,0,6L access-controlled highway from Ganeshpur tonear Mohand of Ganeshpur Dehradun section from Km.0 to Km.8.3 of NH-72A Package-1,1,0,on_roster,1
617888,Roads & Highways,Ministry of Road Transport & Highways,morth,Uttarakhand,5.265484209452796,762.0,1186.0,99.0,0.0,-99.0,0,1,0.0,485.0,0,1.5564304461942258,13.92904073587385,1,2.0039421813403417,0.49901639344262294,0,Landslide treatment work on NH 58 from Kodiyala Km. 266.130 to Devprayag Km. 296.925 10 location under EPC mode in the State of Uttarakhand on EPC Mode,0,0,on_roster,0
617889,Roads & Highways,Ministry of Road Transport & Highways,morth,Uttarakhand,5.263829436089363,578.0,1247.0,97.0,0.0,-97.0,0,1,0.0,699.0,0,2.157439446366782,21.97766097240473,1,0.9855453350854139,3.044,0,Treatment of landslide zone from location no. 01 to 28 km 62.860 to 152.750 on NH- 12509 in the State of Uttarakhand under EPC mode in NHO Annual Plan 2022-23,1,0,on_roster,1
617890,Roads & Highways,Ministry of Road Transport & Highways,morth,Uttarakhand,5.402181763578325,1033.0,424.0,5.0,0.0,-5.0,0,0,0.0,0.0,0,0.41045498547918685,-20.006570302233904,0,20.006570302233904,4.748440065681445,0,Construction of Champawat Bypass with two lane with paved shoulder configuration starting from existing chainage 121.700 to existing chainage 129.450 Design Length 9.847 of NH-125 in District-Champawat in the state of Uttrakhand on EPC mode.,0,0,on_roster,0
617929,Roads & Highways,Ministry of Road Transport & Highways,morth,Uttarakhand,5.51508060689796,820.0,2981.0,73.5,44.8567,-28.6433,0,1,0.0,2405.0,0,3.6353658536585365,70.99211563731932,1,8.015768725361367,3.305983606557377,0,Construction of 2 lane with paved shoulder of Kund Bypass from Design Km 35.130 to Km 47.700 existing Km 33.130 to Km 41.260 of NH-109 in the State of Uttarakhand,0,0,on_roster,0
617967,Roads & Highways,Ministry of Road Transport & Highways,morth,Uttarakhand,5.532915067907362,1611.0,1885.0,99.0,0.0,-99.0,0,1,0.0,304.0,0,1.17008069522036,9.00131406044678,1,0.9855453350854139,1.0146666666666668,0,Construction of Rudraprayag tunnel of length 900.30 MTR including approaches and one major bridge on river Alaknanda connecting NH-107/old-109 to NH-07old-58 on EPC mode in the state of Uttarakhand.,1,0,on_roster,1
617968,Roads & Highways,Ministry of Road Transport & Highways,morth,Uttarakhand,6.039992772212467,1067.0,3318.0,95.0,100.9143,5.9143,0,1,0.0,1490.0,0,3.1096532333645737,73.94875164257556,1,-25.0,,0,Construction & Widening Including Augustmuni Bypass Ch-16.545 to Ch - 19.890 to 2L/PS from Km 16.545-Km 33.130 & 45.980 -57.975 Augustmuni to Kund & Guptkashi to Sitapur on NH 109 in UK,0,0,on_roster,0
617974,Roads & Highways,Ministry of Road Transport & Highways,morth,Uttarakhand,5.845658123607847,1066.0,335.0,17.78,0.0,-17.78,0,0,0.0,0.0,0,0.3142589118198874,-24.014454664914584,0,24.014454664914584,3.423771272229822,0,Rehabilitation and upgradation of 2 lane with paved shoulder from existing km. 195.175 to km. 220.000 Design Chainage km71.300 to Km. 95.947 Excluding existing chainage Km 200.300 to Km 202.400 Design chainage Km 76.400 to Km 78.400 on Dharasu to Yamunotri Road of NH- 134 Old NH-94,0,0,on_roster,0
618039,Roads & Highways,Ministry of Road Transport & Highways,morth,Uttarakhand,5.851685104579697,1552.0,821.0,29.64,0.0,-29.64,0,0,0.0,0.0,0,0.5289948453608248,-24.014454664914584,0,24.014454664914584,2.9299020519835843,0,Widening to 2 Lane from Existing Chainage Km 74.700 Km 100.660 Design Chainage Km 53.365 to Km 78.785 on NH- 507 in the State of Uttarakhand.,0,0,on_roster,0
618040,Roads & Highways,Ministry of Road Transport & Highways,morth,Uttarakhand,6.117678608242217,1767.0,1492.0,42.0,0.0,-42.0,0,0,0.0,0.0,0,0.844368986983588,-9.034165571616294,0,9.034165571616294,6.420072727272728,0,Rehabilitation and Upgradation to Two lanes with Paved Shoulders configuration and Strengthening from Km 175.00 to Km 196.00 Gumkhal to Satpuli of NH-119 New NH- 534 in the State of Uttarakhand under NHO Annual Plan 2021-22 under EPC mode,0,0,on_roster,0
618041,Roads & Highways,Ministry of Road Transport & Highways,morth,Uttarakhand,5.70481527446815,2129.0,1520.0,2.0,0.0,-2.0,0,0,0.0,0.0,0,0.7139502113668389,-20.006570302233904,0,20.006570302233904,4.898390804597701,0,Rehabilitation and upgrading to two lanes with paved shoulders and Strengthening of Kotdwar-Pauri-Srinagar road section from Km 232.00 to 274.470 on NH-119 New 534 Paidul to Srinagar in the State of Uttarakhand on EPC Mode under NHO Annual Plan 2021-22.,0,0,on_roster,0
618119,Roads & Highways,Ministry of Road Transport & Highways,morth,Uttarakhand,6.159581528234976,1798.0,1492.0,60.0,0.0,-60.0,0,0,0.0,0.0,0,0.8298109010011123,-10.052562417871222,0,10.052562417871222,3.9790849673202615,0,Rehabilitation and up-gradation to 2-lane configuration of Bageshwar to Kangarchina road from km 129.600 to Km 161.600 Existing Chainage 136.00 to Km 169.00 of NH- 309Ain the State of Uttarakhand Package-IV under NHO Annual Plan 2021-22,0,0,on_roster,0
618207,Roads & Highways,Ministry of Road Transport & Highways,morth,Uttarakhand,6.354300473160187,1826.0,1278.0,20.78,0.0,-20.78,0,1,0.0,366.0,0,0.6998904709748083,-18.00262812089356,0,30.02628120893561,2.638355361050328,0,Widening to 2-lane with Hard Shoulder configuration of Mana Ch. 0.00 to Mana Pass Ch. 50.987 road on NH-07 under Bharatmala Pariyojna in the state of Uttarakhand under Annual Plan 2022-23 length 50.987,0,0,on_roster,0
618209,Roads & Highways,Ministry of Road Transport & Highways,morth,Uttarakhand,5.560104541454451,1280.0,1492.0,35.6,0.0,-35.6,0,1,0.0,699.0,0,1.165625,6.964520367936925,1,15.99868593955322,4.025330595482546,0,Construction & up gradation of existing road to 2-Lane with paved shoulder from existing chainage km 468000 to km 489350 Design Chainage km 465150 to km 471500 of NH-07 Old NH-58 including Joshimath bypass on EPC mode in the state of Uttarakhand Length 6.35 km,0,0,on_roster,0
618210,Roads & Highways,Ministry of Road Transport & Highways,morth,Uttarakhand,6.40509621788254,1186.0,2038.0,81.17,0.0,-81.17,0,1,0.0,913.0,0,1.718381112984823,27.989487516425754,1,2.0039421813403417,9.396478688524589,0,Rehabilitation and upgradation of Askot-Lipulekh on EPC Basis for Phase-I Existing Km 72.00 to 107.620 Design Chainage Km 21330 to Km 56935 under Project Hirak of BRO in the state of Uttarakhand under Bharatmala Pariyojna Phase-I on EPC Mode Length-35.605 Km CA No EPC/MORT&H/HRK/01/2021-22,0,0,on_roster,0
618211,Roads & Highways,Ministry of Road Transport & Highways,morth,Uttarakhand,6.477895014039251,1645.0,1431.0,29.72,0.0,-29.72,0,0,0.0,0.0,0,0.8699088145896656,-7.030223390275952,0,7.030223390275952,9.99683738317757,0,Improvement/construction of 2-lane with paved shoulder of Askote Llipulekh road from Tawaghat village to Budhi village design km. 56935 to km 95748 and from end of Tunnel portal to Kali Mandir design km 113828 to km. 133078 [total design length 58.063 km] under project Hirak of BRO in the state of Uttarakhand under Bharatmala Pariyojna on EPC Mode,1,0,on_roster,1
618212,Roads & Highways,Ministry of Road Transport & Highways,morth,Uttarakhand,5.289579300604752,1186.0,821.0,15.06,0.0,-15.06,0,0,0.0,0.0,0,0.6922428330522765,-11.990801576872535,0,11.990801576872535,7.083763287671234,0,"STABILIZATION OF LAND SLIDE AND SLOPE PROTECTION AT KM 11.00 TO KM 11.08, 29,730 KM TO 30,060 KM, 30,400 KM TO 31,060 KM, 34,750 KM TO 35,300 KM, 38,950 KM TO 39,030 KM & 39,460 KM TO 39,540 KM TWO LOC CLUBBED, KM 40,400 TO KM 40,650, KM 43,500 KM 43,680, 52,460 RISHIKESH - DHARASU ROAD NH-94 ON EPC MODE IN THE STATE OF UTTARAKHAND. NOSE OF LAND SLIDE - 12 NOS",0,0,on_roster,0
618213,Roads & Highways,Ministry of Road Transport & Highways,morth,Uttarakhand,5.61589798934568,1037.0,2953.0,96.46,0.0,-96.46,0,1,0.0,1826.0,0,2.8476374156219864,62.943495400788436,1,-2.9566360052562417,,0,Rehabilitation and Upgradation of road Rishikesh Dharasu Old NH-94 with 2-lane with paved shoulder from km 76.000 to km 110.000 Design Chainage from km 74.733 to km 107.347 32.614 km including construction of Kamand re-alignment from existing Chainage Km 105.200 to Km 108.600 design chainage Km 103.436 to Km 105.949 - total length 2513 mtrs and land slide treatment work between design chainage Km 73.800 to Km 74.00 200m on EPC mode under improvement to NH connectivity to Chardham in,1,0,on_roster,1
618214,Roads & Highways,Ministry of Road Transport & Highways,morth,Uttarakhand,5.850764665004847,1218.0,2953.0,100.0,0.0,-100.0,0,1,0.0,1066.0,0,2.4244663382594416,56.99737187910644,1,-21.97766097240473,,0,Rehabilitation and upgradation to 2 lane / 2 lane with paved shoulder configuration for design chainage km 107.347 to km 129.208 & km 133.878 to km 138.570 existing chainage km 110.000 to km 133.020 & km 137.330 to km 142.028 and land slide treatment at existing km 138.500 Design chainage km 134.970 of NH -94 on EPC mode under improvement to NH connectivity to Chardham in the state of Uttarakhand.,0,0,on_roster,0
618218,Roads & Highways,Ministry of Road Transport & Highways,morth,Uttarakhand,5.82712042354468,943.0,1278.0,78.2,0.0,-78.2,0,1,0.0,669.0,0,1.3552492046659597,11.005256241787121,1,10.972404730617608,1.9868023952095806,0,Rehabilitation & upgradation of existing road to 2-lane with hard shoulder from Joshimath km 0.00 to Saraithota km 29.725 road on NH-107B under Bharatmala Pariyojna on EPC mode in the state of Uttarakhand,0,0,on_roster,0
618219,Roads & Highways,Ministry of Road Transport & Highways,morth,Uttarakhand,5.682763107432126,1308.0,1278.0,72.5,0.0,-72.5,0,1,0.0,214.0,0,0.9770642201834863,-0.9855453350854139,0,8.015768725361367,3.4307377049180325,0,Upgradation to 2-lane with Hard shoulder configuration of Suraithota Ch. 29.725 km to Malari Ch. 60.550 km road on NH- 107B under in the state of Uttarakhand.,0,0,on_roster,0
618390,Roads & Highways,Ministry of Road Transport & Highways,nhidcl,Uttarakhand,7.23329656123893,1583.0,2953.0,70.64,49.7861,-20.8539,0,1,0.0,1704.0,0,1.8654453569172458,45.006570302233904,1,10.972404730617608,2.675803592814371,0,"Construction, Operation & Maintenance of 2-L Bi-directional Silkyara Bend- Barkot Tunnel with escape passage including approaches Tunnel-4.531 & Approach road- 0.328 on Dharasu-Yamunotri section b/w Chainage 25.400km and 51.00km falling along NH-134 Old NH-94 on EPC mode",0,0,on_roster,0
618391,Roads & Highways,Ministry of Road Transport & Highways,nhidcl,Uttarakhand,5.526766816652428,731.0,852.0,82.25,0.0,-82.25,0,1,0.0,365.0,0,1.1655266757865936,3.9750328515111693,1,8.015768725361367,2.214385245901639,0,"Construction for Mitigation Measures of 5 Nos. Landslides, 05 No. Sinking Zones and 01 No. Bridge from Ch. 450.00 to Ch. 468.00 18 Km. Length on NH-07 Package-III",1,0,on_roster,1
618392,Roads & Highways,Ministry of Road Transport & Highways,nhidcl,Uttarakhand,5.563140144853735,913.0,852.0,59.75,0.0,-59.75,0,0,0.0,0.0,0,0.9331872946330778,-2.0039421813403417,0,2.0039421813403417,20.085409836065573,0,"Construction for Mitigation Measures of 5 Nos. Landslides, 5 Nos. Sinking Zones in between Ch. 433.00 to 450.00 BANERPANI VILLAGE on NH-07 on EPC mode in the state of Uttarakhand Package-2",1,0,on_roster,1
618393,Roads & Highways,Ministry of Road Transport & Highways,nhidcl,Uttarakhand,5.383026094474991,731.0,852.0,96.0,49.7,-46.3,0,0,0.0,0.0,0,1.1655266757865936,3.9750328515111693,1,-3.9750328515111693,,0,"Construction for Mitigation Measures of 10 Nos. Landslides, 01 No. Sinking Zones and 1 No. of Minor Bridge in between at Ch. Km 368.00 to Km 433.00 on NH-07 on EPC Mode in Uttarakhand Package-1",0,0,on_roster,0
618875,Roads & Highways,Ministry of Road Transport & Highways,national highways authority of india [nhai],Uttarakhand,5.219923299120024,822.0,1612.0,70.42,71.902,1.482,1,1,-22.7327,851.0,0,1.9610705596107056,25.952693823915897,1,2.0039421813403417,14.760904918032786,0,4L of Haridwar Nagina section Design Ch. LME from km 13.829 to km 17.110 & km 26.077 to km 27.508 and Design Ch. RME from km 13.839 to km 17.120 & km 26.078 to km 27.509 of EUP mitigation measures on NH74,1,0,on_roster,1
619142,Roads & Highways,Ministry of Road Transport & Highways,national highways authority of india [nhai],Uttarakhand,5.384357438640421,823.0,1400.0,75.24,68.3389,-6.9011,1,1,9.2363,942.0,0,1.701093560145808,18.95532194480946,1,11.990801576872535,2.064916164383562,0,Construction of 4-lane connectivity to Banbasa ICP at India Nepal border from NH-09 old NH-125 Sitarganj-Tanakpur at Km 40.00 near Jagbuda bridge under Bharatmala Priyojana of NH-109D on EPC mode in the State of Uttarakhand,0,0,on_roster,0
619155,Roads & Highways,Ministry of Road Transport & Highways,national highways authority of india [nhai],Uttarakhand,7.380187207521227,1065.0,1612.0,76.74,41.3613,-35.3787,1,1,-11.1673,730.0,0,1.5136150234741783,17.969776609724047,1,6.011826544021025,3.869040437158471,0,Upgradation and 4L of Haridwar Bypass from Km 0.000 Km 188.100 of NH-58 to Km. 15.100 Km 5.100 of NH 74 PKg-1,1,0,on_roster,1
619292,Roads & Highways,Ministry of Road Transport & Highways,nhai,Uttarakhand,6.997504571125745,1068.0,1492.0,93.9,66.7002,-27.1998,1,1,-1.8666,515.0,0,1.3970037453183521,13.92904073587385,1,2.9894875164257555,2.0404835164835147,0,4L Medinipur to Ballupur from Km. 458.65 to Km. 487.65 of NH-07Pkg-2,1,0,on_roster,1
619293,Roads & Highways,Ministry of Road Transport & Highways,nhai,Uttarakhand,6.575033998720077,1217.0,852.0,47.84,41.6867,-6.1533,1,0,-52.9156,0.0,0,0.7000821692686935,-11.990801576872535,0,11.990801576872535,4.350001095890411,0,Construction of 4 Lane Access Controlled Bypass for Dehradun on NH307 from Design Chainage km 0050 Jhajra on NH-07 to Design Chainage km 12220 Asharori on EPC Mode in the State of Uttarakhand under NHO,0,0,on_roster,0
619294,Roads & Highways,Ministry of Road Transport & Highways,nhai,Uttarakhand,6.581567970695458,1188.0,335.0,1.0,0.4122,-0.5878,1,0,-46.1348,0.0,0,0.281986531986532,-28.02233902759527,0,28.02233902759527,3.5328956623681127,0,Road Safety Improvement of existing four lane section of Dehradun-Lal Tappar-Nepali Farm Section of NH-7 and Nepali Farm-Motichur NH-34 on EPC Mode in Uttarakhand under NHO.,0,0,on_roster,0
619295,Roads & Highways,Ministry of Road Transport & Highways,nhai,Uttarakhand,6.6112746121740065,1734.0,1155.0,0.0,0.0677,0.0677,1,0,-10.44,0.0,0,0.6660899653979239,-19.021024967148488,0,19.021024967148488,5.257340241796201,0,Four/Six laning of Bhaniyawala-Jollygrant-Rishikesh spur section of NH-07 from Km. 0.000 to Km 19.780,0,0,on_roster,0
617893,Roads & Highways,Ministry of Road Transport & Highways,morth,West Bengal,5.723029392018658,1643.0,882.0,0.0,0.0,0.0,0,0,0.0,0.0,0,0.5368228849665246,-25.0,0,25.0,4.0,0,Construction of additional major Bridge with 4- lane configuration of length 1.48 km on NH-60 NH-14 over River Kangshabati from Km. 117.770 to Km 119.250 and additional major Bridge with 4- lane configuration of length 0.900 km on NH-60 NH- 14 over River Shilabati from Km. 173.220 to Km 174.120 in the district of Paschim Medinipur of West Bengal under Annual Plan for FY 2023-24 on EPC mode. Job No 014-W8-2023-24/527 .,0,0,on_roster,0
617894,Roads & Highways,Ministry of Road Transport & Highways,morth,West Bengal,6.020610642838686,1096.0,1127.0,65.11,38.2226,-26.8874,0,1,0.0,275.0,0,1.0282846715328466,1.0183968462549278,1,8.015768725361367,4.352670491803279,0,"Construction or 4 lane Raniganj Bypass of length 5.261 km on NH-60 new NH-14 from km 273.00 of NH to km 478.18 of NH-2 New NH 16 in paschim Bardhaman, West Bengal in EPC Mode- reg. Job No. 014-WB-2022-23/514",1,0,on_roster,1
617931,Roads & Highways,Ministry of Road Transport & Highways,morth,West Bengal,5.055417436868149,3440.0,3683.0,15.7,0.0,-15.7,1,1,-11.099,577.0,0,1.070639534883721,7.982917214191852,1,10.972404730617608,7.682910179640718,0,Construction of ROB and its approaches in lieu of LC No. 10/B/T at Km 307.050 of NH-60.,1,0,on_roster,1
617960,Roads & Highways,Ministry of Road Transport & Highways,morth,West Bengal,5.60642687106484,822.0,3530.0,84.6,71.851,-12.749,1,1,7.3865,2769.0,0,4.294403892944039,88.96189224704337,1,2.0039421813403417,7.684852459016396,0,Construction of new road at the missing link portion of NH-81 along approved alignment between Harishchandrapur and Eastern approach of Kalindri Bridge from Km 46.550 to Km 59.697 in the district of Malda. Job No-081-WB-2015-16/400,1,0,on_roster,1
618227,Roads & Highways,Ministry of Road Transport & Highways,morth,West Bengal,6.903787417420752,1280.0,1492.0,71.03,43.0967,-27.9333,1,1,6.448,546.0,0,1.165625,6.964520367936925,1,10.972404730617608,2.6402598802395207,0,Development to 4/6-lanning of NH-31 New NH-10 with both side service roads from km 569.258 to km 581.030 end of AH-02 project on NH- 31 near Shivmandir to Sevoke Army Cantonment in districts of Darjeeling and Jalpaiguri in the state of West Bengal on EPC Mode Job No. 010/WB/2021-22/490,0,0,on_roster,0
618427,Roads & Highways,Ministry of Road Transport & Highways,nhidcl,West Bengal,5.743067288319104,1034.0,2130.0,95.6,2.2317,-93.3683,1,1,-11.9735,1126.0,0,2.0599613152804643,36.00525624178712,1,0.9855453350854139,4.464533333333339,0,Construction & upgradation of existing road to 2-lane with paved shoulder including geometric improvement of Kafer- Lava More section from km 40.00 to km 61.100 of NH717-A on EPC under SARDP-NE A in state of West Bengal Pkg-VA,1,0,on_roster,1
618429,Roads & Highways,Ministry of Road Transport & Highways,nhidcl,West Bengal,5.847536438300897,669.0,2130.0,94.71,100.0531,5.3431,1,1,14.5376,1491.0,0,3.1838565022421523,47.99605781865966,1,0.9855453350854139,5.367586666666673,0,Construction & upgradation of existing road to 2-lane with paved shoulder including geometric improvement of sect. from Pedong bypass to Reshi Border km 79.700 to km 96.254 of NH-717A under SARDP-NE-A on EPC as part of Alternate connectivity to Gangtok Lava More-Reshi Border Pkg-VB,1,0,on_roster,1
618430,Roads & Highways,Ministry of Road Transport & Highways,nhidcl,West Bengal,6.0012663520802425,1492.0,2953.0,98.54,0.0,-98.54,0,1,0.0,1491.0,0,1.9792225201072386,47.99605781865966,1,0.9855453350854139,1.481413333333327,0,Construction of alternative highway to Gangtok in Sikkim via Bagrakot -Chuikhim- Nimbong -Kafer-Bakhim-Algarah-Rhenock in the State of West Bengal and from Rhenok-Rorathang-Pakyong along with spur from Aritar-Rolep-Menla in the State of Sikkim from Km 0.00 to Km 13.00 of Bagrakot -Kafer section of NH 717A on EPC Mode under Phase-A of SARDP-NE in the State of West Bengal PKG- IVA,1,0,on_roster,1
618431,Roads & Highways,Ministry of Road Transport & Highways,nhidcl,West Bengal,5.693631123599825,1857.0,2953.0,96.91,0.1318,-96.7782,0,1,0.0,1126.0,0,1.5901992460958536,36.00525624178712,1,0.9855453350854139,3.1353200000000037,0,Construction of alternative highway to Gangtok in Sikkim via Bagrakot -Chuikhim- Nimbong -Kafer-Bakhim-Algarah-Rhenock in the State of West Bengal and from Rhenok-Rorathang-Pakyong along with spur from Aritar-Rolep-Menla in the State of Sikkim from Km 13.00 to Km 25.60 of Bagrakot -Kafer section of NH 717A on EPC Mode under Phase-A of SARDP-NE in the State of West Bengal PKG- IVB,1,0,on_roster,1
618572,Roads & Highways,Ministry of Road Transport & Highways,national highways authority of india [nhai],West Bengal,5.739760757321436,975.0,396.0,1.07,0.1307,-0.9393,1,0,-1.2807,0.0,0,0.40615384615384614,-19.021024967148488,0,19.021024967148488,5.201086701208982,0,Binnaguri Bypass-Descoped portion of Ghoshpukur-Dhupguri Section of NH-31Dpkg-1,0,0,on_roster,0
618574,Roads & Highways,Ministry of Road Transport & Highways,national highways authority of india [nhai],West Bengal,7.506295032749006,1308.0,882.0,55.2,44.2747,-10.9253,1,0,-47.081,0.0,0,0.6743119266055045,-13.994743758212877,0,13.994743758212877,3.201201877934272,0,Balance Works of 4L of NH-31D from Km. 113.200 to Km. 154.854 Package-II A Ghoshpukur-Salsalabari Section,0,0,on_roster,0
618808,Roads & Highways,Ministry of Road Transport & Highways,national highways authority of india [nhai],West Bengal,7.101313467702079,1371.0,1127.0,37.35,25.1523,-12.1977,1,1,-0.7793,365.0,0,0.8220277169948942,-8.015768725361367,0,20.006570302233904,3.131471264367816,0,6L Elevated Kona Expressway from Km. 0.145 to Km. 7.337 of NH-117,0,0,on_roster,0
618823,Roads & Highways,Ministry of Road Transport & Highways,national highways authority of india [nhai],West Bengal,5.866496385143948,731.0,790.0,35.78,24.5244,-11.2556,1,1,-1.5965,393.0,0,1.0807113543091655,1.938239159001314,1,10.972404730617608,5.852864670658683,0,4 laning of Barasat - Barajaguli Section of NH-12 from Km. 31.000 to Km. 48.679 in the district of North 24 - Parganas,1,0,on_roster,1
618824,Roads & Highways,Ministry of Road Transport & Highways,national highways authority of india [nhai],West Bengal,5.308762624409575,671.0,761.0,48.82,28.8004,-20.0196,1,1,-1.6708,365.0,0,1.1341281669150522,2.9566360052562417,1,9.034165571616294,5.665160727272728,0,"Development to 4-laning of the de-scoped stretches from Km 115.342 to Km 191.700 of NH-34 in Nadia District 3.962 & Murshidabad District 5.538 pertaining to Krishnagar to Berhampore section of NH-34 New NH-12 , in the state of West Bengal under NHO.",1,0,on_roster,1
618825,Roads & Highways,Ministry of Road Transport & Highways,national highways authority of india [nhai],West Bengal,6.434610722183835,1218.0,2800.0,96.17,52.6265,-43.5435,1,1,3.8679,1735.0,0,2.2988505747126435,51.971090670170824,1,5.026281208935611,0.7619947712418297,0,Bridge over Ganga River at d/s of Farraka Barrage including Approaches connecting Farakka-Raiganj,0,0,on_roster,0
619004,Roads & Highways,Ministry of Road Transport & Highways,morth,West Bengal,6.331128114582922,1736.0,1127.0,3.5,0.0,-3.5,0,0,0.0,0.0,0,0.6491935483870968,-20.006570302233904,0,20.006570302233904,4.823415435139573,0,"Construction of Dubrajpur Bypass with 4-lane configuration of length 5.676 km on NH- 60 new NH-14 from design chainage 0.00 existing km 316.135 on NH-60 to design chainage 5.676 existing km 320.980 on NH-60 in the district of Birbhum, West Bengal under Annual Plan 2022-23 in EPC Mode- reg. Job. No. 014-WB-2022- 23/518 .",0,0,on_roster,0
619187,Roads & Highways,Ministry of Road Transport & Highways,nhidcl,West Bengal,5.032201072010817,1216.0,790.0,27.3,0.0,-27.3,0,0,0.0,0.0,0,0.649671052631579,-13.994743758212877,0,13.994743758212877,5.19480751173709,0,"Slope protection and landslide mitigation at 4 vulnerable locations km 1.950 to Km 2.100, km 11.100 to 11.450, km 22.435 to km 22.485 and km 22.610 to km 22.680 within Sevoke-Rangpo section of NH-10 old NH-31A in Darjeeling & Kalimpong district in the State of West Bengal on EPC mode",0,0,on_roster,0
709859,Telecommunication,Department of Telecommunications,national communication academy - finance [erstwhile nicf],Delhi,5.518255786913298,1949.0,4200.0,98.0,95.6446,-2.3554,0,1,0.0,2312.0,0,2.1549512570549,73.94875164257556,1,2.0039421813403417,0.9980327868852459,0,SETTING UP OF PHYSICAL INFRASTRUCTURE FOR THE NATIONAL INSTITUTE OF COMMUNICATION FINANCE [NICF] AT GHITORNI,1,0,on_roster,1
701598,Telecommunication,Department of Telecommunications,department of telecommunications,Meghalaya,6.8803429713718,912.0,2404.0,99.84,23.9506,-75.8894,0,1,0.0,1553.0,1,2.6359649122807016,49.01445466491458,1,2.0039421813403417,0.07984262295081797,0,Provision of 4G based Mobile Services in Uncovered Villages and National Highways of Meghalaya,0,0,on_roster,0
617413,Telecommunication,Department of Telecommunications,department of telecommunications [dot],"Multi-States (Andhra Pradesh, Bihar, Chhattisgarh, Jharkhand, Madhya Pradesh, Maharashtra, Odisha, Telangana, Uttar Pradesh, West Bengal)",7.542001351621921,1126.0,1461.0,98.0,19.9936,-78.0064,0,1,0.0,304.0,0,1.2975133214920072,11.005256241787121,1,-1.0183968462549278,,0,Mobile connectivity in Left Wing Extremism [LWE] affected areas-Phase 1 Upgradation,1,0,on_roster,1
701599,Telecommunication,Department of Telecommunications,department of telecommunications [dot],"Multi-States (Andhra Pradesh, Bihar, Chhattisgarh, Jharkhand, Madhya Pradesh, Maharashtra, Odisha, Telangana, Uttar Pradesh, West Bengal)",7.3642746529128,1765.0,2892.0,88.0,44.4773,-43.5227,0,1,0.0,1096.0,0,1.638526912181303,37.023653088042046,1,-1.0183968462549278,,0,Mobile connectivity in Left Wing Extremism [LWE] affected areas-Phase2,1,0,on_roster,1
701602,Telecommunication,Department of Telecommunications,department of telecommunications [dot],"Multi-States (Andhra Pradesh, Chhattisgarh, Jharkhand, Maharashtra, Odisha)",8.212297138229768,730.0,1612.0,83.0,39.5525,-43.4475,0,1,0.0,912.0,0,2.208219178082192,28.97503285151117,1,0.9855453350854139,17.249333333333336,0,"Provision of 4G based mobile services in 7,287 uncovered villages of 44 Aspirational District across 5 states of Andhra Pradesh, Chhattisgarh, Jharkhand, Maharashtra & Odisha",1,0,on_roster,1
701597,Telecommunication,Department of Telecommunications,department of telecommunications,"Multi-States (Arunachal Pradesh, Assam)",7.136077398336776,851.0,1947.0,99.43,26.4781,-72.9519,0,1,0.0,1065.0,1,2.2878965922444183,36.00525624178712,1,-1.0183968462549278,,0,Provision of 4G Mobile Services in Uncovered Villages of Arunachal Pradesh and 2 Districts of Assam,1,0,on_roster,1
704495,Telecommunication,Department of Telecommunications,department of telecommunications [dot],"Multi-States (Bihar, Madhya Pradesh, Rajasthan, Uttar Pradesh)",6.046544413374937,821.0,2313.0,99.0,66.8123,-32.1877,1,1,-45.7038,1553.0,0,2.817295980511571,49.01445466491458,1,2.0039421813403417,0.49901639344262294,0,"502 Aspirational District Scheme in Four states - Bihar, Madhya Pradesh, Rajastha and Uttar Pradesh",0,0,on_roster,0
400013,Telecommunication,Department of Telecommunications,department of telecommunications [dot],PAN India,10.177970397179921,701.0,1370.0,84.0,31.9784,-52.0216,1,1,16.3551,638.0,1,1.9543509272467903,21.97766097240473,1,-1.0183968462549278,,0,Saturation 4G mobile coverage of Uncovered Villages through USOF,1,0,on_roster,1
701593,Telecommunication,Department of Telecommunications,department of telecommunications [dot],PAN India,10.256500800641868,1216.0,1977.0,98.23,43.238,-54.992,1,1,-31.174,730.0,0,1.6258223684210527,25.0,1,-1.0183968462549278,,0,4G Services by BSNL,0,0,on_roster,0
706775,Telecommunication,Department of Telecommunications,department of telecommunications [dot],PAN India,11.020430797888961,2222.0,3196.0,82.4,24.6976,-57.7024,1,1,207.647,1308.0,1,1.4383438343834383,31.99737187910644,1,10.972404730617608,1.604023952095808,0,BharatNet,0,0,on_roster,0
709856,Telecommunication,Department of Telecommunications,bsnl,PAN India,6.471000721926966,458.0,1066.0,92.1,58.5293,-33.5707,0,1,0.0,669.0,1,2.3275109170305677,19.97371879106439,1,2.0039421813403417,3.942229508196724,0,MPLS-IP BASED ACCESS AND AGGREGATION NETWORK [MAAN] IN BSNL ALONG WITH TEST AND MEASURING EQUIPMENT,1,0,on_roster,1
709857,Telecommunication,Department of Telecommunications,bsnl,PAN India,10.10828585406347,762.0,1066.0,98.23,34.5171,-63.7129,1,1,-0.0002,457.0,0,1.398950131233596,9.986859395532194,1,5.026281208935611,0.35214901960784234,0,"Planning, Engineering, Supply, Installation, Testing, Commissioning, Integration & Annual Maintenance of 4G mobile network at 1 Lakh sites on PAN India basis including Mumbai & Delhi LSA on turnkey basis under Phase IX.2 Project.",0,0,on_roster,0
616600,Waste & Water,"Department of Water Resources, River Development & GR",national mission for clean ganga,Bihar,6.026566211693331,2680.0,3104.0,97.0,30.6492,-66.3508,0,1,0.0,668.0,0,1.1582089552238806,13.92904073587385,1,8.015768725361367,0.3742622950819672,0,Interception and Diversion and STP works in Bhagalpur under Hybrid annuity based PPP mode-Namami Gange Programme,0,0,on_roster,0
616611,Waste & Water,"Department of Water Resources, River Development & GR",national mission for clean ganga,Bihar,6.715383386334681,3044.0,3165.0,57.0,48.1444,-8.8556,0,1,0.0,274.0,0,1.0397503285151117,3.9750328515111693,1,5.026281208935611,8.555032679738563,0,Sewage Treatment Plant 100MLD and Sewerage Network 288 km in Digha-Patna under Hybrid annuity based PPP mode-Namami Gange Programme,0,0,on_roster,0
616612,Waste & Water,"Department of Water Resources, River Development & GR",national mission for clean ganga,Bihar,6.362838430381235,3044.0,3165.0,54.0,29.6758,-24.3242,0,0,0.0,0.0,0,1.0397503285151117,3.9750328515111693,1,-3.9750328515111693,,0,Sewage Treatment Plant 50MLD and Sewerage Network 150 km in Kankarbagh- Patna under Hybrid annuity based PPP mode-Namami Gange Programme,0,0,on_roster,0
616615,Waste & Water,"Department of Water Resources, River Development & GR",national mission for clean ganga,Bihar,5.442677417054872,5510.0,5875.0,97.0,113.8051,16.8051,0,1,0.0,244.0,0,1.0662431941923776,11.990801576872535,1,-3.9750328515111693,,0,"Sewer Network, SPS and STP at Begusarai",1,0,on_roster,1
616616,Waste & Water,"Department of Water Resources, River Development & GR",national mission for clean ganga,Bihar,5.724205824297079,5571.0,5875.0,95.0,113.5227,18.5227,0,1,0.0,183.0,0,1.0545683001256507,9.986859395532194,1,-3.9750328515111693,,0,"Sewer Networks, SPS and STP at Hajipur",1,0,on_roster,1
616594,Waste & Water,"Department of Water Resources, River Development & GR",national mission for clean ganga,Uttar Pradesh,6.73726347394176,1796.0,2161.0,80.0,24.7717,-55.2283,0,1,0.0,609.0,0,1.203229398663697,11.990801576872535,1,8.015768725361367,2.495081967213115,0,Interception & Diversion with Rehabilitation of sewerage scheme at Agra under Hybrid annuity based PPP model-Namami Gange Programme,0,0,on_roster,0
616605,Waste & Water,"Department of Water Resources, River Development & GR",national mission for clean ganga,Uttar Pradesh,6.539166792636632,1675.0,2161.0,51.0,5.0368,-45.9632,0,1,0.0,881.0,0,1.2901492537313433,15.965834428383705,1,12.976346911957949,3.7761012658227853,0,Pollution Abatement Works for River Kali Meerut under Meerut Municipality Interception & Diversion with STP,0,0,on_roster,0
616604,Waste & Water,"Department of Water Resources, River Development & GR",national mission for clean ganga,West Bengal,5.048123738507248,2496.0,2892.0,93.0,62.1534,-30.8466,0,1,0.0,518.0,0,1.1586538461538463,13.009198423127463,1,4.0078843626806835,1.7465573770491802,0,Pollution Abatement works for River Ganga at Hooghly Chinsurah- Municipal Town Interception & Diversion with STP,0,0,on_roster,0
400100,Unknown,Water Resources,water resources-ap,Andhra Pradesh,5.869438146097783,5357.0,7670.0,95.88,85.283,-10.597,1,1,189.8286,2374.0,0,1.4317715139070375,75.9855453350854,1,2.0039421813403417,2.0559475409836088,0,Sardar Gouthu Latchanna Thotapalli Barrage Project,0,0,on_roster,0
400101,Unknown,Water Resources,water resources-ap,Andhra Pradesh,5.98748162579704,5357.0,7670.0,98.3,88.8255,-9.4745,1,1,75.4838,2647.0,0,1.4317715139070375,75.9855453350854,1,10.972404730617608,0.1549341317365272,0,Gundlakamma project,0,0,on_roster,0
701415,Unknown,Water Resources,water resources-ap,Andhra Pradesh,9.225429949496785,4838.0,6299.0,86.14,48.0203,-38.1197,1,1,447.2237,1430.0,0,1.3019842910293509,47.99605781865966,1,-1.0183968462549278,,0,Polavaram Irrigation Project,0,0,on_roster,0
701370,Unknown,Water Resources,"department of water resources, river development & gr",Assam,5.549698459273486,9740.0,10957.0,55.44,17.45,-37.99,0,1,0.0,1186.0,1,1.1249486652977412,39.98028909329829,1,-1.0183968462549278,,0,Borolia Irrigation Project,0,0,on_roster,0
400111,Unknown,Water Resources,water resources-ct,Chhattisgarh,6.13333296495721,4261.0,6574.0,72.0,85.1191,13.1191,1,1,58.0625,2374.0,0,1.5428303215207697,75.9855453350854,1,2.0039421813403417,13.972459016393442,0,Kelo Irrigation Project,0,0,on_roster,0
701399,Unknown,Water Resources,"department of water resources, river development & gr",Chhattisgarh,5.9487918828210296,6088.0,6209.0,86.31,65.1495,-21.1605,0,1,0.0,90.0,0,1.0198751642575559,3.9750328515111693,1,-1.0183968462549278,,0,Kudali Irrigation Project,0,0,on_roster,0
701372,Unknown,Water Resources,"narmada and water resources, water supply and kalpsar department-gj",Gujarat,9.938814637656021,8644.0,10957.0,93.7,95.3561,1.6561,1,1,61.2715,2282.0,0,1.267584451642758,75.9855453350854,1,-1.0183968462549278,,0,Sardar Sarovar Project,0,0,on_roster,0
701376,Unknown,Water Resources,department of water resources-jh,Jharkhand,8.245061581352754,3166.0,5479.0,70.0,62.6311,-7.3689,1,1,151.5798,2282.0,0,1.7305748578648137,75.9855453350854,1,-1.0183968462549278,,0,"Subernarekha Multipurpose Project, Jharkhand",0,0,on_roster,0
701377,Unknown,Water Resources,water resources-ka,Karnataka,6.647895874731268,2070.0,4383.0,99.32,94.367,-4.953,1,1,108.5372,2282.0,0,2.117391304347826,75.9855453350854,1,-1.0183968462549278,,0,Upper Tunga Irrigation Project,0,0,on_roster,0
400115,Unknown,Water Resources,water resources-mp,Madhya Pradesh,6.622776216771132,4261.0,6574.0,75.0,91.1199,16.1199,1,1,18.95,2282.0,0,1.5428303215207697,75.9855453350854,1,-1.0183968462549278,,0,Bargi Diversion Project Phase - IV [km. 154 to km 197],0,0,on_roster,0
400116,Unknown,Water Resources,water resources-mp,Madhya Pradesh,7.11489139215053,4627.0,6940.0,81.42,156.4657,75.0457,1,1,13.8754,2557.0,0,1.499891938621137,75.9855453350854,1,8.015768725361367,2.317931147540983,0,Bargi Diversion Project Phase - III [km. 104 to km 154],0,0,on_roster,0
617422,Unknown,Water Resources,department of water resources-mh,Maharashtra,7.562582540551889,9192.0,8736.0,49.5,101.3385,51.8385,0,0,0.0,0.0,0,0.9503916449086162,-14.98028909329829,0,14.98028909329829,3.3710964912280703,0,Bodwad Parisar Sinchan Yojna,0,0,on_roster,0
701383,Unknown,Water Resources,department of water resources-mh - ii,Maharashtra,6.966014753099349,8644.0,10957.0,89.57,88.5875,-0.9825,1,1,66.0554,2282.0,0,1.267584451642758,75.9855453350854,1,-1.0183968462549278,,0,Waghur Project,0,0,on_roster,0
701386,Unknown,Water Resources,department of water resources-mh - ii,Maharashtra,8.881484854363716,4261.0,6574.0,72.65,112.2885,39.6385,1,1,77.4495,3105.0,0,1.5428303215207697,75.9855453350854,1,26.018396846254927,1.0511792929292927,0,Gosikhurd Project,0,0,on_roster,0
701391,Unknown,Water Resources,department of water resources-mh - ii,Maharashtra,5.353988563918498,3896.0,6209.0,98.1,117.8359,19.7359,1,1,599.5201,2192.0,0,1.5936858316221767,75.9855453350854,1,-3.9750328515111693,,0,Aruna Medium Irrigation Project,1,0,on_roster,1
701396,Unknown,Water Resources,department of water resources-mh - ii,Maharashtra,5.5489593465640565,4261.0,6574.0,65.0,102.3914,37.3914,1,1,478.4662,2374.0,0,1.5428303215207697,75.9855453350854,1,2.0039421813403417,17.4655737704918,0,Lower Pedhi Project,0,0,on_roster,0
701398,Unknown,Water Resources,department of water resources-mh - ii,Maharashtra,5.3587537353518675,3896.0,6209.0,72.59,80.0742,7.4842,1,1,269.739,2374.0,0,1.5936858316221767,75.9855453350854,1,2.0039421813403417,13.678039344262293,0,Nardave Medium Irrigation Project,0,0,on_roster,0
701400,Unknown,Water Resources,water resources department-mn,Manipur,7.279622237659366,8279.0,10592.0,98.9,100.8599,1.9599,1,1,25.7203,2282.0,1,1.2793815678222007,75.9855453350854,1,-1.0183968462549278,,0,Thoubal Multipurpose Project,1,0,on_roster,1
701412,Unknown,Water Resources,"department of water resources, river development & gr","Multi-States (Bihar, Jharkhand)",7.392197912273729,1308.0,3165.0,38.0,7.1159,-30.8841,1,1,49.837,1826.0,0,2.419724770642202,61.00525624178712,1,-1.0183968462549278,,0,North Koel Reservoir Project,1,0,on_roster,1
701530,Unknown,Water Resources,"department of water resources, river development,","Multi-States (Madhya Pradesh, Uttar Pradesh)",9.953752818683679,,,0.0,40.5652,40.5652,0,0,0.0,0.0,0,,-34.98685939553219,0,34.98685939553219,2.8582159624413146,0,Ken-Betwa Linking Development Project,0,0,on_roster,0
603945,Unknown,Water Resources,water resources-or,Odisha,6.342174234227796,8279.0,10592.0,62.85,92.8489,29.9989,1,1,427.3178,2374.0,0,1.2793815678222007,75.9855453350854,1,2.0039421813403417,18.538459016393443,0,Integrated Anandpur Barrage Project,0,0,on_roster,0
701402,Unknown,Water Resources,"department of water resources, river development & gr",Odisha,8.025150066949614,8766.0,11079.0,95.5,114.7743,19.2743,1,1,129.8255,2282.0,0,1.2638603696098563,75.9855453350854,1,-1.0183968462549278,,0,"Subernarekha Project, Odisha",0,0,on_roster,0
701404,Unknown,Water Resources,irrigation and cad-tg,Odisha,6.898139192263174,6088.0,8401.0,79.5,121.8522,42.3522,1,1,132.5864,2374.0,0,1.379927726675427,75.9855453350854,1,2.0039421813403417,10.22983606557377,0,Kanupur Irrigation Project,0,0,on_roster,0
701410,Unknown,Water Resources,department of water resources-pb,Punjab,7.273966606723639,1947.0,3712.0,90.0,90.2598,0.2598,1,1,70.8339,1826.0,0,1.9065228556753981,57.98291721419185,1,2.0039421813403417,4.99016393442623,0,Relining of Rajasthan feeder and Sirhind Feeder canal,0,0,on_roster,0
701411,Unknown,Water Resources,department of water resources-pb,Punjab,7.734913112303117,4503.0,5903.0,88.0,81.0819,-6.9181,1,1,18.8069,1461.0,0,1.310903841883189,45.992115637319316,1,2.0039421813403417,5.988196721311475,0,Shahpur Kandi Dam Project,0,0,on_roster,0
400102,Unknown,Water Resources,irrigation and cad-tg,Telangana,6.602764267407719,8644.0,10957.0,97.0,102.274,5.274,1,1,29.0356,2192.0,0,1.267584451642758,75.9855453350854,1,-3.9750328515111693,,0,Sri Ram Sagar Project Stage - II,0,0,on_roster,0
400103,Unknown,Water Resources,irrigation and cad-tg,Telangana,7.1946620509661665,8644.0,10957.0,92.0,75.6063,-16.3937,1,1,346.1872,2557.0,0,1.267584451642758,75.9855453350854,1,8.015768725361367,0.9980327868852459,0,Indiramma Flood Flow Canal Project,0,0,on_roster,0
701405,Unknown,Water Resources,irrigation and cad-tg,Telangana,9.01209794809698,4992.0,7305.0,87.7,32.4816,-55.2184,1,1,79.6186,2192.0,0,1.4633413461538463,75.9855453350854,1,-3.9750328515111693,,0,J. Chokka Rao Devadula Lift Irrigation Scheme,0,0,on_roster,0
701408,Unknown,Water Resources,irrigation & water resources-up,Uttar Pradesh,6.967598419050651,4261.0,6574.0,82.39,103.5889,21.1989,1,1,316.4547,2192.0,0,1.5428303215207697,75.9855453350854,1,-3.9750328515111693,,0,Madhya Ganga canal Phase-II,0,0,on_roster,0
613787,Unknown,Water Resources,irrigation-uk,Uttarakhand,7.8575194709138305,2070.0,913.0,25.08,49.0461,23.9661,0,0,0.0,0.0,0,0.44106280193236713,-38.009198423127465,0,38.009198423127465,1.9711018150388937,0,Jamrani Dam Multipurpose Project,0,0,on_roster,0
400005,Unknown,Transmission & Distribution,power grid corporation of india limited [powergrid],"Multi-States (Dadra & Nagar Haveli and Daman & Diu, Gujarat, Maharashtra)",8.422280132748876,516.0,1551.0,99.9,99.5999,-0.3001,0,1,0.0,1065.0,0,3.005813953488372,34.00131406044678,1,0.9855453350854139,0.1014666666666609,0,Transmission Network Expansion in Gujarat to increase its ATC from ISTS Part B,0,0,completed,0
400035,Energy Storage,Ministry of Petroleum & Natural Gas,indian oil corporation limited [iocl],Tripura,6.48768401848461,1188.0,1400.0,97.0,81.8857,-15.1143,0,1,0.0,273.0,1,1.1784511784511784,6.964520367936925,1,2.0039421813403417,1.4970491803278687,0,"Grass Root Rail-fed Depot at Sekerkote, Agartala as resitement of existing Dharmanagar Depot",0,0,completed,0
400078,Energy Storage,Ministry of Petroleum & Natural Gas,ministry of petroleum & natural gas,"Multi-States (Gujarat, Haryana, Rajasthan)",9.10819689830748,1096.0,1582.0,91.4,79.3179,-12.0821,0,1,0.0,547.0,0,1.4434306569343065,15.965834428383705,1,2.0039421813403417,4.291540983606555,0,New Mundra Panipat Crude Oil Pipeline,0,0,completed,0
400259,Unknown,Electricity Generation,nlc india limited [nlcil],Uttar Pradesh,9.754917936226658,1584.0,3561.0,95.68,97.5052,1.8252,1,1,26.3555,1946.0,0,2.2481060606060606,64.94743758212877,1,-1.0183968462549278,,0,Ghatampur Thermal Power Plant 3 X 660 MW,0,0,completed,0
607701,Unknown,Oil & Gas,ministry of petroleum & natural gas,Assam,6.024173721517687,883.0,1796.0,94.9,79.3137,-15.5863,1,1,39.9466,943.0,1,2.0339750849377123,29.993429697766096,1,0.9855453350854139,5.174799999999995,0,"Guwahati Refinery Expansion [1.0 to 1.2 MMTPA] along with installation of CRU, Guwahati Refinery",0,0,completed,0
611947,Unknown,Transmission & Distribution,power grid corporation of india limited [powergrid],Rajasthan,6.062155975230515,578.0,882.0,98.4,96.9998,-1.4002,0,1,0.0,365.0,0,1.5259515570934257,9.986859395532194,1,2.0039421813403417,0.7984262295081939,0,Transmission System for Evacuation of Power from REZ in Rajasthan 20GW under Phase III- Part E2,0,0,completed,0
611948,Unknown,Transmission & Distribution,power grid corporation of india limited [powergrid],Rajasthan,7.555381944240273,548.0,913.0,98.33,96.9534,-1.3766,0,1,0.0,426.0,0,1.666058394160584,11.990801576872535,1,2.0039421813403417,0.8333573770491811,0,Transmission system for evacuation of power from REZ in Rajasthan 20 GW under Phase-III part H,0,0,completed,0
611966,Unknown,Transmission & Distribution,power grid corporation of india limited [powergrid],Maharashtra,5.4179209661938685,608.0,882.0,94.8,91.9968,-2.8032,0,1,0.0,274.0,0,1.450657894736842,9.00131406044678,1,0.0,,0,Transmission System for Evacuation of power from Potential RE Zone in Khavda Area of Gujarat under phase IV 7GW-Part E4,0,0,completed,0
611967,Unknown,Transmission & Distribution,power grid corporation of india limited [powergrid],Andhra Pradesh,6.714170529909472,731.0,943.0,98.34,97.0,-1.34,0,1,0.0,242.0,0,1.2900136798905608,6.964520367936925,1,0.9855453350854139,1.6843466666666633,0,Transmission Scheme for Solar Energy Zone in Ananthpuram 2500MW and Kurnool 1000MW,0,0,completed,0
612188,Healthcare,Ministry of Labour and Employment,employee's state insurance company [esic],Maharashtra,6.064366435091649,2680.0,2892.0,78.0,79.6506,1.6506,0,1,0.0,334.0,0,1.0791044776119403,6.964520367936925,1,4.0078843626806835,5.489180327868852,0,"Construction of 200 Bedded [Upgradable to 500 Bedded including 50 beds of SST] ESIC Hospital at Bibewadi, Pune",0,0,completed,0
612201,Healthcare,Ministry of Labour and Employment,employee's state insurance company [esic],Assam,4.971409247595418,2678.0,3043.0,98.0,84.0582,-13.9418,1,1,8.043,426.0,1,1.1362957430918597,11.990801576872535,1,2.0039421813403417,0.9980327868852459,0,"Construction of 200 bedded ESIC Hospital with 62 Nos Staff quarters , Beltola",0,0,completed,0
612819,Unknown,Electricity Generation,nlc india limited [nlcil],Rajasthan,7.503289630675082,793.0,1370.0,100.0,96.6944,-3.3056,0,1,0.0,456.0,0,1.7276166456494326,18.95532194480946,1,-3.9750328515111693,,0,300 MW SPP part of 510 MW CPSU scheme,0,0,completed,0
615327,Unknown,Electricity Generation,nlc india limited [nlcil],Tamil Nadu,5.389208706736104,578.0,974.0,100.0,77.948,-22.052,0,1,0.0,275.0,0,1.685121107266436,13.009198423127463,1,-3.9750328515111693,,0,50 MW Solar PP Minedout Area,0,0,completed,0
617253,Unknown,Steel,steel authority of india limited [sail],Jharkhand,6.243817325006178,700.0,974.0,97.3,79.4831,-17.8169,0,1,0.0,304.0,0,1.3914285714285715,9.00131406044678,1,0.9855453350854139,2.739600000000003,0,Revamping of old sub-systems of Blast Furnace 3 at Bokaro Steel Plant,0,0,completed,0
617887,Roads & Highways,Ministry of Road Transport & Highways,morth,Rajasthan,5.940776332780459,1034.0,1947.0,99.0,47.2299,-51.7701,0,1,0.0,792.0,0,1.8829787234042554,29.993429697766096,1,-3.9750328515111693,,0,Beawer Gomti 4LPS from km 58.245 to km 108.600 Pkg-I,0,0,completed,0
617891,Roads & Highways,Ministry of Road Transport & Highways,morth,Rajasthan,5.232658217741762,884.0,1492.0,100.0,35.8044,-64.1956,0,1,0.0,365.0,0,1.6877828054298643,19.97371879106439,1,-7.982917214191852,,0,"Construction of Two lane with Paved Shoulder for Fatehpur Bypass Design Km 0.000 to Km 7.400 , Mandawa Bypass Design Km 20.925 to Km 27.300 & Jhunjhunu Bypass Design Km 41.625 to Km 54.689 of NH-11 on EPC Mode in the state of Rajasthan .",0,0,completed,0
617900,Roads & Highways,Ministry of Road Transport & Highways,morth,Rajasthan,5.018008048425669,1005.0,1582.0,97.0,8.1274,-88.8726,0,1,0.0,365.0,0,1.5741293532338307,18.95532194480946,1,-6.964520367936925,,0,Upgradation to Two Lane Paved Shoulder in km 33/0 to 126/520 of NH-23 Old NH- 11B Kothun-Lalsot-Karoli-Dholpur road in the state of Rajasthan under EPC mode Length-93.52 Km.,0,0,completed,0
617907,Roads & Highways,Ministry of Road Transport & Highways,morth,Andhra Pradesh,6.080139123547622,1005.0,1582.0,100.0,50.7281,-49.2719,0,1,0.0,577.0,0,1.5741293532338307,18.95532194480946,1,0.0,,0,Rehabilitation and Up-gradation from Km 170700 Bhadrachalam to Km 234567 Konta on NH-30 to Two lane with Paved Shoulder in the State of Andra Pradesh on EPC mode.,0,0,completed,0
617915,Roads & Highways,Ministry of Road Transport & Highways,morth,Madhya Pradesh,5.799516806919395,1339.0,1551.0,93.68,0.0,-93.68,1,1,-3.0534,242.0,0,1.1583271097834205,6.964520367936925,1,0.9855453350854139,6.412693333333327,0,Upgradation of Dindori-Sagartola-kabichabutra MP-CG border section of NH -45 from km 000Design to km 77.00 Design to Two lane with paved shoulder configration along with one time improvement in 04 nos. of bypaased built-up areas in a total length of 9.1 km in the state of Madhya Pradesh on EPC mode.,0,0,completed,0
617924,Roads & Highways,Ministry of Road Transport & Highways,morth,Odisha,5.708206009715981,1186.0,1551.0,100.0,27.4132,-72.5868,0,1,0.0,334.0,0,1.3077571669477235,11.990801576872535,1,-1.0183968462549278,,0,Construction of bypass to Nayagarh town from km 235.469 to 252.482 of NH-57 including land acquisition in the state of Odisha.,0,0,completed,0
617949,Roads & Highways,Ministry of Road Transport & Highways,morth,Andhra Pradesh,5.079290330745667,1096.0,1127.0,100.0,37.1164,-62.8836,0,0,0.0,0.0,0,1.0282846715328466,1.0183968462549278,1,-1.0183968462549278,,0,Tadipatri Bypass Km 0000 to Km 6285 of 4-Lane on NH-67 in Anantapuramu district of AP state under NHO on EPC Mode under Annual Plan 2022-23,0,0,completed,0
617954,Roads & Highways,Ministry of Road Transport & Highways,morth,Karnataka,5.990163701374934,1068.0,1492.0,93.25,53.0993,-40.1507,0,1,0.0,424.0,0,1.3970037453183521,13.92904073587385,1,0.0,,0,Balance work of Rehabilitation and upgrading to 2lane/2lane with paved shoulder configuration and strengthening from from Km 343.80 to 400.33 of Gowribidanur-Chik Ballapur section in the state of Karnataka Under Annual Plan 2021-22 under EPC Mode.-952,0,0,completed,0
617959,Roads & Highways,Ministry of Road Transport & Highways,morth,Bihar,6.1707398019655315,1402.0,1857.0,95.66,65.2071,-30.4529,0,0,0.0,0.0,0,1.3245363766048501,14.947437582128778,1,-14.947437582128778,,0,Rehabilitation & Widening work for 2 Lane with Paved Shoulder of Existing NH-80 from km 70.15 to Km 121.025 of Munger-Suttanganj -BhagatpurMirzachowki section on EPC Mode in the State of Bihar.,0,0,completed,0
617970,Roads & Highways,Ministry of Road Transport & Highways,morth,Uttarakhand,5.645729543207584,973.0,3469.0,100.0,58.8946,-41.1054,0,1,0.0,1583.0,0,3.565262076053443,81.99737187910644,1,-29.993429697766096,,0,Reconstruction of existing 2 L/IL to 2L with paved shoulder from existing km 52.200 to 92.880 of NH-,0,0,completed,0
617973,Roads & Highways,Ministry of Road Transport & Highways,morth,Chhattisgarh,5.245970886175828,1096.0,3073.0,97.0,54.322,-42.678,0,1,0.0,1918.0,0,2.803832116788321,64.94743758212877,1,-1.938239159001314,,0,Strengthening and widening of existing 2 lane road to two lane paved shoulder from km 7.750 to 26.542 & km. 32.093 to 45.786 of NH-130 on EPC mode in the state of chhattisgarh.job No. 130-CG-2017-18-348,0,0,completed,0
617975,Roads & Highways,Ministry of Road Transport & Highways,morth,Uttarakhand,5.475584504594719,975.0,3318.0,100.0,33.4581,-66.5419,0,1,0.0,1704.0,0,3.403076923076923,76.97109067017082,1,-20.992115637319316,,0,Rehabilitation and upgradation to 2 lane with paved shoulder configuration from km 122.00 Dharasu Bend to km 147.230 Silkyara Bend of NH-94 in the state of Uttarakhand,0,0,completed,0
617981,Roads & Highways,Ministry of Road Transport & Highways,morth,Telangana,5.886104031450156,791.0,3318.0,99.92,0.0,-99.92,0,1,0.0,2557.0,0,4.1946902654867255,83.01576872536137,1,0.9855453350854139,0.08117333333333161,0,Widening to Two with Paved shoulders from Km 59.500 to Km 132.033 of Manneguda- Ravunapally section of NH-163 Erstwhile SH-4 in the State of Telangana on EPC mode under NH O Annual Plan 2016-17,0,0,completed,0
617982,Roads & Highways,Ministry of Road Transport & Highways,morth,Telangana,5.442547572219269,669.0,3012.0,0.0,0.0,0.0,0,1,0.0,396.0,0,4.502242152466367,76.97109067017082,1,-63.96189224704336,,0,Widening and strengthening of existing 2-lane to 2- lane with paved shoulders from km 159/0 to 165/4 and 186/0 to 215/0 of NH-163 on EPC mode int the state of Telangana,0,0,completed,0
617990,Roads & Highways,Ministry of Road Transport & Highways,morth,Andhra Pradesh,5.493061443340548,976.0,1127.0,95.94,32.4339,-63.5061,0,0,0.0,0.0,0,1.1547131147540983,4.9605781865965834,1,-4.9605781865965834,,0,Construction of bypass road to Adoni town connecting NH-167 Hagari - Jadcharla road from km.62/700 to 71/400 in Kurnool District in the State of Andhra Pradesh.,0,0,completed,0
617992,Roads & Highways,Ministry of Road Transport & Highways,morth,Telangana,5.780156924027929,915.0,2953.0,98.14,45.9961,-52.1439,0,1,0.0,2099.0,0,3.2273224043715847,66.95137976346912,1,2.0039421813403417,0.9281704918032784,0,Rehabilitation & upgradation of NH - 167 from design km 187.723 to 234.434 Miryalaguda to Kodad section to two lane with paved shoulder on EPC mode in the state of Telangana,0,0,completed,0
617993,Roads & Highways,Ministry of Road Transport & Highways,morth,Telangana,5.399428867916448,638.0,2981.0,97.74,0.0,-97.74,0,1,0.0,2404.0,0,4.672413793103448,76.97109067017082,1,2.0039421813403417,1.1277770491803303,0,Rehabilitation and upgradation of NH-167 from design km 157.707 to 187.723 design length 30.016 km to two lane with paved shoulders of Alinagar-Miryalaguda Sec on EPC mode in the state of Telangana,0,0,completed,0
617996,Roads & Highways,Ministry of Road Transport & Highways,morth,Telangana,5.700443573390687,853.0,3469.0,95.6,78.7584,-16.8416,0,1,0.0,2585.0,0,4.066822977725674,85.93955321944809,1,-1.0183968462549278,,0,Widening to 2/4 Lane with paved shoulders from Km 182.120 to Km 227.600 of NH 167 on Haggari-Jadcherla Road on EPC mode under NHO in the state of Telangana,0,0,completed,0
618002,Roads & Highways,Ministry of Road Transport & Highways,morth,Nagaland,5.26749726920815,1581.0,1885.0,0.0,51.6509,51.6509,0,0,0.0,0.0,1,1.1922833649588869,9.986859395532194,1,-9.986859395532194,,0,Widening of existing single lane to intermediate lane road from Mokokchung to Chare via Dikhu in the state of Nagaland on EPC mode,0,0,completed,0
618008,Roads & Highways,Ministry of Road Transport & Highways,morth,Uttar Pradesh,5.226230427653136,914.0,1857.0,100.0,64.8938,-35.1062,1,1,45.7723,457.0,0,2.0317286652078774,30.97897503285151,1,-15.965834428383705,,0,"Construction of four-lane elevated viaduct from km.4634 to km.6345 on NH-24A including Retaining wall, service lane, at grade road and improvement of junctions, on EPC mode",0,0,completed,0
618026,Roads & Highways,Ministry of Road Transport & Highways,morth,Telangana,6.407011990557659,852.0,3226.0,99.9,96.7145,-3.1855,0,1,0.0,2404.0,0,3.7863849765258215,77.98948751642575,1,0.9855453350854139,0.1014666666666609,0,Rehabilitation and upgradation to two lane with paved shoulders from Km 0/000 to 72/6 of NH-365 Nakrekal to Tanamcherla section under NHDP IV in the state of Telangana under EPC mode,0,0,completed,0
618045,Roads & Highways,Ministry of Road Transport & Highways,morth,Madhya Pradesh,5.193956351223294,1006.0,1492.0,67.0,40.0547,-26.9453,0,0,0.0,0.0,0,1.4831013916500995,15.965834428383705,1,-15.965834428383705,,0,"Construction of Mihona bypass, Lahar bypass, Daboh bypass & Bhander Bypass total length 20.60 km to 2-lane with paved shoulder from on Mihona-Bhander-MP/UP border section of NH 552E in the State of Madhya Pradesh on EPC mode",0,0,completed,0
618050,Roads & Highways,Ministry of Road Transport & Highways,morth,Himachal Pradesh,5.84900772680898,1126.0,2069.0,98.16,40.7832,-57.3768,1,1,3.9521,427.0,0,1.8374777975133214,30.97897503285151,1,-16.95137976346912,,0,Rehabilitation and Upgradation to 2-lane/Intermediate lane configuration of Ashyari- Shri Kyari Section km 50.000 to km 75.000 of NH-707 in the state of Himachal Pradesh under Green National Highways Corridor Project GNHCP with the loan assistance of World Bank on EPC mode.,0,0,completed,0
618064,Roads & Highways,Ministry of Road Transport & Highways,morth,Chhattisgarh,5.634682454571901,1522.0,2222.0,90.0,72.0687,-17.9313,0,0,0.0,0.0,0,1.459921156373193,22.996057818659658,1,-22.996057818659658,,0,Up-gradation of NH-930 Sherpar to Kohka from Km.67880 to Km.114860 to 2LPS in Chhattisgarh under EPC mode,0,0,completed,0
618078,Roads & Highways,Ministry of Road Transport & Highways,morth,Chhattisgarh,5.268682561418346,1004.0,1947.0,85.0,50.6212,-34.3788,0,1,0.0,884.0,0,1.9392430278884463,30.97897503285151,1,-1.938239159001314,,0,Up-gradation of NH-130C Abhanpur to Paund from NH Km. 0000 to KM 40380 to two lane with paved shoulders in the State of Chhattisgarh on EPC mode.,0,0,completed,0
618093,Roads & Highways,Ministry of Road Transport & Highways,morth,Rajasthan,6.732723090074991,1308.0,1520.0,0.0,6.5647,6.5647,0,0,0.0,0.0,0,1.162079510703364,6.964520367936925,1,-6.964520367936925,,0,Up-gradation to 2 lane with Paved shoulder from Charbhuja at Design km 0.00 existing km 150.00 to Neechli Oden Nathdwara at Design ch. Km 88.800 existing km 55.950 of NH-162E on EPC mode.,0,0,completed,0
618099,Roads & Highways,Ministry of Road Transport & Highways,morth,Maharashtra,5.106733042474897,761.0,761.0,100.0,60.1231,-39.8769,0,0,0.0,0.0,0,1.0,0.0,0,0.0,,0,"Rehabilitation & up-gradation for Talere Gaganbawada - kolhapur Road NH 166G stretch start from km. 0/00 to Km. 06/00 and km. 13/00 to km 19/440 of NH-166G, length 12.440 km in the State of Maharashtra.",0,0,completed,0
618110,Roads & Highways,Ministry of Road Transport & Highways,morth,Uttar Pradesh,5.730456862070388,912.0,1612.0,0.0,40.9886,40.9886,0,1,0.0,426.0,0,1.7675438596491229,22.996057818659658,1,-9.00131406044678,,0,Improvement and upgradation to two lane with Paved Shoulder configuration from existing km 55.00 to km 90.00 Design length 34.76 of NH-227A near Chhapia Village to near Sikriganj in the State of UP on EPC Mode.,0,0,completed,0
618118,Roads & Highways,Ministry of Road Transport & Highways,morth,Rajasthan,5.1667269461604395,853.0,1492.0,100.0,36.4518,-63.5482,0,1,0.0,365.0,0,1.7491207502930832,20.992115637319316,1,-9.00131406044678,,0,Upgradation of two lane paved shoulder from Shahpura existing km. 0.00 Design Ch. 000 to Thanagazi existing Km.37352 Design Ch. 36810 of NH-248A on EPC mode in the State of Rajasthan.,0,0,completed,0
618132,Roads & Highways,Ministry of Road Transport & Highways,morth,Telangana,5.333346615467431,851.0,2981.0,98.57,74.1134,-24.4566,0,0,0.0,0.0,0,3.5029377203290246,69.97371879106439,1,-69.97371879106439,,0,Widening & strengthening of existing carriageway in 2 lane with paved shoulders from km 25/0 to 59/2 design Ch km 25.467 to 59.200 of NH - 353C on EPC mode in the state of Telangana,0,0,completed,0
618136,Roads & Highways,Ministry of Road Transport & Highways,morth,Maharashtra,5.4180540481503705,914.0,1857.0,91.0,0.0,-91.0,0,1,0.0,912.0,0,2.0317286652078774,30.97897503285151,1,-1.0183968462549278,,0,Upgradatiobn and Rehabilitation of Section of NH 361 F from Parli 00/000 to Gangakhed 30/400 to Two Lanes with paved shoulder / Four lane configurations on EPC mode in the State of Maharashtra.,0,0,completed,0
618142,Roads & Highways,Ministry of Road Transport & Highways,morth,Telangana,5.503459866752694,850.0,3377.0,99.96,0.0,-99.96,0,1,0.0,123.0,0,3.9729411764705884,83.01576872536137,1,-78.97503285151117,,0,Widening to Two lane with Paved shoulders from km.40/410 to 84/037 of Thirumanlagiri-- Suryapet Section of NH-365B earstwhile section of SH-16,0,0,completed,0
618143,Roads & Highways,Ministry of Road Transport & Highways,morth,Telangana,5.288267030694535,944.0,3318.0,92.74,0.0,-92.74,0,0,0.0,0.0,0,3.514830508474576,77.98948751642575,1,-77.98948751642575,,0,widening to two lane with Paved shoulders from Km.0/970 to Km.40/410 of Jangaon - Thirumal giriof NH- 365B in the state of Telanganaon EPC mode under NHO Annual Plan 2016-17,0,0,completed,0
618145,Roads & Highways,Ministry of Road Transport & Highways,morth,Andhra Pradesh,6.344091308200145,1037.0,1492.0,98.63,53.3567,-45.2733,0,1,0.0,455.0,0,1.4387656702025073,14.947437582128778,1,0.0,,0,Widening to two lane with paved shoulder of Rampachodavaram - Koyyuru section of NH 516E from Km 43700 to Km 113820 in the State of Andhra Pradesh on EPC mode Job No. 737,0,0,completed,0
618161,Roads & Highways,Ministry of Road Transport & Highways,morth,Andhra Pradesh,6.734567878477328,1371.0,1492.0,99.45,42.3296,-57.1204,0,1,0.0,121.0,0,1.088256746900073,3.9750328515111693,1,0.0,,0,Widening and Reconstruction of existing road to four lane from Km.56400 to Km 120300 i.e. from B.Kothapalli Junction to Gorantla excluding Kadiri Bypass from Km 70200 to Km 77105 of NH 716G in the State of Andhra Pradesh on EPC mode Job no. 742,0,0,completed,0
618175,Roads & Highways,Ministry of Road Transport & Highways,morth,Maharashtra,6.06331998420841,1157.0,1492.0,93.46,0.0,-93.46,0,1,0.0,396.0,0,1.2895419187554018,11.005256241787121,1,2.0039421813403417,3.263567213114757,0,Rehabilitation and Upgradation of Satana to Mangrul Chandwad Section of NH752 G Design Ch Km 64.000 to Ch Km 101.140 two lane with paved shoulder/four lane configuration in the state of Maharashtra on EPC mode.,0,0,completed,0
618191,Roads & Highways,Ministry of Road Transport & Highways,morth,Andhra Pradesh,6.001959284200623,1096.0,1551.0,99.06,56.3291,-42.7309,0,1,0.0,424.0,0,1.4151459854014599,14.947437582128778,1,-1.0183968462549278,,0,"Rehabilitation and upgradation of NH-167AD from Macherla to Dachepalli via Paluvai Junction, Rentachinthala, Gurazala from Km.0.000 to 43.659 to two lane with paved shoulders in the state of Andhra Pradesh job-729",0,0,completed,0
618237,Roads & Highways,Ministry of Road Transport & Highways,morth,Andhra Pradesh,5.577652197511989,914.0,3318.0,98.4,57.5289,-40.8711,0,1,0.0,2192.0,0,3.6301969365426694,78.97503285151117,1,-6.964520367936925,,0,Rehabilitation and Up-gradation of Pasarlapudi to Dhindi section from Km 105/170 to Km 126/510 of NH -214 New NH -216 to two lane with paved shoulder in the state of Andhra Pradesh under NHDP-IV,0,0,completed,0
618258,Roads & Highways,Ministry of Road Transport & Highways,morth,Andhra Pradesh,5.695951895541013,1126.0,2069.0,91.5,82.1556,-9.3444,1,1,-2.545,213.0,0,1.8374777975133214,30.97897503285151,1,-23.98160315374507,,0,Two laning with paved shoulders of Gondiguda to Araku uptoBhallaguda section of NH 516E,0,0,completed,0
618259,Roads & Highways,Ministry of Road Transport & Highways,morth,Andhra Pradesh,5.409903463000054,942.0,2069.0,100.0,55.038,-44.962,0,1,0.0,366.0,0,2.1963906581740975,37.023653088042046,1,-25.0,,0,Two laning with paved shoulders of Paderu to GundigudaSection of NH 516E,0,0,completed,0
618285,Roads & Highways,Ministry of Road Transport & Highways,nhidcl,Assam,5.661987784999155,1675.0,1857.0,100.0,65.0949,-34.9051,0,1,0.0,92.0,1,1.1086567164179104,5.978975032851511,1,-2.9566360052562417,,0,Widening/Improvement to 4 -Lane with Paved Shoulder from Ch. 88.000km to Ch.99.930 km Design Ch.84.100km to Ch.96.000 km of Sagunbashi forest near Nichinta to starting of Krishnai Bypass Section of Bilasipura Guwahati road NH 17 on EPC Package-7,0,0,completed,0
618327,Roads & Highways,Ministry of Road Transport & Highways,nhidcl,Assam,6.440372213058983,1034.0,1673.0,0.0,0.0,0.0,0,1,0.0,243.0,1,1.6179883945841393,20.992115637319316,1,-13.009198423127463,,0,Widening/Improvement to 4-Lane with Paved Shoulder from KM 113300 to Km 146230 Design Chainage 113830 to 145712 of Kwaram Taro Village - Dillai Section in Assam on EPC Package-6,0,0,completed,0
618329,Roads & Highways,Ministry of Road Transport & Highways,nhidcl,Nagaland,6.709779836947925,1308.0,3346.0,0.0,0.0,0.0,0,1,0.0,883.0,1,2.558103975535168,66.95137976346912,1,-37.943495400788436,,0,Construction of 4/6 Laning from Km 132.375 to Km 153.058 Total New Alignment length of 20.683 Km of Daboka-Dimapur Section Dimapur Bypass Nagaland Portion of NH-36 & 39 in the State of Nagaland on EPC basis under PhaseA of SARDP-NE,0,0,completed,0
618330,Roads & Highways,Ministry of Road Transport & Highways,nhidcl,Assam,6.238363686776588,1706.0,2953.0,100.0,126.6506,26.6506,0,1,0.0,1035.0,1,1.7309495896834701,40.9658344283837,1,-6.964520367936925,,0,Construction of 4/6 Laning from existing Km 159.400 of NH-36 to existing Km 102.500 of NH-39 and upto end point of Assam portion [Design Km 118.050 to design Km 132.375] Total New Alignment length of 14.325 Km of Daboka -Dimapur Section Dimapur Bypass in the state of Assam under SARDP-NE 'Phase-A' on EPC mode Assam Portion,0,0,completed,0
618341,Roads & Highways,Ministry of Road Transport & Highways,nhidcl,Mizoram,6.262979127147586,1249.0,1673.0,95.31,75.2778,-20.0322,0,1,0.0,485.0,1,1.3394715772618095,13.92904073587385,1,2.0039421813403417,2.3403868852459,0,Up-gradation to 2-lane with paved shoulders of Ngopa - Pawlrang section of NH 102B of Aizawl - Imphal Economic Corridor from Existing Chainage km 32.796 to km 72.030 [Design Chainage km 31.280 to km 68.170] in the State of Mizoram under Bharatmala Pariyojna on EPC mode under NHO-NE Package-2 Keifang- Tuivai Pkg-2,0,0,completed,0
618342,Roads & Highways,Ministry of Road Transport & Highways,nhidcl,Mizoram,5.337057194863967,822.0,2222.0,0.0,0.0,0.0,0,1,0.0,731.0,1,2.7031630170316303,45.992115637319316,1,-21.97766097240473,,0,Rehabilitation and upgradation to 2 Lane with Paved shoulder of Economic corridor of NH-6 from Design chaiange Km 0.000 to Km 13.510 Package-1 in the state of Mizoram under Bharatmala Pariyojana on EPC mode,0,0,completed,0
618343,Roads & Highways,Ministry of Road Transport & Highways,nhidcl,Mizoram,5.680957284014257,822.0,2222.0,0.0,0.0,0.0,0,1,0.0,914.0,1,2.7031630170316303,45.992115637319316,1,-15.965834428383705,,0,"Rehabilitation and Up gradation to 2-lane with paved shoulder of Keifang Section Economic Corridor of NH-06 from Existing Chainage Km 30050 Keifang to Km 50360 Keifang, Design Chainage Km 27400 to Km 45040 PkgIII in the State of Mizoram under Bharatmala Pariyojna on EPC Mode Seling-Dulte - III",0,0,completed,0
618372,Roads & Highways,Ministry of Road Transport & Highways,nhidcl,Assam,6.8134665772913605,1037.0,1492.0,100.0,70.2405,-29.7595,0,1,0.0,151.0,1,1.4387656702025073,14.947437582128778,1,-9.986859395532194,,0,"Widening / Improvement to 4-Lane with Paved Shoulder configuration of existing single lane road from Kachukhana Harichara Paglagaunj to Dhubri - Phulbari Bridge approach Package-II of Srirampur - Dhubri Section of NH-127B from existing Km 28.050 to Km 55.060 Design Km 27.650 to Km 54.154, Design Length26.504 Km under JICA ODA Loan assistance Phase-V [Srirampur - Dhubri Pkg-2]",0,0,completed,0
618381,Roads & Highways,Ministry of Road Transport & Highways,nhidcl,Mizoram,6.646078777951144,1369.0,2404.0,98.73,21.9548,-76.7752,0,1,0.0,700.0,1,1.7560262965668372,34.00131406044678,1,-11.005256241787121,,0,Widening and up-gradation to 2-lane with paved shoulder configuration and geometric improvements from km 250.00 Lunglei to km 298.00 on Aizawl-Tuipang section under JICA ODA Loan assistance Phase-I Package-6,0,0,completed,0
618382,Roads & Highways,Ministry of Road Transport & Highways,nhidcl,Mizoram,6.408133325723472,1674.0,2404.0,100.0,0.0013,-99.9987,1,1,23.8642,395.0,1,1.4360812425328555,23.98160315374507,1,-11.005256241787121,,0,Widening and up-gradation to 2-lane with paved shoulder configuration and geometric improvements from km 298.00 to km 339.00 on Aizawl-Tuipang section under JICA ODA Loan assistance Phase-I Package-7,0,0,completed,0
618384,Roads & Highways,Ministry of Road Transport & Highways,nhidcl,Mizoram,6.802894638365962,1308.0,2404.0,99.88,21.3008,-78.5792,0,1,0.0,731.0,1,1.837920489296636,36.00525624178712,1,-11.990801576872535,,0,Widening and Up-gradation to 2- Lane with Paved Shoulder Configuration and geometric improvement from Km. 166. 000 to Km 208.000 Package-4 on Aizawl Tuipang Section of NH-54 in the State of Mizoram Package-4,0,0,completed,0
618386,Roads & Highways,Ministry of Road Transport & Highways,nhidcl,Tripura,5.629418059367339,700.0,2251.0,0.0,0.0,0.0,1,1,8.8396,1004.0,1,3.2157142857142857,50.9526938239159,1,-17.969776609724047,,0,Rehabilitation & Upgradation of Road from Km 0.00 to Km 18.600 Total length-18.600 km of Kumarghat-Kailashahar section on NH-208 to 2-lane with Paved shoulder on EPC bais under NHO,0,0,completed,0
618396,Roads & Highways,Ministry of Road Transport & Highways,nhidcl,Jammu and Kashmir,6.189187721075281,546.0,1885.0,0.0,0.0,0.0,0,1,0.0,792.0,0,3.4523809523809526,43.98817345597897,1,-17.969776609724047,,0,Construction & Upgradation to 2 lane with paved shoulder from Design Km. 31.449 Khellani Ex. Km 44.946 to Km 51.700 Prem Nagar Ex. Km 68617 of 20.251 Km length on Khellani - Kishtwar - Chattroo section of NH-244 in the UT of J&K on EPC Mode under NHO-Gen PKG- 1,0,0,completed,0
618432,Roads & Highways,Ministry of Road Transport & Highways,nhidcl,Arunachal Pradesh,5.436861175996095,1885.0,3346.0,99.52,0.0,-99.52,0,1,0.0,456.0,1,1.7750663129973474,47.99605781865966,1,-33.01576872536137,,0,Construction of Balance work of 2-Lane with PS of Joram-Koloriang Road NH-713 on EPC basis from Design Km 44.989 to Km 61.547 Existing Km 50.050 to Km 70.000 in the state of Arunachal Pradesh under SARDP-NE Pkg-3,0,0,completed,0
618456,Roads & Highways,Ministry of Road Transport & Highways,national highways authority of india [nhai],Rajasthan,7.021396415471186,1277.0,2343.0,99.8,81.7053,-18.0947,1,1,6.6842,670.0,0,1.8347689898198905,35.019710906701704,1,-13.009198423127463,,0,Delhi-Vadodara Greenfield Alignment NH-148N Pkg-14 Ch. 388.420 to Ch. 419.000 [Junction with NH- 76 to Junction with NH-12 near village Ummedpura],0,0,completed,0
618460,Roads & Highways,Ministry of Road Transport & Highways,national highways authority of india [nhai],Gujarat,7.142337162437177,1156.0,2038.0,100.0,68.3413,-31.6587,1,1,0.2849,912.0,0,1.7629757785467128,28.97503285151117,1,0.9855453350854139,0.0,0,Delhi-Vadodara Greenfield Alignment NH-148N Pkg-28 Ch.756052 to Ch.781282,0,0,completed,0
618464,Roads & Highways,Ministry of Road Transport & Highways,national highways authority of india [nhai],Gujarat,7.728794229346754,1309.0,2161.0,98.9,59.9081,-38.9919,1,1,89.1525,882.0,0,1.6508785332314744,27.989487516425754,1,0.9855453350854139,1.1161333333333276,0,Vadodara Mumbai Expressway Ena -Kim Phase IB - Pkg VI [Km 217.500 to Km 254.430],0,0,completed,0
618465,Roads & Highways,Ministry of Road Transport & Highways,national highways authority of india [nhai],Gujarat,7.445008594583406,1218.0,2100.0,97.05,63.642,-33.408,1,1,98.3401,912.0,0,1.7241379310344827,28.97503285151117,1,0.9855453350854139,2.9932666666666696,0,Vadodara Mumbai Expressway Gandeva to Ena Phase IB - Pkg VII [Km 190.00 to Km 217.500],0,0,completed,0
618468,Roads & Highways,Ministry of Road Transport & Highways,national highways authority of india [nhai],Maharashtra,7.330215154466163,1430.0,2130.0,99.76,42.4959,-57.2641,1,1,25.5288,700.0,0,1.4895104895104896,22.996057818659658,1,0.0,,0,Vadodara Mumbai Expressway Phase II - Pkg XI [Km. 77.000 to Km. 103.400] Ganjad - Talsari,0,0,completed,0
618484,Roads & Highways,Ministry of Road Transport & Highways,national highways authority of india [nhai],Haryana,7.382292366559245,1095.0,1947.0,79.08,34.8209,-44.2591,1,1,12.9268,152.0,0,1.7780821917808218,27.989487516425754,1,-22.996057818659658,,0,Delhi-Amritsar-Katra Expressway Phase-I Pkg-III from Junction with Jind-Panipat road NH-352A near Gangana village to Junction with Jind-Karnal road NH-709A near Alewa village Km 60800 to Km 91400,0,0,completed,0
618485,Roads & Highways,Ministry of Road Transport & Highways,national highways authority of india [nhai],Haryana,7.176216304986807,1064.0,1916.0,76.13,35.6758,-40.4542,1,1,20.7896,91.0,0,1.800751879699248,27.989487516425754,1,-25.0,,0,Delhi-Amritsar-Katra Expressway Phase-I Pkg-IV from Junction with Jind-Karnal road NH-709A near Alewa village to Junction with Ambala-Kaithal-Hissar road NH-152 near Kharak Pandwa village Km 91400 to Km 120250,0,0,completed,0
618487,Roads & Highways,Ministry of Road Transport & Highways,national highways authority of india [nhai],Punjab,7.473534888621166,1308.0,1947.0,95.8,70.4749,-25.3251,1,1,0.8239,700.0,0,1.488532110091743,20.992115637319316,1,2.0039421813403417,2.095868852459018,0,Delhi-Amritsar-Katra Expressway Phase-I Pkg-VII from Junction with Patiala-Bathinda road NH-7 near Bhawanigarh to Junction with Ludhiana-Malerhkotla SH-11 near Bhogiwal village Km 188830 to km 225770,0,0,completed,0
618498,Roads & Highways,Ministry of Road Transport & Highways,national highways authority of india [nhai],Uttar Pradesh,7.813009330138729,1247.0,1582.0,99.8,47.362,-52.438,1,1,0.7056,335.0,0,1.268644747393745,11.005256241787121,1,0.0,,0,6L Greenfield Kanpur - Lucknow Expressway Pkg II from km. 28.500 to km. 73.744,0,0,completed,0
618501,Roads & Highways,Ministry of Road Transport & Highways,national highways authority of india [nhai],Gujarat,7.1693500166706,1340.0,2161.0,100.0,71.2466,-28.7534,1,1,9.48,851.0,0,1.612686567164179,26.971090670170828,1,0.9855453350854139,0.0,0,Ahmedabad - Dholera Pkg I from km. 0.00 to km. 22.00 [Sardar Patel Ring Road - Sindhrej Village],0,0,completed,0
618502,Roads & Highways,Ministry of Road Transport & Highways,national highways authority of india [nhai],Gujarat,7.255831358425504,1340.0,2161.0,100.0,78.3337,-21.6663,1,1,22.2102,851.0,0,1.612686567164179,26.971090670170828,1,0.9855453350854139,0.0,0,Ahmedabad - Dholera Pkg II from km. 22.00 to km. 48.52 [Sindhrej Village - Vejallka Village],0,0,completed,0
618515,Roads & Highways,Ministry of Road Transport & Highways,national highways authority of india [nhai],"Multi-States (Karnataka, Maharashtra)",7.300000048919446,1247.0,1612.0,100.0,95.2362,-4.7638,1,1,-16.3767,395.0,0,1.2927024859663192,11.990801576872535,1,0.9855453350854139,0.0,0,6L from Belgaum to Sankeshwar Bypass from Km. 515.000 to Km. 555.017 of NH-48 Pkg-I,0,0,completed,0
618527,Roads & Highways,Ministry of Road Transport & Highways,national highways authority of india [nhai],Andhra Pradesh,7.086378338090959,1461.0,2282.0,99.92,48.534,-51.386,1,1,47.1509,851.0,0,1.5619438740588638,26.971090670170828,1,0.9855453350854139,0.08117333333333161,0,Six Laning of Vijayawada Bypass from Gollapudi to Chinnakakani in Vijayawada - Gundugolanu Section from km. 30.00 to km. 47.881 Pkg-IV,0,0,completed,0
618532,Roads & Highways,Ministry of Road Transport & Highways,national highways authority of india [nhai],"Multi-States (Bihar, Jharkhand)",7.5084910741704665,1004.0,1765.0,97.92,82.0338,-15.8862,1,1,-59.4992,791.0,0,1.7579681274900398,25.0,1,0.9855453350854139,2.110506666666665,0,6L of Aurangabad to Bihar-Jharkhand border Chordaha section from km. 209.827 to Km. 249.525 of NH-19 PKG-02,0,0,completed,0
618553,Roads & Highways,Ministry of Road Transport & Highways,national highways authority of india [nhai],Uttar Pradesh,6.865494750267535,1127.0,1551.0,99.7,73.3164,-26.3836,1,1,8.0199,454.0,0,1.3762200532386868,13.92904073587385,1,0.9855453350854139,0.3043999999999971,0,6L of Agra Bypass Northern connecting Km. 174.500 of NH-2 new NH-19 to Km. 141.000 of Yamuna Expressways,0,0,completed,0
618562,Roads & Highways,Ministry of Road Transport & Highways,national highways authority of india [nhai],Tamil Nadu,6.363028103540465,1310.0,7609.0,100.0,0.4738,-99.5262,1,0,-48.9637,0.0,0,5.0,206.9316688567674,1,-206.9316688567674,,0,Dindigul Bypass - Samyanallore from km. 373.275 to km. 426.00,0,0,completed,0
618565,Roads & Highways,Ministry of Road Transport & Highways,nhai,Uttar Pradesh,6.268054074127818,731.0,1127.0,81.85,92.363,10.513,1,1,-46.5989,153.0,0,1.5417236662106704,13.009198423127463,1,-7.982917214191852,,0,Strengthening of existing 4L Ayodhya Bypass Section from design Km. 121 600 to Km. 144020 of NH 28 New NH 27Pkg-3,0,0,completed,0
618570,Roads & Highways,Ministry of Road Transport & Highways,national highways authority of india [nhai],Bihar,5.788644320836681,1035.0,1643.0,99.78,90.5673,-9.2127,1,1,-23.5433,608.0,0,1.58743961352657,19.97371879106439,1,0.0,,0,4L Elevated Highway and at grade improvements at Gopalganj Town from Km. 384.000 to Km. 386.750 on NH-27,0,0,completed,0
618576,Roads & Highways,Ministry of Road Transport & Highways,national highways authority of india [nhai],Assam,5.641020152919886,823.0,1492.0,99.04,82.8826,-16.1574,1,0,-8.9831,0.0,1,1.8128797083839612,21.97766097240473,1,-21.97766097240473,,0,"6L Standalone Flyovers at Raha, Demow, Borghat, Kathiatali junctions and ROB at Jagiroad on stretches of NH 36 and NH 27",0,0,completed,0
618577,Roads & Highways,Ministry of Road Transport & Highways,national highways authority of india [nhai],"Multi-States (Delhi, Haryana)",7.709424970818542,1035.0,3012.0,100.0,43.1362,-56.8638,1,1,3.1464,2007.0,0,2.9101449275362317,64.94743758212877,1,0.9855453350854139,0.0,0,Dwarka Expressway Pkg-III Delhi/HR Border to Start of RoB Gurugram,0,0,completed,0
618578,Roads & Highways,Ministry of Road Transport & Highways,national highways authority of india [nhai],Delhi,7.291955891785577,1461.0,2100.0,98.25,64.3674,-33.8826,1,1,71.0693,669.0,0,1.4373716632443532,20.992115637319316,1,0.9855453350854139,1.7756666666666667,0,6L Access Controlled Highway from DND Maharani Bagh - Jn. with Jaitpur - Pushta Road of NH-148NA from km. 0.00 to km. 9.00 in NCR,0,0,completed,0
618582,Roads & Highways,Ministry of Road Transport & Highways,national highways authority of india [nhai],Bihar,7.157712119490971,1095.0,1916.0,100.0,46.7166,-53.2834,0,0,0.0,0.0,0,1.7497716894977169,26.971090670170828,1,-26.971090670170828,,0,4L of Galgalia - Bahadurganj section from Km 0.000 to Km 49.000 Package-I of NH327E,0,0,completed,0
618583,Roads & Highways,Ministry of Road Transport & Highways,national highways authority of india [nhai],Bihar,7.215070846781037,1095.0,1916.0,100.0,52.5438,-47.4562,0,1,0.0,121.0,0,1.7497716894977169,26.971090670170828,1,-22.996057818659658,,0,4L of Bahadurganj Araria section from Km 49.000 to Km 94.000 Package-II of NH- 327E,0,0,completed,0
618614,Roads & Highways,Ministry of Road Transport & Highways,national highways authority of india [nhai],Gujarat,6.624463554831649,1277.0,2251.0,99.0,74.411,-24.589,1,1,1.7214,1004.0,0,1.7627251370399373,31.99737187910644,1,0.9855453350854139,1.0146666666666668,0,Sanchore - Santalpur from km 67.000 - km 99.000 of NH-754K AJ-RGBS-Package-3,0,0,completed,0
618624,Roads & Highways,Ministry of Road Transport & Highways,national highways authority of india [nhai],"Multi-States (Maharashtra, Telangana)",6.988090251634412,1127.0,2953.0,96.02,13.614,-82.406,1,1,22.2112,-31.0,0,2.6202307009760424,59.98685939553219,1,-61.00525624178712,,0,Mangloor to Telangana Maharashtra Border,0,0,completed,0
618625,Roads & Highways,Ministry of Road Transport & Highways,national highways authority of india [nhai],Madhya Pradesh,7.069874128458572,1158.0,5965.0,99.93,6.4635,-93.4665,1,1,-81.5132,4837.0,0,5.0,157.91721419185282,1,0.9855453350854139,0.07102666666665974,0,Indore - Gujarat / MP Border from km. Km 9.500 to Km 171.000 of NH-59 in MP,0,0,completed,0
618638,Roads & Highways,Ministry of Road Transport & Highways,national highways authority of india [nhai],Maharashtra,7.727090077542276,1856.0,3591.0,98.84,38.6643,-60.1757,1,1,12.8973,1735.0,0,1.9348060344827587,56.99737187910644,1,0.0,,0,Tarsod - Fagne section of NH-6,0,0,completed,0
618652,Roads & Highways,Ministry of Road Transport & Highways,national highways authority of india [nhai],Maharashtra,7.124784173829824,1096.0,2953.0,100.0,23.492,-76.508,1,1,169.2254,1067.0,0,2.6943430656934306,61.00525624178712,1,-25.952693823915897,,0,Chakur Loha Section of NH-361 from km 114.600 to km 187.80,0,0,completed,0
618665,Roads & Highways,Ministry of Road Transport & Highways,national highways authority of india [nhai],Madhya Pradesh,6.674283575449255,1127.0,1857.0,98.64,68.8649,-29.7751,1,1,-16.49,760.0,0,1.64773735581189,23.98160315374507,1,0.9855453350854139,1.3799466666666662,0,4L of Sagar - Mohari from Km.8 to Km.50 Pkg-I,0,0,completed,0
618676,Roads & Highways,Ministry of Road Transport & Highways,national highways authority of india [nhai],"Multi-States (Chhattisgarh, Odisha)",6.17119942800517,1124.0,1885.0,99.95,46.6819,-53.2681,1,1,33.6068,761.0,0,1.6770462633451957,25.0,1,0.0,,0,6L of Dhanara - Hatibena Section from Km 124.611 to km 146.50 of NH-130-CD Package OD-1,0,0,completed,0
618692,Roads & Highways,Ministry of Road Transport & Highways,national highways authority of india [nhai],Uttar Pradesh,7.112848906118289,1553.0,2953.0,100.0,31.8501,-68.1499,1,1,68.7211,1522.0,0,1.901481004507405,45.992115637319316,1,4.0078843626806835,0.0,0,Aligarh-Kanpur Pkg I [Aligarh-Bhadwas],0,0,completed,0
618695,Roads & Highways,Ministry of Road Transport & Highways,national highways authority of india [nhai],Madhya Pradesh,7.045096903445133,1369.0,2282.0,98.21,50.4586,-47.7514,1,1,8.2375,943.0,0,1.66691015339664,29.993429697766096,1,0.9855453350854139,1.8162533333333397,0,Indore - Harda Pkg-III [Nanasa to Pidgaon Section from km 95.000 to km 142.445],0,0,completed,0
618698,Roads & Highways,Ministry of Road Transport & Highways,national highways authority of india [nhai],Karnataka,7.06349326979307,1767.0,2953.0,99.5,45.0261,-54.4739,1,1,60.4752,882.0,0,1.671194114318053,38.96189224704336,1,-9.986859395532194,,0,Challakere to Hariyur section from km 358.500 to km 414.205 of NH-150 A,0,0,completed,0
618699,Roads & Highways,Ministry of Road Transport & Highways,national highways authority of india [nhai],Gujarat,6.709475057392616,1280.0,2953.0,100.0,14.5447,-85.4553,1,0,58.3832,0.0,0,2.30703125,54.96057818659658,1,-54.96057818659658,,0,Pipli Bhavnagar-Package 1 from km 136.025 to km 169.328,0,0,completed,0
618701,Roads & Highways,Ministry of Road Transport & Highways,national highways authority of india [nhai],Madhya Pradesh,5.188390887169432,911.0,1916.0,57.14,92.8501,35.7101,1,1,-14.0476,275.0,0,2.1031833150384194,33.01576872536137,1,-23.98160315374507,,0,Balance work of 4L of Nauradehi Sanctuary de-scoped stretch of Hiran River to Sindoor River from Km. 66.00 to 130.00 NH-12 New NH-45,0,0,completed,0
618743,Roads & Highways,Ministry of Road Transport & Highways,national highways authority of india [nhai],Tamil Nadu,6.777509910034658,6514.0,7061.0,100.0,18.4521,-81.5479,1,0,-58.845,0.0,0,1.0839729812711083,17.969776609724047,1,-17.969776609724047,,0,Trichy 135.800 to Karur 218.000 section of NH-67 - Trichy Bypass,0,0,completed,0
618745,Roads & Highways,Ministry of Road Transport & Highways,national highways authority of india [nhai],Tamil Nadu,7.184325846679199,1155.0,1520.0,99.98,81.4802,-18.4998,1,1,-13.6946,395.0,0,1.316017316017316,11.990801576872535,1,0.9855453350854139,0.0202933333333293,0,4L of Vadugapatti to Therkuvenganallur Rajapalyam section from km 36.000 to km 71.600 of NH-744,0,0,completed,0
618748,Roads & Highways,Ministry of Road Transport & Highways,national highways authority of india [nhai],Andhra Pradesh,6.346285273046531,1400.0,1977.0,100.0,47.3232,-52.6768,1,1,32.0793,242.0,0,1.4121428571428571,18.95532194480946,1,-11.005256241787121,,0,Khammam-Devarapalle Pkg IV [4L Access Controlled Greenfield from Recherla village to Gurvaygudem village Design Chainage 105236 to 132664],0,0,completed,0
618749,Roads & Highways,Ministry of Road Transport & Highways,national highways authority of india [nhai],Andhra Pradesh,6.569397265400712,1370.0,1947.0,99.66,45.6534,-54.0066,1,1,30.1346,638.0,0,1.4211678832116788,18.95532194480946,1,2.0039421813403417,0.1696655737704935,0,Khammam-Devarapalle Pkg V [4L Access Controlled Greenfield from Gurvaygudem village to Devarapalle village Design Chainage 132664 to 162126,0,0,completed,0
618755,Roads & Highways,Ministry of Road Transport & Highways,national highways authority of india [nhai],"Multi-States (Rajasthan, Uttar Pradesh)",5.078480840991323,730.0,761.0,100.0,71.7391,-28.2609,1,1,-36.852,61.0,0,1.0424657534246575,1.0183968462549278,1,0.9855453350854139,0.0,0,4L of left out existing road section from Lalgopalganj Km 161.450 to Nawabganj Km 180.200 in Prayagraj,0,0,completed,0
618760,Roads & Highways,Ministry of Road Transport & Highways,national highways authority of india [nhai],"Multi-States (Haryana, Punjab)",6.472995233816948,973.0,1612.0,98.0,98.761,0.761,1,1,-13.9739,639.0,0,1.656731757451182,20.992115637319316,1,0.0,,0,4L Greenfield a Malout bypass from ch. Km 44.500 to ch. Km 35.500 on NH-07 and Ch. Km 0.000 to Km 6.984 on NH-09 bMandi Dabwali Bypass from Ch. 38.450 Km to Km 27.910 Pkg-02,0,0,completed,0
618770,Roads & Highways,Ministry of Road Transport & Highways,national highways authority of india [nhai],Uttar Pradesh,6.248352304386352,1096.0,1643.0,74.23,85.1913,10.9613,1,1,-47.0281,151.0,0,1.4990875912408759,17.969776609724047,1,-13.009198423127463,,0,4L Spur of Panipat - Shamli connecting NH-709AD Panipat Shamli Muzaffarnagar and NH-709A Karnal Meerut bypassing Shamli district UP,0,0,completed,0
618771,Roads & Highways,Ministry of Road Transport & Highways,national highways authority of india [nhai],"Multi-States (Andhra Pradesh, Tamil Nadu)",7.563070781233075,1399.0,1885.0,99.19,50.2103,-48.9797,1,1,-1.9416,486.0,0,1.3473909935668336,15.965834428383705,1,0.0,,0,6L of Varadharajula to Kumarajapet from km 0.000 to km 43.800 of NH-716B Pkg-I,0,0,completed,0
618773,Roads & Highways,Ministry of Road Transport & Highways,national highways authority of india [nhai],Tamil Nadu,6.111134689945915,882.0,5995.0,100.0,0.2586,-99.7414,1,0,0.5846,0.0,0,5.0,167.96977660972405,1,-167.96977660972405,,0,Tuticorin - Tirunelveli from km. 0.00 to km. 47.250,0,0,completed,0
618774,Roads & Highways,Ministry of Road Transport & Highways,national highways authority of india [nhai],Bihar,6.8932810306277075,1064.0,2069.0,100.0,96.4484,-3.5516,1,1,-15.9573,854.0,0,1.9445488721804511,33.01576872536137,1,-4.9605781865965834,,0,Ara - Mohania Pkg-II,0,0,completed,0
618779,Roads & Highways,Ministry of Road Transport & Highways,nhai,Bihar,7.317212408359839,669.0,1308.0,96.5,87.3214,-9.1786,1,1,-76.7468,669.0,0,1.9551569506726458,20.992115637319316,1,0.9855453350854139,3.5513333333333335,0,4L of Aurangabad-Paithan,0,0,completed,0
618819,Roads & Highways,Ministry of Road Transport & Highways,national highways authority of india [nhai],Odisha,5.215098787797103,546.0,2038.0,99.0,44.5042,-54.4958,1,1,9.7033,122.0,0,3.7326007326007327,49.01445466491458,1,-45.006570302233904,,0,Balance work of Panikoili Rimoli Section of new NH-20 from Km 0.00 to Km. 163.000,0,0,completed,0
618828,Roads & Highways,Ministry of Road Transport & Highways,national highways authority of india [nhai],"Multi-States (Jharkhand, Uttar Pradesh)",7.27065381612557,1280.0,1492.0,92.02,56.6463,-35.3737,1,1,2.023,242.0,0,1.165625,6.964520367936925,1,0.9855453350854139,8.097040000000005,0,4L from Km 219.600 Khajuri to Km 260.483 Wyndhamganj on NH-75 Sec-V,0,0,completed,0
618829,Roads & Highways,Ministry of Road Transport & Highways,national highways authority of india [nhai],Jharkhand,7.03039760027449,1125.0,2038.0,93.45,46.6684,-46.7816,0,0,0.0,0.0,0,1.8115555555555556,29.993429697766096,1,-29.993429697766096,,0,4L from km 196.87 Sankha to km 219.6 Khajuri on NH-75 [Rehla / Garhwa Bypass],0,0,completed,0
618833,Roads & Highways,Ministry of Road Transport & Highways,national highways authority of india [nhai],Gujarat,6.796834891396793,1612.0,3712.0,98.79,40.5395,-58.2505,1,1,26.1082,2130.0,0,2.30272952853598,68.98817345597897,1,0.9855453350854139,1.2277466666666603,0,Kodinar - Veraval Package VI from km. 221.610 to km. 263.00 of NH-8E & km. 120.900 to km. 121.150 of NH-8D,0,0,completed,0
618834,Roads & Highways,Ministry of Road Transport & Highways,national highways authority of india [nhai],Gujarat,5.098218729651401,549.0,1492.0,100.0,91.0473,-8.9527,1,1,17.993,578.0,0,2.7176684881602915,30.97897503285151,1,-11.990801576872535,,0,4L Kodinar - Veraval Package VI from km. 222.400 to km. 230.00 Kodinar Bypass of NH-8E NH 51 new,0,0,completed,0
618835,Roads & Highways,Ministry of Road Transport & Highways,national highways authority of india [nhai],Gujarat,6.550222824629276,761.0,2069.0,100.0,56.8871,-43.1129,1,0,5.3136,0.0,0,2.7187910643889617,42.96977660972404,1,-42.96977660972404,,0,4L of Bal Works of Talaja - Mahuva from 54.990 km. to 100.450 km. of Old NH-8E Package-II,0,0,completed,0
618839,Roads & Highways,Ministry of Road Transport & Highways,national highways authority of india [nhai],Bihar,7.17814113047549,1857.0,3377.0,100.0,38.5642,-61.4358,1,1,60.9567,1520.0,0,1.8185245018847604,49.93429697766097,1,0.0,,0,Aunta - Simaria including Ganga Bridge,0,0,completed,0
618849,Roads & Highways,Ministry of Road Transport & Highways,national highways authority of india [nhai],Chhattisgarh,6.0985460809640415,670.0,1431.0,100.0,95.5847,-4.4153,1,1,-7.053,791.0,0,2.135820895522388,25.0,1,0.9855453350854139,0.0,0,Conversion of Partially Excavated Escape Tunnel to Uni-Directional 2L Tunnelincluding construction of cross passages and approach roads on either side of the tunnel from Km 12.732 to Km 14.568 of Kiratpur to Nerchowk Section of NH-21,0,0,completed,0
618854,Roads & Highways,Ministry of Road Transport & Highways,national highways authority of india [nhai],Uttar Pradesh,6.561610412945142,1064.0,1885.0,97.2,68.5071,-28.6929,1,1,6.5274,517.0,0,1.7716165413533835,26.971090670170828,1,-9.986859395532194,,0,2L PS of Raebareli - Jagdishpur with 4L Jagdishpur Bypass Spur,0,0,completed,0
618855,Roads & Highways,Ministry of Road Transport & Highways,national highways authority of india [nhai],Uttar Pradesh,6.733020866875615,1068.0,1492.0,99.2,66.8288,-32.3712,0,1,0.0,424.0,0,1.3970037453183521,13.92904073587385,1,0.0,,0,"Improvement and Up-Gradation of Existing Road to 2/4L PS from Km 40.000 to 88.750, start of Khutar bypass to start of Shahjahanpur bypass of NH 731Pkg-I",0,0,completed,0
618864,Roads & Highways,Ministry of Road Transport & Highways,national highways authority of india [nhai],Uttar Pradesh,7.451886076625917,1155.0,1551.0,99.9,57.6608,-42.2392,1,1,5.729,426.0,0,1.3428571428571427,13.009198423127463,1,0.9855453350854139,0.1014666666666609,0,4L from Mathura Bypass Start at Existing Km. 154.20 of NH-44 to Gaju Village at Km 32.982 of NH-530B Pkg-IB,0,0,completed,0
618865,Roads & Highways,Ministry of Road Transport & Highways,national highways authority of india [nhai],Uttar Pradesh,7.234025653118753,1127.0,1582.0,99.99,54.9999,-44.9901,1,0,8.0626,0.0,0,1.4037267080745341,14.947437582128778,1,-14.947437582128778,,0,4L from Gaju Village at Km. 32.982 to Devinagar Bypass End at Km. 208.000 of NH- 530B Pkg-1C.,0,0,completed,0
618874,Roads & Highways,Ministry of Road Transport & Highways,national highways authority of india [nhai],Tamil Nadu,6.911856856003212,1308.0,7061.0,100.0,2.1638,-97.8362,1,1,-56.5541,5783.0,0,5.0,188.99474375821288,1,0.9855453350854139,0.0,0,Four Laning of Trichy - Dindigul from km. 333.00 to km. 421.273 of NH-45,0,0,completed,0
618897,Roads & Highways,Ministry of Road Transport & Highways,national highways authority of india [nhai],Tamil Nadu,7.765225510633361,1249.0,3318.0,100.0,42.9119,-57.0881,1,1,0.0301,2069.0,0,2.656525220176141,67.96977660972405,1,0.0,,0,4L of Sethiyathope -Cholapuram section from Km. 65.960 to Km. 116.440 section of NH45 C Pkg-II,0,0,completed,0
618912,Roads & Highways,Ministry of Road Transport & Highways,national highways authority of india [nhai],"Multi-States (Uttar Pradesh, Uttarakhand)",6.959142068998835,1037.0,1127.0,99.1,59.5344,-39.5656,1,1,6.2221,120.0,0,1.0867888138862103,2.9566360052562417,1,0.9855453350854139,0.9132000000000058,0,Construction of Rudrapur Bypass Section from Km. 0.000 to 20.640 in the state of Uttar Pradesh & Uttarakhand,0,0,completed,0
618913,Roads & Highways,Ministry of Road Transport & Highways,national highways authority of india [nhai],Odisha,6.41449121109515,1339.0,3104.0,96.52,18.1895,-78.3305,1,1,3.5005,1279.0,0,2.31814787154593,57.98291721419185,1,-15.965834428383705,,0,4-L of Rajamunda to Barkote Section of NH-23 from km. 287.200 to km. 337.185,0,0,completed,0
618915,Roads & Highways,Ministry of Road Transport & Highways,national highways authority of india [nhai],Bihar,7.401408293919412,1157.0,2404.0,89.01,93.7867,4.7767,1,1,-52.5313,912.0,0,2.0777873811581675,40.9658344283837,1,-11.005256241787121,,0,4L of Bal. works of Patna - Gaya -Dobhi Pkg-II from km. 39.00 to km. 83.00 of Old NH- 83,0,0,completed,0
618916,Roads & Highways,Ministry of Road Transport & Highways,national highways authority of india [nhai],Bihar,6.983289376592503,1157.0,2404.0,92.0,96.8838,4.8838,1,1,-25.7791,912.0,0,2.0777873811581675,40.9658344283837,1,-11.005256241787121,,0,4L of Bal. works of Patna - Gaya -Dobhi Pkg-III from km. 83.00 to km. 127.217 of Old NH-83,0,0,completed,0
618919,Roads & Highways,Ministry of Road Transport & Highways,national highways authority of india [nhai],Andhra Pradesh,6.789287008606059,976.0,1127.0,99.94,41.0052,-58.9348,1,0,2.9021,0.0,0,1.1547131147540983,4.9605781865965834,1,-4.9605781865965834,,0,4L PS from Mandlem Existing Km. 38.000/Design Km.30.600 to Atmakur Existing Km.73.000/Design Km 66.115 of NH340C Package2,0,0,completed,0
618935,Roads & Highways,Ministry of Road Transport & Highways,national highways authority of india [nhai],"Multi-States (Haryana, Punjab)",7.077244856960713,974.0,1278.0,100.0,38.0127,-61.9873,1,1,0.561,334.0,0,1.3121149897330595,9.986859395532194,1,0.9855453350854139,0.0,0,4L Ambala - Kalaamb from Km. -0.800 to Km. 33.015 of old NH-72,0,0,completed,0
618938,Roads & Highways,Ministry of Road Transport & Highways,national highways authority of india [nhai],"Multi-States (Maharashtra, Telangana)",6.921983574992768,945.0,1492.0,100.0,49.4308,-50.5692,1,1,25.7863,577.0,0,1.578835978835979,17.969776609724047,1,0.9855453350854139,0.0,0,4L of Rajura-Korpana-Adilabad Road upto M.S. Border from km 32.910 to km 89.090 of NH-353B,0,0,completed,0
618943,Roads & Highways,Ministry of Road Transport & Highways,national highways authority of india [nhai],Tamil Nadu,6.759522056418916,1492.0,7061.0,100.0,13.4618,-86.5382,1,1,18.4178,5599.0,0,4.732573726541555,182.95006570302232,1,0.9855453350854139,0.0,0,Salem - Ulundurpet section from km 0.313 to km 136.670 of NH-68,0,0,completed,0
618946,Roads & Highways,Ministry of Road Transport & Highways,national highways authority of india [nhai],Jharkhand,7.3002837349484615,1157.0,1492.0,99.5,56.0012,-43.4988,1,1,5.9782,365.0,0,1.2895419187554018,11.005256241787121,1,0.9855453350854139,0.5073333333333334,0,4L of Mehgama - Hansdiha from km. 41.900 to km. 93.000 of NH -133A Pkg-II,0,0,completed,0
618959,Roads & Highways,Ministry of Road Transport & Highways,national highways authority of india [nhai],Uttar Pradesh,6.926567219631883,578.0,974.0,100.0,95.1022,-4.8978,1,0,-58.0016,0.0,0,1.685121107266436,13.009198423127463,1,-13.009198423127463,,0,4L Prayagraj Greenfield By-pass from design Km 50860 near Nibi Kala Uperhar to design Km 64763 on NH-19 near Khodaypur Kasgaon including Interchange loop at NH-19,0,0,completed,0
619063,Roads & Highways,Ministry of Road Transport & Highways,national highways authority of india [nhai],Rajasthan,7.400712204205645,976.0,1492.0,100.0,55.5333,-44.4667,1,1,32.6523,546.0,0,1.528688524590164,16.95137976346912,1,0.9855453350854139,0.0,0,4L Greenfield spur from Delhi-Vadodara Greenfield expressway near Bandikui to Jaipur,0,0,completed,0
619067,Roads & Highways,Ministry of Road Transport & Highways,national highways authority of india [nhai],Gujarat,5.8794150432993595,911.0,3438.0,100.0,22.2945,-77.7055,1,1,29.8458,2557.0,0,3.773874862788145,83.01576872536137,1,0.9855453350854139,0.0,0,6L of Chiloda-Naroda section from Km. 540.595 to Km. 555.595 of NH-8Package-VII,0,0,completed,0
619070,Roads & Highways,Ministry of Road Transport & Highways,national highways authority of india [nhai],Karnataka,6.733401891837359,1340.0,5844.0,100.0,17.7487,-82.2513,1,1,-94.3456,4565.0,0,4.361194029850746,147.96320630749014,1,2.0039421813403417,0.0,0,Tumkur-Chitradurga,0,0,completed,0
619075,Roads & Highways,Ministry of Road Transport & Highways,national highways authority of india [nhai],Odisha,6.461936816524757,1977.0,6299.0,97.48,8.2526,-89.2274,1,1,-1.0027,4352.0,0,3.186140617096611,141.98423127463863,1,0.9855453350854139,2.556959999999996,0,6L of Bhubaneswar - Jagatpur - Chandikhole Section of NH-16,0,0,completed,0
619083,Roads & Highways,Ministry of Road Transport & Highways,national highways authority of india [nhai],Tamil Nadu,5.547245616835974,1341.0,7609.0,100.0,52.257,-47.743,1,1,54.749,6390.0,0,5.0,205.9132720105125,1,4.0078843626806835,0.0,0,Thumbipadi-Namakkal from km. 180.00 to km. 248.625 Package No. NS-2/BOT/TN- 02,0,0,completed,0
619084,Roads & Highways,Ministry of Road Transport & Highways,national highways authority of india [nhai],Tamil Nadu,6.136733039699226,1339.0,7548.0,100.0,8.2092,-91.7908,1,1,11.5895,6392.0,0,5.0,203.97503285151117,1,6.011826544021025,0.0,0,Start of Karur Bypass - Dindigul from km. 292.600 to km. 305.600 Contract Package No. NS2/BOT/TN-4,0,0,completed,0
619104,Roads & Highways,Ministry of Road Transport & Highways,national highways authority of india [nhai],"Multi-States (Jharkhand, West Bengal)",7.039353554338884,1370.0,3683.0,99.84,0.575,-99.265,1,0,1.3294,0.0,0,2.6883211678832115,75.9855453350854,1,-75.9855453350854,,0,4L/2L PS of Govindpur Raiganj - Chas - WB border section of from km. 0.00 to km. 56.889 of Old NH-32,0,0,completed,0
619121,Roads & Highways,Ministry of Road Transport & Highways,national highways authority of india [nhai],Karnataka,7.837155702106002,1339.0,3561.0,99.65,37.601,-62.049,1,1,42.9437,2252.0,0,2.659447348767737,72.99605781865965,1,0.9855453350854139,0.3551333333333276,0,4L of Hubli - Hospet Section of NH-63 from Km 128.850 to Km 272.571,0,0,completed,0
619122,Roads & Highways,Ministry of Road Transport & Highways,national highways authority of india [nhai],"Multi-States (Delhi, Uttar Pradesh)",7.299946004359694,1552.0,2038.0,100.0,90.9551,-9.0449,1,1,-0.167,516.0,0,1.3131443298969072,15.965834428383705,1,0.9855453350854139,0.0,0,Akshardham - DL/UP Border Pkg-01,0,0,completed,0
619137,Roads & Highways,Ministry of Road Transport & Highways,national highways authority of india [nhai],Gujarat,6.933120835826432,1308.0,2647.0,100.0,50.2922,-49.7078,1,1,71.1688,1369.0,0,2.0237003058103977,43.98817345597897,1,0.9855453350854139,0.0,0,4L of Dwarka-Khambaliya-Devariya section from km 203.500 to km 176.500 and from km 171.800 to km 125.000 of NH-151A,0,0,completed,0
619144,Roads & Highways,Ministry of Road Transport & Highways,national highways authority of india [nhai],Karnataka,7.326939185897898,1249.0,4049.0,100.0,9.3837,-90.6163,1,1,-74.5032,2861.0,0,3.241793434747798,91.98423127463863,1,2.0039421813403417,0.0,0,Hospet - Chitradurga from km. 299.00 to km. 418.750,0,0,completed,0
619146,Roads & Highways,Ministry of Road Transport & Highways,national highways authority of india [nhai],Gujarat,6.622111128555922,1308.0,3712.0,97.93,38.0223,-59.9077,1,1,27.3473,2434.0,0,2.837920489296636,78.97503285151117,1,0.9855453350854139,2.100359999999993,0,Kagvadar - Una Package-IV,0,0,completed,0
619147,Roads & Highways,Ministry of Road Transport & Highways,national highways authority of india [nhai],Gujarat,6.40370663949517,761.0,2069.0,99.71,99.3508,-0.3592,1,1,4.2134,1218.0,0,2.7187910643889617,42.96977660972404,1,-2.9566360052562417,,0,4L of Bal Works of Mahuva to Kagvadar from 100.450 Km. to 140.470 Km. of NH-8E Pkg- III,0,0,completed,0
619148,Roads & Highways,Ministry of Road Transport & Highways,national highways authority of india [nhai],Gujarat,7.0788979171846576,1248.0,3683.0,100.0,3.9593,-96.0407,1,0,13.2837,0.0,0,2.9511217948717947,79.99342969776609,1,-79.99342969776609,,0,4L of Bhavnagar - Talaja Package-I from Km. 6.945 to Km. 54.990 of Old NH-8E,0,0,completed,0
619209,Roads & Highways,Ministry of Road Transport & Highways,national highways authority of india [nhai],Maharashtra,7.44457608126519,943.0,1643.0,98.52,54.9346,-43.5854,1,1,19.8852,700.0,0,1.7423117709437963,22.996057818659658,1,0.0,,0,4L of existing 2/4L stretch from Lonand to Dive Ghat Km 166.400 to Km 220.900 of Mohol Alandi section of NH-965 Pkg - V,0,0,completed,0
619291,Roads & Highways,Ministry of Road Transport & Highways,nhai,"Multi-States (Himachal Pradesh, Uttarakhand)",6.2644263054030525,1157.0,1492.0,94.25,38.6235,-55.6265,1,1,25.3136,426.0,0,1.2895419187554018,11.005256241787121,1,2.9894875164257555,1.9234065934065934,0,4L Poanta SahebMednipur from Km. 435.65 to km. 458.65 of NH-07Pkg-1,0,0,completed,0
619320,Roads & Highways,Ministry of Road Transport & Highways,nhai,Bihar,7.7370579063231295,,,100.0,20.2808,-79.7192,1,1,0.8897,4595.0,0,,148.94875164257556,1,2.0039421813403417,0.0,1,Muzaffarpur - Sonbarsa Section of NH-77 from km 2.800 to km 89.000,0,0,completed,0
701105,Aviation & Aviation Infrastructure,Ministry of Civil Aviation,airport authority of india [aai],Goa,5.5478691311385475,1491.0,3073.0,100.0,61.2851,-38.7149,0,1,0.0,1582.0,0,2.0610328638497655,51.971090670170824,1,0.0,,0,Goa Airport Terminal Building Extension Project,0,0,completed,0
701263,Energy Storage,Ministry of Petroleum & Natural Gas,ministryofpetroleumnaturalgas,Rajasthan,10.671974089641889,1826.0,3104.0,91.9,87.0917,-4.8083,1,1,84.2357,1339.0,0,1.6998904709748084,41.98423127463863,1,2.0039421813403417,4.042032786885243,0,Rajasthan Refinery Project,0,0,completed,0
701343,Energy Storage,Ministry of Petroleum & Natural Gas,ministry of petroleum & natural gas,"Multi-States (Andhra Pradesh, Odisha)",7.885833250688059,1034.0,2404.0,97.6,82.3915,-15.2085,1,1,5.7051,1431.0,0,2.3249516441005804,45.006570302233904,1,2.0039421813403417,1.197639344262298,0,Srikakulam Angul Gas Pipeline Project,0,0,completed,0
701354,Unknown,Oil & Gas,ministry of petroleum & natural gas,"Multi-States (Chhattisgarh, Madhya Pradesh, Maharashtra, Odisha)",8.967663532090862,1064.0,2130.0,98.9,85.6463,-13.2537,1,1,5.2363,1127.0,0,2.0018796992481205,35.019710906701704,1,2.0039421813403417,0.5489180327868823,0,Mumbai Nagpur Jharsuguda Pipeline Project,0,0,completed,0
701406,Unknown,Water Resources,irrigation and cad-tg,Telangana,7.246368080102461,4627.0,6940.0,100.0,73.3071,-26.6929,1,1,79.0057,2282.0,0,1.499891938621137,75.9855453350854,1,-1.0183968462549278,,0,Rajiv Bhima Lift Irrigation Scheme,0,0,completed,0
702639,Unknown,Urban Public Transport,gujarat metro rail corporation limited [gmrcl],Gujarat,9.28489110324048,1216.0,4169.0,99.99,96.8753,-3.1147,1,1,19.9712,2983.0,0,3.4284539473684212,97.01051248357425,1,0.9855453350854139,0.010146666666671859,0,Ahmedabad Metro Rail Project [Phase-I],0,0,completed,0
702840,Unknown,Waste & Water,ministry of housing & urban affairs,Maharashtra,5.325689313343887,2311.0,3438.0,99.0,90.9949,-8.0051,0,1,0.0,1157.0,0,1.4876676763305927,37.023653088042046,1,0.9855453350854139,1.0146666666666668,0,Mira-Bhayandar Water Supply Infrastructure Project,0,0,completed,0
702851,Unknown,Waste & Water,ministry of housing & urban affairs,Maharashtra,5.467849148413597,2191.0,3318.0,95.0,93.5664,-1.4336,0,1,0.0,1157.0,0,1.5143769968051117,37.023653088042046,1,0.9855453350854139,5.073333333333333,0,Pune Water Supply Infrastructure Project,0,0,completed,0
702854,Unknown,Waste & Water,ministry of housing & urban affairs,Maharashtra,5.199822119798937,2191.0,3318.0,98.0,95.5504,-2.4496,0,1,0.0,1188.0,0,1.5143769968051117,37.023653088042046,1,2.0039421813403417,0.9980327868852459,0,Solapur Sewerage Management Infrastructure Project,0,0,completed,0
709757,Unknown,Oil & Gas,hindustan petroleum corporation limited,"Multi-States (Bihar, Jharkhand)",7.228388451573604,2922.0,1400.0,37.0,27.2455,-9.7545,0,0,0.0,0.0,0,0.4791238877481177,-50.0,0,50.0,1.26,0,"CGD Project in Banka, Dumka, Godda, Jamtara, Pakur, Sahibganj GA ID 11A.02",0,0,completed,0
709758,Unknown,Oil & Gas,hindustan petroleum corporation limited,West Bengal,7.874358824729881,2922.0,1400.0,36.3,14.7664,-21.5336,0,0,0.0,0.0,0,0.4791238877481177,-50.0,0,50.0,1.274,0,"CGD Project in Malda, Birbhum, Murshidabad, Dakshin Dinajpur GA ID 11A.03",0,0,completed,0
709760,Unknown,Oil & Gas,hindustan petroleum corporation limited,Maharashtra,5.484796933490655,669.0,669.0,85.0,62.9333,-22.0667,0,1,0.0,61.0,0,1.0,0.0,0,2.0039421813403417,7.485245901639344,0,HP TDAE Unit in Mumbai Refinery,0,0,completed,0
709782,Unknown,Oil & Gas,indian oil corporation limited [iocl],Maharashtra,5.111987788356544,1096.0,1339.0,97.8,61.5879,-36.2121,0,1,0.0,304.0,0,1.2217153284671534,7.982917214191852,1,2.0039421813403417,1.0978360655737718,0,ATF Pipeline from Jawaharlal Nehru Port Trust to Navi Mumbai International Airport,0,0,completed,0
900808,Unknown,Transmission & Distribution,power grid corporation of india limited [powergrid],"Multi-States (Andhra Pradesh, Telangana)",8.17412243235074,731.0,1247.0,99.69,99.5999,-0.0901,0,1,0.0,546.0,0,1.7058823529411764,16.95137976346912,1,0.9855453350854139,0.314546666666669,0,Transmission System for Kurnool Wind Energy Zone/ Solar Energy Zone Part-A and Part-B,0,0,completed,0
